mtllib CUAV_X25_MEGA_colored.mtl
# CUAV X25 MEGA — LCEDA 3D (mm)
# Origin: center XY, Z=0 bottom
g x25_body
usemtl x25_body
v -38.25000 -20.32500 6.50000
v -38.25000 -20.32500 19.00000
v -38.25000 -16.27500 9.10000
v -38.25000 -16.27500 13.90000
v -38.25000 -7.72500 9.10000
v -38.25000 -7.72500 13.90000
v -38.25000 -7.65000 9.10000
v -38.25000 -7.65000 13.50000
v -38.25000 -0.35000 9.10000
v -38.25000 -0.35000 13.50000
v -38.25000 0.55000 9.10000
v -38.25000 0.55000 13.50000
v -38.25000 7.72500 13.50000
v -38.25000 7.72500 13.90000
v -38.25000 16.27500 9.10000
v -38.25000 16.27500 13.90000
v -38.25000 20.32500 6.50000
v -38.25000 20.32500 19.00000
v -38.22950 -20.63830 6.50000
v -38.22950 -20.63830 19.00000
v -38.22950 20.63830 6.50000
v -38.22950 20.63830 19.00000
v -38.16820 -20.94620 6.50000
v -38.16820 -20.94620 19.00000
v -38.16820 20.94620 6.50000
v -38.16820 20.94620 19.00000
v -38.06730 -21.24340 6.50000
v -38.06730 -21.24340 19.00000
v -38.06730 21.24340 6.50000
v -38.06730 21.24340 19.00000
v -37.92850 -21.52500 6.50000
v -37.92850 -21.52500 19.00000
v -37.92850 21.52500 6.50000
v -37.92850 21.52500 19.00000
v -37.77500 -7.80000 17.40000
v -37.77500 -7.80000 19.00000
v -37.77500 9.00000 17.40000
v -37.77500 9.00000 19.00000
v -37.75400 -21.78600 6.50000
v -37.75400 -21.78600 19.00000
v -37.75400 21.78600 6.50000
v -37.75400 21.78600 19.00000
v -37.54710 -22.02210 6.50000
v -37.54710 -22.02210 19.00000
v -37.54710 22.02210 6.50000
v -37.54710 22.02210 19.00000
v -37.31100 -22.22900 6.50000
v -37.31100 -22.22900 19.00000
v -37.31100 22.22900 6.50000
v -37.31100 22.22900 19.00000
v -37.05000 -22.40350 6.50000
v -37.05000 -22.40350 19.00000
v -37.05000 22.40350 6.50000
v -37.05000 22.40350 19.00000
v -36.76840 -22.54230 6.50000
v -36.76840 -22.54230 19.00000
v -36.76840 22.54230 6.50000
v -36.76840 22.54230 19.00000
v -36.50000 -20.12500 17.40000
v -36.50000 -20.12500 19.00000
v -36.50000 -9.47500 17.40000
v -36.50000 -9.47500 19.00000
v -36.50000 9.87500 17.40000
v -36.50000 9.87500 19.00000
v -36.50000 20.52500 17.40000
v -36.50000 20.52500 19.00000
v -36.47120 -22.64320 6.50000
v -36.47120 -22.64320 19.00000
v -36.47120 22.64320 6.50000
v -36.47120 22.64320 19.00000
v -36.16330 -22.70450 6.50000
v -36.16330 -22.70450 19.00000
v -36.16330 22.70450 6.50000
v -36.16330 22.70450 19.00000
v -36.05000 -16.27500 9.10000
v -36.05000 -16.27500 13.90000
v -36.05000 -7.72500 9.10000
v -36.05000 -7.72500 13.90000
v -36.05000 -7.65000 9.10000
v -36.05000 -7.65000 13.50000
v -36.05000 -0.35000 9.10000
v -36.05000 -0.35000 13.50000
v -36.05000 0.55000 9.10000
v -36.05000 0.55000 13.50000
v -36.05000 7.72500 13.50000
v -36.05000 7.72500 13.90000
v -36.05000 16.27500 9.10000
v -36.05000 16.27500 13.90000
v -35.85000 -22.72500 6.50000
v -35.85000 -22.72500 19.00000
v -35.85000 22.72500 6.50000
v -35.85000 22.72500 19.00000
v -30.80000 -20.12500 17.40000
v -30.80000 -20.12500 19.00000
v -30.80000 -9.47500 17.40000
v -30.80000 -9.47500 19.00000
v -30.80000 9.87500 17.40000
v -30.80000 9.87500 19.00000
v -30.80000 20.52500 17.40000
v -30.80000 20.52500 19.00000
v -29.52500 -7.80000 17.40000
v -29.52500 -7.80000 19.00000
v -29.52500 9.00000 17.40000
v -29.52500 9.00000 19.00000
v -27.02500 -20.40000 17.40000
v -27.02500 -20.40000 19.00000
v -27.02500 -9.60000 17.40000
v -27.02500 -9.60000 19.00000
v -27.02500 8.80000 17.40000
v -27.02500 8.80000 19.00000
v -27.02500 19.80000 17.40000
v -27.02500 19.80000 19.00000
v -26.60000 -14.00000 6.50000
v -26.60000 -14.00000 17.40000
v -26.60000 14.00000 6.50000
v -26.60000 14.00000 17.40000
v -26.59060 -14.14360 6.50000
v -26.59060 -14.14360 17.40000
v -26.59060 -13.85640 6.50000
v -26.59060 -13.85640 17.40000
v -26.59060 13.85640 6.50000
v -26.59060 13.85640 17.40000
v -26.59060 14.14360 6.50000
v -26.59060 14.14360 17.40000
v -26.56250 -14.28470 6.50000
v -26.56250 -14.28470 17.40000
v -26.56250 -13.71530 6.50000
v -26.56250 -13.71530 17.40000
v -26.56250 13.71530 6.50000
v -26.56250 13.71530 17.40000
v -26.56250 14.28470 6.50000
v -26.56250 14.28470 17.40000
v -26.51630 -14.42100 6.50000
v -26.51630 -14.42100 17.40000
v -26.51630 -13.57900 6.50000
v -26.51630 -13.57900 17.40000
v -26.51630 13.57900 6.50000
v -26.51630 13.57900 17.40000
v -26.51630 14.42100 6.50000
v -26.51630 14.42100 17.40000
v -26.45260 -14.55000 6.50000
v -26.45260 -14.55000 17.40000
v -26.45260 -13.45000 6.50000
v -26.45260 -13.45000 17.40000
v -26.45260 13.45000 6.50000
v -26.45260 13.45000 17.40000
v -26.45260 14.55000 6.50000
v -26.45260 14.55000 17.40000
v -26.37270 -14.66960 6.50000
v -26.37270 -14.66960 17.40000
v -26.37270 -13.33040 6.50000
v -26.37270 -13.33040 17.40000
v -26.37270 13.33040 6.50000
v -26.37270 13.33040 17.40000
v -26.37270 14.66960 6.50000
v -26.37270 14.66960 17.40000
v -26.27780 -14.77780 6.50000
v -26.27780 -14.77780 17.40000
v -26.27780 -13.22220 6.50000
v -26.27780 -13.22220 17.40000
v -26.27780 13.22220 6.50000
v -26.27780 13.22220 17.40000
v -26.27780 14.77780 6.50000
v -26.27780 14.77780 17.40000
v -26.16960 -14.87270 6.50000
v -26.16960 -14.87270 17.40000
v -26.16960 -13.12730 6.50000
v -26.16960 -13.12730 17.40000
v -26.16960 13.12730 6.50000
v -26.16960 13.12730 17.40000
v -26.16960 14.87270 6.50000
v -26.16960 14.87270 17.40000
v -26.05000 -14.95260 6.50000
v -26.05000 -14.95260 17.40000
v -26.05000 -13.04740 6.50000
v -26.05000 -13.04740 17.40000
v -26.05000 13.04740 6.50000
v -26.05000 13.04740 17.40000
v -26.05000 14.95260 6.50000
v -26.05000 14.95260 17.40000
v -25.92100 -15.01630 6.50000
v -25.92100 -15.01630 17.40000
v -25.92100 -12.98370 6.50000
v -25.92100 -12.98370 17.40000
v -25.92100 12.98370 6.50000
v -25.92100 12.98370 17.40000
v -25.92100 15.01630 6.50000
v -25.92100 15.01630 17.40000
v -25.78470 -15.06250 6.50000
v -25.78470 -15.06250 17.40000
v -25.78470 -12.93750 6.50000
v -25.78470 -12.93750 17.40000
v -25.78470 12.93750 6.50000
v -25.78470 12.93750 17.40000
v -25.78470 15.06250 6.50000
v -25.78470 15.06250 17.40000
v -25.75000 -7.22500 17.40000
v -25.75000 -7.22500 19.00000
v -25.75000 8.42500 17.40000
v -25.75000 8.42500 19.00000
v -25.64360 -15.09060 6.50000
v -25.64360 -15.09060 17.40000
v -25.64360 -12.90940 6.50000
v -25.64360 -12.90940 17.40000
v -25.64360 12.90940 6.50000
v -25.64360 12.90940 17.40000
v -25.64360 15.09060 6.50000
v -25.64360 15.09060 17.40000
v -25.50000 -15.10000 6.50000
v -25.50000 -15.10000 17.40000
v -25.50000 -12.90000 6.50000
v -25.50000 -12.90000 17.40000
v -25.50000 12.90000 6.50000
v -25.50000 12.90000 17.40000
v -25.50000 15.10000 6.50000
v -25.50000 15.10000 17.40000
v -25.35640 -15.09060 6.50000
v -25.35640 -15.09060 17.40000
v -25.35640 -12.90940 6.50000
v -25.35640 -12.90940 17.40000
v -25.35640 12.90940 6.50000
v -25.35640 12.90940 17.40000
v -25.35640 15.09060 6.50000
v -25.35640 15.09060 17.40000
v -25.21530 -15.06250 6.50000
v -25.21530 -15.06250 17.40000
v -25.21530 -12.93750 6.50000
v -25.21530 -12.93750 17.40000
v -25.21530 12.93750 6.50000
v -25.21530 12.93750 17.40000
v -25.21530 15.06250 6.50000
v -25.21530 15.06250 17.40000
v -25.07900 -15.01630 6.50000
v -25.07900 -15.01630 17.40000
v -25.07900 -12.98370 6.50000
v -25.07900 -12.98370 17.40000
v -25.07900 12.98370 6.50000
v -25.07900 12.98370 17.40000
v -25.07900 15.01630 6.50000
v -25.07900 15.01630 17.40000
v -24.95000 -14.95260 6.50000
v -24.95000 -14.95260 17.40000
v -24.95000 -13.04740 6.50000
v -24.95000 -13.04740 17.40000
v -24.95000 13.04740 6.50000
v -24.95000 13.04740 17.40000
v -24.95000 14.95260 6.50000
v -24.95000 14.95260 17.40000
v -24.83040 -14.87270 6.50000
v -24.83040 -14.87270 17.40000
v -24.83040 -13.12730 6.50000
v -24.83040 -13.12730 17.40000
v -24.83040 13.12730 6.50000
v -24.83040 13.12730 17.40000
v -24.83040 14.87270 6.50000
v -24.83040 14.87270 17.40000
v -24.72220 -14.77780 6.50000
v -24.72220 -14.77780 17.40000
v -24.72220 -13.22220 6.50000
v -24.72220 -13.22220 17.40000
v -24.72220 13.22220 6.50000
v -24.72220 13.22220 17.40000
v -24.72220 14.77780 6.50000
v -24.72220 14.77780 17.40000
v -24.62730 -14.66960 6.50000
v -24.62730 -14.66960 17.40000
v -24.62730 -13.33040 6.50000
v -24.62730 -13.33040 17.40000
v -24.62730 13.33040 6.50000
v -24.62730 13.33040 17.40000
v -24.62730 14.66960 6.50000
v -24.62730 14.66960 17.40000
v -24.54740 -14.55000 6.50000
v -24.54740 -14.55000 17.40000
v -24.54740 -13.45000 6.50000
v -24.54740 -13.45000 17.40000
v -24.54740 13.45000 6.50000
v -24.54740 13.45000 17.40000
v -24.54740 14.55000 6.50000
v -24.54740 14.55000 17.40000
v -24.48370 -14.42100 6.50000
v -24.48370 -14.42100 17.40000
v -24.48370 -13.57900 6.50000
v -24.48370 -13.57900 17.40000
v -24.48370 13.57900 6.50000
v -24.48370 13.57900 17.40000
v -24.48370 14.42100 6.50000
v -24.48370 14.42100 17.40000
v -24.43750 -14.28470 6.50000
v -24.43750 -14.28470 17.40000
v -24.43750 -13.71530 6.50000
v -24.43750 -13.71530 17.40000
v -24.43750 13.71530 6.50000
v -24.43750 13.71530 17.40000
v -24.43750 14.28470 6.50000
v -24.43750 14.28470 17.40000
v -24.40940 -14.14360 6.50000
v -24.40940 -14.14360 17.40000
v -24.40940 -13.85640 6.50000
v -24.40940 -13.85640 17.40000
v -24.40940 13.85640 6.50000
v -24.40940 13.85640 17.40000
v -24.40940 14.14360 6.50000
v -24.40940 14.14360 17.40000
v -24.40000 -14.00000 6.50000
v -24.40000 -14.00000 17.40000
v -24.40000 14.00000 6.50000
v -24.40000 14.00000 17.40000
v -20.05000 -7.22500 17.40000
v -20.05000 -7.22500 19.00000
v -20.05000 8.42500 17.40000
v -20.05000 8.42500 19.00000
v -20.02500 20.52500 9.10000
v -20.02500 20.52500 13.90000
v -20.02500 22.72500 9.10000
v -20.02500 22.72500 13.90000
v -18.77500 -20.40000 17.40000
v -18.77500 -20.40000 19.00000
v -18.77500 -9.60000 17.40000
v -18.77500 -9.60000 19.00000
v -18.77500 8.80000 17.40000
v -18.77500 8.80000 19.00000
v -18.77500 19.80000 17.40000
v -18.77500 19.80000 19.00000
v -17.00000 -20.72500 19.00000
v -17.00000 -20.72500 26.00000
v -17.00000 20.52500 9.10000
v -17.00000 20.52500 13.90000
v -17.00000 20.72500 9.10000
v -17.00000 20.72500 13.90000
v -17.00000 20.72500 19.00000
v -17.00000 20.72500 26.00000
v -16.98630 -20.93380 19.00000
v -16.98630 -20.93380 26.00000
v -16.98630 20.93380 9.10000
v -16.98630 20.93380 13.90000
v -16.98630 20.93380 19.00000
v -16.98630 20.93380 26.00000
v -16.94550 -21.13910 19.00000
v -16.94550 -21.13910 26.00000
v -16.94550 21.13910 9.10000
v -16.94550 21.13910 13.90000
v -16.94550 21.13910 19.00000
v -16.94550 21.13910 26.00000
v -16.87820 -21.33730 19.00000
v -16.87820 -21.33730 26.00000
v -16.87820 21.33730 9.10000
v -16.87820 21.33730 13.90000
v -16.87820 21.33730 19.00000
v -16.87820 21.33730 26.00000
v -16.78560 -21.52500 19.00000
v -16.78560 -21.52500 26.00000
v -16.78560 21.52500 9.10000
v -16.78560 21.52500 13.90000
v -16.78560 21.52500 19.00000
v -16.78560 21.52500 26.00000
v -16.66940 -21.69900 19.00000
v -16.66940 -21.69900 26.00000
v -16.66940 21.69900 9.10000
v -16.66940 21.69900 13.90000
v -16.66940 21.69900 19.00000
v -16.66940 21.69900 26.00000
v -16.53140 -21.85640 19.00000
v -16.53140 -21.85640 26.00000
v -16.53140 21.85640 9.10000
v -16.53140 21.85640 13.90000
v -16.53140 21.85640 19.00000
v -16.53140 21.85640 26.00000
v -16.37400 -21.99440 19.00000
v -16.37400 -21.99440 26.00000
v -16.37400 21.99440 9.10000
v -16.37400 21.99440 13.90000
v -16.37400 21.99440 19.00000
v -16.37400 21.99440 26.00000
v -16.20000 -22.11060 19.00000
v -16.20000 -22.11060 26.00000
v -16.20000 22.11060 9.10000
v -16.20000 22.11060 13.90000
v -16.20000 22.11060 19.00000
v -16.20000 22.11060 26.00000
v -16.01230 -22.20320 19.00000
v -16.01230 -22.20320 26.00000
v -16.01230 22.20320 9.10000
v -16.01230 22.20320 13.90000
v -16.01230 22.20320 19.00000
v -16.01230 22.20320 26.00000
v -15.81410 -22.27050 19.00000
v -15.81410 -22.27050 26.00000
v -15.81410 22.27050 9.10000
v -15.81410 22.27050 13.90000
v -15.81410 22.27050 19.00000
v -15.81410 22.27050 26.00000
v -15.65000 -22.72500 9.10000
v -15.65000 -22.72500 13.50000
v -15.65000 -22.30310 9.10000
v -15.65000 -22.30310 13.50000
v -15.60880 -22.31130 9.10000
v -15.60880 -22.31130 13.50000
v -15.60880 -22.31130 19.00000
v -15.60880 -22.31130 26.00000
v -15.60880 22.31130 9.10000
v -15.60880 22.31130 13.90000
v -15.60880 22.31130 19.00000
v -15.60880 22.31130 26.00000
v -15.40000 -22.32500 9.10000
v -15.40000 -22.32500 13.50000
v -15.40000 -22.32500 19.00000
v -15.40000 -22.32500 26.00000
v -15.40000 22.32500 9.10000
v -15.40000 22.32500 13.90000
v -15.40000 22.32500 19.00000
v -15.40000 22.32500 26.00000
v -8.97500 22.32500 9.10000
v -8.97500 22.32500 13.90000
v -8.97500 22.72500 9.10000
v -8.97500 22.72500 13.90000
v -8.35000 -22.72500 9.10000
v -8.35000 -22.72500 13.50000
v -8.35000 -22.32500 9.10000
v -8.35000 -22.32500 13.50000
v -7.77500 -22.72500 9.10000
v -7.77500 -22.72500 13.90000
v -7.77500 -22.32500 9.10000
v -7.77500 -22.32500 13.90000
v -4.40000 22.32500 9.20000
v -4.40000 22.32500 13.00000
v -4.40000 22.72500 9.20000
v -4.40000 22.72500 13.00000
v 5.40000 22.32500 9.20000
v 5.40000 22.32500 13.00000
v 5.40000 22.72500 9.20000
v 5.40000 22.72500 13.00000
v 5.77500 -22.72500 9.10000
v 5.77500 -22.72500 13.90000
v 5.77500 -22.32500 9.10000
v 5.77500 -22.32500 13.90000
v 10.22500 20.52500 9.10000
v 10.22500 20.52500 13.90000
v 10.22500 22.72500 9.10000
v 10.22500 22.72500 13.90000
v 10.97500 -22.72500 9.10000
v 10.97500 -22.72500 13.90000
v 10.97500 -20.52500 9.10000
v 10.97500 -20.52500 13.90000
v 18.77500 20.52500 9.10000
v 18.77500 20.52500 13.90000
v 18.77500 22.72500 9.10000
v 18.77500 22.72500 13.90000
v 22.02500 -22.72500 9.10000
v 22.02500 -22.72500 13.90000
v 22.02500 -20.52500 9.10000
v 22.02500 -20.52500 13.90000
v 35.85000 -22.72500 6.50000
v 35.85000 -22.72500 19.00000
v 35.85000 22.72500 6.50000
v 35.85000 22.72500 19.00000
v 35.90000 -20.85000 19.00000
v 35.90000 -20.85000 25.50000
v 35.90000 20.85000 19.00000
v 35.90000 20.85000 25.50000
v 36.16330 -22.70450 6.50000
v 36.16330 -22.70450 19.00000
v 36.16330 22.70450 6.50000
v 36.16330 22.70450 19.00000
v 36.47120 -22.64320 6.50000
v 36.47120 -22.64320 19.00000
v 36.47120 22.64320 6.50000
v 36.47120 22.64320 19.00000
v 36.65000 -22.32500 19.00000
v 36.65000 -22.32500 26.00000
v 36.65000 22.32500 19.00000
v 36.65000 22.32500 26.00000
v 36.76840 -22.54230 6.50000
v 36.76840 -22.54230 19.00000
v 36.76840 22.54230 6.50000
v 36.76840 22.54230 19.00000
v 36.85880 -22.31130 19.00000
v 36.85880 -22.31130 26.00000
v 36.85880 22.31130 19.00000
v 36.85880 22.31130 26.00000
v 37.05000 -22.40350 6.50000
v 37.05000 -22.40350 19.00000
v 37.05000 22.40350 6.50000
v 37.05000 22.40350 19.00000
v 37.06410 -22.27050 19.00000
v 37.06410 -22.27050 26.00000
v 37.06410 22.27050 19.00000
v 37.06410 22.27050 26.00000
v 37.26230 -22.20320 19.00000
v 37.26230 -22.20320 26.00000
v 37.26230 22.20320 19.00000
v 37.26230 22.20320 26.00000
v 37.31100 -22.22900 6.50000
v 37.31100 -22.22900 19.00000
v 37.31100 22.22900 6.50000
v 37.31100 22.22900 19.00000
v 37.44100 -22.11510 6.50000
v 37.44100 -22.11510 19.00000
v 37.44100 22.11510 6.50000
v 37.44100 22.11510 19.00000
v 37.45000 -22.11060 6.50000
v 37.45000 -22.11060 26.00000
v 37.45000 22.11060 6.50000
v 37.45000 22.11060 26.00000
v 37.62400 -21.99440 6.50000
v 37.62400 -21.99440 26.00000
v 37.62400 21.99440 6.50000
v 37.62400 21.99440 26.00000
v 37.78140 -21.85640 6.50000
v 37.78140 -21.85640 26.00000
v 37.78140 21.85640 6.50000
v 37.78140 21.85640 26.00000
v 37.91940 -21.69900 6.50000
v 37.91940 -21.69900 26.00000
v 37.91940 21.69900 6.50000
v 37.91940 21.69900 26.00000
v 38.03560 -21.52500 6.50000
v 38.03560 -21.52500 26.00000
v 38.03560 21.52500 6.50000
v 38.03560 21.52500 26.00000
v 38.12820 -21.33730 6.50000
v 38.12820 -21.33730 26.00000
v 38.12820 21.33730 6.50000
v 38.12820 21.33730 26.00000
v 38.18740 -20.85000 15.48000
v 38.18740 -20.85000 19.00000
v 38.18740 20.85000 15.48000
v 38.18740 20.85000 19.00000
v 38.19550 -21.13910 6.50000
v 38.19550 -21.13910 26.00000
v 38.19550 21.13910 6.50000
v 38.19550 21.13910 26.00000
v 38.22950 -20.63830 15.48000
v 38.22950 -20.63830 19.00000
v 38.22950 20.63830 15.48000
v 38.22950 20.63830 19.00000
v 38.23630 -20.93380 6.50000
v 38.23630 -20.93380 26.00000
v 38.23630 20.93380 6.50000
v 38.23630 20.93380 26.00000
v 38.24180 -20.85000 15.48000
v 38.24180 -20.85000 25.50000
v 38.24180 20.85000 15.48000
v 38.24180 20.85000 25.50000
v 38.25000 -20.72500 6.50000
v 38.25000 -20.72500 15.48000
v 38.25000 -20.72500 25.50000
v 38.25000 -20.72500 26.00000
v 38.25000 -20.32500 15.48000
v 38.25000 -20.32500 19.00000
v 38.25000 20.32500 15.48000
v 38.25000 20.32500 19.00000
v 38.25000 20.72500 6.50000
v 38.25000 20.72500 15.48000
v 38.25000 20.72500 25.50000
v 38.25000 20.72500 26.00000
f 291 299 292
f 300 292 299
f 299 305 300
f 306 300 305
f 228 227 236
f 235 236 227
f 202 201 190
f 189 190 201
f 166 165 158
f 157 158 165
f 265 257 266
f 258 266 257
f 136 128 135
f 127 135 128
f 234 233 226
f 225 226 233
f 184 183 192
f 191 192 183
f 252 251 260
f 259 260 251
f 114 118 113
f 117 113 118
f 210 209 202
f 201 202 209
f 297 289 298
f 290 298 289
f 259 267 260
f 268 260 267
f 128 120 127
f 119 127 120
f 281 273 282
f 274 282 273
f 126 134 125
f 133 125 134
f 212 211 220
f 219 220 211
f 118 126 117
f 125 117 126
f 220 219 228
f 227 228 219
f 150 158 149
f 157 149 158
f 160 159 168
f 167 168 159
f 144 136 143
f 135 143 136
f 273 265 274
f 266 274 265
f 267 275 268
f 276 268 275
f 258 257 250
f 249 250 257
f 142 150 141
f 149 141 150
f 305 297 306
f 298 306 297
f 192 191 204
f 203 204 191
f 244 243 252
f 251 252 243
f 236 235 244
f 243 244 235
f 134 142 133
f 141 133 142
f 204 203 212
f 211 212 203
f 275 283 276
f 284 276 283
f 218 217 210
f 209 210 217
f 226 225 218
f 217 218 225
f 160 152 159
f 151 159 152
f 283 291 284
f 292 284 291
f 250 249 242
f 241 242 249
f 289 281 290
f 282 290 281
f 120 114 119
f 113 119 114
f 190 189 182
f 181 182 189
f 176 175 184
f 183 184 175
f 242 241 234
f 233 234 241
f 182 181 174
f 173 174 181
f 168 167 176
f 175 176 167
f 152 144 151
f 143 151 144
f 174 173 166
f 165 166 173
f 222 221 214
f 213 214 221
f 295 303 296
f 304 296 303
f 303 307 304
f 308 304 307
f 301 293 302
f 294 302 293
f 224 223 232
f 231 232 223
f 293 285 294
f 286 294 285
f 216 215 224
f 223 224 215
f 206 205 194
f 193 194 205
f 188 187 196
f 195 196 187
f 262 261 254
f 253 254 261
f 164 163 172
f 171 172 163
f 172 171 180
f 179 180 171
f 279 287 280
f 288 280 287
f 230 229 222
f 221 222 229
f 246 245 238
f 237 238 245
f 238 237 230
f 229 230 237
f 116 122 115
f 121 115 122
f 254 253 246
f 245 246 253
f 170 169 162
f 161 162 169
f 154 162 153
f 161 153 162
f 132 124 131
f 123 131 124
f 271 279 272
f 280 272 279
f 130 138 129
f 137 129 138
f 307 301 308
f 302 308 301
f 240 239 248
f 247 248 239
f 269 261 270
f 262 270 261
f 263 271 264
f 272 264 271
f 248 247 256
f 255 256 247
f 285 277 286
f 278 286 277
f 277 269 278
f 270 278 269
f 156 148 155
f 147 155 148
f 148 140 147
f 139 147 140
f 196 195 208
f 207 208 195
f 256 255 264
f 263 264 255
f 214 213 206
f 205 206 213
f 287 295 288
f 296 288 295
f 146 154 145
f 153 145 154
f 164 156 163
f 155 163 156
f 208 207 216
f 215 216 207
f 122 130 121
f 129 121 130
f 180 179 188
f 187 188 179
f 232 231 240
f 239 240 231
f 124 116 123
f 115 123 116
f 140 132 139
f 131 139 132
f 194 193 186
f 185 186 193
f 186 185 178
f 177 178 185
f 178 177 170
f 169 170 177
f 138 146 137
f 145 137 146
f 99 97 100
f 98 100 97
f 99 65 97
f 63 97 65
f 66 64 65
f 63 65 64
f 66 65 100
f 99 100 65
f 98 97 64
f 63 64 97
f 103 101 104
f 102 104 101
f 103 37 101
f 35 101 37
f 38 36 37
f 35 37 36
f 38 37 104
f 103 104 37
f 102 101 36
f 35 36 101
f 95 93 96
f 94 96 93
f 95 61 93
f 59 93 61
f 62 60 61
f 59 61 60
f 62 61 96
f 95 96 61
f 94 93 60
f 59 60 93
f 323 321 324
f 322 324 321
f 321 323 308
f 308 323 304
f 304 323 296
f 296 323 288
f 288 323 280
f 280 323 272
f 272 323 264
f 264 323 256
f 256 323 248
f 323 111 248
f 240 248 111
f 232 240 111
f 224 232 111
f 216 224 111
f 208 216 111
f 196 208 111
f 188 196 111
f 116 124 111
f 124 132 111
f 132 140 111
f 140 148 111
f 148 156 111
f 156 164 111
f 164 172 111
f 172 180 111
f 180 188 111
f 308 302 321
f 302 294 321
f 294 286 321
f 286 278 321
f 278 270 321
f 270 262 321
f 262 254 321
f 254 246 321
f 238 109 246
f 230 109 238
f 222 109 230
f 214 109 222
f 206 109 214
f 194 109 206
f 186 109 194
f 178 109 186
f 111 109 116
f 321 246 109
f 178 170 109
f 170 162 109
f 162 154 109
f 154 146 109
f 146 138 109
f 138 130 109
f 130 122 109
f 122 116 109
f 112 110 111
f 109 111 110
f 112 111 324
f 323 324 111
f 322 321 110
f 109 110 321
f 311 309 312
f 310 312 309
f 311 199 309
f 197 309 199
f 200 198 199
f 197 199 198
f 200 199 312
f 311 312 199
f 310 309 198
f 197 198 309
f 319 317 320
f 318 320 317
f 306 298 319
f 306 319 300
f 300 319 292
f 292 319 284
f 284 319 276
f 276 319 268
f 268 319 260
f 260 319 252
f 252 319 244
f 319 107 244
f 236 244 107
f 228 236 107
f 220 228 107
f 212 220 107
f 204 212 107
f 192 204 107
f 114 120 107
f 120 128 107
f 128 136 107
f 136 144 107
f 144 152 107
f 152 160 107
f 160 168 107
f 168 176 107
f 176 184 107
f 184 192 107
f 317 319 298
f 298 290 317
f 290 282 317
f 282 274 317
f 274 266 317
f 266 258 317
f 258 250 317
f 250 242 317
f 234 105 242
f 226 105 234
f 218 105 226
f 210 105 218
f 202 105 210
f 190 105 202
f 182 105 190
f 174 105 182
f 166 105 174
f 107 105 114
f 317 242 105
f 166 158 105
f 158 150 105
f 150 142 105
f 142 134 105
f 134 126 105
f 126 118 105
f 118 114 105
f 108 106 107
f 105 107 106
f 108 107 320
f 319 320 107
f 318 317 106
f 105 106 317
f 419 417 420
f 418 420 417
f 420 418 406
f 418 394 406
f 406 394 398
f 396 398 394
f 419 405 417
f 417 405 393
f 405 397 393
f 395 393 397
f 396 394 395
f 393 395 394
f 435 433 436
f 434 436 433
f 434 422 436
f 424 436 422
f 435 423 433
f 421 433 423
f 424 422 423
f 421 423 422
f 451 449 452
f 450 452 449
f 450 442 452
f 444 452 442
f 451 443 449
f 441 449 443
f 444 442 443
f 441 443 442
f 444 443 452
f 451 452 443
f 415 413 416
f 414 416 413
f 330 328 314
f 414 410 416
f 330 314 336
f 336 314 342
f 314 316 342
f 348 342 316
f 354 348 316
f 360 354 316
f 366 360 316
f 372 366 316
f 378 372 316
f 416 410 316
f 410 402 316
f 402 390 316
f 390 384 316
f 384 378 316
f 413 415 409
f 415 315 409
f 409 315 401
f 401 315 389
f 389 315 383
f 383 315 377
f 377 315 371
f 371 315 365
f 365 315 359
f 359 315 353
f 353 315 347
f 347 315 341
f 315 313 341
f 335 341 313
f 329 335 313
f 327 329 313
f 316 314 315
f 313 315 314
f 328 327 314
f 313 314 327
f 431 429 432
f 430 432 429
f 430 426 432
f 428 432 426
f 431 427 429
f 425 429 427
f 428 426 427
f 425 427 426
f 447 445 448
f 446 448 445
f 446 438 448
f 440 448 438
f 447 439 445
f 437 445 439
f 440 438 439
f 437 439 438
f 446 445 438
f 437 438 445
f 88 87 85
f 87 83 85
f 84 85 83
f 86 88 85
f 86 14 88
f 16 88 14
f 87 15 83
f 11 83 15
f 16 15 88
f 87 88 15
f 86 85 14
f 13 14 85
f 84 12 85
f 13 85 12
f 84 83 12
f 11 12 83
f 81 79 82
f 80 82 79
f 80 8 82
f 10 82 8
f 81 9 79
f 7 79 9
f 10 9 82
f 81 82 9
f 80 79 8
f 7 8 79
f 77 75 78
f 76 78 75
f 76 4 78
f 6 78 4
f 77 5 75
f 3 75 5
f 6 5 78
f 77 78 5
f 76 75 4
f 3 4 75
f 45 41 46
f 42 46 41
f 92 91 74
f 73 74 91
f 468 467 464
f 463 464 467
f 48 47 52
f 51 52 47
f 1 19 2
f 20 2 19
f 14 13 12
f 15 16 17
f 15 17 11
f 12 11 9
f 11 17 9
f 17 1 9
f 8 7 5
f 7 9 1
f 5 7 1
f 4 3 1
f 3 5 1
f 18 17 16
f 16 14 18
f 14 12 18
f 9 10 12
f 12 10 18
f 8 6 10
f 5 6 8
f 6 2 10
f 4 2 6
f 18 10 2
f 1 2 4
f 72 71 90
f 89 90 71
f 434 433 442
f 441 442 433
f 422 434 90
f 422 90 394
f 90 89 394
f 393 89 417
f 421 417 89
f 433 421 89
f 89 453 433
f 441 433 453
f 393 394 89
f 454 90 434
f 434 442 454
f 442 450 454
f 449 453 450
f 454 450 453
f 449 441 453
f 394 418 422
f 417 421 418
f 422 418 421
f 550 534 549
f 533 549 534
f 466 465 474
f 473 474 465
f 464 463 456
f 455 456 463
f 96 102 62
f 62 2 60
f 2 20 60
f 56 60 52
f 52 60 48
f 48 60 44
f 102 36 62
f 36 2 62
f 36 38 18
f 18 2 36
f 30 18 34
f 44 60 40
f 26 18 30
f 40 60 32
f 22 18 26
f 32 60 28
f 28 60 24
f 24 60 20
f 104 110 98
f 98 64 104
f 54 50 66
f 50 46 66
f 46 42 66
f 34 66 42
f 104 64 38
f 34 18 66
f 38 64 18
f 66 18 64
f 312 310 322
f 312 322 200
f 198 200 110
f 322 110 200
f 500 496 491
f 496 484 491
f 487 491 484
f 487 484 479
f 484 476 479
f 479 476 471
f 476 468 471
f 468 464 471
f 464 456 471
f 471 456 411
f 324 322 331
f 331 337 324
f 337 343 324
f 343 349 324
f 349 355 324
f 355 361 324
f 367 112 361
f 324 361 112
f 367 373 112
f 373 379 112
f 385 92 379
f 391 92 385
f 112 98 110
f 104 102 110
f 108 110 102
f 100 98 112
f 112 379 100
f 403 92 391
f 456 92 411
f 411 92 403
f 100 379 92
f 74 66 92
f 70 66 74
f 100 92 66
f 58 54 66
f 70 58 66
f 498 489 494
f 485 482 489
f 494 489 482
f 485 477 482
f 482 477 474
f 477 469 474
f 474 469 466
f 466 469 462
f 462 469 454
f 469 407 454
f 325 331 322
f 322 320 325
f 320 318 325
f 333 325 318
f 333 318 339
f 339 318 345
f 345 318 351
f 351 318 357
f 357 318 363
f 363 318 369
f 318 106 369
f 375 369 106
f 375 106 381
f 106 90 381
f 387 381 90
f 102 96 108
f 96 94 108
f 106 108 94
f 94 90 106
f 454 407 90
f 407 399 90
f 399 387 90
f 94 60 90
f 72 90 60
f 68 72 60
f 56 68 60
f 320 322 310
f 310 198 320
f 320 198 108
f 110 108 198
f 536 459 552
f 550 552 459
f 528 459 536
f 459 457 550
f 534 550 457
f 526 534 457
f 29 25 30
f 26 30 25
f 31 39 32
f 40 32 39
f 54 53 50
f 49 50 53
f 454 453 462
f 461 462 453
f 21 17 22
f 18 22 17
f 474 473 482
f 481 482 473
f 50 49 46
f 45 46 49
f 23 27 24
f 28 24 27
f 41 33 42
f 34 42 33
f 416 440 432
f 440 439 432
f 427 431 439
f 431 432 439
f 448 440 456
f 456 455 448
f 447 455 439
f 415 439 455
f 91 415 455
f 447 448 455
f 92 456 440
f 440 416 92
f 416 316 92
f 315 91 316
f 92 316 91
f 315 415 91
f 432 428 416
f 427 415 428
f 416 428 415
f 439 415 427
f 70 69 58
f 57 58 69
f 25 21 26
f 22 26 21
f 484 483 476
f 475 476 483
f 33 29 34
f 30 34 29
f 44 43 48
f 47 48 43
f 534 526 533
f 525 533 526
f 19 23 20
f 24 20 23
f 556 548 555
f 547 555 548
f 551 552 550
f 554 551 553
f 550 549 551
f 553 551 549
f 546 545 549
f 553 549 545
f 476 475 468
f 467 468 475
f 68 67 72
f 71 72 67
f 56 55 68
f 67 68 55
f 27 31 28
f 32 28 31
f 462 461 466
f 465 466 461
f 74 73 70
f 69 70 73
f 39 43 40
f 44 40 43
f 536 552 535
f 551 535 552
f 58 57 54
f 53 54 57
f 52 51 56
f 55 56 51
f 500 499 496
f 495 496 499
f 494 493 498
f 497 498 493
f 482 481 494
f 493 494 481
f 291 283 453
f 307 455 301
f 455 453 283
f 301 455 293
f 283 285 455
f 293 455 285
f 283 275 285
f 285 275 277
f 275 267 277
f 277 267 269
f 267 259 269
f 269 259 261
f 259 251 261
f 261 251 253
f 251 243 253
f 253 243 245
f 243 235 245
f 245 235 237
f 235 227 237
f 237 227 229
f 227 219 229
f 229 219 221
f 219 211 221
f 221 211 213
f 211 203 213
f 213 203 205
f 203 191 205
f 205 191 193
f 191 183 193
f 193 183 185
f 183 175 185
f 185 175 177
f 175 167 177
f 177 167 169
f 167 159 169
f 169 159 161
f 159 151 161
f 161 151 153
f 143 1 151
f 153 151 1
f 135 1 143
f 1 17 153
f 127 1 135
f 145 153 17
f 119 1 127
f 137 145 17
f 113 1 119
f 129 137 17
f 537 501 545
f 553 545 453
f 529 501 537
f 453 455 553
f 521 501 529
f 455 499 553
f 517 501 521
f 539 553 499
f 513 501 517
f 531 539 499
f 509 501 513
f 523 531 499
f 505 501 509
f 519 523 499
f 545 501 497
f 515 519 499
f 497 453 545
f 511 515 499
f 493 481 497
f 503 511 499
f 453 497 481
f 503 507 511
f 473 453 481
f 455 483 499
f 465 453 473
f 495 499 483
f 461 453 465
f 475 483 455
f 467 475 455
f 463 467 455
f 305 299 453
f 305 453 297
f 297 453 289
f 289 453 281
f 281 453 273
f 273 453 265
f 265 453 257
f 257 453 249
f 249 453 241
f 453 89 241
f 233 241 89
f 225 233 89
f 217 225 89
f 209 217 89
f 113 117 1
f 117 125 1
f 125 133 1
f 89 1 133
f 133 141 89
f 141 149 89
f 149 157 89
f 157 165 89
f 165 173 89
f 173 181 89
f 181 189 89
f 189 201 89
f 201 209 89
f 299 291 453
f 307 303 455
f 303 295 455
f 295 287 455
f 287 279 455
f 279 271 455
f 271 263 455
f 263 255 455
f 255 247 455
f 239 91 247
f 231 91 239
f 223 91 231
f 215 91 223
f 207 91 215
f 121 129 17
f 115 121 17
f 455 247 91
f 207 195 91
f 195 187 91
f 187 179 91
f 179 171 91
f 171 163 91
f 163 155 91
f 155 147 91
f 147 139 91
f 131 17 139
f 123 115 17
f 71 1 89
f 131 123 17
f 67 1 71
f 91 139 17
f 55 1 67
f 73 91 17
f 51 1 55
f 69 73 17
f 47 1 51
f 57 69 17
f 43 1 47
f 53 57 17
f 39 1 43
f 49 53 17
f 31 1 39
f 45 49 17
f 27 1 31
f 41 45 17
f 23 1 27
f 33 41 17
f 19 1 23
f 29 33 17
f 25 29 17
f 21 25 17
f 496 495 484
f 483 484 495
f 528 536 527
f 535 527 536
f 542 458 547
f 555 547 458
f 458 460 555
f 544 555 460
f 549 533 546
f 533 525 546
f 541 546 525
f 543 527 554
f 551 554 535
f 535 554 527
f 460 458 459
f 457 459 458
f 460 459 544
f 459 528 544
f 527 543 528
f 544 528 543
f 458 542 526
f 542 541 526
f 525 526 541
f 457 458 526
f 478 477 486
f 485 486 477
f 492 504 500
f 504 503 500
f 499 500 503
f 491 492 500
f 472 471 412
f 411 412 471
f 414 413 410
f 409 410 413
f 430 429 426
f 425 426 429
f 388 387 400
f 399 400 387
f 396 395 398
f 397 398 395
f 508 507 504
f 503 504 507
f 490 489 502
f 489 498 502
f 497 501 498
f 502 498 501
f 331 325 332
f 326 332 325
f 329 327 330
f 328 330 327
f 488 487 480
f 479 480 487
f 386 385 380
f 379 380 385
f 384 383 378
f 377 378 383
f 408 407 470
f 469 470 407
f 406 405 420
f 419 420 405
f 424 423 436
f 435 436 423
f 376 375 382
f 381 382 375
f 339 345 340
f 346 340 345
f 404 403 392
f 391 392 403
f 402 401 390
f 389 390 401
f 470 469 478
f 477 478 469
f 506 505 510
f 509 510 505
f 547 548 542
f 541 542 538
f 548 538 542
f 546 541 545
f 545 541 537
f 538 537 541
f 522 518 521
f 517 521 518
f 520 524 519
f 523 519 524
f 480 479 472
f 471 472 479
f 325 333 326
f 334 326 333
f 524 532 523
f 531 523 532
f 538 530 537
f 529 537 530
f 380 379 374
f 373 374 379
f 378 377 372
f 371 372 377
f 367 361 368
f 362 368 361
f 365 359 366
f 360 366 359
f 349 343 350
f 344 350 343
f 347 341 348
f 342 348 341
f 512 511 508
f 507 508 511
f 492 491 488
f 487 488 491
f 374 373 368
f 367 368 373
f 372 371 366
f 365 366 371
f 337 331 338
f 332 338 331
f 335 329 336
f 330 336 329
f 400 399 408
f 407 408 399
f 398 397 406
f 405 406 397
f 370 369 376
f 375 376 369
f 361 355 362
f 356 362 355
f 359 353 360
f 354 360 353
f 518 514 517
f 513 517 514
f 486 485 490
f 489 490 485
f 364 363 370
f 369 370 363
f 345 351 346
f 352 346 351
f 544 543 540
f 540 556 544
f 555 544 556
f 539 540 543
f 543 554 539
f 553 539 554
f 392 391 386
f 385 386 391
f 390 389 384
f 383 384 389
f 343 337 344
f 338 344 337
f 341 335 342
f 336 342 335
f 502 501 506
f 505 506 501
f 514 510 513
f 509 513 510
f 412 411 404
f 403 404 411
f 410 409 402
f 401 402 409
f 512 516 511
f 515 511 516
f 530 522 529
f 521 529 522
f 382 381 388
f 387 388 381
f 333 339 334
f 340 334 339
f 351 357 352
f 358 352 357
f 357 363 358
f 364 358 363
f 355 349 356
f 350 356 349
f 353 347 354
f 348 354 347
f 532 540 531
f 539 531 540
f 516 520 515
f 519 515 520
f 540 472 556
f 548 556 472
f 532 472 540
f 472 470 548
f 524 472 532
f 538 548 470
f 520 472 524
f 530 538 470
f 516 472 520
f 522 530 470
f 512 472 516
f 518 522 470
f 508 472 512
f 514 518 470
f 504 472 508
f 510 514 470
f 492 472 504
f 506 510 470
f 488 472 492
f 502 506 470
f 480 472 488
f 490 502 470
f 486 490 470
f 478 486 470
f 472 412 470
f 470 412 408
f 404 332 412
f 408 412 332
f 392 332 404
f 332 326 408
f 386 332 392
f 400 408 326
f 380 332 386
f 388 400 326
f 374 332 380
f 382 388 326
f 368 332 374
f 376 382 326
f 362 332 368
f 370 376 326
f 356 332 362
f 364 370 326
f 350 332 356
f 358 364 326
f 344 332 350
f 352 358 326
f 338 332 344
f 346 352 326
f 340 346 326
f 334 340 326
g x25_core
usemtl x25_core
v -18.50000 -16.70000 6.50000
v -18.50000 -16.70000 37.70000
v -18.50000 16.70000 6.50000
v -18.50000 16.70000 37.70000
v -18.48460 -16.93490 6.50000
v -18.48460 -16.93490 37.70000
v -18.48460 16.93490 6.50000
v -18.48460 16.93490 37.70000
v -18.43870 -17.16590 6.50000
v -18.43870 -17.16590 37.70000
v -18.43870 17.16590 6.50000
v -18.43870 17.16590 37.70000
v -18.36300 -17.38880 6.50000
v -18.36300 -17.38880 37.70000
v -18.36300 17.38880 6.50000
v -18.36300 17.38880 37.70000
v -18.25880 -17.60000 6.50000
v -18.25880 -17.60000 37.70000
v -18.25880 17.60000 6.50000
v -18.25880 17.60000 37.70000
v -18.12800 -17.79580 6.50000
v -18.12800 -17.79580 37.70000
v -18.12800 17.79580 6.50000
v -18.12800 17.79580 37.70000
v -17.97280 -17.97280 6.50000
v -17.97280 -17.97280 37.70000
v -17.97280 17.97280 6.50000
v -17.97280 17.97280 37.70000
v -17.79580 -18.12800 6.50000
v -17.79580 -18.12800 37.70000
v -17.79580 18.12800 6.50000
v -17.79580 18.12800 37.70000
v -17.70000 -16.50000 38.70000
v -17.70000 16.50000 38.70000
v -17.68970 -16.65660 38.70000
v -17.68970 16.65660 38.70000
v -17.65910 -16.81060 38.70000
v -17.65910 16.81060 38.70000
v -17.60870 -16.95920 38.70000
v -17.60870 16.95920 38.70000
v -17.60000 -18.25880 6.50000
v -17.60000 -18.25880 37.70000
v -17.60000 18.25880 6.50000
v -17.60000 18.25880 37.70000
v -17.53920 -17.10000 38.70000
v -17.53920 17.10000 38.70000
v -17.45200 -17.23050 38.70000
v -17.45200 17.23050 38.70000
v -17.38880 -18.36300 6.50000
v -17.38880 -18.36300 37.70000
v -17.38880 18.36300 6.50000
v -17.38880 18.36300 37.70000
v -17.34850 -17.34850 38.70000
v -17.34850 17.34850 38.70000
v -17.23050 -17.45200 38.70000
v -17.23050 17.45200 38.70000
v -17.16590 -18.43870 6.50000
v -17.16590 -18.43870 37.70000
v -17.16590 18.43870 6.50000
v -17.16590 18.43870 37.70000
v -17.10000 -17.53920 38.70000
v -17.10000 17.53920 38.70000
v -16.95920 -17.60870 38.70000
v -16.95920 17.60870 38.70000
v -16.93490 -18.48460 6.50000
v -16.93490 -18.48460 37.70000
v -16.93490 18.48460 6.50000
v -16.93490 18.48460 37.70000
v -16.81060 -17.65910 38.70000
v -16.81060 17.65910 38.70000
v -16.70000 -18.50000 6.50000
v -16.70000 -18.50000 37.70000
v -16.70000 18.50000 6.50000
v -16.70000 18.50000 37.70000
v -16.65660 -17.68970 38.70000
v -16.65660 17.68970 38.70000
v -16.50000 -17.70000 38.70000
v -16.50000 17.70000 38.70000
v -16.45000 -14.25000 37.35000
v -16.45000 -14.25000 38.70000
v -16.45000 14.25000 37.35000
v -16.45000 14.25000 38.70000
v -16.43120 -14.53720 37.35000
v -16.43120 -14.53720 38.70000
v -16.43120 -13.96280 37.35000
v -16.43120 -13.96280 38.70000
v -16.43120 13.96280 37.35000
v -16.43120 13.96280 38.70000
v -16.43120 14.53720 37.35000
v -16.43120 14.53720 38.70000
v -16.37500 -14.81940 37.35000
v -16.37500 -14.81940 38.70000
v -16.37500 -13.68060 37.35000
v -16.37500 -13.68060 38.70000
v -16.37500 13.68060 37.35000
v -16.37500 13.68060 38.70000
v -16.37500 14.81940 37.35000
v -16.37500 14.81940 38.70000
v -16.28250 -15.09190 37.35000
v -16.28250 -15.09190 38.70000
v -16.28250 -13.40810 37.35000
v -16.28250 -13.40810 38.70000
v -16.28250 13.40810 37.35000
v -16.28250 13.40810 38.70000
v -16.28250 15.09190 37.35000
v -16.28250 15.09190 38.70000
v -16.15530 -15.35000 37.35000
v -16.15530 -15.35000 38.70000
v -16.15530 -13.15000 37.35000
v -16.15530 -13.15000 38.70000
v -16.15530 13.15000 37.35000
v -16.15530 13.15000 38.70000
v -16.15530 15.35000 37.35000
v -16.15530 15.35000 38.70000
v -16.00000 -14.25000 37.55000
v -16.00000 -14.25000 38.05000
v -16.00000 14.25000 37.55000
v -16.00000 14.25000 38.05000
v -15.99540 -15.58930 37.35000
v -15.99540 -15.58930 38.70000
v -15.99540 -12.91070 37.35000
v -15.99540 -12.91070 38.70000
v -15.99540 12.91070 37.35000
v -15.99540 12.91070 38.70000
v -15.99540 15.58930 37.35000
v -15.99540 15.58930 38.70000
v -15.98500 -14.47840 37.55000
v -15.98500 -14.47840 38.05000
v -15.98500 -14.02160 37.55000
v -15.98500 -14.02160 38.05000
v -15.98500 14.02160 37.55000
v -15.98500 14.02160 38.05000
v -15.98500 14.47840 37.55000
v -15.98500 14.47840 38.05000
v -15.94040 -14.70290 37.55000
v -15.94040 -14.70290 38.05000
v -15.94040 -13.79710 37.55000
v -15.94040 -13.79710 38.05000
v -15.94040 13.79710 37.55000
v -15.94040 13.79710 38.05000
v -15.94040 14.70290 37.55000
v -15.94040 14.70290 38.05000
v -15.86680 -14.91970 37.55000
v -15.86680 -14.91970 38.05000
v -15.86680 -13.58030 37.55000
v -15.86680 -13.58030 38.05000
v -15.86680 13.58030 37.55000
v -15.86680 13.58030 38.05000
v -15.86680 14.91970 37.55000
v -15.86680 14.91970 38.05000
v -15.80560 -15.80560 37.35000
v -15.80560 -15.80560 38.70000
v -15.80560 -12.69440 37.35000
v -15.80560 -12.69440 38.70000
v -15.80560 12.69440 37.35000
v -15.80560 12.69440 38.70000
v -15.80560 15.80560 37.35000
v -15.80560 15.80560 38.70000
v -15.76550 -15.12500 37.55000
v -15.76550 -15.12500 38.05000
v -15.76550 -13.37500 37.55000
v -15.76550 -13.37500 38.05000
v -15.76550 13.37500 37.55000
v -15.76550 13.37500 38.05000
v -15.76550 15.12500 37.55000
v -15.76550 15.12500 38.05000
v -15.63840 -15.31530 37.55000
v -15.63840 -15.31530 38.05000
v -15.63840 -13.18470 37.55000
v -15.63840 -13.18470 38.05000
v -15.63840 13.18470 37.55000
v -15.63840 13.18470 38.05000
v -15.63840 15.31530 37.55000
v -15.63840 15.31530 38.05000
v -15.58930 -15.99540 37.35000
v -15.58930 -15.99540 38.70000
v -15.58930 -12.50460 37.35000
v -15.58930 -12.50460 38.70000
v -15.58930 12.50460 37.35000
v -15.58930 12.50460 38.70000
v -15.58930 15.99540 37.35000
v -15.58930 15.99540 38.70000
v -15.48740 -15.48740 37.55000
v -15.48740 -15.48740 38.05000
v -15.48740 -13.01260 37.55000
v -15.48740 -13.01260 38.05000
v -15.48740 13.01260 37.55000
v -15.48740 13.01260 38.05000
v -15.48740 15.48740 37.55000
v -15.48740 15.48740 38.05000
v -15.40000 -14.25000 35.50000
v -15.40000 -14.25000 37.35000
v -15.40000 14.25000 35.50000
v -15.40000 14.25000 37.35000
v -15.39020 -14.40010 35.50000
v -15.39020 -14.40010 37.35000
v -15.39020 -14.09990 35.50000
v -15.39020 -14.09990 37.35000
v -15.39020 14.09990 35.50000
v -15.39020 14.09990 37.35000
v -15.39020 14.40010 35.50000
v -15.39020 14.40010 37.35000
v -15.36080 -14.54760 35.50000
v -15.36080 -14.54760 37.35000
v -15.36080 -13.95240 35.50000
v -15.36080 -13.95240 37.35000
v -15.36080 13.95240 35.50000
v -15.36080 13.95240 37.35000
v -15.36080 14.54760 35.50000
v -15.36080 14.54760 37.35000
v -15.35000 -16.15530 37.35000
v -15.35000 -16.15530 38.70000
v -15.35000 -12.34470 37.35000
v -15.35000 -12.34470 38.70000
v -15.35000 12.34470 37.35000
v -15.35000 12.34470 38.70000
v -15.35000 16.15530 37.35000
v -15.35000 16.15530 38.70000
v -15.31530 -15.63840 37.55000
v -15.31530 -15.63840 38.05000
v -15.31530 -12.86160 37.55000
v -15.31530 -12.86160 38.05000
v -15.31530 12.86160 37.55000
v -15.31530 12.86160 38.05000
v -15.31530 15.63840 37.55000
v -15.31530 15.63840 38.05000
v -15.31250 -14.69010 35.50000
v -15.31250 -14.69010 37.35000
v -15.31250 -13.80990 35.50000
v -15.31250 -13.80990 37.35000
v -15.31250 13.80990 35.50000
v -15.31250 13.80990 37.35000
v -15.31250 14.69010 35.50000
v -15.31250 14.69010 37.35000
v -15.30000 -14.25000 38.05000
v -15.30000 -14.25000 38.40000
v -15.30000 14.25000 38.05000
v -15.30000 14.25000 38.40000
v -15.29100 -14.38710 38.05000
v -15.29100 -14.38710 38.40000
v -15.29100 -14.11290 38.05000
v -15.29100 -14.11290 38.40000
v -15.29100 14.11290 38.05000
v -15.29100 14.11290 38.40000
v -15.29100 14.38710 38.05000
v -15.29100 14.38710 38.40000
v -15.26420 -14.52180 38.05000
v -15.26420 -14.52180 38.40000
v -15.26420 -13.97820 38.05000
v -15.26420 -13.97820 38.40000
v -15.26420 13.97820 38.05000
v -15.26420 13.97820 38.40000
v -15.26420 14.52180 38.05000
v -15.26420 14.52180 38.40000
v -15.24590 -14.82500 35.50000
v -15.24590 -14.82500 37.35000
v -15.24590 -13.67500 35.50000
v -15.24590 -13.67500 37.35000
v -15.24590 13.67500 35.50000
v -15.24590 13.67500 37.35000
v -15.24590 14.82500 35.50000
v -15.24590 14.82500 37.35000
v -15.22010 -14.65180 38.05000
v -15.22010 -14.65180 38.40000
v -15.22010 -13.84820 38.05000
v -15.22010 -13.84820 38.40000
v -15.22010 13.84820 38.05000
v -15.22010 13.84820 38.40000
v -15.22010 14.65180 38.05000
v -15.22010 14.65180 38.40000
v -15.16240 -14.95010 35.50000
v -15.16240 -14.95010 37.35000
v -15.16240 -13.54990 35.50000
v -15.16240 -13.54990 37.35000
v -15.16240 13.54990 35.50000
v -15.16240 13.54990 37.35000
v -15.16240 14.95010 35.50000
v -15.16240 14.95010 37.35000
v -15.15930 -14.77500 38.05000
v -15.15930 -14.77500 38.40000
v -15.15930 -13.72500 38.05000
v -15.15930 -13.72500 38.40000
v -15.15930 13.72500 38.05000
v -15.15930 13.72500 38.40000
v -15.15930 14.77500 38.05000
v -15.15930 14.77500 38.40000
v -15.12500 -15.76550 37.55000
v -15.12500 -15.76550 38.05000
v -15.12500 -12.73450 37.55000
v -15.12500 -12.73450 38.05000
v -15.12500 12.73450 37.55000
v -15.12500 12.73450 38.05000
v -15.12500 15.76550 37.55000
v -15.12500 15.76550 38.05000
v -15.09190 -16.28250 37.35000
v -15.09190 -16.28250 38.70000
v -15.09190 -12.21750 37.35000
v -15.09190 -12.21750 38.70000
v -15.09190 12.21750 37.35000
v -15.09190 12.21750 38.70000
v -15.09190 16.28250 37.35000
v -15.09190 16.28250 38.70000
v -15.08300 -14.88920 38.05000
v -15.08300 -14.88920 38.40000
v -15.08300 -13.61080 38.05000
v -15.08300 -13.61080 38.40000
v -15.08300 13.61080 38.05000
v -15.08300 13.61080 38.40000
v -15.08300 14.88920 38.05000
v -15.08300 14.88920 38.40000
v -15.06320 -15.06320 35.50000
v -15.06320 -15.06320 37.35000
v -15.06320 -13.43680 35.50000
v -15.06320 -13.43680 37.35000
v -15.06320 13.43680 35.50000
v -15.06320 13.43680 37.35000
v -15.06320 15.06320 35.50000
v -15.06320 15.06320 37.35000
v -15.00000 -12.18630 38.20000
v -15.00000 -12.18630 38.70000
v -15.00000 12.18630 38.20000
v -15.00000 12.18630 38.70000
v -14.99250 -14.99250 38.05000
v -14.99250 -14.99250 38.40000
v -14.99250 -13.50750 38.05000
v -14.99250 -13.50750 38.40000
v -14.99250 13.50750 38.05000
v -14.99250 13.50750 38.40000
v -14.99250 14.99250 38.05000
v -14.99250 14.99250 38.40000
v -14.95010 -15.16240 35.50000
v -14.95010 -15.16240 37.35000
v -14.95010 -13.33760 35.50000
v -14.95010 -13.33760 37.35000
v -14.95010 13.33760 35.50000
v -14.95010 13.33760 37.35000
v -14.95010 15.16240 35.50000
v -14.95010 15.16240 37.35000
v -14.91970 -15.86680 37.55000
v -14.91970 -15.86680 38.05000
v -14.91970 -12.63320 37.55000
v -14.91970 -12.63320 38.05000
v -14.91970 12.63320 37.55000
v -14.91970 12.63320 38.05000
v -14.91970 15.86680 37.55000
v -14.91970 15.86680 38.05000
v -14.88920 -15.08300 38.05000
v -14.88920 -15.08300 38.40000
v -14.88920 -13.41700 38.05000
v -14.88920 -13.41700 38.40000
v -14.88920 13.41700 38.05000
v -14.88920 13.41700 38.40000
v -14.88920 15.08300 38.05000
v -14.88920 15.08300 38.40000
v -14.82500 -15.24590 35.50000
v -14.82500 -15.24590 37.35000
v -14.82500 -13.25410 35.50000
v -14.82500 -13.25410 37.35000
v -14.82500 13.25410 35.50000
v -14.82500 13.25410 37.35000
v -14.82500 15.24590 35.50000
v -14.82500 15.24590 37.35000
v -14.81940 -16.37500 37.35000
v -14.81940 -16.37500 38.70000
v -14.81940 -12.12500 37.35000
v -14.81940 -12.12500 38.20000
v -14.81940 12.12500 37.35000
v -14.81940 12.12500 38.20000
v -14.81940 16.37500 37.35000
v -14.81940 16.37500 38.70000
v -14.77500 -15.15930 38.05000
v -14.77500 -15.15930 38.40000
v -14.77500 -13.34070 38.05000
v -14.77500 -13.34070 38.40000
v -14.77500 13.34070 38.05000
v -14.77500 13.34070 38.40000
v -14.77500 15.15930 38.05000
v -14.77500 15.15930 38.40000
v -14.70290 -15.94040 37.55000
v -14.70290 -15.94040 38.05000
v -14.70290 -12.55960 37.55000
v -14.70290 -12.55960 38.05000
v -14.70290 12.55960 37.55000
v -14.70290 12.55960 38.05000
v -14.70290 15.94040 37.55000
v -14.70290 15.94040 38.05000
v -14.69010 -15.31250 35.50000
v -14.69010 -15.31250 37.35000
v -14.69010 -13.18750 35.50000
v -14.69010 -13.18750 37.35000
v -14.69010 13.18750 35.50000
v -14.69010 13.18750 37.35000
v -14.69010 15.31250 35.50000
v -14.69010 15.31250 37.35000
v -14.65180 -15.22010 38.05000
v -14.65180 -15.22010 38.40000
v -14.65180 -13.27990 38.05000
v -14.65180 -13.27990 38.40000
v -14.65180 13.27990 38.05000
v -14.65180 13.27990 38.40000
v -14.65180 15.22010 38.05000
v -14.65180 15.22010 38.40000
v -14.54760 -15.36080 35.50000
v -14.54760 -15.36080 37.35000
v -14.54760 -13.13920 35.50000
v -14.54760 -13.13920 37.35000
v -14.54760 13.13920 35.50000
v -14.54760 13.13920 37.35000
v -14.54760 15.36080 35.50000
v -14.54760 15.36080 37.35000
v -14.53720 -16.43120 37.35000
v -14.53720 -16.43120 38.70000
v -14.53720 -12.06880 37.35000
v -14.53720 -12.06880 38.20000
v -14.53720 12.06880 37.35000
v -14.53720 12.06880 38.20000
v -14.53720 16.43120 37.35000
v -14.53720 16.43120 38.70000
v -14.52180 -15.26420 38.05000
v -14.52180 -15.26420 38.40000
v -14.52180 -13.23580 38.05000
v -14.52180 -13.23580 38.40000
v -14.52180 13.23580 38.05000
v -14.52180 13.23580 38.40000
v -14.52180 15.26420 38.05000
v -14.52180 15.26420 38.40000
v -14.47840 -15.98500 37.55000
v -14.47840 -15.98500 38.05000
v -14.47840 -12.51500 37.55000
v -14.47840 -12.51500 38.05000
v -14.47840 12.51500 37.55000
v -14.47840 12.51500 38.05000
v -14.47840 15.98500 37.55000
v -14.47840 15.98500 38.05000
v -14.40010 -15.39020 35.50000
v -14.40010 -15.39020 37.35000
v -14.40010 -13.10980 35.50000
v -14.40010 -13.10980 37.35000
v -14.40010 13.10980 35.50000
v -14.40010 13.10980 37.35000
v -14.40010 15.39020 35.50000
v -14.40010 15.39020 37.35000
v -14.38710 -15.29100 38.05000
v -14.38710 -15.29100 38.40000
v -14.38710 -13.20900 38.05000
v -14.38710 -13.20900 38.40000
v -14.38710 13.20900 38.05000
v -14.38710 13.20900 38.40000
v -14.38710 15.29100 38.05000
v -14.38710 15.29100 38.40000
v -14.25000 -16.45000 37.35000
v -14.25000 -16.45000 38.70000
v -14.25000 -16.00000 37.55000
v -14.25000 -16.00000 38.05000
v -14.25000 -15.40000 35.50000
v -14.25000 -15.40000 37.35000
v -14.25000 -15.30000 38.05000
v -14.25000 -15.30000 38.40000
v -14.25000 -13.20000 38.05000
v -14.25000 -13.20000 38.40000
v -14.25000 -13.10000 35.50000
v -14.25000 -13.10000 37.35000
v -14.25000 -12.50000 37.55000
v -14.25000 -12.50000 38.05000
v -14.25000 -12.05000 37.35000
v -14.25000 -12.05000 38.20000
v -14.25000 12.05000 37.35000
v -14.25000 12.05000 38.20000
v -14.25000 12.50000 37.55000
v -14.25000 12.50000 38.05000
v -14.25000 13.10000 35.50000
v -14.25000 13.10000 37.35000
v -14.25000 13.20000 38.05000
v -14.25000 13.20000 38.40000
v -14.25000 15.30000 38.05000
v -14.25000 15.30000 38.40000
v -14.25000 15.40000 35.50000
v -14.25000 15.40000 37.35000
v -14.25000 16.00000 37.55000
v -14.25000 16.00000 38.05000
v -14.25000 16.45000 37.35000
v -14.25000 16.45000 38.70000
v -14.11290 -15.29100 38.05000
v -14.11290 -15.29100 38.40000
v -14.11290 -13.20900 38.05000
v -14.11290 -13.20900 38.40000
v -14.11290 13.20900 38.05000
v -14.11290 13.20900 38.40000
v -14.11290 15.29100 38.05000
v -14.11290 15.29100 38.40000
v -14.09990 -15.39020 35.50000
v -14.09990 -15.39020 37.35000
v -14.09990 -13.10980 35.50000
v -14.09990 -13.10980 37.35000
v -14.09990 13.10980 35.50000
v -14.09990 13.10980 37.35000
v -14.09990 15.39020 35.50000
v -14.09990 15.39020 37.35000
v -14.02160 -15.98500 37.55000
v -14.02160 -15.98500 38.05000
v -14.02160 -12.51500 37.55000
v -14.02160 -12.51500 38.05000
v -14.02160 12.51500 37.55000
v -14.02160 12.51500 38.05000
v -14.02160 15.98500 37.55000
v -14.02160 15.98500 38.05000
v -13.97820 -15.26420 38.05000
v -13.97820 -15.26420 38.40000
v -13.97820 -13.23580 38.05000
v -13.97820 -13.23580 38.40000
v -13.97820 13.23580 38.05000
v -13.97820 13.23580 38.40000
v -13.97820 15.26420 38.05000
v -13.97820 15.26420 38.40000
v -13.96280 -16.43120 37.35000
v -13.96280 -16.43120 38.70000
v -13.96280 -12.06880 37.35000
v -13.96280 -12.06880 38.20000
v -13.96280 12.06880 37.35000
v -13.96280 12.06880 38.20000
v -13.96280 16.43120 37.35000
v -13.96280 16.43120 38.70000
v -13.95240 -15.36080 35.50000
v -13.95240 -15.36080 37.35000
v -13.95240 -13.13920 35.50000
v -13.95240 -13.13920 37.35000
v -13.95240 13.13920 35.50000
v -13.95240 13.13920 37.35000
v -13.95240 15.36080 35.50000
v -13.95240 15.36080 37.35000
v -13.84820 -15.22010 38.05000
v -13.84820 -15.22010 38.40000
v -13.84820 -13.27990 38.05000
v -13.84820 -13.27990 38.40000
v -13.84820 13.27990 38.05000
v -13.84820 13.27990 38.40000
v -13.84820 15.22010 38.05000
v -13.84820 15.22010 38.40000
v -13.80990 -15.31250 35.50000
v -13.80990 -15.31250 37.35000
v -13.80990 -13.18750 35.50000
v -13.80990 -13.18750 37.35000
v -13.80990 13.18750 35.50000
v -13.80990 13.18750 37.35000
v -13.80990 15.31250 35.50000
v -13.80990 15.31250 37.35000
v -13.79710 -15.94040 37.55000
v -13.79710 -15.94040 38.05000
v -13.79710 -12.55960 37.55000
v -13.79710 -12.55960 38.05000
v -13.79710 12.55960 37.55000
v -13.79710 12.55960 38.05000
v -13.79710 15.94040 37.55000
v -13.79710 15.94040 38.05000
v -13.72500 -15.15930 38.05000
v -13.72500 -15.15930 38.40000
v -13.72500 -13.34070 38.05000
v -13.72500 -13.34070 38.40000
v -13.72500 13.34070 38.05000
v -13.72500 13.34070 38.40000
v -13.72500 15.15930 38.05000
v -13.72500 15.15930 38.40000
v -13.68060 -16.37500 37.35000
v -13.68060 -16.37500 38.70000
v -13.68060 -12.12500 37.35000
v -13.68060 -12.12500 38.20000
v -13.68060 12.12500 37.35000
v -13.68060 12.12500 38.20000
v -13.68060 16.37500 37.35000
v -13.68060 16.37500 38.70000
v -13.67500 -15.24590 35.50000
v -13.67500 -15.24590 37.35000
v -13.67500 -13.25410 35.50000
v -13.67500 -13.25410 37.35000
v -13.67500 13.25410 35.50000
v -13.67500 13.25410 37.35000
v -13.67500 15.24590 35.50000
v -13.67500 15.24590 37.35000
v -13.61080 -15.08300 38.05000
v -13.61080 -15.08300 38.40000
v -13.61080 -13.41700 38.05000
v -13.61080 -13.41700 38.40000
v -13.61080 13.41700 38.05000
v -13.61080 13.41700 38.40000
v -13.61080 15.08300 38.05000
v -13.61080 15.08300 38.40000
v -13.58030 -15.86680 37.55000
v -13.58030 -15.86680 38.05000
v -13.58030 -12.63320 37.55000
v -13.58030 -12.63320 38.05000
v -13.58030 12.63320 37.55000
v -13.58030 12.63320 38.05000
v -13.58030 15.86680 37.55000
v -13.58030 15.86680 38.05000
v -13.54990 -15.16240 35.50000
v -13.54990 -15.16240 37.35000
v -13.54990 -13.33760 35.50000
v -13.54990 -13.33760 37.35000
v -13.54990 13.33760 35.50000
v -13.54990 13.33760 37.35000
v -13.54990 15.16240 35.50000
v -13.54990 15.16240 37.35000
v -13.50750 -14.99250 38.05000
v -13.50750 -14.99250 38.40000
v -13.50750 -13.50750 38.05000
v -13.50750 -13.50750 38.40000
v -13.50750 13.50750 38.05000
v -13.50750 13.50750 38.40000
v -13.50750 14.99250 38.05000
v -13.50750 14.99250 38.40000
v -13.43680 -15.06320 35.50000
v -13.43680 -15.06320 37.35000
v -13.43680 -13.43680 35.50000
v -13.43680 -13.43680 37.35000
v -13.43680 13.43680 35.50000
v -13.43680 13.43680 37.35000
v -13.43680 15.06320 35.50000
v -13.43680 15.06320 37.35000
v -13.41700 -14.88920 38.05000
v -13.41700 -14.88920 38.40000
v -13.41700 -13.61080 38.05000
v -13.41700 -13.61080 38.40000
v -13.41700 13.61080 38.05000
v -13.41700 13.61080 38.40000
v -13.41700 14.88920 38.05000
v -13.41700 14.88920 38.40000
v -13.40810 -16.28250 37.35000
v -13.40810 -16.28250 38.70000
v -13.40810 -12.21750 37.35000
v -13.40810 -12.21750 38.20000
v -13.40810 12.21750 37.35000
v -13.40810 12.21750 38.20000
v -13.40810 16.28250 37.35000
v -13.40810 16.28250 38.70000
v -13.37500 -15.76550 37.55000
v -13.37500 -15.76550 38.05000
v -13.37500 -12.73450 37.55000
v -13.37500 -12.73450 38.05000
v -13.37500 12.73450 37.55000
v -13.37500 12.73450 38.05000
v -13.37500 15.76550 37.55000
v -13.37500 15.76550 38.05000
v -13.34070 -14.77500 38.05000
v -13.34070 -14.77500 38.40000
v -13.34070 -13.72500 38.05000
v -13.34070 -13.72500 38.40000
v -13.34070 13.72500 38.05000
v -13.34070 13.72500 38.40000
v -13.34070 14.77500 38.05000
v -13.34070 14.77500 38.40000
v -13.33760 -14.95010 35.50000
v -13.33760 -14.95010 37.35000
v -13.33760 -13.54990 35.50000
v -13.33760 -13.54990 37.35000
v -13.33760 13.54990 35.50000
v -13.33760 13.54990 37.35000
v -13.33760 14.95010 35.50000
v -13.33760 14.95010 37.35000
v -13.27990 -14.65180 38.05000
v -13.27990 -14.65180 38.40000
v -13.27990 -13.84820 38.05000
v -13.27990 -13.84820 38.40000
v -13.27990 13.84820 38.05000
v -13.27990 13.84820 38.40000
v -13.27990 14.65180 38.05000
v -13.27990 14.65180 38.40000
v -13.25410 -14.82500 35.50000
v -13.25410 -14.82500 37.35000
v -13.25410 -13.67500 35.50000
v -13.25410 -13.67500 37.35000
v -13.25410 13.67500 35.50000
v -13.25410 13.67500 37.35000
v -13.25410 14.82500 35.50000
v -13.25410 14.82500 37.35000
v -13.23580 -14.52180 38.05000
v -13.23580 -14.52180 38.40000
v -13.23580 -13.97820 38.05000
v -13.23580 -13.97820 38.40000
v -13.23580 13.97820 38.05000
v -13.23580 13.97820 38.40000
v -13.23580 14.52180 38.05000
v -13.23580 14.52180 38.40000
v -13.20900 -14.38710 38.05000
v -13.20900 -14.38710 38.40000
v -13.20900 -14.11290 38.05000
v -13.20900 -14.11290 38.40000
v -13.20900 14.11290 38.05000
v -13.20900 14.11290 38.40000
v -13.20900 14.38710 38.05000
v -13.20900 14.38710 38.40000
v -13.20000 -14.25000 38.05000
v -13.20000 -14.25000 38.40000
v -13.20000 14.25000 38.05000
v -13.20000 14.25000 38.40000
v -13.18750 -14.69010 35.50000
v -13.18750 -14.69010 37.35000
v -13.18750 -13.80990 35.50000
v -13.18750 -13.80990 37.35000
v -13.18750 13.80990 35.50000
v -13.18750 13.80990 37.35000
v -13.18750 14.69010 35.50000
v -13.18750 14.69010 37.35000
v -13.18470 -15.63840 37.55000
v -13.18470 -15.63840 38.05000
v -13.18470 -12.86160 37.55000
v -13.18470 -12.86160 38.05000
v -13.18470 12.86160 37.55000
v -13.18470 12.86160 38.05000
v -13.18470 15.63840 37.55000
v -13.18470 15.63840 38.05000
v -13.15000 -16.15530 37.35000
v -13.15000 -16.15530 38.70000
v -13.15000 -12.34470 37.35000
v -13.15000 -12.34470 38.20000
v -13.15000 12.34470 37.35000
v -13.15000 12.34470 38.20000
v -13.15000 16.15530 37.35000
v -13.15000 16.15530 38.70000
v -13.13920 -14.54760 35.50000
v -13.13920 -14.54760 37.35000
v -13.13920 -13.95240 35.50000
v -13.13920 -13.95240 37.35000
v -13.13920 13.95240 35.50000
v -13.13920 13.95240 37.35000
v -13.13920 14.54760 35.50000
v -13.13920 14.54760 37.35000
v -13.10980 -14.40010 35.50000
v -13.10980 -14.40010 37.35000
v -13.10980 -14.09990 35.50000
v -13.10980 -14.09990 37.35000
v -13.10980 14.09990 35.50000
v -13.10980 14.09990 37.35000
v -13.10980 14.40010 35.50000
v -13.10980 14.40010 37.35000
v -13.10000 -14.25000 35.50000
v -13.10000 -14.25000 37.35000
v -13.10000 14.25000 35.50000
v -13.10000 14.25000 37.35000
v -13.01260 -15.48740 37.55000
v -13.01260 -15.48740 38.05000
v -13.01260 -13.01260 37.55000
v -13.01260 -13.01260 38.05000
v -13.01260 13.01260 37.55000
v -13.01260 13.01260 38.05000
v -13.01260 15.48740 37.55000
v -13.01260 15.48740 38.05000
v -12.91070 -15.99540 37.35000
v -12.91070 -15.99540 38.70000
v -12.91070 -12.50460 37.35000
v -12.91070 -12.50460 38.20000
v -12.91070 12.50460 37.35000
v -12.91070 12.50460 38.20000
v -12.91070 15.99540 37.35000
v -12.91070 15.99540 38.70000
v -12.86160 -15.31530 37.55000
v -12.86160 -15.31530 38.05000
v -12.86160 -13.18470 37.55000
v -12.86160 -13.18470 38.05000
v -12.86160 13.18470 37.55000
v -12.86160 13.18470 38.05000
v -12.86160 15.31530 37.55000
v -12.86160 15.31530 38.05000
v -12.73450 -15.12500 37.55000
v -12.73450 -15.12500 38.05000
v -12.73450 -13.37500 37.55000
v -12.73450 -13.37500 38.05000
v -12.73450 13.37500 37.55000
v -12.73450 13.37500 38.05000
v -12.73450 15.12500 37.55000
v -12.73450 15.12500 38.05000
v -12.69440 -15.80560 37.35000
v -12.69440 -15.80560 38.70000
v -12.69440 -12.69440 37.35000
v -12.69440 -12.69440 38.20000
v -12.69440 12.69440 37.35000
v -12.69440 12.69440 38.20000
v -12.69440 15.80560 37.35000
v -12.69440 15.80560 38.70000
v -12.63320 -14.91970 37.55000
v -12.63320 -14.91970 38.05000
v -12.63320 -13.58030 37.55000
v -12.63320 -13.58030 38.05000
v -12.63320 13.58030 37.55000
v -12.63320 13.58030 38.05000
v -12.63320 14.91970 37.55000
v -12.63320 14.91970 38.05000
v -12.55960 -14.70290 37.55000
v -12.55960 -14.70290 38.05000
v -12.55960 -13.79710 37.55000
v -12.55960 -13.79710 38.05000
v -12.55960 13.79710 37.55000
v -12.55960 13.79710 38.05000
v -12.55960 14.70290 37.55000
v -12.55960 14.70290 38.05000
v -12.51500 -14.47840 37.55000
v -12.51500 -14.47840 38.05000
v -12.51500 -14.02160 37.55000
v -12.51500 -14.02160 38.05000
v -12.51500 14.02160 37.55000
v -12.51500 14.02160 38.05000
v -12.51500 14.47840 37.55000
v -12.51500 14.47840 38.05000
v -12.50460 -15.58930 37.35000
v -12.50460 -15.58930 38.70000
v -12.50460 -12.91070 37.35000
v -12.50460 -12.91070 38.20000
v -12.50460 12.91070 37.35000
v -12.50460 12.91070 38.20000
v -12.50460 15.58930 37.35000
v -12.50460 15.58930 38.70000
v -12.50000 -14.25000 37.55000
v -12.50000 -14.25000 38.05000
v -12.50000 14.25000 37.55000
v -12.50000 14.25000 38.05000
v -12.34470 -15.35000 37.35000
v -12.34470 -15.35000 38.70000
v -12.34470 -13.15000 37.35000
v -12.34470 -13.15000 38.20000
v -12.34470 13.15000 37.35000
v -12.34470 13.15000 38.20000
v -12.34470 15.35000 37.35000
v -12.34470 15.35000 38.70000
v -12.21750 -15.09190 37.35000
v -12.21750 -15.09190 38.70000
v -12.21750 -13.40810 37.35000
v -12.21750 -13.40810 38.20000
v -12.21750 13.40810 37.35000
v -12.21750 13.40810 38.20000
v -12.21750 15.09190 37.35000
v -12.21750 15.09190 38.70000
v -12.18630 -15.00000 38.20000
v -12.18630 -15.00000 38.70000
v -12.18630 15.00000 38.20000
v -12.18630 15.00000 38.70000
v -12.12500 -14.81940 37.35000
v -12.12500 -14.81940 38.20000
v -12.12500 -13.68060 37.35000
v -12.12500 -13.68060 38.20000
v -12.12500 13.68060 37.35000
v -12.12500 13.68060 38.20000
v -12.12500 14.81940 37.35000
v -12.12500 14.81940 38.20000
v -12.06880 -14.53720 37.35000
v -12.06880 -14.53720 38.20000
v -12.06880 -13.96280 37.35000
v -12.06880 -13.96280 38.20000
v -12.06880 13.96280 37.35000
v -12.06880 13.96280 38.20000
v -12.06880 14.53720 37.35000
v -12.06880 14.53720 38.20000
v -12.05000 -14.25000 37.35000
v -12.05000 -14.25000 38.20000
v -12.05000 14.25000 37.35000
v -12.05000 14.25000 38.20000
v -6.45003 -1.32112 38.42000
v -6.29990 3.83846 38.74000
v -6.01897 -6.84731 38.42000
v -6.01897 -6.84731 38.74000
v -6.01897 -3.88534 38.42000
v -6.01897 -3.88534 38.74000
v -5.49342 -4.40668 38.42000
v -5.49342 -4.40668 38.74000
v -5.48674 -4.53930 38.42000
v -5.48674 -4.53930 38.74000
v -5.48106 -4.65842 38.42000
v -5.48106 -4.65842 38.74000
v -5.47644 -4.76409 38.42000
v -5.47644 -4.76409 38.74000
v -5.47282 -4.85628 38.42000
v -5.47282 -4.85628 38.74000
v -5.47026 -4.93502 38.42000
v -5.47026 -4.93502 38.74000
v -5.46870 -5.00027 38.42000
v -5.46870 -5.00027 38.74000
v -5.46820 -6.84731 38.42000
v -5.46820 -6.84731 38.74000
v -5.46820 -5.05205 38.42000
v -5.46820 -5.05205 38.74000
v -5.30754 -1.32112 38.42000
v -5.30754 -1.32112 38.74000
v -5.26849 -5.19498 38.42000
v -5.26849 -5.19498 38.74000
v -5.18861 -3.88534 38.42000
v -5.18861 -3.88534 38.74000
v -5.15742 3.83846 38.42000
v -5.15742 3.83846 38.74000
v -4.73451 -6.84731 38.42000
v -4.73451 -6.84731 38.74000
v -4.66306 1.39231 38.42000
v -4.66306 1.39231 38.74000
v -4.65884 -5.54183 38.42000
v -4.65884 -5.54183 38.74000
v -4.61259 -5.70160 38.42000
v -4.61259 -5.70160 38.74000
v -4.51169 -6.09893 38.42000
v -4.51169 -6.09893 38.74000
v -4.37926 -5.62383 38.42000
v -4.37926 -5.62383 38.74000
v -4.29308 -6.84731 38.42000
v -4.29308 -6.84731 38.74000
v -4.01122 0.73320 38.42000
v -4.01122 0.73320 38.74000
v -4.01122 2.01482 38.42000
v -4.01122 2.01482 38.74000
v -3.83478 -3.88534 38.42000
v -3.83478 -3.88534 38.74000
v -3.75911 -5.19498 38.42000
v -3.75911 -5.19498 38.74000
v -3.73711 -5.12433 38.42000
v -3.73711 -5.12433 38.74000
v -3.71191 -5.03969 38.42000
v -3.71191 -5.03969 38.74000
v -3.68356 -4.94106 38.42000
v -3.68356 -4.94106 38.74000
v -3.65204 -4.82845 38.42000
v -3.65204 -4.82845 38.74000
v -3.61732 -4.70185 38.42000
v -3.61732 -4.70185 38.74000
v -3.57944 -4.56125 38.42000
v -3.57944 -4.56125 38.74000
v -3.55940 -6.84731 38.42000
v -3.55940 -6.84731 38.74000
v -3.55939 -5.03463 38.42000
v -3.55939 -5.03463 38.74000
v -3.55920 -4.99981 38.42000
v -3.55920 -4.99981 38.74000
v -3.55887 -4.96497 38.42000
v -3.55887 -4.96497 38.74000
v -3.55835 -4.93012 38.42000
v -3.55835 -4.93012 38.74000
v -3.55768 -4.90452 38.42000
v -3.55768 -4.90452 38.74000
v -3.55629 -4.86251 38.42000
v -3.55629 -4.86251 38.74000
v -3.55417 -4.80411 38.42000
v -3.55417 -4.80411 38.74000
v -3.55132 -4.72935 38.42000
v -3.55132 -4.72935 38.74000
v -3.54773 -4.63817 38.42000
v -3.54773 -4.63817 38.74000
v -3.54343 -4.53063 38.42000
v -3.54343 -4.53063 38.74000
v -3.53839 -4.40668 38.42000
v -3.53839 -4.40668 38.74000
v -3.29718 1.39231 38.42000
v -3.29718 1.39231 38.74000
v -3.00862 -6.84731 38.42000
v -3.00862 -6.84731 38.74000
v -3.00862 -3.88534 38.42000
v -3.00862 -3.88534 38.74000
v -2.86507 3.83846 38.42000
v -2.86507 3.83846 38.74000
v -2.71495 -1.32112 38.42000
v -2.71495 -1.32112 38.74000
v -2.51646 -6.84731 38.42000
v -2.51646 -6.84731 38.74000
v -2.51646 -3.88534 38.42000
v -2.51646 -3.88534 38.74000
v -1.89630 -6.36802 38.42000
v -1.89630 -6.36802 38.74000
v -1.89630 -5.58808 38.42000
v -1.89630 -5.58808 38.74000
v -1.89630 -5.10882 38.42000
v -1.89630 -5.10882 38.74000
v -1.89630 -4.36463 38.42000
v -1.89630 -4.36463 38.74000
v -1.72989 3.83846 38.42000
v -1.57976 -1.32112 38.74000
v -1.37074 -1.32112 38.42000
v -1.37074 -1.32112 38.74000
v -1.37074 -0.60707 38.42000
v -1.37074 -0.60707 38.74000
v -1.32684 2.44326 38.42000
v -1.32684 2.44326 38.74000
v -1.30974 -0.48092 38.42000
v -1.30974 -0.48092 38.74000
v -1.29436 2.64139 38.42000
v -1.29436 2.64139 38.74000
v -1.24716 2.82561 38.42000
v -1.24716 2.82561 38.74000
v -1.24178 -0.35566 38.42000
v -1.24178 -0.35566 38.74000
v -1.18524 2.99593 38.42000
v -1.18524 2.99593 38.74000
v -1.16685 -0.23130 38.42000
v -1.16685 -0.23130 38.74000
v -1.10860 3.15235 38.42000
v -1.10860 3.15235 38.74000
v -1.08499 -0.10785 38.42000
v -1.08499 -0.10785 38.74000
v -1.01724 3.29485 38.42000
v -1.01724 3.29485 38.74000
v -1.00000 6.70001 38.38000
v -1.00000 6.70001 38.76000
v -1.00000 11.30000 38.38000
v -1.00000 11.30000 38.76000
v -0.99619 0.01471 38.42000
v -0.99619 0.01471 38.74000
v -0.91115 3.42346 38.42000
v -0.91115 3.42346 38.74000
v -0.90041 0.13639 38.42000
v -0.90041 0.13639 38.74000
v -0.79770 0.25714 38.42000
v -0.79770 0.25714 38.74000
v -0.79034 3.53817 38.42000
v -0.79034 3.53817 38.74000
v -0.68758 0.37821 38.42000
v -0.68758 0.37821 38.74000
v -0.65556 3.63823 38.42000
v -0.65556 3.63823 38.74000
v -0.56961 0.50078 38.42000
v -0.56961 0.50078 38.74000
v -0.50757 3.72292 38.42000
v -0.50757 3.72292 38.74000
v -0.44380 0.62484 38.42000
v -0.44380 0.62484 38.74000
v -0.34633 3.79219 38.42000
v -0.34633 3.79219 38.74000
v -0.31546 -5.58808 38.42000
v -0.31546 -5.58808 38.74000
v -0.31546 -5.10882 38.42000
v -0.31546 -5.10882 38.74000
v -0.31014 0.75038 38.42000
v -0.31014 0.75038 38.74000
v -0.29053 2.38468 38.42000
v -0.29053 2.38468 38.74000
v -0.27336 2.48253 38.42000
v -0.27336 2.48253 38.74000
v -0.25120 2.57315 38.42000
v -0.25120 2.57315 38.74000
v -0.22403 2.65651 38.42000
v -0.22403 2.65651 38.74000
v -0.19185 2.73264 38.42000
v -0.19185 2.73264 38.74000
v -0.18721 -4.36463 38.42000
v -0.18721 -4.36463 38.74000
v -0.18721 -3.88534 38.42000
v -0.18721 -3.88534 38.74000
v -0.17188 3.84607 38.42000
v -0.17188 3.84607 38.74000
v -0.16864 0.87743 38.42000
v -0.16864 0.87743 38.74000
v -0.15505 -0.47520 38.42000
v -0.15505 -0.47520 38.74000
v -0.15466 2.80150 38.42000
v -0.15466 2.80150 38.74000
v -0.12353 -0.40780 38.42000
v -0.12353 -0.40780 38.74000
v -0.11249 2.86312 38.42000
v -0.11249 2.86312 38.74000
v -0.10103 -6.84731 38.42000
v -0.10103 -6.84731 38.74000
v -0.10103 -6.36802 38.42000
v -0.10103 -6.36802 38.74000
v -0.08763 -0.34158 38.42000
v -0.08763 -0.34158 38.74000
v -0.06529 2.91748 38.42000
v -0.06529 2.91748 38.74000
v -0.04730 -0.27656 38.42000
v -0.04730 -0.27656 38.74000
v -0.01929 1.00597 38.42000
v -0.01929 1.00597 38.74000
v -0.01242 2.96460 38.42000
v -0.01242 2.96460 38.74000
v -0.00258 -0.21275 38.42000
v -0.00258 -0.21275 38.74000
v 0.01579 3.88457 38.42000
v 0.01579 3.88457 38.74000
v 0.04654 -0.15013 38.42000
v 0.04654 -0.15013 38.74000
v 0.04678 3.00447 38.42000
v 0.04678 3.00447 38.74000
v 0.10008 -0.08870 38.42000
v 0.10008 -0.08870 38.74000
v 0.11237 3.03710 38.42000
v 0.11237 3.03710 38.74000
v 0.13789 1.13599 38.42000
v 0.13789 1.13599 38.74000
v 0.15803 -0.02847 38.42000
v 0.15803 -0.02847 38.74000
v 0.17659 -5.35265 38.42000
v 0.17659 -5.35265 38.74000
v 0.18430 3.06247 38.42000
v 0.18430 3.06247 38.74000
v 0.18452 -5.55602 38.42000
v 0.18452 -5.55602 38.74000
v 0.18457 -5.15061 38.42000
v 0.18457 -5.15061 38.74000
v 0.20833 -5.74572 38.42000
v 0.20833 -5.74572 38.74000
v 0.20850 -4.96251 38.42000
v 0.20850 -4.96251 38.74000
v 0.21670 3.90766 38.42000
v 0.21670 3.90766 38.74000
v 0.21915 0.03108 38.42000
v 0.21915 0.03108 38.74000
v 0.24802 -5.92173 38.42000
v 0.24802 -5.92173 38.74000
v 0.24840 -4.78837 38.42000
v 0.24840 -4.78837 38.74000
v 0.26257 3.08060 38.42000
v 0.26257 3.08060 38.74000
v 0.28210 0.09050 38.42000
v 0.28210 0.09050 38.74000
v 0.28613 1.25840 38.42000
v 0.28613 1.25840 38.74000
v 0.30357 -6.08404 38.42000
v 0.30357 -6.08404 38.74000
v 0.30426 -4.62815 38.42000
v 0.30426 -4.62815 38.74000
v 0.34694 0.14975 38.42000
v 0.34694 0.14975 38.74000
v 0.34720 3.09146 38.42000
v 0.34720 3.09146 38.74000
v 0.37500 -6.23267 38.42000
v 0.37500 -6.23267 38.74000
v 0.37607 -4.48188 38.42000
v 0.37607 -4.48188 38.74000
v 0.41363 0.20887 38.42000
v 0.41363 0.20887 38.74000
v 0.42114 1.37453 38.42000
v 0.42114 1.37453 38.74000
v 0.43085 3.91536 38.42000
v 0.43085 3.91536 38.74000
v 0.43819 3.09510 38.42000
v 0.43819 3.09510 38.74000
v 0.46230 -6.36762 38.42000
v 0.46230 -6.36762 38.74000
v 0.46385 -4.34955 38.42000
v 0.46385 -4.34955 38.74000
v 0.48221 0.26783 38.42000
v 0.48221 0.26783 38.74000
v 0.54292 1.48439 38.42000
v 0.54292 1.48439 38.74000
v 0.55263 0.32663 38.42000
v 0.55263 0.32663 38.74000
v 0.56547 -6.48888 38.42000
v 0.56547 -6.48888 38.74000
v 0.56758 -4.23116 38.42000
v 0.56758 -4.23116 38.74000
v 0.61792 3.08135 38.42000
v 0.61792 3.08135 38.74000
v 0.62492 0.38529 38.42000
v 0.62492 0.38529 38.74000
v 0.65147 1.58797 38.42000
v 0.65147 1.58797 38.74000
v 0.66148 3.90758 38.42000
v 0.66148 3.90758 38.74000
v 0.68343 -6.59513 38.42000
v 0.68343 -6.59513 38.74000
v 0.68631 -4.12771 38.42000
v 0.68631 -4.12771 38.74000
v 0.69850 0.44411 38.42000
v 0.69850 0.44411 38.74000
v 0.74680 1.68528 38.42000
v 0.74680 1.68528 38.74000
v 0.76999 3.04009 38.42000
v 0.76999 3.04009 38.74000
v 0.77275 0.50337 38.42000
v 0.77275 0.50337 38.74000
v 0.80095 -5.35265 38.42000
v 0.80095 -5.35265 38.74000
v 0.80559 -5.21618 38.42000
v 0.80559 -5.21618 38.74000
v 0.80574 -5.49154 38.42000
v 0.80574 -5.49154 38.74000
v 0.81500 -6.68502 38.42000
v 0.81500 -6.68502 38.74000
v 0.81900 -4.04015 38.42000
v 0.81900 -4.04015 38.74000
v 0.81949 -5.08907 38.42000
v 0.81949 -5.08907 38.74000
v 0.82008 -5.62111 38.42000
v 0.82008 -5.62111 38.74000
v 0.82887 1.77629 38.42000
v 0.82887 1.77629 38.74000
v 0.84265 -4.97130 38.42000
v 0.84265 -4.97130 38.74000
v 0.84401 -5.74140 38.42000
v 0.84401 -5.74140 38.74000
v 0.84767 0.56308 38.42000
v 0.84767 0.56308 38.74000
v 0.87508 -4.86289 38.42000
v 0.87508 -4.86289 38.74000
v 0.87627 3.88426 38.42000
v 0.87627 3.88426 38.74000
v 0.87749 -5.85236 38.42000
v 0.87749 -5.85236 38.74000
v 0.89442 2.97133 38.42000
v 0.89442 2.97133 38.74000
v 0.89774 1.86103 38.42000
v 0.89774 1.86103 38.74000
v 0.91678 -4.76383 38.42000
v 0.91678 -4.76383 38.74000
v 0.92055 -5.95402 38.42000
v 0.92055 -5.95402 38.74000
v 0.92326 0.62325 38.42000
v 0.92326 0.62325 38.74000
v 0.95554 1.94242 38.42000
v 0.95554 1.94242 38.74000
v 0.96024 -6.75858 38.42000
v 0.96024 -6.75858 38.74000
v 0.96568 -3.96853 38.42000
v 0.96568 -3.96853 38.74000
v 0.96774 -4.67412 38.42000
v 0.96774 -4.67412 38.74000
v 0.97316 -6.04636 38.42000
v 0.97316 -6.04636 38.74000
v 0.99120 2.87508 38.42000
v 0.99120 2.87508 38.74000
v 0.99953 0.68387 38.42000
v 0.99953 0.68387 38.74000
v 1.00446 2.02335 38.42000
v 1.00446 2.02335 38.74000
v 1.02797 -4.59377 38.42000
v 1.02797 -4.59377 38.74000
v 1.03534 -6.12940 38.42000
v 1.03534 -6.12940 38.74000
v 1.04448 2.10382 38.42000
v 1.04448 2.10382 38.74000
v 1.06032 2.75132 38.42000
v 1.06032 2.75132 38.74000
v 1.07521 3.84540 38.42000
v 1.07521 3.84540 38.74000
v 1.07561 2.18386 38.42000
v 1.07561 2.18386 38.74000
v 1.07646 0.74492 38.42000
v 1.07646 0.74492 38.74000
v 1.09712 -4.52350 38.42000
v 1.09712 -4.52350 38.74000
v 1.09784 2.26345 38.42000
v 1.09784 2.26345 38.74000
v 1.10179 2.60005 38.42000
v 1.10179 2.60005 38.74000
v 1.10620 -6.20220 38.42000
v 1.10620 -6.20220 38.74000
v 1.11118 2.34259 38.42000
v 1.11118 2.34259 38.74000
v 1.11562 2.42128 38.42000
v 1.11562 2.42128 38.74000
v 1.11909 -6.81579 38.42000
v 1.11909 -6.81579 38.74000
v 1.12636 -3.91282 38.42000
v 1.12636 -3.91282 38.74000
v 1.15407 0.80643 38.42000
v 1.15407 0.80643 38.74000
v 1.17487 -4.46404 38.42000
v 1.17487 -4.46404 38.74000
v 1.18481 -6.26378 38.42000
v 1.18481 -6.26378 38.74000
v 1.23100 0.86879 38.42000
v 1.23100 0.86879 38.74000
v 1.25832 3.79099 38.42000
v 1.25832 3.79099 38.74000
v 1.26118 -4.41540 38.42000
v 1.26118 -4.41540 38.74000
v 1.27119 -6.31417 38.42000
v 1.27119 -6.31417 38.74000
v 1.29160 -6.85665 38.42000
v 1.29160 -6.85665 38.74000
v 1.30101 -3.87302 38.42000
v 1.30101 -3.87302 38.74000
v 1.30592 0.93242 38.42000
v 1.30592 0.93242 38.74000
v 1.35608 -4.37755 38.42000
v 1.35608 -4.37755 38.74000
v 1.36534 -6.35337 38.42000
v 1.36534 -6.35337 38.74000
v 1.37883 0.99733 38.42000
v 1.37883 0.99733 38.74000
v 1.42557 3.72104 38.42000
v 1.42557 3.72104 38.74000
v 1.44972 1.06351 38.42000
v 1.44972 1.06351 38.74000
v 1.45956 -4.35053 38.42000
v 1.45956 -4.35053 38.74000
v 1.46725 -6.38135 38.42000
v 1.46725 -6.38135 38.74000
v 1.47775 -6.88117 38.42000
v 1.47775 -6.88117 38.74000
v 1.48964 -3.84914 38.42000
v 1.48964 -3.84914 38.74000
v 1.51859 1.13095 38.42000
v 1.51859 1.13095 38.74000
v 1.57162 -4.33431 38.42000
v 1.57162 -4.33431 38.74000
v 1.57693 -6.39815 38.42000
v 1.57693 -6.39815 38.74000
v 1.57698 3.63553 38.42000
v 1.57698 3.63553 38.74000
v 1.58543 1.19966 38.42000
v 1.58543 1.19966 38.74000
v 1.65027 1.26963 38.42000
v 1.65027 1.26963 38.74000
v 1.67754 -6.88933 38.42000
v 1.67754 -6.88933 38.74000
v 1.69226 -4.32891 38.42000
v 1.69226 -4.32891 38.74000
v 1.69226 -3.84119 38.42000
v 1.69226 -3.84119 38.74000
v 1.69438 -6.40375 38.42000
v 1.69438 -6.40375 38.74000
v 1.71246 1.34119 38.42000
v 1.71246 1.34119 38.74000
v 1.71254 3.53449 38.42000
v 1.71254 3.53449 38.74000
v 1.76314 -6.40232 38.42000
v 1.76314 -6.40232 38.74000
v 1.76714 -4.33127 38.42000
v 1.76714 -4.33127 38.74000
v 1.77135 1.41463 38.42000
v 1.77135 1.41463 38.74000
v 1.79106 -5.74364 38.42000
v 1.79106 -5.74364 38.74000
v 1.79106 -5.28539 38.42000
v 1.79106 -5.28539 38.74000
v 1.79512 -6.88656 38.42000
v 1.79512 -6.88656 38.74000
v 1.82695 1.48992 38.42000
v 1.82695 1.48992 38.74000
v 1.83105 3.41941 38.42000
v 1.83105 3.41941 38.74000
v 1.83131 -6.39800 38.42000
v 1.83131 -6.39800 38.74000
v 1.83916 -4.33835 38.42000
v 1.83916 -4.33835 38.74000
v 1.87926 1.56708 38.42000
v 1.87926 1.56708 38.74000
v 1.89888 -6.39081 38.42000
v 1.89888 -6.39081 38.74000
v 1.90836 -4.35015 38.42000
v 1.90836 -4.35015 38.74000
v 1.91118 -6.87819 38.42000
v 1.91118 -6.87819 38.74000
v 1.92828 1.64612 38.42000
v 1.92828 1.64612 38.74000
v 1.93135 3.29178 38.42000
v 1.93135 3.29178 38.74000
v 1.96585 -6.38076 38.42000
v 1.96585 -6.38076 38.74000
v 1.97401 1.72702 38.42000
v 1.97401 1.72702 38.74000
v 1.97469 -3.85694 38.42000
v 1.97469 -3.85694 38.74000
v 1.97472 -4.36667 38.42000
v 1.97472 -4.36667 38.74000
v 2.01340 3.15158 38.42000
v 2.01340 3.15158 38.74000
v 2.01645 1.80979 38.42000
v 2.01645 1.80979 38.74000
v 2.02576 -6.86425 38.42000
v 2.02576 -6.86425 38.74000
v 2.03221 -6.36782 38.42000
v 2.03221 -6.36782 38.74000
v 2.03825 -4.38790 38.42000
v 2.03825 -4.38790 38.74000
v 2.05434 1.89490 38.42000
v 2.05434 1.89490 38.74000
v 2.07722 2.99883 38.42000
v 2.07722 2.99883 38.74000
v 2.08641 1.98287 38.42000
v 2.08641 1.98287 38.74000
v 2.09799 -6.35201 38.42000
v 2.09799 -6.35201 38.74000
v 2.09897 -4.41387 38.42000
v 2.09897 -4.41387 38.74000
v 2.11264 2.07366 38.42000
v 2.11264 2.07366 38.74000
v 2.12280 2.83353 38.42000
v 2.12280 2.83353 38.74000
v 2.13304 2.16730 38.42000
v 2.13304 2.16730 38.74000
v 2.13881 -6.84473 38.42000
v 2.13881 -6.84473 38.74000
v 2.14761 2.26377 38.42000
v 2.14761 2.26377 38.74000
v 2.15016 2.65566 38.42000
v 2.15016 2.65566 38.74000
v 2.15636 2.36309 38.42000
v 2.15636 2.36309 38.74000
v 2.15683 -4.44454 38.42000
v 2.15683 -4.44454 38.74000
v 2.15927 2.46524 38.42000
v 2.15927 2.46524 38.74000
v 2.16316 -6.33332 38.42000
v 2.16316 -6.33332 38.74000
v 2.21115 -4.47980 38.42000
v 2.21115 -4.47980 38.74000
v 2.22592 -6.31241 38.42000
v 2.22592 -6.31241 38.74000
v 2.22614 -3.90417 38.42000
v 2.22614 -3.90417 38.74000
v 2.23985 -1.32112 38.42000
v 2.23985 -1.32112 38.74000
v 2.23985 -0.47520 38.42000
v 2.23985 -0.47520 38.74000
v 2.25038 -6.81963 38.42000
v 2.25038 -6.81963 38.74000
v 2.26118 -4.51952 38.42000
v 2.26118 -4.51952 38.74000
v 2.28448 -6.28991 38.42000
v 2.28448 -6.28991 38.74000
v 2.30692 -4.56371 38.42000
v 2.30692 -4.56371 38.74000
v 2.33885 -6.26581 38.42000
v 2.33885 -6.26581 38.74000
v 2.34836 -4.61236 38.42000
v 2.34836 -4.61236 38.74000
v 2.36044 -6.78896 38.42000
v 2.36044 -6.78896 38.74000
v 2.38551 -4.66547 38.42000
v 2.38551 -4.66547 38.74000
v 2.38899 -6.24013 38.42000
v 2.38899 -6.24013 38.74000
v 2.41838 -4.72304 38.42000
v 2.41838 -4.72304 38.74000
v 2.43495 -6.21288 38.42000
v 2.43495 -6.21288 38.74000
v 2.44661 -3.98289 38.42000
v 2.44661 -3.98289 38.74000
v 2.44696 -4.78507 38.42000
v 2.44696 -4.78507 38.74000
v 2.46901 -6.75272 38.42000
v 2.46901 -6.75272 38.74000
v 2.47668 -6.18403 38.42000
v 2.47668 -6.18403 38.74000
v 2.51424 -6.15359 38.42000
v 2.51424 -6.15359 38.74000
v 2.51424 -5.74364 38.42000
v 2.51424 -5.74364 38.74000
v 2.57393 -6.71154 38.42000
v 2.57393 -6.71154 38.74000
v 2.63611 -4.09310 38.42000
v 2.63611 -4.09310 38.74000
v 2.67305 -6.66605 38.42000
v 2.67305 -6.66605 38.74000
v 2.67328 -0.03213 38.42000
v 2.67328 -0.03213 38.74000
v 2.71196 -0.21511 38.42000
v 2.71196 -0.21511 38.74000
v 2.76521 -0.38531 38.42000
v 2.76521 -0.38531 38.74000
v 2.76639 -6.61629 38.42000
v 2.76639 -6.61629 38.74000
v 2.79463 -4.23481 38.42000
v 2.79463 -4.23481 38.74000
v 2.82346 0.93462 38.42000
v 2.82346 0.93462 38.74000
v 2.83304 -0.54274 38.42000
v 2.83304 -0.54274 38.74000
v 2.85393 -6.56223 38.42000
v 2.85393 -6.56223 38.74000
v 2.91544 -0.68739 38.42000
v 2.91544 -0.68739 38.74000
v 2.92218 -4.40800 38.42000
v 2.92218 -4.40800 38.74000
v 2.93568 -6.50388 38.42000
v 2.93568 -6.50388 38.74000
v 3.00285 3.83846 38.42000
v 3.00285 3.83846 38.74000
v 3.01164 -6.44124 38.42000
v 3.01164 -6.44124 38.74000
v 3.01241 -0.81924 38.42000
v 3.01241 -0.81924 38.74000
v 3.01875 -4.61269 38.42000
v 3.01875 -4.61269 38.74000
v 3.08182 -6.37430 38.42000
v 3.08182 -6.37430 38.74000
v 3.08182 -5.28539 38.42000
v 3.08182 -5.28539 38.74000
v 3.12395 -0.93834 38.42000
v 3.12395 -0.93834 38.74000
v 3.25006 -1.04464 38.42000
v 3.25006 -1.04464 38.74000
v 3.37770 -6.84731 38.42000
v 3.37770 -6.84731 38.74000
v 3.38977 -1.13742 38.42000
v 3.38977 -1.13742 38.74000
v 3.54211 -1.21592 38.42000
v 3.54211 -1.21592 38.74000
v 3.70230 0.05210 38.42000
v 3.70230 0.05210 38.74000
v 3.70708 -1.28015 38.42000
v 3.70708 -1.28015 38.74000
v 3.72786 -0.03840 38.42000
v 3.72786 -0.03840 38.74000
v 3.75848 -0.12158 38.42000
v 3.75848 -0.12158 38.74000
v 3.79419 -0.19743 38.42000
v 3.79419 -0.19743 38.74000
v 3.82678 0.93462 38.42000
v 3.82678 0.93462 38.74000
v 3.83499 -0.26596 38.42000
v 3.83499 -0.26596 38.74000
v 3.85243 1.76950 38.42000
v 3.85243 1.76950 38.74000
v 3.88086 -0.32717 38.42000
v 3.88086 -0.32717 38.74000
v 3.88467 -1.33010 38.42000
v 3.88467 -1.33010 38.74000
v 3.90741 1.02301 38.42000
v 3.90741 1.02301 38.74000
v 3.93182 -0.38107 38.42000
v 3.93182 -0.38107 38.74000
v 3.93666 3.07312 38.42000
v 3.93666 3.07312 38.74000
v 3.96295 1.85694 38.42000
v 3.96295 1.85694 38.74000
v 3.98785 -0.42764 38.42000
v 3.98785 -0.42764 38.74000
v 3.99448 1.09781 38.42000
v 3.99448 1.09781 38.74000
v 3.99786 -6.84731 38.42000
v 3.99786 -6.84731 38.74000
v 4.04863 -0.46746 38.42000
v 4.04863 -0.46746 38.74000
v 4.07491 -1.36580 38.42000
v 4.07491 -1.36580 38.74000
v 4.08112 1.93093 38.42000
v 4.08112 1.93093 38.74000
v 4.08797 1.15901 38.42000
v 4.08797 1.15901 38.74000
v 4.11372 -0.50116 38.42000
v 4.11372 -0.50116 38.74000
v 4.18315 -0.52873 38.42000
v 4.18315 -0.52873 38.74000
v 4.18788 1.20659 38.42000
v 4.18788 1.20659 38.74000
v 4.20688 1.99146 38.42000
v 4.20688 1.99146 38.74000
v 4.25691 -0.55018 38.42000
v 4.25691 -0.55018 38.74000
v 4.26065 -6.09051 38.42000
v 4.26065 -6.09051 38.74000
v 4.27776 -1.38720 38.42000
v 4.27776 -1.38720 38.74000
v 4.29422 1.24059 38.42000
v 4.29422 1.24059 38.74000
v 4.33501 -0.56550 38.42000
v 4.33501 -0.56550 38.74000
v 4.34029 2.03853 38.42000
v 4.34029 2.03853 38.74000
v 4.39937 -5.62383 38.42000
v 4.39937 -5.62383 38.74000
v 4.40698 1.26099 38.42000
v 4.40698 1.26099 38.74000
v 4.41745 -0.57469 38.42000
v 4.41745 -0.57469 38.74000
v 4.45824 -3.88534 38.42000
v 4.45824 -3.88534 38.74000
v 4.48129 2.07216 38.42000
v 4.48129 2.07216 38.74000
v 4.48810 -5.36532 38.42000
v 4.48810 -5.36532 38.74000
v 4.49324 -1.39434 38.42000
v 4.49324 -1.39434 38.74000
v 4.50421 -0.57775 38.42000
v 4.50421 -0.57775 38.74000
v 4.52618 1.26779 38.42000
v 4.52618 1.26779 38.74000
v 4.56447 -5.14231 38.42000
v 4.56447 -5.14231 38.74000
v 4.61090 -0.57275 38.42000
v 4.61090 -0.57275 38.74000
v 4.62848 -4.95482 38.42000
v 4.62848 -4.95482 38.74000
v 4.62993 2.09233 38.42000
v 4.62993 2.09233 38.74000
v 4.63358 1.26282 38.42000
v 4.63358 1.26282 38.74000
v 4.68013 -4.80288 38.42000
v 4.68013 -4.80288 38.74000
v 4.71123 -0.55772 38.42000
v 4.71123 -0.55772 38.74000
v 4.71944 -4.68644 38.42000
v 4.71944 -4.68644 38.74000
v 4.73393 1.24791 38.42000
v 4.73393 1.24791 38.74000
v 4.73975 -1.38444 38.42000
v 4.73975 -1.38444 38.74000
v 4.74637 -4.60552 38.42000
v 4.74637 -4.60552 38.74000
v 4.76096 -4.56014 38.42000
v 4.76096 -4.56014 38.74000
v 4.76920 -4.53295 38.42000
v 4.76920 -4.53295 38.74000
v 4.77708 -4.50660 38.42000
v 4.77708 -4.50660 38.74000
v 4.78464 -4.48112 38.42000
v 4.78464 -4.48112 38.74000
v 4.78619 2.09906 38.42000
v 4.78619 2.09906 38.74000
v 4.79184 -4.45649 38.42000
v 4.79184 -4.45649 38.74000
v 4.79871 -4.43271 38.42000
v 4.79871 -4.43271 38.74000
v 4.80521 -0.53270 38.42000
v 4.80521 -0.53270 38.74000
v 4.80524 -4.40981 38.42000
v 4.80524 -4.40981 38.74000
v 4.81143 -4.38775 38.42000
v 4.81143 -4.38775 38.74000
v 4.82401 -4.34150 38.42000
v 4.82401 -4.34150 38.74000
v 4.82727 1.22306 38.42000
v 4.82727 1.22306 38.74000
v 4.86818 -4.48658 38.42000
v 4.86818 -4.48658 38.74000
v 4.89284 -0.49765 38.42000
v 4.89284 -0.49765 38.74000
v 4.91359 1.18828 38.42000
v 4.91359 1.18828 38.74000
v 4.95856 -4.77245 38.42000
v 4.95856 -4.77245 38.74000
v 4.97078 -1.35473 38.42000
v 4.97078 -1.35473 38.74000
v 4.97411 -0.45259 38.42000
v 4.97411 -0.45259 38.74000
v 4.99048 2.08972 38.42000
v 4.99048 2.08972 38.74000
v 4.99289 1.14354 38.42000
v 4.99289 1.14354 38.74000
v 5.04903 -0.39752 38.42000
v 5.04903 -0.39752 38.74000
v 5.06516 1.08887 38.42000
v 5.06516 1.08887 38.74000
v 5.11760 -0.33242 38.42000
v 5.11760 -0.33242 38.74000
v 5.13039 1.02426 38.42000
v 5.13039 1.02426 38.74000
v 5.17831 -0.25791 38.42000
v 5.17831 -0.25791 38.74000
v 5.18271 2.06169 38.42000
v 5.18271 2.06169 38.74000
v 5.18634 -1.30522 38.42000
v 5.18634 -1.30522 38.74000
v 5.18771 0.95137 38.42000
v 5.18771 0.95137 38.74000
v 5.18980 -3.88534 38.42000
v 5.18980 -3.88534 38.74000
v 5.22969 -0.17459 38.42000
v 5.22969 -0.17459 38.74000
v 5.23622 0.87183 38.42000
v 5.23622 0.87183 38.74000
v 5.25076 -5.62383 38.42000
v 5.25076 -5.62383 38.74000
v 5.27171 -0.08244 38.42000
v 5.27171 -0.08244 38.74000
v 5.27589 0.78563 38.42000
v 5.27589 0.78563 38.74000
v 5.30441 0.01853 38.42000
v 5.30441 0.01853 38.74000
v 5.30676 0.69278 38.42000
v 5.30676 0.69278 38.74000
v 5.32776 0.12831 38.42000
v 5.32776 0.12831 38.74000
v 5.32881 0.59328 38.42000
v 5.32881 0.59328 38.74000
v 5.34178 0.24690 38.42000
v 5.34178 0.24690 38.74000
v 5.34204 0.48712 38.42000
v 5.34204 0.48712 38.74000
v 5.34645 0.37432 38.42000
v 5.34645 0.37432 38.74000
v 5.36293 2.01499 38.42000
v 5.36293 2.01499 38.74000
v 5.38643 -1.23591 38.42000
v 5.38643 -1.23591 38.74000
v 5.38951 -6.09051 38.42000
v 5.38951 -6.09051 38.74000
v 5.53110 1.94959 38.42000
v 5.53110 1.94959 38.74000
v 5.57106 -1.14680 38.42000
v 5.57106 -1.14680 38.74000
v 5.65230 -6.84731 38.42000
v 5.65230 -6.84731 38.74000
v 5.68726 1.86551 38.42000
v 5.68726 1.86551 38.74000
v 5.74020 -1.03787 38.42000
v 5.74020 -1.03787 38.74000
v 5.83136 1.76276 38.42000
v 5.83136 1.76276 38.74000
v 5.89389 -0.90914 38.42000
v 5.89389 -0.90914 38.74000
v 5.96346 1.64131 38.42000
v 5.96346 1.64131 38.74000
v 6.02943 -0.76368 38.42000
v 6.02943 -0.76368 38.74000
v 6.08052 1.50380 38.42000
v 6.08052 1.50380 38.74000
v 6.10449 3.07312 38.42000
v 6.10449 3.07312 38.74000
v 6.10449 3.83846 38.42000
v 6.10449 3.83846 38.74000
v 6.14410 -0.60455 38.42000
v 6.14410 -0.60455 38.74000
v 6.17960 1.35285 38.42000
v 6.17960 1.35285 38.74000
v 6.23793 -0.43173 38.42000
v 6.23793 -0.43173 38.74000
v 6.26065 1.18846 38.42000
v 6.26065 1.18846 38.74000
v 6.26613 -6.84731 38.42000
v 6.26613 -6.84731 38.74000
v 6.31091 -0.24523 38.42000
v 6.31091 -0.24523 38.74000
v 6.32368 1.01061 38.42000
v 6.32368 1.01061 38.74000
v 6.36304 -0.04507 38.42000
v 6.36304 -0.04507 38.74000
v 6.36871 0.81929 38.42000
v 6.36871 0.81929 38.74000
v 6.39432 0.16878 38.42000
v 6.39432 0.16878 38.74000
v 6.39574 0.61452 38.42000
v 6.39574 0.61452 38.74000
v 6.40474 0.39630 38.42000
v 6.40474 0.39630 38.74000
v 12.05000 -14.25000 37.35000
v 12.05000 -14.25000 38.20000
v 12.05000 14.25000 37.35000
v 12.05000 14.25000 38.20000
v 12.06880 -14.53720 37.35000
v 12.06880 -14.53720 38.20000
v 12.06880 -13.96280 37.35000
v 12.06880 -13.96280 38.20000
v 12.06880 13.96280 37.35000
v 12.06880 13.96280 38.20000
v 12.06880 14.53720 37.35000
v 12.06880 14.53720 38.20000
v 12.12500 -14.81940 37.35000
v 12.12500 -14.81940 38.20000
v 12.12500 -13.68060 37.35000
v 12.12500 -13.68060 38.20000
v 12.12500 13.68060 37.35000
v 12.12500 13.68060 38.20000
v 12.12500 14.81940 37.35000
v 12.12500 14.81940 38.20000
v 12.18630 -15.00000 38.20000
v 12.18630 -15.00000 38.70000
v 12.18630 15.00000 38.20000
v 12.18630 15.00000 38.70000
v 12.21750 -15.09190 37.35000
v 12.21750 -15.09190 38.70000
v 12.21750 -13.40810 37.35000
v 12.21750 -13.40810 38.20000
v 12.21750 13.40810 37.35000
v 12.21750 13.40810 38.20000
v 12.21750 15.09190 37.35000
v 12.21750 15.09190 38.70000
v 12.34470 -15.35000 37.35000
v 12.34470 -15.35000 38.70000
v 12.34470 -13.15000 37.35000
v 12.34470 -13.15000 38.20000
v 12.34470 13.15000 37.35000
v 12.34470 13.15000 38.20000
v 12.34470 15.35000 37.35000
v 12.34470 15.35000 38.70000
v 12.50000 -14.25000 37.55000
v 12.50000 -14.25000 38.05000
v 12.50000 14.25000 37.55000
v 12.50000 14.25000 38.05000
v 12.50460 -15.58930 37.35000
v 12.50460 -15.58930 38.70000
v 12.50460 -12.91070 37.35000
v 12.50460 -12.91070 38.20000
v 12.50460 12.91070 37.35000
v 12.50460 12.91070 38.20000
v 12.50460 15.58930 37.35000
v 12.50460 15.58930 38.70000
v 12.51500 -14.47840 37.55000
v 12.51500 -14.47840 38.05000
v 12.51500 -14.02160 37.55000
v 12.51500 -14.02160 38.05000
v 12.51500 14.02160 37.55000
v 12.51500 14.02160 38.05000
v 12.51500 14.47840 37.55000
v 12.51500 14.47840 38.05000
v 12.55960 -14.70290 37.55000
v 12.55960 -14.70290 38.05000
v 12.55960 -13.79710 37.55000
v 12.55960 -13.79710 38.05000
v 12.55960 13.79710 37.55000
v 12.55960 13.79710 38.05000
v 12.55960 14.70290 37.55000
v 12.55960 14.70290 38.05000
v 12.63320 -14.91970 37.55000
v 12.63320 -14.91970 38.05000
v 12.63320 -13.58030 37.55000
v 12.63320 -13.58030 38.05000
v 12.63320 13.58030 37.55000
v 12.63320 13.58030 38.05000
v 12.63320 14.91970 37.55000
v 12.63320 14.91970 38.05000
v 12.69440 -15.80560 37.35000
v 12.69440 -15.80560 38.70000
v 12.69440 -12.69440 37.35000
v 12.69440 -12.69440 38.20000
v 12.69440 12.69440 37.35000
v 12.69440 12.69440 38.20000
v 12.69440 15.80560 37.35000
v 12.69440 15.80560 38.70000
v 12.73450 -15.12500 37.55000
v 12.73450 -15.12500 38.05000
v 12.73450 -13.37500 37.55000
v 12.73450 -13.37500 38.05000
v 12.73450 13.37500 37.55000
v 12.73450 13.37500 38.05000
v 12.73450 15.12500 37.55000
v 12.73450 15.12500 38.05000
v 12.86160 -15.31530 37.55000
v 12.86160 -15.31530 38.05000
v 12.86160 -13.18470 37.55000
v 12.86160 -13.18470 38.05000
v 12.86160 13.18470 37.55000
v 12.86160 13.18470 38.05000
v 12.86160 15.31530 37.55000
v 12.86160 15.31530 38.05000
v 12.91070 -15.99540 37.35000
v 12.91070 -15.99540 38.70000
v 12.91070 -12.50460 37.35000
v 12.91070 -12.50460 38.20000
v 12.91070 12.50460 37.35000
v 12.91070 12.50460 38.20000
v 12.91070 15.99540 37.35000
v 12.91070 15.99540 38.70000
v 13.01260 -15.48740 37.55000
v 13.01260 -15.48740 38.05000
v 13.01260 -13.01260 37.55000
v 13.01260 -13.01260 38.05000
v 13.01260 13.01260 37.55000
v 13.01260 13.01260 38.05000
v 13.01260 15.48740 37.55000
v 13.01260 15.48740 38.05000
v 13.10000 -14.25000 35.50000
v 13.10000 -14.25000 37.35000
v 13.10000 14.25000 35.50000
v 13.10000 14.25000 37.35000
v 13.10980 -14.40010 35.50000
v 13.10980 -14.40010 37.35000
v 13.10980 -14.09990 35.50000
v 13.10980 -14.09990 37.35000
v 13.10980 14.09990 35.50000
v 13.10980 14.09990 37.35000
v 13.10980 14.40010 35.50000
v 13.10980 14.40010 37.35000
v 13.13920 -14.54760 35.50000
v 13.13920 -14.54760 37.35000
v 13.13920 -13.95240 35.50000
v 13.13920 -13.95240 37.35000
v 13.13920 13.95240 35.50000
v 13.13920 13.95240 37.35000
v 13.13920 14.54760 35.50000
v 13.13920 14.54760 37.35000
v 13.15000 -16.15530 37.35000
v 13.15000 -16.15530 38.70000
v 13.15000 -12.34470 37.35000
v 13.15000 -12.34470 38.20000
v 13.15000 12.34470 37.35000
v 13.15000 12.34470 38.20000
v 13.15000 16.15530 37.35000
v 13.15000 16.15530 38.70000
v 13.18470 -15.63840 37.55000
v 13.18470 -15.63840 38.05000
v 13.18470 -12.86160 37.55000
v 13.18470 -12.86160 38.05000
v 13.18470 12.86160 37.55000
v 13.18470 12.86160 38.05000
v 13.18470 15.63840 37.55000
v 13.18470 15.63840 38.05000
v 13.18750 -14.69010 35.50000
v 13.18750 -14.69010 37.35000
v 13.18750 -13.80990 35.50000
v 13.18750 -13.80990 37.35000
v 13.18750 13.80990 35.50000
v 13.18750 13.80990 37.35000
v 13.18750 14.69010 35.50000
v 13.18750 14.69010 37.35000
v 13.20000 -14.25000 38.05000
v 13.20000 -14.25000 38.40000
v 13.20000 14.25000 38.05000
v 13.20000 14.25000 38.40000
v 13.20900 -14.38710 38.05000
v 13.20900 -14.38710 38.40000
v 13.20900 -14.11290 38.05000
v 13.20900 -14.11290 38.40000
v 13.20900 14.11290 38.05000
v 13.20900 14.11290 38.40000
v 13.20900 14.38710 38.05000
v 13.20900 14.38710 38.40000
v 13.23580 -14.52180 38.05000
v 13.23580 -14.52180 38.40000
v 13.23580 -13.97820 38.05000
v 13.23580 -13.97820 38.40000
v 13.23580 13.97820 38.05000
v 13.23580 13.97820 38.40000
v 13.23580 14.52180 38.05000
v 13.23580 14.52180 38.40000
v 13.25410 -14.82500 35.50000
v 13.25410 -14.82500 37.35000
v 13.25410 -13.67500 35.50000
v 13.25410 -13.67500 37.35000
v 13.25410 13.67500 35.50000
v 13.25410 13.67500 37.35000
v 13.25410 14.82500 35.50000
v 13.25410 14.82500 37.35000
v 13.27990 -14.65180 38.05000
v 13.27990 -14.65180 38.40000
v 13.27990 -13.84820 38.05000
v 13.27990 -13.84820 38.40000
v 13.27990 13.84820 38.05000
v 13.27990 13.84820 38.40000
v 13.27990 14.65180 38.05000
v 13.27990 14.65180 38.40000
v 13.33760 -14.95010 35.50000
v 13.33760 -14.95010 37.35000
v 13.33760 -13.54990 35.50000
v 13.33760 -13.54990 37.35000
v 13.33760 13.54990 35.50000
v 13.33760 13.54990 37.35000
v 13.33760 14.95010 35.50000
v 13.33760 14.95010 37.35000
v 13.34070 -14.77500 38.05000
v 13.34070 -14.77500 38.40000
v 13.34070 -13.72500 38.05000
v 13.34070 -13.72500 38.40000
v 13.34070 13.72500 38.05000
v 13.34070 13.72500 38.40000
v 13.34070 14.77500 38.05000
v 13.34070 14.77500 38.40000
v 13.37500 -15.76550 37.55000
v 13.37500 -15.76550 38.05000
v 13.37500 -12.73450 37.55000
v 13.37500 -12.73450 38.05000
v 13.37500 12.73450 37.55000
v 13.37500 12.73450 38.05000
v 13.37500 15.76550 37.55000
v 13.37500 15.76550 38.05000
v 13.40810 -16.28250 37.35000
v 13.40810 -16.28250 38.70000
v 13.40810 -12.21750 37.35000
v 13.40810 -12.21750 38.20000
v 13.40810 12.21750 37.35000
v 13.40810 12.21750 38.20000
v 13.40810 16.28250 37.35000
v 13.40810 16.28250 38.70000
v 13.41700 -14.88920 38.05000
v 13.41700 -14.88920 38.40000
v 13.41700 -13.61080 38.05000
v 13.41700 -13.61080 38.40000
v 13.41700 13.61080 38.05000
v 13.41700 13.61080 38.40000
v 13.41700 14.88920 38.05000
v 13.41700 14.88920 38.40000
v 13.43680 -15.06320 35.50000
v 13.43680 -15.06320 37.35000
v 13.43680 -13.43680 35.50000
v 13.43680 -13.43680 37.35000
v 13.43680 13.43680 35.50000
v 13.43680 13.43680 37.35000
v 13.43680 15.06320 35.50000
v 13.43680 15.06320 37.35000
v 13.50750 -14.99250 38.05000
v 13.50750 -14.99250 38.40000
v 13.50750 -13.50750 38.05000
v 13.50750 -13.50750 38.40000
v 13.50750 13.50750 38.05000
v 13.50750 13.50750 38.40000
v 13.50750 14.99250 38.05000
v 13.50750 14.99250 38.40000
v 13.54990 -15.16240 35.50000
v 13.54990 -15.16240 37.35000
v 13.54990 -13.33760 35.50000
v 13.54990 -13.33760 37.35000
v 13.54990 13.33760 35.50000
v 13.54990 13.33760 37.35000
v 13.54990 15.16240 35.50000
v 13.54990 15.16240 37.35000
v 13.58030 -15.86680 37.55000
v 13.58030 -15.86680 38.05000
v 13.58030 -12.63320 37.55000
v 13.58030 -12.63320 38.05000
v 13.58030 12.63320 37.55000
v 13.58030 12.63320 38.05000
v 13.58030 15.86680 37.55000
v 13.58030 15.86680 38.05000
v 13.61080 -15.08300 38.05000
v 13.61080 -15.08300 38.40000
v 13.61080 -13.41700 38.05000
v 13.61080 -13.41700 38.40000
v 13.61080 13.41700 38.05000
v 13.61080 13.41700 38.40000
v 13.61080 15.08300 38.05000
v 13.61080 15.08300 38.40000
v 13.67500 -15.24590 35.50000
v 13.67500 -15.24590 37.35000
v 13.67500 -13.25410 35.50000
v 13.67500 -13.25410 37.35000
v 13.67500 13.25410 35.50000
v 13.67500 13.25410 37.35000
v 13.67500 15.24590 35.50000
v 13.67500 15.24590 37.35000
v 13.68060 -16.37500 37.35000
v 13.68060 -16.37500 38.70000
v 13.68060 -12.12500 37.35000
v 13.68060 -12.12500 38.20000
v 13.68060 12.12500 37.35000
v 13.68060 12.12500 38.20000
v 13.68060 16.37500 37.35000
v 13.68060 16.37500 38.70000
v 13.72500 -15.15930 38.05000
v 13.72500 -15.15930 38.40000
v 13.72500 -13.34070 38.05000
v 13.72500 -13.34070 38.40000
v 13.72500 13.34070 38.05000
v 13.72500 13.34070 38.40000
v 13.72500 15.15930 38.05000
v 13.72500 15.15930 38.40000
v 13.79710 -15.94040 37.55000
v 13.79710 -15.94040 38.05000
v 13.79710 -12.55960 37.55000
v 13.79710 -12.55960 38.05000
v 13.79710 12.55960 37.55000
v 13.79710 12.55960 38.05000
v 13.79710 15.94040 37.55000
v 13.79710 15.94040 38.05000
v 13.80990 -15.31250 35.50000
v 13.80990 -15.31250 37.35000
v 13.80990 -13.18750 35.50000
v 13.80990 -13.18750 37.35000
v 13.80990 13.18750 35.50000
v 13.80990 13.18750 37.35000
v 13.80990 15.31250 35.50000
v 13.80990 15.31250 37.35000
v 13.84820 -15.22010 38.05000
v 13.84820 -15.22010 38.40000
v 13.84820 -13.27990 38.05000
v 13.84820 -13.27990 38.40000
v 13.84820 13.27990 38.05000
v 13.84820 13.27990 38.40000
v 13.84820 15.22010 38.05000
v 13.84820 15.22010 38.40000
v 13.95240 -15.36080 35.50000
v 13.95240 -15.36080 37.35000
v 13.95240 -13.13920 35.50000
v 13.95240 -13.13920 37.35000
v 13.95240 13.13920 35.50000
v 13.95240 13.13920 37.35000
v 13.95240 15.36080 35.50000
v 13.95240 15.36080 37.35000
v 13.96280 -16.43120 37.35000
v 13.96280 -16.43120 38.70000
v 13.96280 -12.06880 37.35000
v 13.96280 -12.06880 38.20000
v 13.96280 12.06880 37.35000
v 13.96280 12.06880 38.20000
v 13.96280 16.43120 37.35000
v 13.96280 16.43120 38.70000
v 13.97820 -15.26420 38.05000
v 13.97820 -15.26420 38.40000
v 13.97820 -13.23580 38.05000
v 13.97820 -13.23580 38.40000
v 13.97820 13.23580 38.05000
v 13.97820 13.23580 38.40000
v 13.97820 15.26420 38.05000
v 13.97820 15.26420 38.40000
v 14.02160 -15.98500 37.55000
v 14.02160 -15.98500 38.05000
v 14.02160 -12.51500 37.55000
v 14.02160 -12.51500 38.05000
v 14.02160 12.51500 37.55000
v 14.02160 12.51500 38.05000
v 14.02160 15.98500 37.55000
v 14.02160 15.98500 38.05000
v 14.09990 -15.39020 35.50000
v 14.09990 -15.39020 37.35000
v 14.09990 -13.10980 35.50000
v 14.09990 -13.10980 37.35000
v 14.09990 13.10980 35.50000
v 14.09990 13.10980 37.35000
v 14.09990 15.39020 35.50000
v 14.09990 15.39020 37.35000
v 14.11290 -15.29100 38.05000
v 14.11290 -15.29100 38.40000
v 14.11290 -13.20900 38.05000
v 14.11290 -13.20900 38.40000
v 14.11290 13.20900 38.05000
v 14.11290 13.20900 38.40000
v 14.11290 15.29100 38.05000
v 14.11290 15.29100 38.40000
v 14.25000 -16.45000 37.35000
v 14.25000 -16.45000 38.70000
v 14.25000 -16.00000 37.55000
v 14.25000 -16.00000 38.05000
v 14.25000 -15.40000 35.50000
v 14.25000 -15.40000 37.35000
v 14.25000 -15.30000 38.05000
v 14.25000 -15.30000 38.40000
v 14.25000 -13.20000 38.05000
v 14.25000 -13.20000 38.40000
v 14.25000 -13.10000 35.50000
v 14.25000 -13.10000 37.35000
v 14.25000 -12.50000 37.55000
v 14.25000 -12.50000 38.05000
v 14.25000 -12.05000 37.35000
v 14.25000 -12.05000 38.20000
v 14.25000 12.05000 37.35000
v 14.25000 12.05000 38.20000
v 14.25000 12.50000 37.55000
v 14.25000 12.50000 38.05000
v 14.25000 13.10000 35.50000
v 14.25000 13.10000 37.35000
v 14.25000 13.20000 38.05000
v 14.25000 13.20000 38.40000
v 14.25000 15.30000 38.05000
v 14.25000 15.30000 38.40000
v 14.25000 15.40000 35.50000
v 14.25000 15.40000 37.35000
v 14.25000 16.00000 37.55000
v 14.25000 16.00000 38.05000
v 14.25000 16.45000 37.35000
v 14.25000 16.45000 38.70000
v 14.38710 -15.29100 38.05000
v 14.38710 -15.29100 38.40000
v 14.38710 -13.20900 38.05000
v 14.38710 -13.20900 38.40000
v 14.38710 13.20900 38.05000
v 14.38710 13.20900 38.40000
v 14.38710 15.29100 38.05000
v 14.38710 15.29100 38.40000
v 14.40010 -15.39020 35.50000
v 14.40010 -15.39020 37.35000
v 14.40010 -13.10980 35.50000
v 14.40010 -13.10980 37.35000
v 14.40010 13.10980 35.50000
v 14.40010 13.10980 37.35000
v 14.40010 15.39020 35.50000
v 14.40010 15.39020 37.35000
v 14.47840 -15.98500 37.55000
v 14.47840 -15.98500 38.05000
v 14.47840 -12.51500 37.55000
v 14.47840 -12.51500 38.05000
v 14.47840 12.51500 37.55000
v 14.47840 12.51500 38.05000
v 14.47840 15.98500 37.55000
v 14.47840 15.98500 38.05000
v 14.52180 -15.26420 38.05000
v 14.52180 -15.26420 38.40000
v 14.52180 -13.23580 38.05000
v 14.52180 -13.23580 38.40000
v 14.52180 13.23580 38.05000
v 14.52180 13.23580 38.40000
v 14.52180 15.26420 38.05000
v 14.52180 15.26420 38.40000
v 14.53720 -16.43120 37.35000
v 14.53720 -16.43120 38.70000
v 14.53720 -12.06880 37.35000
v 14.53720 -12.06880 38.20000
v 14.53720 12.06880 37.35000
v 14.53720 12.06880 38.20000
v 14.53720 16.43120 37.35000
v 14.53720 16.43120 38.70000
v 14.54760 -15.36080 35.50000
v 14.54760 -15.36080 37.35000
v 14.54760 -13.13920 35.50000
v 14.54760 -13.13920 37.35000
v 14.54760 13.13920 35.50000
v 14.54760 13.13920 37.35000
v 14.54760 15.36080 35.50000
v 14.54760 15.36080 37.35000
v 14.65180 -15.22010 38.05000
v 14.65180 -15.22010 38.40000
v 14.65180 -13.27990 38.05000
v 14.65180 -13.27990 38.40000
v 14.65180 13.27990 38.05000
v 14.65180 13.27990 38.40000
v 14.65180 15.22010 38.05000
v 14.65180 15.22010 38.40000
v 14.69010 -15.31250 35.50000
v 14.69010 -15.31250 37.35000
v 14.69010 -13.18750 35.50000
v 14.69010 -13.18750 37.35000
v 14.69010 13.18750 35.50000
v 14.69010 13.18750 37.35000
v 14.69010 15.31250 35.50000
v 14.69010 15.31250 37.35000
v 14.70290 -15.94040 37.55000
v 14.70290 -15.94040 38.05000
v 14.70290 -12.55960 37.55000
v 14.70290 -12.55960 38.05000
v 14.70290 12.55960 37.55000
v 14.70290 12.55960 38.05000
v 14.70290 15.94040 37.55000
v 14.70290 15.94040 38.05000
v 14.77500 -15.15930 38.05000
v 14.77500 -15.15930 38.40000
v 14.77500 -13.34070 38.05000
v 14.77500 -13.34070 38.40000
v 14.77500 13.34070 38.05000
v 14.77500 13.34070 38.40000
v 14.77500 15.15930 38.05000
v 14.77500 15.15930 38.40000
v 14.81940 -16.37500 37.35000
v 14.81940 -16.37500 38.70000
v 14.81940 -12.12500 37.35000
v 14.81940 -12.12500 38.20000
v 14.81940 12.12500 37.35000
v 14.81940 12.12500 38.20000
v 14.81940 16.37500 37.35000
v 14.81940 16.37500 38.70000
v 14.82500 -15.24590 35.50000
v 14.82500 -15.24590 37.35000
v 14.82500 -13.25410 35.50000
v 14.82500 -13.25410 37.35000
v 14.82500 13.25410 35.50000
v 14.82500 13.25410 37.35000
v 14.82500 15.24590 35.50000
v 14.82500 15.24590 37.35000
v 14.88920 -15.08300 38.05000
v 14.88920 -15.08300 38.40000
v 14.88920 -13.41700 38.05000
v 14.88920 -13.41700 38.40000
v 14.88920 13.41700 38.05000
v 14.88920 13.41700 38.40000
v 14.88920 15.08300 38.05000
v 14.88920 15.08300 38.40000
v 14.91970 -15.86680 37.55000
v 14.91970 -15.86680 38.05000
v 14.91970 -12.63320 37.55000
v 14.91970 -12.63320 38.05000
v 14.91970 12.63320 37.55000
v 14.91970 12.63320 38.05000
v 14.91970 15.86680 37.55000
v 14.91970 15.86680 38.05000
v 14.95010 -15.16240 35.50000
v 14.95010 -15.16240 37.35000
v 14.95010 -13.33760 35.50000
v 14.95010 -13.33760 37.35000
v 14.95010 13.33760 35.50000
v 14.95010 13.33760 37.35000
v 14.95010 15.16240 35.50000
v 14.95010 15.16240 37.35000
v 14.99250 -14.99250 38.05000
v 14.99250 -14.99250 38.40000
v 14.99250 -13.50750 38.05000
v 14.99250 -13.50750 38.40000
v 14.99250 13.50750 38.05000
v 14.99250 13.50750 38.40000
v 14.99250 14.99250 38.05000
v 14.99250 14.99250 38.40000
v 15.00000 -12.18630 38.20000
v 15.00000 -12.18630 38.70000
v 15.00000 12.18630 38.20000
v 15.00000 12.18630 38.70000
v 15.06320 -15.06320 35.50000
v 15.06320 -15.06320 37.35000
v 15.06320 -13.43680 35.50000
v 15.06320 -13.43680 37.35000
v 15.06320 13.43680 35.50000
v 15.06320 13.43680 37.35000
v 15.06320 15.06320 35.50000
v 15.06320 15.06320 37.35000
v 15.08300 -14.88920 38.05000
v 15.08300 -14.88920 38.40000
v 15.08300 -13.61080 38.05000
v 15.08300 -13.61080 38.40000
v 15.08300 13.61080 38.05000
v 15.08300 13.61080 38.40000
v 15.08300 14.88920 38.05000
v 15.08300 14.88920 38.40000
v 15.09190 -16.28250 37.35000
v 15.09190 -16.28250 38.70000
v 15.09190 -12.21750 37.35000
v 15.09190 -12.21750 38.70000
v 15.09190 12.21750 37.35000
v 15.09190 12.21750 38.70000
v 15.09190 16.28250 37.35000
v 15.09190 16.28250 38.70000
v 15.12500 -15.76550 37.55000
v 15.12500 -15.76550 38.05000
v 15.12500 -12.73450 37.55000
v 15.12500 -12.73450 38.05000
v 15.12500 12.73450 37.55000
v 15.12500 12.73450 38.05000
v 15.12500 15.76550 37.55000
v 15.12500 15.76550 38.05000
v 15.15930 -14.77500 38.05000
v 15.15930 -14.77500 38.40000
v 15.15930 -13.72500 38.05000
v 15.15930 -13.72500 38.40000
v 15.15930 13.72500 38.05000
v 15.15930 13.72500 38.40000
v 15.15930 14.77500 38.05000
v 15.15930 14.77500 38.40000
v 15.16240 -14.95010 35.50000
v 15.16240 -14.95010 37.35000
v 15.16240 -13.54990 35.50000
v 15.16240 -13.54990 37.35000
v 15.16240 13.54990 35.50000
v 15.16240 13.54990 37.35000
v 15.16240 14.95010 35.50000
v 15.16240 14.95010 37.35000
v 15.22010 -14.65180 38.05000
v 15.22010 -14.65180 38.40000
v 15.22010 -13.84820 38.05000
v 15.22010 -13.84820 38.40000
v 15.22010 13.84820 38.05000
v 15.22010 13.84820 38.40000
v 15.22010 14.65180 38.05000
v 15.22010 14.65180 38.40000
v 15.24590 -14.82500 35.50000
v 15.24590 -14.82500 37.35000
v 15.24590 -13.67500 35.50000
v 15.24590 -13.67500 37.35000
v 15.24590 13.67500 35.50000
v 15.24590 13.67500 37.35000
v 15.24590 14.82500 35.50000
v 15.24590 14.82500 37.35000
v 15.26420 -14.52180 38.05000
v 15.26420 -14.52180 38.40000
v 15.26420 -13.97820 38.05000
v 15.26420 -13.97820 38.40000
v 15.26420 13.97820 38.05000
v 15.26420 13.97820 38.40000
v 15.26420 14.52180 38.05000
v 15.26420 14.52180 38.40000
v 15.29100 -14.38710 38.05000
v 15.29100 -14.38710 38.40000
v 15.29100 -14.11290 38.05000
v 15.29100 -14.11290 38.40000
v 15.29100 14.11290 38.05000
v 15.29100 14.11290 38.40000
v 15.29100 14.38710 38.05000
v 15.29100 14.38710 38.40000
v 15.30000 -14.25000 38.05000
v 15.30000 -14.25000 38.40000
v 15.30000 14.25000 38.05000
v 15.30000 14.25000 38.40000
v 15.31250 -14.69010 35.50000
v 15.31250 -14.69010 37.35000
v 15.31250 -13.80990 35.50000
v 15.31250 -13.80990 37.35000
v 15.31250 13.80990 35.50000
v 15.31250 13.80990 37.35000
v 15.31250 14.69010 35.50000
v 15.31250 14.69010 37.35000
v 15.31530 -15.63840 37.55000
v 15.31530 -15.63840 38.05000
v 15.31530 -12.86160 37.55000
v 15.31530 -12.86160 38.05000
v 15.31530 12.86160 37.55000
v 15.31530 12.86160 38.05000
v 15.31530 15.63840 37.55000
v 15.31530 15.63840 38.05000
v 15.35000 -16.15530 37.35000
v 15.35000 -16.15530 38.70000
v 15.35000 -12.34470 37.35000
v 15.35000 -12.34470 38.70000
v 15.35000 12.34470 37.35000
v 15.35000 12.34470 38.70000
v 15.35000 16.15530 37.35000
v 15.35000 16.15530 38.70000
v 15.36080 -14.54760 35.50000
v 15.36080 -14.54760 37.35000
v 15.36080 -13.95240 35.50000
v 15.36080 -13.95240 37.35000
v 15.36080 13.95240 35.50000
v 15.36080 13.95240 37.35000
v 15.36080 14.54760 35.50000
v 15.36080 14.54760 37.35000
v 15.39020 -14.40010 35.50000
v 15.39020 -14.40010 37.35000
v 15.39020 -14.09990 35.50000
v 15.39020 -14.09990 37.35000
v 15.39020 14.09990 35.50000
v 15.39020 14.09990 37.35000
v 15.39020 14.40010 35.50000
v 15.39020 14.40010 37.35000
v 15.40000 -14.25000 35.50000
v 15.40000 -14.25000 37.35000
v 15.40000 14.25000 35.50000
v 15.40000 14.25000 37.35000
v 15.48740 -15.48740 37.55000
v 15.48740 -15.48740 38.05000
v 15.48740 -13.01260 37.55000
v 15.48740 -13.01260 38.05000
v 15.48740 13.01260 37.55000
v 15.48740 13.01260 38.05000
v 15.48740 15.48740 37.55000
v 15.48740 15.48740 38.05000
v 15.58930 -15.99540 37.35000
v 15.58930 -15.99540 38.70000
v 15.58930 -12.50460 37.35000
v 15.58930 -12.50460 38.70000
v 15.58930 12.50460 37.35000
v 15.58930 12.50460 38.70000
v 15.58930 15.99540 37.35000
v 15.58930 15.99540 38.70000
v 15.63840 -15.31530 37.55000
v 15.63840 -15.31530 38.05000
v 15.63840 -13.18470 37.55000
v 15.63840 -13.18470 38.05000
v 15.63840 13.18470 37.55000
v 15.63840 13.18470 38.05000
v 15.63840 15.31530 37.55000
v 15.63840 15.31530 38.05000
v 15.76550 -15.12500 37.55000
v 15.76550 -15.12500 38.05000
v 15.76550 -13.37500 37.55000
v 15.76550 -13.37500 38.05000
v 15.76550 13.37500 37.55000
v 15.76550 13.37500 38.05000
v 15.76550 15.12500 37.55000
v 15.76550 15.12500 38.05000
v 15.80560 -15.80560 37.35000
v 15.80560 -15.80560 38.70000
v 15.80560 -12.69440 37.35000
v 15.80560 -12.69440 38.70000
v 15.80560 12.69440 37.35000
v 15.80560 12.69440 38.70000
v 15.80560 15.80560 37.35000
v 15.80560 15.80560 38.70000
v 15.86680 -14.91970 37.55000
v 15.86680 -14.91970 38.05000
v 15.86680 -13.58030 37.55000
v 15.86680 -13.58030 38.05000
v 15.86680 13.58030 37.55000
v 15.86680 13.58030 38.05000
v 15.86680 14.91970 37.55000
v 15.86680 14.91970 38.05000
v 15.94040 -14.70290 37.55000
v 15.94040 -14.70290 38.05000
v 15.94040 -13.79710 37.55000
v 15.94040 -13.79710 38.05000
v 15.94040 13.79710 37.55000
v 15.94040 13.79710 38.05000
v 15.94040 14.70290 37.55000
v 15.94040 14.70290 38.05000
v 15.98500 -14.47840 37.55000
v 15.98500 -14.47840 38.05000
v 15.98500 -14.02160 37.55000
v 15.98500 -14.02160 38.05000
v 15.98500 14.02160 37.55000
v 15.98500 14.02160 38.05000
v 15.98500 14.47840 37.55000
v 15.98500 14.47840 38.05000
v 15.99540 -15.58930 37.35000
v 15.99540 -15.58930 38.70000
v 15.99540 -12.91070 37.35000
v 15.99540 -12.91070 38.70000
v 15.99540 12.91070 37.35000
v 15.99540 12.91070 38.70000
v 15.99540 15.58930 37.35000
v 15.99540 15.58930 38.70000
v 16.00000 -14.25000 37.55000
v 16.00000 -14.25000 38.05000
v 16.00000 14.25000 37.55000
v 16.00000 14.25000 38.05000
v 16.15530 -15.35000 37.35000
v 16.15530 -15.35000 38.70000
v 16.15530 -13.15000 37.35000
v 16.15530 -13.15000 38.70000
v 16.15530 13.15000 37.35000
v 16.15530 13.15000 38.70000
v 16.15530 15.35000 37.35000
v 16.15530 15.35000 38.70000
v 16.28250 -15.09190 37.35000
v 16.28250 -15.09190 38.70000
v 16.28250 -13.40810 37.35000
v 16.28250 -13.40810 38.70000
v 16.28250 13.40810 37.35000
v 16.28250 13.40810 38.70000
v 16.28250 15.09190 37.35000
v 16.28250 15.09190 38.70000
v 16.37500 -14.81940 37.35000
v 16.37500 -14.81940 38.70000
v 16.37500 -13.68060 37.35000
v 16.37500 -13.68060 38.70000
v 16.37500 13.68060 37.35000
v 16.37500 13.68060 38.70000
v 16.37500 14.81940 37.35000
v 16.37500 14.81940 38.70000
v 16.43120 -14.53720 37.35000
v 16.43120 -14.53720 38.70000
v 16.43120 -13.96280 37.35000
v 16.43120 -13.96280 38.70000
v 16.43120 13.96280 37.35000
v 16.43120 13.96280 38.70000
v 16.43120 14.53720 37.35000
v 16.43120 14.53720 38.70000
v 16.45000 -14.25000 37.35000
v 16.45000 -14.25000 38.70000
v 16.45000 14.25000 37.35000
v 16.45000 14.25000 38.70000
v 16.50000 -17.70000 38.70000
v 16.50000 17.70000 38.70000
v 16.65660 -17.68970 38.70000
v 16.65660 17.68970 38.70000
v 16.70000 -18.50000 6.50000
v 16.70000 -18.50000 37.70000
v 16.70000 18.50000 6.50000
v 16.70000 18.50000 37.70000
v 16.81060 -17.65910 38.70000
v 16.81060 17.65910 38.70000
v 16.93490 -18.48460 6.50000
v 16.93490 -18.48460 37.70000
v 16.93490 18.48460 6.50000
v 16.93490 18.48460 37.70000
v 16.95920 -17.60870 38.70000
v 16.95920 17.60870 38.70000
v 17.10000 -17.53920 38.70000
v 17.10000 17.53920 38.70000
v 17.16590 -18.43870 6.50000
v 17.16590 -18.43870 37.70000
v 17.16590 18.43870 6.50000
v 17.16590 18.43870 37.70000
v 17.23050 -17.45200 38.70000
v 17.23050 17.45200 38.70000
v 17.34850 -17.34850 38.70000
v 17.34850 17.34850 38.70000
v 17.38880 -18.36300 6.50000
v 17.38880 -18.36300 37.70000
v 17.38880 18.36300 6.50000
v 17.38880 18.36300 37.70000
v 17.45200 -17.23050 38.70000
v 17.45200 17.23050 38.70000
v 17.53920 -17.10000 38.70000
v 17.53920 17.10000 38.70000
v 17.60000 -18.25880 6.50000
v 17.60000 -18.25880 37.70000
v 17.60000 18.25880 6.50000
v 17.60000 18.25880 37.70000
v 17.60870 -16.95920 38.70000
v 17.60870 16.95920 38.70000
v 17.65910 -16.81060 38.70000
v 17.65910 16.81060 38.70000
v 17.68970 -16.65660 38.70000
v 17.68970 16.65660 38.70000
v 17.70000 -16.50000 38.70000
v 17.70000 16.50000 38.70000
v 17.79580 -18.12800 6.50000
v 17.79580 -18.12800 37.70000
v 17.79580 18.12800 6.50000
v 17.79580 18.12800 37.70000
v 17.97280 -17.97280 6.50000
v 17.97280 -17.97280 37.70000
v 17.97280 17.97280 6.50000
v 17.97280 17.97280 37.70000
v 18.12800 -17.79580 6.50000
v 18.12800 -17.79580 37.70000
v 18.12800 17.79580 6.50000
v 18.12800 17.79580 37.70000
v 18.25880 -17.60000 6.50000
v 18.25880 -17.60000 37.70000
v 18.25880 17.60000 6.50000
v 18.25880 17.60000 37.70000
v 18.36300 -17.38880 6.50000
v 18.36300 -17.38880 37.70000
v 18.36300 17.38880 6.50000
v 18.36300 17.38880 37.70000
v 18.43870 -17.16590 6.50000
v 18.43870 -17.16590 37.70000
v 18.43870 17.16590 6.50000
v 18.43870 17.16590 37.70000
v 18.48460 -16.93490 6.50000
v 18.48460 -16.93490 37.70000
v 18.48460 16.93490 6.50000
v 18.48460 16.93490 37.70000
v 18.50000 -16.70000 6.50000
v 18.50000 -16.70000 37.70000
v 18.50000 16.70000 6.50000
v 18.50000 16.70000 37.70000
f 1399 1391 1400
f 1392 1400 1391
f 1393 1401 1394
f 1402 1394 1401
f 1401 1407 1402
f 1408 1402 1407
f 1381 1393 1382
f 1394 1382 1393
f 642 636 641
f 635 641 636
f 1268 1267 1184
f 1183 1184 1267
f 1074 1073 1122
f 1121 1122 1073
f 1120 1119 1072
f 1071 1072 1119
f 1072 1071 1008
f 1007 1008 1071
f 710 709 734
f 733 734 709
f 678 666 677
f 665 677 666
f 1122 1121 1186
f 1185 1186 1121
f 1328 1327 1304
f 1303 1304 1327
f 770 769 854
f 853 854 769
f 1008 1007 968
f 967 968 1007
f 1359 1327 1360
f 1328 1360 1327
f 648 656 647
f 655 647 656
f 1184 1183 1120
f 1119 1120 1183
f 876 854 875
f 854 853 875
f 853 921 875
f 922 875 921
f 1329 1361 1330
f 1362 1330 1361
f 734 733 770
f 769 770 733
f 658 650 657
f 649 657 650
f 1373 1381 1374
f 1382 1374 1381
f 922 921 970
f 969 970 921
f 1306 1305 1330
f 1329 1330 1305
f 1407 1399 1408
f 1400 1408 1399
f 1186 1185 1270
f 1269 1270 1185
f 920 919 852
f 851 852 919
f 650 642 649
f 641 649 642
f 970 969 1022
f 1021 1022 969
f 968 967 920
f 919 920 967
f 1392 1391 1387
f 1391 1379 1387
f 1379 1380 1387
f 1388 1387 1380
f 1361 1373 1362
f 1374 1362 1373
f 656 664 655
f 663 655 664
f 1379 1371 1380
f 1372 1380 1371
f 676 708 675
f 707 675 708
f 1371 1359 1372
f 1360 1372 1359
f 1401 1292 1407
f 1393 1286 1401
f 1399 1407 1292
f 1381 1278 1393
f 1292 1284 1399
f 1373 1254 1381
f 1391 1399 1284
f 1361 1226 1373
f 1284 1276 1391
f 1329 1210 1361
f 1379 1391 1276
f 1305 1170 1329
f 1276 1252 1379
f 1371 1379 1252
f 1292 1401 1286
f 1286 1393 1278
f 1269 1154 1305
f 1278 1381 1254
f 1254 1373 1226
f 1226 1361 1210
f 1185 1130 1269
f 1210 1329 1170
f 1170 1305 1154
f 1154 1269 1130
f 1121 1098 1185
f 1130 1185 1098
f 1098 1121 1082
f 1121 1073 1082
f 1082 1073 1050
f 1073 1021 1050
f 1050 1021 1018
f 1018 1021 994
f 1021 969 994
f 994 969 962
f 969 921 962
f 946 962 921
f 921 853 946
f 914 946 853
f 853 769 914
f 890 914 769
f 769 733 890
f 870 890 733
f 733 709 870
f 830 870 709
f 709 677 830
f 814 830 677
f 677 665 814
f 786 814 665
f 1252 1224 1371
f 1359 1371 1224
f 1224 1208 1359
f 1327 1359 1208
f 1208 1168 1327
f 1303 1327 1168
f 1168 1152 1303
f 1267 1303 1152
f 1152 1128 1267
f 1183 1267 1128
f 1128 1096 1183
f 1119 1183 1096
f 1096 1080 1119
f 1119 1080 1071
f 1080 1048 1071
f 1048 1012 1071
f 1071 1012 1007
f 1012 992 1007
f 1007 992 967
f 992 960 967
f 944 919 960
f 967 960 919
f 912 851 944
f 888 767 912
f 868 731 888
f 919 944 851
f 828 707 868
f 812 675 828
f 784 663 812
f 851 912 767
f 760 655 784
f 752 647 760
f 748 639 752
f 665 657 786
f 767 888 731
f 762 786 657
f 731 868 707
f 657 649 762
f 707 828 675
f 754 762 649
f 675 812 663
f 649 641 754
f 663 784 655
f 748 754 641
f 655 760 647
f 641 635 748
f 647 752 639
f 639 748 635
f 710 678 709
f 677 709 678
f 1022 1021 1074
f 1073 1074 1021
f 1270 1269 1306
f 1305 1306 1269
f 852 851 768
f 767 768 851
f 664 676 663
f 675 663 676
f 640 648 639
f 647 639 648
f 732 731 708
f 707 708 731
f 666 658 665
f 657 665 658
f 636 640 635
f 639 635 640
f 1304 1303 1268
f 1267 1268 1303
f 768 767 732
f 731 732 767
f 1277 1285 1278
f 1286 1278 1285
f 1285 1291 1286
f 1292 1286 1291
f 914 913 946
f 945 946 913
f 1154 1153 1170
f 1169 1170 1153
f 994 993 1018
f 1017 1018 993
f 1128 1127 1096
f 1095 1096 1127
f 762 754 761
f 753 761 754
f 1080 1079 1048
f 1047 1048 1079
f 1012 1011 992
f 991 992 1011
f 912 911 888
f 887 888 911
f 1291 1283 1292
f 1284 1292 1283
f 754 748 753
f 747 753 748
f 1209 1225 1210
f 1226 1210 1225
f 1225 1253 1226
f 1254 1226 1253
f 760 784 759
f 783 759 784
f 1207 1167 1208
f 1168 1208 1167
f 1283 1275 1284
f 1276 1284 1275
f 784 812 783
f 811 783 812
f 946 945 962
f 961 962 945
f 870 869 890
f 889 890 869
f 890 889 914
f 913 914 889
f 1018 1017 1050
f 1049 1050 1017
f 828 868 827
f 867 827 868
f 1168 1167 1152
f 1151 1152 1167
f 1048 1047 1012
f 1011 1012 1047
f 1130 1129 1154
f 1153 1154 1129
f 944 943 912
f 911 912 943
f 1152 1151 1128
f 1127 1128 1151
f 1096 1095 1080
f 1079 1080 1095
f 962 961 994
f 993 994 961
f 1098 1097 1130
f 1129 1130 1097
f 752 760 751
f 759 751 760
f 1082 1081 1098
f 1097 1098 1081
f 814 786 813
f 785 813 786
f 830 814 829
f 813 829 814
f 1223 1207 1224
f 1208 1224 1207
f 1275 1251 1276
f 1252 1276 1251
f 1050 1049 1082
f 1081 1082 1049
f 748 752 747
f 751 747 752
f 992 991 960
f 959 960 991
f 1169 1209 1170
f 1210 1170 1209
f 1253 1277 1254
f 1278 1254 1277
f 1291 1285 1277
f 1291 1277 1283
f 1283 1277 1275
f 1277 1253 1275
f 1275 1253 1251
f 1253 1225 1251
f 1251 1225 1223
f 1225 1209 1223
f 1223 1209 1207
f 1209 1169 1207
f 1207 1169 1167
f 1169 1153 1167
f 1167 1153 1151
f 1153 1129 1151
f 1151 1129 1127
f 1129 1097 1127
f 1127 1097 1095
f 1097 1081 1095
f 1095 1081 1079
f 1081 1049 1079
f 1079 1049 1047
f 1049 1017 1047
f 1047 1017 1011
f 1017 993 1011
f 1011 993 991
f 993 961 991
f 991 961 959
f 961 945 959
f 959 945 943
f 945 913 943
f 943 913 911
f 913 889 911
f 911 889 887
f 889 869 887
f 887 869 867
f 869 829 867
f 867 829 827
f 829 813 827
f 827 813 811
f 813 785 811
f 811 785 783
f 785 761 783
f 783 761 759
f 761 753 759
f 759 753 747
f 747 751 759
f 786 762 785
f 761 785 762
f 812 828 811
f 827 811 828
f 960 959 944
f 943 944 959
f 1251 1223 1252
f 1224 1252 1223
f 888 887 868
f 867 868 887
f 870 830 869
f 829 869 830
f 856 855 772
f 771 772 855
f 1397 1405 1398
f 1406 1398 1405
f 1405 1409 1406
f 1410 1406 1409
f 1190 1189 1274
f 1273 1274 1189
f 680 712 679
f 711 679 712
f 877 924 923
f 878 877 856
f 856 877 855
f 923 855 877
f 1310 1309 1334
f 1333 1334 1309
f 1332 1331 1308
f 1307 1308 1331
f 1076 1075 1024
f 1023 1024 1075
f 1395 1383 1396
f 1384 1396 1383
f 1409 1403 1410
f 1404 1410 1403
f 974 973 1038
f 1037 1038 973
f 682 670 681
f 669 681 670
f 972 971 924
f 923 924 971
f 1375 1363 1376
f 1364 1376 1363
f 1377 1385 1378
f 1386 1378 1385
f 1405 1294 1409
f 1397 1290 1405
f 1403 1409 1294
f 1385 1282 1397
f 1294 1288 1403
f 1377 1258 1385
f 1395 1403 1288
f 1365 1230 1377
f 1288 1280 1395
f 1333 1214 1365
f 1383 1395 1280
f 1309 1174 1333
f 1280 1256 1383
f 1375 1383 1256
f 1294 1405 1290
f 1290 1397 1282
f 1273 1158 1309
f 1282 1385 1258
f 1258 1377 1230
f 1230 1365 1214
f 1189 1134 1273
f 1214 1333 1174
f 1174 1309 1158
f 1158 1273 1134
f 1125 1102 1189
f 1134 1189 1102
f 1102 1125 1086
f 1125 1077 1086
f 1086 1077 1054
f 1077 1037 1054
f 1054 1037 1034
f 1034 1037 998
f 1037 973 998
f 998 973 966
f 973 925 966
f 950 966 925
f 925 857 950
f 918 950 857
f 857 773 918
f 894 918 773
f 773 737 894
f 874 894 737
f 737 713 874
f 834 874 713
f 713 681 834
f 818 834 681
f 681 669 818
f 790 818 669
f 1256 1228 1375
f 1363 1375 1228
f 1228 1212 1363
f 1331 1363 1212
f 1212 1172 1331
f 1307 1331 1172
f 1172 1156 1307
f 1271 1307 1156
f 1156 1132 1271
f 1187 1271 1132
f 1132 1100 1187
f 1123 1187 1100
f 1100 1084 1123
f 1123 1084 1075
f 1084 1052 1075
f 1052 1028 1075
f 1075 1028 1023
f 1028 996 1023
f 1023 996 971
f 996 964 971
f 948 923 964
f 971 964 923
f 916 855 948
f 892 771 916
f 872 735 892
f 923 948 855
f 832 711 872
f 816 679 832
f 788 667 816
f 855 916 771
f 764 659 788
f 756 651 764
f 750 643 756
f 669 661 790
f 771 892 735
f 766 790 661
f 735 872 711
f 661 653 766
f 711 832 679
f 758 766 653
f 679 816 667
f 653 645 758
f 667 788 659
f 750 758 645
f 659 764 651
f 645 637 750
f 651 756 643
f 643 750 637
f 1383 1375 1384
f 1376 1384 1375
f 1272 1271 1188
f 1187 1188 1271
f 644 652 643
f 651 643 652
f 1386 1385 1389
f 1385 1397 1389
f 1398 1389 1397
f 1390 1386 1389
f 1124 1123 1076
f 1075 1076 1123
f 1308 1307 1272
f 1271 1272 1307
f 714 682 713
f 681 713 682
f 1363 1331 1364
f 1332 1364 1331
f 1365 1377 1366
f 1378 1366 1377
f 1274 1273 1310
f 1309 1310 1273
f 1078 1077 1126
f 1125 1126 1077
f 1188 1187 1124
f 1123 1124 1187
f 926 925 974
f 973 974 925
f 660 668 659
f 667 659 668
f 1403 1395 1404
f 1396 1404 1395
f 714 713 738
f 737 738 713
f 662 654 661
f 653 661 654
f 646 638 645
f 637 645 638
f 1038 1037 1078
f 1077 1078 1037
f 1126 1125 1190
f 1189 1190 1125
f 1333 1365 1334
f 1366 1334 1365
f 858 857 926
f 925 926 857
f 654 646 653
f 645 653 646
f 774 773 858
f 857 858 773
f 638 644 637
f 643 637 644
f 668 680 667
f 679 667 680
f 652 660 651
f 659 651 660
f 738 737 774
f 773 774 737
f 1024 1023 972
f 971 972 1023
f 772 771 736
f 735 736 771
f 670 662 669
f 661 669 662
f 736 735 712
f 711 712 735
f 758 750 757
f 749 757 750
f 1084 1083 1052
f 1051 1052 1083
f 1281 1289 1282
f 1290 1282 1289
f 1289 1293 1290
f 1294 1290 1293
f 1287 1279 1288
f 1280 1288 1279
f 874 834 873
f 833 873 834
f 1086 1085 1102
f 1101 1102 1085
f 950 949 966
f 965 966 949
f 1052 1051 1028
f 1027 1028 1051
f 1158 1157 1174
f 1173 1174 1157
f 818 790 817
f 789 817 790
f 1279 1255 1280
f 1256 1280 1255
f 948 947 916
f 915 916 947
f 756 764 755
f 763 755 764
f 1227 1211 1228
f 1212 1228 1211
f 894 893 918
f 917 918 893
f 764 788 763
f 787 763 788
f 1028 1027 996
f 995 996 1027
f 874 873 894
f 893 894 873
f 1102 1101 1134
f 1133 1134 1101
f 1054 1053 1086
f 1085 1086 1053
f 1293 1287 1294
f 1288 1294 1287
f 788 816 787
f 815 787 816
f 1134 1133 1158
f 1157 1158 1133
f 964 963 948
f 947 948 963
f 1172 1171 1156
f 1155 1156 1171
f 1213 1229 1214
f 1230 1214 1229
f 1156 1155 1132
f 1131 1132 1155
f 966 965 998
f 997 998 965
f 1229 1257 1230
f 1258 1230 1257
f 916 915 892
f 891 892 915
f 892 891 872
f 871 872 891
f 1211 1171 1212
f 1172 1212 1171
f 750 756 749
f 755 749 756
f 1255 1227 1256
f 1228 1256 1227
f 1132 1131 1100
f 1099 1100 1131
f 832 872 831
f 871 831 872
f 766 758 765
f 757 765 758
f 1173 1213 1174
f 1214 1174 1213
f 834 818 833
f 817 833 818
f 1257 1281 1258
f 1282 1258 1281
f 918 917 950
f 949 950 917
f 1034 1033 1054
f 1053 1054 1033
f 1100 1099 1084
f 1083 1084 1099
f 996 995 964
f 963 964 995
f 998 997 1034
f 1033 1034 997
f 816 832 815
f 831 815 832
f 1293 1289 1281
f 1293 1281 1287
f 1287 1281 1279
f 1281 1257 1279
f 1279 1257 1255
f 1257 1229 1255
f 1255 1229 1227
f 1229 1213 1227
f 1227 1213 1211
f 1213 1173 1211
f 1211 1173 1171
f 1173 1157 1171
f 1171 1157 1155
f 1157 1133 1155
f 1155 1133 1131
f 1133 1101 1131
f 1131 1101 1099
f 1101 1085 1099
f 1099 1085 1083
f 1085 1053 1083
f 1083 1053 1051
f 1053 1033 1051
f 1051 1033 1027
f 1033 997 1027
f 1027 997 995
f 997 965 995
f 995 965 963
f 965 949 963
f 963 949 947
f 949 917 947
f 947 917 915
f 917 893 915
f 915 893 891
f 893 873 891
f 891 873 871
f 873 833 871
f 871 833 831
f 833 817 831
f 831 817 815
f 817 789 815
f 815 789 787
f 789 765 787
f 787 765 763
f 765 757 763
f 763 757 749
f 749 755 763
f 790 766 789
f 765 789 766
f 3039 3031 3040
f 3032 3040 3031
f 3033 3041 3034
f 3042 3034 3041
f 3041 3047 3042
f 3048 3042 3047
f 3025 3033 3026
f 3034 3026 3033
f 2282 2276 2281
f 2275 2281 2276
f 2912 2911 2828
f 2827 2828 2911
f 2714 2713 2762
f 2761 2762 2713
f 2760 2759 2712
f 2711 2712 2759
f 2712 2711 2648
f 2647 2648 2711
f 2354 2353 2378
f 2377 2378 2353
f 2322 2310 2321
f 2309 2321 2310
f 2807 2762 2761
f 2808 2807 2830
f 2830 2807 2829
f 2761 2829 2807
f 2972 2971 2948
f 2947 2948 2971
f 2414 2413 2498
f 2497 2498 2413
f 2648 2647 2608
f 2607 2608 2647
f 3003 2971 3004
f 2972 3004 2971
f 2295 2296 2300
f 2288 2295 2287
f 2287 2295 2299
f 2300 2299 2295
f 2828 2827 2760
f 2759 2760 2827
f 2498 2497 2562
f 2561 2562 2497
f 2378 2377 2414
f 2413 2414 2377
f 2302 2290 2301
f 2289 2301 2290
f 3017 3025 3018
f 3026 3018 3025
f 2562 2561 2610
f 2609 2610 2561
f 2950 2949 2974
f 2973 2974 2949
f 3047 3039 3048
f 3040 3048 3039
f 2830 2829 2914
f 2913 2914 2829
f 2560 2559 2496
f 2495 2496 2559
f 2290 2282 2289
f 2281 2289 2282
f 2610 2609 2662
f 2661 2662 2609
f 2608 2607 2560
f 2559 2560 2607
f 3031 3023 3032
f 3024 3032 3023
f 3005 3017 3006
f 3018 3006 3017
f 2973 3005 2974
f 3006 2974 3005
f 2300 2308 2299
f 2307 2299 2308
f 3023 3015 3024
f 3016 3024 3015
f 2320 2352 2319
f 2351 2319 2352
f 3015 3003 3016
f 3004 3016 3003
f 3041 2936 3047
f 3033 2930 3041
f 3039 3047 2936
f 3025 2922 3033
f 2936 2928 3039
f 3017 2898 3025
f 3031 3039 2928
f 3005 2870 3017
f 2928 2920 3031
f 2973 2854 3005
f 3023 3031 2920
f 2949 2814 2973
f 2920 2896 3023
f 3015 3023 2896
f 2936 3041 2930
f 2930 3033 2922
f 2913 2794 2949
f 2922 3025 2898
f 2898 3017 2870
f 2870 3005 2854
f 2829 2770 2913
f 2854 2973 2814
f 2814 2949 2794
f 2794 2913 2770
f 2761 2738 2829
f 2770 2829 2738
f 2738 2761 2722
f 2761 2713 2722
f 2722 2713 2690
f 2713 2661 2690
f 2690 2661 2658
f 2658 2661 2634
f 2661 2609 2634
f 2634 2609 2602
f 2609 2561 2602
f 2586 2602 2561
f 2561 2497 2586
f 2554 2586 2497
f 2497 2413 2554
f 2530 2554 2413
f 2413 2377 2530
f 2514 2530 2377
f 2377 2353 2514
f 2474 2514 2353
f 2353 2321 2474
f 2458 2474 2321
f 2321 2309 2458
f 2430 2458 2309
f 2896 2868 3015
f 3003 3015 2868
f 2868 2852 3003
f 2971 3003 2852
f 2852 2812 2971
f 2947 2971 2812
f 2812 2792 2947
f 2911 2947 2792
f 2792 2768 2911
f 2827 2911 2768
f 2768 2736 2827
f 2759 2827 2736
f 2736 2720 2759
f 2759 2720 2711
f 2720 2688 2711
f 2688 2652 2711
f 2711 2652 2647
f 2652 2632 2647
f 2647 2632 2607
f 2632 2600 2607
f 2584 2559 2600
f 2607 2600 2559
f 2552 2495 2584
f 2528 2411 2552
f 2512 2375 2528
f 2559 2584 2495
f 2472 2351 2512
f 2456 2319 2472
f 2428 2307 2456
f 2495 2552 2411
f 2404 2299 2428
f 2396 2287 2404
f 2392 2279 2396
f 2309 2301 2430
f 2411 2528 2375
f 2406 2430 2301
f 2375 2512 2351
f 2301 2289 2406
f 2351 2472 2319
f 2398 2406 2289
f 2319 2456 2307
f 2289 2281 2398
f 2307 2428 2299
f 2392 2398 2281
f 2299 2404 2287
f 2281 2275 2392
f 2287 2396 2279
f 2279 2392 2275
f 2354 2322 2353
f 2321 2353 2322
f 2662 2661 2714
f 2713 2714 2661
f 2914 2913 2950
f 2949 2950 2913
f 2496 2495 2412
f 2411 2412 2495
f 2308 2320 2307
f 2319 2307 2320
f 2280 2288 2279
f 2287 2279 2288
f 2376 2375 2352
f 2351 2352 2375
f 2310 2302 2309
f 2301 2309 2302
f 2276 2280 2275
f 2279 2275 2280
f 2948 2947 2912
f 2911 2912 2947
f 2412 2411 2376
f 2375 2376 2411
f 2921 2929 2922
f 2930 2922 2929
f 2929 2935 2930
f 2936 2930 2935
f 2554 2553 2586
f 2585 2586 2553
f 2794 2793 2814
f 2813 2814 2793
f 2768 2767 2736
f 2735 2736 2767
f 2406 2398 2405
f 2397 2405 2398
f 2720 2719 2688
f 2687 2688 2719
f 2652 2651 2632
f 2631 2632 2651
f 2552 2551 2528
f 2527 2528 2551
f 2935 2927 2936
f 2928 2936 2927
f 2398 2392 2397
f 2391 2397 2392
f 2853 2869 2854
f 2870 2854 2869
f 2869 2897 2870
f 2898 2870 2897
f 2404 2428 2403
f 2427 2403 2428
f 2851 2811 2852
f 2812 2852 2811
f 2927 2919 2928
f 2920 2928 2919
f 2428 2456 2427
f 2455 2427 2456
f 2586 2585 2602
f 2601 2602 2585
f 2514 2513 2530
f 2529 2530 2513
f 2530 2529 2554
f 2553 2554 2529
f 2658 2657 2690
f 2689 2690 2657
f 2472 2512 2471
f 2511 2471 2512
f 2812 2811 2792
f 2791 2792 2811
f 2688 2687 2652
f 2651 2652 2687
f 2770 2769 2794
f 2793 2794 2769
f 2584 2583 2552
f 2551 2552 2583
f 2792 2791 2768
f 2767 2768 2791
f 2736 2735 2720
f 2719 2720 2735
f 2935 2929 2921
f 2935 2921 2927
f 2927 2921 2919
f 2921 2897 2919
f 2919 2897 2895
f 2897 2869 2895
f 2895 2869 2867
f 2869 2853 2867
f 2867 2853 2851
f 2853 2813 2851
f 2851 2813 2811
f 2813 2793 2811
f 2811 2793 2791
f 2793 2769 2791
f 2791 2769 2767
f 2769 2737 2767
f 2767 2737 2735
f 2737 2721 2735
f 2735 2721 2719
f 2721 2689 2719
f 2719 2689 2687
f 2689 2657 2687
f 2687 2657 2651
f 2657 2633 2651
f 2651 2633 2631
f 2633 2601 2631
f 2631 2601 2599
f 2601 2585 2599
f 2599 2585 2583
f 2585 2553 2583
f 2583 2553 2551
f 2553 2529 2551
f 2551 2529 2527
f 2529 2513 2527
f 2527 2513 2511
f 2513 2473 2511
f 2511 2473 2471
f 2473 2457 2471
f 2471 2457 2455
f 2457 2429 2455
f 2455 2429 2427
f 2429 2405 2427
f 2427 2405 2403
f 2405 2397 2403
f 2403 2397 2391
f 2391 2395 2403
f 2602 2601 2634
f 2633 2634 2601
f 2738 2737 2770
f 2769 2770 2737
f 2396 2404 2395
f 2403 2395 2404
f 2722 2721 2738
f 2737 2738 2721
f 2458 2430 2457
f 2429 2457 2430
f 2474 2458 2473
f 2457 2473 2458
f 2867 2851 2868
f 2852 2868 2851
f 2919 2895 2920
f 2896 2920 2895
f 2690 2689 2722
f 2721 2722 2689
f 2392 2396 2391
f 2395 2391 2396
f 2632 2631 2600
f 2599 2600 2631
f 2813 2853 2814
f 2854 2814 2853
f 2897 2921 2898
f 2922 2898 2921
f 2430 2406 2429
f 2405 2429 2406
f 2456 2472 2455
f 2471 2455 2472
f 2634 2633 2658
f 2657 2658 2633
f 2600 2599 2584
f 2583 2584 2599
f 2895 2867 2896
f 2868 2896 2867
f 2528 2527 2512
f 2511 2512 2527
f 2514 2474 2513
f 2473 2513 2474
f 2500 2499 2416
f 2415 2416 2499
f 3037 3045 3038
f 3046 3038 3045
f 3045 3049 3046
f 3050 3046 3049
f 2834 2833 2918
f 2917 2918 2833
f 2324 2356 2323
f 2355 2323 2356
f 2564 2563 2500
f 2499 2500 2563
f 2954 2953 2978
f 2977 2978 2953
f 2976 2975 2952
f 2951 2952 2975
f 2716 2715 2664
f 2663 2664 2715
f 3035 3027 3036
f 3028 3036 3027
f 3049 3043 3050
f 3044 3050 3043
f 2614 2613 2678
f 2677 2678 2613
f 2326 2314 2325
f 2313 2325 2314
f 2612 2611 2564
f 2563 2564 2611
f 3019 3007 3020
f 3008 3020 3007
f 3021 3029 3022
f 3030 3022 3029
f 3045 2938 3049
f 3037 2934 3045
f 3043 3049 2938
f 3029 2926 3037
f 2938 2932 3043
f 3021 2902 3029
f 3035 3043 2932
f 3009 2874 3021
f 2932 2924 3035
f 2977 2858 3009
f 3027 3035 2924
f 2953 2818 2977
f 2924 2900 3027
f 3019 3027 2900
f 2938 3045 2934
f 2934 3037 2926
f 2917 2798 2953
f 2926 3029 2902
f 2902 3021 2874
f 2874 3009 2858
f 2833 2774 2917
f 2858 2977 2818
f 2818 2953 2798
f 2798 2917 2774
f 2765 2742 2833
f 2774 2833 2742
f 2742 2765 2726
f 2765 2717 2726
f 2726 2717 2694
f 2717 2677 2694
f 2694 2677 2674
f 2674 2677 2638
f 2677 2613 2638
f 2638 2613 2606
f 2613 2565 2606
f 2590 2606 2565
f 2565 2501 2590
f 2558 2590 2501
f 2501 2417 2558
f 2534 2558 2417
f 2417 2381 2534
f 2518 2534 2381
f 2381 2357 2518
f 2478 2518 2357
f 2357 2325 2478
f 2462 2478 2325
f 2325 2313 2462
f 2434 2462 2313
f 2900 2872 3019
f 3007 3019 2872
f 2872 2856 3007
f 2975 3007 2856
f 2856 2816 2975
f 2951 2975 2816
f 2816 2796 2951
f 2915 2951 2796
f 2796 2772 2915
f 2831 2915 2772
f 2772 2740 2831
f 2763 2831 2740
f 2740 2724 2763
f 2763 2724 2715
f 2724 2692 2715
f 2692 2668 2715
f 2715 2668 2663
f 2668 2636 2663
f 2663 2636 2611
f 2636 2604 2611
f 2588 2563 2604
f 2611 2604 2563
f 2556 2499 2588
f 2532 2415 2556
f 2516 2379 2532
f 2563 2588 2499
f 2476 2355 2516
f 2460 2323 2476
f 2432 2311 2460
f 2499 2556 2415
f 2408 2303 2432
f 2400 2291 2408
f 2394 2283 2400
f 2313 2305 2434
f 2415 2532 2379
f 2410 2434 2305
f 2379 2516 2355
f 2305 2293 2410
f 2355 2476 2323
f 2402 2410 2293
f 2323 2460 2311
f 2293 2285 2402
f 2311 2432 2303
f 2394 2402 2285
f 2303 2408 2291
f 2285 2277 2394
f 2291 2400 2283
f 2283 2394 2277
f 3027 3019 3028
f 3020 3028 3019
f 2916 2915 2832
f 2831 2832 2915
f 2284 2292 2283
f 2291 2283 2292
f 3029 3037 3030
f 3038 3030 3037
f 2764 2763 2716
f 2715 2716 2763
f 2952 2951 2916
f 2915 2916 2951
f 2358 2326 2357
f 2325 2357 2326
f 3007 2975 3008
f 2976 3008 2975
f 3009 3021 3010
f 3022 3010 3021
f 2918 2917 2954
f 2953 2954 2917
f 2718 2717 2766
f 2765 2766 2717
f 2810 2832 2809
f 2832 2831 2809
f 2831 2763 2809
f 2764 2809 2763
f 2566 2565 2614
f 2613 2614 2565
f 2304 2312 2303
f 2311 2303 2312
f 3043 3035 3044
f 3036 3044 3035
f 2358 2357 2382
f 2381 2382 2357
f 2298 2297 2306
f 2305 2306 2297
f 2294 2293 2297
f 2305 2297 2293
f 2286 2278 2285
f 2277 2285 2278
f 2678 2677 2718
f 2717 2718 2677
f 2766 2765 2834
f 2833 2834 2765
f 2977 3009 2978
f 3010 2978 3009
f 2502 2501 2566
f 2565 2566 2501
f 2294 2286 2293
f 2285 2293 2286
f 2418 2417 2502
f 2501 2502 2417
f 2278 2284 2277
f 2283 2277 2284
f 2312 2324 2311
f 2323 2311 2324
f 2292 2304 2291
f 2303 2291 2304
f 2382 2381 2418
f 2417 2418 2381
f 2664 2663 2612
f 2611 2612 2663
f 2416 2415 2380
f 2379 2380 2415
f 2314 2306 2313
f 2305 2313 2306
f 2380 2379 2356
f 2355 2356 2379
f 2402 2394 2401
f 2393 2401 2394
f 2724 2723 2692
f 2691 2692 2723
f 2925 2933 2926
f 2934 2926 2933
f 2933 2937 2934
f 2938 2934 2937
f 2636 2635 2604
f 2603 2604 2635
f 2931 2923 2932
f 2924 2932 2923
f 2518 2478 2517
f 2477 2517 2478
f 2726 2725 2742
f 2741 2742 2725
f 2590 2589 2606
f 2605 2606 2589
f 2692 2691 2668
f 2667 2668 2691
f 2798 2797 2818
f 2817 2818 2797
f 2462 2434 2461
f 2433 2461 2434
f 2923 2899 2924
f 2900 2924 2899
f 2588 2587 2556
f 2555 2556 2587
f 2400 2408 2399
f 2407 2399 2408
f 2871 2855 2872
f 2856 2872 2855
f 2534 2533 2558
f 2557 2558 2533
f 2408 2432 2407
f 2431 2407 2432
f 2668 2667 2636
f 2635 2636 2667
f 2518 2517 2534
f 2533 2534 2517
f 2742 2741 2774
f 2773 2774 2741
f 2694 2693 2726
f 2725 2726 2693
f 2937 2931 2938
f 2932 2938 2931
f 2432 2460 2431
f 2459 2431 2460
f 2774 2773 2798
f 2797 2798 2773
f 2604 2603 2588
f 2587 2588 2603
f 2816 2815 2796
f 2795 2796 2815
f 2857 2873 2858
f 2874 2858 2873
f 2796 2795 2772
f 2771 2772 2795
f 2606 2605 2638
f 2637 2638 2605
f 2873 2901 2874
f 2902 2874 2901
f 2556 2555 2532
f 2531 2532 2555
f 2532 2531 2516
f 2515 2516 2531
f 2855 2815 2856
f 2816 2856 2815
f 2394 2400 2393
f 2399 2393 2400
f 2899 2871 2900
f 2872 2900 2871
f 2772 2771 2740
f 2739 2740 2771
f 2476 2516 2475
f 2515 2475 2516
f 2410 2402 2409
f 2401 2409 2402
f 2817 2857 2818
f 2858 2818 2857
f 2478 2462 2477
f 2461 2477 2462
f 2901 2925 2902
f 2926 2902 2925
f 2558 2557 2590
f 2589 2590 2557
f 2674 2673 2694
f 2693 2694 2673
f 2740 2739 2724
f 2723 2724 2739
f 2638 2637 2674
f 2673 2674 2637
f 2460 2476 2459
f 2475 2459 2476
f 2937 2933 2925
f 2937 2925 2931
f 2931 2925 2923
f 2925 2901 2923
f 2923 2901 2899
f 2901 2873 2899
f 2899 2873 2871
f 2873 2857 2871
f 2871 2857 2855
f 2857 2817 2855
f 2855 2817 2815
f 2817 2797 2815
f 2815 2797 2795
f 2797 2773 2795
f 2795 2773 2771
f 2773 2741 2771
f 2771 2741 2739
f 2741 2725 2739
f 2739 2725 2723
f 2725 2693 2723
f 2723 2693 2691
f 2693 2673 2691
f 2691 2673 2667
f 2673 2637 2667
f 2667 2637 2635
f 2637 2605 2635
f 2635 2605 2603
f 2605 2589 2603
f 2603 2589 2587
f 2589 2557 2587
f 2587 2557 2555
f 2557 2533 2555
f 2555 2533 2531
f 2533 2517 2531
f 2531 2517 2515
f 2517 2477 2515
f 2515 2477 2475
f 2477 2461 2475
f 2475 2461 2459
f 2461 2433 2459
f 2459 2433 2431
f 2433 2409 2431
f 2431 2409 2407
f 2409 2401 2407
f 2407 2401 2393
f 2393 2399 2407
f 2434 2410 2433
f 2409 2433 2410
f 606 617 598
f 618 620 608
f 626 632 616
f 573 577 574
f 578 574 577
f 610 588 584
f 632 634 630
f 590 592 560
f 619 617 606
f 3078 3077 3086
f 3085 3086 3077
f 632 624 616
f 3052 3058 634
f 630 634 3058
f 3078 3067 3065
f 565 569 566
f 570 566 569
f 3110 3114 3083
f 582 609 578
f 620 626 616
f 559 557 560
f 558 560 557
f 3062 3061 3070
f 3069 3070 3061
f 618 608 600
f 609 603 578
f 588 587 584
f 583 584 587
f 567 563 568
f 564 568 563
f 624 623 616
f 615 616 623
f 3116 3112 3084
f 3122 3118 3121
f 3117 3121 3118
f 3128 3126 3127
f 3125 3127 3126
f 3070 3078 3065
f 632 630 624
f 3096 3095 3128
f 3126 3128 3095
f 3100 3099 3088
f 3087 3088 3099
f 3074 3088 3068
f 574 601 570
f 628 627 3056
f 3055 3056 627
f 3112 3116 3111
f 3115 3111 3116
f 3056 3053 3051
f 583 579 584
f 580 584 579
f 3058 3057 630
f 629 630 3057
f 620 616 608
f 3102 3106 3075
f 579 575 580
f 576 580 575
f 628 631 622
f 3108 3112 3107
f 3111 3107 3112
f 590 560 589
f 558 589 560
f 3118 3114 3117
f 3113 3117 3114
f 3080 3079 3072
f 3071 3072 3079
f 562 591 558
f 592 568 564
f 3078 3086 3067
f 3070 3065 3059
f 561 565 562
f 566 562 565
f 3080 3072 3066
f 622 621 628
f 627 628 621
f 586 585 598
f 597 598 585
f 622 631 614
f 592 594 568
f 631 625 614
f 633 628 3051
f 3056 3051 628
f 3066 3072 3060
f 3072 3071 3064
f 3063 3064 3071
f 598 611 586
f 611 609 586
f 3116 3120 3115
f 3119 3115 3120
f 606 605 614
f 613 614 605
f 3084 3112 3082
f 604 580 576
f 601 595 570
f 3090 3116 3084
f 3086 3098 3073
f 3098 3102 3075
f 591 589 558
f 602 604 576
f 557 561 558
f 562 558 561
f 570 595 566
f 566 591 562
f 586 609 582
f 608 607 600
f 599 600 607
f 616 615 608
f 607 608 615
f 3106 3102 3105
f 3101 3105 3102
f 612 618 600
f 625 619 614
f 3106 3110 3081
f 563 559 564
f 560 564 559
f 569 573 570
f 574 570 573
f 3064 3058 3054
f 3054 3058 3052
f 3088 3080 3068
f 630 629 624
f 623 624 629
f 3098 3097 3102
f 3101 3102 3097
f 3120 3124 3119
f 3123 3119 3124
f 578 603 574
f 603 601 574
f 3124 3128 3123
f 3127 3123 3128
f 3072 3064 3054
f 3114 3089 3083
f 3110 3106 3109
f 3105 3109 3106
f 3108 3104 3076
f 3068 3080 3066
f 3082 3108 3076
f 3092 3120 3090
f 594 596 568
f 3088 3087 3080
f 3079 3080 3087
f 610 584 580
f 3096 3128 3094
f 3060 3072 3054
f 3070 3069 3078
f 3077 3078 3069
f 575 571 576
f 572 576 571
f 3100 3088 3074
f 593 591 566
f 3112 3108 3082
f 3094 3120 3092
f 595 593 566
f 577 581 578
f 582 578 581
f 582 581 586
f 585 586 581
f 617 611 598
f 3122 3126 3093
f 614 619 606
f 614 613 622
f 621 622 613
f 3124 3120 3094
f 604 610 580
f 3064 3063 3058
f 3057 3058 3063
f 571 567 572
f 568 572 567
f 3126 3095 3093
f 3056 3055 3062
f 3061 3062 3055
f 600 599 588
f 587 588 599
f 3104 3103 3100
f 3099 3100 3103
f 3118 3093 3091
f 598 597 606
f 605 606 597
f 633 631 628
f 3070 3059 3053
f 602 576 572
f 3114 3110 3113
f 3109 3113 3110
f 3086 3085 3098
f 3097 3098 3085
f 3036 3028 3096
f 3048 3095 3042
f 3095 3096 3028
f 3042 3095 3034
f 3028 3026 3095
f 3034 3095 3026
f 3028 3020 3026
f 3026 3020 3018
f 3020 3008 3018
f 3018 3008 3006
f 3008 2976 3006
f 3006 2976 2974
f 2976 2952 2974
f 2974 2952 2950
f 2952 2916 2950
f 2950 2916 2914
f 2916 2832 2914
f 2914 2832 2830
f 2832 2810 2830
f 2808 2830 2810
f 3094 2978 3096
f 3050 3044 3096
f 3092 2978 3094
f 3044 3036 3096
f 3090 2978 3092
f 3048 3040 3095
f 3084 2978 3090
f 3040 3032 3095
f 3082 2978 3084
f 3032 3024 3095
f 3076 2978 3082
f 3024 3016 3095
f 3074 2978 3076
f 3016 3004 3095
f 3068 2978 3074
f 3004 2972 3095
f 3066 2978 3068
f 3093 3095 2972
f 3060 2978 3066
f 3091 3093 2972
f 3054 2978 3060
f 3089 3091 2972
f 3052 2978 3054
f 3083 3089 2972
f 3081 3083 2972
f 3050 3096 3046
f 3046 3096 3038
f 3038 3096 3030
f 3030 3096 3022
f 3022 3096 3010
f 3010 3096 2978
f 2978 3052 2954
f 2954 3052 2918
f 2918 3052 2834
f 2834 3052 2766
f 2766 3052 2718
f 2718 3052 2678
f 2678 3052 2614
f 2614 3052 2566
f 2566 3052 2502
f 2298 2306 1390
f 2314 1386 2306
f 2326 1378 2314
f 2358 1366 2326
f 2382 1334 2358
f 2418 1310 2382
f 2502 1274 2418
f 3052 1190 2502
f 1390 2306 1386
f 1386 2314 1378
f 1378 2326 1366
f 1366 2358 1334
f 1334 2382 1310
f 1310 2418 1274
f 1274 2502 1190
f 3052 634 1190
f 1126 1190 634
f 1078 1126 634
f 638 646 590
f 646 654 590
f 654 662 590
f 662 670 590
f 670 682 590
f 682 714 590
f 634 590 714
f 714 738 634
f 738 774 634
f 774 858 634
f 858 926 634
f 926 974 634
f 974 1038 634
f 1038 1078 634
f 3075 3081 2972
f 3073 3075 2972
f 3067 3073 2972
f 3065 3067 2972
f 3059 3065 2972
f 3053 3059 2972
f 3051 3053 2972
f 2972 2948 3051
f 2948 2912 3051
f 2912 2828 3051
f 2828 2760 3051
f 2760 2712 3051
f 2712 2648 3051
f 2648 2608 3051
f 2608 2560 3051
f 2560 2496 3051
f 2296 1388 2300
f 1388 1380 2300
f 2308 2300 1380
f 1380 1372 2308
f 2320 2308 1372
f 1372 1360 2320
f 2352 2320 1360
f 1360 1328 2352
f 2376 2352 1328
f 1328 1304 2376
f 2412 2376 1304
f 1304 1268 2412
f 2496 2412 1268
f 1268 1184 2496
f 3051 2496 1184
f 1120 633 1184
f 1072 633 1120
f 1008 633 1072
f 3051 1184 633
f 1008 968 633
f 968 920 633
f 920 852 633
f 852 768 633
f 768 732 633
f 732 708 633
f 676 589 708
f 664 589 676
f 656 589 664
f 648 589 656
f 640 589 648
f 636 589 640
f 636 638 590
f 632 590 634
f 590 589 636
f 626 590 632
f 591 708 589
f 620 590 626
f 633 708 631
f 618 590 620
f 631 708 625
f 612 590 618
f 625 708 619
f 610 590 612
f 619 708 617
f 604 590 610
f 617 708 611
f 602 590 604
f 611 708 609
f 596 590 602
f 609 708 603
f 594 590 596
f 603 708 601
f 592 590 594
f 601 708 595
f 595 708 593
f 593 708 591
f 878 856 876
f 876 856 854
f 856 772 854
f 854 772 770
f 772 736 770
f 770 736 734
f 736 712 734
f 734 712 710
f 712 680 710
f 710 680 678
f 680 668 678
f 678 668 666
f 668 660 666
f 666 660 658
f 660 652 658
f 658 652 650
f 652 644 650
f 650 644 642
f 644 638 642
f 636 642 638
f 3118 3122 3093
f 3106 3081 3075
f 3120 3116 3090
f 3110 3083 3081
f 592 564 560
f 3128 3124 3094
f 3104 3108 3103
f 3107 3103 3108
f 3076 3100 3074
f 3104 3100 3076
f 3098 3075 3073
f 3086 3073 3067
f 3121 3055 3125
f 3127 3125 3055
f 3117 3055 3121
f 3055 3057 3127
f 3113 3055 3117
f 3123 3127 3057
f 3109 3055 3113
f 3119 3123 3057
f 3105 3055 3109
f 3115 3119 3057
f 3101 3055 3105
f 3111 3115 3057
f 3097 3055 3101
f 3107 3111 3057
f 3085 3055 3097
f 3103 3107 3057
f 3077 3055 3085
f 3099 3103 3057
f 3069 3055 3077
f 3087 3099 3057
f 3061 3055 3069
f 3079 3087 3057
f 3071 3079 3057
f 3063 3071 3057
f 3055 627 3057
f 3057 627 629
f 621 557 627
f 629 627 557
f 613 557 621
f 557 559 629
f 605 557 613
f 623 629 559
f 597 557 605
f 615 623 559
f 585 557 597
f 607 615 559
f 581 557 585
f 599 607 559
f 577 557 581
f 587 599 559
f 573 557 577
f 583 587 559
f 569 557 573
f 579 583 559
f 565 557 569
f 575 579 559
f 561 557 565
f 571 575 559
f 567 571 559
f 563 567 559
f 3118 3091 3089
f 3114 3118 3089
f 3062 3070 3053
f 3056 3062 3053
f 610 612 588
f 612 600 588
f 3126 3122 3125
f 3121 3125 3122
f 596 572 568
f 596 602 572
f 1390 1389 2298
f 2297 2298 1389
f 878 876 877
f 875 877 876
f 2809 2807 2810
f 2808 2810 2807
f 2296 2295 1388
f 1387 1388 2295
f 2324 2312 1376
f 1408 2354 1402
f 1376 1364 2324
f 1402 2354 1394
f 2356 2324 1364
f 1394 2354 1382
f 1364 1332 2356
f 1382 2354 1374
f 2354 2356 1332
f 1374 2354 1362
f 1332 1330 2354
f 1362 2354 1330
f 1332 1308 1330
f 1330 1308 1306
f 1308 1272 1306
f 1306 1272 1270
f 1272 1188 1270
f 1270 1188 1186
f 1188 1124 1186
f 1186 1124 1122
f 1124 1076 1122
f 1122 1076 1074
f 1076 1024 1074
f 1074 1024 1022
f 1024 972 1022
f 1022 972 970
f 972 924 970
f 970 924 922
f 924 877 922
f 875 922 877
f 2282 2290 1408
f 2278 2286 1410
f 2294 1406 2286
f 2297 1398 2294
f 1410 2286 1406
f 1406 2294 1398
f 1389 1398 2297
f 2809 2764 2807
f 2807 2764 2762
f 2764 2716 2762
f 2762 2716 2714
f 2716 2664 2714
f 2714 2664 2662
f 2664 2612 2662
f 2662 2612 2610
f 2612 2564 2610
f 2610 2564 2562
f 2564 2500 2562
f 2562 2500 2498
f 2500 2416 2498
f 2498 2416 2414
f 2416 2380 2414
f 2414 2380 2378
f 2380 2356 2378
f 2378 2356 2354
f 1396 1384 2304
f 2312 2304 1384
f 2304 2292 1396
f 1384 1376 2312
f 1404 1396 2292
f 2322 2354 1408
f 2292 2284 1404
f 2310 2322 1408
f 1410 1404 2284
f 2302 2310 1408
f 2278 1410 2284
f 2290 2302 1408
f 2276 2282 1408
f 2280 2276 1408
f 1408 1400 2280
f 2288 2280 1400
f 1400 1392 2288
f 2295 2288 1392
f 1387 2295 1392
f 1346 1354 1345
f 1353 1345 1354
f 1354 1368 1353
f 1367 1353 1368
f 1338 1346 1337
f 1345 1337 1346
f 896 895 936
f 935 936 895
f 1322 1338 1321
f 1337 1321 1338
f 1314 1322 1313
f 1321 1313 1322
f 1020 1019 986
f 985 986 1019
f 1010 1009 1056
f 1055 1056 1009
f 1194 1193 1146
f 1145 1146 1193
f 898 897 846
f 845 846 897
f 778 777 742
f 741 742 777
f 1298 1314 1297
f 1313 1297 1314
f 693 685 694
f 686 694 685
f 1344 1336 1343
f 1335 1343 1336
f 1192 1191 1260
f 1259 1260 1191
f 683 691 684
f 692 684 691
f 685 671 686
f 672 686 671
f 1368 1352 1367
f 1351 1367 1352
f 1320 1312 1319
f 1311 1319 1312
f 691 699 692
f 700 692 699
f 1056 1055 1104
f 1103 1104 1055
f 1262 1261 1194
f 1193 1194 1261
f 938 937 898
f 897 898 937
f 741 725 742
f 726 742 725
f 1298 1297 1262
f 1261 1262 1297
f 846 845 778
f 777 778 845
f 1336 1320 1335
f 1319 1335 1320
f 699 715 700
f 716 700 715
f 671 683 672
f 684 672 683
f 1352 1344 1351
f 1343 1351 1344
f 717 701 718
f 702 718 701
f 776 775 844
f 843 844 775
f 986 985 938
f 937 938 985
f 1312 1296 1311
f 1295 1311 1296
f 1058 1057 1020
f 1019 1020 1057
f 701 693 702
f 694 702 693
f 1104 1103 1144
f 1143 1144 1103
f 1260 1259 1296
f 1295 1296 1259
f 984 983 1010
f 1009 1010 983
f 740 739 776
f 775 776 739
f 936 935 984
f 983 984 935
f 715 723 716
f 724 716 723
f 723 739 724
f 740 724 739
f 1106 1105 1058
f 1057 1058 1105
f 1144 1143 1192
f 1191 1192 1143
f 1367 1351 1353
f 1351 1343 1353
f 1353 1343 1345
f 1343 1335 1345
f 1345 1335 1337
f 1335 1319 1337
f 1337 1319 1321
f 1319 1311 1321
f 1321 1311 1313
f 1311 1295 1313
f 1313 1295 1297
f 1295 1259 1297
f 1297 1259 1261
f 1259 1191 1261
f 1261 1191 1193
f 1191 1143 1193
f 1193 1143 1145
f 1143 1103 1145
f 1145 1103 1105
f 1103 1055 1105
f 1105 1055 1057
f 1055 1009 1057
f 1057 1009 1019
f 1009 983 1019
f 1019 983 985
f 983 935 985
f 985 935 937
f 935 895 937
f 937 895 897
f 895 843 897
f 897 843 845
f 843 775 845
f 845 775 777
f 775 739 777
f 777 739 741
f 739 723 741
f 741 723 725
f 723 715 725
f 725 715 717
f 715 699 717
f 717 699 701
f 699 691 701
f 701 691 693
f 691 683 693
f 693 683 685
f 671 685 683
f 844 843 896
f 895 896 843
f 1146 1145 1106
f 1105 1106 1145
f 725 717 726
f 718 726 717
f 1354 1247 1368
f 1346 1241 1354
f 1352 1368 1247
f 1338 1233 1346
f 1247 1239 1352
f 1322 1217 1338
f 1344 1352 1239
f 1314 1201 1322
f 1239 1231 1344
f 1298 1177 1314
f 1336 1344 1231
f 1262 1161 1298
f 1231 1215 1336
f 1320 1336 1215
f 1247 1354 1241
f 1241 1346 1233
f 1233 1338 1217
f 1217 1322 1201
f 1194 1137 1262
f 1201 1314 1177
f 1177 1298 1161
f 1146 1113 1194
f 1161 1262 1137
f 1137 1194 1113
f 1106 1089 1146
f 1113 1146 1089
f 1089 1106 1065
f 1106 1058 1065
f 1065 1058 1041
f 1058 1020 1041
f 1041 1020 1015
f 1015 1020 1001
f 1020 986 1001
f 1001 986 977
f 986 938 977
f 953 977 938
f 938 898 953
f 929 953 898
f 898 846 929
f 905 929 846
f 846 778 905
f 881 905 778
f 778 742 881
f 861 881 742
f 742 726 861
f 837 861 726
f 821 837 718
f 726 718 837
f 1215 1199 1320
f 1312 1320 1199
f 1199 1175 1312
f 1296 1312 1175
f 1175 1159 1296
f 1260 1296 1159
f 1159 1135 1260
f 1192 1260 1135
f 1135 1111 1192
f 1144 1192 1111
f 1111 1087 1144
f 1104 1144 1087
f 1087 1063 1104
f 1104 1063 1056
f 1063 1039 1056
f 1039 1013 1056
f 1056 1013 1010
f 1013 999 1010
f 1010 999 984
f 999 975 984
f 951 936 975
f 984 975 936
f 927 896 951
f 903 844 927
f 936 951 896
f 879 776 903
f 859 740 879
f 896 927 844
f 835 724 859
f 819 716 835
f 803 700 819
f 795 692 803
f 844 903 776
f 791 684 795
f 718 702 821
f 805 821 702
f 776 879 740
f 702 694 805
f 740 859 724
f 797 805 694
f 724 835 716
f 694 686 797
f 716 819 700
f 791 797 686
f 700 803 692
f 686 672 791
f 692 795 684
f 684 791 672
f 1234 1242 1233
f 1241 1233 1242
f 1242 1248 1241
f 1247 1241 1248
f 1162 1178 1161
f 1177 1161 1178
f 1014 1013 1040
f 1039 1040 1013
f 1162 1161 1138
f 1137 1138 1161
f 1066 1065 1042
f 1041 1042 1065
f 1178 1202 1177
f 1201 1177 1202
f 1248 1240 1247
f 1239 1247 1240
f 881 861 882
f 862 882 861
f 1200 1176 1199
f 1175 1199 1176
f 1218 1234 1217
f 1233 1217 1234
f 861 837 862
f 838 862 837
f 821 805 822
f 806 822 805
f 1040 1039 1064
f 1063 1064 1039
f 1090 1089 1066
f 1065 1066 1089
f 930 929 906
f 905 906 929
f 803 819 804
f 820 804 819
f 1088 1087 1112
f 1111 1112 1087
f 1114 1113 1090
f 1089 1090 1113
f 1000 999 1014
f 1013 1014 999
f 1232 1216 1231
f 1215 1231 1216
f 978 977 954
f 953 954 977
f 1138 1137 1114
f 1113 1114 1137
f 952 951 976
f 975 976 951
f 819 835 820
f 836 820 835
f 1064 1063 1088
f 1087 1088 1063
f 1002 1001 978
f 977 978 1001
f 1202 1218 1201
f 1217 1201 1218
f 1240 1232 1239
f 1231 1239 1232
f 795 803 796
f 804 796 803
f 1016 1015 1002
f 1001 1002 1015
f 904 903 928
f 927 928 903
f 906 905 882
f 881 882 905
f 1112 1111 1136
f 1135 1136 1111
f 791 795 792
f 796 792 795
f 1248 1242 1234
f 1248 1234 1240
f 1240 1234 1232
f 1234 1218 1232
f 1232 1218 1216
f 1218 1202 1216
f 1216 1202 1200
f 1202 1178 1200
f 1200 1178 1176
f 1178 1162 1176
f 1176 1162 1160
f 1162 1138 1160
f 1160 1138 1136
f 1138 1114 1136
f 1136 1114 1112
f 1114 1090 1112
f 1112 1090 1088
f 1090 1066 1088
f 1088 1066 1064
f 1066 1042 1064
f 1064 1042 1040
f 1042 1016 1040
f 1040 1016 1014
f 1016 1002 1014
f 1014 1002 1000
f 1002 978 1000
f 1000 978 976
f 978 954 976
f 976 954 952
f 954 930 952
f 952 930 928
f 930 906 928
f 928 906 904
f 906 882 904
f 904 882 880
f 882 862 880
f 880 862 860
f 862 838 860
f 860 838 836
f 838 822 836
f 836 822 820
f 822 806 820
f 820 806 804
f 806 798 804
f 804 798 792
f 792 796 804
f 880 879 904
f 903 904 879
f 954 953 930
f 929 930 953
f 805 797 806
f 798 806 797
f 797 791 798
f 792 798 791
f 835 859 836
f 860 836 859
f 859 879 860
f 880 860 879
f 1042 1041 1016
f 1015 1016 1041
f 976 975 1000
f 999 1000 975
f 1216 1200 1215
f 1199 1215 1200
f 837 821 838
f 822 838 821
f 1136 1135 1160
f 1159 1160 1135
f 1176 1160 1175
f 1159 1175 1160
f 928 927 952
f 951 952 927
f 1350 1358 1349
f 1357 1349 1358
f 1358 1370 1357
f 1369 1357 1370
f 1342 1350 1341
f 1349 1341 1350
f 900 899 940
f 939 940 899
f 848 847 900
f 899 900 847
f 1326 1342 1325
f 1341 1325 1342
f 1318 1326 1317
f 1325 1317 1326
f 1036 1035 990
f 989 990 1035
f 1026 1025 1060
f 1059 1060 1025
f 1198 1197 1150
f 1149 1150 1197
f 902 901 850
f 849 850 901
f 782 781 746
f 745 746 781
f 1302 1318 1301
f 1317 1301 1318
f 697 689 698
f 690 698 689
f 1348 1340 1347
f 1339 1347 1340
f 1196 1195 1264
f 1263 1264 1195
f 687 695 688
f 696 688 695
f 689 673 690
f 674 690 673
f 1370 1356 1369
f 1355 1369 1356
f 1324 1316 1323
f 1315 1323 1316
f 1060 1059 1108
f 1107 1108 1059
f 1266 1265 1198
f 1197 1198 1265
f 942 941 902
f 901 902 941
f 745 729 746
f 730 746 729
f 1302 1301 1266
f 1265 1266 1301
f 850 849 782
f 781 782 849
f 703 719 704
f 720 704 719
f 673 687 674
f 688 674 687
f 1356 1348 1355
f 1347 1355 1348
f 721 705 722
f 706 722 705
f 780 779 848
f 847 848 779
f 990 989 942
f 941 942 989
f 695 703 696
f 704 696 703
f 1316 1300 1315
f 1299 1315 1300
f 1062 1061 1036
f 1035 1036 1061
f 705 697 706
f 698 706 697
f 1108 1107 1148
f 1147 1148 1107
f 1264 1263 1300
f 1299 1300 1263
f 988 987 1026
f 1025 1026 987
f 744 743 780
f 779 780 743
f 940 939 988
f 987 988 939
f 719 727 720
f 728 720 727
f 727 743 728
f 744 728 743
f 1110 1109 1062
f 1061 1062 1109
f 1148 1147 1196
f 1195 1196 1147
f 1369 1355 1357
f 1355 1347 1357
f 1357 1347 1349
f 1347 1339 1349
f 1349 1339 1341
f 1339 1323 1341
f 1341 1323 1325
f 1323 1315 1325
f 1325 1315 1317
f 1315 1299 1317
f 1317 1299 1301
f 1299 1263 1301
f 1301 1263 1265
f 1263 1195 1265
f 1265 1195 1197
f 1195 1147 1197
f 1197 1147 1149
f 1147 1107 1149
f 1149 1107 1109
f 1107 1059 1109
f 1109 1059 1061
f 1059 1025 1061
f 1061 1025 1035
f 1025 987 1035
f 1035 987 989
f 987 939 989
f 989 939 941
f 939 899 941
f 941 899 901
f 899 847 901
f 901 847 849
f 847 779 849
f 849 779 781
f 779 743 781
f 781 743 745
f 743 727 745
f 745 727 729
f 727 719 729
f 729 719 721
f 719 703 721
f 721 703 705
f 703 695 705
f 705 695 697
f 695 687 697
f 697 687 689
f 673 689 687
f 1340 1324 1339
f 1323 1339 1324
f 1150 1149 1110
f 1109 1110 1149
f 729 721 730
f 722 730 721
f 1358 1249 1370
f 1350 1245 1358
f 1356 1370 1249
f 1342 1237 1350
f 1249 1243 1356
f 1326 1221 1342
f 1348 1356 1243
f 1318 1205 1326
f 1243 1235 1348
f 1302 1181 1318
f 1340 1348 1235
f 1266 1165 1302
f 1235 1219 1340
f 1324 1340 1219
f 1249 1358 1245
f 1245 1350 1237
f 1237 1342 1221
f 1221 1326 1205
f 1198 1141 1266
f 1205 1318 1181
f 1181 1302 1165
f 1150 1117 1198
f 1165 1266 1141
f 1141 1198 1117
f 1110 1093 1150
f 1117 1150 1093
f 1093 1110 1069
f 1110 1062 1069
f 1069 1062 1045
f 1062 1036 1045
f 1045 1036 1031
f 1031 1036 1005
f 1036 990 1005
f 1005 990 981
f 990 942 981
f 957 981 942
f 942 902 957
f 933 957 902
f 902 850 933
f 909 933 850
f 850 782 909
f 885 909 782
f 782 746 885
f 865 885 746
f 746 730 865
f 841 865 730
f 825 841 722
f 730 722 841
f 1219 1203 1324
f 1316 1324 1203
f 1203 1179 1316
f 1300 1316 1179
f 1179 1163 1300
f 1264 1300 1163
f 1163 1139 1264
f 1196 1264 1139
f 1139 1115 1196
f 1148 1196 1115
f 1115 1091 1148
f 1108 1148 1091
f 1091 1067 1108
f 1108 1067 1060
f 1067 1043 1060
f 1043 1029 1060
f 1060 1029 1026
f 1029 1003 1026
f 1026 1003 988
f 1003 979 988
f 955 940 979
f 988 979 940
f 931 900 955
f 907 848 931
f 940 955 900
f 883 780 907
f 863 744 883
f 900 931 848
f 839 728 863
f 823 720 839
f 807 704 823
f 799 696 807
f 848 907 780
f 793 688 799
f 722 706 825
f 809 825 706
f 780 883 744
f 706 698 809
f 744 863 728
f 801 809 698
f 728 839 720
f 698 690 801
f 720 823 704
f 793 801 690
f 704 807 696
f 690 674 793
f 696 799 688
f 688 793 674
f 1238 1246 1237
f 1245 1237 1246
f 1246 1250 1245
f 1249 1245 1250
f 1166 1182 1165
f 1181 1165 1182
f 1030 1029 1044
f 1043 1044 1029
f 1166 1165 1142
f 1141 1142 1165
f 1070 1069 1046
f 1045 1046 1069
f 1182 1206 1181
f 1205 1181 1206
f 1250 1244 1249
f 1243 1249 1244
f 885 865 886
f 866 886 865
f 1204 1180 1203
f 1179 1203 1180
f 1222 1238 1221
f 1237 1221 1238
f 865 841 866
f 842 866 841
f 825 809 826
f 810 826 809
f 1044 1043 1068
f 1067 1068 1043
f 1094 1093 1070
f 1069 1070 1093
f 934 933 910
f 909 910 933
f 807 823 808
f 824 808 823
f 1092 1091 1116
f 1115 1116 1091
f 1118 1117 1094
f 1093 1094 1117
f 1004 1003 1030
f 1029 1030 1003
f 1236 1220 1235
f 1219 1235 1220
f 982 981 958
f 957 958 981
f 1142 1141 1118
f 1117 1118 1141
f 956 955 980
f 979 980 955
f 823 839 824
f 840 824 839
f 1068 1067 1092
f 1091 1092 1067
f 1006 1005 982
f 981 982 1005
f 1206 1222 1205
f 1221 1205 1222
f 1244 1236 1243
f 1235 1243 1236
f 799 807 800
f 808 800 807
f 1032 1031 1006
f 1005 1006 1031
f 908 907 932
f 931 932 907
f 910 909 886
f 885 886 909
f 1116 1115 1140
f 1139 1140 1115
f 793 799 794
f 800 794 799
f 1250 1246 1238
f 1250 1238 1244
f 1244 1238 1236
f 1238 1222 1236
f 1236 1222 1220
f 1222 1206 1220
f 1220 1206 1204
f 1206 1182 1204
f 1204 1182 1180
f 1182 1166 1180
f 1180 1166 1164
f 1166 1142 1164
f 1164 1142 1140
f 1142 1118 1140
f 1140 1118 1116
f 1118 1094 1116
f 1116 1094 1092
f 1094 1070 1092
f 1092 1070 1068
f 1070 1046 1068
f 1068 1046 1044
f 1046 1032 1044
f 1044 1032 1030
f 1032 1006 1030
f 1030 1006 1004
f 1006 982 1004
f 1004 982 980
f 982 958 980
f 980 958 956
f 958 934 956
f 956 934 932
f 934 910 932
f 932 910 908
f 910 886 908
f 908 886 884
f 886 866 884
f 884 866 864
f 866 842 864
f 864 842 840
f 842 826 840
f 840 826 824
f 826 810 824
f 824 810 808
f 810 802 808
f 808 802 794
f 794 800 808
f 884 883 908
f 907 908 883
f 958 957 934
f 933 934 957
f 809 801 810
f 802 810 801
f 801 793 802
f 794 802 793
f 839 863 840
f 864 840 863
f 863 883 864
f 884 864 883
f 1046 1045 1032
f 1031 1032 1045
f 980 979 1004
f 1003 1004 979
f 1220 1204 1219
f 1203 1219 1204
f 841 825 842
f 826 842 825
f 1140 1139 1164
f 1163 1164 1139
f 1180 1164 1179
f 1163 1179 1164
f 932 931 956
f 955 956 931
f 2990 2998 2989
f 2997 2989 2998
f 2998 3012 2997
f 3011 2997 3012
f 2982 2990 2981
f 2989 2981 2990
f 2536 2535 2576
f 2575 2576 2535
f 2966 2982 2965
f 2981 2965 2982
f 2958 2966 2957
f 2965 2957 2966
f 2660 2659 2626
f 2625 2626 2659
f 2650 2649 2696
f 2695 2696 2649
f 2838 2837 2786
f 2785 2786 2837
f 2538 2537 2490
f 2489 2490 2537
f 2422 2421 2386
f 2385 2386 2421
f 2942 2958 2941
f 2957 2941 2958
f 2337 2329 2338
f 2330 2338 2329
f 2988 2980 2987
f 2979 2987 2980
f 2327 2335 2328
f 2336 2328 2335
f 2329 2315 2330
f 2316 2330 2315
f 3012 2996 3011
f 2995 3011 2996
f 2964 2956 2963
f 2955 2963 2956
f 2696 2695 2744
f 2743 2744 2695
f 2906 2905 2838
f 2837 2838 2905
f 2578 2577 2538
f 2537 2538 2577
f 2385 2369 2386
f 2370 2386 2369
f 2942 2941 2906
f 2905 2906 2941
f 2490 2489 2422
f 2421 2422 2489
f 2980 2964 2979
f 2963 2979 2964
f 2343 2359 2344
f 2360 2344 2359
f 2315 2327 2316
f 2328 2316 2327
f 2996 2988 2995
f 2987 2995 2988
f 2361 2345 2362
f 2346 2362 2345
f 2420 2419 2488
f 2487 2488 2419
f 2626 2625 2578
f 2577 2578 2625
f 2335 2343 2336
f 2344 2336 2343
f 2956 2940 2955
f 2939 2955 2940
f 2698 2697 2660
f 2659 2660 2697
f 2345 2337 2346
f 2338 2346 2337
f 2744 2743 2784
f 2783 2784 2743
f 2904 2903 2940
f 2939 2940 2903
f 2624 2623 2650
f 2649 2650 2623
f 2384 2383 2420
f 2419 2420 2383
f 2576 2575 2624
f 2623 2624 2575
f 2836 2835 2904
f 2903 2904 2835
f 2359 2367 2360
f 2368 2360 2367
f 2367 2383 2368
f 2384 2368 2383
f 2746 2745 2698
f 2697 2698 2745
f 2784 2783 2836
f 2835 2836 2783
f 3011 2995 2997
f 2995 2987 2997
f 2997 2987 2989
f 2987 2979 2989
f 2989 2979 2981
f 2979 2963 2981
f 2981 2963 2965
f 2963 2955 2965
f 2965 2955 2957
f 2955 2939 2957
f 2957 2939 2941
f 2939 2903 2941
f 2941 2903 2905
f 2903 2835 2905
f 2905 2835 2837
f 2835 2783 2837
f 2837 2783 2785
f 2783 2743 2785
f 2785 2743 2745
f 2743 2695 2745
f 2745 2695 2697
f 2695 2649 2697
f 2697 2649 2659
f 2649 2623 2659
f 2659 2623 2625
f 2623 2575 2625
f 2625 2575 2577
f 2575 2535 2577
f 2577 2535 2537
f 2535 2487 2537
f 2537 2487 2489
f 2487 2419 2489
f 2489 2419 2421
f 2419 2383 2421
f 2421 2383 2385
f 2383 2367 2385
f 2385 2367 2369
f 2367 2359 2369
f 2369 2359 2361
f 2359 2343 2361
f 2361 2343 2345
f 2343 2335 2345
f 2345 2335 2337
f 2335 2327 2337
f 2337 2327 2329
f 2315 2329 2327
f 2488 2487 2536
f 2535 2536 2487
f 2786 2785 2746
f 2745 2746 2785
f 2369 2361 2370
f 2362 2370 2361
f 2998 2891 3012
f 2990 2885 2998
f 2996 3012 2891
f 2982 2877 2990
f 2891 2883 2996
f 2966 2861 2982
f 2988 2996 2883
f 2958 2845 2966
f 2883 2875 2988
f 2942 2821 2958
f 2980 2988 2875
f 2906 2801 2942
f 2875 2859 2980
f 2964 2980 2859
f 2891 2998 2885
f 2885 2990 2877
f 2877 2982 2861
f 2861 2966 2845
f 2838 2777 2906
f 2845 2958 2821
f 2821 2942 2801
f 2786 2753 2838
f 2801 2906 2777
f 2777 2838 2753
f 2746 2729 2786
f 2753 2786 2729
f 2729 2746 2705
f 2746 2698 2705
f 2705 2698 2681
f 2698 2660 2681
f 2681 2660 2655
f 2655 2660 2641
f 2660 2626 2641
f 2641 2626 2617
f 2626 2578 2617
f 2593 2617 2578
f 2578 2538 2593
f 2569 2593 2538
f 2538 2490 2569
f 2545 2569 2490
f 2490 2422 2545
f 2521 2545 2422
f 2422 2386 2521
f 2505 2521 2386
f 2386 2370 2505
f 2481 2505 2370
f 2465 2481 2362
f 2370 2362 2481
f 2859 2843 2964
f 2956 2964 2843
f 2843 2819 2956
f 2940 2956 2819
f 2819 2799 2940
f 2904 2940 2799
f 2799 2775 2904
f 2836 2904 2775
f 2775 2751 2836
f 2784 2836 2751
f 2751 2727 2784
f 2744 2784 2727
f 2727 2703 2744
f 2744 2703 2696
f 2703 2679 2696
f 2679 2653 2696
f 2696 2653 2650
f 2653 2639 2650
f 2650 2639 2624
f 2639 2615 2624
f 2591 2576 2615
f 2624 2615 2576
f 2567 2536 2591
f 2543 2488 2567
f 2576 2591 2536
f 2519 2420 2543
f 2503 2384 2519
f 2536 2567 2488
f 2479 2368 2503
f 2463 2360 2479
f 2447 2344 2463
f 2439 2336 2447
f 2488 2543 2420
f 2435 2328 2439
f 2362 2346 2465
f 2449 2465 2346
f 2420 2519 2384
f 2346 2338 2449
f 2384 2503 2368
f 2441 2449 2338
f 2368 2479 2360
f 2338 2330 2441
f 2360 2463 2344
f 2435 2441 2330
f 2344 2447 2336
f 2330 2316 2435
f 2336 2439 2328
f 2328 2435 2316
f 2878 2886 2877
f 2885 2877 2886
f 2886 2892 2885
f 2891 2885 2892
f 2802 2822 2801
f 2821 2801 2822
f 2654 2653 2680
f 2679 2680 2653
f 2802 2801 2778
f 2777 2778 2801
f 2706 2705 2682
f 2681 2682 2705
f 2822 2846 2821
f 2845 2821 2846
f 2892 2884 2891
f 2883 2891 2884
f 2521 2505 2522
f 2506 2522 2505
f 2844 2820 2843
f 2819 2843 2820
f 2862 2878 2861
f 2877 2861 2878
f 2505 2481 2506
f 2482 2506 2481
f 2465 2449 2466
f 2450 2466 2449
f 2680 2679 2704
f 2703 2704 2679
f 2730 2729 2706
f 2705 2706 2729
f 2570 2569 2546
f 2545 2546 2569
f 2447 2463 2448
f 2464 2448 2463
f 2728 2727 2752
f 2751 2752 2727
f 2754 2753 2730
f 2729 2730 2753
f 2640 2639 2654
f 2653 2654 2639
f 2876 2860 2875
f 2859 2875 2860
f 2618 2617 2594
f 2593 2594 2617
f 2778 2777 2754
f 2753 2754 2777
f 2592 2591 2616
f 2615 2616 2591
f 2463 2479 2464
f 2480 2464 2479
f 2704 2703 2728
f 2727 2728 2703
f 2642 2641 2618
f 2617 2618 2641
f 2846 2862 2845
f 2861 2845 2862
f 2884 2876 2883
f 2875 2883 2876
f 2439 2447 2440
f 2448 2440 2447
f 2656 2655 2642
f 2641 2642 2655
f 2544 2543 2568
f 2567 2568 2543
f 2546 2545 2522
f 2521 2522 2545
f 2752 2751 2776
f 2775 2776 2751
f 2435 2439 2436
f 2440 2436 2439
f 2892 2886 2878
f 2892 2878 2884
f 2884 2878 2876
f 2878 2862 2876
f 2876 2862 2860
f 2862 2846 2860
f 2860 2846 2844
f 2846 2822 2844
f 2844 2822 2820
f 2822 2802 2820
f 2820 2802 2800
f 2802 2778 2800
f 2800 2778 2776
f 2778 2754 2776
f 2776 2754 2752
f 2754 2730 2752
f 2752 2730 2728
f 2730 2706 2728
f 2728 2706 2704
f 2706 2682 2704
f 2704 2682 2680
f 2682 2656 2680
f 2680 2656 2654
f 2656 2642 2654
f 2654 2642 2640
f 2642 2618 2640
f 2640 2618 2616
f 2618 2594 2616
f 2616 2594 2592
f 2594 2570 2592
f 2592 2570 2568
f 2570 2546 2568
f 2568 2546 2544
f 2546 2522 2544
f 2544 2522 2520
f 2522 2506 2520
f 2520 2506 2504
f 2506 2482 2504
f 2504 2482 2480
f 2482 2466 2480
f 2480 2466 2464
f 2466 2450 2464
f 2464 2450 2448
f 2450 2442 2448
f 2448 2442 2436
f 2436 2440 2448
f 2520 2519 2544
f 2543 2544 2519
f 2594 2593 2570
f 2569 2570 2593
f 2449 2441 2450
f 2442 2450 2441
f 2441 2435 2442
f 2436 2442 2435
f 2479 2503 2480
f 2504 2480 2503
f 2503 2519 2504
f 2520 2504 2519
f 2682 2681 2656
f 2655 2656 2681
f 2616 2615 2640
f 2639 2640 2615
f 2860 2844 2859
f 2843 2859 2844
f 2481 2465 2482
f 2466 2482 2465
f 2776 2775 2800
f 2799 2800 2775
f 2820 2800 2819
f 2799 2819 2800
f 2568 2567 2592
f 2591 2592 2567
f 2994 3002 2993
f 3001 2993 3002
f 3002 3014 3001
f 3013 3001 3014
f 2986 2994 2985
f 2993 2985 2994
f 2540 2539 2580
f 2579 2580 2539
f 2970 2986 2969
f 2985 2969 2986
f 2962 2970 2961
f 2969 2961 2970
f 2676 2675 2630
f 2629 2630 2675
f 2666 2665 2700
f 2699 2700 2665
f 2842 2841 2790
f 2789 2790 2841
f 2542 2541 2494
f 2493 2494 2541
f 2426 2425 2390
f 2389 2390 2425
f 2946 2962 2945
f 2961 2945 2962
f 2341 2333 2342
f 2334 2342 2333
f 2992 2984 2991
f 2983 2991 2984
f 2840 2839 2908
f 2907 2908 2839
f 2331 2339 2332
f 2340 2332 2339
f 2333 2317 2334
f 2318 2334 2317
f 3014 3000 3013
f 2999 3013 3000
f 2968 2960 2967
f 2959 2967 2960
f 2700 2699 2748
f 2747 2748 2699
f 2910 2909 2842
f 2841 2842 2909
f 2582 2581 2542
f 2541 2542 2581
f 2389 2373 2390
f 2374 2390 2373
f 2946 2945 2910
f 2909 2910 2945
f 2494 2493 2426
f 2425 2426 2493
f 2347 2363 2348
f 2364 2348 2363
f 2317 2331 2318
f 2332 2318 2331
f 3000 2992 2999
f 2991 2999 2992
f 2365 2349 2366
f 2350 2366 2349
f 2424 2423 2492
f 2491 2492 2423
f 2630 2629 2582
f 2581 2582 2629
f 2339 2347 2340
f 2348 2340 2347
f 2960 2944 2959
f 2943 2959 2944
f 2702 2701 2676
f 2675 2676 2701
f 2349 2341 2350
f 2342 2350 2341
f 2748 2747 2788
f 2787 2788 2747
f 2908 2907 2944
f 2943 2944 2907
f 2628 2627 2666
f 2665 2666 2627
f 2388 2387 2424
f 2423 2424 2387
f 2580 2579 2628
f 2627 2628 2579
f 2363 2371 2364
f 2372 2364 2371
f 2371 2387 2372
f 2388 2372 2387
f 2750 2749 2702
f 2701 2702 2749
f 2788 2787 2840
f 2839 2840 2787
f 3013 2999 3001
f 2999 2991 3001
f 3001 2991 2993
f 2991 2983 2993
f 2993 2983 2985
f 2983 2967 2985
f 2985 2967 2969
f 2967 2959 2969
f 2969 2959 2961
f 2959 2943 2961
f 2961 2943 2945
f 2943 2907 2945
f 2945 2907 2909
f 2907 2839 2909
f 2909 2839 2841
f 2839 2787 2841
f 2841 2787 2789
f 2787 2747 2789
f 2789 2747 2749
f 2747 2699 2749
f 2749 2699 2701
f 2699 2665 2701
f 2701 2665 2675
f 2665 2627 2675
f 2675 2627 2629
f 2627 2579 2629
f 2629 2579 2581
f 2579 2539 2581
f 2581 2539 2541
f 2539 2491 2541
f 2541 2491 2493
f 2491 2423 2493
f 2493 2423 2425
f 2423 2387 2425
f 2425 2387 2389
f 2387 2371 2389
f 2389 2371 2373
f 2371 2363 2373
f 2373 2363 2365
f 2363 2347 2365
f 2365 2347 2349
f 2347 2339 2349
f 2349 2339 2341
f 2339 2331 2341
f 2341 2331 2333
f 2317 2333 2331
f 2984 2968 2983
f 2967 2983 2968
f 2492 2491 2540
f 2539 2540 2491
f 2790 2789 2750
f 2749 2750 2789
f 2373 2365 2374
f 2366 2374 2365
f 3002 2893 3014
f 2994 2889 3002
f 3000 3014 2893
f 2986 2881 2994
f 2893 2887 3000
f 2970 2865 2986
f 2992 3000 2887
f 2962 2849 2970
f 2887 2879 2992
f 2946 2825 2962
f 2984 2992 2879
f 2910 2805 2946
f 2879 2863 2984
f 2968 2984 2863
f 2893 3002 2889
f 2889 2994 2881
f 2881 2986 2865
f 2865 2970 2849
f 2842 2781 2910
f 2849 2962 2825
f 2825 2946 2805
f 2790 2757 2842
f 2805 2910 2781
f 2781 2842 2757
f 2750 2733 2790
f 2757 2790 2733
f 2733 2750 2709
f 2750 2702 2709
f 2709 2702 2685
f 2702 2676 2685
f 2685 2676 2671
f 2671 2676 2645
f 2676 2630 2645
f 2645 2630 2621
f 2630 2582 2621
f 2597 2621 2582
f 2582 2542 2597
f 2573 2597 2542
f 2542 2494 2573
f 2549 2573 2494
f 2494 2426 2549
f 2525 2549 2426
f 2426 2390 2525
f 2509 2525 2390
f 2390 2374 2509
f 2485 2509 2374
f 2469 2485 2366
f 2374 2366 2485
f 2863 2847 2968
f 2960 2968 2847
f 2847 2823 2960
f 2944 2960 2823
f 2823 2803 2944
f 2908 2944 2803
f 2803 2779 2908
f 2840 2908 2779
f 2779 2755 2840
f 2788 2840 2755
f 2755 2731 2788
f 2748 2788 2731
f 2731 2707 2748
f 2748 2707 2700
f 2707 2683 2700
f 2683 2669 2700
f 2700 2669 2666
f 2669 2643 2666
f 2666 2643 2628
f 2643 2619 2628
f 2595 2580 2619
f 2628 2619 2580
f 2571 2540 2595
f 2547 2492 2571
f 2580 2595 2540
f 2523 2424 2547
f 2507 2388 2523
f 2540 2571 2492
f 2483 2372 2507
f 2467 2364 2483
f 2451 2348 2467
f 2443 2340 2451
f 2492 2547 2424
f 2437 2332 2443
f 2366 2350 2469
f 2453 2469 2350
f 2424 2523 2388
f 2350 2342 2453
f 2388 2507 2372
f 2445 2453 2342
f 2372 2483 2364
f 2342 2334 2445
f 2364 2467 2348
f 2437 2445 2334
f 2348 2451 2340
f 2334 2318 2437
f 2340 2443 2332
f 2332 2437 2318
f 2882 2890 2881
f 2889 2881 2890
f 2890 2894 2889
f 2893 2889 2894
f 2806 2826 2805
f 2825 2805 2826
f 2670 2669 2684
f 2683 2684 2669
f 2806 2805 2782
f 2781 2782 2805
f 2710 2709 2686
f 2685 2686 2709
f 2826 2850 2825
f 2849 2825 2850
f 2894 2888 2893
f 2887 2893 2888
f 2525 2509 2526
f 2510 2526 2509
f 2848 2824 2847
f 2823 2847 2824
f 2866 2882 2865
f 2881 2865 2882
f 2509 2485 2510
f 2486 2510 2485
f 2469 2453 2470
f 2454 2470 2453
f 2684 2683 2708
f 2707 2708 2683
f 2734 2733 2710
f 2709 2710 2733
f 2574 2573 2550
f 2549 2550 2573
f 2451 2467 2452
f 2468 2452 2467
f 2732 2731 2756
f 2755 2756 2731
f 2758 2757 2734
f 2733 2734 2757
f 2644 2643 2670
f 2669 2670 2643
f 2880 2864 2879
f 2863 2879 2864
f 2622 2621 2598
f 2597 2598 2621
f 2782 2781 2758
f 2757 2758 2781
f 2596 2595 2620
f 2619 2620 2595
f 2467 2483 2468
f 2484 2468 2483
f 2708 2707 2732
f 2731 2732 2707
f 2646 2645 2622
f 2621 2622 2645
f 2850 2866 2849
f 2865 2849 2866
f 2888 2880 2887
f 2879 2887 2880
f 2443 2451 2444
f 2452 2444 2451
f 2672 2671 2646
f 2645 2646 2671
f 2548 2547 2572
f 2571 2572 2547
f 2550 2549 2526
f 2525 2526 2549
f 2756 2755 2780
f 2779 2780 2755
f 2437 2443 2438
f 2444 2438 2443
f 2894 2890 2882
f 2894 2882 2888
f 2888 2882 2880
f 2882 2866 2880
f 2880 2866 2864
f 2866 2850 2864
f 2864 2850 2848
f 2850 2826 2848
f 2848 2826 2824
f 2826 2806 2824
f 2824 2806 2804
f 2806 2782 2804
f 2804 2782 2780
f 2782 2758 2780
f 2780 2758 2756
f 2758 2734 2756
f 2756 2734 2732
f 2734 2710 2732
f 2732 2710 2708
f 2710 2686 2708
f 2708 2686 2684
f 2686 2672 2684
f 2684 2672 2670
f 2672 2646 2670
f 2670 2646 2644
f 2646 2622 2644
f 2644 2622 2620
f 2622 2598 2620
f 2620 2598 2596
f 2598 2574 2596
f 2596 2574 2572
f 2574 2550 2572
f 2572 2550 2548
f 2550 2526 2548
f 2548 2526 2524
f 2526 2510 2524
f 2524 2510 2508
f 2510 2486 2508
f 2508 2486 2484
f 2486 2470 2484
f 2484 2470 2468
f 2470 2454 2468
f 2468 2454 2452
f 2454 2446 2452
f 2452 2446 2438
f 2438 2444 2452
f 2524 2523 2548
f 2547 2548 2523
f 2598 2597 2574
f 2573 2574 2597
f 2453 2445 2454
f 2446 2454 2445
f 2445 2437 2446
f 2438 2446 2437
f 2483 2507 2484
f 2508 2484 2507
f 2507 2523 2508
f 2524 2508 2523
f 2686 2685 2672
f 2671 2672 2685
f 2620 2619 2644
f 2643 2644 2619
f 2864 2848 2863
f 2847 2863 2848
f 2485 2469 2486
f 2470 2486 2469
f 2780 2779 2804
f 2803 2804 2779
f 2824 2804 2823
f 2803 2823 2804
f 2572 2571 2596
f 2595 2596 2571
f 1552 1550 1551
f 1549 1551 1550
f 1951 1949 1599
f 1597 1667 1579
f 1579 1603 1571
f 1571 1603 1567
f 1567 1603 1563
f 1563 1603 1559
f 1559 1603 1557
f 1557 1603 1553
f 1553 1599 1545
f 1545 1599 1541
f 1949 1525 1599
f 1525 1527 1599
f 1541 1599 1537
f 1537 1599 1531
f 1531 1599 1527
f 1795 1931 1793
f 1793 1807 1787
f 1783 1689 1801
f 1787 1807 1781
f 1781 1807 1775
f 1775 1807 1769
f 1767 1677 1783
f 1769 1807 1755
f 1753 1677 1767
f 1755 1807 1747
f 1737 1661 1753
f 1747 1807 1731
f 1715 1661 1737
f 1731 1807 1711
f 1709 1633 1715
f 1711 1807 1701
f 1699 1633 1709
f 1691 1617 1699
f 1701 1807 1689
f 1687 1617 1691
f 1689 1783 1677
f 1675 1597 1687
f 1667 1597 1675
f 1677 1753 1661
f 1659 1579 1667
f 1651 1579 1659
f 1635 1579 1651
f 1661 1715 1633
f 1629 1579 1635
f 1625 1579 1629
f 1621 1579 1625
f 1633 1699 1617
f 1615 1579 1621
f 1611 1579 1615
f 1603 1579 1611
f 1599 1553 1603
f 1617 1687 1597
f 1935 1795 1939
f 1931 1795 1935
f 1927 1793 1931
f 1933 1939 1795
f 1923 1793 1927
f 1917 1793 1923
f 1795 1789 1933
f 1913 1793 1917
f 1905 1793 1913
f 1925 1933 1789
f 1897 1793 1905
f 1915 1925 1789
f 1891 1793 1897
f 1883 1793 1891
f 1789 1777 1915
f 1875 1793 1883
f 1867 1793 1875
f 1903 1915 1777
f 1859 1793 1867
f 1849 1793 1859
f 1847 1793 1849
f 1893 1903 1777
f 1839 1793 1847
f 1829 1793 1839
f 1877 1893 1777
f 1825 1793 1829
f 1819 1793 1825
f 1777 1765 1877
f 1807 1793 1819
f 1801 1689 1807
f 1861 1877 1765
f 1845 1861 1765
f 1765 1745 1845
f 1827 1845 1745
f 1809 1827 1745
f 1745 1713 1809
f 1779 1809 1713
f 1741 1779 1713
f 1713 1697 1741
f 1703 1741 1697
f 1697 1681 1703
f 1703 1681 1679
f 1681 1669 1679
f 1657 1649 1669
f 1679 1669 1649
f 1639 1623 1657
f 1631 1623 1639
f 1627 1595 1631
f 1649 1657 1623
f 1619 1573 1627
f 1613 1569 1619
f 1605 1561 1613
f 1601 1555 1605
f 1623 1631 1595
f 1589 1547 1601
f 1587 1543 1589
f 1585 1539 1587
f 1583 1535 1585
f 1581 1533 1583
f 1595 1627 1573
f 1573 1619 1569
f 1569 1613 1565
f 1565 1613 1561
f 1561 1605 1555
f 1555 1601 1547
f 1547 1589 1543
f 1543 1587 1539
f 1539 1585 1535
f 1535 1583 1533
f 1529 1533 1581
f 1457 1501 1509
f 1457 1459 1501
f 1507 1501 1459
f 1459 1457 1445
f 1457 1435 1445
f 1459 1445 1441
f 2269 2219 2273
f 2219 2217 2273
f 2265 2215 2269
f 2271 2273 2217
f 2261 2211 2265
f 2217 2213 2271
f 2255 2207 2261
f 2267 2271 2213
f 2251 2203 2255
f 2213 2209 2267
f 2243 2197 2251
f 2263 2267 2209
f 2239 2187 2243
f 2209 2205 2263
f 2235 2183 2239
f 2257 2263 2205
f 2229 2183 2235
f 2253 2257 2205
f 2223 2179 2229
f 2205 2199 2253
f 2245 2253 2199
f 2219 2269 2215
f 2215 2265 2211
f 2211 2261 2207
f 2207 2255 2203
f 2203 2251 2197
f 2191 2173 2223
f 2197 2243 2187
f 2187 2239 2183
f 2183 2229 2179
f 2179 2223 2173
f 2171 2153 2191
f 2173 2191 2165
f 2165 2191 2153
f 2135 2129 2171
f 2153 2171 2129
f 2129 2135 2119
f 2135 2111 2119
f 2113 2119 2111
f 2113 2111 2103
f 2111 2091 2103
f 2095 2103 2091
f 2095 2091 2087
f 2091 2073 2087
f 2081 2087 2073
f 2073 2055 2081
f 2079 2081 2055
f 2055 2039 2079
f 2071 2079 2039
f 2039 2035 2071
f 2065 2071 2035
f 2035 2033 2065
f 2059 2065 2033
f 2033 2029 2059
f 2053 2059 2029
f 2029 2027 2053
f 2049 2053 2027
f 2027 2019 2049
f 2045 2049 2019
f 2019 2009 2045
f 2043 2045 2009
f 2009 2005 2043
f 2005 1997 2043
f 2041 2043 1997
f 1997 1995 2041
f 2037 2041 1995
f 1993 2037 1995
f 2199 2193 2245
f 2241 2245 2193
f 2193 2185 2241
f 2237 2241 2185
f 2233 2237 2185
f 2185 2181 2233
f 2227 2233 2181
f 2181 2177 2227
f 2221 2227 2177
f 2177 2167 2221
f 2189 2221 2167
f 2167 2161 2189
f 2175 2189 2161
f 2161 2133 2175
f 2147 2175 2133
f 2133 2125 2147
f 2147 2125 2123
f 2115 2107 2125
f 2123 2125 2107
f 2101 2097 2115
f 2107 2115 2097
f 2093 2075 2101
f 2097 2101 2085
f 2083 2063 2093
f 2077 2051 2083
f 2085 2101 2075
f 2067 2051 2077
f 2075 2093 2063
f 2057 2051 2067
f 2063 2083 2051
f 2047 2051 2057
f 2247 2061 2249
f 2249 2061 2015
f 2061 2051 2015
f 2047 2003 2051
f 2015 2051 2003
f 1934 1796 1940
f 1936 1940 1796
f 1932 1936 1796
f 1926 1790 1934
f 1796 1794 1932
f 1928 1932 1794
f 1916 1790 1926
f 1924 1928 1794
f 1794 1788 1924
f 1904 1778 1916
f 1918 1924 1788
f 1894 1778 1904
f 1914 1918 1788
f 1788 1782 1914
f 1878 1778 1894
f 1906 1914 1782
f 1898 1906 1782
f 1862 1766 1878
f 1782 1776 1898
f 1892 1898 1776
f 1884 1892 1776
f 1846 1766 1862
f 1776 1770 1884
f 1876 1884 1770
f 1828 1746 1846
f 1868 1876 1770
f 1770 1756 1868
f 1810 1746 1828
f 1860 1868 1756
f 1850 1860 1756
f 1756 1748 1850
f 1796 1934 1790
f 1780 1714 1810
f 1790 1916 1778
f 1778 1878 1766
f 1766 1846 1746
f 1742 1714 1780
f 1746 1810 1714
f 1704 1698 1742
f 1714 1742 1698
f 1698 1704 1682
f 1704 1680 1682
f 1682 1680 1670
f 1680 1650 1670
f 1658 1670 1650
f 1650 1624 1658
f 1640 1658 1624
f 1632 1640 1624
f 1624 1596 1632
f 1628 1632 1596
f 1596 1574 1628
f 1620 1628 1574
f 1574 1570 1620
f 1614 1620 1570
f 1570 1566 1614
f 1566 1562 1614
f 1606 1614 1562
f 1562 1556 1606
f 1602 1606 1556
f 1556 1548 1602
f 1590 1602 1548
f 1548 1544 1590
f 1588 1590 1544
f 1544 1540 1588
f 1586 1588 1540
f 1540 1536 1586
f 1584 1586 1536
f 1536 1534 1584
f 1582 1584 1534
f 1530 1582 1534
f 1848 1850 1748
f 1748 1732 1848
f 1840 1848 1732
f 1830 1840 1732
f 1732 1712 1830
f 1826 1830 1712
f 1820 1826 1712
f 1712 1702 1820
f 1808 1820 1702
f 1702 1690 1808
f 1802 1808 1690
f 1784 1802 1690
f 1690 1678 1784
f 1768 1784 1678
f 1754 1768 1678
f 1678 1662 1754
f 1738 1754 1662
f 1716 1738 1662
f 1662 1634 1716
f 1710 1716 1634
f 1700 1710 1634
f 1634 1618 1700
f 1692 1700 1618
f 1688 1692 1618
f 1618 1598 1688
f 1676 1688 1598
f 1668 1676 1598
f 1598 1580 1668
f 1660 1668 1580
f 1652 1660 1580
f 1580 1572 1652
f 1636 1652 1572
f 1630 1636 1572
f 1572 1568 1630
f 1626 1630 1568
f 1568 1564 1626
f 1622 1626 1564
f 1952 1600 1950
f 1616 1622 1564
f 1564 1560 1616
f 1612 1616 1560
f 1560 1558 1612
f 1604 1612 1558
f 1558 1554 1604
f 1600 1604 1554
f 1554 1546 1600
f 1546 1542 1600
f 1542 1538 1600
f 1538 1532 1600
f 1532 1528 1600
f 1526 1600 1528
f 1950 1600 1526
f 1460 1502 1508
f 1460 1458 1502
f 1510 1502 1458
f 1458 1460 1446
f 1460 1442 1446
f 1458 1446 1436
f 2248 2250 2062
f 2250 2016 2062
f 2062 2016 2052
f 2016 2004 2052
f 2048 2052 2004
f 2220 2274 2218
f 2218 2228 2214
f 2214 2228 2210
f 2210 2228 2206
f 2206 2228 2200
f 2200 2228 2194
f 2190 2168 2222
f 2194 2228 2186
f 2186 2228 2182
f 2182 2228 2178
f 2176 2162 2190
f 2178 2222 2168
f 2168 2190 2162
f 2148 2134 2176
f 2162 2176 2134
f 2134 2148 2126
f 2148 2124 2126
f 2124 2108 2126
f 2116 2126 2108
f 2108 2098 2116
f 2102 2116 2098
f 2098 2086 2102
f 2086 2076 2102
f 2094 2102 2076
f 2076 2064 2094
f 2084 2094 2064
f 2064 2052 2084
f 2078 2084 2052
f 2068 2078 2052
f 2058 2068 2052
f 2048 2058 2052
f 2272 2218 2274
f 2268 2218 2272
f 2270 2274 2220
f 2264 2218 2268
f 2220 2216 2270
f 2258 2218 2264
f 2266 2270 2216
f 2254 2218 2258
f 2216 2212 2266
f 2246 2218 2254
f 2262 2266 2212
f 2242 2218 2246
f 2212 2208 2262
f 2238 2218 2242
f 2256 2262 2208
f 2234 2218 2238
f 2208 2204 2256
f 2228 2218 2234
f 2252 2256 2204
f 2222 2178 2228
f 2204 2198 2252
f 2244 2252 2198
f 2198 2188 2244
f 2240 2244 2188
f 2188 2184 2240
f 2236 2240 2184
f 2230 2236 2184
f 2184 2180 2230
f 2224 2230 2180
f 2180 2174 2224
f 2192 2224 2174
f 2174 2166 2192
f 2166 2154 2192
f 2172 2192 2154
f 2154 2130 2172
f 2136 2172 2130
f 2130 2120 2136
f 2114 2112 2120
f 2136 2120 2112
f 2114 2104 2112
f 2096 2092 2104
f 2112 2104 2092
f 2096 2088 2092
f 2082 2074 2088
f 2080 2056 2082
f 2092 2088 2074
f 2072 2040 2080
f 2066 2036 2072
f 2060 2034 2066
f 2074 2082 2056
f 2054 2030 2060
f 2050 2028 2054
f 2046 2020 2050
f 2044 2010 2046
f 2042 1998 2044
f 2056 2080 2040
f 2038 1996 2042
f 2040 2072 2036
f 2036 2066 2034
f 2034 2060 2030
f 2030 2054 2028
f 2028 2050 2020
f 2020 2046 2010
f 2010 2044 2006
f 2006 2044 1998
f 1998 2042 1996
f 1994 1996 2038
f 1952 1951 1600
f 1599 1600 1951
f 1604 1600 1603
f 1599 1603 1600
f 1612 1604 1611
f 1603 1611 1604
f 1616 1612 1615
f 1611 1615 1612
f 1622 1616 1621
f 1615 1621 1616
f 1626 1622 1625
f 1621 1625 1622
f 1630 1626 1629
f 1625 1629 1626
f 1636 1630 1635
f 1629 1635 1630
f 1636 1635 1652
f 1651 1652 1635
f 1652 1651 1660
f 1659 1660 1651
f 1660 1659 1668
f 1667 1668 1659
f 1668 1667 1676
f 1675 1676 1667
f 1676 1675 1688
f 1687 1688 1675
f 1688 1687 1692
f 1691 1692 1687
f 1692 1691 1700
f 1699 1700 1691
f 1700 1699 1710
f 1709 1710 1699
f 1710 1709 1716
f 1715 1716 1709
f 1716 1715 1738
f 1737 1738 1715
f 1738 1737 1754
f 1753 1754 1737
f 1754 1753 1768
f 1767 1768 1753
f 1768 1767 1784
f 1783 1784 1767
f 1784 1783 1802
f 1801 1802 1783
f 1802 1801 1808
f 1807 1808 1801
f 1808 1807 1820
f 1819 1820 1807
f 1820 1819 1826
f 1825 1826 1819
f 1826 1825 1830
f 1829 1830 1825
f 1830 1829 1840
f 1839 1840 1829
f 1848 1840 1847
f 1839 1847 1840
f 1850 1848 1849
f 1847 1849 1848
f 1860 1850 1859
f 1849 1859 1850
f 1868 1860 1867
f 1859 1867 1860
f 1876 1868 1875
f 1867 1875 1868
f 1884 1876 1883
f 1875 1883 1876
f 1892 1884 1891
f 1883 1891 1884
f 1898 1892 1897
f 1891 1897 1892
f 1906 1898 1905
f 1897 1905 1898
f 1914 1906 1913
f 1905 1913 1906
f 1918 1914 1917
f 1913 1917 1914
f 1924 1918 1923
f 1917 1923 1918
f 1928 1924 1927
f 1923 1927 1924
f 1932 1928 1931
f 1927 1931 1928
f 1936 1932 1935
f 1931 1935 1932
f 1940 1936 1939
f 1935 1939 1936
f 1934 1940 1933
f 1939 1933 1940
f 1926 1934 1925
f 1933 1925 1934
f 1916 1926 1915
f 1925 1915 1926
f 1904 1916 1903
f 1915 1903 1916
f 1894 1904 1893
f 1903 1893 1904
f 1878 1894 1877
f 1893 1877 1894
f 1878 1877 1862
f 1861 1862 1877
f 1862 1861 1846
f 1845 1846 1861
f 1846 1845 1828
f 1827 1828 1845
f 1828 1827 1810
f 1809 1810 1827
f 1810 1809 1780
f 1779 1780 1809
f 1780 1779 1742
f 1741 1742 1779
f 1742 1741 1704
f 1703 1704 1741
f 1704 1703 1680
f 1679 1680 1703
f 1680 1679 1650
f 1649 1650 1679
f 1650 1649 1624
f 1623 1624 1649
f 1624 1623 1596
f 1595 1596 1623
f 1596 1595 1574
f 1573 1574 1595
f 1574 1573 1570
f 1569 1570 1573
f 1570 1569 1566
f 1565 1566 1569
f 1566 1565 1562
f 1561 1562 1565
f 1562 1561 1556
f 1555 1556 1561
f 1555 1547 1556
f 1548 1556 1547
f 1547 1543 1548
f 1544 1548 1543
f 1543 1539 1544
f 1540 1544 1539
f 1539 1535 1540
f 1536 1540 1535
f 1535 1533 1536
f 1534 1536 1533
f 1533 1529 1534
f 1530 1534 1529
f 1530 1529 1582
f 1581 1582 1529
f 1584 1582 1583
f 1581 1583 1582
f 1586 1584 1585
f 1583 1585 1584
f 1588 1586 1587
f 1585 1587 1586
f 1590 1588 1589
f 1587 1589 1588
f 1602 1590 1601
f 1589 1601 1590
f 1606 1602 1605
f 1601 1605 1602
f 1614 1606 1613
f 1605 1613 1606
f 1614 1613 1620
f 1619 1620 1613
f 1620 1619 1628
f 1627 1628 1619
f 1628 1627 1632
f 1631 1632 1627
f 1632 1631 1640
f 1639 1640 1631
f 1640 1639 1658
f 1657 1658 1639
f 1658 1657 1670
f 1669 1670 1657
f 1670 1669 1682
f 1681 1682 1669
f 1682 1681 1698
f 1697 1698 1681
f 1698 1697 1714
f 1713 1714 1697
f 1714 1713 1746
f 1745 1746 1713
f 1746 1745 1766
f 1765 1766 1745
f 1765 1777 1766
f 1778 1766 1777
f 1777 1789 1778
f 1790 1778 1789
f 1789 1795 1790
f 1796 1790 1795
f 1795 1793 1796
f 1794 1796 1793
f 1793 1787 1794
f 1788 1794 1787
f 1787 1781 1788
f 1782 1788 1781
f 1781 1775 1782
f 1776 1782 1775
f 1775 1769 1776
f 1770 1776 1769
f 1769 1755 1770
f 1756 1770 1755
f 1755 1747 1756
f 1748 1756 1747
f 1747 1731 1748
f 1732 1748 1731
f 1731 1711 1732
f 1712 1732 1711
f 1711 1701 1712
f 1702 1712 1701
f 1702 1701 1690
f 1689 1690 1701
f 1690 1689 1678
f 1677 1678 1689
f 1678 1677 1662
f 1661 1662 1677
f 1662 1661 1634
f 1633 1634 1661
f 1634 1633 1618
f 1617 1618 1633
f 1618 1617 1598
f 1597 1598 1617
f 1598 1597 1580
f 1579 1580 1597
f 1580 1579 1572
f 1571 1572 1579
f 1572 1571 1568
f 1567 1568 1571
f 1567 1563 1568
f 1564 1568 1563
f 1563 1559 1564
f 1560 1564 1559
f 1559 1557 1560
f 1558 1560 1557
f 1557 1553 1558
f 1554 1558 1553
f 1553 1545 1554
f 1546 1554 1545
f 1545 1541 1546
f 1542 1546 1541
f 1541 1537 1542
f 1538 1542 1537
f 1537 1531 1538
f 1532 1538 1531
f 1531 1527 1532
f 1528 1532 1527
f 1527 1525 1528
f 1526 1528 1525
f 1526 1525 1950
f 1949 1950 1525
f 1952 1950 1951
f 1949 1951 1950
f 1457 1509 1458
f 1510 1458 1509
f 1510 1509 1524
f 1507 1508 1523
f 1507 1459 1508
f 1460 1508 1459
f 1442 1460 1441
f 1459 1441 1460
f 1442 1441 1412
f 1435 1436 1411
f 1458 1436 1457
f 1435 1457 1436
f 2136 2135 2172
f 2171 2172 2135
f 2172 2171 2192
f 2191 2192 2171
f 2192 2191 2224
f 2223 2224 2191
f 2224 2223 2230
f 2229 2230 2223
f 2230 2229 2236
f 2235 2236 2229
f 2236 2235 2240
f 2239 2240 2235
f 2244 2240 2243
f 2239 2243 2240
f 2252 2244 2251
f 2243 2251 2244
f 2256 2252 2255
f 2251 2255 2252
f 2262 2256 2261
f 2255 2261 2256
f 2266 2262 2265
f 2261 2265 2262
f 2270 2266 2269
f 2265 2269 2266
f 2274 2270 2273
f 2269 2273 2270
f 2272 2274 2271
f 2273 2271 2274
f 2268 2272 2267
f 2271 2267 2272
f 2264 2268 2263
f 2267 2263 2268
f 2258 2264 2257
f 2263 2257 2264
f 2254 2258 2253
f 2257 2253 2258
f 2246 2254 2245
f 2253 2245 2254
f 2242 2246 2241
f 2245 2241 2246
f 2242 2241 2238
f 2237 2238 2241
f 2238 2237 2234
f 2233 2234 2237
f 2234 2233 2228
f 2227 2228 2233
f 2228 2227 2222
f 2221 2222 2227
f 2222 2221 2190
f 2189 2190 2221
f 2190 2189 2176
f 2175 2176 2189
f 2176 2175 2148
f 2147 2148 2175
f 2148 2147 2124
f 2123 2124 2147
f 2124 2123 2108
f 2107 2108 2123
f 2108 2107 2098
f 2097 2098 2107
f 2098 2097 2086
f 2085 2086 2097
f 2086 2085 2076
f 2075 2076 2085
f 2076 2075 2064
f 2063 2064 2075
f 2064 2063 2052
f 2062 2052 2061
f 2062 2061 2248
f 2247 2248 2061
f 2250 2248 2249
f 2247 2249 2248
f 2250 2249 2016
f 2015 2016 2249
f 2015 2003 2016
f 2004 2016 2003
f 2004 2003 2048
f 2047 2048 2003
f 2058 2048 2057
f 2047 2057 2048
f 2058 2057 2068
f 2067 2068 2057
f 2068 2067 2078
f 2077 2078 2067
f 2078 2077 2084
f 2083 2084 2077
f 2084 2083 2094
f 2093 2094 2083
f 2094 2093 2102
f 2101 2102 2093
f 2102 2101 2116
f 2115 2116 2101
f 2116 2115 2126
f 2125 2126 2115
f 2126 2125 2134
f 2133 2134 2125
f 2134 2133 2162
f 2161 2162 2133
f 2162 2161 2168
f 2167 2168 2161
f 2168 2167 2178
f 2177 2178 2167
f 2178 2177 2182
f 2181 2182 2177
f 2182 2181 2186
f 2185 2186 2181
f 2185 2193 2186
f 2194 2186 2193
f 2193 2199 2194
f 2200 2194 2199
f 2199 2205 2200
f 2206 2200 2205
f 2205 2209 2206
f 2210 2206 2209
f 2209 2213 2210
f 2214 2210 2213
f 2213 2217 2214
f 2218 2214 2217
f 2217 2219 2218
f 2220 2218 2219
f 2219 2215 2220
f 2216 2220 2215
f 2215 2211 2216
f 2212 2216 2211
f 2211 2207 2212
f 2208 2212 2207
f 2207 2203 2208
f 2204 2208 2203
f 2203 2197 2204
f 2198 2204 2197
f 2197 2187 2198
f 2188 2198 2187
f 2187 2183 2188
f 2184 2188 2183
f 2184 2183 2180
f 2179 2180 2183
f 2180 2179 2174
f 2173 2174 2179
f 2174 2173 2166
f 2165 2166 2173
f 2166 2165 2154
f 2153 2154 2165
f 2154 2153 2130
f 2129 2130 2153
f 2130 2129 2120
f 2119 2120 2129
f 2120 2119 2114
f 2113 2114 2119
f 2114 2113 2104
f 2103 2104 2113
f 2104 2103 2096
f 2095 2096 2103
f 2096 2095 2088
f 2087 2088 2095
f 2088 2087 2082
f 2081 2082 2087
f 2082 2081 2080
f 2079 2080 2081
f 2080 2079 2072
f 2071 2072 2079
f 2072 2071 2066
f 2065 2066 2071
f 2066 2065 2060
f 2059 2060 2065
f 2054 2060 2053
f 2059 2053 2060
f 2050 2054 2049
f 2053 2049 2054
f 2046 2050 2045
f 2049 2045 2050
f 2044 2046 2043
f 2045 2043 2046
f 2042 2044 2041
f 2043 2041 2044
f 2038 2042 2037
f 2041 2037 2042
f 2038 2037 1994
f 1993 1994 2037
f 1993 1995 1994
f 1996 1994 1995
f 1995 1997 1996
f 1998 1996 1997
f 1997 2005 1998
f 2006 1998 2005
f 2005 2009 2006
f 2010 2006 2009
f 2009 2019 2010
f 2020 2010 2019
f 2019 2027 2020
f 2028 2020 2027
f 2028 2027 2030
f 2029 2030 2027
f 2030 2029 2034
f 2033 2034 2029
f 2034 2033 2036
f 2035 2036 2033
f 2036 2035 2040
f 2039 2040 2035
f 2040 2039 2056
f 2055 2056 2039
f 2056 2055 2074
f 2073 2074 2055
f 2074 2073 2092
f 2091 2092 2073
f 2092 2091 2112
f 2111 2112 2091
f 2112 2111 2136
f 2135 2136 2111
f 2201 2225 2099
f 2089 2099 2225
f 2231 2225 2259
f 2225 2201 2259
f 2259 2201 2195
f 2201 2169 2195
f 2169 2163 2195
f 2163 2159 2195
f 2155 2105 2157
f 2151 2105 2155
f 2149 2105 2151
f 2145 2105 2149
f 2143 2105 2145
f 2141 2105 2143
f 2139 2105 2141
f 2137 2105 2139
f 2131 2105 2137
f 2127 2105 2131
f 2121 2105 2127
f 2117 2105 2121
f 2109 2105 2117
f 2195 2159 2105
f 2159 2157 2105
f 2109 2099 2105
f 2089 2031 2099
f 2069 2031 2089
f 2105 2099 2031
f 1983 1999 1981
f 1979 1961 1987
f 1981 1991 1973
f 1973 1991 1969
f 1965 1945 1979
f 1969 1987 1961
f 1961 1979 1957
f 1953 1941 1965
f 1957 1979 1945
f 1945 1965 1941
f 1929 1919 1953
f 1941 1953 1919
f 1919 1929 1909
f 1907 1895 1929
f 1909 1929 1895
f 1889 1885 1907
f 1895 1907 1885
f 1885 1889 1879
f 1889 1873 1879
f 1879 1873 1863
f 1863 1873 1857
f 1873 1851 1857
f 1857 1851 1843
f 1851 1835 1843
f 1843 1835 1833
f 1835 1815 1833
f 1823 1833 1815
f 1815 1797 1823
f 1813 1823 1797
f 1797 1757 1813
f 1805 1813 1757
f 1757 1723 1805
f 1791 1805 1723
f 1723 1705 1791
f 1773 1791 1705
f 1705 1693 1773
f 1763 1773 1693
f 1693 1683 1763
f 1751 1763 1683
f 1683 1671 1751
f 1743 1751 1671
f 1671 1663 1743
f 1663 1653 1743
f 1637 1643 1717
f 1735 1743 1653
f 1643 1647 1717
f 1653 1645 1735
f 1647 1655 1717
f 1729 1735 1645
f 1655 1665 1717
f 1645 1641 1729
f 1707 1717 1695
f 1721 1729 1641
f 1685 1717 1673
f 1641 1637 1721
f 1673 1717 1665
f 1717 1721 1637
f 1695 1717 1685
f 2017 1983 2023
f 2013 1983 2017
f 2007 1983 2013
f 1999 1983 2007
f 1991 1981 1999
f 1987 1969 1991
f 1985 2023 1983
f 2025 2023 1985
f 1869 1871 1985
f 2025 1985 1871
f 2021 1977 2011
f 1971 1967 2011
f 1971 2011 1977
f 2001 2011 1967
f 1967 1963 2001
f 1963 1959 2001
f 1989 2001 1959
f 1959 1955 1989
f 1955 1943 1989
f 1975 1989 1943
f 1943 1937 1975
f 1937 1921 1975
f 1947 1975 1921
f 1921 1911 1947
f 1911 1901 1947
f 1947 1901 1899
f 1901 1887 1899
f 1887 1881 1899
f 1881 1865 1899
f 1853 1855 1865
f 1899 1865 1855
f 1853 1841 1855
f 1855 1841 1837
f 1841 1831 1837
f 1821 1817 1831
f 1837 1831 1817
f 1811 1799 1821
f 1803 1759 1811
f 1817 1821 1799
f 1785 1725 1803
f 1771 1707 1785
f 1761 1707 1771
f 1799 1811 1759
f 1749 1707 1761
f 1739 1707 1749
f 1733 1707 1739
f 1727 1707 1733
f 1759 1803 1725
f 1719 1707 1727
f 1717 1707 1719
f 1725 1785 1707
f 1431 1413 1433
f 1413 1415 1433
f 1429 1433 1415
f 1427 1429 1415
f 1425 1427 1415
f 1423 1425 1415
f 1421 1423 1415
f 1419 1421 1415
f 1503 1479 1505
f 1499 1505 1497
f 1497 1505 1495
f 1495 1505 1493
f 1493 1505 1491
f 1491 1505 1489
f 1489 1505 1487
f 1487 1505 1485
f 1485 1505 1483
f 1483 1505 1481
f 1481 1505 1479
f 1477 1479 1503
f 1473 1461 1475
f 1471 1461 1473
f 1469 1453 1471
f 1467 1453 1469
f 1465 1453 1467
f 1463 1453 1465
f 1505 1499 1461
f 1499 1475 1461
f 1455 1451 1463
f 1461 1471 1453
f 1453 1463 1451
f 1451 1437 1449
f 1455 1443 1451
f 1443 1437 1451
f 1447 1449 1437
f 1439 1447 1437
f 1437 1417 1439
f 1439 1417 1415
f 1417 1419 1415
f 1609 1607 1515
f 1515 1511 1517
f 1511 1513 1517
f 1519 1517 1513
f 1607 1511 1515
f 1575 1517 1577
f 1519 1577 1517
f 1591 1521 1593
f 1593 1521 1513
f 1521 1519 1513
f 2002 1968 2012
f 1990 1960 2002
f 1972 2012 1968
f 1976 1944 1990
f 2022 2012 1978
f 1972 1978 2012
f 1968 2002 1964
f 1964 2002 1960
f 1960 1990 1956
f 1948 1922 1976
f 1956 1990 1944
f 1944 1976 1938
f 1938 1976 1922
f 1922 1948 1912
f 1912 1948 1902
f 1948 1900 1902
f 1902 1900 1888
f 1888 1900 1882
f 1882 1900 1866
f 1900 1856 1866
f 1866 1856 1854
f 1854 1856 1842
f 1856 1838 1842
f 1842 1838 1832
f 1838 1818 1832
f 1822 1832 1818
f 1818 1800 1822
f 1812 1822 1800
f 1800 1760 1812
f 1804 1812 1760
f 1760 1726 1804
f 1786 1804 1726
f 1726 1708 1786
f 1772 1786 1708
f 1708 1696 1772
f 1762 1772 1696
f 1696 1686 1762
f 1750 1762 1686
f 1686 1674 1750
f 1674 1666 1750
f 1740 1750 1666
f 2026 1986 2024
f 1986 1984 2024
f 2018 2024 1984
f 2008 2014 1984
f 2000 2008 1984
f 1984 1982 2000
f 2014 2018 1984
f 2026 1872 1986
f 1870 1986 1872
f 1982 1974 2000
f 1992 2000 1974
f 1974 1970 1992
f 1988 1992 1970
f 1970 1962 1988
f 1980 1988 1962
f 1962 1958 1980
f 1958 1946 1980
f 1966 1980 1946
f 1946 1942 1966
f 1954 1966 1942
f 1942 1920 1954
f 1930 1954 1920
f 1920 1910 1930
f 1910 1896 1930
f 1908 1930 1896
f 1896 1886 1908
f 1890 1908 1886
f 1886 1880 1890
f 1890 1880 1874
f 1880 1864 1874
f 1864 1858 1874
f 1874 1858 1852
f 1858 1844 1852
f 1852 1844 1836
f 1844 1834 1836
f 1824 1816 1834
f 1836 1834 1816
f 1814 1798 1824
f 1806 1758 1814
f 1816 1824 1798
f 1792 1724 1806
f 1774 1706 1792
f 1764 1694 1774
f 1798 1814 1758
f 1752 1684 1764
f 1744 1672 1752
f 1736 1654 1744
f 1730 1646 1736
f 1758 1806 1724
f 1722 1642 1730
f 1718 1638 1722
f 1666 1656 1740
f 1642 1722 1638
f 1734 1740 1656
f 1646 1730 1642
f 1656 1648 1734
f 1654 1736 1646
f 1728 1734 1648
f 1664 1744 1654
f 1648 1644 1728
f 1724 1792 1706
f 1720 1728 1644
f 1718 1720 1638
f 1644 1638 1720
f 1706 1774 1694
f 1694 1764 1684
f 1672 1744 1664
f 1684 1752 1672
f 1500 1498 1506
f 1500 1462 1476
f 1474 1476 1462
f 1472 1474 1462
f 1462 1454 1472
f 1470 1472 1454
f 1468 1470 1454
f 1506 1462 1500
f 1466 1468 1454
f 1464 1466 1454
f 1454 1452 1464
f 1456 1464 1452
f 1448 1438 1450
f 1456 1452 1444
f 1452 1450 1438
f 1440 1438 1448
f 1444 1452 1438
f 1438 1440 1418
f 1416 1418 1440
f 1498 1496 1506
f 1496 1494 1506
f 1494 1492 1506
f 1492 1490 1506
f 1490 1488 1506
f 1488 1486 1506
f 1486 1484 1506
f 1484 1482 1506
f 1482 1480 1506
f 1504 1506 1480
f 1478 1504 1480
f 1430 1416 1434
f 1428 1416 1430
f 1426 1416 1428
f 1424 1416 1426
f 1422 1416 1424
f 1420 1416 1422
f 1418 1416 1420
f 1414 1434 1416
f 1432 1434 1414
f 1592 1594 1522
f 1522 1514 1520
f 1518 1520 1514
f 1514 1512 1518
f 1594 1514 1522
f 1578 1520 1576
f 1518 1576 1520
f 1610 1516 1608
f 1608 1516 1512
f 1516 1518 1512
f 2232 2260 2226
f 2226 2260 2202
f 2260 2196 2202
f 2202 2196 2170
f 2170 2196 2164
f 2164 2196 2160
f 2160 2106 2158
f 2156 2158 2106
f 2152 2156 2106
f 2150 2152 2106
f 2146 2150 2106
f 2144 2146 2106
f 2142 2144 2106
f 2140 2142 2106
f 2138 2140 2106
f 2132 2138 2106
f 2128 2132 2106
f 2122 2128 2106
f 2118 2122 2106
f 2196 2106 2160
f 2110 2118 2106
f 2110 2106 2100
f 2106 2032 2100
f 2090 2100 2032
f 2070 2090 2032
f 2202 2100 2226
f 2090 2226 2100
f 1874 1873 1890
f 1889 1890 1873
f 1890 1889 1908
f 1907 1908 1889
f 1908 1907 1930
f 1929 1930 1907
f 1930 1929 1954
f 1953 1954 1929
f 1954 1953 1966
f 1965 1966 1953
f 1966 1965 1980
f 1979 1980 1965
f 1980 1979 1988
f 1987 1988 1979
f 1988 1987 1992
f 1991 1992 1987
f 1992 1991 2000
f 1999 2000 1991
f 2000 1999 2008
f 2007 2008 1999
f 2008 2007 2014
f 2013 2014 2007
f 2014 2013 2018
f 2017 2018 2013
f 2018 2017 2024
f 2023 2024 2017
f 2026 2024 2025
f 2023 2025 2024
f 2026 2025 1872
f 1871 1872 2025
f 1871 1869 1872
f 1870 1872 1869
f 1870 1869 1986
f 1985 1986 1869
f 1985 1983 1986
f 1984 1986 1983
f 1984 1983 1982
f 1981 1982 1983
f 1982 1981 1974
f 1973 1974 1981
f 1974 1973 1970
f 1969 1970 1973
f 1970 1969 1962
f 1961 1962 1969
f 1962 1961 1958
f 1957 1958 1961
f 1958 1957 1946
f 1945 1946 1957
f 1946 1945 1942
f 1941 1942 1945
f 1942 1941 1920
f 1919 1920 1941
f 1920 1919 1910
f 1909 1910 1919
f 1910 1909 1896
f 1895 1896 1909
f 1896 1895 1886
f 1885 1886 1895
f 1886 1885 1880
f 1879 1880 1885
f 1880 1879 1864
f 1863 1864 1879
f 1864 1863 1858
f 1857 1858 1863
f 1858 1857 1844
f 1843 1844 1857
f 1844 1843 1834
f 1833 1834 1843
f 1834 1833 1824
f 1823 1824 1833
f 1824 1823 1814
f 1813 1814 1823
f 1814 1813 1806
f 1805 1806 1813
f 1806 1805 1792
f 1791 1792 1805
f 1774 1792 1773
f 1791 1773 1792
f 1764 1774 1763
f 1773 1763 1774
f 1752 1764 1751
f 1763 1751 1764
f 1744 1752 1743
f 1751 1743 1752
f 1736 1744 1735
f 1743 1735 1744
f 1730 1736 1729
f 1735 1729 1736
f 1722 1730 1721
f 1729 1721 1730
f 1718 1722 1717
f 1721 1717 1722
f 1720 1718 1719
f 1717 1719 1718
f 1728 1720 1727
f 1719 1727 1720
f 1734 1728 1733
f 1727 1733 1728
f 1740 1734 1739
f 1733 1739 1734
f 1750 1740 1749
f 1739 1749 1740
f 1762 1750 1761
f 1749 1761 1750
f 1772 1762 1771
f 1761 1771 1762
f 1786 1772 1785
f 1771 1785 1772
f 1786 1785 1804
f 1803 1804 1785
f 1804 1803 1812
f 1811 1812 1803
f 1812 1811 1822
f 1821 1822 1811
f 1822 1821 1832
f 1831 1832 1821
f 1832 1831 1842
f 1841 1842 1831
f 1842 1841 1854
f 1853 1854 1841
f 1854 1853 1866
f 1865 1866 1853
f 1866 1865 1882
f 1881 1882 1865
f 1882 1881 1888
f 1887 1888 1881
f 1888 1887 1902
f 1901 1902 1887
f 1902 1901 1912
f 1911 1912 1901
f 1912 1911 1922
f 1921 1922 1911
f 1922 1921 1938
f 1937 1938 1921
f 1938 1937 1944
f 1943 1944 1937
f 1944 1943 1956
f 1955 1956 1943
f 1956 1955 1960
f 1959 1960 1955
f 1959 1963 1960
f 1964 1960 1963
f 1963 1967 1964
f 1968 1964 1967
f 1967 1971 1968
f 1972 1968 1971
f 1971 1977 1972
f 1978 1972 1977
f 1978 1977 2022
f 2021 2022 1977
f 2012 2022 2011
f 2021 2011 2022
f 2002 2012 2001
f 2011 2001 2012
f 2002 2001 1990
f 1989 1990 2001
f 1990 1989 1976
f 1975 1976 1989
f 1976 1975 1948
f 1947 1948 1975
f 1948 1947 1900
f 1899 1900 1947
f 1900 1899 1856
f 1855 1856 1899
f 1856 1855 1838
f 1837 1838 1855
f 1838 1837 1818
f 1817 1818 1837
f 1818 1817 1800
f 1799 1800 1817
f 1800 1799 1760
f 1759 1760 1799
f 1760 1759 1726
f 1725 1726 1759
f 1726 1725 1708
f 1707 1708 1725
f 1708 1707 1696
f 1695 1696 1707
f 1695 1685 1696
f 1686 1696 1685
f 1685 1673 1686
f 1674 1686 1673
f 1673 1665 1674
f 1666 1674 1665
f 1665 1655 1666
f 1656 1666 1655
f 1655 1647 1656
f 1648 1656 1647
f 1647 1643 1648
f 1644 1648 1643
f 1643 1637 1644
f 1638 1644 1637
f 1637 1641 1638
f 1642 1638 1641
f 1641 1645 1642
f 1646 1642 1645
f 1645 1653 1646
f 1654 1646 1653
f 1653 1663 1654
f 1664 1654 1663
f 1663 1671 1664
f 1672 1664 1671
f 1671 1683 1672
f 1684 1672 1683
f 1683 1693 1684
f 1694 1684 1693
f 1694 1693 1706
f 1705 1706 1693
f 1706 1705 1724
f 1723 1724 1705
f 1724 1723 1758
f 1757 1758 1723
f 1758 1757 1798
f 1797 1798 1757
f 1798 1797 1816
f 1815 1816 1797
f 1816 1815 1836
f 1835 1836 1815
f 1836 1835 1852
f 1851 1852 1835
f 1852 1851 1874
f 1873 1874 1851
f 1430 1434 1429
f 1433 1429 1434
f 1428 1430 1427
f 1429 1427 1430
f 1426 1428 1425
f 1427 1425 1428
f 1424 1426 1423
f 1425 1423 1426
f 1422 1424 1421
f 1423 1421 1424
f 1420 1422 1419
f 1421 1419 1422
f 1419 1417 1420
f 1438 1418 1437
f 1437 1443 1438
f 1444 1438 1443
f 1444 1443 1456
f 1455 1456 1443
f 1464 1456 1463
f 1455 1463 1456
f 1466 1464 1465
f 1463 1465 1464
f 1468 1466 1467
f 1465 1467 1466
f 1470 1468 1469
f 1467 1469 1468
f 1472 1470 1471
f 1469 1471 1470
f 1474 1472 1473
f 1471 1473 1472
f 1476 1474 1475
f 1473 1475 1474
f 1475 1499 1476
f 1498 1500 1497
f 1497 1495 1498
f 1496 1498 1495
f 1495 1493 1496
f 1494 1496 1493
f 1493 1491 1494
f 1492 1494 1491
f 1491 1489 1492
f 1490 1492 1489
f 1489 1487 1490
f 1488 1490 1487
f 1487 1485 1488
f 1486 1488 1485
f 1485 1483 1486
f 1484 1486 1483
f 1483 1481 1484
f 1482 1484 1481
f 1481 1479 1482
f 1480 1482 1479
f 1479 1477 1480
f 1478 1480 1477
f 1478 1477 1504
f 1503 1504 1477
f 1506 1504 1505
f 1503 1505 1504
f 1506 1505 1462
f 1461 1462 1505
f 1461 1453 1462
f 1454 1462 1453
f 1453 1451 1454
f 1450 1452 1449
f 1448 1450 1447
f 1449 1447 1450
f 1440 1448 1439
f 1447 1439 1448
f 1440 1439 1416
f 1415 1416 1439
f 1415 1413 1416
f 1414 1416 1413
f 1414 1413 1432
f 1431 1432 1413
f 1434 1432 1433
f 1431 1433 1432
f 1610 1609 1516
f 1515 1516 1609
f 1518 1516 1517
f 1515 1517 1516
f 1518 1517 1576
f 1575 1576 1517
f 1578 1576 1577
f 1575 1577 1576
f 1578 1577 1520
f 1519 1520 1577
f 1522 1520 1521
f 1519 1521 1520
f 1522 1521 1592
f 1591 1592 1521
f 1594 1592 1593
f 1591 1593 1592
f 1594 1593 1514
f 1513 1514 1593
f 1513 1511 1514
f 1512 1514 1511
f 1512 1511 1608
f 1607 1608 1511
f 1610 1608 1609
f 1607 1609 1608
f 2090 2089 2226
f 2225 2226 2089
f 2225 2231 2226
f 2232 2226 2231
f 2232 2231 2260
f 2259 2260 2231
f 2196 2260 2195
f 2259 2195 2260
f 2196 2195 2106
f 2105 2106 2195
f 2105 2031 2106
f 2032 2106 2031
f 2032 2031 2070
f 2069 2070 2031
f 2090 2070 2089
f 2069 2089 2070
f 2110 2100 2109
f 2099 2109 2100
f 2118 2110 2117
f 2109 2117 2110
f 2122 2118 2121
f 2117 2121 2118
f 2128 2122 2127
f 2121 2127 2122
f 2132 2128 2131
f 2127 2131 2128
f 2138 2132 2137
f 2131 2137 2132
f 2140 2138 2139
f 2137 2139 2138
f 2142 2140 2141
f 2139 2141 2140
f 2144 2142 2143
f 2141 2143 2142
f 2146 2144 2145
f 2143 2145 2144
f 2150 2146 2149
f 2145 2149 2146
f 2152 2150 2151
f 2149 2151 2150
f 2156 2152 2155
f 2151 2155 2152
f 2158 2156 2157
f 2155 2157 2156
f 2157 2159 2158
f 2164 2160 2163
f 2163 2169 2164
f 2170 2164 2169
f 2169 2201 2170
f 2202 2170 2201
f 2202 2201 2100
f 2099 2100 2201
g x25_mounts
usemtl x25_mounts
v -31.50000 -26.77500 0.00000
v -31.50000 -26.77500 4.50000
v -31.50000 -14.00000 4.50000
v -31.50000 -14.00000 6.50000
v -31.50000 -13.97500 0.00000
v -31.50000 -13.97500 4.50000
v -31.50000 13.97500 0.00000
v -31.50000 13.97500 4.50000
v -31.50000 14.00000 4.50000
v -31.50000 14.00000 6.50000
v -31.50000 26.77500 0.00000
v -31.50000 26.77500 4.50000
v -31.44870 -27.55820 0.00000
v -31.44870 -27.55820 4.50000
v -31.44870 -14.78320 4.50000
v -31.44870 -14.78320 6.50000
v -31.44870 -13.21680 4.50000
v -31.44870 -13.21680 6.50000
v -31.44870 -13.19180 0.00000
v -31.44870 -13.19180 4.50000
v -31.44870 13.19180 0.00000
v -31.44870 13.19180 4.50000
v -31.44870 13.21680 4.50000
v -31.44870 13.21680 6.50000
v -31.44870 14.78320 4.50000
v -31.44870 14.78320 6.50000
v -31.44870 27.55820 0.00000
v -31.44870 27.55820 4.50000
v -31.29560 -28.32790 0.00000
v -31.29560 -28.32790 4.50000
v -31.29560 -15.55290 4.50000
v -31.29560 -15.55290 6.50000
v -31.29560 -12.44710 4.50000
v -31.29560 -12.44710 6.50000
v -31.29560 -12.42210 0.00000
v -31.29560 -12.42210 4.50000
v -31.29560 12.42210 0.00000
v -31.29560 12.42210 4.50000
v -31.29560 12.44710 4.50000
v -31.29560 12.44710 6.50000
v -31.29560 15.55290 4.50000
v -31.29560 15.55290 6.50000
v -31.29560 28.32790 0.00000
v -31.29560 28.32790 4.50000
v -31.20000 -21.15500 4.50000
v -31.20000 -21.15500 6.50000
v -31.20000 -15.83440 4.50000
v -31.20000 -15.83440 6.50000
v -31.20000 15.83440 4.50000
v -31.20000 15.83440 6.50000
v -31.20000 21.15500 4.50000
v -31.20000 21.15500 6.50000
v -31.15120 -21.89900 4.50000
v -31.15120 -21.89900 6.50000
v -31.15120 21.89900 4.50000
v -31.15120 21.89900 6.50000
v -31.04330 -29.07110 0.00000
v -31.04330 -29.07110 4.50000
v -31.04330 -11.70390 4.50000
v -31.04330 -11.70390 6.50000
v -31.04330 -11.67890 0.00000
v -31.04330 -11.67890 4.50000
v -31.04330 11.67890 0.00000
v -31.04330 11.67890 4.50000
v -31.04330 11.70390 4.50000
v -31.04330 11.70390 6.50000
v -31.04330 29.07110 0.00000
v -31.04330 29.07110 4.50000
v -31.00580 -22.63030 4.50000
v -31.00580 -22.63030 6.50000
v -31.00580 22.63030 4.50000
v -31.00580 22.63030 6.50000
v -30.76610 -23.33630 4.50000
v -30.76610 -23.33630 6.50000
v -30.76610 23.33630 4.50000
v -30.76610 23.33630 6.50000
v -30.69620 -29.77500 0.00000
v -30.69620 -29.77500 4.50000
v -30.69620 -11.00000 4.50000
v -30.69620 -11.00000 6.50000
v -30.69620 -10.97500 0.00000
v -30.69620 -10.97500 4.50000
v -30.69620 10.97500 0.00000
v -30.69620 10.97500 4.50000
v -30.69620 11.00000 4.50000
v -30.69620 11.00000 6.50000
v -30.69620 29.77500 0.00000
v -30.69620 29.77500 4.50000
v -30.43630 -24.00500 4.50000
v -30.43630 -24.00500 6.50000
v -30.43630 24.00500 4.50000
v -30.43630 24.00500 6.50000
v -30.26010 -30.42760 0.00000
v -30.26010 -30.42760 4.50000
v -30.26010 -10.34740 4.50000
v -30.26010 -10.34740 6.50000
v -30.26010 -10.32240 0.00000
v -30.26010 -10.32240 4.50000
v -30.26010 10.32240 0.00000
v -30.26010 10.32240 4.50000
v -30.26010 10.34740 4.50000
v -30.26010 10.34740 6.50000
v -30.26010 30.42760 0.00000
v -30.26010 30.42760 4.50000
v -30.02210 -24.62490 4.50000
v -30.02210 -24.62490 6.50000
v -30.02210 24.62490 4.50000
v -30.02210 24.62490 6.50000
v -29.74260 -31.01760 0.00000
v -29.74260 -31.01760 4.50000
v -29.74260 -9.75736 4.50000
v -29.74260 -9.75736 6.50000
v -29.74260 -9.73236 0.00000
v -29.74260 -9.73236 4.50000
v -29.74260 9.73236 0.00000
v -29.74260 9.73236 4.50000
v -29.74260 9.75736 4.50000
v -29.74260 9.75736 6.50000
v -29.74260 31.01760 0.00000
v -29.74260 31.01760 4.50000
v -29.53050 -25.18550 4.50000
v -29.53050 -25.18550 6.50000
v -29.53050 25.18550 4.50000
v -29.53050 25.18550 6.50000
v -29.20000 -26.75000 4.50000
v -29.20000 -26.75000 7.00000
v -29.20000 -14.00000 6.50000
v -29.20000 -14.00000 7.00000
v -29.20000 14.00000 6.50000
v -29.20000 14.00000 7.00000
v -29.20000 26.75000 4.50000
v -29.20000 26.75000 7.00000
v -29.16830 -27.23290 4.50000
v -29.16830 -27.23290 7.00000
v -29.16830 -26.26710 4.50000
v -29.16830 -26.26710 7.00000
v -29.16830 -14.48290 6.50000
v -29.16830 -14.48290 7.00000
v -29.16830 -13.51710 6.50000
v -29.16830 -13.51710 7.00000
v -29.16830 13.51710 6.50000
v -29.16830 13.51710 7.00000
v -29.16830 14.48290 6.50000
v -29.16830 14.48290 7.00000
v -29.16830 26.26710 4.50000
v -29.16830 26.26710 7.00000
v -29.16830 27.23290 4.50000
v -29.16830 27.23290 7.00000
v -29.15260 -31.53510 0.00000
v -29.15260 -31.53510 4.50000
v -29.15260 -9.23988 4.50000
v -29.15260 -9.23988 6.50000
v -29.15260 -9.21488 0.00000
v -29.15260 -9.21488 4.50000
v -29.15260 9.21488 0.00000
v -29.15260 9.21488 4.50000
v -29.15260 9.23988 4.50000
v -29.15260 9.23988 6.50000
v -29.15260 31.53510 0.00000
v -29.15260 31.53510 4.50000
v -29.07390 -27.70760 4.50000
v -29.07390 -27.70760 7.00000
v -29.07390 -25.79240 4.50000
v -29.07390 -25.79240 7.00000
v -29.07390 -14.95760 6.50000
v -29.07390 -14.95760 7.00000
v -29.07390 -13.04240 6.50000
v -29.07390 -13.04240 7.00000
v -29.07390 13.04240 6.50000
v -29.07390 13.04240 7.00000
v -29.07390 14.95760 6.50000
v -29.07390 14.95760 7.00000
v -29.07390 25.79240 4.50000
v -29.07390 25.79240 7.00000
v -29.07390 27.70760 4.50000
v -29.07390 27.70760 7.00000
v -29.01990 -25.63330 4.50000
v -29.01990 -25.63330 6.50000
v -29.01990 25.63330 4.50000
v -29.01990 25.63330 6.50000
v -28.91840 -28.16590 4.50000
v -28.91840 -28.16590 7.00000
v -28.91840 -25.33410 6.50000
v -28.91840 -25.33410 7.00000
v -28.91840 -15.41590 6.50000
v -28.91840 -15.41590 7.00000
v -28.91840 -12.58410 6.50000
v -28.91840 -12.58410 7.00000
v -28.91840 12.58410 6.50000
v -28.91840 12.58410 7.00000
v -28.91840 15.41590 6.50000
v -28.91840 15.41590 7.00000
v -28.91840 25.33410 6.50000
v -28.91840 25.33410 7.00000
v -28.91840 28.16590 4.50000
v -28.91840 28.16590 7.00000
v -28.70430 -28.60000 4.50000
v -28.70430 -28.60000 7.00000
v -28.70430 -24.90000 6.50000
v -28.70430 -24.90000 7.00000
v -28.70430 -15.85000 6.50000
v -28.70430 -15.85000 7.00000
v -28.70430 -12.15000 6.50000
v -28.70430 -12.15000 7.00000
v -28.70430 12.15000 6.50000
v -28.70430 12.15000 7.00000
v -28.70430 15.85000 6.50000
v -28.70430 15.85000 7.00000
v -28.70430 24.90000 6.50000
v -28.70430 24.90000 7.00000
v -28.70430 28.60000 4.50000
v -28.70430 28.60000 7.00000
v -28.50000 -31.97120 0.00000
v -28.50000 -31.97120 4.50000
v -28.50000 -8.80385 4.50000
v -28.50000 -8.80385 6.50000
v -28.50000 -8.77885 0.00000
v -28.50000 -8.77885 4.50000
v -28.50000 8.77885 0.00000
v -28.50000 8.77885 4.50000
v -28.50000 8.80385 4.50000
v -28.50000 8.80385 6.50000
v -28.50000 31.97120 0.00000
v -28.50000 31.97120 4.50000
v -28.43540 -29.00240 4.50000
v -28.43540 -29.00240 7.00000
v -28.43540 -24.49760 6.50000
v -28.43540 -24.49760 7.00000
v -28.43540 -16.25240 6.50000
v -28.43540 -16.25240 7.00000
v -28.43540 -11.74760 6.50000
v -28.43540 -11.74760 7.00000
v -28.43540 11.74760 6.50000
v -28.43540 11.74760 7.00000
v -28.43540 16.25240 6.50000
v -28.43540 16.25240 7.00000
v -28.43540 24.49760 6.50000
v -28.43540 24.49760 7.00000
v -28.43540 29.00240 4.50000
v -28.43540 29.00240 7.00000
v -28.20000 -26.75000 5.00000
v -28.20000 -26.75000 7.00000
v -28.20000 -14.00000 6.50000
v -28.20000 -14.00000 7.00000
v -28.20000 14.00000 6.50000
v -28.20000 14.00000 7.00000
v -28.20000 26.75000 5.00000
v -28.20000 26.75000 7.00000
v -28.17690 -27.10240 5.00000
v -28.17690 -27.10240 7.00000
v -28.17690 -26.39760 5.00000
v -28.17690 -26.39760 7.00000
v -28.17690 -14.35240 6.50000
v -28.17690 -14.35240 7.00000
v -28.17690 -13.64760 6.50000
v -28.17690 -13.64760 7.00000
v -28.17690 13.64760 6.50000
v -28.17690 13.64760 7.00000
v -28.17690 14.35240 6.50000
v -28.17690 14.35240 7.00000
v -28.17690 26.39760 5.00000
v -28.17690 26.39760 7.00000
v -28.17690 27.10240 5.00000
v -28.17690 27.10240 7.00000
v -28.11630 -29.36630 4.50000
v -28.11630 -29.36630 7.00000
v -28.11630 -24.13370 6.50000
v -28.11630 -24.13370 7.00000
v -28.11630 -16.61630 6.50000
v -28.11630 -16.61630 7.00000
v -28.11630 -11.38370 6.50000
v -28.11630 -11.38370 7.00000
v -28.11630 11.38370 6.50000
v -28.11630 11.38370 7.00000
v -28.11630 16.61630 6.50000
v -28.11630 16.61630 7.00000
v -28.11630 24.13370 6.50000
v -28.11630 24.13370 7.00000
v -28.11630 29.36630 4.50000
v -28.11630 29.36630 7.00000
v -28.10800 -27.44880 5.00000
v -28.10800 -27.44880 7.00000
v -28.10800 -26.05120 5.00000
v -28.10800 -26.05120 7.00000
v -28.10800 -14.69880 6.50000
v -28.10800 -14.69880 7.00000
v -28.10800 -13.30120 6.50000
v -28.10800 -13.30120 7.00000
v -28.10800 13.30120 6.50000
v -28.10800 13.30120 7.00000
v -28.10800 14.69880 6.50000
v -28.10800 14.69880 7.00000
v -28.10800 26.05120 5.00000
v -28.10800 26.05120 7.00000
v -28.10800 27.44880 5.00000
v -28.10800 27.44880 7.00000
v -28.10000 -14.00000 5.00000
v -28.10000 -14.00000 6.50000
v -28.10000 14.00000 5.00000
v -28.10000 14.00000 6.50000
v -28.07780 -14.33940 5.00000
v -28.07780 -14.33940 6.50000
v -28.07780 -13.66060 5.00000
v -28.07780 -13.66060 6.50000
v -28.07780 13.66060 5.00000
v -28.07780 13.66060 6.50000
v -28.07780 14.33940 5.00000
v -28.07780 14.33940 6.50000
v -28.01140 -14.67290 5.00000
v -28.01140 -14.67290 6.50000
v -28.01140 -13.32710 5.00000
v -28.01140 -13.32710 6.50000
v -28.01140 13.32710 5.00000
v -28.01140 13.32710 6.50000
v -28.01140 14.67290 5.00000
v -28.01140 14.67290 6.50000
v -28.00000 -26.75000 0.00000
v -28.00000 -26.75000 1.30000
v -28.00000 -14.00000 0.00000
v -28.00000 -14.00000 1.30000
v -28.00000 14.00000 0.00000
v -28.00000 14.00000 1.30000
v -28.00000 26.75000 0.00000
v -28.00000 26.75000 1.30000
v -27.99450 -27.78320 5.00000
v -27.99450 -27.78320 7.00000
v -27.99450 -25.71680 5.00000
v -27.99450 -25.71680 7.00000
v -27.99450 -15.03320 6.50000
v -27.99450 -15.03320 7.00000
v -27.99450 -12.96680 6.50000
v -27.99450 -12.96680 7.00000
v -27.99450 12.96680 6.50000
v -27.99450 12.96680 7.00000
v -27.99450 15.03320 6.50000
v -27.99450 15.03320 7.00000
v -27.99450 25.71680 5.00000
v -27.99450 25.71680 7.00000
v -27.99450 27.78320 5.00000
v -27.99450 27.78320 7.00000
v -27.97860 -27.07630 0.00000
v -27.97860 -27.07630 1.30000
v -27.97860 -26.42370 0.00000
v -27.97860 -26.42370 1.30000
v -27.97860 -14.32630 0.00000
v -27.97860 -14.32630 1.30000
v -27.97860 -13.67370 0.00000
v -27.97860 -13.67370 1.30000
v -27.97860 13.67370 0.00000
v -27.97860 13.67370 1.30000
v -27.97860 14.32630 0.00000
v -27.97860 14.32630 1.30000
v -27.97860 26.42370 0.00000
v -27.97860 26.42370 1.30000
v -27.97860 27.07630 0.00000
v -27.97860 27.07630 1.30000
v -27.91480 -27.39700 0.00000
v -27.91480 -27.39700 1.30000
v -27.91480 -26.10300 0.00000
v -27.91480 -26.10300 1.30000
v -27.91480 -14.64700 0.00000
v -27.91480 -14.64700 1.30000
v -27.91480 -13.35300 0.00000
v -27.91480 -13.35300 1.30000
v -27.91480 13.35300 0.00000
v -27.91480 13.35300 1.30000
v -27.91480 14.64700 0.00000
v -27.91480 14.64700 1.30000
v -27.91480 26.10300 0.00000
v -27.91480 26.10300 1.30000
v -27.91480 27.39700 0.00000
v -27.91480 27.39700 1.30000
v -27.90210 -14.99500 5.00000
v -27.90210 -14.99500 6.50000
v -27.90210 -13.00500 5.00000
v -27.90210 -13.00500 6.50000
v -27.90210 13.00500 5.00000
v -27.90210 13.00500 6.50000
v -27.90210 14.99500 5.00000
v -27.90210 14.99500 6.50000
v -27.83830 -28.10000 5.00000
v -27.83830 -28.10000 7.00000
v -27.83830 -25.40000 5.00000
v -27.83830 -25.40000 7.00000
v -27.83830 -15.35000 6.50000
v -27.83830 -15.35000 7.00000
v -27.83830 -12.65000 6.50000
v -27.83830 -12.65000 7.00000
v -27.83830 12.65000 6.50000
v -27.83830 12.65000 7.00000
v -27.83830 15.35000 6.50000
v -27.83830 15.35000 7.00000
v -27.83830 25.40000 5.00000
v -27.83830 25.40000 7.00000
v -27.83830 28.10000 5.00000
v -27.83830 28.10000 7.00000
v -27.80970 -27.70670 0.00000
v -27.80970 -27.70670 1.30000
v -27.80970 -25.79330 0.00000
v -27.80970 -25.79330 1.30000
v -27.80970 -14.95670 0.00000
v -27.80970 -14.95670 1.30000
v -27.80970 -13.04330 0.00000
v -27.80970 -13.04330 1.30000
v -27.80970 13.04330 0.00000
v -27.80970 13.04330 1.30000
v -27.80970 14.95670 0.00000
v -27.80970 14.95670 1.30000
v -27.80970 25.79330 0.00000
v -27.80970 25.79330 1.30000
v -27.80970 27.70670 0.00000
v -27.80970 27.70670 1.30000
v -27.79610 -32.31830 0.00000
v -27.79610 -32.31830 4.50000
v -27.79610 -8.45672 4.50000
v -27.79610 -8.45672 6.50000
v -27.79610 -8.43172 0.00000
v -27.79610 -8.43172 4.50000
v -27.79610 8.43172 0.00000
v -27.79610 8.43172 4.50000
v -27.79610 8.45672 4.50000
v -27.79610 8.45672 6.50000
v -27.79610 32.31830 0.00000
v -27.79610 32.31830 4.50000
v -27.75240 -29.68540 4.50000
v -27.75240 -29.68540 7.00000
v -27.75240 -23.81460 6.50000
v -27.75240 -23.81460 7.00000
v -27.75240 -16.93540 6.50000
v -27.75240 -16.93540 7.00000
v -27.75240 -11.06460 6.50000
v -27.75240 -11.06460 7.00000
v -27.75240 11.06460 6.50000
v -27.75240 11.06460 7.00000
v -27.75240 16.93540 6.50000
v -27.75240 16.93540 7.00000
v -27.75240 23.81460 6.50000
v -27.75240 23.81460 7.00000
v -27.75240 29.68540 4.50000
v -27.75240 29.68540 7.00000
v -27.75170 -15.30000 5.00000
v -27.75170 -15.30000 6.50000
v -27.75170 -12.70000 5.00000
v -27.75170 -12.70000 6.50000
v -27.75170 12.70000 5.00000
v -27.75170 12.70000 6.50000
v -27.75170 15.30000 5.00000
v -27.75170 15.30000 6.50000
v -27.66510 -28.00000 0.00000
v -27.66510 -28.00000 1.30000
v -27.66510 -25.50000 0.00000
v -27.66510 -25.50000 1.30000
v -27.66510 -15.25000 0.00000
v -27.66510 -15.25000 1.30000
v -27.66510 -12.75000 0.00000
v -27.66510 -12.75000 1.30000
v -27.66510 12.75000 0.00000
v -27.66510 12.75000 1.30000
v -27.66510 15.25000 0.00000
v -27.66510 15.25000 1.30000
v -27.66510 25.50000 0.00000
v -27.66510 25.50000 1.30000
v -27.66510 28.00000 0.00000
v -27.66510 28.00000 1.30000
v -27.64210 -28.39370 5.00000
v -27.64210 -28.39370 7.00000
v -27.64210 -25.10630 5.00000
v -27.64210 -25.10630 7.00000
v -27.64210 -15.64370 6.50000
v -27.64210 -15.64370 7.00000
v -27.64210 -12.35630 6.50000
v -27.64210 -12.35630 7.00000
v -27.64210 12.35630 6.50000
v -27.64210 12.35630 7.00000
v -27.64210 15.64370 6.50000
v -27.64210 15.64370 7.00000
v -27.64210 25.10630 5.00000
v -27.64210 25.10630 7.00000
v -27.64210 28.39370 5.00000
v -27.64210 28.39370 7.00000
v -27.56270 -15.58280 5.00000
v -27.56270 -15.58280 6.50000
v -27.56270 -12.41720 5.00000
v -27.56270 -12.41720 6.50000
v -27.56270 12.41720 5.00000
v -27.56270 12.41720 6.50000
v -27.56270 15.58280 5.00000
v -27.56270 15.58280 6.50000
v -27.48340 -28.27190 0.00000
v -27.48340 -28.27190 1.30000
v -27.48340 -25.22810 0.00000
v -27.48340 -25.22810 1.30000
v -27.48340 -15.52190 0.00000
v -27.48340 -15.52190 1.30000
v -27.48340 -12.47810 0.00000
v -27.48340 -12.47810 1.30000
v -27.48340 12.47810 0.00000
v -27.48340 12.47810 1.30000
v -27.48340 15.52190 0.00000
v -27.48340 15.52190 1.30000
v -27.48340 25.22810 0.00000
v -27.48340 25.22810 1.30000
v -27.48340 28.27190 0.00000
v -27.48340 28.27190 1.30000
v -27.40920 -28.65920 5.00000
v -27.40920 -28.65920 7.00000
v -27.40920 -24.84080 5.00000
v -27.40920 -24.84080 7.00000
v -27.40920 -15.90920 6.50000
v -27.40920 -15.90920 7.00000
v -27.40920 -12.09080 6.50000
v -27.40920 -12.09080 7.00000
v -27.40920 12.09080 6.50000
v -27.40920 12.09080 7.00000
v -27.40920 15.90920 6.50000
v -27.40920 15.90920 7.00000
v -27.40920 24.84080 5.00000
v -27.40920 24.84080 7.00000
v -27.40920 28.65920 5.00000
v -27.40920 28.65920 7.00000
v -27.35000 -29.95430 4.50000
v -27.35000 -29.95430 7.00000
v -27.35000 -23.54570 6.50000
v -27.35000 -23.54570 7.00000
v -27.35000 -17.20430 6.50000
v -27.35000 -17.20430 7.00000
v -27.35000 -10.79570 6.50000
v -27.35000 -10.79570 7.00000
v -27.35000 10.79570 6.50000
v -27.35000 10.79570 7.00000
v -27.35000 17.20430 6.50000
v -27.35000 17.20430 7.00000
v -27.35000 23.54570 6.50000
v -27.35000 23.54570 7.00000
v -27.35000 29.95430 4.50000
v -27.35000 29.95430 7.00000
v -27.33850 -15.83850 5.00000
v -27.33850 -15.83850 6.50000
v -27.33850 -12.16150 5.00000
v -27.33850 -12.16150 6.50000
v -27.33850 12.16150 5.00000
v -27.33850 12.16150 6.50000
v -27.33850 15.83850 5.00000
v -27.33850 15.83850 6.50000
v -27.26780 -28.51780 0.00000
v -27.26780 -28.51780 1.30000
v -27.26780 -24.98220 0.00000
v -27.26780 -24.98220 1.30000
v -27.26780 -15.76780 0.00000
v -27.26780 -15.76780 1.30000
v -27.26780 -12.23220 0.00000
v -27.26780 -12.23220 1.30000
v -27.26780 12.23220 0.00000
v -27.26780 12.23220 1.30000
v -27.26780 15.76780 0.00000
v -27.26780 15.76780 1.30000
v -27.26780 24.98220 0.00000
v -27.26780 24.98220 1.30000
v -27.26780 28.51780 0.00000
v -27.26780 28.51780 1.30000
v -27.14370 -28.89210 5.00000
v -27.14370 -28.89210 7.00000
v -27.14370 -24.60790 5.00000
v -27.14370 -24.60790 7.00000
v -27.14370 -16.14210 6.50000
v -27.14370 -16.14210 7.00000
v -27.14370 -11.85790 6.50000
v -27.14370 -11.85790 7.00000
v -27.14370 11.85790 6.50000
v -27.14370 11.85790 7.00000
v -27.14370 16.14210 6.50000
v -27.14370 16.14210 7.00000
v -27.14370 24.60790 5.00000
v -27.14370 24.60790 7.00000
v -27.14370 28.89210 5.00000
v -27.14370 28.89210 7.00000
v -27.10000 -26.75000 1.30000
v -27.10000 -26.75000 5.00000
v -27.10000 -14.00000 1.30000
v -27.10000 -14.00000 1.40000
v -27.10000 -14.00000 4.30000
v -27.10000 -14.00000 5.00000
v -27.10000 14.00000 1.30000
v -27.10000 14.00000 1.40000
v -27.10000 14.00000 4.30000
v -27.10000 14.00000 5.00000
v -27.10000 26.75000 1.30000
v -27.10000 26.75000 5.00000
v -27.08630 -26.95880 1.30000
v -27.08630 -26.95880 5.00000
v -27.08630 -26.54120 1.30000
v -27.08630 -26.54120 5.00000
v -27.08630 -14.20880 1.30000
v -27.08630 -14.20880 1.40000
v -27.08630 -14.20880 4.30000
v -27.08630 -14.20880 5.00000
v -27.08630 -13.79120 1.30000
v -27.08630 -13.79120 1.40000
v -27.08630 -13.79120 4.30000
v -27.08630 -13.79120 5.00000
v -27.08630 13.79120 1.30000
v -27.08630 13.79120 1.40000
v -27.08630 13.79120 4.30000
v -27.08630 13.79120 5.00000
v -27.08630 14.20880 1.30000
v -27.08630 14.20880 1.40000
v -27.08630 14.20880 4.30000
v -27.08630 14.20880 5.00000
v -27.08630 26.54120 1.30000
v -27.08630 26.54120 5.00000
v -27.08630 26.95880 1.30000
v -27.08630 26.95880 5.00000
v -27.08280 -16.06270 5.00000
v -27.08280 -16.06270 6.50000
v -27.08280 -11.93730 5.00000
v -27.08280 -11.93730 6.50000
v -27.08280 11.93730 5.00000
v -27.08280 11.93730 6.50000
v -27.08280 16.06270 5.00000
v -27.08280 16.06270 6.50000
v -27.05290 -32.57060 0.00000
v -27.05290 -32.57060 4.50000
v -27.05290 -8.20445 4.50000
v -27.05290 -8.20445 6.50000
v -27.05290 -8.17945 0.00000
v -27.05290 -8.17945 4.50000
v -27.05290 8.17945 0.00000
v -27.05290 8.17945 4.50000
v -27.05290 8.20445 4.50000
v -27.05290 8.20445 6.50000
v -27.05290 32.57060 0.00000
v -27.05290 32.57060 4.50000
v -27.04550 -27.16410 1.30000
v -27.04550 -27.16410 5.00000
v -27.04550 -26.33590 1.30000
v -27.04550 -26.33590 5.00000
v -27.04550 -14.41410 1.30000
v -27.04550 -14.41410 1.40000
v -27.04550 -14.41410 4.30000
v -27.04550 -14.41410 5.00000
v -27.04550 -13.58590 1.30000
v -27.04550 -13.58590 1.40000
v -27.04550 -13.58590 4.30000
v -27.04550 -13.58590 5.00000
v -27.04550 13.58590 1.30000
v -27.04550 13.58590 1.40000
v -27.04550 13.58590 4.30000
v -27.04550 13.58590 5.00000
v -27.04550 14.41410 1.30000
v -27.04550 14.41410 1.40000
v -27.04550 14.41410 4.30000
v -27.04550 14.41410 5.00000
v -27.04550 26.33590 1.30000
v -27.04550 26.33590 5.00000
v -27.04550 27.16410 1.30000
v -27.04550 27.16410 5.00000
v -27.02190 -28.73340 0.00000
v -27.02190 -28.73340 1.30000
v -27.02190 -24.76660 0.00000
v -27.02190 -24.76660 1.30000
v -27.02190 -15.98340 0.00000
v -27.02190 -15.98340 1.30000
v -27.02190 -12.01660 0.00000
v -27.02190 -12.01660 1.30000
v -27.02190 12.01660 0.00000
v -27.02190 12.01660 1.30000
v -27.02190 15.98340 0.00000
v -27.02190 15.98340 1.30000
v -27.02190 24.76660 0.00000
v -27.02190 24.76660 1.30000
v -27.02190 28.73340 0.00000
v -27.02190 28.73340 1.30000
v -26.97820 -27.36230 1.30000
v -26.97820 -27.36230 5.00000
v -26.97820 -26.13770 1.30000
v -26.97820 -26.13770 5.00000
v -26.97820 -14.61230 1.30000
v -26.97820 -14.61230 1.40000
v -26.97820 -14.61230 4.30000
v -26.97820 -14.61230 5.00000
v -26.97820 -13.38770 1.30000
v -26.97820 -13.38770 1.40000
v -26.97820 -13.38770 4.30000
v -26.97820 -13.38770 5.00000
v -26.97820 13.38770 1.30000
v -26.97820 13.38770 1.40000
v -26.97820 13.38770 4.30000
v -26.97820 13.38770 5.00000
v -26.97820 14.61230 1.30000
v -26.97820 14.61230 1.40000
v -26.97820 14.61230 4.30000
v -26.97820 14.61230 5.00000
v -26.97820 26.13770 1.30000
v -26.97820 26.13770 5.00000
v -26.97820 27.36230 1.30000
v -26.97820 27.36230 5.00000
v -26.91590 -30.16840 4.50000
v -26.91590 -30.16840 7.00000
v -26.91590 -23.33160 6.50000
v -26.91590 -23.33160 7.00000
v -26.91590 -17.41840 6.50000
v -26.91590 -17.41840 7.00000
v -26.91590 -10.58160 6.50000
v -26.91590 -10.58160 7.00000
v -26.91590 10.58160 6.50000
v -26.91590 10.58160 7.00000
v -26.91590 17.41840 6.50000
v -26.91590 17.41840 7.00000
v -26.91590 23.33160 6.50000
v -26.91590 23.33160 7.00000
v -26.91590 30.16840 4.50000
v -26.91590 30.16840 7.00000
v -26.88560 -27.55000 1.30000
v -26.88560 -27.55000 5.00000
v -26.88560 -25.95000 1.30000
v -26.88560 -25.95000 5.00000
v -26.88560 -14.80000 1.30000
v -26.88560 -14.80000 1.40000
v -26.88560 -14.80000 4.30000
v -26.88560 -14.80000 5.00000
v -26.88560 -13.20000 1.30000
v -26.88560 -13.20000 1.40000
v -26.88560 -13.20000 4.30000
v -26.88560 -13.20000 5.00000
v -26.88560 13.20000 1.30000
v -26.88560 13.20000 1.40000
v -26.88560 13.20000 4.30000
v -26.88560 13.20000 5.00000
v -26.88560 14.80000 1.30000
v -26.88560 14.80000 1.40000
v -26.88560 14.80000 4.30000
v -26.88560 14.80000 5.00000
v -26.88560 25.95000 1.30000
v -26.88560 25.95000 5.00000
v -26.88560 27.55000 1.30000
v -26.88560 27.55000 5.00000
v -26.85000 -29.08830 5.00000
v -26.85000 -29.08830 7.00000
v -26.85000 -24.41170 5.00000
v -26.85000 -24.41170 7.00000
v -26.85000 -16.33830 6.50000
v -26.85000 -16.33830 7.00000
v -26.85000 -11.66170 6.50000
v -26.85000 -11.66170 7.00000
v -26.85000 11.66170 6.50000
v -26.85000 11.66170 7.00000
v -26.85000 16.33830 6.50000
v -26.85000 16.33830 7.00000
v -26.85000 24.41170 5.00000
v -26.85000 24.41170 7.00000
v -26.85000 29.08830 5.00000
v -26.85000 29.08830 7.00000
v -26.80000 -16.25170 5.00000
v -26.80000 -16.25170 6.50000
v -26.80000 -11.74830 5.00000
v -26.80000 -11.74830 6.50000
v -26.80000 11.74830 5.00000
v -26.80000 11.74830 6.50000
v -26.80000 16.25170 5.00000
v -26.80000 16.25170 6.50000
v -26.76940 -27.72400 1.30000
v -26.76940 -27.72400 5.00000
v -26.76940 -25.77600 1.30000
v -26.76940 -25.77600 5.00000
v -26.76940 -14.97400 1.30000
v -26.76940 -14.97400 1.40000
v -26.76940 -14.97400 4.30000
v -26.76940 -14.97400 5.00000
v -26.76940 -13.02600 1.30000
v -26.76940 -13.02600 1.40000
v -26.76940 -13.02600 4.30000
v -26.76940 -13.02600 5.00000
v -26.76940 13.02600 1.30000
v -26.76940 13.02600 1.40000
v -26.76940 13.02600 4.30000
v -26.76940 13.02600 5.00000
v -26.76940 14.97400 1.30000
v -26.76940 14.97400 1.40000
v -26.76940 14.97400 4.30000
v -26.76940 14.97400 5.00000
v -26.76940 25.77600 1.30000
v -26.76940 25.77600 5.00000
v -26.76940 27.72400 1.30000
v -26.76940 27.72400 5.00000
v -26.75000 -28.91510 0.00000
v -26.75000 -28.91510 1.30000
v -26.75000 -24.58490 0.00000
v -26.75000 -24.58490 1.30000
v -26.75000 -16.16510 0.00000
v -26.75000 -16.16510 1.30000
v -26.75000 -11.83490 0.00000
v -26.75000 -11.83490 1.30000
v -26.75000 11.83490 0.00000
v -26.75000 11.83490 1.30000
v -26.75000 16.16510 0.00000
v -26.75000 16.16510 1.30000
v -26.75000 24.58490 0.00000
v -26.75000 24.58490 1.30000
v -26.75000 28.91510 0.00000
v -26.75000 28.91510 1.30000
v -26.70000 -14.00000 1.40000
v -26.70000 -14.00000 4.30000
v -26.70000 14.00000 1.40000
v -26.70000 14.00000 4.30000
v -26.68970 -14.15660 1.40000
v -26.68970 -14.15660 4.30000
v -26.68970 -13.84340 1.40000
v -26.68970 -13.84340 4.30000
v -26.68970 13.84340 1.40000
v -26.68970 13.84340 4.30000
v -26.68970 14.15660 1.40000
v -26.68970 14.15660 4.30000
v -26.65910 -14.31060 1.40000
v -26.65910 -14.31060 4.30000
v -26.65910 -13.68940 1.40000
v -26.65910 -13.68940 4.30000
v -26.65910 13.68940 1.40000
v -26.65910 13.68940 4.30000
v -26.65910 14.31060 1.40000
v -26.65910 14.31060 4.30000
v -26.63140 -27.88140 1.30000
v -26.63140 -27.88140 5.00000
v -26.63140 -25.61860 1.30000
v -26.63140 -25.61860 5.00000
v -26.63140 -15.13140 1.30000
v -26.63140 -15.13140 1.40000
v -26.63140 -15.13140 4.30000
v -26.63140 -15.13140 5.00000
v -26.63140 -12.86860 1.30000
v -26.63140 -12.86860 1.40000
v -26.63140 -12.86860 4.30000
v -26.63140 -12.86860 5.00000
v -26.63140 12.86860 1.30000
v -26.63140 12.86860 1.40000
v -26.63140 12.86860 4.30000
v -26.63140 12.86860 5.00000
v -26.63140 15.13140 1.30000
v -26.63140 15.13140 1.40000
v -26.63140 15.13140 4.30000
v -26.63140 15.13140 5.00000
v -26.63140 25.61860 1.30000
v -26.63140 25.61860 5.00000
v -26.63140 27.88140 1.30000
v -26.63140 27.88140 5.00000
v -26.60870 -14.45920 1.40000
v -26.60870 -14.45920 4.30000
v -26.60870 -13.54080 1.40000
v -26.60870 -13.54080 4.30000
v -26.60870 13.54080 1.40000
v -26.60870 13.54080 4.30000
v -26.60870 14.45920 1.40000
v -26.60870 14.45920 4.30000
v -26.53920 -14.60000 1.40000
v -26.53920 -14.60000 4.30000
v -26.53920 -13.40000 1.40000
v -26.53920 -13.40000 4.30000
v -26.53920 13.40000 1.40000
v -26.53920 13.40000 4.30000
v -26.53920 14.60000 1.40000
v -26.53920 14.60000 4.30000
v -26.53320 -29.24450 5.00000
v -26.53320 -29.24450 7.00000
v -26.53320 -24.25550 5.00000
v -26.53320 -24.25550 7.00000
v -26.53320 -16.49450 6.50000
v -26.53320 -16.49450 7.00000
v -26.53320 -11.50550 6.50000
v -26.53320 -11.50550 7.00000
v -26.53320 11.50550 6.50000
v -26.53320 11.50550 7.00000
v -26.53320 16.49450 6.50000
v -26.53320 16.49450 7.00000
v -26.53320 24.25550 5.00000
v -26.53320 24.25550 7.00000
v -26.53320 29.24450 5.00000
v -26.53320 29.24450 7.00000
v -26.49500 -16.40210 5.00000
v -26.49500 -16.40210 6.50000
v -26.49500 -11.59790 5.00000
v -26.49500 -11.59790 6.50000
v -26.49500 11.59790 5.00000
v -26.49500 11.59790 6.50000
v -26.49500 16.40210 5.00000
v -26.49500 16.40210 6.50000
v -26.47400 -28.01940 1.30000
v -26.47400 -28.01940 5.00000
v -26.47400 -25.48060 1.30000
v -26.47400 -25.48060 5.00000
v -26.47400 -15.26940 1.30000
v -26.47400 -15.26940 1.40000
v -26.47400 -15.26940 4.30000
v -26.47400 -15.26940 5.00000
v -26.47400 -12.73060 1.30000
v -26.47400 -12.73060 1.40000
v -26.47400 -12.73060 4.30000
v -26.47400 -12.73060 5.00000
v -26.47400 12.73060 1.30000
v -26.47400 12.73060 1.40000
v -26.47400 12.73060 4.30000
v -26.47400 12.73060 5.00000
v -26.47400 15.26940 1.30000
v -26.47400 15.26940 1.40000
v -26.47400 15.26940 4.30000
v -26.47400 15.26940 5.00000
v -26.47400 25.48060 1.30000
v -26.47400 25.48060 5.00000
v -26.47400 28.01940 1.30000
v -26.47400 28.01940 5.00000
v -26.45760 -30.32390 4.50000
v -26.45760 -30.32390 7.00000
v -26.45760 -23.17610 6.50000
v -26.45760 -23.17610 7.00000
v -26.45760 -17.57390 6.50000
v -26.45760 -17.57390 7.00000
v -26.45760 -10.42610 6.50000
v -26.45760 -10.42610 7.00000
v -26.45760 10.42610 6.50000
v -26.45760 10.42610 7.00000
v -26.45760 17.57390 6.50000
v -26.45760 17.57390 7.00000
v -26.45760 23.17610 6.50000
v -26.45760 23.17610 7.00000
v -26.45760 30.32390 4.50000
v -26.45760 30.32390 7.00000
v -26.45670 -29.05970 0.00000
v -26.45670 -29.05970 1.30000
v -26.45670 -24.44030 0.00000
v -26.45670 -24.44030 1.30000
v -26.45670 -16.30970 0.00000
v -26.45670 -16.30970 1.30000
v -26.45670 -11.69030 0.00000
v -26.45670 -11.69030 1.30000
v -26.45670 11.69030 0.00000
v -26.45670 11.69030 1.30000
v -26.45670 16.30970 0.00000
v -26.45670 16.30970 1.30000
v -26.45670 24.44030 0.00000
v -26.45670 24.44030 1.30000
v -26.45670 29.05970 0.00000
v -26.45670 29.05970 1.30000
v -26.45200 -14.73050 1.40000
v -26.45200 -14.73050 4.30000
v -26.45200 -13.26950 1.40000
v -26.45200 -13.26950 4.30000
v -26.45200 13.26950 1.40000
v -26.45200 13.26950 4.30000
v -26.45200 14.73050 1.40000
v -26.45200 14.73050 4.30000
v -26.34850 -14.84850 1.40000
v -26.34850 -14.84850 4.30000
v -26.34850 -13.15150 1.40000
v -26.34850 -13.15150 4.30000
v -26.34850 13.15150 1.40000
v -26.34850 13.15150 4.30000
v -26.34850 14.84850 1.40000
v -26.34850 14.84850 4.30000
v -26.30000 -28.13560 1.30000
v -26.30000 -28.13560 5.00000
v -26.30000 -25.36440 1.30000
v -26.30000 -25.36440 5.00000
v -26.30000 -15.38560 1.30000
v -26.30000 -15.38560 1.40000
v -26.30000 -15.38560 4.30000
v -26.30000 -15.38560 5.00000
v -26.30000 -12.61440 1.30000
v -26.30000 -12.61440 1.40000
v -26.30000 -12.61440 4.30000
v -26.30000 -12.61440 5.00000
v -26.30000 12.61440 1.30000
v -26.30000 12.61440 1.40000
v -26.30000 12.61440 4.30000
v -26.30000 12.61440 5.00000
v -26.30000 15.38560 1.30000
v -26.30000 15.38560 1.40000
v -26.30000 15.38560 4.30000
v -26.30000 15.38560 5.00000
v -26.30000 25.36440 1.30000
v -26.30000 25.36440 5.00000
v -26.30000 28.13560 1.30000
v -26.30000 28.13560 5.00000
v -26.28320 -32.72370 0.00000
v -26.28320 -32.72370 4.50000
v -26.28320 -8.05133 4.50000
v -26.28320 -8.05133 6.50000
v -26.28320 -8.02633 0.00000
v -26.28320 -8.02633 4.50000
v -26.28320 8.02633 0.00000
v -26.28320 8.02633 4.50000
v -26.28320 8.05133 4.50000
v -26.28320 8.05133 6.50000
v -26.28320 32.72370 0.00000
v -26.28320 32.72370 4.50000
v -26.23050 -14.95200 1.40000
v -26.23050 -14.95200 4.30000
v -26.23050 -13.04800 1.40000
v -26.23050 -13.04800 4.30000
v -26.23050 13.04800 1.40000
v -26.23050 13.04800 4.30000
v -26.23050 14.95200 1.40000
v -26.23050 14.95200 4.30000
v -26.19880 -29.35800 5.00000
v -26.19880 -29.35800 7.00000
v -26.19880 -24.14200 5.00000
v -26.19880 -24.14200 7.00000
v -26.19880 -16.60800 6.50000
v -26.19880 -16.60800 7.00000
v -26.19880 -11.39200 6.50000
v -26.19880 -11.39200 7.00000
v -26.19880 11.39200 6.50000
v -26.19880 11.39200 7.00000
v -26.19880 16.60800 6.50000
v -26.19880 16.60800 7.00000
v -26.19880 24.14200 5.00000
v -26.19880 24.14200 7.00000
v -26.19880 29.35800 5.00000
v -26.19880 29.35800 7.00000
v -26.17290 -16.51140 5.00000
v -26.17290 -16.51140 6.50000
v -26.17290 -11.48860 5.00000
v -26.17290 -11.48860 6.50000
v -26.17290 11.48860 5.00000
v -26.17290 11.48860 6.50000
v -26.17290 16.51140 5.00000
v -26.17290 16.51140 6.50000
v -26.14700 -29.16480 0.00000
v -26.14700 -29.16480 1.30000
v -26.14700 -24.33520 0.00000
v -26.14700 -24.33520 1.30000
v -26.14700 -16.41480 0.00000
v -26.14700 -16.41480 1.30000
v -26.14700 -11.58520 0.00000
v -26.14700 -11.58520 1.30000
v -26.14700 11.58520 0.00000
v -26.14700 11.58520 1.30000
v -26.14700 16.41480 0.00000
v -26.14700 16.41480 1.30000
v -26.14700 24.33520 0.00000
v -26.14700 24.33520 1.30000
v -26.14700 29.16480 0.00000
v -26.14700 29.16480 1.30000
v -26.11230 -28.22820 1.30000
v -26.11230 -28.22820 5.00000
v -26.11230 -25.27180 1.30000
v -26.11230 -25.27180 5.00000
v -26.11230 -15.47820 1.30000
v -26.11230 -15.47820 1.40000
v -26.11230 -15.47820 4.30000
v -26.11230 -15.47820 5.00000
v -26.11230 -12.52180 1.30000
v -26.11230 -12.52180 1.40000
v -26.11230 -12.52180 4.30000
v -26.11230 -12.52180 5.00000
v -26.11230 12.52180 1.30000
v -26.11230 12.52180 1.40000
v -26.11230 12.52180 4.30000
v -26.11230 12.52180 5.00000
v -26.11230 15.47820 1.30000
v -26.11230 15.47820 1.40000
v -26.11230 15.47820 4.30000
v -26.11230 15.47820 5.00000
v -26.11230 25.27180 1.30000
v -26.11230 25.27180 5.00000
v -26.11230 28.22820 1.30000
v -26.11230 28.22820 5.00000
v -26.10000 -15.03920 1.40000
v -26.10000 -15.03920 4.30000
v -26.10000 -12.96080 1.40000
v -26.10000 -12.96080 4.30000
v -26.10000 12.96080 1.40000
v -26.10000 12.96080 4.30000
v -26.10000 15.03920 1.40000
v -26.10000 15.03920 4.30000
v -25.98290 -30.41830 4.50000
v -25.98290 -30.41830 7.00000
v -25.98290 -23.08170 6.50000
v -25.98290 -23.08170 7.00000
v -25.98290 -17.66830 6.50000
v -25.98290 -17.66830 7.00000
v -25.98290 -10.33170 6.50000
v -25.98290 -10.33170 7.00000
v -25.98290 10.33170 6.50000
v -25.98290 10.33170 7.00000
v -25.98290 17.66830 6.50000
v -25.98290 17.66830 7.00000
v -25.98290 23.08170 6.50000
v -25.98290 23.08170 7.00000
v -25.98290 30.41830 4.50000
v -25.98290 30.41830 7.00000
v -25.95920 -15.10870 1.40000
v -25.95920 -15.10870 4.30000
v -25.95920 -12.89130 1.40000
v -25.95920 -12.89130 4.30000
v -25.95920 12.89130 1.40000
v -25.95920 12.89130 4.30000
v -25.95920 15.10870 1.40000
v -25.95920 15.10870 4.30000
v -25.91410 -28.29550 1.30000
v -25.91410 -28.29550 5.00000
v -25.91410 -25.20450 1.30000
v -25.91410 -25.20450 5.00000
v -25.91410 -15.54550 1.30000
v -25.91410 -15.54550 1.40000
v -25.91410 -15.54550 4.30000
v -25.91410 -15.54550 5.00000
v -25.91410 -12.45450 1.30000
v -25.91410 -12.45450 1.40000
v -25.91410 -12.45450 4.30000
v -25.91410 -12.45450 5.00000
v -25.91410 12.45450 1.30000
v -25.91410 12.45450 1.40000
v -25.91410 12.45450 4.30000
v -25.91410 12.45450 5.00000
v -25.91410 15.54550 1.30000
v -25.91410 15.54550 1.40000
v -25.91410 15.54550 4.30000
v -25.91410 15.54550 5.00000
v -25.91410 25.20450 1.30000
v -25.91410 25.20450 5.00000
v -25.91410 28.29550 1.30000
v -25.91410 28.29550 5.00000
v -25.85240 -29.42690 5.00000
v -25.85240 -29.42690 7.00000
v -25.85240 -24.07310 5.00000
v -25.85240 -24.07310 7.00000
v -25.85240 -16.67690 6.50000
v -25.85240 -16.67690 7.00000
v -25.85240 -11.32310 6.50000
v -25.85240 -11.32310 7.00000
v -25.85240 11.32310 6.50000
v -25.85240 11.32310 7.00000
v -25.85240 16.67690 6.50000
v -25.85240 16.67690 7.00000
v -25.85240 24.07310 5.00000
v -25.85240 24.07310 7.00000
v -25.85240 29.42690 5.00000
v -25.85240 29.42690 7.00000
v -25.83940 -16.57780 5.00000
v -25.83940 -16.57780 6.50000
v -25.83940 -11.42220 5.00000
v -25.83940 -11.42220 6.50000
v -25.83940 11.42220 5.00000
v -25.83940 11.42220 6.50000
v -25.83940 16.57780 5.00000
v -25.83940 16.57780 6.50000
v -25.82630 -29.22860 0.00000
v -25.82630 -29.22860 1.30000
v -25.82630 -24.27140 0.00000
v -25.82630 -24.27140 1.30000
v -25.82630 -16.47860 0.00000
v -25.82630 -16.47860 1.30000
v -25.82630 -11.52140 0.00000
v -25.82630 -11.52140 1.30000
v -25.82630 11.52140 0.00000
v -25.82630 11.52140 1.30000
v -25.82630 16.47860 0.00000
v -25.82630 16.47860 1.30000
v -25.82630 24.27140 0.00000
v -25.82630 24.27140 1.30000
v -25.82630 29.22860 0.00000
v -25.82630 29.22860 1.30000
v -25.81060 -15.15910 1.40000
v -25.81060 -15.15910 4.30000
v -25.81060 -12.84090 1.40000
v -25.81060 -12.84090 4.30000
v -25.81060 12.84090 1.40000
v -25.81060 12.84090 4.30000
v -25.81060 15.15910 1.40000
v -25.81060 15.15910 4.30000
v -25.70880 -28.33630 1.30000
v -25.70880 -28.33630 5.00000
v -25.70880 -25.16370 1.30000
v -25.70880 -25.16370 5.00000
v -25.70880 -15.58630 1.30000
v -25.70880 -15.58630 1.40000
v -25.70880 -15.58630 4.30000
v -25.70880 -15.58630 5.00000
v -25.70880 -12.41370 1.30000
v -25.70880 -12.41370 1.40000
v -25.70880 -12.41370 4.30000
v -25.70880 -12.41370 5.00000
v -25.70880 12.41370 1.30000
v -25.70880 12.41370 1.40000
v -25.70880 12.41370 4.30000
v -25.70880 12.41370 5.00000
v -25.70880 15.58630 1.30000
v -25.70880 15.58630 1.40000
v -25.70880 15.58630 4.30000
v -25.70880 15.58630 5.00000
v -25.70880 25.16370 1.30000
v -25.70880 25.16370 5.00000
v -25.70880 28.33630 1.30000
v -25.70880 28.33630 5.00000
v -25.65660 -15.18970 1.40000
v -25.65660 -15.18970 4.30000
v -25.65660 -12.81030 1.40000
v -25.65660 -12.81030 4.30000
v -25.65660 12.81030 1.40000
v -25.65660 12.81030 4.30000
v -25.65660 15.18970 1.40000
v -25.65660 15.18970 4.30000
v -25.50000 -32.77500 0.00000
v -25.50000 -32.77500 4.50000
v -25.50000 -30.45000 4.50000
v -25.50000 -30.45000 7.00000
v -25.50000 -29.45000 5.00000
v -25.50000 -29.45000 7.00000
v -25.50000 -29.25000 0.00000
v -25.50000 -29.25000 1.30000
v -25.50000 -28.35000 1.30000
v -25.50000 -28.35000 5.00000
v -25.50000 -25.15000 1.30000
v -25.50000 -25.15000 5.00000
v -25.50000 -24.25000 0.00000
v -25.50000 -24.25000 1.30000
v -25.50000 -24.05000 5.00000
v -25.50000 -24.05000 7.00000
v -25.50000 -23.05000 6.50000
v -25.50000 -23.05000 7.00000
v -25.50000 -17.70000 6.50000
v -25.50000 -17.70000 7.00000
v -25.50000 -16.70000 6.50000
v -25.50000 -16.70000 7.00000
v -25.50000 -16.60000 5.00000
v -25.50000 -16.60000 6.50000
v -25.50000 -16.50000 0.00000
v -25.50000 -16.50000 1.30000
v -25.50000 -15.60000 1.30000
v -25.50000 -15.60000 1.40000
v -25.50000 -15.60000 4.30000
v -25.50000 -15.60000 5.00000
v -25.50000 -15.20000 1.40000
v -25.50000 -15.20000 4.30000
v -25.50000 -12.80000 1.40000
v -25.50000 -12.80000 4.30000
v -25.50000 -12.40000 1.30000
v -25.50000 -12.40000 1.40000
v -25.50000 -12.40000 4.30000
v -25.50000 -12.40000 5.00000
v -25.50000 -11.50000 0.00000
v -25.50000 -11.50000 1.30000
v -25.50000 -11.40000 5.00000
v -25.50000 -11.40000 6.50000
v -25.50000 -11.30000 6.50000
v -25.50000 -11.30000 7.00000
v -25.50000 -10.30000 6.50000
v -25.50000 -10.30000 7.00000
v -25.50000 -8.00000 4.50000
v -25.50000 -8.00000 6.50000
v -25.50000 -7.97500 0.00000
v -25.50000 -7.97500 4.50000
v -25.50000 7.97500 0.00000
v -25.50000 7.97500 4.50000
v -25.50000 8.00000 4.50000
v -25.50000 8.00000 6.50000
v -25.50000 10.30000 6.50000
v -25.50000 10.30000 7.00000
v -25.50000 11.30000 6.50000
v -25.50000 11.30000 7.00000
v -25.50000 11.40000 5.00000
v -25.50000 11.40000 6.50000
v -25.50000 11.50000 0.00000
v -25.50000 11.50000 1.30000
v -25.50000 12.40000 1.30000
v -25.50000 12.40000 1.40000
v -25.50000 12.40000 4.30000
v -25.50000 12.40000 5.00000
v -25.50000 12.80000 1.40000
v -25.50000 12.80000 4.30000
v -25.50000 15.20000 1.40000
v -25.50000 15.20000 4.30000
v -25.50000 15.60000 1.30000
v -25.50000 15.60000 1.40000
v -25.50000 15.60000 4.30000
v -25.50000 15.60000 5.00000
v -25.50000 16.50000 0.00000
v -25.50000 16.50000 1.30000
v -25.50000 16.60000 5.00000
v -25.50000 16.60000 6.50000
v -25.50000 16.70000 6.50000
v -25.50000 16.70000 7.00000
v -25.50000 17.70000 6.50000
v -25.50000 17.70000 7.00000
v -25.50000 23.05000 6.50000
v -25.50000 23.05000 7.00000
v -25.50000 24.05000 5.00000
v -25.50000 24.05000 7.00000
v -25.50000 24.25000 0.00000
v -25.50000 24.25000 1.30000
v -25.50000 25.15000 1.30000
v -25.50000 25.15000 5.00000
v -25.50000 28.35000 1.30000
v -25.50000 28.35000 5.00000
v -25.50000 29.25000 0.00000
v -25.50000 29.25000 1.30000
v -25.50000 29.45000 5.00000
v -25.50000 29.45000 7.00000
v -25.50000 30.45000 4.50000
v -25.50000 30.45000 7.00000
v -25.50000 32.77500 0.00000
v -25.50000 32.77500 4.50000
v -25.34340 -15.18970 1.40000
v -25.34340 -15.18970 4.30000
v -25.34340 -12.81030 1.40000
v -25.34340 -12.81030 4.30000
v -25.34340 12.81030 1.40000
v -25.34340 12.81030 4.30000
v -25.34340 15.18970 1.40000
v -25.34340 15.18970 4.30000
v -25.29120 -28.33630 1.30000
v -25.29120 -28.33630 5.00000
v -25.29120 -25.16370 1.30000
v -25.29120 -25.16370 5.00000
v -25.29120 -15.58630 1.30000
v -25.29120 -15.58630 1.40000
v -25.29120 -15.58630 4.30000
v -25.29120 -15.58630 5.00000
v -25.29120 -12.41370 1.30000
v -25.29120 -12.41370 1.40000
v -25.29120 -12.41370 4.30000
v -25.29120 -12.41370 5.00000
v -25.29120 12.41370 1.30000
v -25.29120 12.41370 1.40000
v -25.29120 12.41370 4.30000
v -25.29120 12.41370 5.00000
v -25.29120 15.58630 1.30000
v -25.29120 15.58630 1.40000
v -25.29120 15.58630 4.30000
v -25.29120 15.58630 5.00000
v -25.29120 25.16370 1.30000
v -25.29120 25.16370 5.00000
v -25.29120 28.33630 1.30000
v -25.29120 28.33630 5.00000
v -25.18940 -15.15910 1.40000
v -25.18940 -15.15910 4.30000
v -25.18940 -12.84090 1.40000
v -25.18940 -12.84090 4.30000
v -25.18940 12.84090 1.40000
v -25.18940 12.84090 4.30000
v -25.18940 15.15910 1.40000
v -25.18940 15.15910 4.30000
v -25.17370 -29.22860 0.00000
v -25.17370 -29.22860 1.30000
v -25.17370 -24.27140 0.00000
v -25.17370 -24.27140 1.30000
v -25.17370 -16.47860 0.00000
v -25.17370 -16.47860 1.30000
v -25.17370 -11.52140 0.00000
v -25.17370 -11.52140 1.30000
v -25.17370 11.52140 0.00000
v -25.17370 11.52140 1.30000
v -25.17370 16.47860 0.00000
v -25.17370 16.47860 1.30000
v -25.17370 24.27140 0.00000
v -25.17370 24.27140 1.30000
v -25.17370 29.22860 0.00000
v -25.17370 29.22860 1.30000
v -25.16060 -16.57780 5.00000
v -25.16060 -16.57780 6.50000
v -25.16060 -11.42220 5.00000
v -25.16060 -11.42220 6.50000
v -25.16060 11.42220 5.00000
v -25.16060 11.42220 6.50000
v -25.16060 16.57780 5.00000
v -25.16060 16.57780 6.50000
v -25.14760 -29.42690 5.00000
v -25.14760 -29.42690 7.00000
v -25.14760 -24.07310 5.00000
v -25.14760 -24.07310 7.00000
v -25.14760 -16.67690 6.50000
v -25.14760 -16.67690 7.00000
v -25.14760 -11.32310 6.50000
v -25.14760 -11.32310 7.00000
v -25.14760 11.32310 6.50000
v -25.14760 11.32310 7.00000
v -25.14760 16.67690 6.50000
v -25.14760 16.67690 7.00000
v -25.14760 24.07310 5.00000
v -25.14760 24.07310 7.00000
v -25.14760 29.42690 5.00000
v -25.14760 29.42690 7.00000
v -25.08590 -28.29550 1.30000
v -25.08590 -28.29550 5.00000
v -25.08590 -25.20450 1.30000
v -25.08590 -25.20450 5.00000
v -25.08590 -15.54550 1.30000
v -25.08590 -15.54550 1.40000
v -25.08590 -15.54550 4.30000
v -25.08590 -15.54550 5.00000
v -25.08590 -12.45450 1.30000
v -25.08590 -12.45450 1.40000
v -25.08590 -12.45450 4.30000
v -25.08590 -12.45450 5.00000
v -25.08590 12.45450 1.30000
v -25.08590 12.45450 1.40000
v -25.08590 12.45450 4.30000
v -25.08590 12.45450 5.00000
v -25.08590 15.54550 1.30000
v -25.08590 15.54550 1.40000
v -25.08590 15.54550 4.30000
v -25.08590 15.54550 5.00000
v -25.08590 25.20450 1.30000
v -25.08590 25.20450 5.00000
v -25.08590 28.29550 1.30000
v -25.08590 28.29550 5.00000
v -25.04080 -15.10870 1.40000
v -25.04080 -15.10870 4.30000
v -25.04080 -12.89130 1.40000
v -25.04080 -12.89130 4.30000
v -25.04080 12.89130 1.40000
v -25.04080 12.89130 4.30000
v -25.04080 15.10870 1.40000
v -25.04080 15.10870 4.30000
v -25.01710 -30.41830 4.50000
v -25.01710 -30.41830 7.00000
v -25.01710 -23.08170 6.50000
v -25.01710 -23.08170 7.00000
v -25.01710 -17.66830 6.50000
v -25.01710 -17.66830 7.00000
v -25.01710 -10.33170 6.50000
v -25.01710 -10.33170 7.00000
v -25.01710 10.33170 6.50000
v -25.01710 10.33170 7.00000
v -25.01710 17.66830 6.50000
v -25.01710 17.66830 7.00000
v -25.01710 23.08170 6.50000
v -25.01710 23.08170 7.00000
v -25.01710 30.41830 4.50000
v -25.01710 30.41830 7.00000
v -24.90000 -15.03920 1.40000
v -24.90000 -15.03920 4.30000
v -24.90000 -12.96080 1.40000
v -24.90000 -12.96080 4.30000
v -24.90000 12.96080 1.40000
v -24.90000 12.96080 4.30000
v -24.90000 15.03920 1.40000
v -24.90000 15.03920 4.30000
v -24.88770 -28.22820 1.30000
v -24.88770 -28.22820 5.00000
v -24.88770 -25.27180 1.30000
v -24.88770 -25.27180 5.00000
v -24.88770 -15.47820 1.30000
v -24.88770 -15.47820 1.40000
v -24.88770 -15.47820 4.30000
v -24.88770 -15.47820 5.00000
v -24.88770 -12.52180 1.30000
v -24.88770 -12.52180 1.40000
v -24.88770 -12.52180 4.30000
v -24.88770 -12.52180 5.00000
v -24.88770 12.52180 1.30000
v -24.88770 12.52180 1.40000
v -24.88770 12.52180 4.30000
v -24.88770 12.52180 5.00000
v -24.88770 15.47820 1.30000
v -24.88770 15.47820 1.40000
v -24.88770 15.47820 4.30000
v -24.88770 15.47820 5.00000
v -24.88770 25.27180 1.30000
v -24.88770 25.27180 5.00000
v -24.88770 28.22820 1.30000
v -24.88770 28.22820 5.00000
v -24.85300 -29.16480 0.00000
v -24.85300 -29.16480 1.30000
v -24.85300 -24.33520 0.00000
v -24.85300 -24.33520 1.30000
v -24.85300 -16.41480 0.00000
v -24.85300 -16.41480 1.30000
v -24.85300 -11.58520 0.00000
v -24.85300 -11.58520 1.30000
v -24.85300 11.58520 0.00000
v -24.85300 11.58520 1.30000
v -24.85300 16.41480 0.00000
v -24.85300 16.41480 1.30000
v -24.85300 24.33520 0.00000
v -24.85300 24.33520 1.30000
v -24.85300 29.16480 0.00000
v -24.85300 29.16480 1.30000
v -24.82710 -16.51140 5.00000
v -24.82710 -16.51140 6.50000
v -24.82710 -11.48860 5.00000
v -24.82710 -11.48860 6.50000
v -24.82710 11.48860 5.00000
v -24.82710 11.48860 6.50000
v -24.82710 16.51140 5.00000
v -24.82710 16.51140 6.50000
v -24.80120 -29.35800 5.00000
v -24.80120 -29.35800 7.00000
v -24.80120 -24.14200 5.00000
v -24.80120 -24.14200 7.00000
v -24.80120 -16.60800 6.50000
v -24.80120 -16.60800 7.00000
v -24.80120 -11.39200 6.50000
v -24.80120 -11.39200 7.00000
v -24.80120 11.39200 6.50000
v -24.80120 11.39200 7.00000
v -24.80120 16.60800 6.50000
v -24.80120 16.60800 7.00000
v -24.80120 24.14200 5.00000
v -24.80120 24.14200 7.00000
v -24.80120 29.35800 5.00000
v -24.80120 29.35800 7.00000
v -24.76950 -14.95200 1.40000
v -24.76950 -14.95200 4.30000
v -24.76950 -13.04800 1.40000
v -24.76950 -13.04800 4.30000
v -24.76950 13.04800 1.40000
v -24.76950 13.04800 4.30000
v -24.76950 14.95200 1.40000
v -24.76950 14.95200 4.30000
v -24.71680 -32.72370 0.00000
v -24.71680 -32.72370 4.50000
v -24.71680 -8.05133 4.50000
v -24.71680 -8.05133 6.50000
v -24.71680 -8.02633 0.00000
v -24.71680 -8.02633 4.50000
v -24.71680 8.02633 0.00000
v -24.71680 8.02633 4.50000
v -24.71680 8.05133 4.50000
v -24.71680 8.05133 6.50000
v -24.71680 32.72370 0.00000
v -24.71680 32.72370 4.50000
v -24.70000 -28.13560 1.30000
v -24.70000 -28.13560 5.00000
v -24.70000 -25.36440 1.30000
v -24.70000 -25.36440 5.00000
v -24.70000 -15.38560 1.30000
v -24.70000 -15.38560 1.40000
v -24.70000 -15.38560 4.30000
v -24.70000 -15.38560 5.00000
v -24.70000 -12.61440 1.30000
v -24.70000 -12.61440 1.40000
v -24.70000 -12.61440 4.30000
v -24.70000 -12.61440 5.00000
v -24.70000 12.61440 1.30000
v -24.70000 12.61440 1.40000
v -24.70000 12.61440 4.30000
v -24.70000 12.61440 5.00000
v -24.70000 15.38560 1.30000
v -24.70000 15.38560 1.40000
v -24.70000 15.38560 4.30000
v -24.70000 15.38560 5.00000
v -24.70000 25.36440 1.30000
v -24.70000 25.36440 5.00000
v -24.70000 28.13560 1.30000
v -24.70000 28.13560 5.00000
v -24.65150 -14.84850 1.40000
v -24.65150 -14.84850 4.30000
v -24.65150 -13.15150 1.40000
v -24.65150 -13.15150 4.30000
v -24.65150 13.15150 1.40000
v -24.65150 13.15150 4.30000
v -24.65150 14.84850 1.40000
v -24.65150 14.84850 4.30000
v -24.54800 -14.73050 1.40000
v -24.54800 -14.73050 4.30000
v -24.54800 -13.26950 1.40000
v -24.54800 -13.26950 4.30000
v -24.54800 13.26950 1.40000
v -24.54800 13.26950 4.30000
v -24.54800 14.73050 1.40000
v -24.54800 14.73050 4.30000
v -24.54330 -29.05970 0.00000
v -24.54330 -29.05970 1.30000
v -24.54330 -24.44030 0.00000
v -24.54330 -24.44030 1.30000
v -24.54330 -16.30970 0.00000
v -24.54330 -16.30970 1.30000
v -24.54330 -11.69030 0.00000
v -24.54330 -11.69030 1.30000
v -24.54330 11.69030 0.00000
v -24.54330 11.69030 1.30000
v -24.54330 16.30970 0.00000
v -24.54330 16.30970 1.30000
v -24.54330 24.44030 0.00000
v -24.54330 24.44030 1.30000
v -24.54330 29.05970 0.00000
v -24.54330 29.05970 1.30000
v -24.54240 -30.32390 4.50000
v -24.54240 -30.32390 7.00000
v -24.54240 -23.17610 6.50000
v -24.54240 -23.17610 7.00000
v -24.54240 -17.57390 6.50000
v -24.54240 -17.57390 7.00000
v -24.54240 -10.42610 6.50000
v -24.54240 -10.42610 7.00000
v -24.54240 10.42610 6.50000
v -24.54240 10.42610 7.00000
v -24.54240 17.57390 6.50000
v -24.54240 17.57390 7.00000
v -24.54240 23.17610 6.50000
v -24.54240 23.17610 7.00000
v -24.54240 30.32390 4.50000
v -24.54240 30.32390 7.00000
v -24.52600 -28.01940 1.30000
v -24.52600 -28.01940 5.00000
v -24.52600 -25.48060 1.30000
v -24.52600 -25.48060 5.00000
v -24.52600 -15.26940 1.30000
v -24.52600 -15.26940 1.40000
v -24.52600 -15.26940 4.30000
v -24.52600 -15.26940 5.00000
v -24.52600 -12.73060 1.30000
v -24.52600 -12.73060 1.40000
v -24.52600 -12.73060 4.30000
v -24.52600 -12.73060 5.00000
v -24.52600 12.73060 1.30000
v -24.52600 12.73060 1.40000
v -24.52600 12.73060 4.30000
v -24.52600 12.73060 5.00000
v -24.52600 15.26940 1.30000
v -24.52600 15.26940 1.40000
v -24.52600 15.26940 4.30000
v -24.52600 15.26940 5.00000
v -24.52600 25.48060 1.30000
v -24.52600 25.48060 5.00000
v -24.52600 28.01940 1.30000
v -24.52600 28.01940 5.00000
v -24.50500 -16.40210 5.00000
v -24.50500 -16.40210 6.50000
v -24.50500 -11.59790 5.00000
v -24.50500 -11.59790 6.50000
v -24.50500 11.59790 5.00000
v -24.50500 11.59790 6.50000
v -24.50500 16.40210 5.00000
v -24.50500 16.40210 6.50000
v -24.46680 -29.24450 5.00000
v -24.46680 -29.24450 7.00000
v -24.46680 -24.25550 5.00000
v -24.46680 -24.25550 7.00000
v -24.46680 -16.49450 6.50000
v -24.46680 -16.49450 7.00000
v -24.46680 -11.50550 6.50000
v -24.46680 -11.50550 7.00000
v -24.46680 11.50550 6.50000
v -24.46680 11.50550 7.00000
v -24.46680 16.49450 6.50000
v -24.46680 16.49450 7.00000
v -24.46680 24.25550 5.00000
v -24.46680 24.25550 7.00000
v -24.46680 29.24450 5.00000
v -24.46680 29.24450 7.00000
v -24.46080 -14.60000 1.40000
v -24.46080 -14.60000 4.30000
v -24.46080 -13.40000 1.40000
v -24.46080 -13.40000 4.30000
v -24.46080 13.40000 1.40000
v -24.46080 13.40000 4.30000
v -24.46080 14.60000 1.40000
v -24.46080 14.60000 4.30000
v -24.39130 -14.45920 1.40000
v -24.39130 -14.45920 4.30000
v -24.39130 -13.54080 1.40000
v -24.39130 -13.54080 4.30000
v -24.39130 13.54080 1.40000
v -24.39130 13.54080 4.30000
v -24.39130 14.45920 1.40000
v -24.39130 14.45920 4.30000
v -24.36860 -27.88140 1.30000
v -24.36860 -27.88140 5.00000
v -24.36860 -25.61860 1.30000
v -24.36860 -25.61860 5.00000
v -24.36860 -15.13140 1.30000
v -24.36860 -15.13140 1.40000
v -24.36860 -15.13140 4.30000
v -24.36860 -15.13140 5.00000
v -24.36860 -12.86860 1.30000
v -24.36860 -12.86860 1.40000
v -24.36860 -12.86860 4.30000
v -24.36860 -12.86860 5.00000
v -24.36860 12.86860 1.30000
v -24.36860 12.86860 1.40000
v -24.36860 12.86860 4.30000
v -24.36860 12.86860 5.00000
v -24.36860 15.13140 1.30000
v -24.36860 15.13140 1.40000
v -24.36860 15.13140 4.30000
v -24.36860 15.13140 5.00000
v -24.36860 25.61860 1.30000
v -24.36860 25.61860 5.00000
v -24.36860 27.88140 1.30000
v -24.36860 27.88140 5.00000
v -24.34090 -14.31060 1.40000
v -24.34090 -14.31060 4.30000
v -24.34090 -13.68940 1.40000
v -24.34090 -13.68940 4.30000
v -24.34090 13.68940 1.40000
v -24.34090 13.68940 4.30000
v -24.34090 14.31060 1.40000
v -24.34090 14.31060 4.30000
v -24.31030 -14.15660 1.40000
v -24.31030 -14.15660 4.30000
v -24.31030 -13.84340 1.40000
v -24.31030 -13.84340 4.30000
v -24.31030 13.84340 1.40000
v -24.31030 13.84340 4.30000
v -24.31030 14.15660 1.40000
v -24.31030 14.15660 4.30000
v -24.30000 -14.00000 1.40000
v -24.30000 -14.00000 4.30000
v -24.30000 14.00000 1.40000
v -24.30000 14.00000 4.30000
v -24.25000 -28.91510 0.00000
v -24.25000 -28.91510 1.30000
v -24.25000 -24.58490 0.00000
v -24.25000 -24.58490 1.30000
v -24.25000 -16.16510 0.00000
v -24.25000 -16.16510 1.30000
v -24.25000 -11.83490 0.00000
v -24.25000 -11.83490 1.30000
v -24.25000 11.83490 0.00000
v -24.25000 11.83490 1.30000
v -24.25000 16.16510 0.00000
v -24.25000 16.16510 1.30000
v -24.25000 24.58490 0.00000
v -24.25000 24.58490 1.30000
v -24.25000 28.91510 0.00000
v -24.25000 28.91510 1.30000
v -24.23060 -27.72400 1.30000
v -24.23060 -27.72400 5.00000
v -24.23060 -25.77600 1.30000
v -24.23060 -25.77600 5.00000
v -24.23060 -14.97400 1.30000
v -24.23060 -14.97400 1.40000
v -24.23060 -14.97400 4.30000
v -24.23060 -14.97400 5.00000
v -24.23060 -13.02600 1.30000
v -24.23060 -13.02600 1.40000
v -24.23060 -13.02600 4.30000
v -24.23060 -13.02600 5.00000
v -24.23060 13.02600 1.30000
v -24.23060 13.02600 1.40000
v -24.23060 13.02600 4.30000
v -24.23060 13.02600 5.00000
v -24.23060 14.97400 1.30000
v -24.23060 14.97400 1.40000
v -24.23060 14.97400 4.30000
v -24.23060 14.97400 5.00000
v -24.23060 25.77600 1.30000
v -24.23060 25.77600 5.00000
v -24.23060 27.72400 1.30000
v -24.23060 27.72400 5.00000
v -24.20000 -16.25170 5.00000
v -24.20000 -16.25170 6.50000
v -24.20000 -11.74830 5.00000
v -24.20000 -11.74830 6.50000
v -24.20000 11.74830 5.00000
v -24.20000 11.74830 6.50000
v -24.20000 16.25170 5.00000
v -24.20000 16.25170 6.50000
v -24.15000 -29.08830 5.00000
v -24.15000 -29.08830 7.00000
v -24.15000 -24.41170 5.00000
v -24.15000 -24.41170 7.00000
v -24.15000 -16.33830 6.50000
v -24.15000 -16.33830 7.00000
v -24.15000 -11.66170 6.50000
v -24.15000 -11.66170 7.00000
v -24.15000 11.66170 6.50000
v -24.15000 11.66170 7.00000
v -24.15000 16.33830 6.50000
v -24.15000 16.33830 7.00000
v -24.15000 24.41170 5.00000
v -24.15000 24.41170 7.00000
v -24.15000 29.08830 5.00000
v -24.15000 29.08830 7.00000
v -24.11440 -27.55000 1.30000
v -24.11440 -27.55000 5.00000
v -24.11440 -25.95000 1.30000
v -24.11440 -25.95000 5.00000
v -24.11440 -14.80000 1.30000
v -24.11440 -14.80000 1.40000
v -24.11440 -14.80000 4.30000
v -24.11440 -14.80000 5.00000
v -24.11440 -13.20000 1.30000
v -24.11440 -13.20000 1.40000
v -24.11440 -13.20000 4.30000
v -24.11440 -13.20000 5.00000
v -24.11440 13.20000 1.30000
v -24.11440 13.20000 1.40000
v -24.11440 13.20000 4.30000
v -24.11440 13.20000 5.00000
v -24.11440 14.80000 1.30000
v -24.11440 14.80000 1.40000
v -24.11440 14.80000 4.30000
v -24.11440 14.80000 5.00000
v -24.11440 25.95000 1.30000
v -24.11440 25.95000 5.00000
v -24.11440 27.55000 1.30000
v -24.11440 27.55000 5.00000
v -24.08410 -30.16840 4.50000
v -24.08410 -30.16840 7.00000
v -24.08410 -23.33160 6.50000
v -24.08410 -23.33160 7.00000
v -24.08410 -17.41840 6.50000
v -24.08410 -17.41840 7.00000
v -24.08410 -10.58160 6.50000
v -24.08410 -10.58160 7.00000
v -24.08410 10.58160 6.50000
v -24.08410 10.58160 7.00000
v -24.08410 17.41840 6.50000
v -24.08410 17.41840 7.00000
v -24.08410 23.33160 6.50000
v -24.08410 23.33160 7.00000
v -24.08410 30.16840 4.50000
v -24.08410 30.16840 7.00000
v -24.02180 -27.36230 1.30000
v -24.02180 -27.36230 5.00000
v -24.02180 -26.13770 1.30000
v -24.02180 -26.13770 5.00000
v -24.02180 -14.61230 1.30000
v -24.02180 -14.61230 1.40000
v -24.02180 -14.61230 4.30000
v -24.02180 -14.61230 5.00000
v -24.02180 -13.38770 1.30000
v -24.02180 -13.38770 1.40000
v -24.02180 -13.38770 4.30000
v -24.02180 -13.38770 5.00000
v -24.02180 13.38770 1.30000
v -24.02180 13.38770 1.40000
v -24.02180 13.38770 4.30000
v -24.02180 13.38770 5.00000
v -24.02180 14.61230 1.30000
v -24.02180 14.61230 1.40000
v -24.02180 14.61230 4.30000
v -24.02180 14.61230 5.00000
v -24.02180 26.13770 1.30000
v -24.02180 26.13770 5.00000
v -24.02180 27.36230 1.30000
v -24.02180 27.36230 5.00000
v -23.97810 -28.73340 0.00000
v -23.97810 -28.73340 1.30000
v -23.97810 -24.76660 0.00000
v -23.97810 -24.76660 1.30000
v -23.97810 -15.98340 0.00000
v -23.97810 -15.98340 1.30000
v -23.97810 -12.01660 0.00000
v -23.97810 -12.01660 1.30000
v -23.97810 12.01660 0.00000
v -23.97810 12.01660 1.30000
v -23.97810 15.98340 0.00000
v -23.97810 15.98340 1.30000
v -23.97810 24.76660 0.00000
v -23.97810 24.76660 1.30000
v -23.97810 28.73340 0.00000
v -23.97810 28.73340 1.30000
v -23.95450 -27.16410 1.30000
v -23.95450 -27.16410 5.00000
v -23.95450 -26.33590 1.30000
v -23.95450 -26.33590 5.00000
v -23.95450 -14.41410 1.30000
v -23.95450 -14.41410 1.40000
v -23.95450 -14.41410 4.30000
v -23.95450 -14.41410 5.00000
v -23.95450 -13.58590 1.30000
v -23.95450 -13.58590 1.40000
v -23.95450 -13.58590 4.30000
v -23.95450 -13.58590 5.00000
v -23.95450 13.58590 1.30000
v -23.95450 13.58590 1.40000
v -23.95450 13.58590 4.30000
v -23.95450 13.58590 5.00000
v -23.95450 14.41410 1.30000
v -23.95450 14.41410 1.40000
v -23.95450 14.41410 4.30000
v -23.95450 14.41410 5.00000
v -23.95450 26.33590 1.30000
v -23.95450 26.33590 5.00000
v -23.95450 27.16410 1.30000
v -23.95450 27.16410 5.00000
v -23.94710 -32.57060 0.00000
v -23.94710 -32.57060 4.50000
v -23.94710 -8.20445 4.50000
v -23.94710 -8.20445 6.50000
v -23.94710 -8.17945 0.00000
v -23.94710 -8.17945 4.50000
v -23.94710 8.17945 0.00000
v -23.94710 8.17945 4.50000
v -23.94710 8.20445 4.50000
v -23.94710 8.20445 6.50000
v -23.94710 32.57060 0.00000
v -23.94710 32.57060 4.50000
v -23.91720 -16.06270 5.00000
v -23.91720 -16.06270 6.50000
v -23.91720 -11.93730 5.00000
v -23.91720 -11.93730 6.50000
v -23.91720 11.93730 5.00000
v -23.91720 11.93730 6.50000
v -23.91720 16.06270 5.00000
v -23.91720 16.06270 6.50000
v -23.91370 -26.95880 1.30000
v -23.91370 -26.95880 5.00000
v -23.91370 -26.54120 1.30000
v -23.91370 -26.54120 5.00000
v -23.91370 -14.20880 1.30000
v -23.91370 -14.20880 1.40000
v -23.91370 -14.20880 4.30000
v -23.91370 -14.20880 5.00000
v -23.91370 -13.79120 1.30000
v -23.91370 -13.79120 1.40000
v -23.91370 -13.79120 4.30000
v -23.91370 -13.79120 5.00000
v -23.91370 13.79120 1.30000
v -23.91370 13.79120 1.40000
v -23.91370 13.79120 4.30000
v -23.91370 13.79120 5.00000
v -23.91370 14.20880 1.30000
v -23.91370 14.20880 1.40000
v -23.91370 14.20880 4.30000
v -23.91370 14.20880 5.00000
v -23.91370 26.54120 1.30000
v -23.91370 26.54120 5.00000
v -23.91370 26.95880 1.30000
v -23.91370 26.95880 5.00000
v -23.90000 -26.75000 1.30000
v -23.90000 -26.75000 5.00000
v -23.90000 -14.00000 1.30000
v -23.90000 -14.00000 1.40000
v -23.90000 -14.00000 4.30000
v -23.90000 -14.00000 5.00000
v -23.90000 14.00000 1.30000
v -23.90000 14.00000 1.40000
v -23.90000 14.00000 4.30000
v -23.90000 14.00000 5.00000
v -23.90000 26.75000 1.30000
v -23.90000 26.75000 5.00000
v -23.85630 -28.89210 5.00000
v -23.85630 -28.89210 7.00000
v -23.85630 -24.60790 5.00000
v -23.85630 -24.60790 7.00000
v -23.85630 -16.14210 6.50000
v -23.85630 -16.14210 7.00000
v -23.85630 -11.85790 6.50000
v -23.85630 -11.85790 7.00000
v -23.85630 11.85790 6.50000
v -23.85630 11.85790 7.00000
v -23.85630 16.14210 6.50000
v -23.85630 16.14210 7.00000
v -23.85630 24.60790 5.00000
v -23.85630 24.60790 7.00000
v -23.85630 28.89210 5.00000
v -23.85630 28.89210 7.00000
v -23.73220 -28.51780 0.00000
v -23.73220 -28.51780 1.30000
v -23.73220 -24.98220 0.00000
v -23.73220 -24.98220 1.30000
v -23.73220 -15.76780 0.00000
v -23.73220 -15.76780 1.30000
v -23.73220 -12.23220 0.00000
v -23.73220 -12.23220 1.30000
v -23.73220 12.23220 0.00000
v -23.73220 12.23220 1.30000
v -23.73220 15.76780 0.00000
v -23.73220 15.76780 1.30000
v -23.73220 24.98220 0.00000
v -23.73220 24.98220 1.30000
v -23.73220 28.51780 0.00000
v -23.73220 28.51780 1.30000
v -23.66150 -15.83850 5.00000
v -23.66150 -15.83850 6.50000
v -23.66150 -12.16150 5.00000
v -23.66150 -12.16150 6.50000
v -23.66150 12.16150 5.00000
v -23.66150 12.16150 6.50000
v -23.66150 15.83850 5.00000
v -23.66150 15.83850 6.50000
v -23.65000 -29.95430 4.50000
v -23.65000 -29.95430 7.00000
v -23.65000 -23.54570 6.50000
v -23.65000 -23.54570 7.00000
v -23.65000 -17.20430 6.50000
v -23.65000 -17.20430 7.00000
v -23.65000 -10.79570 6.50000
v -23.65000 -10.79570 7.00000
v -23.65000 10.79570 6.50000
v -23.65000 10.79570 7.00000
v -23.65000 17.20430 6.50000
v -23.65000 17.20430 7.00000
v -23.65000 23.54570 6.50000
v -23.65000 23.54570 7.00000
v -23.65000 29.95430 4.50000
v -23.65000 29.95430 7.00000
v -23.59080 -28.65920 5.00000
v -23.59080 -28.65920 7.00000
v -23.59080 -24.84080 5.00000
v -23.59080 -24.84080 7.00000
v -23.59080 -15.90920 6.50000
v -23.59080 -15.90920 7.00000
v -23.59080 -12.09080 6.50000
v -23.59080 -12.09080 7.00000
v -23.59080 12.09080 6.50000
v -23.59080 12.09080 7.00000
v -23.59080 15.90920 6.50000
v -23.59080 15.90920 7.00000
v -23.59080 24.84080 5.00000
v -23.59080 24.84080 7.00000
v -23.59080 28.65920 5.00000
v -23.59080 28.65920 7.00000
v -23.51660 -28.27190 0.00000
v -23.51660 -28.27190 1.30000
v -23.51660 -25.22810 0.00000
v -23.51660 -25.22810 1.30000
v -23.51660 -15.52190 0.00000
v -23.51660 -15.52190 1.30000
v -23.51660 -12.47810 0.00000
v -23.51660 -12.47810 1.30000
v -23.51660 12.47810 0.00000
v -23.51660 12.47810 1.30000
v -23.51660 15.52190 0.00000
v -23.51660 15.52190 1.30000
v -23.51660 25.22810 0.00000
v -23.51660 25.22810 1.30000
v -23.51660 28.27190 0.00000
v -23.51660 28.27190 1.30000
v -23.43730 -15.58280 5.00000
v -23.43730 -15.58280 6.50000
v -23.43730 -12.41720 5.00000
v -23.43730 -12.41720 6.50000
v -23.43730 12.41720 5.00000
v -23.43730 12.41720 6.50000
v -23.43730 15.58280 5.00000
v -23.43730 15.58280 6.50000
v -23.35790 -28.39370 5.00000
v -23.35790 -28.39370 7.00000
v -23.35790 -25.10630 5.00000
v -23.35790 -25.10630 7.00000
v -23.35790 -15.64370 6.50000
v -23.35790 -15.64370 7.00000
v -23.35790 -12.35630 6.50000
v -23.35790 -12.35630 7.00000
v -23.35790 12.35630 6.50000
v -23.35790 12.35630 7.00000
v -23.35790 15.64370 6.50000
v -23.35790 15.64370 7.00000
v -23.35790 25.10630 5.00000
v -23.35790 25.10630 7.00000
v -23.35790 28.39370 5.00000
v -23.35790 28.39370 7.00000
v -23.33490 -28.00000 0.00000
v -23.33490 -28.00000 1.30000
v -23.33490 -25.50000 0.00000
v -23.33490 -25.50000 1.30000
v -23.33490 -15.25000 0.00000
v -23.33490 -15.25000 1.30000
v -23.33490 -12.75000 0.00000
v -23.33490 -12.75000 1.30000
v -23.33490 12.75000 0.00000
v -23.33490 12.75000 1.30000
v -23.33490 15.25000 0.00000
v -23.33490 15.25000 1.30000
v -23.33490 25.50000 0.00000
v -23.33490 25.50000 1.30000
v -23.33490 28.00000 0.00000
v -23.33490 28.00000 1.30000
v -23.24830 -15.30000 5.00000
v -23.24830 -15.30000 6.50000
v -23.24830 -12.70000 5.00000
v -23.24830 -12.70000 6.50000
v -23.24830 12.70000 5.00000
v -23.24830 12.70000 6.50000
v -23.24830 15.30000 5.00000
v -23.24830 15.30000 6.50000
v -23.24760 -29.68540 4.50000
v -23.24760 -29.68540 7.00000
v -23.24760 -23.81460 6.50000
v -23.24760 -23.81460 7.00000
v -23.24760 -16.93540 6.50000
v -23.24760 -16.93540 7.00000
v -23.24760 -11.06460 6.50000
v -23.24760 -11.06460 7.00000
v -23.24760 11.06460 6.50000
v -23.24760 11.06460 7.00000
v -23.24760 16.93540 6.50000
v -23.24760 16.93540 7.00000
v -23.24760 23.81460 6.50000
v -23.24760 23.81460 7.00000
v -23.24760 29.68540 4.50000
v -23.24760 29.68540 7.00000
v -23.20390 -32.31830 0.00000
v -23.20390 -32.31830 4.50000
v -23.20390 -8.45672 4.50000
v -23.20390 -8.45672 6.50000
v -23.20390 -8.43172 0.00000
v -23.20390 -8.43172 4.50000
v -23.20390 8.43172 0.00000
v -23.20390 8.43172 4.50000
v -23.20390 8.45672 4.50000
v -23.20390 8.45672 6.50000
v -23.20390 32.31830 0.00000
v -23.20390 32.31830 4.50000
v -23.19030 -27.70670 0.00000
v -23.19030 -27.70670 1.30000
v -23.19030 -25.79330 0.00000
v -23.19030 -25.79330 1.30000
v -23.19030 -14.95670 0.00000
v -23.19030 -14.95670 1.30000
v -23.19030 -13.04330 0.00000
v -23.19030 -13.04330 1.30000
v -23.19030 13.04330 0.00000
v -23.19030 13.04330 1.30000
v -23.19030 14.95670 0.00000
v -23.19030 14.95670 1.30000
v -23.19030 25.79330 0.00000
v -23.19030 25.79330 1.30000
v -23.19030 27.70670 0.00000
v -23.19030 27.70670 1.30000
v -23.16170 -28.10000 5.00000
v -23.16170 -28.10000 7.00000
v -23.16170 -25.40000 5.00000
v -23.16170 -25.40000 7.00000
v -23.16170 -15.35000 6.50000
v -23.16170 -15.35000 7.00000
v -23.16170 -12.65000 6.50000
v -23.16170 -12.65000 7.00000
v -23.16170 12.65000 6.50000
v -23.16170 12.65000 7.00000
v -23.16170 15.35000 6.50000
v -23.16170 15.35000 7.00000
v -23.16170 25.40000 5.00000
v -23.16170 25.40000 7.00000
v -23.16170 28.10000 5.00000
v -23.16170 28.10000 7.00000
v -23.09790 -14.99500 5.00000
v -23.09790 -14.99500 6.50000
v -23.09790 -13.00500 5.00000
v -23.09790 -13.00500 6.50000
v -23.09790 13.00500 5.00000
v -23.09790 13.00500 6.50000
v -23.09790 14.99500 5.00000
v -23.09790 14.99500 6.50000
v -23.08520 -27.39700 0.00000
v -23.08520 -27.39700 1.30000
v -23.08520 -26.10300 0.00000
v -23.08520 -26.10300 1.30000
v -23.08520 -14.64700 0.00000
v -23.08520 -14.64700 1.30000
v -23.08520 -13.35300 0.00000
v -23.08520 -13.35300 1.30000
v -23.08520 13.35300 0.00000
v -23.08520 13.35300 1.30000
v -23.08520 14.64700 0.00000
v -23.08520 14.64700 1.30000
v -23.08520 26.10300 0.00000
v -23.08520 26.10300 1.30000
v -23.08520 27.39700 0.00000
v -23.08520 27.39700 1.30000
v -23.02140 -27.07630 0.00000
v -23.02140 -27.07630 1.30000
v -23.02140 -26.42370 0.00000
v -23.02140 -26.42370 1.30000
v -23.02140 -14.32630 0.00000
v -23.02140 -14.32630 1.30000
v -23.02140 -13.67370 0.00000
v -23.02140 -13.67370 1.30000
v -23.02140 13.67370 0.00000
v -23.02140 13.67370 1.30000
v -23.02140 14.32630 0.00000
v -23.02140 14.32630 1.30000
v -23.02140 26.42370 0.00000
v -23.02140 26.42370 1.30000
v -23.02140 27.07630 0.00000
v -23.02140 27.07630 1.30000
v -23.00550 -27.78320 5.00000
v -23.00550 -27.78320 7.00000
v -23.00550 -25.71680 5.00000
v -23.00550 -25.71680 7.00000
v -23.00550 -15.03320 6.50000
v -23.00550 -15.03320 7.00000
v -23.00550 -12.96680 6.50000
v -23.00550 -12.96680 7.00000
v -23.00550 12.96680 6.50000
v -23.00550 12.96680 7.00000
v -23.00550 15.03320 6.50000
v -23.00550 15.03320 7.00000
v -23.00550 25.71680 5.00000
v -23.00550 25.71680 7.00000
v -23.00550 27.78320 5.00000
v -23.00550 27.78320 7.00000
v -23.00000 -26.75000 0.00000
v -23.00000 -26.75000 1.30000
v -23.00000 -14.00000 0.00000
v -23.00000 -14.00000 1.30000
v -23.00000 14.00000 0.00000
v -23.00000 14.00000 1.30000
v -23.00000 26.75000 0.00000
v -23.00000 26.75000 1.30000
v -22.98860 -14.67290 5.00000
v -22.98860 -14.67290 6.50000
v -22.98860 -13.32710 5.00000
v -22.98860 -13.32710 6.50000
v -22.98860 13.32710 5.00000
v -22.98860 13.32710 6.50000
v -22.98860 14.67290 5.00000
v -22.98860 14.67290 6.50000
v -22.92220 -14.33940 5.00000
v -22.92220 -14.33940 6.50000
v -22.92220 -13.66060 5.00000
v -22.92220 -13.66060 6.50000
v -22.92220 13.66060 5.00000
v -22.92220 13.66060 6.50000
v -22.92220 14.33940 5.00000
v -22.92220 14.33940 6.50000
v -22.90000 -14.00000 5.00000
v -22.90000 -14.00000 6.50000
v -22.90000 14.00000 5.00000
v -22.90000 14.00000 6.50000
v -22.89200 -27.44880 5.00000
v -22.89200 -27.44880 7.00000
v -22.89200 -26.05120 5.00000
v -22.89200 -26.05120 7.00000
v -22.89200 -14.69880 6.50000
v -22.89200 -14.69880 7.00000
v -22.89200 -13.30120 6.50000
v -22.89200 -13.30120 7.00000
v -22.89200 13.30120 6.50000
v -22.89200 13.30120 7.00000
v -22.89200 14.69880 6.50000
v -22.89200 14.69880 7.00000
v -22.89200 26.05120 5.00000
v -22.89200 26.05120 7.00000
v -22.89200 27.44880 5.00000
v -22.89200 27.44880 7.00000
v -22.88370 -29.36630 4.50000
v -22.88370 -29.36630 7.00000
v -22.88370 -24.13370 6.50000
v -22.88370 -24.13370 7.00000
v -22.88370 -16.61630 6.50000
v -22.88370 -16.61630 7.00000
v -22.88370 -11.38370 6.50000
v -22.88370 -11.38370 7.00000
v -22.88370 11.38370 6.50000
v -22.88370 11.38370 7.00000
v -22.88370 16.61630 6.50000
v -22.88370 16.61630 7.00000
v -22.88370 24.13370 6.50000
v -22.88370 24.13370 7.00000
v -22.88370 29.36630 4.50000
v -22.88370 29.36630 7.00000
v -22.82310 -27.10240 5.00000
v -22.82310 -27.10240 7.00000
v -22.82310 -26.39760 5.00000
v -22.82310 -26.39760 7.00000
v -22.82310 -14.35240 6.50000
v -22.82310 -14.35240 7.00000
v -22.82310 -13.64760 6.50000
v -22.82310 -13.64760 7.00000
v -22.82310 13.64760 6.50000
v -22.82310 13.64760 7.00000
v -22.82310 14.35240 6.50000
v -22.82310 14.35240 7.00000
v -22.82310 26.39760 5.00000
v -22.82310 26.39760 7.00000
v -22.82310 27.10240 5.00000
v -22.82310 27.10240 7.00000
v -22.80000 -26.75000 5.00000
v -22.80000 -26.75000 7.00000
v -22.80000 -14.00000 6.50000
v -22.80000 -14.00000 7.00000
v -22.80000 14.00000 6.50000
v -22.80000 14.00000 7.00000
v -22.80000 26.75000 5.00000
v -22.80000 26.75000 7.00000
v -22.56460 -29.00240 4.50000
v -22.56460 -29.00240 7.00000
v -22.56460 -24.49760 6.50000
v -22.56460 -24.49760 7.00000
v -22.56460 -16.25240 6.50000
v -22.56460 -16.25240 7.00000
v -22.56460 -11.74760 6.50000
v -22.56460 -11.74760 7.00000
v -22.56460 11.74760 6.50000
v -22.56460 11.74760 7.00000
v -22.56460 16.25240 6.50000
v -22.56460 16.25240 7.00000
v -22.56460 24.49760 6.50000
v -22.56460 24.49760 7.00000
v -22.56460 29.00240 4.50000
v -22.56460 29.00240 7.00000
v -22.50000 -31.97120 0.00000
v -22.50000 -31.97120 4.50000
v -22.50000 -8.80385 4.50000
v -22.50000 -8.80385 6.50000
v -22.50000 -8.77885 0.00000
v -22.50000 -8.77885 4.50000
v -22.50000 8.77885 0.00000
v -22.50000 8.77885 4.50000
v -22.50000 8.80385 4.50000
v -22.50000 8.80385 6.50000
v -22.50000 31.97120 0.00000
v -22.50000 31.97120 4.50000
v -22.29570 -28.60000 4.50000
v -22.29570 -28.60000 7.00000
v -22.29570 -24.90000 6.50000
v -22.29570 -24.90000 7.00000
v -22.29570 -15.85000 6.50000
v -22.29570 -15.85000 7.00000
v -22.29570 -12.15000 6.50000
v -22.29570 -12.15000 7.00000
v -22.29570 12.15000 6.50000
v -22.29570 12.15000 7.00000
v -22.29570 15.85000 6.50000
v -22.29570 15.85000 7.00000
v -22.29570 24.90000 6.50000
v -22.29570 24.90000 7.00000
v -22.29570 28.60000 4.50000
v -22.29570 28.60000 7.00000
v -22.08160 -28.16590 4.50000
v -22.08160 -28.16590 7.00000
v -22.08160 -25.33410 6.50000
v -22.08160 -25.33410 7.00000
v -22.08160 -15.41590 6.50000
v -22.08160 -15.41590 7.00000
v -22.08160 -12.58410 6.50000
v -22.08160 -12.58410 7.00000
v -22.08160 12.58410 6.50000
v -22.08160 12.58410 7.00000
v -22.08160 15.41590 6.50000
v -22.08160 15.41590 7.00000
v -22.08160 25.33410 6.50000
v -22.08160 25.33410 7.00000
v -22.08160 28.16590 4.50000
v -22.08160 28.16590 7.00000
v -21.98010 -25.63330 4.50000
v -21.98010 -25.63330 6.50000
v -21.98010 25.63330 4.50000
v -21.98010 25.63330 6.50000
v -21.92610 -27.70760 4.50000
v -21.92610 -27.70760 7.00000
v -21.92610 -25.79240 4.50000
v -21.92610 -25.79240 7.00000
v -21.92610 -14.95760 6.50000
v -21.92610 -14.95760 7.00000
v -21.92610 -13.04240 6.50000
v -21.92610 -13.04240 7.00000
v -21.92610 13.04240 6.50000
v -21.92610 13.04240 7.00000
v -21.92610 14.95760 6.50000
v -21.92610 14.95760 7.00000
v -21.92610 25.79240 4.50000
v -21.92610 25.79240 7.00000
v -21.92610 27.70760 4.50000
v -21.92610 27.70760 7.00000
v -21.84740 -31.53510 0.00000
v -21.84740 -31.53510 4.50000
v -21.84740 -9.23988 4.50000
v -21.84740 -9.23988 6.50000
v -21.84740 -9.21488 0.00000
v -21.84740 -9.21488 4.50000
v -21.84740 9.21488 0.00000
v -21.84740 9.21488 4.50000
v -21.84740 9.23988 4.50000
v -21.84740 9.23988 6.50000
v -21.84740 31.53510 0.00000
v -21.84740 31.53510 4.50000
v -21.83170 -27.23290 4.50000
v -21.83170 -27.23290 7.00000
v -21.83170 -26.26710 4.50000
v -21.83170 -26.26710 7.00000
v -21.83170 -14.48290 6.50000
v -21.83170 -14.48290 7.00000
v -21.83170 -13.51710 6.50000
v -21.83170 -13.51710 7.00000
v -21.83170 13.51710 6.50000
v -21.83170 13.51710 7.00000
v -21.83170 14.48290 6.50000
v -21.83170 14.48290 7.00000
v -21.83170 26.26710 4.50000
v -21.83170 26.26710 7.00000
v -21.83170 27.23290 4.50000
v -21.83170 27.23290 7.00000
v -21.80000 -26.75000 4.50000
v -21.80000 -26.75000 7.00000
v -21.80000 -14.00000 6.50000
v -21.80000 -14.00000 7.00000
v -21.80000 14.00000 6.50000
v -21.80000 14.00000 7.00000
v -21.80000 26.75000 4.50000
v -21.80000 26.75000 7.00000
v -21.46950 -25.18550 4.50000
v -21.46950 -25.18550 6.50000
v -21.46950 25.18550 4.50000
v -21.46950 25.18550 6.50000
v -21.25740 -31.01760 0.00000
v -21.25740 -31.01760 4.50000
v -21.25740 -9.75736 4.50000
v -21.25740 -9.75736 6.50000
v -21.25740 -9.73236 0.00000
v -21.25740 -9.73236 4.50000
v -21.25740 9.73236 0.00000
v -21.25740 9.73236 4.50000
v -21.25740 9.75736 4.50000
v -21.25740 9.75736 6.50000
v -21.25740 31.01760 0.00000
v -21.25740 31.01760 4.50000
v -20.97790 -24.62490 4.50000
v -20.97790 -24.62490 6.50000
v -20.97790 24.62490 4.50000
v -20.97790 24.62490 6.50000
v -20.73990 -30.42760 0.00000
v -20.73990 -30.42760 4.50000
v -20.73990 -10.34740 4.50000
v -20.73990 -10.34740 6.50000
v -20.73990 -10.32240 0.00000
v -20.73990 -10.32240 4.50000
v -20.73990 10.32240 0.00000
v -20.73990 10.32240 4.50000
v -20.73990 10.34740 4.50000
v -20.73990 10.34740 6.50000
v -20.73990 30.42760 0.00000
v -20.73990 30.42760 4.50000
v -20.56370 -24.00500 4.50000
v -20.56370 -24.00500 6.50000
v -20.56370 24.00500 4.50000
v -20.56370 24.00500 6.50000
v -20.30380 -29.77500 0.00000
v -20.30380 -29.77500 4.50000
v -20.30380 -11.00000 4.50000
v -20.30380 -11.00000 6.50000
v -20.30380 -10.97500 0.00000
v -20.30380 -10.97500 4.50000
v -20.30380 10.97500 0.00000
v -20.30380 10.97500 4.50000
v -20.30380 11.00000 4.50000
v -20.30380 11.00000 6.50000
v -20.30380 29.77500 0.00000
v -20.30380 29.77500 4.50000
v -20.23390 -23.33630 4.50000
v -20.23390 -23.33630 6.50000
v -20.23390 23.33630 4.50000
v -20.23390 23.33630 6.50000
v -19.99420 -22.63030 4.50000
v -19.99420 -22.63030 6.50000
v -19.99420 22.63030 4.50000
v -19.99420 22.63030 6.50000
v -19.95670 -29.07110 0.00000
v -19.95670 -29.07110 4.50000
v -19.95670 -11.70390 4.50000
v -19.95670 -11.70390 6.50000
v -19.95670 -11.67890 0.00000
v -19.95670 -11.67890 4.50000
v -19.95670 11.67890 0.00000
v -19.95670 11.67890 4.50000
v -19.95670 11.70390 4.50000
v -19.95670 11.70390 6.50000
v -19.95670 29.07110 0.00000
v -19.95670 29.07110 4.50000
v -19.84880 -21.89900 4.50000
v -19.84880 -21.89900 6.50000
v -19.84880 21.89900 4.50000
v -19.84880 21.89900 6.50000
v -19.80000 -21.15500 4.50000
v -19.80000 -21.15500 6.50000
v -19.80000 -15.83440 4.50000
v -19.80000 -15.83440 6.50000
v -19.80000 15.83440 4.50000
v -19.80000 15.83440 6.50000
v -19.80000 21.15500 4.50000
v -19.80000 21.15500 6.50000
v -19.70440 -28.32790 0.00000
v -19.70440 -28.32790 4.50000
v -19.70440 -15.55290 4.50000
v -19.70440 -15.55290 6.50000
v -19.70440 -12.44710 4.50000
v -19.70440 -12.44710 6.50000
v -19.70440 -12.42210 0.00000
v -19.70440 -12.42210 4.50000
v -19.70440 12.42210 0.00000
v -19.70440 12.42210 4.50000
v -19.70440 12.44710 4.50000
v -19.70440 12.44710 6.50000
v -19.70440 15.55290 4.50000
v -19.70440 15.55290 6.50000
v -19.70440 28.32790 0.00000
v -19.70440 28.32790 4.50000
v -19.55130 -27.55820 0.00000
v -19.55130 -27.55820 4.50000
v -19.55130 -14.78320 4.50000
v -19.55130 -14.78320 6.50000
v -19.55130 -13.21680 4.50000
v -19.55130 -13.21680 6.50000
v -19.55130 -13.19180 0.00000
v -19.55130 -13.19180 4.50000
v -19.55130 13.19180 0.00000
v -19.55130 13.19180 4.50000
v -19.55130 13.21680 4.50000
v -19.55130 13.21680 6.50000
v -19.55130 14.78320 4.50000
v -19.55130 14.78320 6.50000
v -19.55130 27.55820 0.00000
v -19.55130 27.55820 4.50000
v -19.50000 -26.77500 0.00000
v -19.50000 -26.77500 4.50000
v -19.50000 -14.00000 4.50000
v -19.50000 -14.00000 6.50000
v -19.50000 -13.97500 0.00000
v -19.50000 -13.97500 4.50000
v -19.50000 13.97500 0.00000
v -19.50000 13.97500 4.50000
v -19.50000 14.00000 4.50000
v -19.50000 14.00000 6.50000
v -19.50000 26.77500 0.00000
v -19.50000 26.77500 4.50000
v 19.50000 -26.77500 0.00000
v 19.50000 -26.77500 4.50000
v 19.50000 -14.00000 4.50000
v 19.50000 -14.00000 6.50000
v 19.50000 -13.97500 0.00000
v 19.50000 -13.97500 4.50000
v 19.50000 13.97500 0.00000
v 19.50000 13.97500 4.50000
v 19.50000 14.00000 4.50000
v 19.50000 14.00000 6.50000
v 19.50000 26.77500 0.00000
v 19.50000 26.77500 4.50000
v 19.55130 -27.55820 0.00000
v 19.55130 -27.55820 4.50000
v 19.55130 -14.78320 4.50000
v 19.55130 -14.78320 6.50000
v 19.55130 -13.21680 4.50000
v 19.55130 -13.21680 6.50000
v 19.55130 -13.19180 0.00000
v 19.55130 -13.19180 4.50000
v 19.55130 13.19180 0.00000
v 19.55130 13.19180 4.50000
v 19.55130 13.21680 4.50000
v 19.55130 13.21680 6.50000
v 19.55130 14.78320 4.50000
v 19.55130 14.78320 6.50000
v 19.55130 27.55820 0.00000
v 19.55130 27.55820 4.50000
v 19.70440 -28.32790 0.00000
v 19.70440 -28.32790 4.50000
v 19.70440 -15.55290 4.50000
v 19.70440 -15.55290 6.50000
v 19.70440 -12.44710 4.50000
v 19.70440 -12.44710 6.50000
v 19.70440 -12.42210 0.00000
v 19.70440 -12.42210 4.50000
v 19.70440 12.42210 0.00000
v 19.70440 12.42210 4.50000
v 19.70440 12.44710 4.50000
v 19.70440 12.44710 6.50000
v 19.70440 15.55290 4.50000
v 19.70440 15.55290 6.50000
v 19.70440 28.32790 0.00000
v 19.70440 28.32790 4.50000
v 19.80000 -21.15500 4.50000
v 19.80000 -21.15500 6.50000
v 19.80000 -15.83440 4.50000
v 19.80000 -15.83440 6.50000
v 19.80000 15.83440 4.50000
v 19.80000 15.83440 6.50000
v 19.80000 21.15500 4.50000
v 19.80000 21.15500 6.50000
v 19.84880 -21.89900 4.50000
v 19.84880 -21.89900 6.50000
v 19.84880 21.89900 4.50000
v 19.84880 21.89900 6.50000
v 19.95670 -29.07110 0.00000
v 19.95670 -29.07110 4.50000
v 19.95670 -11.70390 4.50000
v 19.95670 -11.70390 6.50000
v 19.95670 -11.67890 0.00000
v 19.95670 -11.67890 4.50000
v 19.95670 11.67890 0.00000
v 19.95670 11.67890 4.50000
v 19.95670 11.70390 4.50000
v 19.95670 11.70390 6.50000
v 19.95670 29.07110 0.00000
v 19.95670 29.07110 4.50000
v 19.99420 -22.63030 4.50000
v 19.99420 -22.63030 6.50000
v 19.99420 22.63030 4.50000
v 19.99420 22.63030 6.50000
v 20.23390 -23.33630 4.50000
v 20.23390 -23.33630 6.50000
v 20.23390 23.33630 4.50000
v 20.23390 23.33630 6.50000
v 20.30380 -29.77500 0.00000
v 20.30380 -29.77500 4.50000
v 20.30380 -11.00000 4.50000
v 20.30380 -11.00000 6.50000
v 20.30380 -10.97500 0.00000
v 20.30380 -10.97500 4.50000
v 20.30380 10.97500 0.00000
v 20.30380 10.97500 4.50000
v 20.30380 11.00000 4.50000
v 20.30380 11.00000 6.50000
v 20.30380 29.77500 0.00000
v 20.30380 29.77500 4.50000
v 20.56370 -24.00500 4.50000
v 20.56370 -24.00500 6.50000
v 20.56370 24.00500 4.50000
v 20.56370 24.00500 6.50000
v 20.73990 -30.42760 0.00000
v 20.73990 -30.42760 4.50000
v 20.73990 -10.34740 4.50000
v 20.73990 -10.34740 6.50000
v 20.73990 -10.32240 0.00000
v 20.73990 -10.32240 4.50000
v 20.73990 10.32240 0.00000
v 20.73990 10.32240 4.50000
v 20.73990 10.34740 4.50000
v 20.73990 10.34740 6.50000
v 20.73990 30.42760 0.00000
v 20.73990 30.42760 4.50000
v 20.97790 -24.62490 4.50000
v 20.97790 -24.62490 6.50000
v 20.97790 24.62490 4.50000
v 20.97790 24.62490 6.50000
v 21.25740 -31.01760 0.00000
v 21.25740 -31.01760 4.50000
v 21.25740 -9.75736 4.50000
v 21.25740 -9.75736 6.50000
v 21.25740 -9.73236 0.00000
v 21.25740 -9.73236 4.50000
v 21.25740 9.73236 0.00000
v 21.25740 9.73236 4.50000
v 21.25740 9.75736 4.50000
v 21.25740 9.75736 6.50000
v 21.25740 31.01760 0.00000
v 21.25740 31.01760 4.50000
v 21.46950 -25.18550 4.50000
v 21.46950 -25.18550 6.50000
v 21.46950 25.18550 4.50000
v 21.46950 25.18550 6.50000
v 21.80000 -26.75000 4.50000
v 21.80000 -26.75000 7.00000
v 21.80000 -14.00000 6.50000
v 21.80000 -14.00000 7.00000
v 21.80000 14.00000 6.50000
v 21.80000 14.00000 7.00000
v 21.80000 26.75000 4.50000
v 21.80000 26.75000 7.00000
v 21.83170 -27.23290 4.50000
v 21.83170 -27.23290 7.00000
v 21.83170 -26.26710 4.50000
v 21.83170 -26.26710 7.00000
v 21.83170 -14.48290 6.50000
v 21.83170 -14.48290 7.00000
v 21.83170 -13.51710 6.50000
v 21.83170 -13.51710 7.00000
v 21.83170 13.51710 6.50000
v 21.83170 13.51710 7.00000
v 21.83170 14.48290 6.50000
v 21.83170 14.48290 7.00000
v 21.83170 26.26710 4.50000
v 21.83170 26.26710 7.00000
v 21.83170 27.23290 4.50000
v 21.83170 27.23290 7.00000
v 21.84740 -31.53510 0.00000
v 21.84740 -31.53510 4.50000
v 21.84740 -9.23988 4.50000
v 21.84740 -9.23988 6.50000
v 21.84740 -9.21488 0.00000
v 21.84740 -9.21488 4.50000
v 21.84740 9.21488 0.00000
v 21.84740 9.21488 4.50000
v 21.84740 9.23988 4.50000
v 21.84740 9.23988 6.50000
v 21.84740 31.53510 0.00000
v 21.84740 31.53510 4.50000
v 21.92610 -27.70760 4.50000
v 21.92610 -27.70760 7.00000
v 21.92610 -25.79240 4.50000
v 21.92610 -25.79240 7.00000
v 21.92610 -14.95760 6.50000
v 21.92610 -14.95760 7.00000
v 21.92610 -13.04240 6.50000
v 21.92610 -13.04240 7.00000
v 21.92610 13.04240 6.50000
v 21.92610 13.04240 7.00000
v 21.92610 14.95760 6.50000
v 21.92610 14.95760 7.00000
v 21.92610 25.79240 4.50000
v 21.92610 25.79240 7.00000
v 21.92610 27.70760 4.50000
v 21.92610 27.70760 7.00000
v 21.98010 -25.63330 4.50000
v 21.98010 -25.63330 6.50000
v 21.98010 25.63330 4.50000
v 21.98010 25.63330 6.50000
v 22.08160 -28.16590 4.50000
v 22.08160 -28.16590 7.00000
v 22.08160 -25.33410 6.50000
v 22.08160 -25.33410 7.00000
v 22.08160 -15.41590 6.50000
v 22.08160 -15.41590 7.00000
v 22.08160 -12.58410 6.50000
v 22.08160 -12.58410 7.00000
v 22.08160 12.58410 6.50000
v 22.08160 12.58410 7.00000
v 22.08160 15.41590 6.50000
v 22.08160 15.41590 7.00000
v 22.08160 25.33410 6.50000
v 22.08160 25.33410 7.00000
v 22.08160 28.16590 4.50000
v 22.08160 28.16590 7.00000
v 22.29570 -28.60000 4.50000
v 22.29570 -28.60000 7.00000
v 22.29570 -24.90000 6.50000
v 22.29570 -24.90000 7.00000
v 22.29570 -15.85000 6.50000
v 22.29570 -15.85000 7.00000
v 22.29570 -12.15000 6.50000
v 22.29570 -12.15000 7.00000
v 22.29570 12.15000 6.50000
v 22.29570 12.15000 7.00000
v 22.29570 15.85000 6.50000
v 22.29570 15.85000 7.00000
v 22.29570 24.90000 6.50000
v 22.29570 24.90000 7.00000
v 22.29570 28.60000 4.50000
v 22.29570 28.60000 7.00000
v 22.50000 -31.97120 0.00000
v 22.50000 -31.97120 4.50000
v 22.50000 -8.80385 4.50000
v 22.50000 -8.80385 6.50000
v 22.50000 -8.77885 0.00000
v 22.50000 -8.77885 4.50000
v 22.50000 8.77885 0.00000
v 22.50000 8.77885 4.50000
v 22.50000 8.80385 4.50000
v 22.50000 8.80385 6.50000
v 22.50000 31.97120 0.00000
v 22.50000 31.97120 4.50000
v 22.56460 -29.00240 4.50000
v 22.56460 -29.00240 7.00000
v 22.56460 -24.49760 6.50000
v 22.56460 -24.49760 7.00000
v 22.56460 -16.25240 6.50000
v 22.56460 -16.25240 7.00000
v 22.56460 -11.74760 6.50000
v 22.56460 -11.74760 7.00000
v 22.56460 11.74760 6.50000
v 22.56460 11.74760 7.00000
v 22.56460 16.25240 6.50000
v 22.56460 16.25240 7.00000
v 22.56460 24.49760 6.50000
v 22.56460 24.49760 7.00000
v 22.56460 29.00240 4.50000
v 22.56460 29.00240 7.00000
v 22.80000 -26.75000 5.00000
v 22.80000 -26.75000 7.00000
v 22.80000 -14.00000 6.50000
v 22.80000 -14.00000 7.00000
v 22.80000 14.00000 6.50000
v 22.80000 14.00000 7.00000
v 22.80000 26.75000 5.00000
v 22.80000 26.75000 7.00000
v 22.82310 -27.10240 5.00000
v 22.82310 -27.10240 7.00000
v 22.82310 -26.39760 5.00000
v 22.82310 -26.39760 7.00000
v 22.82310 -14.35240 6.50000
v 22.82310 -14.35240 7.00000
v 22.82310 -13.64760 6.50000
v 22.82310 -13.64760 7.00000
v 22.82310 13.64760 6.50000
v 22.82310 13.64760 7.00000
v 22.82310 14.35240 6.50000
v 22.82310 14.35240 7.00000
v 22.82310 26.39760 5.00000
v 22.82310 26.39760 7.00000
v 22.82310 27.10240 5.00000
v 22.82310 27.10240 7.00000
v 22.88370 -29.36630 4.50000
v 22.88370 -29.36630 7.00000
v 22.88370 -24.13370 6.50000
v 22.88370 -24.13370 7.00000
v 22.88370 -16.61630 6.50000
v 22.88370 -16.61630 7.00000
v 22.88370 -11.38370 6.50000
v 22.88370 -11.38370 7.00000
v 22.88370 11.38370 6.50000
v 22.88370 11.38370 7.00000
v 22.88370 16.61630 6.50000
v 22.88370 16.61630 7.00000
v 22.88370 24.13370 6.50000
v 22.88370 24.13370 7.00000
v 22.88370 29.36630 4.50000
v 22.88370 29.36630 7.00000
v 22.89200 -27.44880 5.00000
v 22.89200 -27.44880 7.00000
v 22.89200 -26.05120 5.00000
v 22.89200 -26.05120 7.00000
v 22.89200 -14.69880 6.50000
v 22.89200 -14.69880 7.00000
v 22.89200 -13.30120 6.50000
v 22.89200 -13.30120 7.00000
v 22.89200 13.30120 6.50000
v 22.89200 13.30120 7.00000
v 22.89200 14.69880 6.50000
v 22.89200 14.69880 7.00000
v 22.89200 26.05120 5.00000
v 22.89200 26.05120 7.00000
v 22.89200 27.44880 5.00000
v 22.89200 27.44880 7.00000
v 22.90000 -14.00000 5.00000
v 22.90000 -14.00000 6.50000
v 22.90000 14.00000 5.00000
v 22.90000 14.00000 6.50000
v 22.92220 -14.33940 5.00000
v 22.92220 -14.33940 6.50000
v 22.92220 -13.66060 5.00000
v 22.92220 -13.66060 6.50000
v 22.92220 13.66060 5.00000
v 22.92220 13.66060 6.50000
v 22.92220 14.33940 5.00000
v 22.92220 14.33940 6.50000
v 22.98860 -14.67290 5.00000
v 22.98860 -14.67290 6.50000
v 22.98860 -13.32710 5.00000
v 22.98860 -13.32710 6.50000
v 22.98860 13.32710 5.00000
v 22.98860 13.32710 6.50000
v 22.98860 14.67290 5.00000
v 22.98860 14.67290 6.50000
v 23.00000 -26.75000 0.00000
v 23.00000 -26.75000 1.30000
v 23.00000 -14.00000 0.00000
v 23.00000 -14.00000 1.30000
v 23.00000 14.00000 0.00000
v 23.00000 14.00000 1.30000
v 23.00000 26.75000 0.00000
v 23.00000 26.75000 1.30000
v 23.00550 -27.78320 5.00000
v 23.00550 -27.78320 7.00000
v 23.00550 -25.71680 5.00000
v 23.00550 -25.71680 7.00000
v 23.00550 -15.03320 6.50000
v 23.00550 -15.03320 7.00000
v 23.00550 -12.96680 6.50000
v 23.00550 -12.96680 7.00000
v 23.00550 12.96680 6.50000
v 23.00550 12.96680 7.00000
v 23.00550 15.03320 6.50000
v 23.00550 15.03320 7.00000
v 23.00550 25.71680 5.00000
v 23.00550 25.71680 7.00000
v 23.00550 27.78320 5.00000
v 23.00550 27.78320 7.00000
v 23.02140 -27.07630 0.00000
v 23.02140 -27.07630 1.30000
v 23.02140 -26.42370 0.00000
v 23.02140 -26.42370 1.30000
v 23.02140 -14.32630 0.00000
v 23.02140 -14.32630 1.30000
v 23.02140 -13.67370 0.00000
v 23.02140 -13.67370 1.30000
v 23.02140 13.67370 0.00000
v 23.02140 13.67370 1.30000
v 23.02140 14.32630 0.00000
v 23.02140 14.32630 1.30000
v 23.02140 26.42370 0.00000
v 23.02140 26.42370 1.30000
v 23.02140 27.07630 0.00000
v 23.02140 27.07630 1.30000
v 23.08520 -27.39700 0.00000
v 23.08520 -27.39700 1.30000
v 23.08520 -26.10300 0.00000
v 23.08520 -26.10300 1.30000
v 23.08520 -14.64700 0.00000
v 23.08520 -14.64700 1.30000
v 23.08520 -13.35300 0.00000
v 23.08520 -13.35300 1.30000
v 23.08520 13.35300 0.00000
v 23.08520 13.35300 1.30000
v 23.08520 14.64700 0.00000
v 23.08520 14.64700 1.30000
v 23.08520 26.10300 0.00000
v 23.08520 26.10300 1.30000
v 23.08520 27.39700 0.00000
v 23.08520 27.39700 1.30000
v 23.09790 -14.99500 5.00000
v 23.09790 -14.99500 6.50000
v 23.09790 -13.00500 5.00000
v 23.09790 -13.00500 6.50000
v 23.09790 13.00500 5.00000
v 23.09790 13.00500 6.50000
v 23.09790 14.99500 5.00000
v 23.09790 14.99500 6.50000
v 23.16170 -28.10000 5.00000
v 23.16170 -28.10000 7.00000
v 23.16170 -25.40000 5.00000
v 23.16170 -25.40000 7.00000
v 23.16170 -15.35000 6.50000
v 23.16170 -15.35000 7.00000
v 23.16170 -12.65000 6.50000
v 23.16170 -12.65000 7.00000
v 23.16170 12.65000 6.50000
v 23.16170 12.65000 7.00000
v 23.16170 15.35000 6.50000
v 23.16170 15.35000 7.00000
v 23.16170 25.40000 5.00000
v 23.16170 25.40000 7.00000
v 23.16170 28.10000 5.00000
v 23.16170 28.10000 7.00000
v 23.19030 -27.70670 0.00000
v 23.19030 -27.70670 1.30000
v 23.19030 -25.79330 0.00000
v 23.19030 -25.79330 1.30000
v 23.19030 -14.95670 0.00000
v 23.19030 -14.95670 1.30000
v 23.19030 -13.04330 0.00000
v 23.19030 -13.04330 1.30000
v 23.19030 13.04330 0.00000
v 23.19030 13.04330 1.30000
v 23.19030 14.95670 0.00000
v 23.19030 14.95670 1.30000
v 23.19030 25.79330 0.00000
v 23.19030 25.79330 1.30000
v 23.19030 27.70670 0.00000
v 23.19030 27.70670 1.30000
v 23.20390 -32.31830 0.00000
v 23.20390 -32.31830 4.50000
v 23.20390 -8.45672 4.50000
v 23.20390 -8.45672 6.50000
v 23.20390 -8.43172 0.00000
v 23.20390 -8.43172 4.50000
v 23.20390 8.43172 0.00000
v 23.20390 8.43172 4.50000
v 23.20390 8.45672 4.50000
v 23.20390 8.45672 6.50000
v 23.20390 32.31830 0.00000
v 23.20390 32.31830 4.50000
v 23.24760 -29.68540 4.50000
v 23.24760 -29.68540 7.00000
v 23.24760 -23.81460 6.50000
v 23.24760 -23.81460 7.00000
v 23.24760 -16.93540 6.50000
v 23.24760 -16.93540 7.00000
v 23.24760 -11.06460 6.50000
v 23.24760 -11.06460 7.00000
v 23.24760 11.06460 6.50000
v 23.24760 11.06460 7.00000
v 23.24760 16.93540 6.50000
v 23.24760 16.93540 7.00000
v 23.24760 23.81460 6.50000
v 23.24760 23.81460 7.00000
v 23.24760 29.68540 4.50000
v 23.24760 29.68540 7.00000
v 23.24830 -15.30000 5.00000
v 23.24830 -15.30000 6.50000
v 23.24830 -12.70000 5.00000
v 23.24830 -12.70000 6.50000
v 23.24830 12.70000 5.00000
v 23.24830 12.70000 6.50000
v 23.24830 15.30000 5.00000
v 23.24830 15.30000 6.50000
v 23.33490 -28.00000 0.00000
v 23.33490 -28.00000 1.30000
v 23.33490 -25.50000 0.00000
v 23.33490 -25.50000 1.30000
v 23.33490 -15.25000 0.00000
v 23.33490 -15.25000 1.30000
v 23.33490 -12.75000 0.00000
v 23.33490 -12.75000 1.30000
v 23.33490 12.75000 0.00000
v 23.33490 12.75000 1.30000
v 23.33490 15.25000 0.00000
v 23.33490 15.25000 1.30000
v 23.33490 25.50000 0.00000
v 23.33490 25.50000 1.30000
v 23.33490 28.00000 0.00000
v 23.33490 28.00000 1.30000
v 23.35790 -28.39370 5.00000
v 23.35790 -28.39370 7.00000
v 23.35790 -25.10630 5.00000
v 23.35790 -25.10630 7.00000
v 23.35790 -15.64370 6.50000
v 23.35790 -15.64370 7.00000
v 23.35790 -12.35630 6.50000
v 23.35790 -12.35630 7.00000
v 23.35790 12.35630 6.50000
v 23.35790 12.35630 7.00000
v 23.35790 15.64370 6.50000
v 23.35790 15.64370 7.00000
v 23.35790 25.10630 5.00000
v 23.35790 25.10630 7.00000
v 23.35790 28.39370 5.00000
v 23.35790 28.39370 7.00000
v 23.43730 -15.58280 5.00000
v 23.43730 -15.58280 6.50000
v 23.43730 -12.41720 5.00000
v 23.43730 -12.41720 6.50000
v 23.43730 12.41720 5.00000
v 23.43730 12.41720 6.50000
v 23.43730 15.58280 5.00000
v 23.43730 15.58280 6.50000
v 23.51660 -28.27190 0.00000
v 23.51660 -28.27190 1.30000
v 23.51660 -25.22810 0.00000
v 23.51660 -25.22810 1.30000
v 23.51660 -15.52190 0.00000
v 23.51660 -15.52190 1.30000
v 23.51660 -12.47810 0.00000
v 23.51660 -12.47810 1.30000
v 23.51660 12.47810 0.00000
v 23.51660 12.47810 1.30000
v 23.51660 15.52190 0.00000
v 23.51660 15.52190 1.30000
v 23.51660 25.22810 0.00000
v 23.51660 25.22810 1.30000
v 23.51660 28.27190 0.00000
v 23.51660 28.27190 1.30000
v 23.59080 -28.65920 5.00000
v 23.59080 -28.65920 7.00000
v 23.59080 -24.84080 5.00000
v 23.59080 -24.84080 7.00000
v 23.59080 -15.90920 6.50000
v 23.59080 -15.90920 7.00000
v 23.59080 -12.09080 6.50000
v 23.59080 -12.09080 7.00000
v 23.59080 12.09080 6.50000
v 23.59080 12.09080 7.00000
v 23.59080 15.90920 6.50000
v 23.59080 15.90920 7.00000
v 23.59080 24.84080 5.00000
v 23.59080 24.84080 7.00000
v 23.59080 28.65920 5.00000
v 23.59080 28.65920 7.00000
v 23.65000 -29.95430 4.50000
v 23.65000 -29.95430 7.00000
v 23.65000 -23.54570 6.50000
v 23.65000 -23.54570 7.00000
v 23.65000 -17.20430 6.50000
v 23.65000 -17.20430 7.00000
v 23.65000 -10.79570 6.50000
v 23.65000 -10.79570 7.00000
v 23.65000 10.79570 6.50000
v 23.65000 10.79570 7.00000
v 23.65000 17.20430 6.50000
v 23.65000 17.20430 7.00000
v 23.65000 23.54570 6.50000
v 23.65000 23.54570 7.00000
v 23.65000 29.95430 4.50000
v 23.65000 29.95430 7.00000
v 23.66150 -15.83850 5.00000
v 23.66150 -15.83850 6.50000
v 23.66150 -12.16150 5.00000
v 23.66150 -12.16150 6.50000
v 23.66150 12.16150 5.00000
v 23.66150 12.16150 6.50000
v 23.66150 15.83850 5.00000
v 23.66150 15.83850 6.50000
v 23.73220 -28.51780 0.00000
v 23.73220 -28.51780 1.30000
v 23.73220 -24.98220 0.00000
v 23.73220 -24.98220 1.30000
v 23.73220 -15.76780 0.00000
v 23.73220 -15.76780 1.30000
v 23.73220 -12.23220 0.00000
v 23.73220 -12.23220 1.30000
v 23.73220 12.23220 0.00000
v 23.73220 12.23220 1.30000
v 23.73220 15.76780 0.00000
v 23.73220 15.76780 1.30000
v 23.73220 24.98220 0.00000
v 23.73220 24.98220 1.30000
v 23.73220 28.51780 0.00000
v 23.73220 28.51780 1.30000
v 23.85630 -28.89210 5.00000
v 23.85630 -28.89210 7.00000
v 23.85630 -24.60790 5.00000
v 23.85630 -24.60790 7.00000
v 23.85630 -16.14210 6.50000
v 23.85630 -16.14210 7.00000
v 23.85630 -11.85790 6.50000
v 23.85630 -11.85790 7.00000
v 23.85630 11.85790 6.50000
v 23.85630 11.85790 7.00000
v 23.85630 16.14210 6.50000
v 23.85630 16.14210 7.00000
v 23.85630 24.60790 5.00000
v 23.85630 24.60790 7.00000
v 23.85630 28.89210 5.00000
v 23.85630 28.89210 7.00000
v 23.90000 -26.75000 1.30000
v 23.90000 -26.75000 5.00000
v 23.90000 -14.00000 1.30000
v 23.90000 -14.00000 1.40000
v 23.90000 -14.00000 4.30000
v 23.90000 -14.00000 5.00000
v 23.90000 14.00000 1.30000
v 23.90000 14.00000 1.40000
v 23.90000 14.00000 4.30000
v 23.90000 14.00000 5.00000
v 23.90000 26.75000 1.30000
v 23.90000 26.75000 5.00000
v 23.91370 -26.95880 1.30000
v 23.91370 -26.95880 5.00000
v 23.91370 -26.54120 1.30000
v 23.91370 -26.54120 5.00000
v 23.91370 -14.20880 1.30000
v 23.91370 -14.20880 1.40000
v 23.91370 -14.20880 4.30000
v 23.91370 -14.20880 5.00000
v 23.91370 -13.79120 1.30000
v 23.91370 -13.79120 1.40000
v 23.91370 -13.79120 4.30000
v 23.91370 -13.79120 5.00000
v 23.91370 13.79120 1.30000
v 23.91370 13.79120 1.40000
v 23.91370 13.79120 4.30000
v 23.91370 13.79120 5.00000
v 23.91370 14.20880 1.30000
v 23.91370 14.20880 1.40000
v 23.91370 14.20880 4.30000
v 23.91370 14.20880 5.00000
v 23.91370 26.54120 1.30000
v 23.91370 26.54120 5.00000
v 23.91370 26.95880 1.30000
v 23.91370 26.95880 5.00000
v 23.91720 -16.06270 5.00000
v 23.91720 -16.06270 6.50000
v 23.91720 -11.93730 5.00000
v 23.91720 -11.93730 6.50000
v 23.91720 11.93730 5.00000
v 23.91720 11.93730 6.50000
v 23.91720 16.06270 5.00000
v 23.91720 16.06270 6.50000
v 23.94710 -32.57060 0.00000
v 23.94710 -32.57060 4.50000
v 23.94710 -8.20445 4.50000
v 23.94710 -8.20445 6.50000
v 23.94710 -8.17945 0.00000
v 23.94710 -8.17945 4.50000
v 23.94710 8.17945 0.00000
v 23.94710 8.17945 4.50000
v 23.94710 8.20445 4.50000
v 23.94710 8.20445 6.50000
v 23.94710 32.57060 0.00000
v 23.94710 32.57060 4.50000
v 23.95450 -27.16410 1.30000
v 23.95450 -27.16410 5.00000
v 23.95450 -26.33590 1.30000
v 23.95450 -26.33590 5.00000
v 23.95450 -14.41410 1.30000
v 23.95450 -14.41410 1.40000
v 23.95450 -14.41410 4.30000
v 23.95450 -14.41410 5.00000
v 23.95450 -13.58590 1.30000
v 23.95450 -13.58590 1.40000
v 23.95450 -13.58590 4.30000
v 23.95450 -13.58590 5.00000
v 23.95450 13.58590 1.30000
v 23.95450 13.58590 1.40000
v 23.95450 13.58590 4.30000
v 23.95450 13.58590 5.00000
v 23.95450 14.41410 1.30000
v 23.95450 14.41410 1.40000
v 23.95450 14.41410 4.30000
v 23.95450 14.41410 5.00000
v 23.95450 26.33590 1.30000
v 23.95450 26.33590 5.00000
v 23.95450 27.16410 1.30000
v 23.95450 27.16410 5.00000
v 23.97810 -28.73340 0.00000
v 23.97810 -28.73340 1.30000
v 23.97810 -24.76660 0.00000
v 23.97810 -24.76660 1.30000
v 23.97810 -15.98340 0.00000
v 23.97810 -15.98340 1.30000
v 23.97810 -12.01660 0.00000
v 23.97810 -12.01660 1.30000
v 23.97810 12.01660 0.00000
v 23.97810 12.01660 1.30000
v 23.97810 15.98340 0.00000
v 23.97810 15.98340 1.30000
v 23.97810 24.76660 0.00000
v 23.97810 24.76660 1.30000
v 23.97810 28.73340 0.00000
v 23.97810 28.73340 1.30000
v 24.02180 -27.36230 1.30000
v 24.02180 -27.36230 5.00000
v 24.02180 -26.13770 1.30000
v 24.02180 -26.13770 5.00000
v 24.02180 -14.61230 1.30000
v 24.02180 -14.61230 1.40000
v 24.02180 -14.61230 4.30000
v 24.02180 -14.61230 5.00000
v 24.02180 -13.38770 1.30000
v 24.02180 -13.38770 1.40000
v 24.02180 -13.38770 4.30000
v 24.02180 -13.38770 5.00000
v 24.02180 13.38770 1.30000
v 24.02180 13.38770 1.40000
v 24.02180 13.38770 4.30000
v 24.02180 13.38770 5.00000
v 24.02180 14.61230 1.30000
v 24.02180 14.61230 1.40000
v 24.02180 14.61230 4.30000
v 24.02180 14.61230 5.00000
v 24.02180 26.13770 1.30000
v 24.02180 26.13770 5.00000
v 24.02180 27.36230 1.30000
v 24.02180 27.36230 5.00000
v 24.08410 -30.16840 4.50000
v 24.08410 -30.16840 7.00000
v 24.08410 -23.33160 6.50000
v 24.08410 -23.33160 7.00000
v 24.08410 -17.41840 6.50000
v 24.08410 -17.41840 7.00000
v 24.08410 -10.58160 6.50000
v 24.08410 -10.58160 7.00000
v 24.08410 10.58160 6.50000
v 24.08410 10.58160 7.00000
v 24.08410 17.41840 6.50000
v 24.08410 17.41840 7.00000
v 24.08410 23.33160 6.50000
v 24.08410 23.33160 7.00000
v 24.08410 30.16840 4.50000
v 24.08410 30.16840 7.00000
v 24.11440 -27.55000 1.30000
v 24.11440 -27.55000 5.00000
v 24.11440 -25.95000 1.30000
v 24.11440 -25.95000 5.00000
v 24.11440 -14.80000 1.30000
v 24.11440 -14.80000 1.40000
v 24.11440 -14.80000 4.30000
v 24.11440 -14.80000 5.00000
v 24.11440 -13.20000 1.30000
v 24.11440 -13.20000 1.40000
v 24.11440 -13.20000 4.30000
v 24.11440 -13.20000 5.00000
v 24.11440 13.20000 1.30000
v 24.11440 13.20000 1.40000
v 24.11440 13.20000 4.30000
v 24.11440 13.20000 5.00000
v 24.11440 14.80000 1.30000
v 24.11440 14.80000 1.40000
v 24.11440 14.80000 4.30000
v 24.11440 14.80000 5.00000
v 24.11440 25.95000 1.30000
v 24.11440 25.95000 5.00000
v 24.11440 27.55000 1.30000
v 24.11440 27.55000 5.00000
v 24.15000 -29.08830 5.00000
v 24.15000 -29.08830 7.00000
v 24.15000 -24.41170 5.00000
v 24.15000 -24.41170 7.00000
v 24.15000 -16.33830 6.50000
v 24.15000 -16.33830 7.00000
v 24.15000 -11.66170 6.50000
v 24.15000 -11.66170 7.00000
v 24.15000 11.66170 6.50000
v 24.15000 11.66170 7.00000
v 24.15000 16.33830 6.50000
v 24.15000 16.33830 7.00000
v 24.15000 24.41170 5.00000
v 24.15000 24.41170 7.00000
v 24.15000 29.08830 5.00000
v 24.15000 29.08830 7.00000
v 24.20000 -16.25170 5.00000
v 24.20000 -16.25170 6.50000
v 24.20000 -11.74830 5.00000
v 24.20000 -11.74830 6.50000
v 24.20000 11.74830 5.00000
v 24.20000 11.74830 6.50000
v 24.20000 16.25170 5.00000
v 24.20000 16.25170 6.50000
v 24.23060 -27.72400 1.30000
v 24.23060 -27.72400 5.00000
v 24.23060 -25.77600 1.30000
v 24.23060 -25.77600 5.00000
v 24.23060 -14.97400 1.30000
v 24.23060 -14.97400 1.40000
v 24.23060 -14.97400 4.30000
v 24.23060 -14.97400 5.00000
v 24.23060 -13.02600 1.30000
v 24.23060 -13.02600 1.40000
v 24.23060 -13.02600 4.30000
v 24.23060 -13.02600 5.00000
v 24.23060 13.02600 1.30000
v 24.23060 13.02600 1.40000
v 24.23060 13.02600 4.30000
v 24.23060 13.02600 5.00000
v 24.23060 14.97400 1.30000
v 24.23060 14.97400 1.40000
v 24.23060 14.97400 4.30000
v 24.23060 14.97400 5.00000
v 24.23060 25.77600 1.30000
v 24.23060 25.77600 5.00000
v 24.23060 27.72400 1.30000
v 24.23060 27.72400 5.00000
v 24.25000 -28.91510 0.00000
v 24.25000 -28.91510 1.30000
v 24.25000 -24.58490 0.00000
v 24.25000 -24.58490 1.30000
v 24.25000 -16.16510 0.00000
v 24.25000 -16.16510 1.30000
v 24.25000 -11.83490 0.00000
v 24.25000 -11.83490 1.30000
v 24.25000 11.83490 0.00000
v 24.25000 11.83490 1.30000
v 24.25000 16.16510 0.00000
v 24.25000 16.16510 1.30000
v 24.25000 24.58490 0.00000
v 24.25000 24.58490 1.30000
v 24.25000 28.91510 0.00000
v 24.25000 28.91510 1.30000
v 24.30000 -14.00000 1.40000
v 24.30000 -14.00000 4.30000
v 24.30000 14.00000 1.40000
v 24.30000 14.00000 4.30000
v 24.31030 -14.15660 1.40000
v 24.31030 -14.15660 4.30000
v 24.31030 -13.84340 1.40000
v 24.31030 -13.84340 4.30000
v 24.31030 13.84340 1.40000
v 24.31030 13.84340 4.30000
v 24.31030 14.15660 1.40000
v 24.31030 14.15660 4.30000
v 24.34090 -14.31060 1.40000
v 24.34090 -14.31060 4.30000
v 24.34090 -13.68940 1.40000
v 24.34090 -13.68940 4.30000
v 24.34090 13.68940 1.40000
v 24.34090 13.68940 4.30000
v 24.34090 14.31060 1.40000
v 24.34090 14.31060 4.30000
v 24.36860 -27.88140 1.30000
v 24.36860 -27.88140 5.00000
v 24.36860 -25.61860 1.30000
v 24.36860 -25.61860 5.00000
v 24.36860 -15.13140 1.30000
v 24.36860 -15.13140 1.40000
v 24.36860 -15.13140 4.30000
v 24.36860 -15.13140 5.00000
v 24.36860 -12.86860 1.30000
v 24.36860 -12.86860 1.40000
v 24.36860 -12.86860 4.30000
v 24.36860 -12.86860 5.00000
v 24.36860 12.86860 1.30000
v 24.36860 12.86860 1.40000
v 24.36860 12.86860 4.30000
v 24.36860 12.86860 5.00000
v 24.36860 15.13140 1.30000
v 24.36860 15.13140 1.40000
v 24.36860 15.13140 4.30000
v 24.36860 15.13140 5.00000
v 24.36860 25.61860 1.30000
v 24.36860 25.61860 5.00000
v 24.36860 27.88140 1.30000
v 24.36860 27.88140 5.00000
v 24.39130 -14.45920 1.40000
v 24.39130 -14.45920 4.30000
v 24.39130 -13.54080 1.40000
v 24.39130 -13.54080 4.30000
v 24.39130 13.54080 1.40000
v 24.39130 13.54080 4.30000
v 24.39130 14.45920 1.40000
v 24.39130 14.45920 4.30000
v 24.46080 -14.60000 1.40000
v 24.46080 -14.60000 4.30000
v 24.46080 -13.40000 1.40000
v 24.46080 -13.40000 4.30000
v 24.46080 13.40000 1.40000
v 24.46080 13.40000 4.30000
v 24.46080 14.60000 1.40000
v 24.46080 14.60000 4.30000
v 24.46680 -29.24450 5.00000
v 24.46680 -29.24450 7.00000
v 24.46680 -24.25550 5.00000
v 24.46680 -24.25550 7.00000
v 24.46680 -16.49450 6.50000
v 24.46680 -16.49450 7.00000
v 24.46680 -11.50550 6.50000
v 24.46680 -11.50550 7.00000
v 24.46680 11.50550 6.50000
v 24.46680 11.50550 7.00000
v 24.46680 16.49450 6.50000
v 24.46680 16.49450 7.00000
v 24.46680 24.25550 5.00000
v 24.46680 24.25550 7.00000
v 24.46680 29.24450 5.00000
v 24.46680 29.24450 7.00000
v 24.50500 -16.40210 5.00000
v 24.50500 -16.40210 6.50000
v 24.50500 -11.59790 5.00000
v 24.50500 -11.59790 6.50000
v 24.50500 11.59790 5.00000
v 24.50500 11.59790 6.50000
v 24.50500 16.40210 5.00000
v 24.50500 16.40210 6.50000
v 24.52600 -28.01940 1.30000
v 24.52600 -28.01940 5.00000
v 24.52600 -25.48060 1.30000
v 24.52600 -25.48060 5.00000
v 24.52600 -15.26940 1.30000
v 24.52600 -15.26940 1.40000
v 24.52600 -15.26940 4.30000
v 24.52600 -15.26940 5.00000
v 24.52600 -12.73060 1.30000
v 24.52600 -12.73060 1.40000
v 24.52600 -12.73060 4.30000
v 24.52600 -12.73060 5.00000
v 24.52600 12.73060 1.30000
v 24.52600 12.73060 1.40000
v 24.52600 12.73060 4.30000
v 24.52600 12.73060 5.00000
v 24.52600 15.26940 1.30000
v 24.52600 15.26940 1.40000
v 24.52600 15.26940 4.30000
v 24.52600 15.26940 5.00000
v 24.52600 25.48060 1.30000
v 24.52600 25.48060 5.00000
v 24.52600 28.01940 1.30000
v 24.52600 28.01940 5.00000
v 24.54240 -30.32390 4.50000
v 24.54240 -30.32390 7.00000
v 24.54240 -23.17610 6.50000
v 24.54240 -23.17610 7.00000
v 24.54240 -17.57390 6.50000
v 24.54240 -17.57390 7.00000
v 24.54240 -10.42610 6.50000
v 24.54240 -10.42610 7.00000
v 24.54240 10.42610 6.50000
v 24.54240 10.42610 7.00000
v 24.54240 17.57390 6.50000
v 24.54240 17.57390 7.00000
v 24.54240 23.17610 6.50000
v 24.54240 23.17610 7.00000
v 24.54240 30.32390 4.50000
v 24.54240 30.32390 7.00000
v 24.54330 -29.05970 0.00000
v 24.54330 -29.05970 1.30000
v 24.54330 -24.44030 0.00000
v 24.54330 -24.44030 1.30000
v 24.54330 -16.30970 0.00000
v 24.54330 -16.30970 1.30000
v 24.54330 -11.69030 0.00000
v 24.54330 -11.69030 1.30000
v 24.54330 11.69030 0.00000
v 24.54330 11.69030 1.30000
v 24.54330 16.30970 0.00000
v 24.54330 16.30970 1.30000
v 24.54330 24.44030 0.00000
v 24.54330 24.44030 1.30000
v 24.54330 29.05970 0.00000
v 24.54330 29.05970 1.30000
v 24.54800 -14.73050 1.40000
v 24.54800 -14.73050 4.30000
v 24.54800 -13.26950 1.40000
v 24.54800 -13.26950 4.30000
v 24.54800 13.26950 1.40000
v 24.54800 13.26950 4.30000
v 24.54800 14.73050 1.40000
v 24.54800 14.73050 4.30000
v 24.65150 -14.84850 1.40000
v 24.65150 -14.84850 4.30000
v 24.65150 -13.15150 1.40000
v 24.65150 -13.15150 4.30000
v 24.65150 13.15150 1.40000
v 24.65150 13.15150 4.30000
v 24.65150 14.84850 1.40000
v 24.65150 14.84850 4.30000
v 24.70000 -28.13560 1.30000
v 24.70000 -28.13560 5.00000
v 24.70000 -25.36440 1.30000
v 24.70000 -25.36440 5.00000
v 24.70000 -15.38560 1.30000
v 24.70000 -15.38560 1.40000
v 24.70000 -15.38560 4.30000
v 24.70000 -15.38560 5.00000
v 24.70000 -12.61440 1.30000
v 24.70000 -12.61440 1.40000
v 24.70000 -12.61440 4.30000
v 24.70000 -12.61440 5.00000
v 24.70000 12.61440 1.30000
v 24.70000 12.61440 1.40000
v 24.70000 12.61440 4.30000
v 24.70000 12.61440 5.00000
v 24.70000 15.38560 1.30000
v 24.70000 15.38560 1.40000
v 24.70000 15.38560 4.30000
v 24.70000 15.38560 5.00000
v 24.70000 25.36440 1.30000
v 24.70000 25.36440 5.00000
v 24.70000 28.13560 1.30000
v 24.70000 28.13560 5.00000
v 24.71680 -32.72370 0.00000
v 24.71680 -32.72370 4.50000
v 24.71680 -8.05133 4.50000
v 24.71680 -8.05133 6.50000
v 24.71680 -8.02633 0.00000
v 24.71680 -8.02633 4.50000
v 24.71680 8.02633 0.00000
v 24.71680 8.02633 4.50000
v 24.71680 8.05133 4.50000
v 24.71680 8.05133 6.50000
v 24.71680 32.72370 0.00000
v 24.71680 32.72370 4.50000
v 24.76950 -14.95200 1.40000
v 24.76950 -14.95200 4.30000
v 24.76950 -13.04800 1.40000
v 24.76950 -13.04800 4.30000
v 24.76950 13.04800 1.40000
v 24.76950 13.04800 4.30000
v 24.76950 14.95200 1.40000
v 24.76950 14.95200 4.30000
v 24.80120 -29.35800 5.00000
v 24.80120 -29.35800 7.00000
v 24.80120 -24.14200 5.00000
v 24.80120 -24.14200 7.00000
v 24.80120 -16.60800 6.50000
v 24.80120 -16.60800 7.00000
v 24.80120 -11.39200 6.50000
v 24.80120 -11.39200 7.00000
v 24.80120 11.39200 6.50000
v 24.80120 11.39200 7.00000
v 24.80120 16.60800 6.50000
v 24.80120 16.60800 7.00000
v 24.80120 24.14200 5.00000
v 24.80120 24.14200 7.00000
v 24.80120 29.35800 5.00000
v 24.80120 29.35800 7.00000
v 24.82710 -16.51140 5.00000
v 24.82710 -16.51140 6.50000
v 24.82710 -11.48860 5.00000
v 24.82710 -11.48860 6.50000
v 24.82710 11.48860 5.00000
v 24.82710 11.48860 6.50000
v 24.82710 16.51140 5.00000
v 24.82710 16.51140 6.50000
v 24.85300 -29.16480 0.00000
v 24.85300 -29.16480 1.30000
v 24.85300 -24.33520 0.00000
v 24.85300 -24.33520 1.30000
v 24.85300 -16.41480 0.00000
v 24.85300 -16.41480 1.30000
v 24.85300 -11.58520 0.00000
v 24.85300 -11.58520 1.30000
v 24.85300 11.58520 0.00000
v 24.85300 11.58520 1.30000
v 24.85300 16.41480 0.00000
v 24.85300 16.41480 1.30000
v 24.85300 24.33520 0.00000
v 24.85300 24.33520 1.30000
v 24.85300 29.16480 0.00000
v 24.85300 29.16480 1.30000
v 24.88770 -28.22820 1.30000
v 24.88770 -28.22820 5.00000
v 24.88770 -25.27180 1.30000
v 24.88770 -25.27180 5.00000
v 24.88770 -15.47820 1.30000
v 24.88770 -15.47820 1.40000
v 24.88770 -15.47820 4.30000
v 24.88770 -15.47820 5.00000
v 24.88770 -12.52180 1.30000
v 24.88770 -12.52180 1.40000
v 24.88770 -12.52180 4.30000
v 24.88770 -12.52180 5.00000
v 24.88770 12.52180 1.30000
v 24.88770 12.52180 1.40000
v 24.88770 12.52180 4.30000
v 24.88770 12.52180 5.00000
v 24.88770 15.47820 1.30000
v 24.88770 15.47820 1.40000
v 24.88770 15.47820 4.30000
v 24.88770 15.47820 5.00000
v 24.88770 25.27180 1.30000
v 24.88770 25.27180 5.00000
v 24.88770 28.22820 1.30000
v 24.88770 28.22820 5.00000
v 24.90000 -15.03920 1.40000
v 24.90000 -15.03920 4.30000
v 24.90000 -12.96080 1.40000
v 24.90000 -12.96080 4.30000
v 24.90000 12.96080 1.40000
v 24.90000 12.96080 4.30000
v 24.90000 15.03920 1.40000
v 24.90000 15.03920 4.30000
v 25.01710 -30.41830 4.50000
v 25.01710 -30.41830 7.00000
v 25.01710 -23.08170 6.50000
v 25.01710 -23.08170 7.00000
v 25.01710 -17.66830 6.50000
v 25.01710 -17.66830 7.00000
v 25.01710 -10.33170 6.50000
v 25.01710 -10.33170 7.00000
v 25.01710 10.33170 6.50000
v 25.01710 10.33170 7.00000
v 25.01710 17.66830 6.50000
v 25.01710 17.66830 7.00000
v 25.01710 23.08170 6.50000
v 25.01710 23.08170 7.00000
v 25.01710 30.41830 4.50000
v 25.01710 30.41830 7.00000
v 25.04080 -15.10870 1.40000
v 25.04080 -15.10870 4.30000
v 25.04080 -12.89130 1.40000
v 25.04080 -12.89130 4.30000
v 25.04080 12.89130 1.40000
v 25.04080 12.89130 4.30000
v 25.04080 15.10870 1.40000
v 25.04080 15.10870 4.30000
v 25.08590 -28.29550 1.30000
v 25.08590 -28.29550 5.00000
v 25.08590 -25.20450 1.30000
v 25.08590 -25.20450 5.00000
v 25.08590 -15.54550 1.30000
v 25.08590 -15.54550 1.40000
v 25.08590 -15.54550 4.30000
v 25.08590 -15.54550 5.00000
v 25.08590 -12.45450 1.30000
v 25.08590 -12.45450 1.40000
v 25.08590 -12.45450 4.30000
v 25.08590 -12.45450 5.00000
v 25.08590 12.45450 1.30000
v 25.08590 12.45450 1.40000
v 25.08590 12.45450 4.30000
v 25.08590 12.45450 5.00000
v 25.08590 15.54550 1.30000
v 25.08590 15.54550 1.40000
v 25.08590 15.54550 4.30000
v 25.08590 15.54550 5.00000
v 25.08590 25.20450 1.30000
v 25.08590 25.20450 5.00000
v 25.08590 28.29550 1.30000
v 25.08590 28.29550 5.00000
v 25.14760 -29.42690 5.00000
v 25.14760 -29.42690 7.00000
v 25.14760 -24.07310 5.00000
v 25.14760 -24.07310 7.00000
v 25.14760 -16.67690 6.50000
v 25.14760 -16.67690 7.00000
v 25.14760 -11.32310 6.50000
v 25.14760 -11.32310 7.00000
v 25.14760 11.32310 6.50000
v 25.14760 11.32310 7.00000
v 25.14760 16.67690 6.50000
v 25.14760 16.67690 7.00000
v 25.14760 24.07310 5.00000
v 25.14760 24.07310 7.00000
v 25.14760 29.42690 5.00000
v 25.14760 29.42690 7.00000
v 25.16060 -16.57780 5.00000
v 25.16060 -16.57780 6.50000
v 25.16060 -11.42220 5.00000
v 25.16060 -11.42220 6.50000
v 25.16060 11.42220 5.00000
v 25.16060 11.42220 6.50000
v 25.16060 16.57780 5.00000
v 25.16060 16.57780 6.50000
v 25.17370 -29.22860 0.00000
v 25.17370 -29.22860 1.30000
v 25.17370 -24.27140 0.00000
v 25.17370 -24.27140 1.30000
v 25.17370 -16.47860 0.00000
v 25.17370 -16.47860 1.30000
v 25.17370 -11.52140 0.00000
v 25.17370 -11.52140 1.30000
v 25.17370 11.52140 0.00000
v 25.17370 11.52140 1.30000
v 25.17370 16.47860 0.00000
v 25.17370 16.47860 1.30000
v 25.17370 24.27140 0.00000
v 25.17370 24.27140 1.30000
v 25.17370 29.22860 0.00000
v 25.17370 29.22860 1.30000
v 25.18940 -15.15910 1.40000
v 25.18940 -15.15910 4.30000
v 25.18940 -12.84090 1.40000
v 25.18940 -12.84090 4.30000
v 25.18940 12.84090 1.40000
v 25.18940 12.84090 4.30000
v 25.18940 15.15910 1.40000
v 25.18940 15.15910 4.30000
v 25.29120 -28.33630 1.30000
v 25.29120 -28.33630 5.00000
v 25.29120 -25.16370 1.30000
v 25.29120 -25.16370 5.00000
v 25.29120 -15.58630 1.30000
v 25.29120 -15.58630 1.40000
v 25.29120 -15.58630 4.30000
v 25.29120 -15.58630 5.00000
v 25.29120 -12.41370 1.30000
v 25.29120 -12.41370 1.40000
v 25.29120 -12.41370 4.30000
v 25.29120 -12.41370 5.00000
v 25.29120 12.41370 1.30000
v 25.29120 12.41370 1.40000
v 25.29120 12.41370 4.30000
v 25.29120 12.41370 5.00000
v 25.29120 15.58630 1.30000
v 25.29120 15.58630 1.40000
v 25.29120 15.58630 4.30000
v 25.29120 15.58630 5.00000
v 25.29120 25.16370 1.30000
v 25.29120 25.16370 5.00000
v 25.29120 28.33630 1.30000
v 25.29120 28.33630 5.00000
v 25.34340 -15.18970 1.40000
v 25.34340 -15.18970 4.30000
v 25.34340 -12.81030 1.40000
v 25.34340 -12.81030 4.30000
v 25.34340 12.81030 1.40000
v 25.34340 12.81030 4.30000
v 25.34340 15.18970 1.40000
v 25.34340 15.18970 4.30000
v 25.50000 -32.77500 0.00000
v 25.50000 -32.77500 4.50000
v 25.50000 -30.45000 4.50000
v 25.50000 -30.45000 7.00000
v 25.50000 -29.45000 5.00000
v 25.50000 -29.45000 7.00000
v 25.50000 -29.25000 0.00000
v 25.50000 -29.25000 1.30000
v 25.50000 -28.35000 1.30000
v 25.50000 -28.35000 5.00000
v 25.50000 -25.15000 1.30000
v 25.50000 -25.15000 5.00000
v 25.50000 -24.25000 0.00000
v 25.50000 -24.25000 1.30000
v 25.50000 -24.05000 5.00000
v 25.50000 -24.05000 7.00000
v 25.50000 -23.05000 6.50000
v 25.50000 -23.05000 7.00000
v 25.50000 -17.70000 6.50000
v 25.50000 -17.70000 7.00000
v 25.50000 -16.70000 6.50000
v 25.50000 -16.70000 7.00000
v 25.50000 -16.60000 5.00000
v 25.50000 -16.60000 6.50000
v 25.50000 -16.50000 0.00000
v 25.50000 -16.50000 1.30000
v 25.50000 -15.60000 1.30000
v 25.50000 -15.60000 1.40000
v 25.50000 -15.60000 4.30000
v 25.50000 -15.60000 5.00000
v 25.50000 -15.20000 1.40000
v 25.50000 -15.20000 4.30000
v 25.50000 -12.80000 1.40000
v 25.50000 -12.80000 4.30000
v 25.50000 -12.40000 1.30000
v 25.50000 -12.40000 1.40000
v 25.50000 -12.40000 4.30000
v 25.50000 -12.40000 5.00000
v 25.50000 -11.50000 0.00000
v 25.50000 -11.50000 1.30000
v 25.50000 -11.40000 5.00000
v 25.50000 -11.40000 6.50000
v 25.50000 -11.30000 6.50000
v 25.50000 -11.30000 7.00000
v 25.50000 -10.30000 6.50000
v 25.50000 -10.30000 7.00000
v 25.50000 -8.00000 4.50000
v 25.50000 -8.00000 6.50000
v 25.50000 -7.97500 0.00000
v 25.50000 -7.97500 4.50000
v 25.50000 7.97500 0.00000
v 25.50000 7.97500 4.50000
v 25.50000 8.00000 4.50000
v 25.50000 8.00000 6.50000
v 25.50000 10.30000 6.50000
v 25.50000 10.30000 7.00000
v 25.50000 11.30000 6.50000
v 25.50000 11.30000 7.00000
v 25.50000 11.40000 5.00000
v 25.50000 11.40000 6.50000
v 25.50000 11.50000 0.00000
v 25.50000 11.50000 1.30000
v 25.50000 12.40000 1.30000
v 25.50000 12.40000 1.40000
v 25.50000 12.40000 4.30000
v 25.50000 12.40000 5.00000
v 25.50000 12.80000 1.40000
v 25.50000 12.80000 4.30000
v 25.50000 15.20000 1.40000
v 25.50000 15.20000 4.30000
v 25.50000 15.60000 1.30000
v 25.50000 15.60000 1.40000
v 25.50000 15.60000 4.30000
v 25.50000 15.60000 5.00000
v 25.50000 16.50000 0.00000
v 25.50000 16.50000 1.30000
v 25.50000 16.60000 5.00000
v 25.50000 16.60000 6.50000
v 25.50000 16.70000 6.50000
v 25.50000 16.70000 7.00000
v 25.50000 17.70000 6.50000
v 25.50000 17.70000 7.00000
v 25.50000 23.05000 6.50000
v 25.50000 23.05000 7.00000
v 25.50000 24.05000 5.00000
v 25.50000 24.05000 7.00000
v 25.50000 24.25000 0.00000
v 25.50000 24.25000 1.30000
v 25.50000 25.15000 1.30000
v 25.50000 25.15000 5.00000
v 25.50000 28.35000 1.30000
v 25.50000 28.35000 5.00000
v 25.50000 29.25000 0.00000
v 25.50000 29.25000 1.30000
v 25.50000 29.45000 5.00000
v 25.50000 29.45000 7.00000
v 25.50000 30.45000 4.50000
v 25.50000 30.45000 7.00000
v 25.50000 32.77500 0.00000
v 25.50000 32.77500 4.50000
v 25.65660 -15.18970 1.40000
v 25.65660 -15.18970 4.30000
v 25.65660 -12.81030 1.40000
v 25.65660 -12.81030 4.30000
v 25.65660 12.81030 1.40000
v 25.65660 12.81030 4.30000
v 25.65660 15.18970 1.40000
v 25.65660 15.18970 4.30000
v 25.70880 -28.33630 1.30000
v 25.70880 -28.33630 5.00000
v 25.70880 -25.16370 1.30000
v 25.70880 -25.16370 5.00000
v 25.70880 -15.58630 1.30000
v 25.70880 -15.58630 1.40000
v 25.70880 -15.58630 4.30000
v 25.70880 -15.58630 5.00000
v 25.70880 -12.41370 1.30000
v 25.70880 -12.41370 1.40000
v 25.70880 -12.41370 4.30000
v 25.70880 -12.41370 5.00000
v 25.70880 12.41370 1.30000
v 25.70880 12.41370 1.40000
v 25.70880 12.41370 4.30000
v 25.70880 12.41370 5.00000
v 25.70880 15.58630 1.30000
v 25.70880 15.58630 1.40000
v 25.70880 15.58630 4.30000
v 25.70880 15.58630 5.00000
v 25.70880 25.16370 1.30000
v 25.70880 25.16370 5.00000
v 25.70880 28.33630 1.30000
v 25.70880 28.33630 5.00000
v 25.81060 -15.15910 1.40000
v 25.81060 -15.15910 4.30000
v 25.81060 -12.84090 1.40000
v 25.81060 -12.84090 4.30000
v 25.81060 12.84090 1.40000
v 25.81060 12.84090 4.30000
v 25.81060 15.15910 1.40000
v 25.81060 15.15910 4.30000
v 25.82630 -29.22860 0.00000
v 25.82630 -29.22860 1.30000
v 25.82630 -24.27140 0.00000
v 25.82630 -24.27140 1.30000
v 25.82630 -16.47860 0.00000
v 25.82630 -16.47860 1.30000
v 25.82630 -11.52140 0.00000
v 25.82630 -11.52140 1.30000
v 25.82630 11.52140 0.00000
v 25.82630 11.52140 1.30000
v 25.82630 16.47860 0.00000
v 25.82630 16.47860 1.30000
v 25.82630 24.27140 0.00000
v 25.82630 24.27140 1.30000
v 25.82630 29.22860 0.00000
v 25.82630 29.22860 1.30000
v 25.83940 -16.57780 5.00000
v 25.83940 -16.57780 6.50000
v 25.83940 -11.42220 5.00000
v 25.83940 -11.42220 6.50000
v 25.83940 11.42220 5.00000
v 25.83940 11.42220 6.50000
v 25.83940 16.57780 5.00000
v 25.83940 16.57780 6.50000
v 25.85240 -29.42690 5.00000
v 25.85240 -29.42690 7.00000
v 25.85240 -24.07310 5.00000
v 25.85240 -24.07310 7.00000
v 25.85240 -16.67690 6.50000
v 25.85240 -16.67690 7.00000
v 25.85240 -11.32310 6.50000
v 25.85240 -11.32310 7.00000
v 25.85240 11.32310 6.50000
v 25.85240 11.32310 7.00000
v 25.85240 16.67690 6.50000
v 25.85240 16.67690 7.00000
v 25.85240 24.07310 5.00000
v 25.85240 24.07310 7.00000
v 25.85240 29.42690 5.00000
v 25.85240 29.42690 7.00000
v 25.91410 -28.29550 1.30000
v 25.91410 -28.29550 5.00000
v 25.91410 -25.20450 1.30000
v 25.91410 -25.20450 5.00000
v 25.91410 -15.54550 1.30000
v 25.91410 -15.54550 1.40000
v 25.91410 -15.54550 4.30000
v 25.91410 -15.54550 5.00000
v 25.91410 -12.45450 1.30000
v 25.91410 -12.45450 1.40000
v 25.91410 -12.45450 4.30000
v 25.91410 -12.45450 5.00000
v 25.91410 12.45450 1.30000
v 25.91410 12.45450 1.40000
v 25.91410 12.45450 4.30000
v 25.91410 12.45450 5.00000
v 25.91410 15.54550 1.30000
v 25.91410 15.54550 1.40000
v 25.91410 15.54550 4.30000
v 25.91410 15.54550 5.00000
v 25.91410 25.20450 1.30000
v 25.91410 25.20450 5.00000
v 25.91410 28.29550 1.30000
v 25.91410 28.29550 5.00000
v 25.95920 -15.10870 1.40000
v 25.95920 -15.10870 4.30000
v 25.95920 -12.89130 1.40000
v 25.95920 -12.89130 4.30000
v 25.95920 12.89130 1.40000
v 25.95920 12.89130 4.30000
v 25.95920 15.10870 1.40000
v 25.95920 15.10870 4.30000
v 25.98290 -30.41830 4.50000
v 25.98290 -30.41830 7.00000
v 25.98290 -23.08170 6.50000
v 25.98290 -23.08170 7.00000
v 25.98290 -17.66830 6.50000
v 25.98290 -17.66830 7.00000
v 25.98290 -10.33170 6.50000
v 25.98290 -10.33170 7.00000
v 25.98290 10.33170 6.50000
v 25.98290 10.33170 7.00000
v 25.98290 17.66830 6.50000
v 25.98290 17.66830 7.00000
v 25.98290 23.08170 6.50000
v 25.98290 23.08170 7.00000
v 25.98290 30.41830 4.50000
v 25.98290 30.41830 7.00000
v 26.10000 -15.03920 1.40000
v 26.10000 -15.03920 4.30000
v 26.10000 -12.96080 1.40000
v 26.10000 -12.96080 4.30000
v 26.10000 12.96080 1.40000
v 26.10000 12.96080 4.30000
v 26.10000 15.03920 1.40000
v 26.10000 15.03920 4.30000
v 26.11230 -28.22820 1.30000
v 26.11230 -28.22820 5.00000
v 26.11230 -25.27180 1.30000
v 26.11230 -25.27180 5.00000
v 26.11230 -15.47820 1.30000
v 26.11230 -15.47820 1.40000
v 26.11230 -15.47820 4.30000
v 26.11230 -15.47820 5.00000
v 26.11230 -12.52180 1.30000
v 26.11230 -12.52180 1.40000
v 26.11230 -12.52180 4.30000
v 26.11230 -12.52180 5.00000
v 26.11230 12.52180 1.30000
v 26.11230 12.52180 1.40000
v 26.11230 12.52180 4.30000
v 26.11230 12.52180 5.00000
v 26.11230 15.47820 1.30000
v 26.11230 15.47820 1.40000
v 26.11230 15.47820 4.30000
v 26.11230 15.47820 5.00000
v 26.11230 25.27180 1.30000
v 26.11230 25.27180 5.00000
v 26.11230 28.22820 1.30000
v 26.11230 28.22820 5.00000
v 26.14700 -29.16480 0.00000
v 26.14700 -29.16480 1.30000
v 26.14700 -24.33520 0.00000
v 26.14700 -24.33520 1.30000
v 26.14700 -16.41480 0.00000
v 26.14700 -16.41480 1.30000
v 26.14700 -11.58520 0.00000
v 26.14700 -11.58520 1.30000
v 26.14700 11.58520 0.00000
v 26.14700 11.58520 1.30000
v 26.14700 16.41480 0.00000
v 26.14700 16.41480 1.30000
v 26.14700 24.33520 0.00000
v 26.14700 24.33520 1.30000
v 26.14700 29.16480 0.00000
v 26.14700 29.16480 1.30000
v 26.17290 -16.51140 5.00000
v 26.17290 -16.51140 6.50000
v 26.17290 -11.48860 5.00000
v 26.17290 -11.48860 6.50000
v 26.17290 11.48860 5.00000
v 26.17290 11.48860 6.50000
v 26.17290 16.51140 5.00000
v 26.17290 16.51140 6.50000
v 26.19880 -29.35800 5.00000
v 26.19880 -29.35800 7.00000
v 26.19880 -24.14200 5.00000
v 26.19880 -24.14200 7.00000
v 26.19880 -16.60800 6.50000
v 26.19880 -16.60800 7.00000
v 26.19880 -11.39200 6.50000
v 26.19880 -11.39200 7.00000
v 26.19880 11.39200 6.50000
v 26.19880 11.39200 7.00000
v 26.19880 16.60800 6.50000
v 26.19880 16.60800 7.00000
v 26.19880 24.14200 5.00000
v 26.19880 24.14200 7.00000
v 26.19880 29.35800 5.00000
v 26.19880 29.35800 7.00000
v 26.23050 -14.95200 1.40000
v 26.23050 -14.95200 4.30000
v 26.23050 -13.04800 1.40000
v 26.23050 -13.04800 4.30000
v 26.23050 13.04800 1.40000
v 26.23050 13.04800 4.30000
v 26.23050 14.95200 1.40000
v 26.23050 14.95200 4.30000
v 26.28320 -32.72370 0.00000
v 26.28320 -32.72370 4.50000
v 26.28320 -8.05133 4.50000
v 26.28320 -8.05133 6.50000
v 26.28320 -8.02633 0.00000
v 26.28320 -8.02633 4.50000
v 26.28320 8.02633 0.00000
v 26.28320 8.02633 4.50000
v 26.28320 8.05133 4.50000
v 26.28320 8.05133 6.50000
v 26.28320 32.72370 0.00000
v 26.28320 32.72370 4.50000
v 26.30000 -28.13560 1.30000
v 26.30000 -28.13560 5.00000
v 26.30000 -25.36440 1.30000
v 26.30000 -25.36440 5.00000
v 26.30000 -15.38560 1.30000
v 26.30000 -15.38560 1.40000
v 26.30000 -15.38560 4.30000
v 26.30000 -15.38560 5.00000
v 26.30000 -12.61440 1.30000
v 26.30000 -12.61440 1.40000
v 26.30000 -12.61440 4.30000
v 26.30000 -12.61440 5.00000
v 26.30000 12.61440 1.30000
v 26.30000 12.61440 1.40000
v 26.30000 12.61440 4.30000
v 26.30000 12.61440 5.00000
v 26.30000 15.38560 1.30000
v 26.30000 15.38560 1.40000
v 26.30000 15.38560 4.30000
v 26.30000 15.38560 5.00000
v 26.30000 25.36440 1.30000
v 26.30000 25.36440 5.00000
v 26.30000 28.13560 1.30000
v 26.30000 28.13560 5.00000
v 26.34850 -14.84850 1.40000
v 26.34850 -14.84850 4.30000
v 26.34850 -13.15150 1.40000
v 26.34850 -13.15150 4.30000
v 26.34850 13.15150 1.40000
v 26.34850 13.15150 4.30000
v 26.34850 14.84850 1.40000
v 26.34850 14.84850 4.30000
v 26.45200 -14.73050 1.40000
v 26.45200 -14.73050 4.30000
v 26.45200 -13.26950 1.40000
v 26.45200 -13.26950 4.30000
v 26.45200 13.26950 1.40000
v 26.45200 13.26950 4.30000
v 26.45200 14.73050 1.40000
v 26.45200 14.73050 4.30000
v 26.45670 -29.05970 0.00000
v 26.45670 -29.05970 1.30000
v 26.45670 -24.44030 0.00000
v 26.45670 -24.44030 1.30000
v 26.45670 -16.30970 0.00000
v 26.45670 -16.30970 1.30000
v 26.45670 -11.69030 0.00000
v 26.45670 -11.69030 1.30000
v 26.45670 11.69030 0.00000
v 26.45670 11.69030 1.30000
v 26.45670 16.30970 0.00000
v 26.45670 16.30970 1.30000
v 26.45670 24.44030 0.00000
v 26.45670 24.44030 1.30000
v 26.45670 29.05970 0.00000
v 26.45670 29.05970 1.30000
v 26.45760 -30.32390 4.50000
v 26.45760 -30.32390 7.00000
v 26.45760 -23.17610 6.50000
v 26.45760 -23.17610 7.00000
v 26.45760 -17.57390 6.50000
v 26.45760 -17.57390 7.00000
v 26.45760 -10.42610 6.50000
v 26.45760 -10.42610 7.00000
v 26.45760 10.42610 6.50000
v 26.45760 10.42610 7.00000
v 26.45760 17.57390 6.50000
v 26.45760 17.57390 7.00000
v 26.45760 23.17610 6.50000
v 26.45760 23.17610 7.00000
v 26.45760 30.32390 4.50000
v 26.45760 30.32390 7.00000
v 26.47400 -28.01940 1.30000
v 26.47400 -28.01940 5.00000
v 26.47400 -25.48060 1.30000
v 26.47400 -25.48060 5.00000
v 26.47400 -15.26940 1.30000
v 26.47400 -15.26940 1.40000
v 26.47400 -15.26940 4.30000
v 26.47400 -15.26940 5.00000
v 26.47400 -12.73060 1.30000
v 26.47400 -12.73060 1.40000
v 26.47400 -12.73060 4.30000
v 26.47400 -12.73060 5.00000
v 26.47400 12.73060 1.30000
v 26.47400 12.73060 1.40000
v 26.47400 12.73060 4.30000
v 26.47400 12.73060 5.00000
v 26.47400 15.26940 1.30000
v 26.47400 15.26940 1.40000
v 26.47400 15.26940 4.30000
v 26.47400 15.26940 5.00000
v 26.47400 25.48060 1.30000
v 26.47400 25.48060 5.00000
v 26.47400 28.01940 1.30000
v 26.47400 28.01940 5.00000
v 26.49500 -16.40210 5.00000
v 26.49500 -16.40210 6.50000
v 26.49500 -11.59790 5.00000
v 26.49500 -11.59790 6.50000
v 26.49500 11.59790 5.00000
v 26.49500 11.59790 6.50000
v 26.49500 16.40210 5.00000
v 26.49500 16.40210 6.50000
v 26.53320 -29.24450 5.00000
v 26.53320 -29.24450 7.00000
v 26.53320 -24.25550 5.00000
v 26.53320 -24.25550 7.00000
v 26.53320 -16.49450 6.50000
v 26.53320 -16.49450 7.00000
v 26.53320 -11.50550 6.50000
v 26.53320 -11.50550 7.00000
v 26.53320 11.50550 6.50000
v 26.53320 11.50550 7.00000
v 26.53320 16.49450 6.50000
v 26.53320 16.49450 7.00000
v 26.53320 24.25550 5.00000
v 26.53320 24.25550 7.00000
v 26.53320 29.24450 5.00000
v 26.53320 29.24450 7.00000
v 26.53920 -14.60000 1.40000
v 26.53920 -14.60000 4.30000
v 26.53920 -13.40000 1.40000
v 26.53920 -13.40000 4.30000
v 26.53920 13.40000 1.40000
v 26.53920 13.40000 4.30000
v 26.53920 14.60000 1.40000
v 26.53920 14.60000 4.30000
v 26.60870 -14.45920 1.40000
v 26.60870 -14.45920 4.30000
v 26.60870 -13.54080 1.40000
v 26.60870 -13.54080 4.30000
v 26.60870 13.54080 1.40000
v 26.60870 13.54080 4.30000
v 26.60870 14.45920 1.40000
v 26.60870 14.45920 4.30000
v 26.63140 -27.88140 1.30000
v 26.63140 -27.88140 5.00000
v 26.63140 -25.61860 1.30000
v 26.63140 -25.61860 5.00000
v 26.63140 -15.13140 1.30000
v 26.63140 -15.13140 1.40000
v 26.63140 -15.13140 4.30000
v 26.63140 -15.13140 5.00000
v 26.63140 -12.86860 1.30000
v 26.63140 -12.86860 1.40000
v 26.63140 -12.86860 4.30000
v 26.63140 -12.86860 5.00000
v 26.63140 12.86860 1.30000
v 26.63140 12.86860 1.40000
v 26.63140 12.86860 4.30000
v 26.63140 12.86860 5.00000
v 26.63140 15.13140 1.30000
v 26.63140 15.13140 1.40000
v 26.63140 15.13140 4.30000
v 26.63140 15.13140 5.00000
v 26.63140 25.61860 1.30000
v 26.63140 25.61860 5.00000
v 26.63140 27.88140 1.30000
v 26.63140 27.88140 5.00000
v 26.65910 -14.31060 1.40000
v 26.65910 -14.31060 4.30000
v 26.65910 -13.68940 1.40000
v 26.65910 -13.68940 4.30000
v 26.65910 13.68940 1.40000
v 26.65910 13.68940 4.30000
v 26.65910 14.31060 1.40000
v 26.65910 14.31060 4.30000
v 26.68970 -14.15660 1.40000
v 26.68970 -14.15660 4.30000
v 26.68970 -13.84340 1.40000
v 26.68970 -13.84340 4.30000
v 26.68970 13.84340 1.40000
v 26.68970 13.84340 4.30000
v 26.68970 14.15660 1.40000
v 26.68970 14.15660 4.30000
v 26.70000 -14.00000 1.40000
v 26.70000 -14.00000 4.30000
v 26.70000 14.00000 1.40000
v 26.70000 14.00000 4.30000
v 26.75000 -28.91510 0.00000
v 26.75000 -28.91510 1.30000
v 26.75000 -24.58490 0.00000
v 26.75000 -24.58490 1.30000
v 26.75000 -16.16510 0.00000
v 26.75000 -16.16510 1.30000
v 26.75000 -11.83490 0.00000
v 26.75000 -11.83490 1.30000
v 26.75000 11.83490 0.00000
v 26.75000 11.83490 1.30000
v 26.75000 16.16510 0.00000
v 26.75000 16.16510 1.30000
v 26.75000 24.58490 0.00000
v 26.75000 24.58490 1.30000
v 26.75000 28.91510 0.00000
v 26.75000 28.91510 1.30000
v 26.76940 -27.72400 1.30000
v 26.76940 -27.72400 5.00000
v 26.76940 -25.77600 1.30000
v 26.76940 -25.77600 5.00000
v 26.76940 -14.97400 1.30000
v 26.76940 -14.97400 1.40000
v 26.76940 -14.97400 4.30000
v 26.76940 -14.97400 5.00000
v 26.76940 -13.02600 1.30000
v 26.76940 -13.02600 1.40000
v 26.76940 -13.02600 4.30000
v 26.76940 -13.02600 5.00000
v 26.76940 13.02600 1.30000
v 26.76940 13.02600 1.40000
v 26.76940 13.02600 4.30000
v 26.76940 13.02600 5.00000
v 26.76940 14.97400 1.30000
v 26.76940 14.97400 1.40000
v 26.76940 14.97400 4.30000
v 26.76940 14.97400 5.00000
v 26.76940 25.77600 1.30000
v 26.76940 25.77600 5.00000
v 26.76940 27.72400 1.30000
v 26.76940 27.72400 5.00000
v 26.80000 -16.25170 5.00000
v 26.80000 -16.25170 6.50000
v 26.80000 -11.74830 5.00000
v 26.80000 -11.74830 6.50000
v 26.80000 11.74830 5.00000
v 26.80000 11.74830 6.50000
v 26.80000 16.25170 5.00000
v 26.80000 16.25170 6.50000
v 26.85000 -29.08830 5.00000
v 26.85000 -29.08830 7.00000
v 26.85000 -24.41170 5.00000
v 26.85000 -24.41170 7.00000
v 26.85000 -16.33830 6.50000
v 26.85000 -16.33830 7.00000
v 26.85000 -11.66170 6.50000
v 26.85000 -11.66170 7.00000
v 26.85000 11.66170 6.50000
v 26.85000 11.66170 7.00000
v 26.85000 16.33830 6.50000
v 26.85000 16.33830 7.00000
v 26.85000 24.41170 5.00000
v 26.85000 24.41170 7.00000
v 26.85000 29.08830 5.00000
v 26.85000 29.08830 7.00000
v 26.88560 -27.55000 1.30000
v 26.88560 -27.55000 5.00000
v 26.88560 -25.95000 1.30000
v 26.88560 -25.95000 5.00000
v 26.88560 -14.80000 1.30000
v 26.88560 -14.80000 1.40000
v 26.88560 -14.80000 4.30000
v 26.88560 -14.80000 5.00000
v 26.88560 -13.20000 1.30000
v 26.88560 -13.20000 1.40000
v 26.88560 -13.20000 4.30000
v 26.88560 -13.20000 5.00000
v 26.88560 13.20000 1.30000
v 26.88560 13.20000 1.40000
v 26.88560 13.20000 4.30000
v 26.88560 13.20000 5.00000
v 26.88560 14.80000 1.30000
v 26.88560 14.80000 1.40000
v 26.88560 14.80000 4.30000
v 26.88560 14.80000 5.00000
v 26.88560 25.95000 1.30000
v 26.88560 25.95000 5.00000
v 26.88560 27.55000 1.30000
v 26.88560 27.55000 5.00000
v 26.91590 -30.16840 4.50000
v 26.91590 -30.16840 7.00000
v 26.91590 -23.33160 6.50000
v 26.91590 -23.33160 7.00000
v 26.91590 -17.41840 6.50000
v 26.91590 -17.41840 7.00000
v 26.91590 -10.58160 6.50000
v 26.91590 -10.58160 7.00000
v 26.91590 10.58160 6.50000
v 26.91590 10.58160 7.00000
v 26.91590 17.41840 6.50000
v 26.91590 17.41840 7.00000
v 26.91590 23.33160 6.50000
v 26.91590 23.33160 7.00000
v 26.91590 30.16840 4.50000
v 26.91590 30.16840 7.00000
v 26.97820 -27.36230 1.30000
v 26.97820 -27.36230 5.00000
v 26.97820 -26.13770 1.30000
v 26.97820 -26.13770 5.00000
v 26.97820 -14.61230 1.30000
v 26.97820 -14.61230 1.40000
v 26.97820 -14.61230 4.30000
v 26.97820 -14.61230 5.00000
v 26.97820 -13.38770 1.30000
v 26.97820 -13.38770 1.40000
v 26.97820 -13.38770 4.30000
v 26.97820 -13.38770 5.00000
v 26.97820 13.38770 1.30000
v 26.97820 13.38770 1.40000
v 26.97820 13.38770 4.30000
v 26.97820 13.38770 5.00000
v 26.97820 14.61230 1.30000
v 26.97820 14.61230 1.40000
v 26.97820 14.61230 4.30000
v 26.97820 14.61230 5.00000
v 26.97820 26.13770 1.30000
v 26.97820 26.13770 5.00000
v 26.97820 27.36230 1.30000
v 26.97820 27.36230 5.00000
v 27.02190 -28.73340 0.00000
v 27.02190 -28.73340 1.30000
v 27.02190 -24.76660 0.00000
v 27.02190 -24.76660 1.30000
v 27.02190 -15.98340 0.00000
v 27.02190 -15.98340 1.30000
v 27.02190 -12.01660 0.00000
v 27.02190 -12.01660 1.30000
v 27.02190 12.01660 0.00000
v 27.02190 12.01660 1.30000
v 27.02190 15.98340 0.00000
v 27.02190 15.98340 1.30000
v 27.02190 24.76660 0.00000
v 27.02190 24.76660 1.30000
v 27.02190 28.73340 0.00000
v 27.02190 28.73340 1.30000
v 27.04550 -27.16410 1.30000
v 27.04550 -27.16410 5.00000
v 27.04550 -26.33590 1.30000
v 27.04550 -26.33590 5.00000
v 27.04550 -14.41410 1.30000
v 27.04550 -14.41410 1.40000
v 27.04550 -14.41410 4.30000
v 27.04550 -14.41410 5.00000
v 27.04550 -13.58590 1.30000
v 27.04550 -13.58590 1.40000
v 27.04550 -13.58590 4.30000
v 27.04550 -13.58590 5.00000
v 27.04550 13.58590 1.30000
v 27.04550 13.58590 1.40000
v 27.04550 13.58590 4.30000
v 27.04550 13.58590 5.00000
v 27.04550 14.41410 1.30000
v 27.04550 14.41410 1.40000
v 27.04550 14.41410 4.30000
v 27.04550 14.41410 5.00000
v 27.04550 26.33590 1.30000
v 27.04550 26.33590 5.00000
v 27.04550 27.16410 1.30000
v 27.04550 27.16410 5.00000
v 27.05290 -32.57060 0.00000
v 27.05290 -32.57060 4.50000
v 27.05290 -8.20445 4.50000
v 27.05290 -8.20445 6.50000
v 27.05290 -8.17945 0.00000
v 27.05290 -8.17945 4.50000
v 27.05290 8.17945 0.00000
v 27.05290 8.17945 4.50000
v 27.05290 8.20445 4.50000
v 27.05290 8.20445 6.50000
v 27.05290 32.57060 0.00000
v 27.05290 32.57060 4.50000
v 27.08280 -16.06270 5.00000
v 27.08280 -16.06270 6.50000
v 27.08280 -11.93730 5.00000
v 27.08280 -11.93730 6.50000
v 27.08280 11.93730 5.00000
v 27.08280 11.93730 6.50000
v 27.08280 16.06270 5.00000
v 27.08280 16.06270 6.50000
v 27.08630 -26.95880 1.30000
v 27.08630 -26.95880 5.00000
v 27.08630 -26.54120 1.30000
v 27.08630 -26.54120 5.00000
v 27.08630 -14.20880 1.30000
v 27.08630 -14.20880 1.40000
v 27.08630 -14.20880 4.30000
v 27.08630 -14.20880 5.00000
v 27.08630 -13.79120 1.30000
v 27.08630 -13.79120 1.40000
v 27.08630 -13.79120 4.30000
v 27.08630 -13.79120 5.00000
v 27.08630 13.79120 1.30000
v 27.08630 13.79120 1.40000
v 27.08630 13.79120 4.30000
v 27.08630 13.79120 5.00000
v 27.08630 14.20880 1.30000
v 27.08630 14.20880 1.40000
v 27.08630 14.20880 4.30000
v 27.08630 14.20880 5.00000
v 27.08630 26.54120 1.30000
v 27.08630 26.54120 5.00000
v 27.08630 26.95880 1.30000
v 27.08630 26.95880 5.00000
v 27.10000 -26.75000 1.30000
v 27.10000 -26.75000 5.00000
v 27.10000 -14.00000 1.30000
v 27.10000 -14.00000 1.40000
v 27.10000 -14.00000 4.30000
v 27.10000 -14.00000 5.00000
v 27.10000 14.00000 1.30000
v 27.10000 14.00000 1.40000
v 27.10000 14.00000 4.30000
v 27.10000 14.00000 5.00000
v 27.10000 26.75000 1.30000
v 27.10000 26.75000 5.00000
v 27.14370 -28.89210 5.00000
v 27.14370 -28.89210 7.00000
v 27.14370 -24.60790 5.00000
v 27.14370 -24.60790 7.00000
v 27.14370 -16.14210 6.50000
v 27.14370 -16.14210 7.00000
v 27.14370 -11.85790 6.50000
v 27.14370 -11.85790 7.00000
v 27.14370 11.85790 6.50000
v 27.14370 11.85790 7.00000
v 27.14370 16.14210 6.50000
v 27.14370 16.14210 7.00000
v 27.14370 24.60790 5.00000
v 27.14370 24.60790 7.00000
v 27.14370 28.89210 5.00000
v 27.14370 28.89210 7.00000
v 27.26780 -28.51780 0.00000
v 27.26780 -28.51780 1.30000
v 27.26780 -24.98220 0.00000
v 27.26780 -24.98220 1.30000
v 27.26780 -15.76780 0.00000
v 27.26780 -15.76780 1.30000
v 27.26780 -12.23220 0.00000
v 27.26780 -12.23220 1.30000
v 27.26780 12.23220 0.00000
v 27.26780 12.23220 1.30000
v 27.26780 15.76780 0.00000
v 27.26780 15.76780 1.30000
v 27.26780 24.98220 0.00000
v 27.26780 24.98220 1.30000
v 27.26780 28.51780 0.00000
v 27.26780 28.51780 1.30000
v 27.33850 -15.83850 5.00000
v 27.33850 -15.83850 6.50000
v 27.33850 -12.16150 5.00000
v 27.33850 -12.16150 6.50000
v 27.33850 12.16150 5.00000
v 27.33850 12.16150 6.50000
v 27.33850 15.83850 5.00000
v 27.33850 15.83850 6.50000
v 27.35000 -29.95430 4.50000
v 27.35000 -29.95430 7.00000
v 27.35000 -23.54570 6.50000
v 27.35000 -23.54570 7.00000
v 27.35000 -17.20430 6.50000
v 27.35000 -17.20430 7.00000
v 27.35000 -10.79570 6.50000
v 27.35000 -10.79570 7.00000
v 27.35000 10.79570 6.50000
v 27.35000 10.79570 7.00000
v 27.35000 17.20430 6.50000
v 27.35000 17.20430 7.00000
v 27.35000 23.54570 6.50000
v 27.35000 23.54570 7.00000
v 27.35000 29.95430 4.50000
v 27.35000 29.95430 7.00000
v 27.40920 -28.65920 5.00000
v 27.40920 -28.65920 7.00000
v 27.40920 -24.84080 5.00000
v 27.40920 -24.84080 7.00000
v 27.40920 -15.90920 6.50000
v 27.40920 -15.90920 7.00000
v 27.40920 -12.09080 6.50000
v 27.40920 -12.09080 7.00000
v 27.40920 12.09080 6.50000
v 27.40920 12.09080 7.00000
v 27.40920 15.90920 6.50000
v 27.40920 15.90920 7.00000
v 27.40920 24.84080 5.00000
v 27.40920 24.84080 7.00000
v 27.40920 28.65920 5.00000
v 27.40920 28.65920 7.00000
v 27.48340 -28.27190 0.00000
v 27.48340 -28.27190 1.30000
v 27.48340 -25.22810 0.00000
v 27.48340 -25.22810 1.30000
v 27.48340 -15.52190 0.00000
v 27.48340 -15.52190 1.30000
v 27.48340 -12.47810 0.00000
v 27.48340 -12.47810 1.30000
v 27.48340 12.47810 0.00000
v 27.48340 12.47810 1.30000
v 27.48340 15.52190 0.00000
v 27.48340 15.52190 1.30000
v 27.48340 25.22810 0.00000
v 27.48340 25.22810 1.30000
v 27.48340 28.27190 0.00000
v 27.48340 28.27190 1.30000
v 27.56270 -15.58280 5.00000
v 27.56270 -15.58280 6.50000
v 27.56270 -12.41720 5.00000
v 27.56270 -12.41720 6.50000
v 27.56270 12.41720 5.00000
v 27.56270 12.41720 6.50000
v 27.56270 15.58280 5.00000
v 27.56270 15.58280 6.50000
v 27.64210 -28.39370 5.00000
v 27.64210 -28.39370 7.00000
v 27.64210 -25.10630 5.00000
v 27.64210 -25.10630 7.00000
v 27.64210 -15.64370 6.50000
v 27.64210 -15.64370 7.00000
v 27.64210 -12.35630 6.50000
v 27.64210 -12.35630 7.00000
v 27.64210 12.35630 6.50000
v 27.64210 12.35630 7.00000
v 27.64210 15.64370 6.50000
v 27.64210 15.64370 7.00000
v 27.64210 25.10630 5.00000
v 27.64210 25.10630 7.00000
v 27.64210 28.39370 5.00000
v 27.64210 28.39370 7.00000
v 27.66510 -28.00000 0.00000
v 27.66510 -28.00000 1.30000
v 27.66510 -25.50000 0.00000
v 27.66510 -25.50000 1.30000
v 27.66510 -15.25000 0.00000
v 27.66510 -15.25000 1.30000
v 27.66510 -12.75000 0.00000
v 27.66510 -12.75000 1.30000
v 27.66510 12.75000 0.00000
v 27.66510 12.75000 1.30000
v 27.66510 15.25000 0.00000
v 27.66510 15.25000 1.30000
v 27.66510 25.50000 0.00000
v 27.66510 25.50000 1.30000
v 27.66510 28.00000 0.00000
v 27.66510 28.00000 1.30000
v 27.75170 -15.30000 5.00000
v 27.75170 -15.30000 6.50000
v 27.75170 -12.70000 5.00000
v 27.75170 -12.70000 6.50000
v 27.75170 12.70000 5.00000
v 27.75170 12.70000 6.50000
v 27.75170 15.30000 5.00000
v 27.75170 15.30000 6.50000
v 27.75240 -29.68540 4.50000
v 27.75240 -29.68540 7.00000
v 27.75240 -23.81460 6.50000
v 27.75240 -23.81460 7.00000
v 27.75240 -16.93540 6.50000
v 27.75240 -16.93540 7.00000
v 27.75240 -11.06460 6.50000
v 27.75240 -11.06460 7.00000
v 27.75240 11.06460 6.50000
v 27.75240 11.06460 7.00000
v 27.75240 16.93540 6.50000
v 27.75240 16.93540 7.00000
v 27.75240 23.81460 6.50000
v 27.75240 23.81460 7.00000
v 27.75240 29.68540 4.50000
v 27.75240 29.68540 7.00000
v 27.79610 -32.31830 0.00000
v 27.79610 -32.31830 4.50000
v 27.79610 -8.45672 4.50000
v 27.79610 -8.45672 6.50000
v 27.79610 -8.43172 0.00000
v 27.79610 -8.43172 4.50000
v 27.79610 8.43172 0.00000
v 27.79610 8.43172 4.50000
v 27.79610 8.45672 4.50000
v 27.79610 8.45672 6.50000
v 27.79610 32.31830 0.00000
v 27.79610 32.31830 4.50000
v 27.80970 -27.70670 0.00000
v 27.80970 -27.70670 1.30000
v 27.80970 -25.79330 0.00000
v 27.80970 -25.79330 1.30000
v 27.80970 -14.95670 0.00000
v 27.80970 -14.95670 1.30000
v 27.80970 -13.04330 0.00000
v 27.80970 -13.04330 1.30000
v 27.80970 13.04330 0.00000
v 27.80970 13.04330 1.30000
v 27.80970 14.95670 0.00000
v 27.80970 14.95670 1.30000
v 27.80970 25.79330 0.00000
v 27.80970 25.79330 1.30000
v 27.80970 27.70670 0.00000
v 27.80970 27.70670 1.30000
v 27.83830 -28.10000 5.00000
v 27.83830 -28.10000 7.00000
v 27.83830 -25.40000 5.00000
v 27.83830 -25.40000 7.00000
v 27.83830 -15.35000 6.50000
v 27.83830 -15.35000 7.00000
v 27.83830 -12.65000 6.50000
v 27.83830 -12.65000 7.00000
v 27.83830 12.65000 6.50000
v 27.83830 12.65000 7.00000
v 27.83830 15.35000 6.50000
v 27.83830 15.35000 7.00000
v 27.83830 25.40000 5.00000
v 27.83830 25.40000 7.00000
v 27.83830 28.10000 5.00000
v 27.83830 28.10000 7.00000
v 27.90210 -14.99500 5.00000
v 27.90210 -14.99500 6.50000
v 27.90210 -13.00500 5.00000
v 27.90210 -13.00500 6.50000
v 27.90210 13.00500 5.00000
v 27.90210 13.00500 6.50000
v 27.90210 14.99500 5.00000
v 27.90210 14.99500 6.50000
v 27.91480 -27.39700 0.00000
v 27.91480 -27.39700 1.30000
v 27.91480 -26.10300 0.00000
v 27.91480 -26.10300 1.30000
v 27.91480 -14.64700 0.00000
v 27.91480 -14.64700 1.30000
v 27.91480 -13.35300 0.00000
v 27.91480 -13.35300 1.30000
v 27.91480 13.35300 0.00000
v 27.91480 13.35300 1.30000
v 27.91480 14.64700 0.00000
v 27.91480 14.64700 1.30000
v 27.91480 26.10300 0.00000
v 27.91480 26.10300 1.30000
v 27.91480 27.39700 0.00000
v 27.91480 27.39700 1.30000
v 27.97860 -27.07630 0.00000
v 27.97860 -27.07630 1.30000
v 27.97860 -26.42370 0.00000
v 27.97860 -26.42370 1.30000
v 27.97860 -14.32630 0.00000
v 27.97860 -14.32630 1.30000
v 27.97860 -13.67370 0.00000
v 27.97860 -13.67370 1.30000
v 27.97860 13.67370 0.00000
v 27.97860 13.67370 1.30000
v 27.97860 14.32630 0.00000
v 27.97860 14.32630 1.30000
v 27.97860 26.42370 0.00000
v 27.97860 26.42370 1.30000
v 27.97860 27.07630 0.00000
v 27.97860 27.07630 1.30000
v 27.99450 -27.78320 5.00000
v 27.99450 -27.78320 7.00000
v 27.99450 -25.71680 5.00000
v 27.99450 -25.71680 7.00000
v 27.99450 -15.03320 6.50000
v 27.99450 -15.03320 7.00000
v 27.99450 -12.96680 6.50000
v 27.99450 -12.96680 7.00000
v 27.99450 12.96680 6.50000
v 27.99450 12.96680 7.00000
v 27.99450 15.03320 6.50000
v 27.99450 15.03320 7.00000
v 27.99450 25.71680 5.00000
v 27.99450 25.71680 7.00000
v 27.99450 27.78320 5.00000
v 27.99450 27.78320 7.00000
v 28.00000 -26.75000 0.00000
v 28.00000 -26.75000 1.30000
v 28.00000 -14.00000 0.00000
v 28.00000 -14.00000 1.30000
v 28.00000 14.00000 0.00000
v 28.00000 14.00000 1.30000
v 28.00000 26.75000 0.00000
v 28.00000 26.75000 1.30000
v 28.01140 -14.67290 5.00000
v 28.01140 -14.67290 6.50000
v 28.01140 -13.32710 5.00000
v 28.01140 -13.32710 6.50000
v 28.01140 13.32710 5.00000
v 28.01140 13.32710 6.50000
v 28.01140 14.67290 5.00000
v 28.01140 14.67290 6.50000
v 28.07780 -14.33940 5.00000
v 28.07780 -14.33940 6.50000
v 28.07780 -13.66060 5.00000
v 28.07780 -13.66060 6.50000
v 28.07780 13.66060 5.00000
v 28.07780 13.66060 6.50000
v 28.07780 14.33940 5.00000
v 28.07780 14.33940 6.50000
v 28.10000 -14.00000 5.00000
v 28.10000 -14.00000 6.50000
v 28.10000 14.00000 5.00000
v 28.10000 14.00000 6.50000
v 28.10800 -27.44880 5.00000
v 28.10800 -27.44880 7.00000
v 28.10800 -26.05120 5.00000
v 28.10800 -26.05120 7.00000
v 28.10800 -14.69880 6.50000
v 28.10800 -14.69880 7.00000
v 28.10800 -13.30120 6.50000
v 28.10800 -13.30120 7.00000
v 28.10800 13.30120 6.50000
v 28.10800 13.30120 7.00000
v 28.10800 14.69880 6.50000
v 28.10800 14.69880 7.00000
v 28.10800 26.05120 5.00000
v 28.10800 26.05120 7.00000
v 28.10800 27.44880 5.00000
v 28.10800 27.44880 7.00000
v 28.11630 -29.36630 4.50000
v 28.11630 -29.36630 7.00000
v 28.11630 -24.13370 6.50000
v 28.11630 -24.13370 7.00000
v 28.11630 -16.61630 6.50000
v 28.11630 -16.61630 7.00000
v 28.11630 -11.38370 6.50000
v 28.11630 -11.38370 7.00000
v 28.11630 11.38370 6.50000
v 28.11630 11.38370 7.00000
v 28.11630 16.61630 6.50000
v 28.11630 16.61630 7.00000
v 28.11630 24.13370 6.50000
v 28.11630 24.13370 7.00000
v 28.11630 29.36630 4.50000
v 28.11630 29.36630 7.00000
v 28.17690 -27.10240 5.00000
v 28.17690 -27.10240 7.00000
v 28.17690 -26.39760 5.00000
v 28.17690 -26.39760 7.00000
v 28.17690 -14.35240 6.50000
v 28.17690 -14.35240 7.00000
v 28.17690 -13.64760 6.50000
v 28.17690 -13.64760 7.00000
v 28.17690 13.64760 6.50000
v 28.17690 13.64760 7.00000
v 28.17690 14.35240 6.50000
v 28.17690 14.35240 7.00000
v 28.17690 26.39760 5.00000
v 28.17690 26.39760 7.00000
v 28.17690 27.10240 5.00000
v 28.17690 27.10240 7.00000
v 28.20000 -26.75000 5.00000
v 28.20000 -26.75000 7.00000
v 28.20000 -14.00000 6.50000
v 28.20000 -14.00000 7.00000
v 28.20000 14.00000 6.50000
v 28.20000 14.00000 7.00000
v 28.20000 26.75000 5.00000
v 28.20000 26.75000 7.00000
v 28.43540 -29.00240 4.50000
v 28.43540 -29.00240 7.00000
v 28.43540 -24.49760 6.50000
v 28.43540 -24.49760 7.00000
v 28.43540 -16.25240 6.50000
v 28.43540 -16.25240 7.00000
v 28.43540 -11.74760 6.50000
v 28.43540 -11.74760 7.00000
v 28.43540 11.74760 6.50000
v 28.43540 11.74760 7.00000
v 28.43540 16.25240 6.50000
v 28.43540 16.25240 7.00000
v 28.43540 24.49760 6.50000
v 28.43540 24.49760 7.00000
v 28.43540 29.00240 4.50000
v 28.43540 29.00240 7.00000
v 28.50000 -31.97120 0.00000
v 28.50000 -31.97120 4.50000
v 28.50000 -8.80385 4.50000
v 28.50000 -8.80385 6.50000
v 28.50000 -8.77885 0.00000
v 28.50000 -8.77885 4.50000
v 28.50000 8.77885 0.00000
v 28.50000 8.77885 4.50000
v 28.50000 8.80385 4.50000
v 28.50000 8.80385 6.50000
v 28.50000 31.97120 0.00000
v 28.50000 31.97120 4.50000
v 28.70430 -28.60000 4.50000
v 28.70430 -28.60000 7.00000
v 28.70430 -24.90000 6.50000
v 28.70430 -24.90000 7.00000
v 28.70430 -15.85000 6.50000
v 28.70430 -15.85000 7.00000
v 28.70430 -12.15000 6.50000
v 28.70430 -12.15000 7.00000
v 28.70430 12.15000 6.50000
v 28.70430 12.15000 7.00000
v 28.70430 15.85000 6.50000
v 28.70430 15.85000 7.00000
v 28.70430 24.90000 6.50000
v 28.70430 24.90000 7.00000
v 28.70430 28.60000 4.50000
v 28.70430 28.60000 7.00000
v 28.91840 -28.16590 4.50000
v 28.91840 -28.16590 7.00000
v 28.91840 -25.33410 6.50000
v 28.91840 -25.33410 7.00000
v 28.91840 -15.41590 6.50000
v 28.91840 -15.41590 7.00000
v 28.91840 -12.58410 6.50000
v 28.91840 -12.58410 7.00000
v 28.91840 12.58410 6.50000
v 28.91840 12.58410 7.00000
v 28.91840 15.41590 6.50000
v 28.91840 15.41590 7.00000
v 28.91840 25.33410 6.50000
v 28.91840 25.33410 7.00000
v 28.91840 28.16590 4.50000
v 28.91840 28.16590 7.00000
v 29.01990 -25.63330 4.50000
v 29.01990 -25.63330 6.50000
v 29.01990 25.63330 4.50000
v 29.01990 25.63330 6.50000
v 29.07390 -27.70760 4.50000
v 29.07390 -27.70760 7.00000
v 29.07390 -25.79240 4.50000
v 29.07390 -25.79240 7.00000
v 29.07390 -14.95760 6.50000
v 29.07390 -14.95760 7.00000
v 29.07390 -13.04240 6.50000
v 29.07390 -13.04240 7.00000
v 29.07390 13.04240 6.50000
v 29.07390 13.04240 7.00000
v 29.07390 14.95760 6.50000
v 29.07390 14.95760 7.00000
v 29.07390 25.79240 4.50000
v 29.07390 25.79240 7.00000
v 29.07390 27.70760 4.50000
v 29.07390 27.70760 7.00000
v 29.15260 -31.53510 0.00000
v 29.15260 -31.53510 4.50000
v 29.15260 -9.23988 4.50000
v 29.15260 -9.23988 6.50000
v 29.15260 -9.21488 0.00000
v 29.15260 -9.21488 4.50000
v 29.15260 9.21488 0.00000
v 29.15260 9.21488 4.50000
v 29.15260 9.23988 4.50000
v 29.15260 9.23988 6.50000
v 29.15260 31.53510 0.00000
v 29.15260 31.53510 4.50000
v 29.16830 -27.23290 4.50000
v 29.16830 -27.23290 7.00000
v 29.16830 -26.26710 4.50000
v 29.16830 -26.26710 7.00000
v 29.16830 -14.48290 6.50000
v 29.16830 -14.48290 7.00000
v 29.16830 -13.51710 6.50000
v 29.16830 -13.51710 7.00000
v 29.16830 13.51710 6.50000
v 29.16830 13.51710 7.00000
v 29.16830 14.48290 6.50000
v 29.16830 14.48290 7.00000
v 29.16830 26.26710 4.50000
v 29.16830 26.26710 7.00000
v 29.16830 27.23290 4.50000
v 29.16830 27.23290 7.00000
v 29.20000 -26.75000 4.50000
v 29.20000 -26.75000 7.00000
v 29.20000 -14.00000 6.50000
v 29.20000 -14.00000 7.00000
v 29.20000 14.00000 6.50000
v 29.20000 14.00000 7.00000
v 29.20000 26.75000 4.50000
v 29.20000 26.75000 7.00000
v 29.53050 -25.18550 4.50000
v 29.53050 -25.18550 6.50000
v 29.53050 25.18550 4.50000
v 29.53050 25.18550 6.50000
v 29.74260 -31.01760 0.00000
v 29.74260 -31.01760 4.50000
v 29.74260 -9.75736 4.50000
v 29.74260 -9.75736 6.50000
v 29.74260 -9.73236 0.00000
v 29.74260 -9.73236 4.50000
v 29.74260 9.73236 0.00000
v 29.74260 9.73236 4.50000
v 29.74260 9.75736 4.50000
v 29.74260 9.75736 6.50000
v 29.74260 31.01760 0.00000
v 29.74260 31.01760 4.50000
v 30.02210 -24.62490 4.50000
v 30.02210 -24.62490 6.50000
v 30.02210 24.62490 4.50000
v 30.02210 24.62490 6.50000
v 30.26010 -30.42760 0.00000
v 30.26010 -30.42760 4.50000
v 30.26010 -10.34740 4.50000
v 30.26010 -10.34740 6.50000
v 30.26010 -10.32240 0.00000
v 30.26010 -10.32240 4.50000
v 30.26010 10.32240 0.00000
v 30.26010 10.32240 4.50000
v 30.26010 10.34740 4.50000
v 30.26010 10.34740 6.50000
v 30.26010 30.42760 0.00000
v 30.26010 30.42760 4.50000
v 30.43630 -24.00500 4.50000
v 30.43630 -24.00500 6.50000
v 30.43630 24.00500 4.50000
v 30.43630 24.00500 6.50000
v 30.69620 -29.77500 0.00000
v 30.69620 -29.77500 4.50000
v 30.69620 -11.00000 4.50000
v 30.69620 -11.00000 6.50000
v 30.69620 -10.97500 0.00000
v 30.69620 -10.97500 4.50000
v 30.69620 10.97500 0.00000
v 30.69620 10.97500 4.50000
v 30.69620 11.00000 4.50000
v 30.69620 11.00000 6.50000
v 30.69620 29.77500 0.00000
v 30.69620 29.77500 4.50000
v 30.76610 -23.33630 4.50000
v 30.76610 -23.33630 6.50000
v 30.76610 23.33630 4.50000
v 30.76610 23.33630 6.50000
v 31.00580 -22.63030 4.50000
v 31.00580 -22.63030 6.50000
v 31.00580 22.63030 4.50000
v 31.00580 22.63030 6.50000
v 31.04330 -29.07110 0.00000
v 31.04330 -29.07110 4.50000
v 31.04330 -11.70390 4.50000
v 31.04330 -11.70390 6.50000
v 31.04330 -11.67890 0.00000
v 31.04330 -11.67890 4.50000
v 31.04330 11.67890 0.00000
v 31.04330 11.67890 4.50000
v 31.04330 11.70390 4.50000
v 31.04330 11.70390 6.50000
v 31.04330 29.07110 0.00000
v 31.04330 29.07110 4.50000
v 31.15120 -21.89900 4.50000
v 31.15120 -21.89900 6.50000
v 31.15120 21.89900 4.50000
v 31.15120 21.89900 6.50000
v 31.20000 -21.15500 4.50000
v 31.20000 -21.15500 6.50000
v 31.20000 -15.83440 4.50000
v 31.20000 -15.83440 6.50000
v 31.20000 15.83440 4.50000
v 31.20000 15.83440 6.50000
v 31.20000 21.15500 4.50000
v 31.20000 21.15500 6.50000
v 31.29560 -28.32790 0.00000
v 31.29560 -28.32790 4.50000
v 31.29560 -15.55290 4.50000
v 31.29560 -15.55290 6.50000
v 31.29560 -12.44710 4.50000
v 31.29560 -12.44710 6.50000
v 31.29560 -12.42210 0.00000
v 31.29560 -12.42210 4.50000
v 31.29560 12.42210 0.00000
v 31.29560 12.42210 4.50000
v 31.29560 12.44710 4.50000
v 31.29560 12.44710 6.50000
v 31.29560 15.55290 4.50000
v 31.29560 15.55290 6.50000
v 31.29560 28.32790 0.00000
v 31.29560 28.32790 4.50000
v 31.44870 -27.55820 0.00000
v 31.44870 -27.55820 4.50000
v 31.44870 -14.78320 4.50000
v 31.44870 -14.78320 6.50000
v 31.44870 -13.21680 4.50000
v 31.44870 -13.21680 6.50000
v 31.44870 -13.19180 0.00000
v 31.44870 -13.19180 4.50000
v 31.44870 13.19180 0.00000
v 31.44870 13.19180 4.50000
v 31.44870 13.21680 4.50000
v 31.44870 13.21680 6.50000
v 31.44870 14.78320 4.50000
v 31.44870 14.78320 6.50000
v 31.44870 27.55820 0.00000
v 31.44870 27.55820 4.50000
v 31.50000 -26.77500 0.00000
v 31.50000 -26.77500 4.50000
v 31.50000 -14.00000 4.50000
v 31.50000 -14.00000 6.50000
v 31.50000 -13.97500 0.00000
v 31.50000 -13.97500 4.50000
v 31.50000 13.97500 0.00000
v 31.50000 13.97500 4.50000
v 31.50000 14.00000 4.50000
v 31.50000 14.00000 6.50000
v 31.50000 26.77500 0.00000
v 31.50000 26.77500 4.50000
f 5590 5606 5589
f 5605 5608 5606
f 5606 5620 5605
f 5619 5622 5620
f 5564 5590 5563
f 5589 5592 5590
f 5528 5544 5527
f 5543 5527 5544
f 5512 5511 5472
f 5471 5472 5511
f 3544 3543 3344
f 3343 3344 3543
f 5606 5499 5620
f 5590 5487 5606
f 5604 5620 5499
f 5499 5485 5604
f 5580 5353 5578
f 5564 5459 5590
f 5588 5604 5485
f 5457 5437 5580
f 5437 5421 5580
f 5544 5439 5564
f 5421 5393 5580
f 5528 5423 5544
f 5580 5588 5457
f 5512 5395 5528
f 5393 5353 5580
f 5485 5457 5588
f 5499 5606 5487
f 5472 5355 5512
f 5487 5590 5459
f 5459 5564 5439
f 5439 5544 5423
f 5408 5195 5472
f 5423 5528 5395
f 5395 5512 5355
f 5208 5099 5408
f 5355 5472 5195
f 5195 5408 5099
f 5000 4923 5208
f 5099 5208 4923
f 4923 5000 4711
f 5000 4640 4711
f 4711 4640 4547
f 4640 4376 4547
f 4547 4376 4373
f 4373 4376 4207
f 4376 4112 4207
f 4207 4112 4043
f 4112 3752 4043
f 3831 4043 3752
f 3752 3544 3831
f 3655 3831 3544
f 3544 3344 3655
f 3559 3655 3344
f 3344 3280 3559
f 3399 3559 3280
f 3280 3240 3399
f 3359 3399 3240
f 3240 3224 3359
f 3331 3359 3224
f 3224 3208 3331
f 3315 3331 3208
f 3208 3188 3315
f 3295 3315 3188
f 3176 3174 3255
f 3188 3162 3295
f 3250 3255 3174
f 3267 3295 3162
f 3234 3250 3174
f 3218 3234 3174
f 3162 3146 3267
f 3202 3218 3174
f 3198 3202 3174
f 3255 3267 3146
f 3146 3132 3255
f 3144 3160 3255
f 3176 3255 3160
f 3144 3255 3132
f 5353 5193 5578
f 5193 5097 5578
f 5097 4921 5578
f 4921 4919 5578
f 5450 5506 5435
f 4919 5095 5578
f 5435 5506 5419
f 5558 5574 5191
f 5506 5522 5419
f 5522 5538 5391
f 5391 5419 5522
f 5538 5554 5351
f 5351 5391 5538
f 5554 5558 5191
f 5191 5351 5554
f 5574 5578 5095
f 5095 5191 5574
f 4921 4709 4919
f 4919 4709 4707
f 4709 4545 4707
f 4707 4545 4543
f 4545 4347 4543
f 4543 4347 4345
f 4347 4205 4345
f 4345 4205 4203
f 4205 4041 4203
f 4203 4041 4039
f 4041 3829 4039
f 4039 3829 3827
f 3829 3653 3827
f 3827 3653 3651
f 3653 3557 3651
f 3651 3557 3555
f 3557 3397 3555
f 3555 3397 3395
f 3357 3250 3397
f 3395 3397 3250
f 3329 3250 3357
f 3355 3395 3250
f 3313 3250 3329
f 3327 3355 3250
f 3311 3327 3250
f 3293 3250 3313
f 3265 3250 3293
f 3255 3250 3265
f 3306 3311 3250
f 3182 3198 3174
f 5371 5330 5383
f 5339 5324 5371
f 5369 5383 5330
f 5330 5322 5369
f 5330 5371 5324
f 5324 5339 5316
f 5339 5295 5316
f 5316 5295 5252
f 5295 5239 5252
f 5252 5239 5184
f 5239 5155 5184
f 5184 5155 5144
f 5155 5115 5144
f 5144 5115 5088
f 5115 5059 5088
f 5088 5059 5012
f 5059 4883 5012
f 5012 4883 4872
f 4883 4759 4872
f 4872 4759 4748
f 4759 4619 4748
f 4748 4619 4608
f 4619 4499 4608
f 4608 4499 4488
f 4499 4371 4488
f 4488 4371 4370
f 4370 4371 4268
f 4371 4255 4268
f 4268 4255 4148
f 4255 4135 4148
f 4148 4135 4008
f 4135 3995 4008
f 4008 3995 3884
f 3995 3871 3884
f 3884 3871 3744
f 3871 3695 3744
f 3744 3695 3668
f 3695 3639 3668
f 3668 3639 3612
f 3639 3599 3612
f 3612 3599 3572
f 3599 3515 3572
f 3572 3515 3504
f 3515 3459 3504
f 3504 3459 3440
f 3459 3415 3440
f 3415 3383 3432
f 3432 3440 3415
f 5337 5369 5322
f 5322 5314 5337
f 5337 5314 5293
f 5314 5250 5293
f 5293 5250 5237
f 5250 5182 5237
f 5237 5182 5153
f 5182 5142 5153
f 5153 5142 5113
f 5142 5086 5113
f 5113 5086 5057
f 5086 5010 5057
f 5057 5010 4881
f 5010 4870 4881
f 4881 4870 4757
f 4870 4746 4757
f 4757 4746 4617
f 4746 4606 4617
f 4617 4606 4497
f 4606 4486 4497
f 4486 4352 4497
f 4497 4352 4349
f 4352 4266 4349
f 4349 4266 4253
f 4266 4146 4253
f 4253 4146 4133
f 4146 4006 4133
f 4133 4006 3993
f 4006 3882 3993
f 3993 3882 3869
f 3882 3742 3869
f 3869 3742 3693
f 3742 3666 3693
f 3693 3666 3637
f 3666 3610 3637
f 3637 3610 3597
f 3610 3570 3597
f 3597 3570 3513
f 3570 3502 3513
f 3513 3502 3457
f 3502 3438 3457
f 3430 3413 3438
f 3457 3438 3413
f 3426 3381 3430
f 3426 3432 3383
f 3383 3371 3426
f 3413 3430 3381
f 3381 3426 3371
f 5408 5407 5208
f 5207 5208 5407
f 5544 5564 5543
f 5563 5543 5564
f 3207 3187 3208
f 3188 3208 3187
f 5512 5528 5511
f 5527 5511 5528
f 5604 5588 5603
f 5587 5603 5588
f 5620 5604 5619
f 5603 5619 5604
f 3159 3175 3160
f 3176 3160 3175
f 3131 3143 3132
f 3144 3132 3143
f 3752 3751 3544
f 3543 3544 3751
f 5000 4999 4640
f 4639 4640 4999
f 5259 5219 5617
f 5307 5621 5277
f 5219 5167 5617
f 5277 5621 5261
f 5167 5127 5617
f 5261 5621 5221
f 5127 5071 5617
f 5221 5621 5169
f 5621 5617 5071
f 5169 5621 5129
f 5071 5073 5621
f 5129 5621 5073
f 5071 4959 5073
f 5073 4959 4961
f 4959 4831 4961
f 4961 4831 4833
f 4831 4691 4833
f 4833 4691 4693
f 4691 4591 4693
f 4693 4591 4593
f 4591 4471 4593
f 4593 4471 4473
f 4471 4341 4473
f 4473 4341 4353
f 4341 4275 4353
f 4353 4275 4277
f 4275 4155 4277
f 4277 4155 4157
f 4155 4055 4157
f 4157 4055 4057
f 4055 3915 4057
f 4057 3915 3917
f 3915 3787 3917
f 3917 3787 3789
f 3787 3675 3789
f 3789 3675 3677
f 3619 3129 3675
f 3677 3675 3129
f 3579 3129 3619
f 3129 3133 3677
f 3527 3129 3579
f 3621 3677 3133
f 3487 3129 3527
f 3581 3621 3133
f 3471 3129 3487
f 3529 3581 3133
f 3445 3129 3471
f 3489 3529 3133
f 5601 5273 5617
f 5305 5275 5617
f 5585 5257 5601
f 5275 5259 5617
f 5561 5217 5585
f 5307 5279 5621
f 5541 5165 5561
f 5607 5621 5279
f 5525 5125 5541
f 5279 5263 5607
f 5509 5069 5525
f 5591 5607 5263
f 5469 5069 5509
f 5263 5223 5591
f 5405 4957 5469
f 5565 5591 5223
f 5223 5171 5565
f 5305 5617 5273
f 5273 5601 5257
f 5257 5585 5217
f 5205 4829 5405
f 5217 5561 5165
f 5165 5541 5125
f 5125 5525 5069
f 4997 4689 5205
f 5069 5469 4957
f 4957 5405 4829
f 4829 5205 4689
f 4637 4589 4997
f 4689 4997 4589
f 4589 4637 4469
f 4637 4329 4469
f 4469 4329 4335
f 4335 4329 4273
f 4329 4109 4273
f 4153 4273 4109
f 4109 3749 4153
f 4053 4153 3749
f 3749 3541 4053
f 3913 4053 3541
f 3541 3341 3913
f 3785 3913 3341
f 3341 3277 3785
f 3673 3785 3277
f 3277 3237 3673
f 3237 3221 3673
f 3617 3673 3221
f 3221 3205 3617
f 3205 3185 3577
f 3577 3617 3205
f 5545 5565 5171
f 5171 5131 5545
f 5529 5545 5131
f 5131 5075 5529
f 5513 5529 5075
f 5473 5513 5075
f 5075 4963 5473
f 5409 5473 4963
f 4963 4835 5409
f 5209 5409 4835
f 4835 4695 5209
f 5001 5209 4695
f 4695 4595 5001
f 4641 5001 4595
f 4595 4475 4641
f 4475 4367 4641
f 4641 4367 4377
f 4367 4279 4377
f 4159 4113 4279
f 4377 4279 4113
f 4059 3753 4159
f 3919 3545 4059
f 3791 3345 3919
f 4113 4159 3753
f 3679 3281 3791
f 3623 3225 3679
f 3583 3209 3623
f 3753 4059 3545
f 3531 3189 3583
f 3491 3163 3531
f 3475 3147 3491
f 3447 3133 3475
f 3545 3919 3345
f 3473 3489 3133
f 3525 3577 3185
f 3447 3473 3133
f 3185 3157 3525
f 3147 3475 3133
f 3485 3525 3157
f 3345 3791 3281
f 3157 3141 3485
f 3281 3679 3241
f 3469 3485 3141
f 3241 3679 3225
f 3141 3129 3469
f 3225 3623 3209
f 3445 3469 3129
f 3209 3583 3189
f 3189 3531 3163
f 3163 3491 3147
f 5208 5207 5000
f 4999 5000 5207
f 5588 5580 5587
f 5579 5587 5580
f 4112 4111 3752
f 3751 3752 4111
f 3187 3164 3188
f 3162 3188 3161
f 5472 5471 5408
f 5407 5408 5471
f 3239 3223 3240
f 3224 3240 3223
f 3145 3134 3146
f 3132 3146 3131
f 3344 3343 3280
f 3279 3280 3343
f 3280 3279 3240
f 3239 3240 3279
f 3161 3148 3162
f 3146 3162 3145
f 4376 4375 4112
f 4111 4112 4375
f 3143 3159 3144
f 3160 3144 3159
f 4640 4639 4376
f 4375 4376 4639
f 3223 3207 3224
f 3208 3224 3207
f 4430 4429 4360
f 4359 4360 4429
f 4811 4819 4812
f 4820 4812 4819
f 4819 4825 4820
f 4826 4820 4825
f 4779 4811 4780
f 4812 4780 4811
f 4362 4361 4432
f 4431 4432 4361
f 4122 4121 4078
f 4077 4078 4121
f 3930 3934 3929
f 3933 3929 3934
f 4080 4079 4124
f 4123 4124 4079
f 4675 4683 4676
f 4684 4676 4683
f 4825 4817 4826
f 4818 4826 4817
f 4536 4535 4560
f 4559 4560 4535
f 4777 4769 4778
f 4770 4778 4769
f 4290 4289 4218
f 4217 4218 4289
f 4683 4771 4684
f 4772 4684 4771
f 4771 4779 4772
f 4780 4772 4779
f 3982 4070 3981
f 4069 3981 4070
f 4558 4557 4534
f 4533 4534 4557
f 4196 4195 4220
f 4219 4220 4195
f 3936 3930 3935
f 3929 3935 3930
f 4432 4431 4464
f 4463 4464 4431
f 4080 4072 4079
f 4071 4079 4072
f 4809 4777 4810
f 4778 4810 4777
f 3944 3936 3943
f 3935 3943 3936
f 4218 4217 4194
f 4193 4194 4217
f 4124 4123 4196
f 4195 4196 4123
f 4674 4673 4630
f 4629 4630 4673
f 4220 4219 4292
f 4291 4292 4219
f 4769 4681 4770
f 4682 4770 4681
f 4630 4629 4558
f 4557 4558 4629
f 4681 4673 4682
f 4674 4682 4673
f 4817 4809 4818
f 4810 4818 4809
f 4324 4323 4362
f 4361 4362 4323
f 3974 3982 3973
f 3981 3973 3982
f 4194 4193 4122
f 4121 4122 4193
f 3984 3976 3983
f 3975 3983 3976
f 4560 4559 4632
f 4631 4632 4559
f 3934 3942 3933
f 3941 3933 3942
f 4534 4533 4462
f 4461 4462 4533
f 4632 4631 4676
f 4675 4676 4631
f 4462 4461 4430
f 4429 4430 4461
f 3976 3944 3975
f 3943 3975 3944
f 4292 4291 4324
f 4323 4324 4291
f 4360 4359 4322
f 4321 4322 4359
f 3942 3974 3941
f 3973 3941 3974
f 4070 4078 4069
f 4077 4069 4078
f 4322 4321 4290
f 4289 4290 4321
f 4464 4463 4536
f 4535 4536 4463
f 4072 3984 4071
f 3983 4071 3984
f 5315 5323 5316
f 5324 5316 5323
f 5323 5329 5324
f 5330 5324 5329
f 5251 5315 5252
f 5316 5252 5315
f 3668 3667 3744
f 3743 3744 3667
f 4370 4369 4488
f 4487 4488 4369
f 3504 3440 3503
f 3439 3503 3440
f 5321 5313 5322
f 5314 5322 5313
f 3570 3610 3569
f 3609 3569 3610
f 3440 3432 3439
f 3431 3439 3432
f 3744 3743 3884
f 3883 3884 3743
f 3438 3502 3437
f 3501 3437 3502
f 3430 3438 3429
f 3437 3429 3438
f 4746 4745 4606
f 4605 4606 4745
f 3668 3612 3667
f 3611 3667 3612
f 4606 4605 4486
f 4485 4486 4605
f 4008 4007 4148
f 4147 4148 4007
f 5183 5251 5184
f 5252 5184 5251
f 3426 3430 3425
f 3429 3425 3430
f 4352 4351 4266
f 4265 4266 4351
f 4488 4487 4608
f 4607 4608 4487
f 5181 5141 5182
f 5142 5182 5141
f 3610 3666 3609
f 3665 3609 3666
f 4266 4265 4146
f 4145 4146 4265
f 4872 4871 5012
f 5011 5012 4871
f 5329 5321 5330
f 5322 5330 5321
f 4148 4147 4268
f 4267 4268 4147
f 5087 5143 5088
f 5144 5088 5143
f 5012 5011 5088
f 5087 5088 5011
f 3502 3570 3501
f 3569 3501 3570
f 4146 4145 4006
f 4005 4006 4145
f 4486 4485 4352
f 4351 4352 4485
f 5010 5009 4870
f 4869 4870 5009
f 5313 5249 5314
f 5250 5314 5249
f 4748 4747 4872
f 4871 4872 4747
f 5143 5183 5144
f 5184 5144 5183
f 5086 5085 5010
f 5009 5010 5085
f 5141 5085 5142
f 5086 5142 5085
f 4608 4607 4748
f 4747 4748 4607
f 4268 4267 4370
f 4369 4370 4267
f 3742 3741 3666
f 3665 3666 3741
f 5249 5181 5250
f 5182 5250 5181
f 3432 3426 3431
f 3425 3431 3426
f 4870 4869 4746
f 4745 4746 4869
f 4006 4005 3882
f 3881 3882 4005
f 3884 3883 4008
f 4007 4008 3883
f 5027 4826 5045
f 4983 4820 5027
f 5023 5045 4826
f 4943 4812 4983
f 4826 4818 5023
f 4903 4780 4943
f 4979 5023 4818
f 4855 4772 4903
f 4818 4810 4979
f 4939 4979 4810
f 4826 5027 4820
f 4820 4983 4812
f 4795 4684 4855
f 4812 4943 4780
f 4780 4903 4772
f 4731 4676 4795
f 4772 4855 4684
f 4684 4795 4676
f 4659 4632 4731
f 4676 4731 4632
f 4575 4560 4659
f 4632 4659 4560
f 4560 4575 4536
f 4575 4519 4536
f 4536 4519 4464
f 4519 4447 4464
f 4464 4447 4432
f 4447 4365 4432
f 4432 4365 4362
f 4362 4365 4324
f 4365 4307 4324
f 4324 4307 4292
f 4307 4235 4292
f 4292 4235 4220
f 4235 4179 4220
f 4196 4220 4179
f 4179 4095 4196
f 4124 4196 4095
f 4095 4023 4124
f 4080 4124 4023
f 4023 3959 4080
f 4072 4080 3959
f 3959 3899 4072
f 3984 4072 3899
f 3899 3851 3984
f 3976 3984 3851
f 3851 3811 3976
f 3944 3976 3811
f 4810 4778 4939
f 4899 4939 4778
f 4778 4770 4899
f 4851 4899 4770
f 4770 4682 4851
f 4791 4851 4682
f 4682 4674 4791
f 4727 4791 4674
f 4674 4630 4727
f 4655 4727 4630
f 4630 4558 4655
f 4571 4655 4558
f 4558 4534 4571
f 4571 4534 4515
f 4534 4462 4515
f 4515 4462 4443
f 4462 4430 4443
f 4430 4360 4443
f 4443 4360 4357
f 4360 4322 4357
f 4357 4322 4303
f 4322 4290 4303
f 4303 4290 4231
f 4290 4218 4231
f 4194 4175 4218
f 4231 4218 4175
f 4122 4091 4194
f 4175 4194 4091
f 4078 4019 4122
f 4070 3955 4078
f 4091 4122 4019
f 3982 3895 4070
f 3974 3847 3982
f 4019 4078 3955
f 3942 3807 3974
f 3934 3767 3942
f 3930 3723 3934
f 3811 3771 3944
f 3955 4070 3895
f 3936 3944 3771
f 3895 3982 3847
f 3771 3727 3936
f 3847 3974 3807
f 3930 3936 3727
f 3807 3942 3767
f 3727 3709 3930
f 3767 3934 3723
f 3723 3930 3709
f 3572 3504 3571
f 3503 3571 3504
f 3612 3572 3611
f 3571 3611 3572
f 3882 3881 3742
f 3741 3742 3881
f 4060 4059 4160
f 4159 4160 4059
f 5263 5279 5264
f 5280 5264 5279
f 5279 5307 5280
f 5308 5280 5307
f 3492 3476 3491
f 3475 3491 3476
f 4368 4367 4476
f 4475 4476 4367
f 3584 3532 3583
f 3531 3583 3532
f 5131 5171 5132
f 5172 5132 5171
f 4964 4963 5076
f 5075 5076 4963
f 4058 4057 3918
f 3917 3918 4057
f 5307 5277 5308
f 5278 5308 5277
f 5075 5131 5076
f 5132 5076 5131
f 4596 4595 4696
f 4695 4696 4595
f 3918 3917 3790
f 3789 3790 3917
f 3582 3622 3581
f 3621 3581 3622
f 4474 4473 4354
f 4353 4354 4473
f 4694 4693 4594
f 4593 4594 4693
f 4354 4353 4278
f 4277 4278 4353
f 4834 4833 4694
f 4693 4694 4833
f 3680 3624 3679
f 3623 3679 3624
f 4696 4695 4836
f 4835 4836 4695
f 3920 3919 4060
f 4059 4060 3919
f 5129 5073 5130
f 5074 5130 5073
f 4278 4277 4158
f 4157 4158 4277
f 5169 5129 5170
f 5130 5170 5129
f 3790 3789 3678
f 3677 3678 3789
f 4594 4593 4474
f 4473 4474 4593
f 5221 5169 5222
f 5170 5222 5169
f 3474 3490 3473
f 3489 3473 3490
f 5261 5221 5262
f 5222 5262 5221
f 3532 3492 3531
f 3491 3531 3492
f 4280 4279 4368
f 4367 4368 4279
f 3530 3582 3529
f 3581 3529 3582
f 4836 4835 4964
f 4963 4964 4835
f 3680 3679 3792
f 3791 3792 3679
f 3792 3791 3920
f 3919 3920 3791
f 4476 4475 4596
f 4595 4596 4475
f 5277 5261 5278
f 5262 5278 5261
f 5074 5073 4962
f 4961 4962 5073
f 3448 3474 3447
f 3473 3447 3474
f 5171 5223 5172
f 5224 5172 5223
f 4962 4961 4834
f 4833 4834 4961
f 5223 5263 5224
f 5264 5224 5263
f 4160 4159 4280
f 4279 4280 4159
f 3476 3448 3475
f 3447 3475 3448
f 4158 4157 4058
f 4057 4058 4157
f 3490 3530 3489
f 3529 3489 3530
f 3622 3678 3621
f 3677 3621 3678
f 5022 4825 5044
f 4978 4817 5022
f 5026 5044 4825
f 4938 4809 4978
f 4825 4819 5026
f 4898 4777 4938
f 4982 5026 4819
f 4850 4769 4898
f 4819 4811 4982
f 4942 4982 4811
f 4825 5022 4817
f 4817 4978 4809
f 4790 4681 4850
f 4809 4938 4777
f 4777 4898 4769
f 4726 4673 4790
f 4769 4850 4681
f 4681 4790 4673
f 4654 4629 4726
f 4673 4726 4629
f 4570 4557 4654
f 4629 4654 4557
f 4557 4570 4533
f 4570 4514 4533
f 4533 4514 4461
f 4514 4442 4461
f 4461 4442 4429
f 4442 4356 4429
f 4429 4356 4359
f 4359 4356 4321
f 4356 4302 4321
f 4321 4302 4289
f 4302 4230 4289
f 4289 4230 4217
f 4230 4174 4217
f 4193 4217 4174
f 4174 4090 4193
f 4121 4193 4090
f 4090 4018 4121
f 4077 4121 4018
f 4018 3954 4077
f 4069 4077 3954
f 3954 3894 4069
f 3981 4069 3894
f 3894 3846 3981
f 3973 3981 3846
f 3846 3806 3973
f 3941 3973 3806
f 4811 4779 4942
f 4902 4942 4779
f 4779 4771 4902
f 4854 4902 4771
f 4771 4683 4854
f 4794 4854 4683
f 4683 4675 4794
f 4730 4794 4675
f 4675 4631 4730
f 4658 4730 4631
f 4631 4559 4658
f 4574 4658 4559
f 4559 4535 4574
f 4574 4535 4518
f 4535 4463 4518
f 4518 4463 4446
f 4463 4431 4446
f 4431 4361 4446
f 4446 4361 4364
f 4361 4323 4364
f 4364 4323 4306
f 4323 4291 4306
f 4306 4291 4234
f 4291 4219 4234
f 4195 4178 4219
f 4234 4219 4178
f 4123 4094 4195
f 4178 4195 4094
f 4079 4022 4123
f 4071 3958 4079
f 4094 4123 4022
f 3983 3898 4071
f 3975 3850 3983
f 4022 4079 3958
f 3943 3810 3975
f 3935 3770 3943
f 3929 3726 3935
f 3806 3766 3941
f 3958 4071 3898
f 3933 3941 3766
f 3898 3983 3850
f 3766 3722 3933
f 3850 3975 3810
f 3929 3933 3722
f 3810 3943 3770
f 3722 3708 3929
f 3770 3935 3726
f 3726 3929 3708
f 3624 3584 3623
f 3583 3623 3584
f 5598 5614 5597
f 5613 5597 5614
f 5614 5626 5613
f 5625 5613 5626
f 5582 5598 5581
f 5597 5581 5598
f 3246 3245 3286
f 3285 3286 3245
f 5534 5518 5533
f 5517 5533 5518
f 5576 5105 5584
f 5614 5501 5626
f 5598 5491 5614
f 5612 5626 5501
f 5582 5463 5598
f 5501 5489 5612
f 5582 5584 5359
f 5560 5201 5576
f 5556 5201 5560
f 5491 5598 5463
f 5540 5361 5556
f 5501 5614 5491
f 5524 5401 5540
f 5489 5461 5596
f 5508 5429 5524
f 5570 5596 5461
f 5550 5570 5441
f 5441 5425 5550
f 5534 5550 5425
f 5425 5397 5534
f 5518 5534 5397
f 5397 5357 5518
f 5478 5518 5357
f 5357 5197 5478
f 5414 5478 5197
f 5197 5101 5414
f 5214 5414 5101
f 5101 4925 5214
f 5006 5214 4925
f 4925 4713 5006
f 5006 4713 4646
f 4713 4549 4646
f 4549 4383 4646
f 4646 4383 4382
f 4383 4209 4382
f 4382 4209 4118
f 4209 4045 4118
f 3833 3758 4045
f 4118 4045 3758
f 3657 3550 3833
f 3561 3350 3657
f 3758 3833 3550
f 3401 3286 3561
f 3361 3246 3401
f 3550 3657 3350
f 3333 3230 3361
f 3317 3214 3333
f 3297 3194 3317
f 3350 3561 3286
f 3269 3168 3297
f 3257 3152 3269
f 3178 3170 3299
f 3170 3154 3271
f 3236 3180 3252
f 3286 3401 3246
f 3220 3180 3236
f 3246 3361 3230
f 3204 3180 3220
f 3200 3180 3204
f 3230 3333 3214
f 3184 3180 3200
f 3271 3299 3170
f 3214 3317 3194
f 3257 3271 3154
f 3194 3297 3168
f 3154 3138 3257
f 3168 3269 3152
f 3152 3257 3138
f 5461 5441 5570
f 5596 5612 5489
f 5452 5445 5508
f 5445 5429 5508
f 5463 5582 5443
f 5401 5524 5429
f 5443 5582 5427
f 5361 5540 5401
f 5427 5582 5399
f 5201 5556 5361
f 5399 5582 5359
f 5105 5576 5201
f 5359 5584 5199
f 4929 5584 5105
f 5199 5584 5103
f 4927 5584 4929
f 5103 5584 4927
f 4929 4717 4927
f 4927 4717 4715
f 4717 4553 4715
f 4715 4553 4551
f 4553 4411 4551
f 4551 4411 4409
f 4411 4213 4409
f 4409 4213 4211
f 4213 4049 4211
f 4211 4049 4047
f 4049 3837 4047
f 4047 3837 3835
f 3661 3180 3837
f 3835 3837 3180
f 3565 3180 3661
f 3659 3835 3180
f 3405 3180 3565
f 3563 3659 3180
f 3252 3180 3365
f 3405 3365 3180
f 3337 3252 3365
f 3403 3563 3180
f 3321 3252 3337
f 3180 3178 3403
f 3308 3252 3321
f 3363 3403 3178
f 3335 3363 3178
f 3319 3335 3178
f 3299 3319 3178
f 5375 5332 5385
f 5343 5328 5375
f 5373 5385 5332
f 5332 5326 5373
f 5332 5375 5328
f 5328 5343 5320
f 5343 5299 5320
f 5320 5299 5256
f 5299 5243 5256
f 5256 5243 5188
f 5243 5159 5188
f 5188 5159 5148
f 5159 5119 5148
f 5148 5119 5092
f 5119 5063 5092
f 5092 5063 5016
f 5063 4887 5016
f 5016 4887 4876
f 4887 4763 4876
f 4876 4763 4752
f 4763 4623 4752
f 4752 4623 4612
f 4623 4503 4612
f 4612 4503 4492
f 4503 4407 4492
f 4492 4407 4406
f 4406 4407 4272
f 4407 4259 4272
f 4272 4259 4152
f 4259 4139 4152
f 4152 4139 4012
f 4139 3999 4012
f 4012 3999 3888
f 3999 3875 3888
f 3888 3875 3748
f 3875 3699 3748
f 3748 3699 3672
f 3699 3643 3672
f 3672 3643 3616
f 3643 3603 3616
f 3616 3603 3576
f 3603 3519 3576
f 3576 3519 3508
f 3519 3463 3508
f 3508 3463 3444
f 3463 3419 3444
f 3419 3387 3436
f 3436 3444 3419
f 5341 5373 5326
f 5326 5318 5341
f 5341 5318 5297
f 5318 5254 5297
f 5297 5254 5241
f 5254 5186 5241
f 5241 5186 5157
f 5186 5146 5157
f 5157 5146 5117
f 5146 5090 5117
f 5117 5090 5061
f 5090 5014 5061
f 5061 5014 4885
f 5014 4874 4885
f 4885 4874 4761
f 4874 4750 4761
f 4761 4750 4621
f 4750 4610 4621
f 4621 4610 4501
f 4610 4490 4501
f 4490 4388 4501
f 4501 4388 4385
f 4388 4270 4385
f 4385 4270 4257
f 4270 4150 4257
f 4257 4150 4137
f 4150 4010 4137
f 4137 4010 3997
f 4010 3886 3997
f 3997 3886 3873
f 3886 3746 3873
f 3873 3746 3697
f 3746 3670 3697
f 3697 3670 3641
f 3670 3614 3641
f 3641 3614 3601
f 3614 3574 3601
f 3601 3574 3517
f 3574 3506 3517
f 3517 3506 3461
f 3506 3442 3461
f 3434 3417 3442
f 3461 3442 3417
f 3428 3385 3434
f 3428 3436 3387
f 3387 3373 3428
f 3417 3434 3385
f 3385 3428 3373
f 5570 5550 5569
f 5549 5569 5550
f 5006 5005 5214
f 5213 5214 5005
f 5612 5596 5611
f 5595 5610 5596
f 5626 5612 5625
f 5611 5624 5612
f 3286 3285 3350
f 3349 3350 3285
f 3167 3166 3168
f 3194 3168 3193
f 3137 3136 3138
f 3152 3138 3151
f 3229 3245 3230
f 3246 3230 3245
f 5478 5477 5518
f 5517 5518 5477
f 4382 4381 4646
f 4645 4646 4381
f 5267 5227 5623
f 5311 5627 5285
f 5227 5175 5623
f 5285 5627 5269
f 5175 5135 5623
f 5269 5627 5229
f 5135 5079 5623
f 5229 5627 5177
f 5627 5623 5079
f 5177 5627 5137
f 5079 5081 5627
f 5137 5627 5081
f 5079 4967 5081
f 5081 4967 4969
f 4967 4839 4969
f 4969 4839 4841
f 4839 4699 4841
f 4841 4699 4701
f 4699 4599 4701
f 4701 4599 4601
f 4599 4479 4601
f 4601 4479 4481
f 4479 4403 4481
f 4481 4403 4415
f 4403 4283 4415
f 4415 4283 4285
f 4283 4163 4285
f 4285 4163 4165
f 4163 4063 4165
f 4165 4063 4065
f 4063 3923 4065
f 4065 3923 3925
f 3923 3795 3925
f 3925 3795 3797
f 3795 3683 3797
f 3797 3683 3685
f 3627 3135 3683
f 3685 3683 3135
f 3587 3135 3627
f 3135 3139 3685
f 3535 3135 3587
f 3629 3685 3139
f 3495 3135 3535
f 3589 3629 3139
f 3479 3135 3495
f 3537 3589 3139
f 3449 3135 3479
f 3497 3537 3139
f 5609 5281 5623
f 5309 5283 5623
f 5593 5265 5609
f 5283 5267 5623
f 5567 5225 5593
f 5311 5287 5627
f 5547 5173 5567
f 5615 5627 5287
f 5531 5133 5547
f 5287 5271 5615
f 5515 5077 5531
f 5599 5615 5271
f 5475 5077 5515
f 5271 5231 5599
f 5411 4965 5475
f 5571 5599 5231
f 5231 5179 5571
f 5309 5623 5281
f 5281 5609 5265
f 5265 5593 5225
f 5211 4837 5411
f 5225 5567 5173
f 5173 5547 5133
f 5133 5531 5077
f 5003 4697 5211
f 5077 5475 4965
f 4965 5411 4837
f 4837 5211 4697
f 4643 4597 5003
f 4697 5003 4597
f 4597 4643 4477
f 4643 4379 4477
f 4477 4379 4389
f 4389 4379 4281
f 4379 4115 4281
f 4161 4281 4115
f 4115 3755 4161
f 4061 4161 3755
f 3755 3547 4061
f 3921 4061 3547
f 3547 3347 3921
f 3793 3921 3347
f 3347 3283 3793
f 3681 3793 3283
f 3283 3243 3681
f 3243 3227 3681
f 3625 3681 3227
f 3227 3211 3625
f 3211 3191 3585
f 3585 3625 3211
f 5551 5571 5179
f 5179 5139 5551
f 5535 5551 5139
f 5139 5083 5535
f 5519 5535 5083
f 5479 5519 5083
f 5083 4971 5479
f 5415 5479 4971
f 4971 4843 5415
f 5215 5415 4843
f 4843 4703 5215
f 5007 5215 4703
f 4703 4603 5007
f 4647 5007 4603
f 4603 4483 4647
f 4483 4421 4647
f 4647 4421 4427
f 4421 4287 4427
f 4167 4119 4287
f 4427 4287 4119
f 4067 3759 4167
f 3927 3551 4067
f 3799 3351 3927
f 4119 4167 3759
f 3687 3287 3799
f 3631 3231 3687
f 3591 3215 3631
f 3759 4067 3551
f 3539 3195 3591
f 3499 3171 3539
f 3483 3155 3499
f 3451 3139 3483
f 3551 3927 3351
f 3481 3497 3139
f 3533 3585 3191
f 3451 3481 3139
f 3191 3165 3533
f 3155 3483 3139
f 3493 3533 3165
f 3351 3799 3287
f 3165 3149 3493
f 3287 3687 3247
f 3477 3493 3149
f 3247 3687 3231
f 3149 3135 3477
f 3231 3631 3215
f 3449 3477 3135
f 3215 3591 3195
f 3195 3539 3171
f 3171 3499 3155
f 5596 5570 5595
f 5569 5594 5570
f 3177 3169 3178
f 3170 3178 3169
f 4646 4645 5006
f 5005 5006 4645
f 5214 5213 5414
f 5413 5414 5213
f 3350 3349 3550
f 3549 3550 3349
f 3193 3213 3194
f 3214 3194 3213
f 3153 3137 3154
f 3138 3154 3137
f 3213 3229 3214
f 3230 3214 3229
f 5550 5534 5549
f 5533 5549 5534
f 4118 4117 4382
f 4381 4382 4117
f 5414 5413 5478
f 5477 5478 5413
f 3169 3153 3170
f 3154 3170 3153
f 3550 3549 3758
f 3757 3758 3549
f 3151 3150 3152
f 3168 3152 3167
f 3758 3757 4118
f 4117 4118 3757
f 4434 4433 4396
f 4395 4396 4433
f 4815 4823 4816
f 4824 4816 4823
f 4823 4827 4824
f 4828 4824 4827
f 4783 4815 4784
f 4816 4784 4815
f 4398 4397 4436
f 4435 4436 4397
f 4126 4125 4082
f 4081 4082 4125
f 3932 3938 3931
f 3937 3931 3938
f 4084 4083 4128
f 4127 4128 4083
f 4679 4687 4680
f 4688 4680 4687
f 4827 4821 4828
f 4822 4828 4821
f 4540 4539 4564
f 4563 4564 4539
f 4781 4773 4782
f 4774 4782 4773
f 4294 4293 4222
f 4221 4222 4293
f 4687 4775 4688
f 4776 4688 4775
f 4775 4783 4776
f 4784 4776 4783
f 3986 4074 3985
f 4073 3985 4074
f 4562 4561 4538
f 4537 4538 4561
f 4200 4199 4224
f 4223 4224 4199
f 3940 3932 3939
f 3931 3939 3932
f 4436 4435 4468
f 4467 4468 4435
f 4084 4076 4083
f 4075 4083 4076
f 4813 4781 4814
f 4782 4814 4781
f 3948 3940 3947
f 3939 3947 3940
f 4222 4221 4198
f 4197 4198 4221
f 4128 4127 4200
f 4199 4200 4127
f 4678 4677 4634
f 4633 4634 4677
f 4224 4223 4296
f 4295 4296 4223
f 4773 4685 4774
f 4686 4774 4685
f 4634 4633 4562
f 4561 4562 4633
f 4685 4677 4686
f 4678 4686 4677
f 4821 4813 4822
f 4814 4822 4813
f 4328 4327 4398
f 4397 4398 4327
f 3978 3986 3977
f 3985 3977 3986
f 4198 4197 4126
f 4125 4126 4197
f 3988 3980 3987
f 3979 3987 3980
f 4564 4563 4636
f 4635 4636 4563
f 3938 3946 3937
f 3945 3937 3946
f 4538 4537 4466
f 4465 4466 4537
f 4636 4635 4680
f 4679 4680 4635
f 4466 4465 4434
f 4433 4434 4465
f 3980 3948 3979
f 3947 3979 3948
f 4296 4295 4328
f 4327 4328 4295
f 4396 4395 4326
f 4325 4326 4395
f 3946 3978 3945
f 3977 3945 3978
f 4074 4082 4073
f 4081 4073 4082
f 4326 4325 4294
f 4293 4294 4325
f 4468 4467 4540
f 4539 4540 4467
f 4076 3988 4075
f 3987 4075 3988
f 5319 5327 5320
f 5328 5320 5327
f 5327 5331 5328
f 5332 5328 5331
f 5255 5319 5256
f 5320 5256 5319
f 3672 3671 3748
f 3747 3748 3671
f 4406 4405 4492
f 4491 4492 4405
f 3508 3444 3507
f 3443 3507 3444
f 5325 5317 5326
f 5318 5326 5317
f 3574 3614 3573
f 3613 3573 3614
f 3444 3436 3443
f 3435 3443 3436
f 3748 3747 3888
f 3887 3888 3747
f 3442 3506 3441
f 3505 3441 3506
f 3434 3442 3433
f 3441 3433 3442
f 4750 4749 4610
f 4609 4610 4749
f 3672 3616 3671
f 3615 3671 3616
f 4610 4609 4490
f 4489 4490 4609
f 4012 4011 4152
f 4151 4152 4011
f 5187 5255 5188
f 5256 5188 5255
f 3428 3434 3427
f 3433 3427 3434
f 4388 4387 4270
f 4269 4270 4387
f 4492 4491 4612
f 4611 4612 4491
f 5185 5145 5186
f 5146 5186 5145
f 3614 3670 3613
f 3669 3613 3670
f 4270 4269 4150
f 4149 4150 4269
f 4876 4875 5016
f 5015 5016 4875
f 5331 5325 5332
f 5326 5332 5325
f 4152 4151 4272
f 4271 4272 4151
f 5091 5147 5092
f 5148 5092 5147
f 5016 5015 5092
f 5091 5092 5015
f 3506 3574 3505
f 3573 3505 3574
f 4150 4149 4010
f 4009 4010 4149
f 4490 4489 4388
f 4387 4388 4489
f 5014 5013 4874
f 4873 4874 5013
f 5317 5253 5318
f 5254 5318 5253
f 4752 4751 4876
f 4875 4876 4751
f 5147 5187 5148
f 5188 5148 5187
f 5090 5089 5014
f 5013 5014 5089
f 5145 5089 5146
f 5090 5146 5089
f 4612 4611 4752
f 4751 4752 4611
f 4272 4271 4406
f 4405 4406 4271
f 3746 3745 3670
f 3669 3670 3745
f 5253 5185 5254
f 5186 5254 5185
f 3436 3428 3435
f 3427 3435 3428
f 4874 4873 4750
f 4749 4750 4873
f 4010 4009 3886
f 3885 3886 4009
f 3888 3887 4012
f 4011 4012 3887
f 5035 4828 5049
f 4991 4824 5035
f 5031 5049 4828
f 4951 4816 4991
f 4828 4822 5031
f 4911 4784 4951
f 4987 5031 4822
f 4863 4776 4911
f 4822 4814 4987
f 4947 4987 4814
f 4828 5035 4824
f 4824 4991 4816
f 4803 4688 4863
f 4816 4951 4784
f 4784 4911 4776
f 4739 4680 4803
f 4776 4863 4688
f 4688 4803 4680
f 4667 4636 4739
f 4680 4739 4636
f 4583 4564 4667
f 4636 4667 4564
f 4564 4583 4540
f 4583 4527 4540
f 4540 4527 4468
f 4527 4455 4468
f 4468 4455 4436
f 4455 4401 4436
f 4436 4401 4398
f 4398 4401 4328
f 4401 4315 4328
f 4328 4315 4296
f 4315 4243 4296
f 4296 4243 4224
f 4243 4187 4224
f 4200 4224 4187
f 4187 4103 4200
f 4128 4200 4103
f 4103 4031 4128
f 4084 4128 4031
f 4031 3967 4084
f 4076 4084 3967
f 3967 3907 4076
f 3988 4076 3907
f 3907 3859 3988
f 3980 3988 3859
f 3859 3819 3980
f 3948 3980 3819
f 4814 4782 4947
f 4907 4947 4782
f 4782 4774 4907
f 4859 4907 4774
f 4774 4686 4859
f 4799 4859 4686
f 4686 4678 4799
f 4735 4799 4678
f 4678 4634 4735
f 4663 4735 4634
f 4634 4562 4663
f 4579 4663 4562
f 4562 4538 4579
f 4579 4538 4523
f 4538 4466 4523
f 4523 4466 4451
f 4466 4434 4451
f 4434 4396 4451
f 4451 4396 4393
f 4396 4326 4393
f 4393 4326 4311
f 4326 4294 4311
f 4311 4294 4239
f 4294 4222 4239
f 4198 4183 4222
f 4239 4222 4183
f 4126 4099 4198
f 4183 4198 4099
f 4082 4027 4126
f 4074 3963 4082
f 4099 4126 4027
f 3986 3903 4074
f 3978 3855 3986
f 4027 4082 3963
f 3946 3815 3978
f 3938 3775 3946
f 3932 3731 3938
f 3819 3779 3948
f 3963 4074 3903
f 3940 3948 3779
f 3903 3986 3855
f 3779 3735 3940
f 3855 3978 3815
f 3932 3940 3735
f 3815 3946 3775
f 3735 3713 3932
f 3775 3938 3731
f 3731 3932 3713
f 3576 3508 3575
f 3507 3575 3508
f 3616 3576 3615
f 3575 3615 3576
f 3886 3885 3746
f 3745 3746 3885
f 4064 4063 4164
f 4163 4164 4063
f 5267 5283 5268
f 5284 5268 5283
f 5283 5309 5284
f 5310 5284 5309
f 3496 3480 3495
f 3479 3495 3480
f 4404 4403 4480
f 4479 4480 4403
f 3588 3536 3587
f 3535 3587 3536
f 5135 5175 5136
f 5176 5136 5175
f 4968 4967 5080
f 5079 5080 4967
f 4062 4061 3922
f 3921 3922 4061
f 5309 5281 5310
f 5282 5310 5281
f 5079 5135 5080
f 5136 5080 5135
f 4600 4599 4700
f 4699 4700 4599
f 3922 3921 3794
f 3793 3794 3921
f 3586 3626 3585
f 3625 3585 3626
f 4478 4477 4390
f 4389 4390 4477
f 4698 4697 4598
f 4597 4598 4697
f 4390 4389 4282
f 4281 4282 4389
f 4838 4837 4698
f 4697 4698 4837
f 3684 3628 3683
f 3627 3683 3628
f 4700 4699 4840
f 4839 4840 4699
f 3924 3923 4064
f 4063 4064 3923
f 5133 5077 5134
f 5078 5134 5077
f 4282 4281 4162
f 4161 4162 4281
f 5173 5133 5174
f 5134 5174 5133
f 3794 3793 3682
f 3681 3682 3793
f 4598 4597 4478
f 4477 4478 4597
f 5225 5173 5226
f 5174 5226 5173
f 3478 3494 3477
f 3493 3477 3494
f 5265 5225 5266
f 5226 5266 5225
f 3536 3496 3535
f 3495 3535 3496
f 4284 4283 4404
f 4403 4404 4283
f 3534 3586 3533
f 3585 3533 3586
f 4840 4839 4968
f 4967 4968 4839
f 3684 3683 3796
f 3795 3796 3683
f 3796 3795 3924
f 3923 3924 3795
f 4480 4479 4600
f 4599 4600 4479
f 5281 5265 5282
f 5266 5282 5265
f 5078 5077 4966
f 4965 4966 5077
f 3450 3478 3449
f 3477 3449 3478
f 5175 5227 5176
f 5228 5176 5227
f 4966 4965 4838
f 4837 4838 4965
f 5227 5267 5228
f 5268 5228 5267
f 4164 4163 4284
f 4283 4284 4163
f 3480 3450 3479
f 3449 3479 3450
f 4162 4161 4062
f 4061 4062 4161
f 3494 3534 3493
f 3533 3493 3534
f 3626 3682 3625
f 3681 3625 3682
f 5030 4827 5048
f 4986 4821 5030
f 5034 5048 4827
f 4946 4813 4986
f 4827 4823 5034
f 4906 4781 4946
f 4990 5034 4823
f 4858 4773 4906
f 4823 4815 4990
f 4950 4990 4815
f 4827 5030 4821
f 4821 4986 4813
f 4798 4685 4858
f 4813 4946 4781
f 4781 4906 4773
f 4734 4677 4798
f 4773 4858 4685
f 4685 4798 4677
f 4662 4633 4734
f 4677 4734 4633
f 4578 4561 4662
f 4633 4662 4561
f 4561 4578 4537
f 4578 4522 4537
f 4537 4522 4465
f 4522 4450 4465
f 4465 4450 4433
f 4450 4392 4433
f 4433 4392 4395
f 4395 4392 4325
f 4392 4310 4325
f 4325 4310 4293
f 4310 4238 4293
f 4293 4238 4221
f 4238 4182 4221
f 4197 4221 4182
f 4182 4098 4197
f 4125 4197 4098
f 4098 4026 4125
f 4081 4125 4026
f 4026 3962 4081
f 4073 4081 3962
f 3962 3902 4073
f 3985 4073 3902
f 3902 3854 3985
f 3977 3985 3854
f 3854 3814 3977
f 3945 3977 3814
f 4815 4783 4950
f 4910 4950 4783
f 4783 4775 4910
f 4862 4910 4775
f 4775 4687 4862
f 4802 4862 4687
f 4687 4679 4802
f 4738 4802 4679
f 4679 4635 4738
f 4666 4738 4635
f 4635 4563 4666
f 4582 4666 4563
f 4563 4539 4582
f 4582 4539 4526
f 4539 4467 4526
f 4526 4467 4454
f 4467 4435 4454
f 4435 4397 4454
f 4454 4397 4400
f 4397 4327 4400
f 4400 4327 4314
f 4327 4295 4314
f 4314 4295 4242
f 4295 4223 4242
f 4199 4186 4223
f 4242 4223 4186
f 4127 4102 4199
f 4186 4199 4102
f 4083 4030 4127
f 4075 3966 4083
f 4102 4127 4030
f 3987 3906 4075
f 3979 3858 3987
f 4030 4083 3966
f 3947 3818 3979
f 3939 3778 3947
f 3931 3734 3939
f 3814 3774 3945
f 3966 4075 3906
f 3937 3945 3774
f 3906 3987 3858
f 3774 3730 3937
f 3858 3979 3818
f 3931 3937 3730
f 3818 3947 3778
f 3730 3712 3931
f 3778 3939 3734
f 3734 3931 3712
f 3628 3588 3627
f 3587 3627 3588
f 8090 8106 8089
f 8105 8108 8106
f 8106 8120 8105
f 8119 8122 8120
f 8064 8090 8063
f 8089 8092 8090
f 8028 8044 8027
f 8043 8027 8044
f 8012 8011 7972
f 7971 7972 8011
f 6044 6043 5844
f 5843 5844 6043
f 8106 7999 8120
f 8090 7987 8106
f 8104 8120 7999
f 7999 7985 8104
f 8080 7853 8078
f 8064 7959 8090
f 8088 8104 7985
f 7957 7937 8080
f 7937 7921 8080
f 8044 7939 8064
f 7921 7893 8080
f 8028 7923 8044
f 8080 8088 7957
f 8012 7895 8028
f 7893 7853 8080
f 7985 7957 8088
f 7999 8106 7987
f 7972 7855 8012
f 7987 8090 7959
f 7959 8064 7939
f 7939 8044 7923
f 7908 7695 7972
f 7923 8028 7895
f 7895 8012 7855
f 7708 7599 7908
f 7855 7972 7695
f 7695 7908 7599
f 7500 7423 7708
f 7599 7708 7423
f 7423 7500 7211
f 7500 7140 7211
f 7211 7140 7047
f 7140 6876 7047
f 7047 6876 6873
f 6873 6876 6707
f 6876 6612 6707
f 6707 6612 6543
f 6612 6252 6543
f 6331 6543 6252
f 6252 6044 6331
f 6155 6331 6044
f 6044 5844 6155
f 6059 6155 5844
f 5844 5780 6059
f 5899 6059 5780
f 5780 5740 5899
f 5859 5899 5740
f 5740 5724 5859
f 5831 5859 5724
f 5724 5708 5831
f 5815 5831 5708
f 5708 5688 5815
f 5795 5815 5688
f 5676 5674 5755
f 5688 5662 5795
f 5750 5755 5674
f 5767 5795 5662
f 5734 5750 5674
f 5718 5734 5674
f 5662 5646 5767
f 5702 5718 5674
f 5698 5702 5674
f 5755 5767 5646
f 5646 5632 5755
f 5644 5660 5755
f 5676 5755 5660
f 5644 5755 5632
f 7853 7693 8078
f 7693 7597 8078
f 7597 7421 8078
f 7421 7419 8078
f 7950 8006 7935
f 7419 7595 8078
f 7935 8006 7919
f 8058 8074 7691
f 8006 8022 7919
f 8022 8038 7891
f 7891 7919 8022
f 8038 8054 7851
f 7851 7891 8038
f 8054 8058 7691
f 7691 7851 8054
f 8074 8078 7595
f 7595 7691 8074
f 7421 7209 7419
f 7419 7209 7207
f 7209 7045 7207
f 7207 7045 7043
f 7045 6847 7043
f 7043 6847 6845
f 6847 6705 6845
f 6845 6705 6703
f 6705 6541 6703
f 6703 6541 6539
f 6541 6329 6539
f 6539 6329 6327
f 6329 6153 6327
f 6327 6153 6151
f 6153 6057 6151
f 6151 6057 6055
f 6057 5897 6055
f 6055 5897 5895
f 5857 5750 5897
f 5895 5897 5750
f 5829 5750 5857
f 5855 5895 5750
f 5813 5750 5829
f 5827 5855 5750
f 5811 5827 5750
f 5793 5750 5813
f 5765 5750 5793
f 5755 5750 5765
f 5806 5811 5750
f 5682 5698 5674
f 7871 7830 7883
f 7839 7824 7871
f 7869 7883 7830
f 7830 7822 7869
f 7830 7871 7824
f 7824 7839 7816
f 7839 7795 7816
f 7816 7795 7752
f 7795 7739 7752
f 7752 7739 7684
f 7739 7655 7684
f 7684 7655 7644
f 7655 7615 7644
f 7644 7615 7588
f 7615 7559 7588
f 7588 7559 7512
f 7559 7383 7512
f 7512 7383 7372
f 7383 7259 7372
f 7372 7259 7248
f 7259 7119 7248
f 7248 7119 7108
f 7119 6999 7108
f 7108 6999 6988
f 6999 6871 6988
f 6988 6871 6870
f 6870 6871 6768
f 6871 6755 6768
f 6768 6755 6648
f 6755 6635 6648
f 6648 6635 6508
f 6635 6495 6508
f 6508 6495 6384
f 6495 6371 6384
f 6384 6371 6244
f 6371 6195 6244
f 6244 6195 6168
f 6195 6139 6168
f 6168 6139 6112
f 6139 6099 6112
f 6112 6099 6072
f 6099 6015 6072
f 6072 6015 6004
f 6015 5959 6004
f 6004 5959 5940
f 5959 5915 5940
f 5915 5883 5932
f 5932 5940 5915
f 7837 7869 7822
f 7822 7814 7837
f 7837 7814 7793
f 7814 7750 7793
f 7793 7750 7737
f 7750 7682 7737
f 7737 7682 7653
f 7682 7642 7653
f 7653 7642 7613
f 7642 7586 7613
f 7613 7586 7557
f 7586 7510 7557
f 7557 7510 7381
f 7510 7370 7381
f 7381 7370 7257
f 7370 7246 7257
f 7257 7246 7117
f 7246 7106 7117
f 7117 7106 6997
f 7106 6986 6997
f 6986 6852 6997
f 6997 6852 6849
f 6852 6766 6849
f 6849 6766 6753
f 6766 6646 6753
f 6753 6646 6633
f 6646 6506 6633
f 6633 6506 6493
f 6506 6382 6493
f 6493 6382 6369
f 6382 6242 6369
f 6369 6242 6193
f 6242 6166 6193
f 6193 6166 6137
f 6166 6110 6137
f 6137 6110 6097
f 6110 6070 6097
f 6097 6070 6013
f 6070 6002 6013
f 6013 6002 5957
f 6002 5938 5957
f 5930 5913 5938
f 5957 5938 5913
f 5926 5881 5930
f 5926 5932 5883
f 5883 5871 5926
f 5913 5930 5881
f 5881 5926 5871
f 7908 7907 7708
f 7707 7708 7907
f 8044 8064 8043
f 8063 8043 8064
f 5707 5687 5708
f 5688 5708 5687
f 8012 8028 8011
f 8027 8011 8028
f 8104 8088 8103
f 8087 8103 8088
f 8120 8104 8119
f 8103 8119 8104
f 5659 5675 5660
f 5676 5660 5675
f 5631 5643 5632
f 5644 5632 5643
f 6252 6251 6044
f 6043 6044 6251
f 7500 7499 7140
f 7139 7140 7499
f 7759 7719 8117
f 7807 8121 7777
f 7719 7667 8117
f 7777 8121 7761
f 7667 7627 8117
f 7761 8121 7721
f 7627 7571 8117
f 7721 8121 7669
f 8121 8117 7571
f 7669 8121 7629
f 7571 7573 8121
f 7629 8121 7573
f 7571 7459 7573
f 7573 7459 7461
f 7459 7331 7461
f 7461 7331 7333
f 7331 7191 7333
f 7333 7191 7193
f 7191 7091 7193
f 7193 7091 7093
f 7091 6971 7093
f 7093 6971 6973
f 6971 6841 6973
f 6973 6841 6853
f 6841 6775 6853
f 6853 6775 6777
f 6775 6655 6777
f 6777 6655 6657
f 6655 6555 6657
f 6657 6555 6557
f 6555 6415 6557
f 6557 6415 6417
f 6415 6287 6417
f 6417 6287 6289
f 6287 6175 6289
f 6289 6175 6177
f 6119 5629 6175
f 6177 6175 5629
f 6079 5629 6119
f 5629 5633 6177
f 6027 5629 6079
f 6121 6177 5633
f 5987 5629 6027
f 6081 6121 5633
f 5971 5629 5987
f 6029 6081 5633
f 5945 5629 5971
f 5989 6029 5633
f 8101 7773 8117
f 7805 7775 8117
f 8085 7757 8101
f 7775 7759 8117
f 8061 7717 8085
f 7807 7779 8121
f 8041 7665 8061
f 8107 8121 7779
f 8025 7625 8041
f 7779 7763 8107
f 8009 7569 8025
f 8091 8107 7763
f 7969 7569 8009
f 7763 7723 8091
f 7905 7457 7969
f 8065 8091 7723
f 7723 7671 8065
f 7805 8117 7773
f 7773 8101 7757
f 7757 8085 7717
f 7705 7329 7905
f 7717 8061 7665
f 7665 8041 7625
f 7625 8025 7569
f 7497 7189 7705
f 7569 7969 7457
f 7457 7905 7329
f 7329 7705 7189
f 7137 7089 7497
f 7189 7497 7089
f 7089 7137 6969
f 7137 6829 6969
f 6969 6829 6835
f 6835 6829 6773
f 6829 6609 6773
f 6653 6773 6609
f 6609 6249 6653
f 6553 6653 6249
f 6249 6041 6553
f 6413 6553 6041
f 6041 5841 6413
f 6285 6413 5841
f 5841 5777 6285
f 6173 6285 5777
f 5777 5737 6173
f 5737 5721 6173
f 6117 6173 5721
f 5721 5705 6117
f 5705 5685 6077
f 6077 6117 5705
f 8045 8065 7671
f 7671 7631 8045
f 8029 8045 7631
f 7631 7575 8029
f 8013 8029 7575
f 7973 8013 7575
f 7575 7463 7973
f 7909 7973 7463
f 7463 7335 7909
f 7709 7909 7335
f 7335 7195 7709
f 7501 7709 7195
f 7195 7095 7501
f 7141 7501 7095
f 7095 6975 7141
f 6975 6867 7141
f 7141 6867 6877
f 6867 6779 6877
f 6659 6613 6779
f 6877 6779 6613
f 6559 6253 6659
f 6419 6045 6559
f 6291 5845 6419
f 6613 6659 6253
f 6179 5781 6291
f 6123 5725 6179
f 6083 5709 6123
f 6253 6559 6045
f 6031 5689 6083
f 5991 5663 6031
f 5975 5647 5991
f 5947 5633 5975
f 6045 6419 5845
f 5973 5989 5633
f 6025 6077 5685
f 5947 5973 5633
f 5685 5657 6025
f 5647 5975 5633
f 5985 6025 5657
f 5845 6291 5781
f 5657 5641 5985
f 5781 6179 5741
f 5969 5985 5641
f 5741 6179 5725
f 5641 5629 5969
f 5725 6123 5709
f 5945 5969 5629
f 5709 6083 5689
f 5689 6031 5663
f 5663 5991 5647
f 7708 7707 7500
f 7499 7500 7707
f 8088 8080 8087
f 8079 8087 8080
f 6612 6611 6252
f 6251 6252 6611
f 5687 5664 5688
f 5662 5688 5661
f 7972 7971 7908
f 7907 7908 7971
f 5739 5723 5740
f 5724 5740 5723
f 5645 5634 5646
f 5632 5646 5631
f 5844 5843 5780
f 5779 5780 5843
f 5780 5779 5740
f 5739 5740 5779
f 5661 5648 5662
f 5646 5662 5645
f 6876 6875 6612
f 6611 6612 6875
f 5643 5659 5644
f 5660 5644 5659
f 7140 7139 6876
f 6875 6876 7139
f 5723 5707 5724
f 5708 5724 5707
f 6930 6929 6860
f 6859 6860 6929
f 7311 7319 7312
f 7320 7312 7319
f 7319 7325 7320
f 7326 7320 7325
f 7279 7311 7280
f 7312 7280 7311
f 6862 6861 6932
f 6931 6932 6861
f 6622 6621 6578
f 6577 6578 6621
f 6430 6434 6429
f 6433 6429 6434
f 6580 6579 6624
f 6623 6624 6579
f 7175 7183 7176
f 7184 7176 7183
f 7325 7317 7326
f 7318 7326 7317
f 7036 7035 7060
f 7059 7060 7035
f 7277 7269 7278
f 7270 7278 7269
f 6790 6789 6718
f 6717 6718 6789
f 7183 7271 7184
f 7272 7184 7271
f 7271 7279 7272
f 7280 7272 7279
f 6482 6570 6481
f 6569 6481 6570
f 7058 7057 7034
f 7033 7034 7057
f 6696 6695 6720
f 6719 6720 6695
f 6436 6430 6435
f 6429 6435 6430
f 6932 6931 6964
f 6963 6964 6931
f 6580 6572 6579
f 6571 6579 6572
f 7309 7277 7310
f 7278 7310 7277
f 6444 6436 6443
f 6435 6443 6436
f 6718 6717 6694
f 6693 6694 6717
f 6624 6623 6696
f 6695 6696 6623
f 7174 7173 7130
f 7129 7130 7173
f 6720 6719 6792
f 6791 6792 6719
f 7269 7181 7270
f 7182 7270 7181
f 7130 7129 7058
f 7057 7058 7129
f 7181 7173 7182
f 7174 7182 7173
f 7317 7309 7318
f 7310 7318 7309
f 6824 6823 6862
f 6861 6862 6823
f 6474 6482 6473
f 6481 6473 6482
f 6694 6693 6622
f 6621 6622 6693
f 6484 6476 6483
f 6475 6483 6476
f 7060 7059 7132
f 7131 7132 7059
f 6434 6442 6433
f 6441 6433 6442
f 7034 7033 6962
f 6961 6962 7033
f 7132 7131 7176
f 7175 7176 7131
f 6962 6961 6930
f 6929 6930 6961
f 6476 6444 6475
f 6443 6475 6444
f 6792 6791 6824
f 6823 6824 6791
f 6860 6859 6822
f 6821 6822 6859
f 6442 6474 6441
f 6473 6441 6474
f 6570 6578 6569
f 6577 6569 6578
f 6822 6821 6790
f 6789 6790 6821
f 6964 6963 7036
f 7035 7036 6963
f 6572 6484 6571
f 6483 6571 6484
f 7815 7823 7816
f 7824 7816 7823
f 7823 7829 7824
f 7830 7824 7829
f 7751 7815 7752
f 7816 7752 7815
f 6168 6167 6244
f 6243 6244 6167
f 6870 6869 6988
f 6987 6988 6869
f 6004 5940 6003
f 5939 6003 5940
f 7821 7813 7822
f 7814 7822 7813
f 6070 6110 6069
f 6109 6069 6110
f 5940 5932 5939
f 5931 5939 5932
f 6244 6243 6384
f 6383 6384 6243
f 5938 6002 5937
f 6001 5937 6002
f 5930 5938 5929
f 5937 5929 5938
f 7246 7245 7106
f 7105 7106 7245
f 6168 6112 6167
f 6111 6167 6112
f 7106 7105 6986
f 6985 6986 7105
f 6508 6507 6648
f 6647 6648 6507
f 7683 7751 7684
f 7752 7684 7751
f 5926 5930 5925
f 5929 5925 5930
f 6852 6851 6766
f 6765 6766 6851
f 6988 6987 7108
f 7107 7108 6987
f 7681 7641 7682
f 7642 7682 7641
f 6110 6166 6109
f 6165 6109 6166
f 6766 6765 6646
f 6645 6646 6765
f 7372 7371 7512
f 7511 7512 7371
f 7829 7821 7830
f 7822 7830 7821
f 6648 6647 6768
f 6767 6768 6647
f 7587 7643 7588
f 7644 7588 7643
f 7512 7511 7588
f 7587 7588 7511
f 6002 6070 6001
f 6069 6001 6070
f 6646 6645 6506
f 6505 6506 6645
f 6986 6985 6852
f 6851 6852 6985
f 7510 7509 7370
f 7369 7370 7509
f 7813 7749 7814
f 7750 7814 7749
f 7248 7247 7372
f 7371 7372 7247
f 7643 7683 7644
f 7684 7644 7683
f 7586 7585 7510
f 7509 7510 7585
f 7641 7585 7642
f 7586 7642 7585
f 7108 7107 7248
f 7247 7248 7107
f 6768 6767 6870
f 6869 6870 6767
f 6242 6241 6166
f 6165 6166 6241
f 7749 7681 7750
f 7682 7750 7681
f 5932 5926 5931
f 5925 5931 5926
f 7370 7369 7246
f 7245 7246 7369
f 6506 6505 6382
f 6381 6382 6505
f 6384 6383 6508
f 6507 6508 6383
f 7527 7326 7545
f 7483 7320 7527
f 7523 7545 7326
f 7443 7312 7483
f 7326 7318 7523
f 7403 7280 7443
f 7479 7523 7318
f 7355 7272 7403
f 7318 7310 7479
f 7439 7479 7310
f 7326 7527 7320
f 7320 7483 7312
f 7295 7184 7355
f 7312 7443 7280
f 7280 7403 7272
f 7231 7176 7295
f 7272 7355 7184
f 7184 7295 7176
f 7159 7132 7231
f 7176 7231 7132
f 7075 7060 7159
f 7132 7159 7060
f 7060 7075 7036
f 7075 7019 7036
f 7036 7019 6964
f 7019 6947 6964
f 6964 6947 6932
f 6947 6865 6932
f 6932 6865 6862
f 6862 6865 6824
f 6865 6807 6824
f 6824 6807 6792
f 6807 6735 6792
f 6792 6735 6720
f 6735 6679 6720
f 6696 6720 6679
f 6679 6595 6696
f 6624 6696 6595
f 6595 6523 6624
f 6580 6624 6523
f 6523 6459 6580
f 6572 6580 6459
f 6459 6399 6572
f 6484 6572 6399
f 6399 6351 6484
f 6476 6484 6351
f 6351 6311 6476
f 6444 6476 6311
f 7310 7278 7439
f 7399 7439 7278
f 7278 7270 7399
f 7351 7399 7270
f 7270 7182 7351
f 7291 7351 7182
f 7182 7174 7291
f 7227 7291 7174
f 7174 7130 7227
f 7155 7227 7130
f 7130 7058 7155
f 7071 7155 7058
f 7058 7034 7071
f 7071 7034 7015
f 7034 6962 7015
f 7015 6962 6943
f 6962 6930 6943
f 6930 6860 6943
f 6943 6860 6857
f 6860 6822 6857
f 6857 6822 6803
f 6822 6790 6803
f 6803 6790 6731
f 6790 6718 6731
f 6694 6675 6718
f 6731 6718 6675
f 6622 6591 6694
f 6675 6694 6591
f 6578 6519 6622
f 6570 6455 6578
f 6591 6622 6519
f 6482 6395 6570
f 6474 6347 6482
f 6519 6578 6455
f 6442 6307 6474
f 6434 6267 6442
f 6430 6223 6434
f 6311 6271 6444
f 6455 6570 6395
f 6436 6444 6271
f 6395 6482 6347
f 6271 6227 6436
f 6347 6474 6307
f 6430 6436 6227
f 6307 6442 6267
f 6227 6209 6430
f 6267 6434 6223
f 6223 6430 6209
f 6072 6004 6071
f 6003 6071 6004
f 6112 6072 6111
f 6071 6111 6072
f 6382 6381 6242
f 6241 6242 6381
f 6560 6559 6660
f 6659 6660 6559
f 7763 7779 7764
f 7780 7764 7779
f 7779 7807 7780
f 7808 7780 7807
f 5992 5976 5991
f 5975 5991 5976
f 6868 6867 6976
f 6975 6976 6867
f 6084 6032 6083
f 6031 6083 6032
f 7631 7671 7632
f 7672 7632 7671
f 7464 7463 7576
f 7575 7576 7463
f 6558 6557 6418
f 6417 6418 6557
f 7807 7777 7808
f 7778 7808 7777
f 7575 7631 7576
f 7632 7576 7631
f 7096 7095 7196
f 7195 7196 7095
f 6418 6417 6290
f 6289 6290 6417
f 6082 6122 6081
f 6121 6081 6122
f 6974 6973 6854
f 6853 6854 6973
f 7194 7193 7094
f 7093 7094 7193
f 6854 6853 6778
f 6777 6778 6853
f 7334 7333 7194
f 7193 7194 7333
f 6180 6124 6179
f 6123 6179 6124
f 7196 7195 7336
f 7335 7336 7195
f 6420 6419 6560
f 6559 6560 6419
f 7629 7573 7630
f 7574 7630 7573
f 6778 6777 6658
f 6657 6658 6777
f 7669 7629 7670
f 7630 7670 7629
f 6290 6289 6178
f 6177 6178 6289
f 7094 7093 6974
f 6973 6974 7093
f 7721 7669 7722
f 7670 7722 7669
f 5974 5990 5973
f 5989 5973 5990
f 7761 7721 7762
f 7722 7762 7721
f 6032 5992 6031
f 5991 6031 5992
f 6780 6779 6868
f 6867 6868 6779
f 6030 6082 6029
f 6081 6029 6082
f 7336 7335 7464
f 7463 7464 7335
f 6180 6179 6292
f 6291 6292 6179
f 6292 6291 6420
f 6419 6420 6291
f 6976 6975 7096
f 7095 7096 6975
f 7777 7761 7778
f 7762 7778 7761
f 7574 7573 7462
f 7461 7462 7573
f 5948 5974 5947
f 5973 5947 5974
f 7671 7723 7672
f 7724 7672 7723
f 7462 7461 7334
f 7333 7334 7461
f 7723 7763 7724
f 7764 7724 7763
f 6660 6659 6780
f 6779 6780 6659
f 5976 5948 5975
f 5947 5975 5948
f 6658 6657 6558
f 6557 6558 6657
f 5990 6030 5989
f 6029 5989 6030
f 6122 6178 6121
f 6177 6121 6178
f 7522 7325 7544
f 7478 7317 7522
f 7526 7544 7325
f 7438 7309 7478
f 7325 7319 7526
f 7398 7277 7438
f 7482 7526 7319
f 7350 7269 7398
f 7319 7311 7482
f 7442 7482 7311
f 7325 7522 7317
f 7317 7478 7309
f 7290 7181 7350
f 7309 7438 7277
f 7277 7398 7269
f 7226 7173 7290
f 7269 7350 7181
f 7181 7290 7173
f 7154 7129 7226
f 7173 7226 7129
f 7070 7057 7154
f 7129 7154 7057
f 7057 7070 7033
f 7070 7014 7033
f 7033 7014 6961
f 7014 6942 6961
f 6961 6942 6929
f 6942 6856 6929
f 6929 6856 6859
f 6859 6856 6821
f 6856 6802 6821
f 6821 6802 6789
f 6802 6730 6789
f 6789 6730 6717
f 6730 6674 6717
f 6693 6717 6674
f 6674 6590 6693
f 6621 6693 6590
f 6590 6518 6621
f 6577 6621 6518
f 6518 6454 6577
f 6569 6577 6454
f 6454 6394 6569
f 6481 6569 6394
f 6394 6346 6481
f 6473 6481 6346
f 6346 6306 6473
f 6441 6473 6306
f 7311 7279 7442
f 7402 7442 7279
f 7279 7271 7402
f 7354 7402 7271
f 7271 7183 7354
f 7294 7354 7183
f 7183 7175 7294
f 7230 7294 7175
f 7175 7131 7230
f 7158 7230 7131
f 7131 7059 7158
f 7074 7158 7059
f 7059 7035 7074
f 7074 7035 7018
f 7035 6963 7018
f 7018 6963 6946
f 6963 6931 6946
f 6931 6861 6946
f 6946 6861 6864
f 6861 6823 6864
f 6864 6823 6806
f 6823 6791 6806
f 6806 6791 6734
f 6791 6719 6734
f 6695 6678 6719
f 6734 6719 6678
f 6623 6594 6695
f 6678 6695 6594
f 6579 6522 6623
f 6571 6458 6579
f 6594 6623 6522
f 6483 6398 6571
f 6475 6350 6483
f 6522 6579 6458
f 6443 6310 6475
f 6435 6270 6443
f 6429 6226 6435
f 6306 6266 6441
f 6458 6571 6398
f 6433 6441 6266
f 6398 6483 6350
f 6266 6222 6433
f 6350 6475 6310
f 6429 6433 6222
f 6310 6443 6270
f 6222 6208 6429
f 6270 6435 6226
f 6226 6429 6208
f 6124 6084 6123
f 6083 6123 6084
f 8098 8114 8097
f 8113 8097 8114
f 8114 8126 8113
f 8125 8113 8126
f 8082 8098 8081
f 8097 8081 8098
f 5746 5745 5786
f 5785 5786 5745
f 8034 8018 8033
f 8017 8033 8018
f 8076 7605 8084
f 8114 8001 8126
f 8098 7991 8114
f 8112 8126 8001
f 8082 7963 8098
f 8001 7989 8112
f 8082 8084 7859
f 8060 7701 8076
f 8056 7701 8060
f 7991 8098 7963
f 8040 7861 8056
f 8001 8114 7991
f 8024 7901 8040
f 7989 7961 8096
f 8008 7929 8024
f 8070 8096 7961
f 8050 8070 7941
f 7941 7925 8050
f 8034 8050 7925
f 7925 7897 8034
f 8018 8034 7897
f 7897 7857 8018
f 7978 8018 7857
f 7857 7697 7978
f 7914 7978 7697
f 7697 7601 7914
f 7714 7914 7601
f 7601 7425 7714
f 7506 7714 7425
f 7425 7213 7506
f 7506 7213 7146
f 7213 7049 7146
f 7049 6883 7146
f 7146 6883 6882
f 6883 6709 6882
f 6882 6709 6618
f 6709 6545 6618
f 6333 6258 6545
f 6618 6545 6258
f 6157 6050 6333
f 6061 5850 6157
f 6258 6333 6050
f 5901 5786 6061
f 5861 5746 5901
f 6050 6157 5850
f 5833 5730 5861
f 5817 5714 5833
f 5797 5694 5817
f 5850 6061 5786
f 5769 5668 5797
f 5757 5652 5769
f 5678 5670 5799
f 5670 5654 5771
f 5736 5680 5752
f 5786 5901 5746
f 5720 5680 5736
f 5746 5861 5730
f 5704 5680 5720
f 5700 5680 5704
f 5730 5833 5714
f 5684 5680 5700
f 5771 5799 5670
f 5714 5817 5694
f 5757 5771 5654
f 5694 5797 5668
f 5654 5638 5757
f 5668 5769 5652
f 5652 5757 5638
f 7961 7941 8070
f 8096 8112 7989
f 7952 7945 8008
f 7945 7929 8008
f 7963 8082 7943
f 7901 8024 7929
f 7943 8082 7927
f 7861 8040 7901
f 7927 8082 7899
f 7701 8056 7861
f 7899 8082 7859
f 7605 8076 7701
f 7859 8084 7699
f 7429 8084 7605
f 7699 8084 7603
f 7427 8084 7429
f 7603 8084 7427
f 7429 7217 7427
f 7427 7217 7215
f 7217 7053 7215
f 7215 7053 7051
f 7053 6911 7051
f 7051 6911 6909
f 6911 6713 6909
f 6909 6713 6711
f 6713 6549 6711
f 6711 6549 6547
f 6549 6337 6547
f 6547 6337 6335
f 6161 5680 6337
f 6335 6337 5680
f 6065 5680 6161
f 6159 6335 5680
f 5905 5680 6065
f 6063 6159 5680
f 5752 5680 5865
f 5905 5865 5680
f 5837 5752 5865
f 5903 6063 5680
f 5821 5752 5837
f 5680 5678 5903
f 5808 5752 5821
f 5863 5903 5678
f 5835 5863 5678
f 5819 5835 5678
f 5799 5819 5678
f 7875 7832 7885
f 7843 7828 7875
f 7873 7885 7832
f 7832 7826 7873
f 7832 7875 7828
f 7828 7843 7820
f 7843 7799 7820
f 7820 7799 7756
f 7799 7743 7756
f 7756 7743 7688
f 7743 7659 7688
f 7688 7659 7648
f 7659 7619 7648
f 7648 7619 7592
f 7619 7563 7592
f 7592 7563 7516
f 7563 7387 7516
f 7516 7387 7376
f 7387 7263 7376
f 7376 7263 7252
f 7263 7123 7252
f 7252 7123 7112
f 7123 7003 7112
f 7112 7003 6992
f 7003 6907 6992
f 6992 6907 6906
f 6906 6907 6772
f 6907 6759 6772
f 6772 6759 6652
f 6759 6639 6652
f 6652 6639 6512
f 6639 6499 6512
f 6512 6499 6388
f 6499 6375 6388
f 6388 6375 6248
f 6375 6199 6248
f 6248 6199 6172
f 6199 6143 6172
f 6172 6143 6116
f 6143 6103 6116
f 6116 6103 6076
f 6103 6019 6076
f 6076 6019 6008
f 6019 5963 6008
f 6008 5963 5944
f 5963 5919 5944
f 5919 5887 5936
f 5936 5944 5919
f 7841 7873 7826
f 7826 7818 7841
f 7841 7818 7797
f 7818 7754 7797
f 7797 7754 7741
f 7754 7686 7741
f 7741 7686 7657
f 7686 7646 7657
f 7657 7646 7617
f 7646 7590 7617
f 7617 7590 7561
f 7590 7514 7561
f 7561 7514 7385
f 7514 7374 7385
f 7385 7374 7261
f 7374 7250 7261
f 7261 7250 7121
f 7250 7110 7121
f 7121 7110 7001
f 7110 6990 7001
f 6990 6888 7001
f 7001 6888 6885
f 6888 6770 6885
f 6885 6770 6757
f 6770 6650 6757
f 6757 6650 6637
f 6650 6510 6637
f 6637 6510 6497
f 6510 6386 6497
f 6497 6386 6373
f 6386 6246 6373
f 6373 6246 6197
f 6246 6170 6197
f 6197 6170 6141
f 6170 6114 6141
f 6141 6114 6101
f 6114 6074 6101
f 6101 6074 6017
f 6074 6006 6017
f 6017 6006 5961
f 6006 5942 5961
f 5934 5917 5942
f 5961 5942 5917
f 5928 5885 5934
f 5928 5936 5887
f 5887 5873 5928
f 5917 5934 5885
f 5885 5928 5873
f 8070 8050 8069
f 8049 8069 8050
f 7506 7505 7714
f 7713 7714 7505
f 8112 8096 8111
f 8095 8110 8096
f 8126 8112 8125
f 8111 8124 8112
f 5786 5785 5850
f 5849 5850 5785
f 5667 5666 5668
f 5694 5668 5693
f 5637 5636 5638
f 5652 5638 5651
f 5729 5745 5730
f 5746 5730 5745
f 7978 7977 8018
f 8017 8018 7977
f 6882 6881 7146
f 7145 7146 6881
f 7767 7727 8123
f 7811 8127 7785
f 7727 7675 8123
f 7785 8127 7769
f 7675 7635 8123
f 7769 8127 7729
f 7635 7579 8123
f 7729 8127 7677
f 8127 8123 7579
f 7677 8127 7637
f 7579 7581 8127
f 7637 8127 7581
f 7579 7467 7581
f 7581 7467 7469
f 7467 7339 7469
f 7469 7339 7341
f 7339 7199 7341
f 7341 7199 7201
f 7199 7099 7201
f 7201 7099 7101
f 7099 6979 7101
f 7101 6979 6981
f 6979 6903 6981
f 6981 6903 6915
f 6903 6783 6915
f 6915 6783 6785
f 6783 6663 6785
f 6785 6663 6665
f 6663 6563 6665
f 6665 6563 6565
f 6563 6423 6565
f 6565 6423 6425
f 6423 6295 6425
f 6425 6295 6297
f 6295 6183 6297
f 6297 6183 6185
f 6127 5635 6183
f 6185 6183 5635
f 6087 5635 6127
f 5635 5639 6185
f 6035 5635 6087
f 6129 6185 5639
f 5995 5635 6035
f 6089 6129 5639
f 5979 5635 5995
f 6037 6089 5639
f 5949 5635 5979
f 5997 6037 5639
f 8109 7781 8123
f 7809 7783 8123
f 8093 7765 8109
f 7783 7767 8123
f 8067 7725 8093
f 7811 7787 8127
f 8047 7673 8067
f 8115 8127 7787
f 8031 7633 8047
f 7787 7771 8115
f 8015 7577 8031
f 8099 8115 7771
f 7975 7577 8015
f 7771 7731 8099
f 7911 7465 7975
f 8071 8099 7731
f 7731 7679 8071
f 7809 8123 7781
f 7781 8109 7765
f 7765 8093 7725
f 7711 7337 7911
f 7725 8067 7673
f 7673 8047 7633
f 7633 8031 7577
f 7503 7197 7711
f 7577 7975 7465
f 7465 7911 7337
f 7337 7711 7197
f 7143 7097 7503
f 7197 7503 7097
f 7097 7143 6977
f 7143 6879 6977
f 6977 6879 6889
f 6889 6879 6781
f 6879 6615 6781
f 6661 6781 6615
f 6615 6255 6661
f 6561 6661 6255
f 6255 6047 6561
f 6421 6561 6047
f 6047 5847 6421
f 6293 6421 5847
f 5847 5783 6293
f 6181 6293 5783
f 5783 5743 6181
f 5743 5727 6181
f 6125 6181 5727
f 5727 5711 6125
f 5711 5691 6085
f 6085 6125 5711
f 8051 8071 7679
f 7679 7639 8051
f 8035 8051 7639
f 7639 7583 8035
f 8019 8035 7583
f 7979 8019 7583
f 7583 7471 7979
f 7915 7979 7471
f 7471 7343 7915
f 7715 7915 7343
f 7343 7203 7715
f 7507 7715 7203
f 7203 7103 7507
f 7147 7507 7103
f 7103 6983 7147
f 6983 6921 7147
f 7147 6921 6927
f 6921 6787 6927
f 6667 6619 6787
f 6927 6787 6619
f 6567 6259 6667
f 6427 6051 6567
f 6299 5851 6427
f 6619 6667 6259
f 6187 5787 6299
f 6131 5731 6187
f 6091 5715 6131
f 6259 6567 6051
f 6039 5695 6091
f 5999 5671 6039
f 5983 5655 5999
f 5951 5639 5983
f 6051 6427 5851
f 5981 5997 5639
f 6033 6085 5691
f 5951 5981 5639
f 5691 5665 6033
f 5655 5983 5639
f 5993 6033 5665
f 5851 6299 5787
f 5665 5649 5993
f 5787 6187 5747
f 5977 5993 5649
f 5747 6187 5731
f 5649 5635 5977
f 5731 6131 5715
f 5949 5977 5635
f 5715 6091 5695
f 5695 6039 5671
f 5671 5999 5655
f 8096 8070 8095
f 8069 8094 8070
f 5677 5669 5678
f 5670 5678 5669
f 7146 7145 7506
f 7505 7506 7145
f 7714 7713 7914
f 7913 7914 7713
f 5850 5849 6050
f 6049 6050 5849
f 5693 5713 5694
f 5714 5694 5713
f 5653 5637 5654
f 5638 5654 5637
f 5713 5729 5714
f 5730 5714 5729
f 8050 8034 8049
f 8033 8049 8034
f 6618 6617 6882
f 6881 6882 6617
f 7914 7913 7978
f 7977 7978 7913
f 5669 5653 5670
f 5654 5670 5653
f 6050 6049 6258
f 6257 6258 6049
f 5651 5650 5652
f 5668 5652 5667
f 6258 6257 6618
f 6617 6618 6257
f 6934 6933 6896
f 6895 6896 6933
f 7315 7323 7316
f 7324 7316 7323
f 7323 7327 7324
f 7328 7324 7327
f 7283 7315 7284
f 7316 7284 7315
f 6898 6897 6936
f 6935 6936 6897
f 6626 6625 6582
f 6581 6582 6625
f 6432 6438 6431
f 6437 6431 6438
f 6584 6583 6628
f 6627 6628 6583
f 7179 7187 7180
f 7188 7180 7187
f 7327 7321 7328
f 7322 7328 7321
f 7040 7039 7064
f 7063 7064 7039
f 7281 7273 7282
f 7274 7282 7273
f 6794 6793 6722
f 6721 6722 6793
f 7187 7275 7188
f 7276 7188 7275
f 7275 7283 7276
f 7284 7276 7283
f 6486 6574 6485
f 6573 6485 6574
f 7062 7061 7038
f 7037 7038 7061
f 6700 6699 6724
f 6723 6724 6699
f 6440 6432 6439
f 6431 6439 6432
f 6936 6935 6968
f 6967 6968 6935
f 6584 6576 6583
f 6575 6583 6576
f 7313 7281 7314
f 7282 7314 7281
f 6448 6440 6447
f 6439 6447 6440
f 6722 6721 6698
f 6697 6698 6721
f 6628 6627 6700
f 6699 6700 6627
f 7178 7177 7134
f 7133 7134 7177
f 6724 6723 6796
f 6795 6796 6723
f 7273 7185 7274
f 7186 7274 7185
f 7134 7133 7062
f 7061 7062 7133
f 7185 7177 7186
f 7178 7186 7177
f 7321 7313 7322
f 7314 7322 7313
f 6828 6827 6898
f 6897 6898 6827
f 6478 6486 6477
f 6485 6477 6486
f 6698 6697 6626
f 6625 6626 6697
f 6488 6480 6487
f 6479 6487 6480
f 7064 7063 7136
f 7135 7136 7063
f 6438 6446 6437
f 6445 6437 6446
f 7038 7037 6966
f 6965 6966 7037
f 7136 7135 7180
f 7179 7180 7135
f 6966 6965 6934
f 6933 6934 6965
f 6480 6448 6479
f 6447 6479 6448
f 6796 6795 6828
f 6827 6828 6795
f 6896 6895 6826
f 6825 6826 6895
f 6446 6478 6445
f 6477 6445 6478
f 6574 6582 6573
f 6581 6573 6582
f 6826 6825 6794
f 6793 6794 6825
f 6968 6967 7040
f 7039 7040 6967
f 6576 6488 6575
f 6487 6575 6488
f 7819 7827 7820
f 7828 7820 7827
f 7827 7831 7828
f 7832 7828 7831
f 7755 7819 7756
f 7820 7756 7819
f 6172 6171 6248
f 6247 6248 6171
f 6906 6905 6992
f 6991 6992 6905
f 6008 5944 6007
f 5943 6007 5944
f 7825 7817 7826
f 7818 7826 7817
f 6074 6114 6073
f 6113 6073 6114
f 5944 5936 5943
f 5935 5943 5936
f 6248 6247 6388
f 6387 6388 6247
f 5942 6006 5941
f 6005 5941 6006
f 5934 5942 5933
f 5941 5933 5942
f 7250 7249 7110
f 7109 7110 7249
f 6172 6116 6171
f 6115 6171 6116
f 7110 7109 6990
f 6989 6990 7109
f 6512 6511 6652
f 6651 6652 6511
f 7687 7755 7688
f 7756 7688 7755
f 5928 5934 5927
f 5933 5927 5934
f 6888 6887 6770
f 6769 6770 6887
f 6992 6991 7112
f 7111 7112 6991
f 7685 7645 7686
f 7646 7686 7645
f 6114 6170 6113
f 6169 6113 6170
f 6770 6769 6650
f 6649 6650 6769
f 7376 7375 7516
f 7515 7516 7375
f 7831 7825 7832
f 7826 7832 7825
f 6652 6651 6772
f 6771 6772 6651
f 7591 7647 7592
f 7648 7592 7647
f 7516 7515 7592
f 7591 7592 7515
f 6006 6074 6005
f 6073 6005 6074
f 6650 6649 6510
f 6509 6510 6649
f 6990 6989 6888
f 6887 6888 6989
f 7514 7513 7374
f 7373 7374 7513
f 7817 7753 7818
f 7754 7818 7753
f 7252 7251 7376
f 7375 7376 7251
f 7647 7687 7648
f 7688 7648 7687
f 7590 7589 7514
f 7513 7514 7589
f 7645 7589 7646
f 7590 7646 7589
f 7112 7111 7252
f 7251 7252 7111
f 6772 6771 6906
f 6905 6906 6771
f 6246 6245 6170
f 6169 6170 6245
f 7753 7685 7754
f 7686 7754 7685
f 5936 5928 5935
f 5927 5935 5928
f 7374 7373 7250
f 7249 7250 7373
f 6510 6509 6386
f 6385 6386 6509
f 6388 6387 6512
f 6511 6512 6387
f 7535 7328 7549
f 7491 7324 7535
f 7531 7549 7328
f 7451 7316 7491
f 7328 7322 7531
f 7411 7284 7451
f 7487 7531 7322
f 7363 7276 7411
f 7322 7314 7487
f 7447 7487 7314
f 7328 7535 7324
f 7324 7491 7316
f 7303 7188 7363
f 7316 7451 7284
f 7284 7411 7276
f 7239 7180 7303
f 7276 7363 7188
f 7188 7303 7180
f 7167 7136 7239
f 7180 7239 7136
f 7083 7064 7167
f 7136 7167 7064
f 7064 7083 7040
f 7083 7027 7040
f 7040 7027 6968
f 7027 6955 6968
f 6968 6955 6936
f 6955 6901 6936
f 6936 6901 6898
f 6898 6901 6828
f 6901 6815 6828
f 6828 6815 6796
f 6815 6743 6796
f 6796 6743 6724
f 6743 6687 6724
f 6700 6724 6687
f 6687 6603 6700
f 6628 6700 6603
f 6603 6531 6628
f 6584 6628 6531
f 6531 6467 6584
f 6576 6584 6467
f 6467 6407 6576
f 6488 6576 6407
f 6407 6359 6488
f 6480 6488 6359
f 6359 6319 6480
f 6448 6480 6319
f 7314 7282 7447
f 7407 7447 7282
f 7282 7274 7407
f 7359 7407 7274
f 7274 7186 7359
f 7299 7359 7186
f 7186 7178 7299
f 7235 7299 7178
f 7178 7134 7235
f 7163 7235 7134
f 7134 7062 7163
f 7079 7163 7062
f 7062 7038 7079
f 7079 7038 7023
f 7038 6966 7023
f 7023 6966 6951
f 6966 6934 6951
f 6934 6896 6951
f 6951 6896 6893
f 6896 6826 6893
f 6893 6826 6811
f 6826 6794 6811
f 6811 6794 6739
f 6794 6722 6739
f 6698 6683 6722
f 6739 6722 6683
f 6626 6599 6698
f 6683 6698 6599
f 6582 6527 6626
f 6574 6463 6582
f 6599 6626 6527
f 6486 6403 6574
f 6478 6355 6486
f 6527 6582 6463
f 6446 6315 6478
f 6438 6275 6446
f 6432 6231 6438
f 6319 6279 6448
f 6463 6574 6403
f 6440 6448 6279
f 6403 6486 6355
f 6279 6235 6440
f 6355 6478 6315
f 6432 6440 6235
f 6315 6446 6275
f 6235 6213 6432
f 6275 6438 6231
f 6231 6432 6213
f 6076 6008 6075
f 6007 6075 6008
f 6116 6076 6115
f 6075 6115 6076
f 6386 6385 6246
f 6245 6246 6385
f 6564 6563 6664
f 6663 6664 6563
f 7767 7783 7768
f 7784 7768 7783
f 7783 7809 7784
f 7810 7784 7809
f 5996 5980 5995
f 5979 5995 5980
f 6904 6903 6980
f 6979 6980 6903
f 6088 6036 6087
f 6035 6087 6036
f 7635 7675 7636
f 7676 7636 7675
f 7468 7467 7580
f 7579 7580 7467
f 6562 6561 6422
f 6421 6422 6561
f 7809 7781 7810
f 7782 7810 7781
f 7579 7635 7580
f 7636 7580 7635
f 7100 7099 7200
f 7199 7200 7099
f 6422 6421 6294
f 6293 6294 6421
f 6086 6126 6085
f 6125 6085 6126
f 6978 6977 6890
f 6889 6890 6977
f 7198 7197 7098
f 7097 7098 7197
f 6890 6889 6782
f 6781 6782 6889
f 7338 7337 7198
f 7197 7198 7337
f 6184 6128 6183
f 6127 6183 6128
f 7200 7199 7340
f 7339 7340 7199
f 6424 6423 6564
f 6563 6564 6423
f 7633 7577 7634
f 7578 7634 7577
f 6782 6781 6662
f 6661 6662 6781
f 7673 7633 7674
f 7634 7674 7633
f 6294 6293 6182
f 6181 6182 6293
f 7098 7097 6978
f 6977 6978 7097
f 7725 7673 7726
f 7674 7726 7673
f 5978 5994 5977
f 5993 5977 5994
f 7765 7725 7766
f 7726 7766 7725
f 6036 5996 6035
f 5995 6035 5996
f 6784 6783 6904
f 6903 6904 6783
f 6034 6086 6033
f 6085 6033 6086
f 7340 7339 7468
f 7467 7468 7339
f 6184 6183 6296
f 6295 6296 6183
f 6296 6295 6424
f 6423 6424 6295
f 6980 6979 7100
f 7099 7100 6979
f 7781 7765 7782
f 7766 7782 7765
f 7578 7577 7466
f 7465 7466 7577
f 5950 5978 5949
f 5977 5949 5978
f 7675 7727 7676
f 7728 7676 7727
f 7466 7465 7338
f 7337 7338 7465
f 7727 7767 7728
f 7768 7728 7767
f 6664 6663 6784
f 6783 6784 6663
f 5980 5950 5979
f 5949 5979 5950
f 6662 6661 6562
f 6561 6562 6661
f 5994 6034 5993
f 6033 5993 6034
f 6126 6182 6125
f 6181 6125 6182
f 7530 7327 7548
f 7486 7321 7530
f 7534 7548 7327
f 7446 7313 7486
f 7327 7323 7534
f 7406 7281 7446
f 7490 7534 7323
f 7358 7273 7406
f 7323 7315 7490
f 7450 7490 7315
f 7327 7530 7321
f 7321 7486 7313
f 7298 7185 7358
f 7313 7446 7281
f 7281 7406 7273
f 7234 7177 7298
f 7273 7358 7185
f 7185 7298 7177
f 7162 7133 7234
f 7177 7234 7133
f 7078 7061 7162
f 7133 7162 7061
f 7061 7078 7037
f 7078 7022 7037
f 7037 7022 6965
f 7022 6950 6965
f 6965 6950 6933
f 6950 6892 6933
f 6933 6892 6895
f 6895 6892 6825
f 6892 6810 6825
f 6825 6810 6793
f 6810 6738 6793
f 6793 6738 6721
f 6738 6682 6721
f 6697 6721 6682
f 6682 6598 6697
f 6625 6697 6598
f 6598 6526 6625
f 6581 6625 6526
f 6526 6462 6581
f 6573 6581 6462
f 6462 6402 6573
f 6485 6573 6402
f 6402 6354 6485
f 6477 6485 6354
f 6354 6314 6477
f 6445 6477 6314
f 7315 7283 7450
f 7410 7450 7283
f 7283 7275 7410
f 7362 7410 7275
f 7275 7187 7362
f 7302 7362 7187
f 7187 7179 7302
f 7238 7302 7179
f 7179 7135 7238
f 7166 7238 7135
f 7135 7063 7166
f 7082 7166 7063
f 7063 7039 7082
f 7082 7039 7026
f 7039 6967 7026
f 7026 6967 6954
f 6967 6935 6954
f 6935 6897 6954
f 6954 6897 6900
f 6897 6827 6900
f 6900 6827 6814
f 6827 6795 6814
f 6814 6795 6742
f 6795 6723 6742
f 6699 6686 6723
f 6742 6723 6686
f 6627 6602 6699
f 6686 6699 6602
f 6583 6530 6627
f 6575 6466 6583
f 6602 6627 6530
f 6487 6406 6575
f 6479 6358 6487
f 6530 6583 6466
f 6447 6318 6479
f 6439 6278 6447
f 6431 6234 6439
f 6314 6274 6445
f 6466 6575 6406
f 6437 6445 6274
f 6406 6487 6358
f 6274 6230 6437
f 6358 6479 6318
f 6431 6437 6230
f 6318 6447 6278
f 6230 6212 6431
f 6278 6439 6234
f 6234 6431 6212
f 6128 6088 6127
f 6087 6127 6088
f 5356 5355 5196
f 5195 5196 5355
f 4710 4709 4922
f 4921 4922 4709
f 5460 5488 5459
f 5487 5459 5488
f 5488 5500 5487
f 5499 5487 5500
f 5440 5460 5439
f 5459 5439 5460
f 4922 4921 5098
f 5097 5098 4921
f 4924 4923 4712
f 4711 4712 4923
f 5098 5097 5194
f 5193 5194 5097
f 3359 3331 3360
f 3332 3360 3331
f 5424 5440 5423
f 5439 5423 5440
f 4712 4711 4548
f 4547 4548 4711
f 3315 3295 3316
f 3296 3316 3295
f 3357 3397 3358
f 3398 3358 3397
f 4374 4373 4208
f 4207 4208 4373
f 5458 5438 5457
f 5437 5457 5438
f 5196 5195 5100
f 5099 5100 5195
f 3399 3359 3400
f 3360 3400 3359
f 5394 5354 5393
f 5353 5393 5354
f 5438 5422 5437
f 5421 5437 5422
f 5488 5384 5500
f 5460 5372 5488
f 5486 5500 5384
f 5440 5340 5460
f 5384 5370 5486
f 5424 5296 5440
f 5458 5486 5370
f 5396 5240 5424
f 5370 5338 5458
f 5438 5458 5338
f 5384 5488 5372
f 5356 5156 5396
f 5372 5460 5340
f 5340 5440 5296
f 5296 5424 5240
f 5196 5116 5356
f 5240 5396 5156
f 5156 5356 5116
f 5100 5060 5196
f 5116 5196 5060
f 4924 4884 5100
f 5060 5100 4884
f 4884 4924 4760
f 4924 4712 4760
f 4760 4712 4620
f 4712 4548 4620
f 4620 4548 4500
f 4548 4374 4500
f 4500 4374 4372
f 4372 4374 4256
f 4374 4208 4256
f 4256 4208 4136
f 4208 4044 4136
f 4136 4044 3996
f 4044 3832 3996
f 3872 3996 3832
f 3832 3656 3872
f 3696 3872 3656
f 3656 3560 3696
f 3640 3696 3560
f 3560 3400 3640
f 3600 3640 3400
f 3400 3360 3600
f 3516 3600 3360
f 3360 3332 3516
f 3460 3516 3332
f 3332 3316 3460
f 3416 3460 3316
f 5338 5294 5438
f 5422 5438 5294
f 5294 5238 5422
f 5394 5422 5238
f 5238 5154 5394
f 5354 5394 5154
f 5154 5114 5354
f 5194 5354 5114
f 5114 5058 5194
f 5098 5194 5058
f 5058 4882 5098
f 4922 5098 4882
f 4882 4758 4922
f 4922 4758 4710
f 4758 4618 4710
f 4710 4618 4546
f 4618 4498 4546
f 4498 4350 4546
f 4546 4350 4348
f 4350 4254 4348
f 4348 4254 4206
f 4254 4134 4206
f 4206 4134 4042
f 4134 3994 4042
f 3870 3830 3994
f 4042 3994 3830
f 3694 3654 3870
f 3830 3870 3654
f 3638 3558 3694
f 3598 3398 3638
f 3654 3694 3558
f 3514 3358 3598
f 3458 3330 3514
f 3414 3314 3458
f 3558 3638 3398
f 3382 3294 3414
f 3372 3266 3382
f 3316 3296 3416
f 3398 3598 3358
f 3384 3416 3296
f 3358 3514 3330
f 3296 3268 3384
f 3330 3458 3314
f 3372 3384 3268
f 3314 3414 3294
f 3268 3256 3372
f 3294 3382 3266
f 3266 3372 3256
f 4044 4043 3832
f 3831 3832 4043
f 3560 3559 3400
f 3399 3400 3559
f 3832 3831 3656
f 3655 3656 3831
f 5396 5424 5395
f 5423 5395 5424
f 4546 4545 4710
f 4709 4710 4545
f 5486 5458 5485
f 5457 5485 5458
f 3313 3329 3314
f 3330 3314 3329
f 3830 3829 4042
f 4041 4042 3829
f 5194 5193 5354
f 5353 5354 5193
f 3293 3313 3294
f 3314 3294 3313
f 3558 3557 3654
f 3653 3654 3557
f 5100 5099 4924
f 4923 4924 5099
f 5500 5486 5499
f 5485 5499 5486
f 3331 3315 3332
f 3316 3332 3315
f 3654 3653 3830
f 3829 3830 3653
f 3656 3655 3560
f 3559 3560 3655
f 3265 3293 3266
f 3294 3266 3293
f 3295 3267 3296
f 3268 3296 3267
f 4348 4347 4546
f 4545 4546 4347
f 4548 4547 4374
f 4373 4374 4547
f 4208 4207 4044
f 4043 4044 4207
f 5356 5396 5355
f 5395 5355 5396
f 4042 4041 4206
f 4205 4206 4041
f 5422 5394 5421
f 5393 5421 5394
f 3255 3265 3256
f 3266 3256 3265
f 3329 3357 3330
f 3358 3330 3357
f 3267 3255 3268
f 3256 3268 3255
f 4206 4205 4348
f 4347 4348 4205
f 3398 3397 3558
f 3557 3558 3397
f 5456 5484 5455
f 5483 5455 5484
f 5484 5498 5483
f 5497 5483 5498
f 5435 5436 5450
f 5436 5456 5450
f 5456 5455 5450
f 5449 5450 5455
f 3263 3253 3264
f 3254 3264 3253
f 4920 4919 4708
f 4707 4708 4919
f 4708 4707 4544
f 4543 4544 4707
f 5420 5436 5419
f 5435 5419 5436
f 4542 4541 4706
f 4705 4706 4541
f 4332 4331 4542
f 4541 4542 4331
f 5352 5351 5192
f 5191 5192 5351
f 5434 5418 5433
f 5417 5433 5418
f 3327 3311 3328
f 3312 3328 3311
f 5190 5189 5350
f 5349 5350 5189
f 5390 5350 5389
f 5349 5389 5350
f 4706 4705 4918
f 4917 4918 4705
f 3253 3261 3254
f 3262 3254 3261
f 3556 3555 3396
f 3395 3396 3555
f 4040 4039 3828
f 3827 3828 4039
f 3325 3353 3326
f 3354 3326 3353
f 5352 5392 5351
f 5391 5351 5392
f 3826 3825 4038
f 4037 4038 3825
f 4918 4917 5094
f 5093 5094 4917
f 3828 3827 3652
f 3651 3652 3827
f 5484 5382 5498
f 5456 5368 5484
f 5482 5498 5382
f 5436 5336 5456
f 5382 5366 5482
f 5420 5292 5436
f 5454 5482 5366
f 5392 5236 5420
f 5366 5334 5454
f 5434 5454 5334
f 5382 5484 5368
f 5352 5152 5392
f 5368 5456 5336
f 5336 5436 5292
f 5292 5420 5236
f 5192 5112 5352
f 5236 5392 5152
f 5152 5352 5112
f 5096 5056 5192
f 5112 5192 5056
f 4920 4880 5096
f 5056 5096 4880
f 4880 4920 4756
f 4920 4708 4756
f 4756 4708 4616
f 4708 4544 4616
f 4616 4544 4496
f 4544 4346 4496
f 4496 4346 4344
f 4344 4346 4252
f 4346 4204 4252
f 4252 4204 4132
f 4204 4040 4132
f 4132 4040 3992
f 4040 3828 3992
f 3868 3992 3828
f 3828 3652 3868
f 3692 3868 3652
f 3652 3556 3692
f 3636 3692 3556
f 3556 3396 3636
f 3596 3636 3396
f 3396 3356 3596
f 3512 3596 3356
f 3356 3328 3512
f 3456 3512 3328
f 3328 3312 3456
f 3412 3456 3312
f 5334 5290 5434
f 5418 5434 5290
f 5290 5234 5418
f 5390 5418 5234
f 5234 5150 5390
f 5350 5390 5150
f 5150 5110 5350
f 5190 5350 5110
f 5110 5054 5190
f 5094 5190 5054
f 5054 4878 5094
f 4918 5094 4878
f 4878 4754 4918
f 4918 4754 4706
f 4754 4614 4706
f 4706 4614 4542
f 4614 4494 4542
f 4494 4334 4542
f 4542 4334 4332
f 4334 4250 4332
f 4332 4250 4202
f 4250 4130 4202
f 4202 4130 4038
f 4130 3990 4038
f 3866 3826 3990
f 4038 3990 3826
f 3690 3650 3866
f 3826 3866 3650
f 3634 3554 3690
f 3594 3394 3634
f 3650 3690 3554
f 3510 3354 3594
f 3454 3326 3510
f 3410 3310 3454
f 3554 3634 3394
f 3378 3290 3410
f 3370 3262 3378
f 3312 3292 3412
f 3394 3594 3354
f 3380 3412 3292
f 3354 3510 3326
f 3292 3264 3380
f 3326 3454 3310
f 3370 3380 3264
f 3310 3410 3290
f 3264 3254 3370
f 3290 3378 3262
f 3262 3370 3254
f 5482 5454 5481
f 5453 5481 5454
f 3289 3309 3290
f 3310 3290 3309
f 5454 5434 5453
f 5433 5453 5434
f 5192 5191 5096
f 5095 5096 5191
f 5096 5095 4920
f 4919 4920 5095
f 4204 4203 4040
f 4039 4040 4203
f 3650 3649 3826
f 3825 3826 3649
f 3395 3355 3396
f 3356 3396 3355
f 5498 5482 5497
f 5481 5497 5482
f 3306 3305 3291
f 3311 3306 3312
f 3312 3306 3292
f 3291 3292 3306
f 3394 3393 3554
f 3553 3554 3393
f 4544 4543 4346
f 4345 4346 4543
f 5392 5420 5391
f 5419 5391 5420
f 3309 3325 3310
f 3326 3310 3325
f 5418 5390 5417
f 5389 5417 5390
f 4202 4201 4332
f 4331 4332 4201
f 3291 3263 3292
f 3264 3292 3263
f 3554 3553 3650
f 3649 3650 3553
f 3652 3651 3556
f 3555 3556 3651
f 4038 4037 4202
f 4201 4202 4037
f 4346 4345 4204
f 4203 4204 4345
f 3261 3289 3262
f 3290 3262 3289
f 3353 3393 3354
f 3394 3354 3393
f 5094 5093 5190
f 5189 5190 5093
f 3355 3327 3356
f 3328 3356 3327
f 3238 3237 3278
f 3277 3278 3237
f 3134 3133 3131
f 3133 3129 3131
f 3130 3131 3129
f 5542 5526 5541
f 5525 5541 5526
f 5210 5209 5002
f 5001 5002 5209
f 5586 5562 5585
f 5561 5585 5562
f 3225 3209 3226
f 3210 3226 3209
f 3157 3185 3158
f 3186 3158 3185
f 3221 3237 3222
f 3238 3222 3237
f 5566 5563 5565
f 5591 5565 5592
f 4378 4377 4114
f 4113 4114 4377
f 3189 3163 3190
f 3164 3187 3163
f 5608 5605 5607
f 5621 5607 5622
f 5514 5530 5513
f 5529 5513 5530
f 5470 5469 5510
f 5509 5510 5469
f 5530 5546 5529
f 5545 5529 5546
f 5592 5589 5591
f 5607 5591 5608
f 3185 3205 3186
f 3206 3186 3205
f 5526 5510 5525
f 5509 5525 5510
f 5406 5405 5470
f 5469 5470 5405
f 5622 5619 5621
f 5619 5618 5621
f 5617 5621 5618
f 5562 5542 5561
f 5541 5561 5542
f 3205 3221 3206
f 3222 3206 3221
f 3129 3141 3130
f 3142 3130 3141
f 3163 3147 3164
f 3148 3161 3147
f 3141 3157 3142
f 3158 3142 3157
f 3147 3133 3148
f 3134 3145 3133
f 4642 4641 4378
f 4377 4378 4641
f 5618 5602 5617
f 5601 5617 5602
f 3546 3545 3346
f 3345 3346 3545
f 5602 5586 5601
f 5585 5601 5586
f 5474 5473 5410
f 5409 5410 5473
f 3346 3345 3282
f 3281 3282 3345
f 3342 3341 3542
f 3541 3542 3341
f 3241 3225 3242
f 3226 3242 3225
f 3173 3175 3159
f 3249 3130 3263
f 3263 3291 3249
f 3305 3249 3291
f 5497 5618 5483
f 5483 5505 5455
f 5449 5455 5505
f 5619 5603 5618
f 5603 5577 5618
f 5587 5577 5603
f 5577 5573 5618
f 5579 5577 5587
f 5573 5557 5618
f 5557 5553 5618
f 5553 5537 5618
f 5537 5521 5618
f 5521 5505 5618
f 5505 5483 5618
f 5497 5481 5618
f 5481 5453 5602
f 5586 5602 5453
f 5562 5586 5433
f 5602 5618 5481
f 5453 5433 5586
f 5433 5417 5562
f 5542 5562 5417
f 5417 5389 5542
f 5526 5542 5389
f 5389 5349 5526
f 5510 5526 5349
f 5349 5189 5510
f 5470 5510 5189
f 5189 5093 5470
f 5406 5470 5093
f 5206 5406 5093
f 5093 4917 5206
f 4998 5206 4917
f 4917 4705 4998
f 4998 4705 4638
f 4705 4541 4638
f 4541 4331 4638
f 4638 4331 4330
f 4331 4201 4330
f 4330 4201 4110
f 4201 4037 4110
f 3825 3750 4037
f 4110 4037 3750
f 3649 3542 3825
f 3553 3278 3649
f 3750 3825 3542
f 3393 3238 3553
f 3353 3222 3393
f 3542 3649 3342
f 3325 3206 3353
f 3309 3186 3325
f 3289 3158 3309
f 3342 3649 3278
f 3261 3142 3289
f 3253 3130 3261
f 3253 3263 3130
f 3278 3553 3238
f 3233 3130 3249
f 3238 3393 3222
f 3217 3130 3233
f 3222 3353 3206
f 3201 3130 3217
f 3197 3130 3201
f 3142 3261 3130
f 3181 3130 3197
f 3173 3130 3181
f 3206 3325 3186
f 3159 3143 3173
f 3130 3173 3143
f 3186 3309 3158
f 3131 3130 3143
f 3158 3289 3142
f 5607 5605 5622
f 5620 5622 5605
f 5591 5589 5608
f 5606 5608 5589
f 5565 5563 5592
f 5590 5592 5563
f 5546 5543 5566
f 5563 5566 5543
f 5530 5527 5546
f 5543 5546 5527
f 5514 5511 5530
f 5527 5530 5511
f 5474 5471 5514
f 5511 5514 5471
f 5410 5407 5474
f 5471 5474 5407
f 5210 5207 5410
f 5407 5410 5207
f 5002 4999 5210
f 5207 5210 4999
f 4642 4639 5002
f 4999 5002 4639
f 4378 4375 4642
f 4639 4642 4375
f 4378 4114 4375
f 4375 4114 4111
f 4114 3754 4111
f 4111 3754 3751
f 3754 3546 3751
f 3751 3546 3543
f 3546 3346 3543
f 3543 3346 3343
f 3346 3282 3343
f 3343 3282 3279
f 3282 3242 3279
f 3279 3242 3239
f 3242 3226 3239
f 3239 3226 3223
f 3226 3210 3223
f 3223 3210 3207
f 3210 3190 3207
f 3207 3190 3187
f 3190 3163 3187
f 3188 3164 3161
f 3164 3147 3161
f 3162 3148 3145
f 3148 3133 3145
f 3131 3146 3134
f 4114 4113 3754
f 3753 3754 4113
f 5410 5409 5210
f 5209 5210 5409
f 3750 3749 4110
f 4109 4110 3749
f 5206 5205 5406
f 5405 5406 5205
f 4638 4637 4998
f 4997 4998 4637
f 4110 4109 4330
f 4329 4330 4109
f 3278 3277 3342
f 3341 3342 3277
f 3754 3753 3546
f 3545 3546 3753
f 5546 5566 5545
f 5565 5545 5566
f 5514 5513 5474
f 5473 5474 5513
f 3209 3189 3210
f 3190 3210 3189
f 3282 3281 3242
f 3241 3242 3281
f 5002 5001 4642
f 4641 4642 5001
f 4330 4329 4638
f 4637 4638 4329
f 4998 4997 5206
f 5205 5206 4997
f 3542 3541 3750
f 3749 3750 3541
f 5554 5538 5553
f 5537 5553 5538
f 3197 3201 3198
f 3202 3198 3201
f 5574 5558 5573
f 5557 5573 5558
f 5522 5506 5521
f 5505 5521 5506
f 5558 5554 5557
f 5553 5557 5554
f 5450 5449 5506
f 5505 5506 5449
f 3250 3249 3306
f 3305 3306 3249
f 5578 5574 5577
f 5573 5577 5574
f 3217 3233 3218
f 3234 3218 3233
f 5580 5578 5579
f 5577 5579 5578
f 5538 5522 5537
f 5521 5537 5522
f 3233 3249 3234
f 3250 3234 3249
f 3175 3173 3176
f 3174 3176 3173
f 3173 3181 3174
f 3182 3174 3181
f 3181 3197 3182
f 3198 3182 3197
f 3201 3217 3202
f 3218 3202 3217
f 4981 5025 4982
f 5026 4982 5025
f 4983 5027 4984
f 5028 4984 5027
f 5025 5043 5026
f 5044 5026 5043
f 5027 5045 5028
f 5046 5028 5045
f 4941 4981 4942
f 4982 4942 4981
f 4943 4983 4944
f 4984 4944 4983
f 4853 4901 4854
f 4902 4854 4901
f 4855 4903 4856
f 4904 4856 4903
f 3766 3806 3765
f 3805 3765 3806
f 3768 3808 3767
f 3807 3767 3808
f 5021 4977 5022
f 4978 5022 4977
f 5023 4979 5024
f 4980 5024 4979
f 4022 4021 4094
f 4093 4094 4021
f 4024 4023 4096
f 4095 4096 4023
f 4518 4517 4574
f 4573 4574 4517
f 4520 4519 4576
f 4575 4576 4519
f 4977 4937 4978
f 4938 4978 4937
f 4979 4939 4980
f 4940 4980 4939
f 4654 4653 4570
f 4569 4570 4653
f 4656 4655 4572
f 4571 4572 4655
f 3958 3957 4022
f 4021 4022 3957
f 3960 3959 4024
f 4023 4024 3959
f 4901 4941 4902
f 4942 4902 4941
f 4903 4943 4904
f 4944 4904 4943
f 4234 4233 4306
f 4305 4306 4233
f 4236 4235 4308
f 4307 4308 4235
f 4897 4849 4898
f 4850 4898 4849
f 4899 4851 4900
f 4852 4900 4851
f 4442 4441 4356
f 4355 4356 4441
f 4444 4443 4358
f 4357 4358 4443
f 3806 3846 3805
f 3845 3805 3846
f 3808 3848 3807
f 3847 3807 3848
f 4574 4573 4658
f 4657 4658 4573
f 4576 4575 4660
f 4659 4660 4575
f 4230 4229 4174
f 4173 4174 4229
f 4232 4231 4176
f 4175 4176 4231
f 4094 4093 4178
f 4177 4178 4093
f 4096 4095 4180
f 4179 4180 4095
f 4174 4173 4090
f 4089 4090 4173
f 4176 4175 4092
f 4091 4092 4175
f 3722 3766 3721
f 3765 3721 3766
f 3724 3768 3723
f 3767 3723 3768
f 4090 4089 4018
f 4017 4018 4089
f 4092 4091 4020
f 4019 4020 4091
f 4446 4445 4518
f 4517 4518 4445
f 4448 4447 4520
f 4519 4520 4447
f 4514 4513 4442
f 4441 4442 4513
f 4516 4515 4444
f 4443 4444 4515
f 3894 3954 3893
f 3953 3893 3954
f 3896 3956 3895
f 3955 3895 3956
f 3958 3898 3957
f 3897 3957 3898
f 3960 3900 3959
f 3899 3959 3900
f 5043 5021 5044
f 5022 5044 5021
f 5045 5023 5046
f 5024 5046 5023
f 3898 3850 3897
f 3849 3897 3850
f 3900 3852 3899
f 3851 3899 3852
f 3708 3722 3707
f 3721 3707 3722
f 3710 3724 3709
f 3723 3709 3724
f 4570 4569 4514
f 4513 4514 4569
f 4572 4571 4516
f 4515 4516 4571
f 4726 4725 4654
f 4653 4654 4725
f 4728 4727 4656
f 4655 4656 4727
f 4849 4789 4850
f 4790 4850 4789
f 4851 4791 4852
f 4792 4852 4791
f 3846 3894 3845
f 3893 3845 3894
f 3848 3896 3847
f 3895 3847 3896
f 4790 4789 4726
f 4725 4726 4789
f 4792 4791 4728
f 4727 4728 4791
f 4356 4355 4302
f 4301 4302 4355
f 4358 4357 4304
f 4303 4304 4357
f 4937 4897 4938
f 4898 4938 4897
f 4939 4899 4940
f 4900 4940 4899
f 4306 4305 4364
f 4363 4364 4305
f 4308 4307 4366
f 4365 4366 4307
f 3770 3726 3769
f 3725 3769 3726
f 3772 3728 3771
f 3727 3771 3728
f 4658 4657 4730
f 4729 4730 4657
f 4660 4659 4732
f 4731 4732 4659
f 4178 4177 4234
f 4233 4234 4177
f 4180 4179 4236
f 4235 4236 4179
f 4730 4729 4794
f 4793 4794 4729
f 4732 4731 4796
f 4795 4796 4731
f 4364 4363 4446
f 4445 4446 4363
f 4366 4365 4448
f 4447 4448 4365
f 3850 3810 3849
f 3809 3849 3810
f 3852 3812 3851
f 3811 3851 3812
f 4302 4301 4230
f 4229 4230 4301
f 4304 4303 4232
f 4231 4232 4303
f 4793 4853 4794
f 4854 4794 4853
f 4795 4855 4796
f 4856 4796 4855
f 4018 4017 3954
f 3953 3954 4017
f 4020 4019 3956
f 3955 3956 4019
f 3810 3770 3809
f 3769 3809 3770
f 3812 3772 3811
f 3771 3811 3772
f 3726 3708 3725
f 3707 3725 3708
f 3728 3710 3727
f 3709 3727 3710
f 5339 5371 5340
f 5372 5340 5371
f 5371 5383 5372
f 5384 5372 5383
f 5295 5339 5296
f 5340 5296 5339
f 3516 3460 3515
f 3459 3515 3460
f 4620 4619 4760
f 4759 4760 4619
f 5369 5337 5370
f 5338 5370 5337
f 5058 5057 4882
f 4881 4882 5057
f 5237 5153 5238
f 5154 5238 5153
f 3414 3458 3413
f 3457 3413 3458
f 4758 4757 4618
f 4617 4618 4757
f 5239 5295 5240
f 5296 5240 5295
f 4350 4349 4254
f 4253 4254 4349
f 3696 3695 3872
f 3871 3872 3695
f 3416 3384 3415
f 3383 3415 3384
f 3514 3598 3513
f 3597 3513 3598
f 5337 5293 5338
f 5294 5338 5293
f 3598 3638 3597
f 3637 3597 3638
f 5293 5237 5294
f 5238 5294 5237
f 3372 3382 3371
f 3381 3371 3382
f 3640 3600 3639
f 3599 3639 3600
f 4134 4133 3994
f 3993 3994 4133
f 3694 3693 3638
f 3637 3638 3693
f 3872 3871 3996
f 3995 3996 3871
f 4884 4883 5060
f 5059 5060 4883
f 5155 5239 5156
f 5240 5156 5239
f 3460 3416 3459
f 3415 3459 3416
f 4618 4617 4498
f 4497 4498 4617
f 4136 4135 4256
f 4255 4256 4135
f 5060 5059 5116
f 5115 5116 5059
f 4372 4371 4500
f 4499 4500 4371
f 4882 4881 4758
f 4757 4758 4881
f 5153 5113 5154
f 5114 5154 5113
f 5383 5369 5384
f 5370 5384 5369
f 3384 3372 3383
f 3371 3383 3372
f 5114 5113 5058
f 5057 5058 5113
f 3640 3639 3696
f 3695 3696 3639
f 4254 4253 4134
f 4133 4134 4253
f 3382 3414 3381
f 3413 3381 3414
f 5323 5046 5329
f 5315 5028 5323
f 5321 5329 5046
f 5251 4984 5315
f 5046 5024 5321
f 5183 4944 5251
f 5313 5321 5024
f 5143 4904 5183
f 5024 4980 5313
f 5087 4856 5143
f 5249 5313 4980
f 4980 4940 5249
f 5046 5323 5028
f 5011 4796 5087
f 5028 5315 4984
f 4984 5251 4944
f 4944 5183 4904
f 4871 4732 5011
f 4904 5143 4856
f 4856 5087 4796
f 4747 4660 4871
f 4796 5011 4732
f 4732 4871 4660
f 4607 4576 4747
f 4660 4747 4576
f 4576 4607 4520
f 4607 4487 4520
f 4520 4487 4448
f 4487 4369 4448
f 4448 4369 4366
f 4366 4369 4308
f 4369 4267 4308
f 4308 4267 4236
f 4267 4147 4236
f 4180 4236 4147
f 4147 4007 4180
f 4096 4180 4007
f 4007 3883 4096
f 4024 4096 3883
f 3883 3743 4024
f 3960 4024 3743
f 3743 3667 3960
f 3900 3960 3667
f 3667 3611 3900
f 3852 3900 3611
f 3611 3571 3852
f 3812 3852 3571
f 3571 3503 3812
f 5181 5249 4940
f 4940 4900 5181
f 5141 5181 4900
f 4900 4852 5141
f 5085 5141 4852
f 4852 4792 5085
f 5009 5085 4792
f 4792 4728 5009
f 4869 5009 4728
f 4728 4656 4869
f 4745 4869 4656
f 4656 4572 4745
f 4605 4745 4572
f 4572 4516 4605
f 4605 4516 4485
f 4516 4444 4485
f 4444 4358 4485
f 4485 4358 4351
f 4358 4304 4351
f 4351 4304 4265
f 4304 4232 4265
f 4176 4145 4232
f 4265 4232 4145
f 4092 4005 4176
f 4020 3881 4092
f 4145 4176 4005
f 3956 3741 4020
f 3896 3665 3956
f 4005 4092 3881
f 3848 3609 3896
f 3808 3569 3848
f 3768 3501 3808
f 3881 4020 3741
f 3724 3437 3768
f 3710 3429 3724
f 3772 3812 3503
f 3741 3956 3665
f 3503 3439 3772
f 3665 3896 3609
f 3728 3772 3439
f 3609 3848 3569
f 3439 3431 3728
f 3569 3808 3501
f 3710 3728 3431
f 3501 3768 3437
f 3431 3425 3710
f 3437 3724 3429
f 3429 3710 3425
f 3994 3993 3870
f 3869 3870 3993
f 3458 3514 3457
f 3513 3457 3514
f 3870 3869 3694
f 3693 3694 3869
f 4760 4759 4884
f 4883 4884 4759
f 5115 5155 5116
f 5156 5116 5155
f 4500 4499 4620
f 4619 4620 4499
f 3996 3995 4136
f 4135 4136 3995
f 4498 4497 4350
f 4349 4350 4497
f 4256 4255 4372
f 4371 4372 4255
f 3600 3516 3599
f 3515 3599 3516
f 5278 5043 5308
f 5262 5021 5278
f 5280 5308 5043
f 5222 4977 5262
f 5043 5025 5280
f 5170 4937 5222
f 5264 5280 5025
f 5130 4897 5170
f 5025 4981 5264
f 5074 4849 5130
f 5224 5264 4981
f 4981 4941 5224
f 5043 5278 5021
f 5021 5262 4977
f 4962 4789 5074
f 4977 5222 4937
f 4937 5170 4897
f 4897 5130 4849
f 4834 4725 4962
f 4849 5074 4789
f 4789 4962 4725
f 4694 4653 4834
f 4725 4834 4653
f 4594 4569 4694
f 4653 4694 4569
f 4569 4594 4513
f 4594 4474 4513
f 4513 4474 4441
f 4474 4354 4441
f 4441 4354 4355
f 4355 4354 4301
f 4354 4278 4301
f 4301 4278 4229
f 4278 4158 4229
f 4173 4229 4158
f 4158 4058 4173
f 4089 4173 4058
f 4058 3918 4089
f 4017 4089 3918
f 3918 3790 4017
f 3953 4017 3790
f 3790 3678 3953
f 3893 3953 3678
f 3678 3622 3893
f 3845 3893 3622
f 3622 3582 3845
f 3805 3845 3582
f 3582 3530 3805
f 5172 5224 4941
f 4941 4901 5172
f 5132 5172 4901
f 4901 4853 5132
f 5076 5132 4853
f 4853 4793 5076
f 4964 5076 4793
f 4793 4729 4964
f 4836 4964 4729
f 4729 4657 4836
f 4696 4836 4657
f 4657 4573 4696
f 4596 4696 4573
f 4573 4517 4596
f 4596 4517 4476
f 4517 4445 4476
f 4445 4363 4476
f 4476 4363 4368
f 4363 4305 4368
f 4368 4305 4280
f 4305 4233 4280
f 4177 4160 4233
f 4280 4233 4160
f 4093 4060 4177
f 4160 4177 4060
f 4021 3920 4093
f 3957 3792 4021
f 4060 4093 3920
f 3897 3680 3957
f 3849 3624 3897
f 3809 3584 3849
f 3920 4021 3792
f 3769 3532 3809
f 3725 3492 3769
f 3707 3476 3725
f 3765 3805 3530
f 3792 3957 3680
f 3530 3490 3765
f 3680 3897 3624
f 3721 3765 3490
f 3624 3849 3584
f 3490 3474 3721
f 3584 3809 3532
f 3707 3721 3474
f 3532 3769 3492
f 3474 3448 3707
f 3492 3725 3476
f 3476 3707 3448
f 4440 4439 4512
f 4511 4512 4439
f 4975 5019 4976
f 5020 4976 5019
f 5019 5041 5020
f 5042 5020 5041
f 4935 4975 4936
f 4976 4936 4975
f 4847 4895 4848
f 4896 4848 4895
f 4512 4511 4568
f 4567 4568 4511
f 5041 5017 5042
f 5018 5042 5017
f 4086 4085 4014
f 4013 4014 4085
f 4226 4225 4170
f 4169 4170 4225
f 4895 4935 4896
f 4936 4896 4935
f 4172 4171 4228
f 4227 4228 4171
f 4787 4847 4788
f 4848 4788 4847
f 4973 4933 4974
f 4934 4974 4933
f 3890 3950 3889
f 3949 3889 3950
f 5017 4973 5018
f 4974 5018 4973
f 3952 3951 4016
f 4015 4016 3951
f 3762 3802 3761
f 3801 3761 3802
f 4893 4845 4894
f 4846 4894 4845
f 4568 4567 4652
f 4651 4652 4567
f 4088 4087 4172
f 4171 4172 4087
f 4650 4649 4566
f 4565 4566 4649
f 4566 4565 4510
f 4509 4510 4565
f 3718 3762 3717
f 3761 3717 3762
f 4016 4015 4088
f 4087 4088 4015
f 4722 4721 4650
f 4649 4650 4721
f 4510 4509 4438
f 4437 4438 4509
f 4724 4723 4788
f 4787 4788 4723
f 3804 3764 3803
f 3763 3803 3764
f 4438 4437 4338
f 4337 4338 4437
f 4228 4227 4300
f 4299 4300 4227
f 4014 4013 3950
f 3949 3950 4013
f 3844 3804 3843
f 3803 3843 3804
f 4933 4893 4934
f 4894 4934 4893
f 4845 4785 4846
f 4786 4846 4785
f 4338 4337 4298
f 4297 4298 4337
f 4340 4339 4440
f 4439 4440 4339
f 4652 4651 4724
f 4723 4724 4651
f 3706 3718 3705
f 3717 3705 3718
f 3952 3892 3951
f 3891 3951 3892
f 4300 4299 4340
f 4339 4340 4299
f 4298 4297 4226
f 4225 4226 4297
f 3764 3720 3763
f 3719 3763 3720
f 3720 3706 3719
f 3705 3719 3706
f 4170 4169 4086
f 4085 4086 4169
f 4786 4785 4722
f 4721 4722 4785
f 3892 3844 3891
f 3843 3891 3844
f 3842 3890 3841
f 3889 3841 3890
f 3802 3842 3801
f 3841 3801 3842
f 5335 5367 5336
f 5368 5336 5367
f 5367 5381 5368
f 5382 5368 5381
f 5291 5335 5292
f 5336 5292 5335
f 4878 4877 4754
f 4753 4754 4877
f 5233 5149 5234
f 5150 5234 5149
f 5381 5365 5382
f 5366 5382 5365
f 4250 4249 4130
f 4129 4130 4249
f 5235 5291 5236
f 5292 5236 5291
f 5149 5109 5150
f 5110 5150 5109
f 3868 3867 3992
f 3991 3992 3867
f 5333 5289 5334
f 5290 5334 5289
f 5151 5235 5152
f 5236 5152 5235
f 4130 4129 3990
f 3989 3990 4129
f 3370 3378 3369
f 3377 3369 3378
f 3636 3596 3635
f 3595 3635 3596
f 3690 3689 3634
f 3633 3634 3689
f 4334 4333 4250
f 4249 4250 4333
f 3992 3991 4132
f 4131 4132 3991
f 4880 4879 5056
f 5055 5056 4879
f 5111 5151 5112
f 5152 5112 5151
f 4616 4615 4756
f 4755 4756 4615
f 4494 4493 4334
f 4333 4334 4493
f 3866 3865 3690
f 3689 3690 3865
f 5054 5053 4878
f 4877 4878 5053
f 3636 3635 3692
f 3691 3692 3635
f 3410 3454 3409
f 3453 3409 3454
f 5056 5055 5112
f 5111 5112 5055
f 3454 3510 3453
f 3509 3453 3510
f 4252 4251 4344
f 4343 4344 4251
f 3594 3634 3593
f 3633 3593 3634
f 4344 4343 4496
f 4495 4496 4343
f 5110 5109 5054
f 5053 5054 5109
f 4756 4755 4880
f 4879 4880 4755
f 3692 3691 3868
f 3867 3868 3691
f 5289 5233 5290
f 5234 5290 5233
f 3380 3370 3379
f 3369 3379 3370
f 4132 4131 4252
f 4251 4252 4131
f 4754 4753 4614
f 4613 4614 4753
f 3412 3380 3411
f 3379 3411 3380
f 5365 5333 5366
f 5334 5366 5333
f 3378 3410 3377
f 3409 3377 3410
f 3456 3412 3455
f 3411 3455 3412
f 4614 4613 4494
f 4493 4494 4613
f 5367 5042 5381
f 5335 5020 5367
f 5365 5381 5042
f 5291 4976 5335
f 5042 5018 5365
f 5235 4936 5291
f 5333 5365 5018
f 5151 4896 5235
f 5018 4974 5333
f 5111 4848 5151
f 5289 5333 4974
f 5055 4788 5111
f 4974 4934 5289
f 5233 5289 4934
f 5042 5367 5020
f 5020 5335 4976
f 4976 5291 4936
f 4936 5235 4896
f 4879 4724 5055
f 4896 5151 4848
f 4848 5111 4788
f 4755 4652 4879
f 4788 5055 4724
f 4724 4879 4652
f 4615 4568 4755
f 4652 4755 4568
f 4568 4615 4512
f 4615 4495 4512
f 4512 4495 4440
f 4495 4343 4440
f 4440 4343 4340
f 4340 4343 4300
f 4343 4251 4300
f 4300 4251 4228
f 4251 4131 4228
f 4172 4228 4131
f 4131 3991 4172
f 4088 4172 3991
f 3991 3867 4088
f 4016 4088 3867
f 3867 3691 4016
f 3952 4016 3691
f 3691 3635 3952
f 3892 3952 3635
f 3635 3595 3892
f 3844 3892 3595
f 3804 3844 3511
f 3595 3511 3844
f 4934 4894 5233
f 5149 5233 4894
f 4894 4846 5149
f 5109 5149 4846
f 4846 4786 5109
f 5053 5109 4786
f 4786 4722 5053
f 4877 5053 4722
f 4722 4650 4877
f 4753 4877 4650
f 4650 4566 4753
f 4613 4753 4566
f 4566 4510 4613
f 4613 4510 4493
f 4510 4438 4493
f 4438 4338 4493
f 4493 4338 4333
f 4338 4298 4333
f 4333 4298 4249
f 4298 4226 4249
f 4170 4129 4226
f 4249 4226 4129
f 4086 3989 4170
f 4014 3865 4086
f 4129 4170 3989
f 3950 3689 4014
f 3890 3633 3950
f 3989 4086 3865
f 3842 3593 3890
f 3802 3509 3842
f 3762 3453 3802
f 3718 3409 3762
f 3865 4014 3689
f 3706 3377 3718
f 3511 3455 3804
f 3764 3804 3455
f 3689 3950 3633
f 3455 3411 3764
f 3633 3890 3593
f 3720 3764 3411
f 3593 3842 3509
f 3411 3379 3720
f 3509 3802 3453
f 3706 3720 3379
f 3453 3762 3409
f 3379 3369 3706
f 3409 3718 3377
f 3377 3706 3369
f 4496 4495 4616
f 4615 4616 4495
f 3510 3594 3509
f 3593 3509 3594
f 3512 3456 3511
f 3455 3511 3456
f 3596 3512 3595
f 3511 3595 3512
f 3990 3989 3866
f 3865 3866 3989
f 4056 4055 4156
f 4155 4156 4055
f 5259 5275 5260
f 5276 5260 5275
f 5275 5305 5276
f 5306 5276 5305
f 5219 5259 5220
f 5260 5220 5259
f 3446 3470 3445
f 3469 3445 3470
f 5167 5219 5168
f 5220 5168 5219
f 3914 3913 3786
f 3785 3786 3913
f 4690 4689 4590
f 4589 4590 4689
f 4470 4469 4336
f 4335 4336 4469
f 3676 3675 3788
f 3787 3788 3675
f 3580 3528 3579
f 3527 3579 3528
f 3470 3486 3469
f 3485 3469 3486
f 5217 5165 5218
f 5166 5218 5165
f 4054 4053 3914
f 3913 3914 4053
f 3488 3472 3487
f 3471 3487 3472
f 4832 4831 4960
f 4959 4960 4831
f 4472 4471 4592
f 4591 4592 4471
f 5257 5217 5258
f 5218 5258 5217
f 4830 4829 4690
f 4689 4690 4829
f 3676 3620 3675
f 3619 3675 3620
f 3788 3787 3916
f 3915 3916 3787
f 3786 3785 3674
f 3673 3674 3785
f 4960 4959 5072
f 5071 5072 4959
f 4692 4691 4832
f 4831 4832 4691
f 3916 3915 4056
f 4055 4056 3915
f 5125 5069 5126
f 5070 5126 5069
f 3528 3488 3527
f 3487 3527 3488
f 4342 4341 4472
f 4471 4472 4341
f 4592 4591 4692
f 4691 4692 4591
f 4156 4155 4276
f 4275 4276 4155
f 3526 3578 3525
f 3577 3525 3578
f 4154 4153 4054
f 4053 4054 4153
f 5165 5125 5166
f 5126 5166 5125
f 5305 5273 5306
f 5274 5306 5273
f 5071 5127 5072
f 5128 5072 5127
f 4336 4335 4274
f 4273 4274 4335
f 3578 3618 3577
f 3617 3577 3618
f 4274 4273 4154
f 4153 4154 4273
f 5127 5167 5128
f 5168 5128 5167
f 5273 5257 5274
f 5258 5274 5257
f 3486 3526 3485
f 3525 3485 3526
f 5274 5041 5306
f 5258 5017 5274
f 5276 5306 5041
f 5218 4973 5258
f 5041 5019 5276
f 5166 4933 5218
f 5260 5276 5019
f 5126 4893 5166
f 5019 4975 5260
f 5070 4845 5126
f 5220 5260 4975
f 4975 4935 5220
f 5041 5274 5017
f 5017 5258 4973
f 4958 4785 5070
f 4973 5218 4933
f 4933 5166 4893
f 4893 5126 4845
f 4830 4721 4958
f 4845 5070 4785
f 4785 4958 4721
f 4690 4649 4830
f 4721 4830 4649
f 4590 4565 4690
f 4649 4690 4565
f 4565 4590 4509
f 4590 4470 4509
f 4509 4470 4437
f 4470 4336 4437
f 4437 4336 4337
f 4337 4336 4297
f 4336 4274 4297
f 4297 4274 4225
f 4274 4154 4225
f 4169 4225 4154
f 4154 4054 4169
f 4085 4169 4054
f 4054 3914 4085
f 4013 4085 3914
f 3914 3786 4013
f 3949 4013 3786
f 3786 3674 3949
f 3889 3949 3674
f 3674 3618 3889
f 3841 3889 3618
f 3618 3578 3841
f 3801 3841 3578
f 3578 3526 3801
f 5168 5220 4935
f 4935 4895 5168
f 5128 5168 4895
f 4895 4847 5128
f 5072 5128 4847
f 4847 4787 5072
f 4960 5072 4787
f 4787 4723 4960
f 4832 4960 4723
f 4723 4651 4832
f 4692 4832 4651
f 4651 4567 4692
f 4592 4692 4567
f 4567 4511 4592
f 4592 4511 4472
f 4511 4439 4472
f 4439 4339 4472
f 4472 4339 4342
f 4339 4299 4342
f 4342 4299 4276
f 4299 4227 4276
f 4171 4156 4227
f 4276 4227 4156
f 4087 4056 4171
f 4156 4171 4056
f 4015 3916 4087
f 3951 3788 4015
f 4056 4087 3916
f 3891 3676 3951
f 3843 3620 3891
f 3803 3580 3843
f 3916 4015 3788
f 3763 3528 3803
f 3719 3488 3763
f 3705 3472 3719
f 3761 3801 3526
f 3788 3951 3676
f 3526 3486 3761
f 3676 3891 3620
f 3717 3761 3486
f 3620 3843 3580
f 3486 3470 3717
f 3580 3803 3528
f 3705 3717 3470
f 3528 3763 3488
f 3470 3446 3705
f 3488 3719 3472
f 3472 3705 3446
f 4590 4589 4470
f 4469 4470 4589
f 3472 3446 3471
f 3445 3471 3446
f 3618 3674 3617
f 3673 3617 3674
f 4276 4275 4342
f 4341 4342 4275
f 3620 3580 3619
f 3579 3619 3580
f 4958 4957 4830
f 4829 4830 4957
f 5070 5069 4958
f 4957 4958 5069
f 5464 5492 5463
f 5491 5463 5492
f 5492 5502 5491
f 5501 5491 5502
f 5444 5464 5443
f 5463 5443 5464
f 3271 3257 3272
f 3258 3272 3257
f 4928 4927 4716
f 4715 4716 4927
f 4716 4715 4552
f 4551 4552 4715
f 5428 5444 5427
f 5443 5427 5444
f 4550 4549 4714
f 4713 4714 4549
f 4384 4383 4550
f 4549 4550 4383
f 5360 5359 5200
f 5199 5200 5359
f 5442 5426 5441
f 5425 5441 5426
f 4046 4045 4210
f 4209 4210 4045
f 3335 3319 3336
f 3320 3336 3319
f 5198 5197 5358
f 5357 5358 5197
f 5398 5358 5397
f 5357 5397 5358
f 4714 4713 4926
f 4925 4926 4713
f 3257 3269 3258
f 3270 3258 3269
f 3564 3563 3404
f 3403 3404 3563
f 4048 4047 3836
f 3835 3836 4047
f 3333 3361 3334
f 3362 3334 3361
f 5360 5400 5359
f 5399 5359 5400
f 3834 3833 4046
f 4045 4046 3833
f 4926 4925 5102
f 5101 5102 4925
f 3836 3835 3660
f 3659 3660 3835
f 5492 5386 5502
f 5464 5376 5492
f 5490 5502 5386
f 5444 5344 5464
f 5386 5374 5490
f 5428 5300 5444
f 5462 5490 5374
f 5400 5244 5428
f 5374 5342 5462
f 5442 5462 5342
f 5386 5492 5376
f 5360 5160 5400
f 5376 5464 5344
f 5344 5444 5300
f 5300 5428 5244
f 5200 5120 5360
f 5244 5400 5160
f 5160 5360 5120
f 5104 5064 5200
f 5120 5200 5064
f 4928 4888 5104
f 5064 5104 4888
f 4888 4928 4764
f 4928 4716 4764
f 4764 4716 4624
f 4716 4552 4624
f 4624 4552 4504
f 4552 4410 4504
f 4504 4410 4408
f 4408 4410 4260
f 4410 4212 4260
f 4260 4212 4140
f 4212 4048 4140
f 4140 4048 4000
f 4048 3836 4000
f 3876 4000 3836
f 3836 3660 3876
f 3700 3876 3660
f 3660 3564 3700
f 3644 3700 3564
f 3564 3404 3644
f 3604 3644 3404
f 3404 3364 3604
f 3520 3604 3364
f 3364 3336 3520
f 3464 3520 3336
f 3336 3320 3464
f 3420 3464 3320
f 5342 5298 5442
f 5426 5442 5298
f 5298 5242 5426
f 5398 5426 5242
f 5242 5158 5398
f 5358 5398 5158
f 5158 5118 5358
f 5198 5358 5118
f 5118 5062 5198
f 5102 5198 5062
f 5062 4886 5102
f 4926 5102 4886
f 4886 4762 4926
f 4926 4762 4714
f 4762 4622 4714
f 4714 4622 4550
f 4622 4502 4550
f 4502 4386 4550
f 4550 4386 4384
f 4386 4258 4384
f 4384 4258 4210
f 4258 4138 4210
f 4210 4138 4046
f 4138 3998 4046
f 3874 3834 3998
f 4046 3998 3834
f 3698 3658 3874
f 3834 3874 3658
f 3642 3562 3698
f 3602 3402 3642
f 3658 3698 3562
f 3518 3362 3602
f 3462 3334 3518
f 3418 3318 3462
f 3562 3642 3402
f 3386 3298 3418
f 3374 3270 3386
f 3320 3300 3420
f 3402 3602 3362
f 3388 3420 3300
f 3362 3518 3334
f 3300 3272 3388
f 3334 3462 3318
f 3374 3388 3272
f 3318 3418 3298
f 3272 3258 3374
f 3298 3386 3270
f 3270 3374 3258
f 5490 5462 5489
f 5461 5489 5462
f 3297 3317 3298
f 3318 3298 3317
f 5462 5442 5461
f 5441 5461 5442
f 5200 5199 5104
f 5103 5104 5199
f 5104 5103 4928
f 4927 4928 5103
f 4212 4211 4048
f 4047 4048 4211
f 3658 3657 3834
f 3833 3834 3657
f 4410 4409 4212
f 4211 4212 4409
f 3403 3363 3404
f 3364 3404 3363
f 5502 5490 5501
f 5489 5501 5490
f 3319 3299 3320
f 3300 3320 3299
f 3402 3401 3562
f 3561 3562 3401
f 4552 4551 4410
f 4409 4410 4551
f 5400 5428 5399
f 5427 5399 5428
f 3317 3333 3318
f 3334 3318 3333
f 5426 5398 5425
f 5397 5425 5398
f 4210 4209 4384
f 4383 4384 4209
f 3299 3271 3300
f 3272 3300 3271
f 3562 3561 3658
f 3657 3658 3561
f 3660 3659 3564
f 3563 3564 3659
f 3269 3297 3270
f 3298 3270 3297
f 3361 3401 3362
f 3402 3362 3401
f 5102 5101 5198
f 5197 5198 5101
f 3363 3335 3364
f 3336 3364 3335
f 5364 5363 5204
f 5203 5204 5363
f 4718 4717 4930
f 4929 4930 4717
f 5468 5496 5467
f 5495 5467 5496
f 5496 5504 5495
f 5503 5495 5504
f 5448 5468 5447
f 5467 5447 5468
f 4930 4929 5106
f 5105 5106 4929
f 4932 4931 4720
f 4719 4720 4931
f 5106 5105 5202
f 5201 5202 5105
f 3367 3339 3368
f 3340 3368 3339
f 5432 5448 5431
f 5447 5431 5448
f 4720 4719 4556
f 4555 4556 4719
f 3323 3303 3324
f 3304 3324 3303
f 3365 3405 3366
f 3406 3366 3405
f 5465 5466 5452
f 5466 5446 5452
f 5445 5452 5446
f 5451 5465 5452
f 3275 3259 3276
f 3260 3276 3259
f 5204 5203 5108
f 5107 5108 5203
f 3407 3367 3408
f 3368 3408 3367
f 5402 5362 5401
f 5361 5401 5362
f 5446 5430 5445
f 5429 5445 5430
f 5496 5388 5504
f 5468 5380 5496
f 5494 5504 5388
f 5448 5348 5468
f 5388 5378 5494
f 5432 5304 5448
f 5466 5494 5378
f 5404 5248 5432
f 5378 5346 5466
f 5446 5466 5346
f 5388 5496 5380
f 5364 5164 5404
f 5380 5468 5348
f 5348 5448 5304
f 5304 5432 5248
f 5204 5124 5364
f 5248 5404 5164
f 5164 5364 5124
f 5108 5068 5204
f 5124 5204 5068
f 4932 4892 5108
f 5068 5108 4892
f 4892 4932 4768
f 4932 4720 4768
f 4768 4720 4628
f 4720 4556 4628
f 4628 4556 4508
f 4556 4426 4508
f 4508 4426 4424
f 4424 4426 4264
f 4426 4216 4264
f 4264 4216 4144
f 4216 4052 4144
f 4144 4052 4004
f 4052 3840 4004
f 3880 4004 3840
f 3840 3664 3880
f 3704 3880 3664
f 3664 3568 3704
f 3648 3704 3568
f 3568 3408 3648
f 3608 3648 3408
f 3408 3368 3608
f 3524 3608 3368
f 3368 3340 3524
f 3468 3524 3340
f 3340 3324 3468
f 3424 3468 3324
f 5346 5302 5446
f 5430 5446 5302
f 5302 5246 5430
f 5402 5430 5246
f 5246 5162 5402
f 5362 5402 5162
f 5162 5122 5362
f 5202 5362 5122
f 5122 5066 5202
f 5106 5202 5066
f 5066 4890 5106
f 4930 5106 4890
f 4890 4766 4930
f 4930 4766 4718
f 4766 4626 4718
f 4718 4626 4554
f 4626 4506 4554
f 4506 4414 4554
f 4554 4414 4412
f 4414 4262 4412
f 4412 4262 4214
f 4262 4142 4214
f 4214 4142 4050
f 4142 4002 4050
f 3878 3838 4002
f 4050 4002 3838
f 3702 3662 3878
f 3838 3878 3662
f 3646 3566 3702
f 3606 3406 3646
f 3662 3702 3566
f 3522 3366 3606
f 3466 3338 3522
f 3422 3322 3466
f 3566 3646 3406
f 3390 3302 3422
f 3376 3274 3390
f 3324 3304 3424
f 3406 3606 3366
f 3392 3424 3304
f 3366 3522 3338
f 3304 3276 3392
f 3338 3466 3322
f 3376 3392 3276
f 3322 3422 3302
f 3276 3260 3376
f 3302 3390 3274
f 3274 3376 3260
f 4052 4051 3840
f 3839 3840 4051
f 3568 3567 3408
f 3407 3408 3567
f 3840 3839 3664
f 3663 3664 3839
f 5404 5432 5403
f 5431 5403 5432
f 4554 4553 4718
f 4717 4718 4553
f 5494 5466 5493
f 5465 5493 5466
f 3321 3337 3322
f 3338 3322 3337
f 3838 3837 4050
f 4049 4050 3837
f 5202 5201 5362
f 5361 5362 5201
f 3307 3308 3301
f 3302 3301 3308
f 3321 3322 3308
f 3302 3308 3322
f 3566 3565 3662
f 3661 3662 3565
f 5108 5107 4932
f 4931 4932 5107
f 5504 5494 5503
f 5493 5503 5494
f 3339 3323 3340
f 3324 3340 3323
f 3662 3661 3838
f 3837 3838 3661
f 3664 3663 3568
f 3567 3568 3663
f 3273 3301 3274
f 3302 3274 3301
f 3303 3275 3304
f 3276 3304 3275
f 4412 4411 4554
f 4553 4554 4411
f 4556 4555 4426
f 4425 4426 4555
f 4216 4215 4052
f 4051 4052 4215
f 5364 5404 5363
f 5403 5363 5404
f 4426 4425 4216
f 4215 4216 4425
f 4050 4049 4214
f 4213 4214 4049
f 5430 5402 5429
f 5401 5429 5402
f 3259 3273 3260
f 3274 3260 3273
f 3337 3365 3338
f 3366 3338 3365
f 4214 4213 4412
f 4411 4412 4213
f 3406 3405 3566
f 3565 3566 3405
f 3244 3243 3284
f 3283 3284 3243
f 3140 3139 3137
f 3139 3135 3137
f 3136 3137 3135
f 5548 5532 5547
f 5531 5547 5532
f 5216 5215 5008
f 5007 5008 5215
f 5594 5569 5593
f 5567 5593 5568
f 3231 3215 3232
f 3216 3232 3215
f 3165 3191 3166
f 3192 3193 3191
f 3227 3243 3228
f 3244 3228 3243
f 5572 5600 5571
f 5599 5571 5600
f 4428 4427 4120
f 4119 4120 4427
f 3195 3171 3196
f 3172 3196 3171
f 5616 5628 5615
f 5627 5615 5628
f 5520 5536 5519
f 5535 5519 5536
f 5476 5475 5516
f 5515 5516 5475
f 5536 5552 5535
f 5551 5535 5552
f 5600 5616 5599
f 5615 5599 5616
f 3191 3211 3192
f 3212 3192 3211
f 5532 5516 5531
f 5515 5531 5516
f 5412 5411 5476
f 5475 5476 5411
f 5628 5625 5627
f 5624 5623 5625
f 5627 5625 5623
f 5568 5548 5567
f 5547 5567 5548
f 3211 3227 3212
f 3228 3212 3227
f 3135 3149 3136
f 3150 3151 3149
f 3171 3155 3172
f 3156 3172 3155
f 3149 3165 3150
f 3166 3167 3165
f 3155 3139 3156
f 3140 3156 3139
f 4648 4647 4428
f 4427 4428 4647
f 5624 5611 5623
f 5609 5623 5610
f 3552 3551 3352
f 3351 3352 3551
f 5610 5595 5609
f 5593 5609 5594
f 5480 5479 5416
f 5415 5416 5479
f 3352 3351 3288
f 3287 3288 3351
f 3348 3347 3548
f 3547 3548 3347
f 3247 3231 3248
f 3232 3248 3231
f 5625 5612 5624
f 5623 5611 5610
f 5611 5596 5610
f 5609 5595 5594
f 5595 5570 5594
f 5593 5569 5568
f 5569 5549 5568
f 5568 5549 5548
f 5549 5533 5548
f 5548 5533 5532
f 5533 5517 5532
f 5532 5517 5516
f 5517 5477 5516
f 5516 5477 5476
f 5477 5413 5476
f 5476 5413 5412
f 5413 5213 5412
f 5412 5213 5212
f 5213 5005 5212
f 5212 5005 5004
f 5005 4645 5004
f 5004 4645 4644
f 4645 4381 4644
f 4644 4381 4380
f 4117 4116 4381
f 4380 4381 4116
f 3757 3756 4117
f 4116 4117 3756
f 3549 3548 3757
f 3756 3757 3548
f 3349 3348 3549
f 3548 3549 3348
f 3285 3284 3349
f 3348 3349 3284
f 3245 3244 3285
f 3284 3285 3244
f 3229 3228 3245
f 3244 3245 3228
f 3213 3212 3229
f 3228 3229 3212
f 3193 3192 3213
f 3212 3213 3192
f 3168 3166 3193
f 3191 3193 3166
f 3152 3150 3167
f 3165 3167 3150
f 3138 3136 3151
f 3149 3151 3136
f 5616 5495 5628
f 5625 5628 5613
f 5600 5467 5616
f 5613 5628 5583
f 5597 5613 5583
f 5583 5628 5575
f 5572 5447 5600
f 5575 5628 5559
f 5559 5628 5555
f 5552 5431 5572
f 5555 5628 5539
f 5536 5403 5552
f 5539 5628 5523
f 5520 5363 5536
f 5503 5628 5495
f 5493 5628 5503
f 5523 5628 5507
f 5480 5203 5520
f 5495 5616 5467
f 5467 5600 5447
f 5447 5572 5431
f 5416 5107 5480
f 5431 5552 5403
f 5403 5536 5363
f 5216 5107 5416
f 5363 5520 5203
f 5203 5480 5107
f 5008 4931 5216
f 5107 5216 4931
f 4931 5008 4719
f 5008 4648 4719
f 4719 4648 4555
f 4648 4428 4555
f 4555 4428 4425
f 4425 4428 4215
f 4428 4120 4215
f 4215 4120 4051
f 4120 3760 4051
f 3839 4051 3760
f 3760 3552 3839
f 3663 3839 3552
f 3552 3352 3663
f 3352 3288 3663
f 3567 3663 3288
f 3288 3248 3567
f 3407 3567 3248
f 3248 3232 3407
f 3367 3407 3232
f 3232 3216 3367
f 3339 3367 3216
f 3216 3196 3339
f 3323 3339 3196
f 3196 3172 3323
f 3303 3323 3172
f 3172 3156 3303
f 3275 3303 3156
f 3156 3140 3275
f 3259 3275 3140
f 3203 3219 3140
f 3251 3259 3140
f 3199 3203 3140
f 3183 3199 3140
f 3235 3251 3140
f 3179 3183 3140
f 3140 3153 3179
f 3219 3235 3140
f 3177 3179 3169
f 3169 3179 3153
f 3137 3153 3140
f 5581 5597 5583
f 5507 5628 5493
f 5493 5465 5507
f 5451 5507 5465
f 3307 3301 3251
f 3301 3273 3251
f 3259 3251 3273
f 4120 4119 3760
f 3759 3760 4119
f 5416 5415 5216
f 5215 5216 5415
f 3756 3755 4116
f 4115 4116 3755
f 5212 5211 5412
f 5411 5412 5211
f 4644 4643 5004
f 5003 5004 4643
f 4116 4115 4380
f 4379 4380 4115
f 3284 3283 3348
f 3347 3348 3283
f 5552 5572 5551
f 5571 5551 5572
f 5520 5519 5480
f 5479 5480 5519
f 5004 5003 5212
f 5211 5212 5003
f 3215 3195 3216
f 3196 3216 3195
f 3760 3759 3552
f 3551 3552 3759
f 3288 3287 3248
f 3247 3248 3287
f 4380 4379 4644
f 4643 4644 4379
f 5008 5007 4648
f 4647 4648 5007
f 3548 3547 3756
f 3755 3756 3547
f 5576 5584 5575
f 5583 5575 5584
f 5560 5576 5559
f 5575 5559 5576
f 3235 3219 3236
f 3220 3236 3219
f 3219 3203 3220
f 3204 3220 3203
f 5584 5582 5583
f 5581 5583 5582
f 3179 3177 3180
f 3178 3180 3177
f 3183 3179 3184
f 3180 3184 3179
f 5556 5560 5555
f 5559 5555 5560
f 3203 3199 3204
f 3200 3204 3199
f 3199 3183 3200
f 3184 3200 3183
f 5540 5556 5539
f 5555 5539 5556
f 3308 3307 3252
f 3251 3252 3307
f 5524 5540 5523
f 5539 5523 5540
f 5508 5524 5507
f 5523 5507 5524
f 5508 5507 5452
f 5451 5452 5507
f 3251 3235 3252
f 3236 3252 3235
f 4454 4453 4526
f 4525 4526 4453
f 4456 4455 4528
f 4527 4528 4455
f 4989 5033 4990
f 5034 4990 5033
f 4991 5035 4992
f 5036 4992 5035
f 5033 5047 5034
f 5048 5034 5047
f 5035 5049 5036
f 5050 5036 5049
f 4949 4989 4950
f 4990 4950 4989
f 4951 4991 4952
f 4992 4952 4991
f 4861 4909 4862
f 4910 4862 4909
f 4863 4911 4864
f 4912 4864 4911
f 4526 4525 4582
f 4581 4582 4525
f 4528 4527 4584
f 4583 4584 4527
f 5047 5029 5048
f 5030 5048 5029
f 5049 5031 5050
f 5032 5050 5031
f 4098 4097 4026
f 4025 4026 4097
f 4100 4099 4028
f 4027 4028 4099
f 4238 4237 4182
f 4181 4182 4237
f 4240 4239 4184
f 4183 4184 4239
f 4909 4949 4910
f 4950 4910 4949
f 4911 4951 4912
f 4952 4912 4951
f 4186 4185 4242
f 4241 4242 4185
f 4188 4187 4244
f 4243 4244 4187
f 4801 4861 4802
f 4862 4802 4861
f 4803 4863 4804
f 4864 4804 4863
f 4985 4945 4986
f 4946 4986 4945
f 4987 4947 4988
f 4948 4988 4947
f 3902 3962 3901
f 3961 3901 3962
f 3904 3964 3903
f 3963 3903 3964
f 5029 4985 5030
f 4986 5030 4985
f 5031 4987 5032
f 4988 5032 4987
f 3966 3965 4030
f 4029 4030 3965
f 3968 3967 4032
f 4031 4032 3967
f 3774 3814 3773
f 3813 3773 3814
f 3776 3816 3775
f 3815 3775 3816
f 4905 4857 4906
f 4858 4906 4857
f 4907 4859 4908
f 4860 4908 4859
f 4582 4581 4666
f 4665 4666 4581
f 4584 4583 4668
f 4667 4668 4583
f 4102 4101 4186
f 4185 4186 4101
f 4104 4103 4188
f 4187 4188 4103
f 4662 4661 4578
f 4577 4578 4661
f 4664 4663 4580
f 4579 4580 4663
f 4578 4577 4522
f 4521 4522 4577
f 4580 4579 4524
f 4523 4524 4579
f 3730 3774 3729
f 3773 3729 3774
f 3732 3776 3731
f 3775 3731 3776
f 4030 4029 4102
f 4101 4102 4029
f 4032 4031 4104
f 4103 4104 4031
f 4734 4733 4662
f 4661 4662 4733
f 4736 4735 4664
f 4663 4664 4735
f 4522 4521 4450
f 4449 4450 4521
f 4524 4523 4452
f 4451 4452 4523
f 4738 4737 4802
f 4801 4802 4737
f 4740 4739 4804
f 4803 4804 4739
f 3818 3778 3817
f 3777 3817 3778
f 3820 3780 3819
f 3779 3819 3780
f 4450 4449 4392
f 4391 4392 4449
f 4452 4451 4394
f 4393 4394 4451
f 4242 4241 4314
f 4313 4314 4241
f 4244 4243 4316
f 4315 4316 4243
f 4026 4025 3962
f 3961 3962 4025
f 4028 4027 3964
f 3963 3964 4027
f 3858 3818 3857
f 3817 3857 3818
f 3860 3820 3859
f 3819 3859 3820
f 4945 4905 4946
f 4906 4946 4905
f 4947 4907 4948
f 4908 4948 4907
f 4857 4797 4858
f 4798 4858 4797
f 4859 4799 4860
f 4800 4860 4799
f 4392 4391 4310
f 4309 4310 4391
f 4394 4393 4312
f 4311 4312 4393
f 4400 4399 4454
f 4453 4454 4399
f 4402 4401 4456
f 4455 4456 4401
f 4666 4665 4738
f 4737 4738 4665
f 4668 4667 4740
f 4739 4740 4667
f 3712 3730 3711
f 3729 3711 3730
f 3714 3732 3713
f 3731 3713 3732
f 3966 3906 3965
f 3905 3965 3906
f 3968 3908 3967
f 3907 3967 3908
f 4314 4313 4400
f 4399 4400 4313
f 4316 4315 4402
f 4401 4402 4315
f 4310 4309 4238
f 4237 4238 4309
f 4312 4311 4240
f 4239 4240 4311
f 3778 3734 3777
f 3733 3777 3734
f 3780 3736 3779
f 3735 3779 3736
f 3734 3712 3733
f 3711 3733 3712
f 3736 3714 3735
f 3713 3735 3714
f 4182 4181 4098
f 4097 4098 4181
f 4184 4183 4100
f 4099 4100 4183
f 4798 4797 4734
f 4733 4734 4797
f 4800 4799 4736
f 4735 4736 4799
f 3906 3858 3905
f 3857 3905 3858
f 3908 3860 3907
f 3859 3907 3860
f 3854 3902 3853
f 3901 3853 3902
f 3856 3904 3855
f 3903 3855 3904
f 3814 3854 3813
f 3853 3813 3854
f 3816 3856 3815
f 3855 3815 3856
f 5343 5375 5344
f 5376 5344 5375
f 5375 5385 5376
f 5386 5376 5385
f 5299 5343 5300
f 5344 5300 5343
f 4886 4885 4762
f 4761 4762 4885
f 5241 5157 5242
f 5158 5242 5157
f 5385 5373 5386
f 5374 5386 5373
f 4258 4257 4138
f 4137 4138 4257
f 5243 5299 5244
f 5300 5244 5299
f 5297 5241 5298
f 5242 5298 5241
f 5157 5117 5158
f 5118 5158 5117
f 3876 3875 4000
f 3999 4000 3875
f 5341 5297 5342
f 5298 5342 5297
f 5159 5243 5160
f 5244 5160 5243
f 4138 4137 3998
f 3997 3998 4137
f 3374 3386 3373
f 3385 3373 3386
f 3644 3604 3643
f 3603 3643 3604
f 3698 3697 3642
f 3641 3642 3697
f 4386 4385 4258
f 4257 4258 4385
f 4000 3999 4140
f 4139 4140 3999
f 4888 4887 5064
f 5063 5064 4887
f 5119 5159 5120
f 5160 5120 5159
f 4624 4623 4764
f 4763 4764 4623
f 4502 4501 4386
f 4385 4386 4501
f 3874 3873 3698
f 3697 3698 3873
f 5062 5061 4886
f 4885 4886 5061
f 3644 3643 3700
f 3699 3700 3643
f 3418 3462 3417
f 3461 3417 3462
f 5064 5063 5120
f 5119 5120 5063
f 3462 3518 3461
f 3517 3461 3518
f 4260 4259 4408
f 4407 4408 4259
f 3602 3642 3601
f 3641 3601 3642
f 4408 4407 4504
f 4503 4504 4407
f 5118 5117 5062
f 5061 5062 5117
f 4764 4763 4888
f 4887 4888 4763
f 3388 3374 3387
f 3373 3387 3374
f 4140 4139 4260
f 4259 4260 4139
f 4762 4761 4622
f 4621 4622 4761
f 3420 3388 3419
f 3387 3419 3388
f 5373 5341 5374
f 5342 5374 5341
f 3386 3418 3385
f 3417 3385 3418
f 3464 3420 3463
f 3419 3463 3420
f 4622 4621 4502
f 4501 4502 4621
f 3700 3699 3876
f 3875 3876 3699
f 5327 5050 5331
f 5319 5036 5327
f 5325 5331 5050
f 5255 4992 5319
f 5050 5032 5325
f 5187 4952 5255
f 5317 5325 5032
f 5147 4912 5187
f 5032 4988 5317
f 5091 4864 5147
f 5253 5317 4988
f 4988 4948 5253
f 5050 5327 5036
f 5015 4804 5091
f 5036 5319 4992
f 4992 5255 4952
f 4952 5187 4912
f 4875 4740 5015
f 4912 5147 4864
f 4864 5091 4804
f 4751 4668 4875
f 4804 5015 4740
f 4740 4875 4668
f 4611 4584 4751
f 4668 4751 4584
f 4584 4611 4528
f 4611 4491 4528
f 4528 4491 4456
f 4491 4405 4456
f 4456 4405 4402
f 4402 4405 4316
f 4405 4271 4316
f 4316 4271 4244
f 4271 4151 4244
f 4188 4244 4151
f 4151 4011 4188
f 4104 4188 4011
f 4011 3887 4104
f 4032 4104 3887
f 3887 3747 4032
f 3968 4032 3747
f 3747 3671 3968
f 3908 3968 3671
f 3671 3615 3908
f 3860 3908 3615
f 3615 3575 3860
f 3820 3860 3575
f 3575 3507 3820
f 5185 5253 4948
f 4948 4908 5185
f 5145 5185 4908
f 4908 4860 5145
f 5089 5145 4860
f 4860 4800 5089
f 5013 5089 4800
f 4800 4736 5013
f 4873 5013 4736
f 4736 4664 4873
f 4749 4873 4664
f 4664 4580 4749
f 4609 4749 4580
f 4580 4524 4609
f 4609 4524 4489
f 4524 4452 4489
f 4452 4394 4489
f 4489 4394 4387
f 4394 4312 4387
f 4387 4312 4269
f 4312 4240 4269
f 4184 4149 4240
f 4269 4240 4149
f 4100 4009 4184
f 4028 3885 4100
f 4149 4184 4009
f 3964 3745 4028
f 3904 3669 3964
f 4009 4100 3885
f 3856 3613 3904
f 3816 3573 3856
f 3776 3505 3816
f 3885 4028 3745
f 3732 3441 3776
f 3714 3433 3732
f 3780 3820 3507
f 3745 3964 3669
f 3507 3443 3780
f 3669 3904 3613
f 3736 3780 3443
f 3613 3856 3573
f 3443 3435 3736
f 3573 3816 3505
f 3714 3736 3435
f 3505 3776 3441
f 3435 3427 3714
f 3441 3732 3433
f 3433 3714 3427
f 4504 4503 4624
f 4623 4624 4503
f 3518 3602 3517
f 3601 3517 3602
f 3520 3464 3519
f 3463 3519 3464
f 3604 3520 3603
f 3519 3603 3520
f 3998 3997 3874
f 3873 3874 3997
f 5282 5047 5310
f 5266 5029 5282
f 5284 5310 5047
f 5226 4985 5266
f 5047 5033 5284
f 5174 4945 5226
f 5268 5284 5033
f 5134 4905 5174
f 5033 4989 5268
f 5078 4857 5134
f 5228 5268 4989
f 4989 4949 5228
f 5047 5282 5029
f 5029 5266 4985
f 4966 4797 5078
f 4985 5226 4945
f 4945 5174 4905
f 4905 5134 4857
f 4838 4733 4966
f 4857 5078 4797
f 4797 4966 4733
f 4698 4661 4838
f 4733 4838 4661
f 4598 4577 4698
f 4661 4698 4577
f 4577 4598 4521
f 4598 4478 4521
f 4521 4478 4449
f 4478 4390 4449
f 4449 4390 4391
f 4391 4390 4309
f 4390 4282 4309
f 4309 4282 4237
f 4282 4162 4237
f 4181 4237 4162
f 4162 4062 4181
f 4097 4181 4062
f 4062 3922 4097
f 4025 4097 3922
f 3922 3794 4025
f 3961 4025 3794
f 3794 3682 3961
f 3901 3961 3682
f 3682 3626 3901
f 3853 3901 3626
f 3626 3586 3853
f 3813 3853 3586
f 3586 3534 3813
f 5176 5228 4949
f 4949 4909 5176
f 5136 5176 4909
f 4909 4861 5136
f 5080 5136 4861
f 4861 4801 5080
f 4968 5080 4801
f 4801 4737 4968
f 4840 4968 4737
f 4737 4665 4840
f 4700 4840 4665
f 4665 4581 4700
f 4600 4700 4581
f 4581 4525 4600
f 4600 4525 4480
f 4525 4453 4480
f 4453 4399 4480
f 4480 4399 4404
f 4399 4313 4404
f 4404 4313 4284
f 4313 4241 4284
f 4185 4164 4241
f 4284 4241 4164
f 4101 4064 4185
f 4164 4185 4064
f 4029 3924 4101
f 3965 3796 4029
f 4064 4101 3924
f 3905 3684 3965
f 3857 3628 3905
f 3817 3588 3857
f 3924 4029 3796
f 3777 3536 3817
f 3733 3496 3777
f 3711 3480 3733
f 3773 3813 3534
f 3796 3965 3684
f 3534 3494 3773
f 3684 3905 3628
f 3729 3773 3494
f 3628 3857 3588
f 3494 3478 3729
f 3588 3817 3536
f 3711 3729 3478
f 3536 3777 3496
f 3478 3450 3711
f 3496 3733 3480
f 3480 3711 3450
f 4995 5039 4996
f 5040 4996 5039
f 5039 5051 5040
f 5052 5040 5051
f 4955 4995 4956
f 4996 4956 4995
f 4867 4915 4868
f 4916 4868 4915
f 3782 3822 3781
f 3821 3781 3822
f 4672 4671 4744
f 4743 4744 4671
f 5037 4993 5038
f 4994 5038 4993
f 4036 4035 4108
f 4107 4108 4035
f 4532 4531 4588
f 4587 4588 4531
f 4993 4953 4994
f 4954 4994 4953
f 4670 4669 4586
f 4585 4586 4669
f 3972 3971 4036
f 4035 4036 3971
f 4915 4955 4916
f 4956 4916 4955
f 4248 4247 4320
f 4319 4320 4247
f 4913 4865 4914
f 4866 4914 4865
f 4458 4457 4418
f 4417 4418 4457
f 3822 3862 3821
f 3861 3821 3862
f 4588 4587 4672
f 4671 4672 4587
f 4246 4245 4190
f 4189 4190 4245
f 4108 4107 4192
f 4191 4192 4107
f 4190 4189 4106
f 4105 4106 4189
f 3738 3782 3737
f 3781 3737 3782
f 4106 4105 4034
f 4033 4034 4105
f 4460 4459 4532
f 4531 4532 4459
f 4530 4529 4458
f 4457 4458 4529
f 3910 3970 3909
f 3969 3909 3970
f 3972 3912 3971
f 3911 3971 3912
f 5051 5037 5052
f 5038 5052 5037
f 3912 3864 3911
f 3863 3911 3864
f 3716 3738 3715
f 3737 3715 3738
f 4806 4805 4742
f 4741 4742 4805
f 4586 4585 4530
f 4529 4530 4585
f 4742 4741 4670
f 4669 4670 4741
f 4865 4805 4866
f 4806 4866 4805
f 3862 3910 3861
f 3909 3861 3910
f 4418 4417 4318
f 4317 4318 4417
f 4953 4913 4954
f 4914 4954 4913
f 4320 4319 4420
f 4419 4420 4319
f 3784 3740 3783
f 3739 3783 3740
f 4192 4191 4248
f 4247 4248 4191
f 4744 4743 4808
f 4807 4808 4743
f 4420 4419 4460
f 4459 4460 4419
f 3864 3824 3863
f 3823 3863 3824
f 4318 4317 4246
f 4245 4246 4317
f 4807 4867 4808
f 4868 4808 4867
f 4034 4033 3970
f 3969 3970 4033
f 3824 3784 3823
f 3783 3823 3784
f 3740 3716 3739
f 3715 3739 3716
f 5347 5379 5348
f 5380 5348 5379
f 5379 5387 5380
f 5388 5380 5387
f 5303 5347 5304
f 5348 5304 5347
f 3524 3468 3523
f 3467 3523 3468
f 4628 4627 4768
f 4767 4768 4627
f 5377 5345 5378
f 5346 5378 5345
f 5066 5065 4890
f 4889 4890 5065
f 4264 4263 4424
f 4423 4424 4263
f 5245 5161 5246
f 5162 5246 5161
f 3422 3466 3421
f 3465 3421 3466
f 4766 4765 4626
f 4625 4626 4765
f 5247 5303 5248
f 5304 5248 5303
f 4414 4413 4262
f 4261 4262 4413
f 3704 3703 3880
f 3879 3880 3703
f 3424 3392 3423
f 3391 3423 3392
f 3522 3606 3521
f 3605 3521 3606
f 5345 5301 5346
f 5302 5346 5301
f 3606 3646 3605
f 3645 3605 3646
f 5301 5245 5302
f 5246 5302 5245
f 3376 3390 3375
f 3389 3375 3390
f 3648 3608 3647
f 3607 3647 3608
f 4142 4141 4002
f 4001 4002 4141
f 3702 3701 3646
f 3645 3646 3701
f 3880 3879 4004
f 4003 4004 3879
f 4892 4891 5068
f 5067 5068 4891
f 5163 5247 5164
f 5248 5164 5247
f 3468 3424 3467
f 3423 3467 3424
f 4626 4625 4506
f 4505 4506 4625
f 4144 4143 4264
f 4263 4264 4143
f 5068 5067 5124
f 5123 5124 5067
f 4424 4423 4508
f 4507 4508 4423
f 4890 4889 4766
f 4765 4766 4889
f 5161 5121 5162
f 5122 5162 5121
f 5387 5377 5388
f 5378 5388 5377
f 3392 3376 3391
f 3375 3391 3376
f 5122 5121 5066
f 5065 5066 5121
f 3648 3647 3704
f 3703 3704 3647
f 4262 4261 4142
f 4141 4142 4261
f 3390 3422 3389
f 3421 3389 3422
f 5379 5052 5387
f 5347 5040 5379
f 5377 5387 5052
f 5303 4996 5347
f 5052 5038 5377
f 5247 4956 5303
f 5345 5377 5038
f 5163 4916 5247
f 5038 4994 5345
f 5123 4868 5163
f 5301 5345 4994
f 5067 4808 5123
f 4994 4954 5301
f 5245 5301 4954
f 5052 5379 5040
f 5040 5347 4996
f 4996 5303 4956
f 4956 5247 4916
f 4891 4744 5067
f 4916 5163 4868
f 4868 5123 4808
f 4767 4672 4891
f 4808 5067 4744
f 4744 4891 4672
f 4627 4588 4767
f 4672 4767 4588
f 4588 4627 4532
f 4627 4507 4532
f 4532 4507 4460
f 4507 4423 4460
f 4460 4423 4420
f 4420 4423 4320
f 4423 4263 4320
f 4320 4263 4248
f 4263 4143 4248
f 4192 4248 4143
f 4143 4003 4192
f 4108 4192 4003
f 4003 3879 4108
f 4036 4108 3879
f 3879 3703 4036
f 3972 4036 3703
f 3703 3647 3972
f 3912 3972 3647
f 3647 3607 3912
f 3864 3912 3607
f 3824 3864 3523
f 3607 3523 3864
f 4954 4914 5245
f 5161 5245 4914
f 4914 4866 5161
f 5121 5161 4866
f 4866 4806 5121
f 5065 5121 4806
f 4806 4742 5065
f 4889 5065 4742
f 4742 4670 4889
f 4765 4889 4670
f 4670 4586 4765
f 4625 4765 4586
f 4586 4530 4625
f 4625 4530 4505
f 4530 4458 4505
f 4458 4418 4505
f 4505 4418 4413
f 4418 4318 4413
f 4413 4318 4261
f 4318 4246 4261
f 4190 4141 4246
f 4261 4246 4141
f 4106 4001 4190
f 4034 3877 4106
f 4141 4190 4001
f 3970 3701 4034
f 3910 3645 3970
f 4001 4106 3877
f 3862 3605 3910
f 3822 3521 3862
f 3782 3465 3822
f 3738 3421 3782
f 3877 4034 3701
f 3716 3389 3738
f 3523 3467 3824
f 3784 3824 3467
f 3701 3970 3645
f 3467 3423 3784
f 3645 3910 3605
f 3740 3784 3423
f 3605 3862 3521
f 3423 3391 3740
f 3521 3822 3465
f 3716 3740 3391
f 3465 3782 3421
f 3391 3375 3716
f 3421 3738 3389
f 3389 3716 3375
f 4002 4001 3878
f 3877 3878 4001
f 3466 3522 3465
f 3521 3465 3522
f 3878 3877 3702
f 3701 3702 3877
f 4768 4767 4892
f 4891 4892 4767
f 5123 5163 5124
f 5164 5124 5163
f 4508 4507 4628
f 4627 4628 4507
f 4004 4003 4144
f 4143 4144 4003
f 4506 4505 4414
f 4413 4414 4505
f 3608 3524 3607
f 3523 3607 3524
f 4602 4601 4482
f 4481 4482 4601
f 5271 5287 5272
f 5288 5272 5287
f 5287 5311 5288
f 5312 5288 5311
f 3630 3686 3629
f 3685 3629 3686
f 4416 4415 4286
f 4285 4286 4415
f 5137 5081 5138
f 5082 5138 5081
f 4842 4841 4702
f 4701 4702 4841
f 4166 4165 4066
f 4065 4066 4165
f 5269 5229 5270
f 5230 5270 5229
f 5229 5177 5230
f 5178 5230 5177
f 3800 3799 3928
f 3927 3928 3799
f 3632 3592 3631
f 3591 3631 3592
f 5177 5137 5178
f 5138 5178 5137
f 3688 3687 3800
f 3799 3800 3687
f 4288 4287 4422
f 4421 4422 4287
f 4484 4483 4604
f 4603 4604 4483
f 3500 3484 3499
f 3483 3499 3484
f 4482 4481 4416
f 4415 4416 4481
f 3498 3538 3497
f 3537 3497 3538
f 3926 3925 3798
f 3797 3798 3925
f 5285 5269 5286
f 5270 5286 5269
f 5139 5179 5140
f 5180 5140 5179
f 3928 3927 4068
f 4067 4068 3927
f 4972 4971 5084
f 5083 5084 4971
f 4704 4703 4844
f 4843 4844 4703
f 4422 4421 4484
f 4483 4484 4421
f 3688 3632 3687
f 3631 3687 3632
f 3590 3630 3589
f 3629 3589 3630
f 4844 4843 4972
f 4971 4972 4843
f 3484 3452 3483
f 3451 3483 3452
f 5311 5285 5312
f 5286 5312 5285
f 4702 4701 4602
f 4601 4602 4701
f 4168 4167 4288
f 4287 4288 4167
f 3452 3482 3451
f 3481 3451 3482
f 3538 3590 3537
f 3589 3537 3590
f 3798 3797 3686
f 3685 3686 3797
f 5082 5081 4970
f 4969 4970 5081
f 4970 4969 4842
f 4841 4842 4969
f 4604 4603 4704
f 4703 4704 4603
f 3482 3498 3481
f 3497 3481 3498
f 3592 3540 3591
f 3539 3591 3540
f 5179 5231 5180
f 5232 5180 5231
f 5083 5139 5084
f 5140 5084 5139
f 5231 5271 5232
f 5272 5232 5271
f 4068 4067 4168
f 4167 4168 4067
f 4286 4285 4166
f 4165 4166 4285
f 4066 4065 3926
f 3925 3926 4065
f 5286 5051 5312
f 5270 5037 5286
f 5288 5312 5051
f 5230 4993 5270
f 5051 5039 5288
f 5178 4953 5230
f 5272 5288 5039
f 5138 4913 5178
f 5039 4995 5272
f 5082 4865 5138
f 5232 5272 4995
f 4995 4955 5232
f 5051 5286 5037
f 5037 5270 4993
f 4970 4805 5082
f 4993 5230 4953
f 4953 5178 4913
f 4913 5138 4865
f 4842 4741 4970
f 4865 5082 4805
f 4805 4970 4741
f 4702 4669 4842
f 4741 4842 4669
f 4602 4585 4702
f 4669 4702 4585
f 4585 4602 4529
f 4602 4482 4529
f 4529 4482 4457
f 4482 4416 4457
f 4457 4416 4417
f 4417 4416 4317
f 4416 4286 4317
f 4317 4286 4245
f 4286 4166 4245
f 4189 4245 4166
f 4166 4066 4189
f 4105 4189 4066
f 4066 3926 4105
f 4033 4105 3926
f 3926 3798 4033
f 3969 4033 3798
f 3798 3686 3969
f 3909 3969 3686
f 3686 3630 3909
f 3861 3909 3630
f 3630 3590 3861
f 3821 3861 3590
f 3590 3538 3821
f 5180 5232 4955
f 4955 4915 5180
f 5140 5180 4915
f 4915 4867 5140
f 5084 5140 4867
f 4867 4807 5084
f 4972 5084 4807
f 4807 4743 4972
f 4844 4972 4743
f 4743 4671 4844
f 4704 4844 4671
f 4671 4587 4704
f 4604 4704 4587
f 4587 4531 4604
f 4604 4531 4484
f 4531 4459 4484
f 4459 4419 4484
f 4484 4419 4422
f 4419 4319 4422
f 4422 4319 4288
f 4319 4247 4288
f 4191 4168 4247
f 4288 4247 4168
f 4107 4068 4191
f 4168 4191 4068
f 4035 3928 4107
f 3971 3800 4035
f 4068 4107 3928
f 3911 3688 3971
f 3863 3632 3911
f 3823 3592 3863
f 3928 4035 3800
f 3783 3540 3823
f 3739 3500 3783
f 3715 3484 3739
f 3781 3821 3538
f 3800 3971 3688
f 3538 3498 3781
f 3688 3911 3632
f 3737 3781 3498
f 3632 3863 3592
f 3498 3482 3737
f 3592 3823 3540
f 3715 3737 3482
f 3540 3783 3500
f 3482 3452 3715
f 3500 3739 3484
f 3484 3715 3452
f 3540 3500 3539
f 3499 3539 3500
f 7856 7855 7696
f 7695 7696 7855
f 7210 7209 7422
f 7421 7422 7209
f 7960 7988 7959
f 7987 7959 7988
f 7988 8000 7987
f 7999 7987 8000
f 7940 7960 7939
f 7959 7939 7960
f 7422 7421 7598
f 7597 7598 7421
f 7424 7423 7212
f 7211 7212 7423
f 7598 7597 7694
f 7693 7694 7597
f 5859 5831 5860
f 5832 5860 5831
f 7924 7940 7923
f 7939 7923 7940
f 7212 7211 7048
f 7047 7048 7211
f 5815 5795 5816
f 5796 5816 5795
f 5857 5897 5858
f 5898 5858 5897
f 6874 6873 6708
f 6707 6708 6873
f 7958 7938 7957
f 7937 7957 7938
f 7696 7695 7600
f 7599 7600 7695
f 5899 5859 5900
f 5860 5900 5859
f 7894 7854 7893
f 7853 7893 7854
f 7938 7922 7937
f 7921 7937 7922
f 7988 7884 8000
f 7960 7872 7988
f 7986 8000 7884
f 7940 7840 7960
f 7884 7870 7986
f 7924 7796 7940
f 7958 7986 7870
f 7896 7740 7924
f 7870 7838 7958
f 7938 7958 7838
f 7884 7988 7872
f 7856 7656 7896
f 7872 7960 7840
f 7840 7940 7796
f 7796 7924 7740
f 7696 7616 7856
f 7740 7896 7656
f 7656 7856 7616
f 7600 7560 7696
f 7616 7696 7560
f 7424 7384 7600
f 7560 7600 7384
f 7384 7424 7260
f 7424 7212 7260
f 7260 7212 7120
f 7212 7048 7120
f 7120 7048 7000
f 7048 6874 7000
f 7000 6874 6872
f 6872 6874 6756
f 6874 6708 6756
f 6756 6708 6636
f 6708 6544 6636
f 6636 6544 6496
f 6544 6332 6496
f 6372 6496 6332
f 6332 6156 6372
f 6196 6372 6156
f 6156 6060 6196
f 6140 6196 6060
f 6060 5900 6140
f 6100 6140 5900
f 5900 5860 6100
f 6016 6100 5860
f 5860 5832 6016
f 5960 6016 5832
f 5832 5816 5960
f 5916 5960 5816
f 7838 7794 7938
f 7922 7938 7794
f 7794 7738 7922
f 7894 7922 7738
f 7738 7654 7894
f 7854 7894 7654
f 7654 7614 7854
f 7694 7854 7614
f 7614 7558 7694
f 7598 7694 7558
f 7558 7382 7598
f 7422 7598 7382
f 7382 7258 7422
f 7422 7258 7210
f 7258 7118 7210
f 7210 7118 7046
f 7118 6998 7046
f 6998 6850 7046
f 7046 6850 6848
f 6850 6754 6848
f 6848 6754 6706
f 6754 6634 6706
f 6706 6634 6542
f 6634 6494 6542
f 6370 6330 6494
f 6542 6494 6330
f 6194 6154 6370
f 6330 6370 6154
f 6138 6058 6194
f 6098 5898 6138
f 6154 6194 6058
f 6014 5858 6098
f 5958 5830 6014
f 5914 5814 5958
f 6058 6138 5898
f 5882 5794 5914
f 5872 5766 5882
f 5816 5796 5916
f 5898 6098 5858
f 5884 5916 5796
f 5858 6014 5830
f 5796 5768 5884
f 5830 5958 5814
f 5872 5884 5768
f 5814 5914 5794
f 5768 5756 5872
f 5794 5882 5766
f 5766 5872 5756
f 6544 6543 6332
f 6331 6332 6543
f 6060 6059 5900
f 5899 5900 6059
f 6332 6331 6156
f 6155 6156 6331
f 7896 7924 7895
f 7923 7895 7924
f 7046 7045 7210
f 7209 7210 7045
f 7986 7958 7985
f 7957 7985 7958
f 5813 5829 5814
f 5830 5814 5829
f 6330 6329 6542
f 6541 6542 6329
f 7694 7693 7854
f 7853 7854 7693
f 5793 5813 5794
f 5814 5794 5813
f 6058 6057 6154
f 6153 6154 6057
f 7600 7599 7424
f 7423 7424 7599
f 8000 7986 7999
f 7985 7999 7986
f 5831 5815 5832
f 5816 5832 5815
f 6154 6153 6330
f 6329 6330 6153
f 6156 6155 6060
f 6059 6060 6155
f 5765 5793 5766
f 5794 5766 5793
f 5795 5767 5796
f 5768 5796 5767
f 6848 6847 7046
f 7045 7046 6847
f 7048 7047 6874
f 6873 6874 7047
f 6708 6707 6544
f 6543 6544 6707
f 7856 7896 7855
f 7895 7855 7896
f 6542 6541 6706
f 6705 6706 6541
f 7922 7894 7921
f 7893 7921 7894
f 5755 5765 5756
f 5766 5756 5765
f 5829 5857 5830
f 5858 5830 5857
f 5767 5755 5768
f 5756 5768 5755
f 6706 6705 6848
f 6847 6848 6705
f 5898 5897 6058
f 6057 6058 5897
f 7956 7984 7955
f 7983 7955 7984
f 7984 7998 7983
f 7997 7983 7998
f 7935 7936 7950
f 7936 7956 7950
f 7956 7955 7950
f 7949 7950 7955
f 5763 5753 5764
f 5754 5764 5753
f 7420 7419 7208
f 7207 7208 7419
f 7208 7207 7044
f 7043 7044 7207
f 7920 7936 7919
f 7935 7919 7936
f 7042 7041 7206
f 7205 7206 7041
f 6832 6831 7042
f 7041 7042 6831
f 7852 7851 7692
f 7691 7692 7851
f 7934 7918 7933
f 7917 7933 7918
f 5827 5811 5828
f 5812 5828 5811
f 7690 7689 7850
f 7849 7850 7689
f 7890 7850 7889
f 7849 7889 7850
f 7206 7205 7418
f 7417 7418 7205
f 5753 5761 5754
f 5762 5754 5761
f 6056 6055 5896
f 5895 5896 6055
f 6540 6539 6328
f 6327 6328 6539
f 5825 5853 5826
f 5854 5826 5853
f 7852 7892 7851
f 7891 7851 7892
f 6326 6325 6538
f 6537 6538 6325
f 7418 7417 7594
f 7593 7594 7417
f 6328 6327 6152
f 6151 6152 6327
f 7984 7882 7998
f 7956 7868 7984
f 7982 7998 7882
f 7936 7836 7956
f 7882 7866 7982
f 7920 7792 7936
f 7954 7982 7866
f 7892 7736 7920
f 7866 7834 7954
f 7934 7954 7834
f 7882 7984 7868
f 7852 7652 7892
f 7868 7956 7836
f 7836 7936 7792
f 7792 7920 7736
f 7692 7612 7852
f 7736 7892 7652
f 7652 7852 7612
f 7596 7556 7692
f 7612 7692 7556
f 7420 7380 7596
f 7556 7596 7380
f 7380 7420 7256
f 7420 7208 7256
f 7256 7208 7116
f 7208 7044 7116
f 7116 7044 6996
f 7044 6846 6996
f 6996 6846 6844
f 6844 6846 6752
f 6846 6704 6752
f 6752 6704 6632
f 6704 6540 6632
f 6632 6540 6492
f 6540 6328 6492
f 6368 6492 6328
f 6328 6152 6368
f 6192 6368 6152
f 6152 6056 6192
f 6136 6192 6056
f 6056 5896 6136
f 6096 6136 5896
f 5896 5856 6096
f 6012 6096 5856
f 5856 5828 6012
f 5956 6012 5828
f 5828 5812 5956
f 5912 5956 5812
f 7834 7790 7934
f 7918 7934 7790
f 7790 7734 7918
f 7890 7918 7734
f 7734 7650 7890
f 7850 7890 7650
f 7650 7610 7850
f 7690 7850 7610
f 7610 7554 7690
f 7594 7690 7554
f 7554 7378 7594
f 7418 7594 7378
f 7378 7254 7418
f 7418 7254 7206
f 7254 7114 7206
f 7206 7114 7042
f 7114 6994 7042
f 6994 6834 7042
f 7042 6834 6832
f 6834 6750 6832
f 6832 6750 6702
f 6750 6630 6702
f 6702 6630 6538
f 6630 6490 6538
f 6366 6326 6490
f 6538 6490 6326
f 6190 6150 6366
f 6326 6366 6150
f 6134 6054 6190
f 6094 5894 6134
f 6150 6190 6054
f 6010 5854 6094
f 5954 5826 6010
f 5910 5810 5954
f 6054 6134 5894
f 5878 5790 5910
f 5870 5762 5878
f 5812 5792 5912
f 5894 6094 5854
f 5880 5912 5792
f 5854 6010 5826
f 5792 5764 5880
f 5826 5954 5810
f 5870 5880 5764
f 5810 5910 5790
f 5764 5754 5870
f 5790 5878 5762
f 5762 5870 5754
f 7982 7954 7981
f 7953 7981 7954
f 5789 5809 5790
f 5810 5790 5809
f 7954 7934 7953
f 7933 7953 7934
f 7692 7691 7596
f 7595 7596 7691
f 7596 7595 7420
f 7419 7420 7595
f 6704 6703 6540
f 6539 6540 6703
f 6150 6149 6326
f 6325 6326 6149
f 5895 5855 5896
f 5856 5896 5855
f 7998 7982 7997
f 7981 7997 7982
f 5806 5805 5791
f 5811 5806 5812
f 5812 5806 5792
f 5791 5792 5806
f 5894 5893 6054
f 6053 6054 5893
f 7044 7043 6846
f 6845 6846 7043
f 7892 7920 7891
f 7919 7891 7920
f 5809 5825 5810
f 5826 5810 5825
f 7918 7890 7917
f 7889 7917 7890
f 6702 6701 6832
f 6831 6832 6701
f 5791 5763 5792
f 5764 5792 5763
f 6054 6053 6150
f 6149 6150 6053
f 6152 6151 6056
f 6055 6056 6151
f 6538 6537 6702
f 6701 6702 6537
f 6846 6845 6704
f 6703 6704 6845
f 5761 5789 5762
f 5790 5762 5789
f 5853 5893 5854
f 5894 5854 5893
f 7594 7593 7690
f 7689 7690 7593
f 5855 5827 5856
f 5828 5856 5827
f 5738 5737 5778
f 5777 5778 5737
f 5634 5633 5631
f 5633 5629 5631
f 5630 5631 5629
f 8042 8026 8041
f 8025 8041 8026
f 7710 7709 7502
f 7501 7502 7709
f 8086 8062 8085
f 8061 8085 8062
f 5725 5709 5726
f 5710 5726 5709
f 5657 5685 5658
f 5686 5658 5685
f 5721 5737 5722
f 5738 5722 5737
f 8066 8063 8065
f 8091 8065 8092
f 6878 6877 6614
f 6613 6614 6877
f 5689 5663 5690
f 5664 5687 5663
f 8108 8105 8107
f 8121 8107 8122
f 8014 8030 8013
f 8029 8013 8030
f 7970 7969 8010
f 8009 8010 7969
f 8030 8046 8029
f 8045 8029 8046
f 8092 8089 8091
f 8107 8091 8108
f 5685 5705 5686
f 5706 5686 5705
f 8026 8010 8025
f 8009 8025 8010
f 7906 7905 7970
f 7969 7970 7905
f 8122 8119 8121
f 8119 8118 8121
f 8117 8121 8118
f 8062 8042 8061
f 8041 8061 8042
f 5705 5721 5706
f 5722 5706 5721
f 5629 5641 5630
f 5642 5630 5641
f 5663 5647 5664
f 5648 5661 5647
f 5641 5657 5642
f 5658 5642 5657
f 5647 5633 5648
f 5634 5645 5633
f 7142 7141 6878
f 6877 6878 7141
f 8118 8102 8117
f 8101 8117 8102
f 6046 6045 5846
f 5845 5846 6045
f 8102 8086 8101
f 8085 8101 8086
f 7974 7973 7910
f 7909 7910 7973
f 5846 5845 5782
f 5781 5782 5845
f 5842 5841 6042
f 6041 6042 5841
f 5741 5725 5742
f 5726 5742 5725
f 5673 5675 5659
f 5749 5630 5763
f 5763 5791 5749
f 5805 5749 5791
f 7997 8118 7983
f 7983 8005 7955
f 7949 7955 8005
f 8119 8103 8118
f 8103 8077 8118
f 8087 8077 8103
f 8077 8073 8118
f 8079 8077 8087
f 8073 8057 8118
f 8057 8053 8118
f 8053 8037 8118
f 8037 8021 8118
f 8021 8005 8118
f 8005 7983 8118
f 7997 7981 8118
f 7981 7953 8102
f 8086 8102 7953
f 8062 8086 7933
f 8102 8118 7981
f 7953 7933 8086
f 7933 7917 8062
f 8042 8062 7917
f 7917 7889 8042
f 8026 8042 7889
f 7889 7849 8026
f 8010 8026 7849
f 7849 7689 8010
f 7970 8010 7689
f 7689 7593 7970
f 7906 7970 7593
f 7706 7906 7593
f 7593 7417 7706
f 7498 7706 7417
f 7417 7205 7498
f 7498 7205 7138
f 7205 7041 7138
f 7041 6831 7138
f 7138 6831 6830
f 6831 6701 6830
f 6830 6701 6610
f 6701 6537 6610
f 6325 6250 6537
f 6610 6537 6250
f 6149 6042 6325
f 6053 5778 6149
f 6250 6325 6042
f 5893 5738 6053
f 5853 5722 5893
f 6042 6149 5842
f 5825 5706 5853
f 5809 5686 5825
f 5789 5658 5809
f 5842 6149 5778
f 5761 5642 5789
f 5753 5630 5761
f 5753 5763 5630
f 5778 6053 5738
f 5733 5630 5749
f 5738 5893 5722
f 5717 5630 5733
f 5722 5853 5706
f 5701 5630 5717
f 5697 5630 5701
f 5642 5761 5630
f 5681 5630 5697
f 5673 5630 5681
f 5706 5825 5686
f 5659 5643 5673
f 5630 5673 5643
f 5686 5809 5658
f 5631 5630 5643
f 5658 5789 5642
f 8107 8105 8122
f 8120 8122 8105
f 8091 8089 8108
f 8106 8108 8089
f 8065 8063 8092
f 8090 8092 8063
f 8046 8043 8066
f 8063 8066 8043
f 8030 8027 8046
f 8043 8046 8027
f 8014 8011 8030
f 8027 8030 8011
f 7974 7971 8014
f 8011 8014 7971
f 7910 7907 7974
f 7971 7974 7907
f 7710 7707 7910
f 7907 7910 7707
f 7502 7499 7710
f 7707 7710 7499
f 7142 7139 7502
f 7499 7502 7139
f 6878 6875 7142
f 7139 7142 6875
f 6878 6614 6875
f 6875 6614 6611
f 6614 6254 6611
f 6611 6254 6251
f 6254 6046 6251
f 6251 6046 6043
f 6046 5846 6043
f 6043 5846 5843
f 5846 5782 5843
f 5843 5782 5779
f 5782 5742 5779
f 5779 5742 5739
f 5742 5726 5739
f 5739 5726 5723
f 5726 5710 5723
f 5723 5710 5707
f 5710 5690 5707
f 5707 5690 5687
f 5690 5663 5687
f 5688 5664 5661
f 5664 5647 5661
f 5662 5648 5645
f 5648 5633 5645
f 5631 5646 5634
f 6614 6613 6254
f 6253 6254 6613
f 7910 7909 7710
f 7709 7710 7909
f 6250 6249 6610
f 6609 6610 6249
f 7706 7705 7906
f 7905 7906 7705
f 7138 7137 7498
f 7497 7498 7137
f 6610 6609 6830
f 6829 6830 6609
f 5778 5777 5842
f 5841 5842 5777
f 6254 6253 6046
f 6045 6046 6253
f 8046 8066 8045
f 8065 8045 8066
f 8014 8013 7974
f 7973 7974 8013
f 5709 5689 5710
f 5690 5710 5689
f 5782 5781 5742
f 5741 5742 5781
f 7502 7501 7142
f 7141 7142 7501
f 6830 6829 7138
f 7137 7138 6829
f 7498 7497 7706
f 7705 7706 7497
f 6042 6041 6250
f 6249 6250 6041
f 8054 8038 8053
f 8037 8053 8038
f 5697 5701 5698
f 5702 5698 5701
f 8074 8058 8073
f 8057 8073 8058
f 8022 8006 8021
f 8005 8021 8006
f 8058 8054 8057
f 8053 8057 8054
f 7950 7949 8006
f 8005 8006 7949
f 5750 5749 5806
f 5805 5806 5749
f 8078 8074 8077
f 8073 8077 8074
f 5717 5733 5718
f 5734 5718 5733
f 8080 8078 8079
f 8077 8079 8078
f 8038 8022 8037
f 8021 8037 8022
f 5733 5749 5734
f 5750 5734 5749
f 5675 5673 5676
f 5674 5676 5673
f 5673 5681 5674
f 5682 5674 5681
f 5681 5697 5682
f 5698 5682 5697
f 5701 5717 5702
f 5718 5702 5717
f 7481 7525 7482
f 7526 7482 7525
f 7483 7527 7484
f 7528 7484 7527
f 7525 7543 7526
f 7544 7526 7543
f 7527 7545 7528
f 7546 7528 7545
f 7441 7481 7442
f 7482 7442 7481
f 7443 7483 7444
f 7484 7444 7483
f 7353 7401 7354
f 7402 7354 7401
f 7355 7403 7356
f 7404 7356 7403
f 6266 6306 6265
f 6305 6265 6306
f 6268 6308 6267
f 6307 6267 6308
f 7521 7477 7522
f 7478 7522 7477
f 7523 7479 7524
f 7480 7524 7479
f 6522 6521 6594
f 6593 6594 6521
f 6524 6523 6596
f 6595 6596 6523
f 7018 7017 7074
f 7073 7074 7017
f 7020 7019 7076
f 7075 7076 7019
f 7477 7437 7478
f 7438 7478 7437
f 7479 7439 7480
f 7440 7480 7439
f 7154 7153 7070
f 7069 7070 7153
f 7156 7155 7072
f 7071 7072 7155
f 6458 6457 6522
f 6521 6522 6457
f 6460 6459 6524
f 6523 6524 6459
f 7401 7441 7402
f 7442 7402 7441
f 7403 7443 7404
f 7444 7404 7443
f 6734 6733 6806
f 6805 6806 6733
f 6736 6735 6808
f 6807 6808 6735
f 7397 7349 7398
f 7350 7398 7349
f 7399 7351 7400
f 7352 7400 7351
f 6942 6941 6856
f 6855 6856 6941
f 6944 6943 6858
f 6857 6858 6943
f 6306 6346 6305
f 6345 6305 6346
f 6308 6348 6307
f 6347 6307 6348
f 7074 7073 7158
f 7157 7158 7073
f 7076 7075 7160
f 7159 7160 7075
f 6730 6729 6674
f 6673 6674 6729
f 6732 6731 6676
f 6675 6676 6731
f 6594 6593 6678
f 6677 6678 6593
f 6596 6595 6680
f 6679 6680 6595
f 6674 6673 6590
f 6589 6590 6673
f 6676 6675 6592
f 6591 6592 6675
f 6222 6266 6221
f 6265 6221 6266
f 6224 6268 6223
f 6267 6223 6268
f 6590 6589 6518
f 6517 6518 6589
f 6592 6591 6520
f 6519 6520 6591
f 6946 6945 7018
f 7017 7018 6945
f 6948 6947 7020
f 7019 7020 6947
f 7014 7013 6942
f 6941 6942 7013
f 7016 7015 6944
f 6943 6944 7015
f 6394 6454 6393
f 6453 6393 6454
f 6396 6456 6395
f 6455 6395 6456
f 6458 6398 6457
f 6397 6457 6398
f 6460 6400 6459
f 6399 6459 6400
f 7543 7521 7544
f 7522 7544 7521
f 7545 7523 7546
f 7524 7546 7523
f 6398 6350 6397
f 6349 6397 6350
f 6400 6352 6399
f 6351 6399 6352
f 6208 6222 6207
f 6221 6207 6222
f 6210 6224 6209
f 6223 6209 6224
f 7070 7069 7014
f 7013 7014 7069
f 7072 7071 7016
f 7015 7016 7071
f 7226 7225 7154
f 7153 7154 7225
f 7228 7227 7156
f 7155 7156 7227
f 7349 7289 7350
f 7290 7350 7289
f 7351 7291 7352
f 7292 7352 7291
f 6346 6394 6345
f 6393 6345 6394
f 6348 6396 6347
f 6395 6347 6396
f 7290 7289 7226
f 7225 7226 7289
f 7292 7291 7228
f 7227 7228 7291
f 6856 6855 6802
f 6801 6802 6855
f 6858 6857 6804
f 6803 6804 6857
f 7437 7397 7438
f 7398 7438 7397
f 7439 7399 7440
f 7400 7440 7399
f 6806 6805 6864
f 6863 6864 6805
f 6808 6807 6866
f 6865 6866 6807
f 6270 6226 6269
f 6225 6269 6226
f 6272 6228 6271
f 6227 6271 6228
f 7158 7157 7230
f 7229 7230 7157
f 7160 7159 7232
f 7231 7232 7159
f 6678 6677 6734
f 6733 6734 6677
f 6680 6679 6736
f 6735 6736 6679
f 7230 7229 7294
f 7293 7294 7229
f 7232 7231 7296
f 7295 7296 7231
f 6864 6863 6946
f 6945 6946 6863
f 6866 6865 6948
f 6947 6948 6865
f 6350 6310 6349
f 6309 6349 6310
f 6352 6312 6351
f 6311 6351 6312
f 6802 6801 6730
f 6729 6730 6801
f 6804 6803 6732
f 6731 6732 6803
f 7293 7353 7294
f 7354 7294 7353
f 7295 7355 7296
f 7356 7296 7355
f 6518 6517 6454
f 6453 6454 6517
f 6520 6519 6456
f 6455 6456 6519
f 6310 6270 6309
f 6269 6309 6270
f 6312 6272 6311
f 6271 6311 6272
f 6226 6208 6225
f 6207 6225 6208
f 6228 6210 6227
f 6209 6227 6210
f 7839 7871 7840
f 7872 7840 7871
f 7871 7883 7872
f 7884 7872 7883
f 7795 7839 7796
f 7840 7796 7839
f 6016 5960 6015
f 5959 6015 5960
f 7120 7119 7260
f 7259 7260 7119
f 7869 7837 7870
f 7838 7870 7837
f 7558 7557 7382
f 7381 7382 7557
f 7737 7653 7738
f 7654 7738 7653
f 5914 5958 5913
f 5957 5913 5958
f 7258 7257 7118
f 7117 7118 7257
f 7739 7795 7740
f 7796 7740 7795
f 6850 6849 6754
f 6753 6754 6849
f 6196 6195 6372
f 6371 6372 6195
f 5916 5884 5915
f 5883 5915 5884
f 6014 6098 6013
f 6097 6013 6098
f 7837 7793 7838
f 7794 7838 7793
f 6098 6138 6097
f 6137 6097 6138
f 7793 7737 7794
f 7738 7794 7737
f 5872 5882 5871
f 5881 5871 5882
f 6140 6100 6139
f 6099 6139 6100
f 6634 6633 6494
f 6493 6494 6633
f 6194 6193 6138
f 6137 6138 6193
f 6372 6371 6496
f 6495 6496 6371
f 7384 7383 7560
f 7559 7560 7383
f 7655 7739 7656
f 7740 7656 7739
f 5960 5916 5959
f 5915 5959 5916
f 7118 7117 6998
f 6997 6998 7117
f 6636 6635 6756
f 6755 6756 6635
f 7560 7559 7616
f 7615 7616 7559
f 6872 6871 7000
f 6999 7000 6871
f 7382 7381 7258
f 7257 7258 7381
f 7653 7613 7654
f 7614 7654 7613
f 7883 7869 7884
f 7870 7884 7869
f 5884 5872 5883
f 5871 5883 5872
f 7614 7613 7558
f 7557 7558 7613
f 6140 6139 6196
f 6195 6196 6139
f 6754 6753 6634
f 6633 6634 6753
f 5882 5914 5881
f 5913 5881 5914
f 7823 7546 7829
f 7815 7528 7823
f 7821 7829 7546
f 7751 7484 7815
f 7546 7524 7821
f 7683 7444 7751
f 7813 7821 7524
f 7643 7404 7683
f 7524 7480 7813
f 7587 7356 7643
f 7749 7813 7480
f 7480 7440 7749
f 7546 7823 7528
f 7511 7296 7587
f 7528 7815 7484
f 7484 7751 7444
f 7444 7683 7404
f 7371 7232 7511
f 7404 7643 7356
f 7356 7587 7296
f 7247 7160 7371
f 7296 7511 7232
f 7232 7371 7160
f 7107 7076 7247
f 7160 7247 7076
f 7076 7107 7020
f 7107 6987 7020
f 7020 6987 6948
f 6987 6869 6948
f 6948 6869 6866
f 6866 6869 6808
f 6869 6767 6808
f 6808 6767 6736
f 6767 6647 6736
f 6680 6736 6647
f 6647 6507 6680
f 6596 6680 6507
f 6507 6383 6596
f 6524 6596 6383
f 6383 6243 6524
f 6460 6524 6243
f 6243 6167 6460
f 6400 6460 6167
f 6167 6111 6400
f 6352 6400 6111
f 6111 6071 6352
f 6312 6352 6071
f 6071 6003 6312
f 7681 7749 7440
f 7440 7400 7681
f 7641 7681 7400
f 7400 7352 7641
f 7585 7641 7352
f 7352 7292 7585
f 7509 7585 7292
f 7292 7228 7509
f 7369 7509 7228
f 7228 7156 7369
f 7245 7369 7156
f 7156 7072 7245
f 7105 7245 7072
f 7072 7016 7105
f 7105 7016 6985
f 7016 6944 6985
f 6944 6858 6985
f 6985 6858 6851
f 6858 6804 6851
f 6851 6804 6765
f 6804 6732 6765
f 6676 6645 6732
f 6765 6732 6645
f 6592 6505 6676
f 6520 6381 6592
f 6645 6676 6505
f 6456 6241 6520
f 6396 6165 6456
f 6505 6592 6381
f 6348 6109 6396
f 6308 6069 6348
f 6268 6001 6308
f 6381 6520 6241
f 6224 5937 6268
f 6210 5929 6224
f 6272 6312 6003
f 6241 6456 6165
f 6003 5939 6272
f 6165 6396 6109
f 6228 6272 5939
f 6109 6348 6069
f 5939 5931 6228
f 6069 6308 6001
f 6210 6228 5931
f 6001 6268 5937
f 5931 5925 6210
f 5937 6224 5929
f 5929 6210 5925
f 6494 6493 6370
f 6369 6370 6493
f 5958 6014 5957
f 6013 5957 6014
f 6370 6369 6194
f 6193 6194 6369
f 7260 7259 7384
f 7383 7384 7259
f 7615 7655 7616
f 7656 7616 7655
f 7000 6999 7120
f 7119 7120 6999
f 6496 6495 6636
f 6635 6636 6495
f 6998 6997 6850
f 6849 6850 6997
f 6756 6755 6872
f 6871 6872 6755
f 6100 6016 6099
f 6015 6099 6016
f 7778 7543 7808
f 7762 7521 7778
f 7780 7808 7543
f 7722 7477 7762
f 7543 7525 7780
f 7670 7437 7722
f 7764 7780 7525
f 7630 7397 7670
f 7525 7481 7764
f 7574 7349 7630
f 7724 7764 7481
f 7481 7441 7724
f 7543 7778 7521
f 7521 7762 7477
f 7462 7289 7574
f 7477 7722 7437
f 7437 7670 7397
f 7397 7630 7349
f 7334 7225 7462
f 7349 7574 7289
f 7289 7462 7225
f 7194 7153 7334
f 7225 7334 7153
f 7094 7069 7194
f 7153 7194 7069
f 7069 7094 7013
f 7094 6974 7013
f 7013 6974 6941
f 6974 6854 6941
f 6941 6854 6855
f 6855 6854 6801
f 6854 6778 6801
f 6801 6778 6729
f 6778 6658 6729
f 6673 6729 6658
f 6658 6558 6673
f 6589 6673 6558
f 6558 6418 6589
f 6517 6589 6418
f 6418 6290 6517
f 6453 6517 6290
f 6290 6178 6453
f 6393 6453 6178
f 6178 6122 6393
f 6345 6393 6122
f 6122 6082 6345
f 6305 6345 6082
f 6082 6030 6305
f 7672 7724 7441
f 7441 7401 7672
f 7632 7672 7401
f 7401 7353 7632
f 7576 7632 7353
f 7353 7293 7576
f 7464 7576 7293
f 7293 7229 7464
f 7336 7464 7229
f 7229 7157 7336
f 7196 7336 7157
f 7157 7073 7196
f 7096 7196 7073
f 7073 7017 7096
f 7096 7017 6976
f 7017 6945 6976
f 6945 6863 6976
f 6976 6863 6868
f 6863 6805 6868
f 6868 6805 6780
f 6805 6733 6780
f 6677 6660 6733
f 6780 6733 6660
f 6593 6560 6677
f 6660 6677 6560
f 6521 6420 6593
f 6457 6292 6521
f 6560 6593 6420
f 6397 6180 6457
f 6349 6124 6397
f 6309 6084 6349
f 6420 6521 6292
f 6269 6032 6309
f 6225 5992 6269
f 6207 5976 6225
f 6265 6305 6030
f 6292 6457 6180
f 6030 5990 6265
f 6180 6397 6124
f 6221 6265 5990
f 6124 6349 6084
f 5990 5974 6221
f 6084 6309 6032
f 6207 6221 5974
f 6032 6269 5992
f 5974 5948 6207
f 5992 6225 5976
f 5976 6207 5948
f 6940 6939 7012
f 7011 7012 6939
f 7475 7519 7476
f 7520 7476 7519
f 7519 7541 7520
f 7542 7520 7541
f 7435 7475 7436
f 7476 7436 7475
f 7347 7395 7348
f 7396 7348 7395
f 7012 7011 7068
f 7067 7068 7011
f 7541 7517 7542
f 7518 7542 7517
f 6586 6585 6514
f 6513 6514 6585
f 6726 6725 6670
f 6669 6670 6725
f 7395 7435 7396
f 7436 7396 7435
f 6672 6671 6728
f 6727 6728 6671
f 7287 7347 7288
f 7348 7288 7347
f 7473 7433 7474
f 7434 7474 7433
f 6390 6450 6389
f 6449 6389 6450
f 7517 7473 7518
f 7474 7518 7473
f 6452 6451 6516
f 6515 6516 6451
f 6262 6302 6261
f 6301 6261 6302
f 7393 7345 7394
f 7346 7394 7345
f 7068 7067 7152
f 7151 7152 7067
f 6588 6587 6672
f 6671 6672 6587
f 7150 7149 7066
f 7065 7066 7149
f 7066 7065 7010
f 7009 7010 7065
f 6218 6262 6217
f 6261 6217 6262
f 6516 6515 6588
f 6587 6588 6515
f 7222 7221 7150
f 7149 7150 7221
f 7010 7009 6938
f 6937 6938 7009
f 7224 7223 7288
f 7287 7288 7223
f 6304 6264 6303
f 6263 6303 6264
f 6938 6937 6838
f 6837 6838 6937
f 6728 6727 6800
f 6799 6800 6727
f 6514 6513 6450
f 6449 6450 6513
f 6344 6304 6343
f 6303 6343 6304
f 7433 7393 7434
f 7394 7434 7393
f 7345 7285 7346
f 7286 7346 7285
f 6838 6837 6798
f 6797 6798 6837
f 6840 6839 6940
f 6939 6940 6839
f 7152 7151 7224
f 7223 7224 7151
f 6206 6218 6205
f 6217 6205 6218
f 6452 6392 6451
f 6391 6451 6392
f 6800 6799 6840
f 6839 6840 6799
f 6798 6797 6726
f 6725 6726 6797
f 6264 6220 6263
f 6219 6263 6220
f 6220 6206 6219
f 6205 6219 6206
f 6670 6669 6586
f 6585 6586 6669
f 7286 7285 7222
f 7221 7222 7285
f 6392 6344 6391
f 6343 6391 6344
f 6342 6390 6341
f 6389 6341 6390
f 6302 6342 6301
f 6341 6301 6342
f 7835 7867 7836
f 7868 7836 7867
f 7867 7881 7868
f 7882 7868 7881
f 7791 7835 7792
f 7836 7792 7835
f 7378 7377 7254
f 7253 7254 7377
f 7733 7649 7734
f 7650 7734 7649
f 7881 7865 7882
f 7866 7882 7865
f 6750 6749 6630
f 6629 6630 6749
f 7735 7791 7736
f 7792 7736 7791
f 7649 7609 7650
f 7610 7650 7609
f 6368 6367 6492
f 6491 6492 6367
f 7833 7789 7834
f 7790 7834 7789
f 7651 7735 7652
f 7736 7652 7735
f 6630 6629 6490
f 6489 6490 6629
f 5870 5878 5869
f 5877 5869 5878
f 6136 6096 6135
f 6095 6135 6096
f 6190 6189 6134
f 6133 6134 6189
f 6834 6833 6750
f 6749 6750 6833
f 6492 6491 6632
f 6631 6632 6491
f 7380 7379 7556
f 7555 7556 7379
f 7611 7651 7612
f 7652 7612 7651
f 7116 7115 7256
f 7255 7256 7115
f 6994 6993 6834
f 6833 6834 6993
f 6366 6365 6190
f 6189 6190 6365
f 7554 7553 7378
f 7377 7378 7553
f 6136 6135 6192
f 6191 6192 6135
f 5910 5954 5909
f 5953 5909 5954
f 7556 7555 7612
f 7611 7612 7555
f 5954 6010 5953
f 6009 5953 6010
f 6752 6751 6844
f 6843 6844 6751
f 6094 6134 6093
f 6133 6093 6134
f 6844 6843 6996
f 6995 6996 6843
f 7610 7609 7554
f 7553 7554 7609
f 7256 7255 7380
f 7379 7380 7255
f 6192 6191 6368
f 6367 6368 6191
f 7789 7733 7790
f 7734 7790 7733
f 5880 5870 5879
f 5869 5879 5870
f 6632 6631 6752
f 6751 6752 6631
f 7254 7253 7114
f 7113 7114 7253
f 5912 5880 5911
f 5879 5911 5880
f 7865 7833 7866
f 7834 7866 7833
f 5878 5910 5877
f 5909 5877 5910
f 5956 5912 5955
f 5911 5955 5912
f 7114 7113 6994
f 6993 6994 7113
f 7867 7542 7881
f 7835 7520 7867
f 7865 7881 7542
f 7791 7476 7835
f 7542 7518 7865
f 7735 7436 7791
f 7833 7865 7518
f 7651 7396 7735
f 7518 7474 7833
f 7611 7348 7651
f 7789 7833 7474
f 7555 7288 7611
f 7474 7434 7789
f 7733 7789 7434
f 7542 7867 7520
f 7520 7835 7476
f 7476 7791 7436
f 7436 7735 7396
f 7379 7224 7555
f 7396 7651 7348
f 7348 7611 7288
f 7255 7152 7379
f 7288 7555 7224
f 7224 7379 7152
f 7115 7068 7255
f 7152 7255 7068
f 7068 7115 7012
f 7115 6995 7012
f 7012 6995 6940
f 6995 6843 6940
f 6940 6843 6840
f 6840 6843 6800
f 6843 6751 6800
f 6800 6751 6728
f 6751 6631 6728
f 6672 6728 6631
f 6631 6491 6672
f 6588 6672 6491
f 6491 6367 6588
f 6516 6588 6367
f 6367 6191 6516
f 6452 6516 6191
f 6191 6135 6452
f 6392 6452 6135
f 6135 6095 6392
f 6344 6392 6095
f 6304 6344 6011
f 6095 6011 6344
f 7434 7394 7733
f 7649 7733 7394
f 7394 7346 7649
f 7609 7649 7346
f 7346 7286 7609
f 7553 7609 7286
f 7286 7222 7553
f 7377 7553 7222
f 7222 7150 7377
f 7253 7377 7150
f 7150 7066 7253
f 7113 7253 7066
f 7066 7010 7113
f 7113 7010 6993
f 7010 6938 6993
f 6938 6838 6993
f 6993 6838 6833
f 6838 6798 6833
f 6833 6798 6749
f 6798 6726 6749
f 6670 6629 6726
f 6749 6726 6629
f 6586 6489 6670
f 6514 6365 6586
f 6629 6670 6489
f 6450 6189 6514
f 6390 6133 6450
f 6489 6586 6365
f 6342 6093 6390
f 6302 6009 6342
f 6262 5953 6302
f 6218 5909 6262
f 6365 6514 6189
f 6206 5877 6218
f 6011 5955 6304
f 6264 6304 5955
f 6189 6450 6133
f 5955 5911 6264
f 6133 6390 6093
f 6220 6264 5911
f 6093 6342 6009
f 5911 5879 6220
f 6009 6302 5953
f 6206 6220 5879
f 5953 6262 5909
f 5879 5869 6206
f 5909 6218 5877
f 5877 6206 5869
f 6996 6995 7116
f 7115 7116 6995
f 6010 6094 6009
f 6093 6009 6094
f 6012 5956 6011
f 5955 6011 5956
f 6096 6012 6095
f 6011 6095 6012
f 6490 6489 6366
f 6365 6366 6489
f 6556 6555 6656
f 6655 6656 6555
f 7759 7775 7760
f 7776 7760 7775
f 7775 7805 7776
f 7806 7776 7805
f 7719 7759 7720
f 7760 7720 7759
f 5946 5970 5945
f 5969 5945 5970
f 7667 7719 7668
f 7720 7668 7719
f 6414 6413 6286
f 6285 6286 6413
f 7190 7189 7090
f 7089 7090 7189
f 6970 6969 6836
f 6835 6836 6969
f 6176 6175 6288
f 6287 6288 6175
f 6080 6028 6079
f 6027 6079 6028
f 5970 5986 5969
f 5985 5969 5986
f 7717 7665 7718
f 7666 7718 7665
f 6554 6553 6414
f 6413 6414 6553
f 5988 5972 5987
f 5971 5987 5972
f 7332 7331 7460
f 7459 7460 7331
f 6972 6971 7092
f 7091 7092 6971
f 7757 7717 7758
f 7718 7758 7717
f 7330 7329 7190
f 7189 7190 7329
f 6176 6120 6175
f 6119 6175 6120
f 6288 6287 6416
f 6415 6416 6287
f 6286 6285 6174
f 6173 6174 6285
f 7460 7459 7572
f 7571 7572 7459
f 7192 7191 7332
f 7331 7332 7191
f 6416 6415 6556
f 6555 6556 6415
f 7625 7569 7626
f 7570 7626 7569
f 6028 5988 6027
f 5987 6027 5988
f 6842 6841 6972
f 6971 6972 6841
f 7092 7091 7192
f 7191 7192 7091
f 6656 6655 6776
f 6775 6776 6655
f 6026 6078 6025
f 6077 6025 6078
f 6654 6653 6554
f 6553 6554 6653
f 7665 7625 7666
f 7626 7666 7625
f 7805 7773 7806
f 7774 7806 7773
f 7571 7627 7572
f 7628 7572 7627
f 6836 6835 6774
f 6773 6774 6835
f 6078 6118 6077
f 6117 6077 6118
f 6774 6773 6654
f 6653 6654 6773
f 7627 7667 7628
f 7668 7628 7667
f 7773 7757 7774
f 7758 7774 7757
f 5986 6026 5985
f 6025 5985 6026
f 7774 7541 7806
f 7758 7517 7774
f 7776 7806 7541
f 7718 7473 7758
f 7541 7519 7776
f 7666 7433 7718
f 7760 7776 7519
f 7626 7393 7666
f 7519 7475 7760
f 7570 7345 7626
f 7720 7760 7475
f 7475 7435 7720
f 7541 7774 7517
f 7517 7758 7473
f 7458 7285 7570
f 7473 7718 7433
f 7433 7666 7393
f 7393 7626 7345
f 7330 7221 7458
f 7345 7570 7285
f 7285 7458 7221
f 7190 7149 7330
f 7221 7330 7149
f 7090 7065 7190
f 7149 7190 7065
f 7065 7090 7009
f 7090 6970 7009
f 7009 6970 6937
f 6970 6836 6937
f 6937 6836 6837
f 6837 6836 6797
f 6836 6774 6797
f 6797 6774 6725
f 6774 6654 6725
f 6669 6725 6654
f 6654 6554 6669
f 6585 6669 6554
f 6554 6414 6585
f 6513 6585 6414
f 6414 6286 6513
f 6449 6513 6286
f 6286 6174 6449
f 6389 6449 6174
f 6174 6118 6389
f 6341 6389 6118
f 6118 6078 6341
f 6301 6341 6078
f 6078 6026 6301
f 7668 7720 7435
f 7435 7395 7668
f 7628 7668 7395
f 7395 7347 7628
f 7572 7628 7347
f 7347 7287 7572
f 7460 7572 7287
f 7287 7223 7460
f 7332 7460 7223
f 7223 7151 7332
f 7192 7332 7151
f 7151 7067 7192
f 7092 7192 7067
f 7067 7011 7092
f 7092 7011 6972
f 7011 6939 6972
f 6939 6839 6972
f 6972 6839 6842
f 6839 6799 6842
f 6842 6799 6776
f 6799 6727 6776
f 6671 6656 6727
f 6776 6727 6656
f 6587 6556 6671
f 6656 6671 6556
f 6515 6416 6587
f 6451 6288 6515
f 6556 6587 6416
f 6391 6176 6451
f 6343 6120 6391
f 6303 6080 6343
f 6416 6515 6288
f 6263 6028 6303
f 6219 5988 6263
f 6205 5972 6219
f 6261 6301 6026
f 6288 6451 6176
f 6026 5986 6261
f 6176 6391 6120
f 6217 6261 5986
f 6120 6343 6080
f 5986 5970 6217
f 6080 6303 6028
f 6205 6217 5970
f 6028 6263 5988
f 5970 5946 6205
f 5988 6219 5972
f 5972 6205 5946
f 7090 7089 6970
f 6969 6970 7089
f 5972 5946 5971
f 5945 5971 5946
f 6118 6174 6117
f 6173 6117 6174
f 6776 6775 6842
f 6841 6842 6775
f 6120 6080 6119
f 6079 6119 6080
f 7458 7457 7330
f 7329 7330 7457
f 7570 7569 7458
f 7457 7458 7569
f 7964 7992 7963
f 7991 7963 7992
f 7992 8002 7991
f 8001 7991 8002
f 7944 7964 7943
f 7963 7943 7964
f 5771 5757 5772
f 5758 5772 5757
f 7428 7427 7216
f 7215 7216 7427
f 7216 7215 7052
f 7051 7052 7215
f 7928 7944 7927
f 7943 7927 7944
f 7050 7049 7214
f 7213 7214 7049
f 6884 6883 7050
f 7049 7050 6883
f 7860 7859 7700
f 7699 7700 7859
f 7942 7926 7941
f 7925 7941 7926
f 6546 6545 6710
f 6709 6710 6545
f 5835 5819 5836
f 5820 5836 5819
f 7698 7697 7858
f 7857 7858 7697
f 7898 7858 7897
f 7857 7897 7858
f 7214 7213 7426
f 7425 7426 7213
f 5757 5769 5758
f 5770 5758 5769
f 6064 6063 5904
f 5903 5904 6063
f 6548 6547 6336
f 6335 6336 6547
f 5833 5861 5834
f 5862 5834 5861
f 7860 7900 7859
f 7899 7859 7900
f 6334 6333 6546
f 6545 6546 6333
f 7426 7425 7602
f 7601 7602 7425
f 6336 6335 6160
f 6159 6160 6335
f 7992 7886 8002
f 7964 7876 7992
f 7990 8002 7886
f 7944 7844 7964
f 7886 7874 7990
f 7928 7800 7944
f 7962 7990 7874
f 7900 7744 7928
f 7874 7842 7962
f 7942 7962 7842
f 7886 7992 7876
f 7860 7660 7900
f 7876 7964 7844
f 7844 7944 7800
f 7800 7928 7744
f 7700 7620 7860
f 7744 7900 7660
f 7660 7860 7620
f 7604 7564 7700
f 7620 7700 7564
f 7428 7388 7604
f 7564 7604 7388
f 7388 7428 7264
f 7428 7216 7264
f 7264 7216 7124
f 7216 7052 7124
f 7124 7052 7004
f 7052 6910 7004
f 7004 6910 6908
f 6908 6910 6760
f 6910 6712 6760
f 6760 6712 6640
f 6712 6548 6640
f 6640 6548 6500
f 6548 6336 6500
f 6376 6500 6336
f 6336 6160 6376
f 6200 6376 6160
f 6160 6064 6200
f 6144 6200 6064
f 6064 5904 6144
f 6104 6144 5904
f 5904 5864 6104
f 6020 6104 5864
f 5864 5836 6020
f 5964 6020 5836
f 5836 5820 5964
f 5920 5964 5820
f 7842 7798 7942
f 7926 7942 7798
f 7798 7742 7926
f 7898 7926 7742
f 7742 7658 7898
f 7858 7898 7658
f 7658 7618 7858
f 7698 7858 7618
f 7618 7562 7698
f 7602 7698 7562
f 7562 7386 7602
f 7426 7602 7386
f 7386 7262 7426
f 7426 7262 7214
f 7262 7122 7214
f 7214 7122 7050
f 7122 7002 7050
f 7002 6886 7050
f 7050 6886 6884
f 6886 6758 6884
f 6884 6758 6710
f 6758 6638 6710
f 6710 6638 6546
f 6638 6498 6546
f 6374 6334 6498
f 6546 6498 6334
f 6198 6158 6374
f 6334 6374 6158
f 6142 6062 6198
f 6102 5902 6142
f 6158 6198 6062
f 6018 5862 6102
f 5962 5834 6018
f 5918 5818 5962
f 6062 6142 5902
f 5886 5798 5918
f 5874 5770 5886
f 5820 5800 5920
f 5902 6102 5862
f 5888 5920 5800
f 5862 6018 5834
f 5800 5772 5888
f 5834 5962 5818
f 5874 5888 5772
f 5818 5918 5798
f 5772 5758 5874
f 5798 5886 5770
f 5770 5874 5758
f 7990 7962 7989
f 7961 7989 7962
f 5797 5817 5798
f 5818 5798 5817
f 7962 7942 7961
f 7941 7961 7942
f 7700 7699 7604
f 7603 7604 7699
f 7604 7603 7428
f 7427 7428 7603
f 6712 6711 6548
f 6547 6548 6711
f 6158 6157 6334
f 6333 6334 6157
f 6910 6909 6712
f 6711 6712 6909
f 5903 5863 5904
f 5864 5904 5863
f 8002 7990 8001
f 7989 8001 7990
f 5819 5799 5820
f 5800 5820 5799
f 5902 5901 6062
f 6061 6062 5901
f 7052 7051 6910
f 6909 6910 7051
f 7900 7928 7899
f 7927 7899 7928
f 5817 5833 5818
f 5834 5818 5833
f 7926 7898 7925
f 7897 7925 7898
f 6710 6709 6884
f 6883 6884 6709
f 5799 5771 5800
f 5772 5800 5771
f 6062 6061 6158
f 6157 6158 6061
f 6160 6159 6064
f 6063 6064 6159
f 5769 5797 5770
f 5798 5770 5797
f 5861 5901 5862
f 5902 5862 5901
f 7602 7601 7698
f 7697 7698 7601
f 5863 5835 5864
f 5836 5864 5835
f 7864 7863 7704
f 7703 7704 7863
f 7218 7217 7430
f 7429 7430 7217
f 7968 7996 7967
f 7995 7967 7996
f 7996 8004 7995
f 8003 7995 8004
f 7948 7968 7947
f 7967 7947 7968
f 7430 7429 7606
f 7605 7606 7429
f 7432 7431 7220
f 7219 7220 7431
f 7606 7605 7702
f 7701 7702 7605
f 5867 5839 5868
f 5840 5868 5839
f 7932 7948 7931
f 7947 7931 7948
f 7220 7219 7056
f 7055 7056 7219
f 5823 5803 5824
f 5804 5824 5803
f 5865 5905 5866
f 5906 5866 5905
f 7965 7966 7952
f 7966 7946 7952
f 7945 7952 7946
f 7951 7965 7952
f 5775 5759 5776
f 5760 5776 5759
f 7704 7703 7608
f 7607 7608 7703
f 5907 5867 5908
f 5868 5908 5867
f 7902 7862 7901
f 7861 7901 7862
f 7946 7930 7945
f 7929 7945 7930
f 7996 7888 8004
f 7968 7880 7996
f 7994 8004 7888
f 7948 7848 7968
f 7888 7878 7994
f 7932 7804 7948
f 7966 7994 7878
f 7904 7748 7932
f 7878 7846 7966
f 7946 7966 7846
f 7888 7996 7880
f 7864 7664 7904
f 7880 7968 7848
f 7848 7948 7804
f 7804 7932 7748
f 7704 7624 7864
f 7748 7904 7664
f 7664 7864 7624
f 7608 7568 7704
f 7624 7704 7568
f 7432 7392 7608
f 7568 7608 7392
f 7392 7432 7268
f 7432 7220 7268
f 7268 7220 7128
f 7220 7056 7128
f 7128 7056 7008
f 7056 6926 7008
f 7008 6926 6924
f 6924 6926 6764
f 6926 6716 6764
f 6764 6716 6644
f 6716 6552 6644
f 6644 6552 6504
f 6552 6340 6504
f 6380 6504 6340
f 6340 6164 6380
f 6204 6380 6164
f 6164 6068 6204
f 6148 6204 6068
f 6068 5908 6148
f 6108 6148 5908
f 5908 5868 6108
f 6024 6108 5868
f 5868 5840 6024
f 5968 6024 5840
f 5840 5824 5968
f 5924 5968 5824
f 7846 7802 7946
f 7930 7946 7802
f 7802 7746 7930
f 7902 7930 7746
f 7746 7662 7902
f 7862 7902 7662
f 7662 7622 7862
f 7702 7862 7622
f 7622 7566 7702
f 7606 7702 7566
f 7566 7390 7606
f 7430 7606 7390
f 7390 7266 7430
f 7430 7266 7218
f 7266 7126 7218
f 7218 7126 7054
f 7126 7006 7054
f 7006 6914 7054
f 7054 6914 6912
f 6914 6762 6912
f 6912 6762 6714
f 6762 6642 6714
f 6714 6642 6550
f 6642 6502 6550
f 6378 6338 6502
f 6550 6502 6338
f 6202 6162 6378
f 6338 6378 6162
f 6146 6066 6202
f 6106 5906 6146
f 6162 6202 6066
f 6022 5866 6106
f 5966 5838 6022
f 5922 5822 5966
f 6066 6146 5906
f 5890 5802 5922
f 5876 5774 5890
f 5824 5804 5924
f 5906 6106 5866
f 5892 5924 5804
f 5866 6022 5838
f 5804 5776 5892
f 5838 5966 5822
f 5876 5892 5776
f 5822 5922 5802
f 5776 5760 5876
f 5802 5890 5774
f 5774 5876 5760
f 6552 6551 6340
f 6339 6340 6551
f 6068 6067 5908
f 5907 5908 6067
f 6340 6339 6164
f 6163 6164 6339
f 7904 7932 7903
f 7931 7903 7932
f 7054 7053 7218
f 7217 7218 7053
f 7994 7966 7993
f 7965 7993 7966
f 5821 5837 5822
f 5838 5822 5837
f 6338 6337 6550
f 6549 6550 6337
f 7702 7701 7862
f 7861 7862 7701
f 5807 5808 5801
f 5802 5801 5808
f 5821 5822 5808
f 5802 5808 5822
f 6066 6065 6162
f 6161 6162 6065
f 7608 7607 7432
f 7431 7432 7607
f 8004 7994 8003
f 7993 8003 7994
f 5839 5823 5840
f 5824 5840 5823
f 6162 6161 6338
f 6337 6338 6161
f 6164 6163 6068
f 6067 6068 6163
f 5773 5801 5774
f 5802 5774 5801
f 5803 5775 5804
f 5776 5804 5775
f 6912 6911 7054
f 7053 7054 6911
f 7056 7055 6926
f 6925 6926 7055
f 6716 6715 6552
f 6551 6552 6715
f 7864 7904 7863
f 7903 7863 7904
f 6926 6925 6716
f 6715 6716 6925
f 6550 6549 6714
f 6713 6714 6549
f 7930 7902 7929
f 7901 7929 7902
f 5759 5773 5760
f 5774 5760 5773
f 5837 5865 5838
f 5866 5838 5865
f 6714 6713 6912
f 6911 6912 6713
f 5906 5905 6066
f 6065 6066 5905
f 5744 5743 5784
f 5783 5784 5743
f 5640 5639 5637
f 5639 5635 5637
f 5636 5637 5635
f 8048 8032 8047
f 8031 8047 8032
f 7716 7715 7508
f 7507 7508 7715
f 8094 8069 8093
f 8067 8093 8068
f 5731 5715 5732
f 5716 5732 5715
f 5665 5691 5666
f 5692 5693 5691
f 5727 5743 5728
f 5744 5728 5743
f 8072 8100 8071
f 8099 8071 8100
f 6928 6927 6620
f 6619 6620 6927
f 5695 5671 5696
f 5672 5696 5671
f 8116 8128 8115
f 8127 8115 8128
f 8020 8036 8019
f 8035 8019 8036
f 7976 7975 8016
f 8015 8016 7975
f 8036 8052 8035
f 8051 8035 8052
f 8100 8116 8099
f 8115 8099 8116
f 5691 5711 5692
f 5712 5692 5711
f 8032 8016 8031
f 8015 8031 8016
f 7912 7911 7976
f 7975 7976 7911
f 8128 8125 8127
f 8124 8123 8125
f 8127 8125 8123
f 8068 8048 8067
f 8047 8067 8048
f 5711 5727 5712
f 5728 5712 5727
f 5635 5649 5636
f 5650 5651 5649
f 5671 5655 5672
f 5656 5672 5655
f 5649 5665 5650
f 5666 5667 5665
f 5655 5639 5656
f 5640 5656 5639
f 7148 7147 6928
f 6927 6928 7147
f 8124 8111 8123
f 8109 8123 8110
f 6052 6051 5852
f 5851 5852 6051
f 8110 8095 8109
f 8093 8109 8094
f 7980 7979 7916
f 7915 7916 7979
f 5852 5851 5788
f 5787 5788 5851
f 5848 5847 6048
f 6047 6048 5847
f 5747 5731 5748
f 5732 5748 5731
f 8125 8112 8124
f 8123 8111 8110
f 8111 8096 8110
f 8109 8095 8094
f 8095 8070 8094
f 8093 8069 8068
f 8069 8049 8068
f 8068 8049 8048
f 8049 8033 8048
f 8048 8033 8032
f 8033 8017 8032
f 8032 8017 8016
f 8017 7977 8016
f 8016 7977 7976
f 7977 7913 7976
f 7976 7913 7912
f 7913 7713 7912
f 7912 7713 7712
f 7713 7505 7712
f 7712 7505 7504
f 7505 7145 7504
f 7504 7145 7144
f 7145 6881 7144
f 7144 6881 6880
f 6617 6616 6881
f 6880 6881 6616
f 6257 6256 6617
f 6616 6617 6256
f 6049 6048 6257
f 6256 6257 6048
f 5849 5848 6049
f 6048 6049 5848
f 5785 5784 5849
f 5848 5849 5784
f 5745 5744 5785
f 5784 5785 5744
f 5729 5728 5745
f 5744 5745 5728
f 5713 5712 5729
f 5728 5729 5712
f 5693 5692 5713
f 5712 5713 5692
f 5668 5666 5693
f 5691 5693 5666
f 5652 5650 5667
f 5665 5667 5650
f 5638 5636 5651
f 5649 5651 5636
f 8116 7995 8128
f 8125 8128 8113
f 8100 7967 8116
f 8113 8128 8083
f 8097 8113 8083
f 8083 8128 8075
f 8072 7947 8100
f 8075 8128 8059
f 8059 8128 8055
f 8052 7931 8072
f 8055 8128 8039
f 8036 7903 8052
f 8039 8128 8023
f 8020 7863 8036
f 8003 8128 7995
f 7993 8128 8003
f 8023 8128 8007
f 7980 7703 8020
f 7995 8116 7967
f 7967 8100 7947
f 7947 8072 7931
f 7916 7607 7980
f 7931 8052 7903
f 7903 8036 7863
f 7716 7607 7916
f 7863 8020 7703
f 7703 7980 7607
f 7508 7431 7716
f 7607 7716 7431
f 7431 7508 7219
f 7508 7148 7219
f 7219 7148 7055
f 7148 6928 7055
f 7055 6928 6925
f 6925 6928 6715
f 6928 6620 6715
f 6715 6620 6551
f 6620 6260 6551
f 6339 6551 6260
f 6260 6052 6339
f 6163 6339 6052
f 6052 5852 6163
f 5852 5788 6163
f 6067 6163 5788
f 5788 5748 6067
f 5907 6067 5748
f 5748 5732 5907
f 5867 5907 5732
f 5732 5716 5867
f 5839 5867 5716
f 5716 5696 5839
f 5823 5839 5696
f 5696 5672 5823
f 5803 5823 5672
f 5672 5656 5803
f 5775 5803 5656
f 5656 5640 5775
f 5759 5775 5640
f 5703 5719 5640
f 5751 5759 5640
f 5699 5703 5640
f 5683 5699 5640
f 5735 5751 5640
f 5679 5683 5640
f 5640 5653 5679
f 5719 5735 5640
f 5677 5679 5669
f 5669 5679 5653
f 5637 5653 5640
f 8081 8097 8083
f 8007 8128 7993
f 7993 7965 8007
f 7951 8007 7965
f 5807 5801 5751
f 5801 5773 5751
f 5759 5751 5773
f 6620 6619 6260
f 6259 6260 6619
f 7916 7915 7716
f 7715 7716 7915
f 6256 6255 6616
f 6615 6616 6255
f 7712 7711 7912
f 7911 7912 7711
f 7144 7143 7504
f 7503 7504 7143
f 6616 6615 6880
f 6879 6880 6615
f 5784 5783 5848
f 5847 5848 5783
f 8052 8072 8051
f 8071 8051 8072
f 8020 8019 7980
f 7979 7980 8019
f 7504 7503 7712
f 7711 7712 7503
f 5715 5695 5716
f 5696 5716 5695
f 6260 6259 6052
f 6051 6052 6259
f 5788 5787 5748
f 5747 5748 5787
f 6880 6879 7144
f 7143 7144 6879
f 7508 7507 7148
f 7147 7148 7507
f 6048 6047 6256
f 6255 6256 6047
f 8076 8084 8075
f 8083 8075 8084
f 8060 8076 8059
f 8075 8059 8076
f 5735 5719 5736
f 5720 5736 5719
f 5719 5703 5720
f 5704 5720 5703
f 8084 8082 8083
f 8081 8083 8082
f 5679 5677 5680
f 5678 5680 5677
f 5683 5679 5684
f 5680 5684 5679
f 8056 8060 8055
f 8059 8055 8060
f 5703 5699 5704
f 5700 5704 5699
f 5699 5683 5700
f 5684 5700 5683
f 8040 8056 8039
f 8055 8039 8056
f 5808 5807 5752
f 5751 5752 5807
f 8024 8040 8023
f 8039 8023 8040
f 8008 8024 8007
f 8023 8007 8024
f 8008 8007 7952
f 7951 7952 8007
f 5751 5735 5752
f 5736 5752 5735
f 6954 6953 7026
f 7025 7026 6953
f 6956 6955 7028
f 7027 7028 6955
f 7489 7533 7490
f 7534 7490 7533
f 7491 7535 7492
f 7536 7492 7535
f 7533 7547 7534
f 7548 7534 7547
f 7535 7549 7536
f 7550 7536 7549
f 7449 7489 7450
f 7490 7450 7489
f 7451 7491 7452
f 7492 7452 7491
f 7361 7409 7362
f 7410 7362 7409
f 7363 7411 7364
f 7412 7364 7411
f 7026 7025 7082
f 7081 7082 7025
f 7028 7027 7084
f 7083 7084 7027
f 7547 7529 7548
f 7530 7548 7529
f 7549 7531 7550
f 7532 7550 7531
f 6598 6597 6526
f 6525 6526 6597
f 6600 6599 6528
f 6527 6528 6599
f 6738 6737 6682
f 6681 6682 6737
f 6740 6739 6684
f 6683 6684 6739
f 7409 7449 7410
f 7450 7410 7449
f 7411 7451 7412
f 7452 7412 7451
f 6686 6685 6742
f 6741 6742 6685
f 6688 6687 6744
f 6743 6744 6687
f 7301 7361 7302
f 7362 7302 7361
f 7303 7363 7304
f 7364 7304 7363
f 7485 7445 7486
f 7446 7486 7445
f 7487 7447 7488
f 7448 7488 7447
f 6402 6462 6401
f 6461 6401 6462
f 6404 6464 6403
f 6463 6403 6464
f 7529 7485 7530
f 7486 7530 7485
f 7531 7487 7532
f 7488 7532 7487
f 6466 6465 6530
f 6529 6530 6465
f 6468 6467 6532
f 6531 6532 6467
f 6274 6314 6273
f 6313 6273 6314
f 6276 6316 6275
f 6315 6275 6316
f 7405 7357 7406
f 7358 7406 7357
f 7407 7359 7408
f 7360 7408 7359
f 7082 7081 7166
f 7165 7166 7081
f 7084 7083 7168
f 7167 7168 7083
f 6602 6601 6686
f 6685 6686 6601
f 6604 6603 6688
f 6687 6688 6603
f 7162 7161 7078
f 7077 7078 7161
f 7164 7163 7080
f 7079 7080 7163
f 7078 7077 7022
f 7021 7022 7077
f 7080 7079 7024
f 7023 7024 7079
f 6230 6274 6229
f 6273 6229 6274
f 6232 6276 6231
f 6275 6231 6276
f 6530 6529 6602
f 6601 6602 6529
f 6532 6531 6604
f 6603 6604 6531
f 7234 7233 7162
f 7161 7162 7233
f 7236 7235 7164
f 7163 7164 7235
f 7022 7021 6950
f 6949 6950 7021
f 7024 7023 6952
f 6951 6952 7023
f 7238 7237 7302
f 7301 7302 7237
f 7240 7239 7304
f 7303 7304 7239
f 6318 6278 6317
f 6277 6317 6278
f 6320 6280 6319
f 6279 6319 6280
f 6950 6949 6892
f 6891 6892 6949
f 6952 6951 6894
f 6893 6894 6951
f 6742 6741 6814
f 6813 6814 6741
f 6744 6743 6816
f 6815 6816 6743
f 6526 6525 6462
f 6461 6462 6525
f 6528 6527 6464
f 6463 6464 6527
f 6358 6318 6357
f 6317 6357 6318
f 6360 6320 6359
f 6319 6359 6320
f 7445 7405 7446
f 7406 7446 7405
f 7447 7407 7448
f 7408 7448 7407
f 7357 7297 7358
f 7298 7358 7297
f 7359 7299 7360
f 7300 7360 7299
f 6892 6891 6810
f 6809 6810 6891
f 6894 6893 6812
f 6811 6812 6893
f 6900 6899 6954
f 6953 6954 6899
f 6902 6901 6956
f 6955 6956 6901
f 7166 7165 7238
f 7237 7238 7165
f 7168 7167 7240
f 7239 7240 7167
f 6212 6230 6211
f 6229 6211 6230
f 6214 6232 6213
f 6231 6213 6232
f 6466 6406 6465
f 6405 6465 6406
f 6468 6408 6467
f 6407 6467 6408
f 6814 6813 6900
f 6899 6900 6813
f 6816 6815 6902
f 6901 6902 6815
f 6810 6809 6738
f 6737 6738 6809
f 6812 6811 6740
f 6739 6740 6811
f 6278 6234 6277
f 6233 6277 6234
f 6280 6236 6279
f 6235 6279 6236
f 6234 6212 6233
f 6211 6233 6212
f 6236 6214 6235
f 6213 6235 6214
f 6682 6681 6598
f 6597 6598 6681
f 6684 6683 6600
f 6599 6600 6683
f 7298 7297 7234
f 7233 7234 7297
f 7300 7299 7236
f 7235 7236 7299
f 6406 6358 6405
f 6357 6405 6358
f 6408 6360 6407
f 6359 6407 6360
f 6354 6402 6353
f 6401 6353 6402
f 6356 6404 6355
f 6403 6355 6404
f 6314 6354 6313
f 6353 6313 6354
f 6316 6356 6315
f 6355 6315 6356
f 7843 7875 7844
f 7876 7844 7875
f 7875 7885 7876
f 7886 7876 7885
f 7799 7843 7800
f 7844 7800 7843
f 7386 7385 7262
f 7261 7262 7385
f 7741 7657 7742
f 7658 7742 7657
f 7885 7873 7886
f 7874 7886 7873
f 6758 6757 6638
f 6637 6638 6757
f 7743 7799 7744
f 7800 7744 7799
f 7797 7741 7798
f 7742 7798 7741
f 7657 7617 7658
f 7618 7658 7617
f 6376 6375 6500
f 6499 6500 6375
f 7841 7797 7842
f 7798 7842 7797
f 7659 7743 7660
f 7744 7660 7743
f 6638 6637 6498
f 6497 6498 6637
f 5874 5886 5873
f 5885 5873 5886
f 6144 6104 6143
f 6103 6143 6104
f 6198 6197 6142
f 6141 6142 6197
f 6886 6885 6758
f 6757 6758 6885
f 6500 6499 6640
f 6639 6640 6499
f 7388 7387 7564
f 7563 7564 7387
f 7619 7659 7620
f 7660 7620 7659
f 7124 7123 7264
f 7263 7264 7123
f 7002 7001 6886
f 6885 6886 7001
f 6374 6373 6198
f 6197 6198 6373
f 7562 7561 7386
f 7385 7386 7561
f 6144 6143 6200
f 6199 6200 6143
f 5918 5962 5917
f 5961 5917 5962
f 7564 7563 7620
f 7619 7620 7563
f 5962 6018 5961
f 6017 5961 6018
f 6760 6759 6908
f 6907 6908 6759
f 6102 6142 6101
f 6141 6101 6142
f 6908 6907 7004
f 7003 7004 6907
f 7618 7617 7562
f 7561 7562 7617
f 7264 7263 7388
f 7387 7388 7263
f 5888 5874 5887
f 5873 5887 5874
f 6640 6639 6760
f 6759 6760 6639
f 7262 7261 7122
f 7121 7122 7261
f 5920 5888 5919
f 5887 5919 5888
f 7873 7841 7874
f 7842 7874 7841
f 5886 5918 5885
f 5917 5885 5918
f 5964 5920 5963
f 5919 5963 5920
f 7122 7121 7002
f 7001 7002 7121
f 6200 6199 6376
f 6375 6376 6199
f 7827 7550 7831
f 7819 7536 7827
f 7825 7831 7550
f 7755 7492 7819
f 7550 7532 7825
f 7687 7452 7755
f 7817 7825 7532
f 7647 7412 7687
f 7532 7488 7817
f 7591 7364 7647
f 7753 7817 7488
f 7488 7448 7753
f 7550 7827 7536
f 7515 7304 7591
f 7536 7819 7492
f 7492 7755 7452
f 7452 7687 7412
f 7375 7240 7515
f 7412 7647 7364
f 7364 7591 7304
f 7251 7168 7375
f 7304 7515 7240
f 7240 7375 7168
f 7111 7084 7251
f 7168 7251 7084
f 7084 7111 7028
f 7111 6991 7028
f 7028 6991 6956
f 6991 6905 6956
f 6956 6905 6902
f 6902 6905 6816
f 6905 6771 6816
f 6816 6771 6744
f 6771 6651 6744
f 6688 6744 6651
f 6651 6511 6688
f 6604 6688 6511
f 6511 6387 6604
f 6532 6604 6387
f 6387 6247 6532
f 6468 6532 6247
f 6247 6171 6468
f 6408 6468 6171
f 6171 6115 6408
f 6360 6408 6115
f 6115 6075 6360
f 6320 6360 6075
f 6075 6007 6320
f 7685 7753 7448
f 7448 7408 7685
f 7645 7685 7408
f 7408 7360 7645
f 7589 7645 7360
f 7360 7300 7589
f 7513 7589 7300
f 7300 7236 7513
f 7373 7513 7236
f 7236 7164 7373
f 7249 7373 7164
f 7164 7080 7249
f 7109 7249 7080
f 7080 7024 7109
f 7109 7024 6989
f 7024 6952 6989
f 6952 6894 6989
f 6989 6894 6887
f 6894 6812 6887
f 6887 6812 6769
f 6812 6740 6769
f 6684 6649 6740
f 6769 6740 6649
f 6600 6509 6684
f 6528 6385 6600
f 6649 6684 6509
f 6464 6245 6528
f 6404 6169 6464
f 6509 6600 6385
f 6356 6113 6404
f 6316 6073 6356
f 6276 6005 6316
f 6385 6528 6245
f 6232 5941 6276
f 6214 5933 6232
f 6280 6320 6007
f 6245 6464 6169
f 6007 5943 6280
f 6169 6404 6113
f 6236 6280 5943
f 6113 6356 6073
f 5943 5935 6236
f 6073 6316 6005
f 6214 6236 5935
f 6005 6276 5941
f 5935 5927 6214
f 5941 6232 5933
f 5933 6214 5927
f 7004 7003 7124
f 7123 7124 7003
f 6018 6102 6017
f 6101 6017 6102
f 6020 5964 6019
f 5963 6019 5964
f 6104 6020 6103
f 6019 6103 6020
f 6498 6497 6374
f 6373 6374 6497
f 7782 7547 7810
f 7766 7529 7782
f 7784 7810 7547
f 7726 7485 7766
f 7547 7533 7784
f 7674 7445 7726
f 7768 7784 7533
f 7634 7405 7674
f 7533 7489 7768
f 7578 7357 7634
f 7728 7768 7489
f 7489 7449 7728
f 7547 7782 7529
f 7529 7766 7485
f 7466 7297 7578
f 7485 7726 7445
f 7445 7674 7405
f 7405 7634 7357
f 7338 7233 7466
f 7357 7578 7297
f 7297 7466 7233
f 7198 7161 7338
f 7233 7338 7161
f 7098 7077 7198
f 7161 7198 7077
f 7077 7098 7021
f 7098 6978 7021
f 7021 6978 6949
f 6978 6890 6949
f 6949 6890 6891
f 6891 6890 6809
f 6890 6782 6809
f 6809 6782 6737
f 6782 6662 6737
f 6681 6737 6662
f 6662 6562 6681
f 6597 6681 6562
f 6562 6422 6597
f 6525 6597 6422
f 6422 6294 6525
f 6461 6525 6294
f 6294 6182 6461
f 6401 6461 6182
f 6182 6126 6401
f 6353 6401 6126
f 6126 6086 6353
f 6313 6353 6086
f 6086 6034 6313
f 7676 7728 7449
f 7449 7409 7676
f 7636 7676 7409
f 7409 7361 7636
f 7580 7636 7361
f 7361 7301 7580
f 7468 7580 7301
f 7301 7237 7468
f 7340 7468 7237
f 7237 7165 7340
f 7200 7340 7165
f 7165 7081 7200
f 7100 7200 7081
f 7081 7025 7100
f 7100 7025 6980
f 7025 6953 6980
f 6953 6899 6980
f 6980 6899 6904
f 6899 6813 6904
f 6904 6813 6784
f 6813 6741 6784
f 6685 6664 6741
f 6784 6741 6664
f 6601 6564 6685
f 6664 6685 6564
f 6529 6424 6601
f 6465 6296 6529
f 6564 6601 6424
f 6405 6184 6465
f 6357 6128 6405
f 6317 6088 6357
f 6424 6529 6296
f 6277 6036 6317
f 6233 5996 6277
f 6211 5980 6233
f 6273 6313 6034
f 6296 6465 6184
f 6034 5994 6273
f 6184 6405 6128
f 6229 6273 5994
f 6128 6357 6088
f 5994 5978 6229
f 6088 6317 6036
f 6211 6229 5978
f 6036 6277 5996
f 5978 5950 6211
f 5996 6233 5980
f 5980 6211 5950
f 7495 7539 7496
f 7540 7496 7539
f 7539 7551 7540
f 7552 7540 7551
f 7455 7495 7456
f 7496 7456 7495
f 7367 7415 7368
f 7416 7368 7415
f 6282 6322 6281
f 6321 6281 6322
f 7172 7171 7244
f 7243 7244 7171
f 7537 7493 7538
f 7494 7538 7493
f 6536 6535 6608
f 6607 6608 6535
f 7032 7031 7088
f 7087 7088 7031
f 7493 7453 7494
f 7454 7494 7453
f 7170 7169 7086
f 7085 7086 7169
f 6472 6471 6536
f 6535 6536 6471
f 7415 7455 7416
f 7456 7416 7455
f 6748 6747 6820
f 6819 6820 6747
f 7413 7365 7414
f 7366 7414 7365
f 6958 6957 6918
f 6917 6918 6957
f 6322 6362 6321
f 6361 6321 6362
f 7088 7087 7172
f 7171 7172 7087
f 6746 6745 6690
f 6689 6690 6745
f 6608 6607 6692
f 6691 6692 6607
f 6690 6689 6606
f 6605 6606 6689
f 6238 6282 6237
f 6281 6237 6282
f 6606 6605 6534
f 6533 6534 6605
f 6960 6959 7032
f 7031 7032 6959
f 7030 7029 6958
f 6957 6958 7029
f 6410 6470 6409
f 6469 6409 6470
f 6472 6412 6471
f 6411 6471 6412
f 7551 7537 7552
f 7538 7552 7537
f 6412 6364 6411
f 6363 6411 6364
f 6216 6238 6215
f 6237 6215 6238
f 7306 7305 7242
f 7241 7242 7305
f 7086 7085 7030
f 7029 7030 7085
f 7242 7241 7170
f 7169 7170 7241
f 7365 7305 7366
f 7306 7366 7305
f 6362 6410 6361
f 6409 6361 6410
f 6918 6917 6818
f 6817 6818 6917
f 7453 7413 7454
f 7414 7454 7413
f 6820 6819 6920
f 6919 6920 6819
f 6284 6240 6283
f 6239 6283 6240
f 6692 6691 6748
f 6747 6748 6691
f 7244 7243 7308
f 7307 7308 7243
f 6920 6919 6960
f 6959 6960 6919
f 6364 6324 6363
f 6323 6363 6324
f 6818 6817 6746
f 6745 6746 6817
f 7307 7367 7308
f 7368 7308 7367
f 6534 6533 6470
f 6469 6470 6533
f 6324 6284 6323
f 6283 6323 6284
f 6240 6216 6239
f 6215 6239 6216
f 7847 7879 7848
f 7880 7848 7879
f 7879 7887 7880
f 7888 7880 7887
f 7803 7847 7804
f 7848 7804 7847
f 6024 5968 6023
f 5967 6023 5968
f 7128 7127 7268
f 7267 7268 7127
f 7877 7845 7878
f 7846 7878 7845
f 7566 7565 7390
f 7389 7390 7565
f 6764 6763 6924
f 6923 6924 6763
f 7745 7661 7746
f 7662 7746 7661
f 5922 5966 5921
f 5965 5921 5966
f 7266 7265 7126
f 7125 7126 7265
f 7747 7803 7748
f 7804 7748 7803
f 6914 6913 6762
f 6761 6762 6913
f 6204 6203 6380
f 6379 6380 6203
f 5924 5892 5923
f 5891 5923 5892
f 6022 6106 6021
f 6105 6021 6106
f 7845 7801 7846
f 7802 7846 7801
f 6106 6146 6105
f 6145 6105 6146
f 7801 7745 7802
f 7746 7802 7745
f 5876 5890 5875
f 5889 5875 5890
f 6148 6108 6147
f 6107 6147 6108
f 6642 6641 6502
f 6501 6502 6641
f 6202 6201 6146
f 6145 6146 6201
f 6380 6379 6504
f 6503 6504 6379
f 7392 7391 7568
f 7567 7568 7391
f 7663 7747 7664
f 7748 7664 7747
f 5968 5924 5967
f 5923 5967 5924
f 7126 7125 7006
f 7005 7006 7125
f 6644 6643 6764
f 6763 6764 6643
f 7568 7567 7624
f 7623 7624 7567
f 6924 6923 7008
f 7007 7008 6923
f 7390 7389 7266
f 7265 7266 7389
f 7661 7621 7662
f 7622 7662 7621
f 7887 7877 7888
f 7878 7888 7877
f 5892 5876 5891
f 5875 5891 5876
f 7622 7621 7566
f 7565 7566 7621
f 6148 6147 6204
f 6203 6204 6147
f 6762 6761 6642
f 6641 6642 6761
f 5890 5922 5889
f 5921 5889 5922
f 7879 7552 7887
f 7847 7540 7879
f 7877 7887 7552
f 7803 7496 7847
f 7552 7538 7877
f 7747 7456 7803
f 7845 7877 7538
f 7663 7416 7747
f 7538 7494 7845
f 7623 7368 7663
f 7801 7845 7494
f 7567 7308 7623
f 7494 7454 7801
f 7745 7801 7454
f 7552 7879 7540
f 7540 7847 7496
f 7496 7803 7456
f 7456 7747 7416
f 7391 7244 7567
f 7416 7663 7368
f 7368 7623 7308
f 7267 7172 7391
f 7308 7567 7244
f 7244 7391 7172
f 7127 7088 7267
f 7172 7267 7088
f 7088 7127 7032
f 7127 7007 7032
f 7032 7007 6960
f 7007 6923 6960
f 6960 6923 6920
f 6920 6923 6820
f 6923 6763 6820
f 6820 6763 6748
f 6763 6643 6748
f 6692 6748 6643
f 6643 6503 6692
f 6608 6692 6503
f 6503 6379 6608
f 6536 6608 6379
f 6379 6203 6536
f 6472 6536 6203
f 6203 6147 6472
f 6412 6472 6147
f 6147 6107 6412
f 6364 6412 6107
f 6324 6364 6023
f 6107 6023 6364
f 7454 7414 7745
f 7661 7745 7414
f 7414 7366 7661
f 7621 7661 7366
f 7366 7306 7621
f 7565 7621 7306
f 7306 7242 7565
f 7389 7565 7242
f 7242 7170 7389
f 7265 7389 7170
f 7170 7086 7265
f 7125 7265 7086
f 7086 7030 7125
f 7125 7030 7005
f 7030 6958 7005
f 6958 6918 7005
f 7005 6918 6913
f 6918 6818 6913
f 6913 6818 6761
f 6818 6746 6761
f 6690 6641 6746
f 6761 6746 6641
f 6606 6501 6690
f 6534 6377 6606
f 6641 6690 6501
f 6470 6201 6534
f 6410 6145 6470
f 6501 6606 6377
f 6362 6105 6410
f 6322 6021 6362
f 6282 5965 6322
f 6238 5921 6282
f 6377 6534 6201
f 6216 5889 6238
f 6023 5967 6324
f 6284 6324 5967
f 6201 6470 6145
f 5967 5923 6284
f 6145 6410 6105
f 6240 6284 5923
f 6105 6362 6021
f 5923 5891 6240
f 6021 6322 5965
f 6216 6240 5891
f 5965 6282 5921
f 5891 5875 6216
f 5921 6238 5889
f 5889 6216 5875
f 6502 6501 6378
f 6377 6378 6501
f 5966 6022 5965
f 6021 5965 6022
f 6378 6377 6202
f 6201 6202 6377
f 7268 7267 7392
f 7391 7392 7267
f 7623 7663 7624
f 7664 7624 7663
f 7008 7007 7128
f 7127 7128 7007
f 6504 6503 6644
f 6643 6644 6503
f 7006 7005 6914
f 6913 6914 7005
f 6108 6024 6107
f 6023 6107 6024
f 7102 7101 6982
f 6981 6982 7101
f 7771 7787 7772
f 7788 7772 7787
f 7787 7811 7788
f 7812 7788 7811
f 6130 6186 6129
f 6185 6129 6186
f 6916 6915 6786
f 6785 6786 6915
f 7637 7581 7638
f 7582 7638 7581
f 7342 7341 7202
f 7201 7202 7341
f 6666 6665 6566
f 6565 6566 6665
f 7769 7729 7770
f 7730 7770 7729
f 7729 7677 7730
f 7678 7730 7677
f 6300 6299 6428
f 6427 6428 6299
f 6132 6092 6131
f 6091 6131 6092
f 7677 7637 7678
f 7638 7678 7637
f 6188 6187 6300
f 6299 6300 6187
f 6788 6787 6922
f 6921 6922 6787
f 6984 6983 7104
f 7103 7104 6983
f 6000 5984 5999
f 5983 5999 5984
f 6982 6981 6916
f 6915 6916 6981
f 5998 6038 5997
f 6037 5997 6038
f 6426 6425 6298
f 6297 6298 6425
f 7785 7769 7786
f 7770 7786 7769
f 7639 7679 7640
f 7680 7640 7679
f 6428 6427 6568
f 6567 6568 6427
f 7472 7471 7584
f 7583 7584 7471
f 7204 7203 7344
f 7343 7344 7203
f 6922 6921 6984
f 6983 6984 6921
f 6188 6132 6187
f 6131 6187 6132
f 6090 6130 6089
f 6129 6089 6130
f 7344 7343 7472
f 7471 7472 7343
f 5984 5952 5983
f 5951 5983 5952
f 7811 7785 7812
f 7786 7812 7785
f 7202 7201 7102
f 7101 7102 7201
f 6668 6667 6788
f 6787 6788 6667
f 5952 5982 5951
f 5981 5951 5982
f 6038 6090 6037
f 6089 6037 6090
f 6298 6297 6186
f 6185 6186 6297
f 7582 7581 7470
f 7469 7470 7581
f 7470 7469 7342
f 7341 7342 7469
f 7104 7103 7204
f 7203 7204 7103
f 5982 5998 5981
f 5997 5981 5998
f 6092 6040 6091
f 6039 6091 6040
f 7679 7731 7680
f 7732 7680 7731
f 7583 7639 7584
f 7640 7584 7639
f 7731 7771 7732
f 7772 7732 7771
f 6568 6567 6668
f 6667 6668 6567
f 6786 6785 6666
f 6665 6666 6785
f 6566 6565 6426
f 6425 6426 6565
f 7786 7551 7812
f 7770 7537 7786
f 7788 7812 7551
f 7730 7493 7770
f 7551 7539 7788
f 7678 7453 7730
f 7772 7788 7539
f 7638 7413 7678
f 7539 7495 7772
f 7582 7365 7638
f 7732 7772 7495
f 7495 7455 7732
f 7551 7786 7537
f 7537 7770 7493
f 7470 7305 7582
f 7493 7730 7453
f 7453 7678 7413
f 7413 7638 7365
f 7342 7241 7470
f 7365 7582 7305
f 7305 7470 7241
f 7202 7169 7342
f 7241 7342 7169
f 7102 7085 7202
f 7169 7202 7085
f 7085 7102 7029
f 7102 6982 7029
f 7029 6982 6957
f 6982 6916 6957
f 6957 6916 6917
f 6917 6916 6817
f 6916 6786 6817
f 6817 6786 6745
f 6786 6666 6745
f 6689 6745 6666
f 6666 6566 6689
f 6605 6689 6566
f 6566 6426 6605
f 6533 6605 6426
f 6426 6298 6533
f 6469 6533 6298
f 6298 6186 6469
f 6409 6469 6186
f 6186 6130 6409
f 6361 6409 6130
f 6130 6090 6361
f 6321 6361 6090
f 6090 6038 6321
f 7680 7732 7455
f 7455 7415 7680
f 7640 7680 7415
f 7415 7367 7640
f 7584 7640 7367
f 7367 7307 7584
f 7472 7584 7307
f 7307 7243 7472
f 7344 7472 7243
f 7243 7171 7344
f 7204 7344 7171
f 7171 7087 7204
f 7104 7204 7087
f 7087 7031 7104
f 7104 7031 6984
f 7031 6959 6984
f 6959 6919 6984
f 6984 6919 6922
f 6919 6819 6922
f 6922 6819 6788
f 6819 6747 6788
f 6691 6668 6747
f 6788 6747 6668
f 6607 6568 6691
f 6668 6691 6568
f 6535 6428 6607
f 6471 6300 6535
f 6568 6607 6428
f 6411 6188 6471
f 6363 6132 6411
f 6323 6092 6363
f 6428 6535 6300
f 6283 6040 6323
f 6239 6000 6283
f 6215 5984 6239
f 6281 6321 6038
f 6300 6471 6188
f 6038 5998 6281
f 6188 6411 6132
f 6237 6281 5998
f 6132 6363 6092
f 5998 5982 6237
f 6092 6323 6040
f 6215 6237 5982
f 6040 6283 6000
f 5982 5952 6215
f 6000 6239 5984
f 5984 6215 5952
f 6040 6000 6039
f 5999 6039 6000
g x25_ports
usemtl x25_ports
v -38.60000 -15.87500 9.30000
v -38.60000 -15.87500 13.70000
v -38.60000 -8.12500 9.30000
v -38.60000 -8.12500 13.70000
v -38.60000 -7.25000 9.30000
v -38.60000 -7.25000 13.30000
v -38.60000 -0.75000 9.30000
v -38.60000 -0.75000 13.30000
v -38.60000 0.95000 9.30000
v -38.60000 0.95000 13.30000
v -38.60000 7.45000 9.30000
v -38.60000 7.45000 13.30000
v -38.60000 8.12500 9.30000
v -38.60000 8.12500 13.70000
v -38.60000 15.87500 9.30000
v -38.60000 15.87500 13.70000
v -38.10000 -15.37500 9.80000
v -38.10000 -15.37500 13.70000
v -38.10000 -8.62500 9.80000
v -38.10000 -8.62500 13.70000
v -38.10000 -6.75000 9.80000
v -38.10000 -6.75000 13.30000
v -38.10000 -1.25000 9.80000
v -38.10000 -1.25000 13.30000
v -38.10000 -0.40000 11.30000
v -38.10000 -0.39316 11.19560
v -38.10000 -0.39316 11.40440
v -38.10000 -0.37274 11.09290
v -38.10000 -0.37274 11.50710
v -38.10000 -0.33910 10.99390
v -38.10000 -0.33910 11.60610
v -38.10000 -0.29282 10.90000
v -38.10000 -0.29282 11.70000
v -38.10000 -0.23468 10.81300
v -38.10000 -0.23468 11.78700
v -38.10000 -0.16568 10.73430
v -38.10000 -0.16568 11.86570
v -38.10000 -0.08701 10.66530
v -38.10000 -0.08701 11.93470
v -38.10000 0.00000 10.60720
v -38.10000 0.00000 11.99280
v -38.10000 0.09385 10.56090
v -38.10000 0.09385 12.03910
v -38.10000 0.19295 10.52730
v -38.10000 0.19295 12.07270
v -38.10000 0.29558 10.50680
v -38.10000 0.29558 12.09320
v -38.10000 0.40000 10.50000
v -38.10000 0.40000 12.10000
v -38.10000 0.50442 10.50680
v -38.10000 0.50442 12.09320
v -38.10000 0.60706 10.52730
v -38.10000 0.60706 12.07270
v -38.10000 0.70615 10.56090
v -38.10000 0.70615 12.03910
v -38.10000 0.80000 10.60720
v -38.10000 0.80000 11.99280
v -38.10000 0.88701 10.66530
v -38.10000 0.88701 11.93470
v -38.10000 0.95000 10.72060
v -38.10000 0.95000 11.87940
v -38.10000 1.45000 9.80000
v -38.10000 1.45000 13.30000
v -38.10000 6.95000 9.80000
v -38.10000 6.95000 13.30000
v -38.10000 8.62500 9.80000
v -38.10000 8.62500 13.70000
v -38.10000 15.37500 9.80000
v -38.10000 15.37500 13.70000
v -37.85000 6.10000 19.80000
v -37.85000 6.10000 22.20000
v -37.85000 9.90000 19.80000
v -37.85000 9.90000 22.20000
v -37.70000 -0.40000 11.30000
v -37.70000 -0.39316 11.19560
v -37.70000 -0.39316 11.40440
v -37.70000 -0.37274 11.09290
v -37.70000 -0.37274 11.50710
v -37.70000 -0.33910 10.99390
v -37.70000 -0.33910 11.60610
v -37.70000 -0.29282 10.90000
v -37.70000 -0.29282 11.70000
v -37.70000 -0.23468 10.81300
v -37.70000 -0.23468 11.78700
v -37.70000 -0.16568 10.73430
v -37.70000 -0.16568 11.86570
v -37.70000 -0.08701 10.66530
v -37.70000 -0.08701 11.93470
v -37.70000 0.00000 10.60720
v -37.70000 0.00000 11.99280
v -37.70000 0.09385 10.56090
v -37.70000 0.09385 12.03910
v -37.70000 0.19295 10.52730
v -37.70000 0.19295 12.07270
v -37.70000 0.29558 10.50680
v -37.70000 0.29558 12.09320
v -37.70000 0.40000 10.50000
v -37.70000 0.40000 12.10000
v -37.70000 0.50442 10.50680
v -37.70000 0.50442 12.09320
v -37.70000 0.60706 10.52730
v -37.70000 0.60706 12.07270
v -37.70000 0.70615 10.56090
v -37.70000 0.70615 12.03910
v -37.70000 0.80000 10.60720
v -37.70000 0.80000 11.99280
v -37.70000 0.88701 10.66530
v -37.70000 0.88701 11.93470
v -37.70000 0.95000 10.72060
v -37.70000 0.95000 11.87940
v -37.52500 -7.50000 17.45000
v -37.52500 -7.50000 19.40000
v -37.52500 -2.50000 17.45000
v -37.52500 -2.50000 19.40000
v -37.52500 -1.90000 17.45000
v -37.52500 -1.90000 19.40000
v -37.52500 3.10000 17.45000
v -37.52500 3.10000 19.40000
v -37.52500 3.70000 17.45000
v -37.52500 3.70000 19.40000
v -37.52500 8.70000 17.45000
v -37.52500 8.70000 19.40000
v -37.07500 -7.05000 17.90000
v -37.07500 -7.05000 19.40000
v -37.07500 -2.95000 17.90000
v -37.07500 -2.95000 19.40000
v -37.07500 -1.45000 17.90000
v -37.07500 -1.45000 19.40000
v -37.07500 2.65000 17.90000
v -37.07500 2.65000 19.40000
v -37.07500 4.15000 17.90000
v -37.07500 4.15000 19.40000
v -37.07500 8.25000 17.90000
v -37.07500 8.25000 19.40000
v -36.45000 6.10000 19.80000
v -36.45000 6.10000 22.20000
v -36.45000 9.90000 19.80000
v -36.45000 9.90000 22.20000
v -36.20000 -15.87500 9.30000
v -36.20000 -15.87500 13.70000
v -36.20000 -15.37500 9.80000
v -36.20000 -15.37500 13.70000
v -36.20000 -8.62500 9.80000
v -36.20000 -8.62500 13.70000
v -36.20000 -8.12500 9.30000
v -36.20000 -8.12500 13.70000
v -36.20000 -7.25000 9.30000
v -36.20000 -7.25000 13.30000
v -36.20000 -6.75000 9.80000
v -36.20000 -6.75000 13.30000
v -36.20000 -1.25000 9.80000
v -36.20000 -1.25000 13.30000
v -36.20000 -0.75000 9.30000
v -36.20000 -0.75000 13.30000
v -36.20000 0.95000 9.30000
v -36.20000 0.95000 13.30000
v -36.20000 1.45000 9.80000
v -36.20000 1.45000 13.30000
v -36.20000 6.95000 9.80000
v -36.20000 6.95000 13.30000
v -36.20000 7.45000 9.30000
v -36.20000 7.45000 13.30000
v -36.20000 8.12500 9.30000
v -36.20000 8.12500 13.70000
v -36.20000 8.62500 9.80000
v -36.20000 8.62500 13.70000
v -36.20000 15.37500 9.80000
v -36.20000 15.37500 13.70000
v -36.20000 15.87500 9.30000
v -36.20000 15.87500 13.70000
v -36.15000 -19.92500 17.45000
v -36.15000 -19.92500 19.40000
v -36.15000 -9.67500 17.45000
v -36.15000 -9.67500 19.40000
v -36.15000 10.07500 17.45000
v -36.15000 10.07500 19.40000
v -36.15000 20.32500 17.45000
v -36.15000 20.32500 19.40000
v -35.70000 -19.47500 17.90000
v -35.70000 -19.47500 19.40000
v -35.70000 -10.12500 17.90000
v -35.70000 -10.12500 19.40000
v -35.70000 10.52500 17.90000
v -35.70000 10.52500 19.40000
v -35.70000 19.87500 17.90000
v -35.70000 19.87500 19.40000
v -31.60000 -19.47500 17.90000
v -31.60000 -19.47500 19.40000
v -31.60000 -10.12500 17.90000
v -31.60000 -10.12500 19.40000
v -31.60000 10.52500 17.90000
v -31.60000 10.52500 19.40000
v -31.60000 19.87500 17.90000
v -31.60000 19.87500 19.40000
v -31.15000 -19.92500 17.45000
v -31.15000 -19.92500 19.40000
v -31.15000 -9.67500 17.45000
v -31.15000 -9.67500 19.40000
v -31.15000 10.07500 17.45000
v -31.15000 10.07500 19.40000
v -31.15000 20.32500 17.45000
v -31.15000 20.32500 19.40000
v -30.22500 -7.05000 17.90000
v -30.22500 -7.05000 19.40000
v -30.22500 -2.95000 17.90000
v -30.22500 -2.95000 19.40000
v -30.22500 -1.45000 17.90000
v -30.22500 -1.45000 19.40000
v -30.22500 2.65000 17.90000
v -30.22500 2.65000 19.40000
v -30.22500 4.15000 17.90000
v -30.22500 4.15000 19.40000
v -30.22500 8.25000 17.90000
v -30.22500 8.25000 19.40000
v -29.77500 -7.50000 17.45000
v -29.77500 -7.50000 19.40000
v -29.77500 -2.50000 17.45000
v -29.77500 -2.50000 19.40000
v -29.77500 -1.90000 17.45000
v -29.77500 -1.90000 19.40000
v -29.77500 3.10000 17.45000
v -29.77500 3.10000 19.40000
v -29.77500 3.70000 17.45000
v -29.77500 3.70000 19.40000
v -29.77500 8.70000 17.45000
v -29.77500 8.70000 19.40000
v -26.80000 -22.92500 11.90000
v -26.80000 -22.52500 11.90000
v -26.80000 22.52500 11.90000
v -26.80000 22.92500 11.90000
v -26.78890 -22.92500 11.73030
v -26.78890 -22.92500 12.06970
v -26.78890 -22.52500 11.73030
v -26.78890 -22.52500 12.06970
v -26.78890 22.52500 11.73030
v -26.78890 22.52500 12.06970
v -26.78890 22.92500 11.73030
v -26.78890 22.92500 12.06970
v -26.77500 -20.10000 17.45000
v -26.77500 -20.10000 19.40000
v -26.77500 -15.10000 17.45000
v -26.77500 -15.10000 19.40000
v -26.77500 -14.90000 17.45000
v -26.77500 -14.90000 19.40000
v -26.77500 -9.90000 17.45000
v -26.77500 -9.90000 19.40000
v -26.77500 9.10000 17.45000
v -26.77500 9.10000 19.40000
v -26.77500 14.10000 17.45000
v -26.77500 14.10000 19.40000
v -26.77500 14.50000 17.45000
v -26.77500 14.50000 19.40000
v -26.77500 19.50000 17.45000
v -26.77500 19.50000 19.40000
v -26.75570 -22.92500 11.56350
v -26.75570 -22.92500 12.23650
v -26.75570 -22.52500 11.56350
v -26.75570 -22.52500 12.23650
v -26.75570 22.52500 11.56350
v -26.75570 22.52500 12.23650
v -26.75570 22.92500 11.56350
v -26.75570 22.92500 12.23650
v -26.70100 -22.92500 11.40250
v -26.70100 -22.92500 12.39750
v -26.70100 -22.52500 11.40250
v -26.70100 -22.52500 12.39750
v -26.70100 22.52500 11.40250
v -26.70100 22.52500 12.39750
v -26.70100 22.92500 11.40250
v -26.70100 22.92500 12.39750
v -26.62580 -22.92500 11.25000
v -26.62580 -22.92500 12.55000
v -26.62580 -22.52500 11.25000
v -26.62580 -22.52500 12.55000
v -26.62580 22.52500 11.25000
v -26.62580 22.52500 12.55000
v -26.62580 22.92500 11.25000
v -26.62580 22.92500 12.55000
v -26.53140 -22.92500 11.10860
v -26.53140 -22.92500 12.69140
v -26.53140 -22.52500 11.10860
v -26.53140 -22.52500 12.69140
v -26.53140 22.52500 11.10860
v -26.53140 22.52500 12.69140
v -26.53140 22.92500 11.10860
v -26.53140 22.92500 12.69140
v -26.41920 -22.92500 10.98080
v -26.41920 -22.92500 12.81920
v -26.41920 -22.52500 10.98080
v -26.41920 -22.52500 12.81920
v -26.41920 22.52500 10.98080
v -26.41920 22.52500 12.81920
v -26.41920 22.92500 10.98080
v -26.41920 22.92500 12.81920
v -26.32500 -19.65000 17.90000
v -26.32500 -19.65000 19.40000
v -26.32500 -15.55000 17.90000
v -26.32500 -15.55000 19.40000
v -26.32500 -14.45000 17.90000
v -26.32500 -14.45000 19.40000
v -26.32500 -10.35000 17.90000
v -26.32500 -10.35000 19.40000
v -26.32500 9.55000 17.90000
v -26.32500 9.55000 19.40000
v -26.32500 13.65000 17.90000
v -26.32500 13.65000 19.40000
v -26.32500 14.95000 17.90000
v -26.32500 14.95000 19.40000
v -26.32500 19.05000 17.90000
v -26.32500 19.05000 19.40000
v -26.29140 -22.92500 10.86860
v -26.29140 -22.92500 12.93140
v -26.29140 -22.52500 10.86860
v -26.29140 -22.52500 12.93140
v -26.29140 22.52500 10.86860
v -26.29140 22.52500 12.93140
v -26.29140 22.92500 10.86860
v -26.29140 22.92500 12.93140
v -26.15000 -22.92500 10.77420
v -26.15000 -22.92500 13.02580
v -26.15000 -22.52500 10.77420
v -26.15000 -22.52500 13.02580
v -26.15000 22.52500 10.77420
v -26.15000 22.52500 13.02580
v -26.15000 22.92500 10.77420
v -26.15000 22.92500 13.02580
v -25.99750 -22.92500 10.69900
v -25.99750 -22.92500 13.10100
v -25.99750 -22.52500 10.69900
v -25.99750 -22.52500 13.10100
v -25.99750 22.52500 10.69900
v -25.99750 22.52500 13.10100
v -25.99750 22.92500 10.69900
v -25.99750 22.92500 13.10100
v -25.83650 -22.92500 10.64430
v -25.83650 -22.92500 13.15570
v -25.83650 -22.52500 10.64430
v -25.83650 -22.52500 13.15570
v -25.83650 22.52500 10.64430
v -25.83650 22.52500 13.15570
v -25.83650 22.92500 10.64430
v -25.83650 22.92500 13.15570
v -25.66970 -22.92500 10.61110
v -25.66970 -22.92500 13.18890
v -25.66970 -22.52500 10.61110
v -25.66970 -22.52500 13.18890
v -25.66970 22.52500 10.61110
v -25.66970 22.52500 13.18890
v -25.66970 22.92500 10.61110
v -25.66970 22.92500 13.18890
v -25.50000 -22.92500 10.60000
v -25.50000 -22.92500 13.20000
v -25.50000 -22.52500 10.60000
v -25.50000 -22.52500 13.20000
v -25.50000 22.52500 10.60000
v -25.50000 22.52500 13.20000
v -25.50000 22.92500 10.60000
v -25.50000 22.92500 13.20000
v -25.40000 -7.02500 17.45000
v -25.40000 -7.02500 19.40000
v -25.40000 8.22500 17.45000
v -25.40000 8.22500 19.40000
v -25.33030 -22.92500 10.61110
v -25.33030 -22.92500 13.18890
v -25.33030 -22.52500 10.61110
v -25.33030 -22.52500 13.18890
v -25.33030 22.52500 10.61110
v -25.33030 22.52500 13.18890
v -25.33030 22.92500 10.61110
v -25.33030 22.92500 13.18890
v -25.16350 -22.92500 10.64430
v -25.16350 -22.92500 13.15570
v -25.16350 -22.52500 10.64430
v -25.16350 -22.52500 13.15570
v -25.16350 22.52500 10.64430
v -25.16350 22.52500 13.15570
v -25.16350 22.92500 10.64430
v -25.16350 22.92500 13.15570
v -25.00250 -22.92500 10.69900
v -25.00250 -22.92500 13.10100
v -25.00250 -22.52500 10.69900
v -25.00250 -22.52500 13.10100
v -25.00250 22.52500 10.69900
v -25.00250 22.52500 13.10100
v -25.00250 22.92500 10.69900
v -25.00250 22.92500 13.10100
v -24.95000 -6.57500 17.90000
v -24.95000 -6.57500 19.40000
v -24.95000 7.77500 17.90000
v -24.95000 7.77500 19.40000
v -24.85000 -22.92500 10.77420
v -24.85000 -22.92500 13.02580
v -24.85000 -22.52500 10.77420
v -24.85000 -22.52500 13.02580
v -24.85000 22.52500 10.77420
v -24.85000 22.52500 13.02580
v -24.85000 22.92500 10.77420
v -24.85000 22.92500 13.02580
v -24.70860 -22.92500 10.86860
v -24.70860 -22.92500 12.93140
v -24.70860 -22.52500 10.86860
v -24.70860 -22.52500 12.93140
v -24.70860 22.52500 10.86860
v -24.70860 22.52500 12.93140
v -24.70860 22.92500 10.86860
v -24.70860 22.92500 12.93140
v -24.58080 -22.92500 10.98080
v -24.58080 -22.92500 12.81920
v -24.58080 -22.52500 10.98080
v -24.58080 -22.52500 12.81920
v -24.58080 22.52500 10.98080
v -24.58080 22.52500 12.81920
v -24.58080 22.92500 10.98080
v -24.58080 22.92500 12.81920
v -24.46860 -22.92500 11.10860
v -24.46860 -22.92500 12.69140
v -24.46860 -22.52500 11.10860
v -24.46860 -22.52500 12.69140
v -24.46860 22.52500 11.10860
v -24.46860 22.52500 12.69140
v -24.46860 22.92500 11.10860
v -24.46860 22.92500 12.69140
v -24.37420 -22.92500 11.25000
v -24.37420 -22.92500 12.55000
v -24.37420 -22.52500 11.25000
v -24.37420 -22.52500 12.55000
v -24.37420 22.52500 11.25000
v -24.37420 22.52500 12.55000
v -24.37420 22.92500 11.25000
v -24.37420 22.92500 12.55000
v -24.29900 -22.92500 11.40250
v -24.29900 -22.92500 12.39750
v -24.29900 -22.52500 11.40250
v -24.29900 -22.52500 12.39750
v -24.29900 22.52500 11.40250
v -24.29900 22.52500 12.39750
v -24.29900 22.92500 11.40250
v -24.29900 22.92500 12.39750
v -24.24430 -22.92500 11.56350
v -24.24430 -22.92500 12.23650
v -24.24430 -22.52500 11.56350
v -24.24430 -22.52500 12.23650
v -24.24430 22.52500 11.56350
v -24.24430 22.52500 12.23650
v -24.24430 22.92500 11.56350
v -24.24430 22.92500 12.23650
v -24.21110 -22.92500 11.73030
v -24.21110 -22.92500 12.06970
v -24.21110 -22.52500 11.73030
v -24.21110 -22.52500 12.06970
v -24.21110 22.52500 11.73030
v -24.21110 22.52500 12.06970
v -24.21110 22.92500 11.73030
v -24.21110 22.92500 12.06970
v -24.20000 -22.92500 11.90000
v -24.20000 -22.52500 11.90000
v -24.20000 22.52500 11.90000
v -24.20000 22.92500 11.90000
v -20.85000 -6.57500 17.90000
v -20.85000 -6.57500 19.40000
v -20.85000 7.77500 17.90000
v -20.85000 7.77500 19.40000
v -20.40000 -7.02500 17.45000
v -20.40000 -7.02500 19.40000
v -20.40000 8.22500 17.45000
v -20.40000 8.22500 19.40000
v -19.62500 20.67500 9.30000
v -19.62500 20.67500 13.70000
v -19.62500 23.07500 9.30000
v -19.62500 23.07500 13.70000
v -19.47500 -19.65000 17.90000
v -19.47500 -19.65000 19.40000
v -19.47500 -15.55000 17.90000
v -19.47500 -15.55000 19.40000
v -19.47500 -14.45000 17.90000
v -19.47500 -14.45000 19.40000
v -19.47500 -10.35000 17.90000
v -19.47500 -10.35000 19.40000
v -19.47500 9.55000 17.90000
v -19.47500 9.55000 19.40000
v -19.47500 13.65000 17.90000
v -19.47500 13.65000 19.40000
v -19.47500 14.95000 17.90000
v -19.47500 14.95000 19.40000
v -19.47500 19.05000 17.90000
v -19.47500 19.05000 19.40000
v -19.12500 20.67500 9.80000
v -19.12500 20.67500 13.70000
v -19.12500 22.57500 9.80000
v -19.12500 22.57500 13.70000
v -19.02500 -20.10000 17.45000
v -19.02500 -20.10000 19.40000
v -19.02500 -15.10000 17.45000
v -19.02500 -15.10000 19.40000
v -19.02500 -14.90000 17.45000
v -19.02500 -14.90000 19.40000
v -19.02500 -9.90000 17.45000
v -19.02500 -9.90000 19.40000
v -19.02500 9.10000 17.45000
v -19.02500 9.10000 19.40000
v -19.02500 14.10000 17.45000
v -19.02500 14.10000 19.40000
v -19.02500 14.50000 17.45000
v -19.02500 14.50000 19.40000
v -19.02500 19.50000 17.45000
v -19.02500 19.50000 19.40000
v -15.25000 -23.07500 9.30000
v -15.25000 -23.07500 13.30000
v -15.25000 -20.67500 9.30000
v -15.25000 -20.67500 13.30000
v -14.75000 -22.57500 9.80000
v -14.75000 -22.57500 13.30000
v -14.75000 -20.67500 9.80000
v -14.75000 -20.67500 13.30000
v -9.87500 20.67500 9.80000
v -9.87500 20.67500 13.70000
v -9.87500 22.57500 9.80000
v -9.87500 22.57500 13.70000
v -9.37500 20.67500 9.30000
v -9.37500 20.67500 13.70000
v -9.37500 23.07500 9.30000
v -9.37500 23.07500 13.70000
v -9.25000 -22.57500 9.80000
v -9.25000 -22.57500 13.30000
v -9.25000 -20.67500 9.80000
v -9.25000 -20.67500 13.30000
v -8.75000 -23.07500 9.30000
v -8.75000 -23.07500 13.30000
v -8.75000 -20.67500 9.30000
v -8.75000 -20.67500 13.30000
v -7.37500 -23.07500 9.30000
v -7.37500 -23.07500 13.70000
v -7.37500 -20.67500 9.30000
v -7.37500 -20.67500 13.70000
v -6.87500 -22.57500 9.80000
v -6.87500 -22.57500 13.70000
v -6.87500 -20.67500 9.80000
v -6.87500 -20.67500 13.70000
v -4.00000 20.27500 10.45000
v -4.00000 20.27500 11.65000
v -4.00000 23.07500 10.45000
v -4.00000 23.07500 11.65000
v -3.99144 20.27500 10.31950
v -3.99144 20.27500 11.78050
v -3.99144 23.07500 10.31950
v -3.99144 23.07500 11.78050
v -3.96593 20.27500 10.19120
v -3.96593 20.27500 11.90880
v -3.96593 23.07500 10.19120
v -3.96593 23.07500 11.90880
v -3.92388 20.27500 10.06730
v -3.92388 20.27500 12.03270
v -3.92388 23.07500 10.06730
v -3.92388 23.07500 12.03270
v -3.86602 20.27500 9.95000
v -3.86602 20.27500 12.15000
v -3.86602 23.07500 9.95000
v -3.86602 23.07500 12.15000
v -3.79335 20.27500 9.84124
v -3.79335 20.27500 12.25880
v -3.79335 23.07500 9.84124
v -3.79335 23.07500 12.25880
v -3.70711 20.27500 9.74289
v -3.70711 20.27500 12.35710
v -3.70711 23.07500 9.74289
v -3.70711 23.07500 12.35710
v -3.60876 20.27500 9.65665
v -3.60876 20.27500 12.44340
v -3.60876 23.07500 9.65665
v -3.60876 23.07500 12.44340
v -3.55000 20.27500 9.90000
v -3.55000 20.27500 12.20000
v -3.55000 22.57500 24.00000
v -3.55000 22.58500 9.90000
v -3.55000 22.58500 12.20000
v -3.55000 22.97500 24.00000
v -3.54102 22.57500 23.86290
v -3.54102 22.57500 24.13710
v -3.54102 22.97500 23.86290
v -3.54102 22.97500 24.13710
v -3.51422 22.57500 23.72820
v -3.51422 22.57500 24.27180
v -3.51422 22.97500 23.72820
v -3.51422 22.97500 24.27180
v -3.50000 20.27500 9.58397
v -3.50000 20.27500 12.51600
v -3.50000 23.07500 9.58397
v -3.50000 23.07500 12.51600
v -3.47007 22.57500 23.59820
v -3.47007 22.57500 24.40180
v -3.47007 22.97500 23.59820
v -3.47007 22.97500 24.40180
v -3.40933 22.57500 23.47500
v -3.40933 22.57500 24.52500
v -3.40933 22.97500 23.47500
v -3.40933 22.97500 24.52500
v -3.38268 20.27500 9.52612
v -3.38268 20.27500 12.57390
v -3.38268 23.07500 9.52612
v -3.38268 23.07500 12.57390
v -3.33302 22.57500 23.36080
v -3.33302 22.57500 24.63920
v -3.33302 22.97500 23.36080
v -3.33302 22.97500 24.63920
v -3.25882 20.27500 9.48407
v -3.25882 20.27500 12.61590
v -3.25882 23.07500 9.48407
v -3.25882 23.07500 12.61590
v -3.24246 22.57500 23.25750
v -3.24246 22.57500 24.74250
v -3.24246 22.97500 23.25750
v -3.24246 22.97500 24.74250
v -3.13920 22.57500 23.16700
v -3.13920 22.57500 24.83300
v -3.13920 22.97500 23.16700
v -3.13920 22.97500 24.83300
v -3.13053 20.27500 9.45855
v -3.13053 20.27500 12.64140
v -3.13053 23.07500 9.45855
v -3.13053 23.07500 12.64140
v -3.02500 22.57500 23.09070
v -3.02500 22.57500 24.90930
v -3.02500 22.97500 23.09070
v -3.02500 22.97500 24.90930
v -3.00000 20.27500 9.45000
v -3.00000 20.27500 12.65000
v -3.00000 23.07500 9.45000
v -3.00000 23.07500 12.65000
v -2.90182 22.57500 23.02990
v -2.90182 22.57500 24.97010
v -2.90182 22.97500 23.02990
v -2.90182 22.97500 24.97010
v -2.77176 22.57500 22.98580
v -2.77176 22.57500 25.01420
v -2.77176 22.97500 22.98580
v -2.77176 22.97500 25.01420
v -2.63705 22.57500 22.95900
v -2.63705 22.57500 25.04100
v -2.63705 22.97500 22.95900
v -2.63705 22.97500 25.04100
v -2.50000 22.57500 22.95000
v -2.50000 22.57500 25.05000
v -2.50000 22.97500 22.95000
v -2.50000 22.97500 25.05000
v -2.36295 22.57500 22.95900
v -2.36295 22.57500 25.04100
v -2.36295 22.97500 22.95900
v -2.36295 22.97500 25.04100
v -2.22824 22.57500 22.98580
v -2.22824 22.57500 25.01420
v -2.22824 22.97500 22.98580
v -2.22824 22.97500 25.01420
v -2.09818 22.57500 23.02990
v -2.09818 22.57500 24.97010
v -2.09818 22.97500 23.02990
v -2.09818 22.97500 24.97010
v -1.97500 22.57500 23.09070
v -1.97500 22.57500 24.90930
v -1.97500 22.97500 23.09070
v -1.97500 22.97500 24.90930
v -1.86080 22.57500 23.16700
v -1.86080 22.57500 24.83300
v -1.86080 22.97500 23.16700
v -1.86080 22.97500 24.83300
v -1.75754 22.57500 23.25750
v -1.75754 22.57500 24.74250
v -1.75754 22.97500 23.25750
v -1.75754 22.97500 24.74250
v -1.66698 22.57500 23.36080
v -1.66698 22.57500 24.63920
v -1.66698 22.97500 23.36080
v -1.66698 22.97500 24.63920
v -1.59067 22.57500 23.47500
v -1.59067 22.57500 24.52500
v -1.59067 22.97500 23.47500
v -1.59067 22.97500 24.52500
v -1.52993 22.57500 23.59820
v -1.52993 22.57500 24.40180
v -1.52993 22.97500 23.59820
v -1.52993 22.97500 24.40180
v -1.48578 22.57500 23.72820
v -1.48578 22.57500 24.27180
v -1.48578 22.97500 23.72820
v -1.48578 22.97500 24.27180
v -1.45898 22.57500 23.86290
v -1.45898 22.57500 24.13710
v -1.45898 22.97500 23.86290
v -1.45898 22.97500 24.13710
v -1.45000 22.57500 24.00000
v -1.45000 22.97500 24.00000
v 3.45000 22.57500 24.00000
v 3.45000 22.97500 24.00000
v 3.45898 22.57500 23.86290
v 3.45898 22.57500 24.13710
v 3.45898 22.97500 23.86290
v 3.45898 22.97500 24.13710
v 3.48578 22.57500 23.72820
v 3.48578 22.57500 24.27180
v 3.48578 22.97500 23.72820
v 3.48578 22.97500 24.27180
v 3.52993 22.57500 23.59820
v 3.52993 22.57500 24.40180
v 3.52993 22.97500 23.59820
v 3.52993 22.97500 24.40180
v 3.59067 22.57500 23.47500
v 3.59067 22.57500 24.52500
v 3.59067 22.97500 23.47500
v 3.59067 22.97500 24.52500
v 3.66698 22.57500 23.36080
v 3.66698 22.57500 24.63920
v 3.66698 22.97500 23.36080
v 3.66698 22.97500 24.63920
v 3.75754 22.57500 23.25750
v 3.75754 22.57500 24.74250
v 3.75754 22.97500 23.25750
v 3.75754 22.97500 24.74250
v 3.86080 22.57500 23.16700
v 3.86080 22.57500 24.83300
v 3.86080 22.97500 23.16700
v 3.86080 22.97500 24.83300
v 3.97500 22.57500 23.09070
v 3.97500 22.57500 24.90930
v 3.97500 22.97500 23.09070
v 3.97500 22.97500 24.90930
v 4.00000 20.27500 9.45000
v 4.00000 20.27500 12.65000
v 4.00000 23.07500 9.45000
v 4.00000 23.07500 12.65000
v 4.09818 22.57500 23.02990
v 4.09818 22.57500 24.97010
v 4.09818 22.97500 23.02990
v 4.09818 22.97500 24.97010
v 4.13053 20.27500 9.45855
v 4.13053 20.27500 12.64140
v 4.13053 23.07500 9.45855
v 4.13053 23.07500 12.64140
v 4.22824 22.57500 22.98580
v 4.22824 22.57500 25.01420
v 4.22824 22.97500 22.98580
v 4.22824 22.97500 25.01420
v 4.25882 20.27500 9.48407
v 4.25882 20.27500 12.61590
v 4.25882 23.07500 9.48407
v 4.25882 23.07500 12.61590
v 4.36295 22.57500 22.95900
v 4.36295 22.57500 25.04100
v 4.36295 22.97500 22.95900
v 4.36295 22.97500 25.04100
v 4.38268 20.27500 9.52612
v 4.38268 20.27500 12.57390
v 4.38268 23.07500 9.52612
v 4.38268 23.07500 12.57390
v 4.50000 20.27500 9.58397
v 4.50000 20.27500 12.51600
v 4.50000 22.57500 22.95000
v 4.50000 22.57500 25.05000
v 4.50000 22.97500 22.95000
v 4.50000 22.97500 25.05000
v 4.50000 23.07500 9.58397
v 4.50000 23.07500 12.51600
v 4.55000 20.27500 9.90000
v 4.55000 20.27500 12.20000
v 4.55000 22.58500 9.90000
v 4.55000 22.58500 12.20000
v 4.60876 20.27500 9.65665
v 4.60876 20.27500 12.44340
v 4.60876 23.07500 9.65665
v 4.60876 23.07500 12.44340
v 4.63705 22.57500 22.95900
v 4.63705 22.57500 25.04100
v 4.63705 22.97500 22.95900
v 4.63705 22.97500 25.04100
v 4.70711 20.27500 9.74289
v 4.70711 20.27500 12.35710
v 4.70711 23.07500 9.74289
v 4.70711 23.07500 12.35710
v 4.77176 22.57500 22.98580
v 4.77176 22.57500 25.01420
v 4.77176 22.97500 22.98580
v 4.77176 22.97500 25.01420
v 4.79335 20.27500 9.84124
v 4.79335 20.27500 12.25880
v 4.79335 23.07500 9.84124
v 4.79335 23.07500 12.25880
v 4.86603 20.27500 9.95000
v 4.86603 20.27500 12.15000
v 4.86603 23.07500 9.95000
v 4.86603 23.07500 12.15000
v 4.87500 -22.57500 9.80000
v 4.87500 -22.57500 13.70000
v 4.87500 -20.67500 9.80000
v 4.87500 -20.67500 13.70000
v 4.90182 22.57500 23.02990
v 4.90182 22.57500 24.97010
v 4.90182 22.97500 23.02990
v 4.90182 22.97500 24.97010
v 4.92388 20.27500 10.06730
v 4.92388 20.27500 12.03270
v 4.92388 23.07500 10.06730
v 4.92388 23.07500 12.03270
v 4.96593 20.27500 10.19120
v 4.96593 20.27500 11.90880
v 4.96593 23.07500 10.19120
v 4.96593 23.07500 11.90880
v 4.99145 20.27500 10.31950
v 4.99145 20.27500 11.78050
v 4.99145 23.07500 10.31950
v 4.99145 23.07500 11.78050
v 5.00000 20.27500 10.45000
v 5.00000 20.27500 11.65000
v 5.00000 23.07500 10.45000
v 5.00000 23.07500 11.65000
v 5.02500 22.57500 23.09070
v 5.02500 22.57500 24.90930
v 5.02500 22.97500 23.09070
v 5.02500 22.97500 24.90930
v 5.13920 22.57500 23.16700
v 5.13920 22.57500 24.83300
v 5.13920 22.97500 23.16700
v 5.13920 22.97500 24.83300
v 5.24246 22.57500 23.25750
v 5.24246 22.57500 24.74250
v 5.24246 22.97500 23.25750
v 5.24246 22.97500 24.74250
v 5.33302 22.57500 23.36080
v 5.33302 22.57500 24.63920
v 5.33302 22.97500 23.36080
v 5.33302 22.97500 24.63920
v 5.37500 -23.07500 9.30000
v 5.37500 -23.07500 13.70000
v 5.37500 -20.67500 9.30000
v 5.37500 -20.67500 13.70000
v 5.40933 22.57500 23.47500
v 5.40933 22.57500 24.52500
v 5.40933 22.97500 23.47500
v 5.40933 22.97500 24.52500
v 5.47007 22.57500 23.59820
v 5.47007 22.57500 24.40180
v 5.47007 22.97500 23.59820
v 5.47007 22.97500 24.40180
v 5.51422 22.57500 23.72820
v 5.51422 22.57500 24.27180
v 5.51422 22.97500 23.72820
v 5.51422 22.97500 24.27180
v 5.54102 22.57500 23.86290
v 5.54102 22.57500 24.13710
v 5.54102 22.97500 23.86290
v 5.54102 22.97500 24.13710
v 5.55000 22.57500 24.00000
v 5.55000 22.97500 24.00000
v 10.62500 20.67500 9.30000
v 10.62500 20.67500 13.70000
v 10.62500 23.07500 9.30000
v 10.62500 23.07500 13.70000
v 11.12500 20.67500 9.80000
v 11.12500 20.67500 13.70000
v 11.12500 22.57500 9.80000
v 11.12500 22.57500 13.70000
v 11.37500 -23.07500 9.30000
v 11.37500 -23.07500 13.70000
v 11.37500 -20.67500 9.30000
v 11.37500 -20.67500 13.70000
v 11.87500 -22.57500 9.80000
v 11.87500 -22.57500 13.70000
v 11.87500 -20.67500 9.80000
v 11.87500 -20.67500 13.70000
v 17.87500 20.67500 9.80000
v 17.87500 20.67500 13.70000
v 17.87500 22.57500 9.80000
v 17.87500 22.57500 13.70000
v 18.37500 20.67500 9.30000
v 18.37500 20.67500 13.70000
v 18.37500 23.07500 9.30000
v 18.37500 23.07500 13.70000
v 21.12500 -22.57500 9.80000
v 21.12500 -22.57500 13.70000
v 21.12500 -20.67500 9.80000
v 21.12500 -20.67500 13.70000
v 21.62500 -23.07500 9.30000
v 21.62500 -23.07500 13.70000
v 21.62500 -20.67500 9.30000
v 21.62500 -20.67500 13.70000
v 24.20000 -22.92500 11.90000
v 24.20000 -22.52500 11.90000
v 24.20000 22.52500 11.90000
v 24.20000 22.92500 11.90000
v 24.21110 -22.92500 11.73030
v 24.21110 -22.92500 12.06970
v 24.21110 -22.52500 11.73030
v 24.21110 -22.52500 12.06970
v 24.21110 22.52500 11.73030
v 24.21110 22.52500 12.06970
v 24.21110 22.92500 11.73030
v 24.21110 22.92500 12.06970
v 24.24430 -22.92500 11.56350
v 24.24430 -22.92500 12.23650
v 24.24430 -22.52500 11.56350
v 24.24430 -22.52500 12.23650
v 24.24430 22.52500 11.56350
v 24.24430 22.52500 12.23650
v 24.24430 22.92500 11.56350
v 24.24430 22.92500 12.23650
v 24.29900 -22.92500 11.40250
v 24.29900 -22.92500 12.39750
v 24.29900 -22.52500 11.40250
v 24.29900 -22.52500 12.39750
v 24.29900 22.52500 11.40250
v 24.29900 22.52500 12.39750
v 24.29900 22.92500 11.40250
v 24.29900 22.92500 12.39750
v 24.37420 -22.92500 11.25000
v 24.37420 -22.92500 12.55000
v 24.37420 -22.52500 11.25000
v 24.37420 -22.52500 12.55000
v 24.37420 22.52500 11.25000
v 24.37420 22.52500 12.55000
v 24.37420 22.92500 11.25000
v 24.37420 22.92500 12.55000
v 24.46860 -22.92500 11.10860
v 24.46860 -22.92500 12.69140
v 24.46860 -22.52500 11.10860
v 24.46860 -22.52500 12.69140
v 24.46860 22.52500 11.10860
v 24.46860 22.52500 12.69140
v 24.46860 22.92500 11.10860
v 24.46860 22.92500 12.69140
v 24.58080 -22.92500 10.98080
v 24.58080 -22.92500 12.81920
v 24.58080 -22.52500 10.98080
v 24.58080 -22.52500 12.81920
v 24.58080 22.52500 10.98080
v 24.58080 22.52500 12.81920
v 24.58080 22.92500 10.98080
v 24.58080 22.92500 12.81920
v 24.70860 -22.92500 10.86860
v 24.70860 -22.92500 12.93140
v 24.70860 -22.52500 10.86860
v 24.70860 -22.52500 12.93140
v 24.70860 22.52500 10.86860
v 24.70860 22.52500 12.93140
v 24.70860 22.92500 10.86860
v 24.70860 22.92500 12.93140
v 24.85000 -22.92500 10.77420
v 24.85000 -22.92500 13.02580
v 24.85000 -22.52500 10.77420
v 24.85000 -22.52500 13.02580
v 24.85000 22.52500 10.77420
v 24.85000 22.52500 13.02580
v 24.85000 22.92500 10.77420
v 24.85000 22.92500 13.02580
v 25.00250 -22.92500 10.69900
v 25.00250 -22.92500 13.10100
v 25.00250 -22.52500 10.69900
v 25.00250 -22.52500 13.10100
v 25.00250 22.52500 10.69900
v 25.00250 22.52500 13.10100
v 25.00250 22.92500 10.69900
v 25.00250 22.92500 13.10100
v 25.16350 -22.92500 10.64430
v 25.16350 -22.92500 13.15570
v 25.16350 -22.52500 10.64430
v 25.16350 -22.52500 13.15570
v 25.16350 22.52500 10.64430
v 25.16350 22.52500 13.15570
v 25.16350 22.92500 10.64430
v 25.16350 22.92500 13.15570
v 25.33030 -22.92500 10.61110
v 25.33030 -22.92500 13.18890
v 25.33030 -22.52500 10.61110
v 25.33030 -22.52500 13.18890
v 25.33030 22.52500 10.61110
v 25.33030 22.52500 13.18890
v 25.33030 22.92500 10.61110
v 25.33030 22.92500 13.18890
v 25.50000 -22.92500 10.60000
v 25.50000 -22.92500 13.20000
v 25.50000 -22.52500 10.60000
v 25.50000 -22.52500 13.20000
v 25.50000 22.52500 10.60000
v 25.50000 22.52500 13.20000
v 25.50000 22.92500 10.60000
v 25.50000 22.92500 13.20000
v 25.66970 -22.92500 10.61110
v 25.66970 -22.92500 13.18890
v 25.66970 -22.52500 10.61110
v 25.66970 -22.52500 13.18890
v 25.66970 22.52500 10.61110
v 25.66970 22.52500 13.18890
v 25.66970 22.92500 10.61110
v 25.66970 22.92500 13.18890
v 25.83650 -22.92500 10.64430
v 25.83650 -22.92500 13.15570
v 25.83650 -22.52500 10.64430
v 25.83650 -22.52500 13.15570
v 25.83650 22.52500 10.64430
v 25.83650 22.52500 13.15570
v 25.83650 22.92500 10.64430
v 25.83650 22.92500 13.15570
v 25.99750 -22.92500 10.69900
v 25.99750 -22.92500 13.10100
v 25.99750 -22.52500 10.69900
v 25.99750 -22.52500 13.10100
v 25.99750 22.52500 10.69900
v 25.99750 22.52500 13.10100
v 25.99750 22.92500 10.69900
v 25.99750 22.92500 13.10100
v 26.15000 -22.92500 10.77420
v 26.15000 -22.92500 13.02580
v 26.15000 -22.52500 10.77420
v 26.15000 -22.52500 13.02580
v 26.15000 22.52500 10.77420
v 26.15000 22.52500 13.02580
v 26.15000 22.92500 10.77420
v 26.15000 22.92500 13.02580
v 26.29140 -22.92500 10.86860
v 26.29140 -22.92500 12.93140
v 26.29140 -22.52500 10.86860
v 26.29140 -22.52500 12.93140
v 26.29140 22.52500 10.86860
v 26.29140 22.52500 12.93140
v 26.29140 22.92500 10.86860
v 26.29140 22.92500 12.93140
v 26.41920 -22.92500 10.98080
v 26.41920 -22.92500 12.81920
v 26.41920 -22.52500 10.98080
v 26.41920 -22.52500 12.81920
v 26.41920 22.52500 10.98080
v 26.41920 22.52500 12.81920
v 26.41920 22.92500 10.98080
v 26.41920 22.92500 12.81920
v 26.53140 -22.92500 11.10860
v 26.53140 -22.92500 12.69140
v 26.53140 -22.52500 11.10860
v 26.53140 -22.52500 12.69140
v 26.53140 22.52500 11.10860
v 26.53140 22.52500 12.69140
v 26.53140 22.92500 11.10860
v 26.53140 22.92500 12.69140
v 26.62580 -22.92500 11.25000
v 26.62580 -22.92500 12.55000
v 26.62580 -22.52500 11.25000
v 26.62580 -22.52500 12.55000
v 26.62580 22.52500 11.25000
v 26.62580 22.52500 12.55000
v 26.62580 22.92500 11.25000
v 26.62580 22.92500 12.55000
v 26.70100 -22.92500 11.40250
v 26.70100 -22.92500 12.39750
v 26.70100 -22.52500 11.40250
v 26.70100 -22.52500 12.39750
v 26.70100 22.52500 11.40250
v 26.70100 22.52500 12.39750
v 26.70100 22.92500 11.40250
v 26.70100 22.92500 12.39750
v 26.75570 -22.92500 11.56350
v 26.75570 -22.92500 12.23650
v 26.75570 -22.52500 11.56350
v 26.75570 -22.52500 12.23650
v 26.75570 22.52500 11.56350
v 26.75570 22.52500 12.23650
v 26.75570 22.92500 11.56350
v 26.75570 22.92500 12.23650
v 26.78890 -22.92500 11.73030
v 26.78890 -22.92500 12.06970
v 26.78890 -22.52500 11.73030
v 26.78890 -22.52500 12.06970
v 26.78890 22.52500 11.73030
v 26.78890 22.52500 12.06970
v 26.78890 22.92500 11.73030
v 26.78890 22.92500 12.06970
v 26.80000 -22.92500 11.90000
v 26.80000 -22.52500 11.90000
v 26.80000 22.52500 11.90000
v 26.80000 22.92500 11.90000
v 36.00000 -17.30000 9.00000
v 36.00000 -17.30000 15.80000
v 36.00000 -16.65000 9.65000
v 36.00000 -16.65000 15.80000
v 36.00000 -5.35000 9.65000
v 36.00000 -5.35000 15.80000
v 36.00000 -4.70000 9.00000
v 36.00000 -4.70000 15.80000
v 36.00000 -3.25000 9.50000
v 36.00000 -3.25000 14.10000
v 36.00000 -2.75000 10.00000
v 36.00000 -2.75000 14.10000
v 36.00000 2.75000 10.00000
v 36.00000 2.75000 14.10000
v 36.00000 3.25000 9.50000
v 36.00000 3.25000 14.10000
v 36.00000 4.70000 9.00000
v 36.00000 4.70000 15.80000
v 36.00000 5.35000 9.65000
v 36.00000 5.35000 15.80000
v 36.00000 16.65000 9.65000
v 36.00000 16.65000 15.80000
v 36.00000 17.30000 9.00000
v 36.00000 17.30000 15.80000
v 36.05000 -20.35000 15.83000
v 36.05000 -20.35000 25.05000
v 36.05000 20.35000 15.83000
v 36.05000 20.35000 25.05000
v 36.60000 -19.80000 16.28000
v 36.60000 -19.80000 24.60000
v 36.60000 19.80000 16.28000
v 36.60000 19.80000 24.60000
v 37.95000 -16.65000 9.65000
v 37.95000 -16.65000 15.80000
v 37.95000 -12.10000 15.50000
v 37.95000 -12.10000 15.80000
v 37.95000 -9.90000 15.50000
v 37.95000 -9.90000 15.80000
v 37.95000 -5.35000 9.65000
v 37.95000 -5.35000 15.80000
v 37.95000 5.35000 9.65000
v 37.95000 5.35000 15.80000
v 37.95000 9.90000 15.50000
v 37.95000 9.90000 15.80000
v 37.95000 12.10000 15.50000
v 37.95000 12.10000 15.80000
v 37.95000 16.65000 9.65000
v 37.95000 16.65000 15.80000
v 38.10000 -2.75000 10.00000
v 38.10000 -2.75000 14.10000
v 38.10000 2.75000 10.00000
v 38.10000 2.75000 14.10000
v 38.60000 -20.35000 15.83000
v 38.60000 -20.35000 25.05000
v 38.60000 -19.80000 16.28000
v 38.60000 -19.80000 24.60000
v 38.60000 -17.30000 9.00000
v 38.60000 -17.30000 15.80000
v 38.60000 -12.10000 15.50000
v 38.60000 -12.10000 15.80000
v 38.60000 -9.90000 15.50000
v 38.60000 -9.90000 15.80000
v 38.60000 -4.70000 9.00000
v 38.60000 -4.70000 15.80000
v 38.60000 -3.25000 9.50000
v 38.60000 -3.25000 14.10000
v 38.60000 3.25000 9.50000
v 38.60000 3.25000 14.10000
v 38.60000 4.70000 9.00000
v 38.60000 4.70000 15.80000
v 38.60000 9.90000 15.50000
v 38.60000 9.90000 15.80000
v 38.60000 12.10000 15.50000
v 38.60000 12.10000 15.80000
v 38.60000 17.30000 9.00000
v 38.60000 17.30000 15.80000
v 38.60000 19.80000 16.28000
v 38.60000 19.80000 24.60000
v 38.60000 20.35000 15.83000
v 38.60000 20.35000 25.05000
f 8330 8328 8329
f 8327 8329 8328
f 8328 8330 8322
f 8322 8330 8314
f 8312 8314 8306
f 8330 8306 8314
f 8322 8320 8328
f 8320 8312 8328
f 8328 8312 8304
f 8306 8304 8312
f 8327 8303 8329
f 8305 8329 8303
f 8305 8303 8306
f 8304 8306 8303
f 8330 8329 8306
f 8305 8306 8329
f 8304 8303 8328
f 8327 8328 8303
f 8321 8319 8322
f 8320 8322 8319
f 8321 8313 8319
f 8311 8319 8313
f 8314 8312 8313
f 8311 8313 8312
f 8314 8313 8322
f 8321 8322 8313
f 8320 8319 8312
f 8311 8312 8319
f 8354 8352 8353
f 8351 8353 8352
f 8352 8354 8342
f 8342 8354 8262
f 8260 8262 8250
f 8354 8250 8262
f 8342 8340 8352
f 8340 8260 8352
f 8352 8260 8248
f 8250 8248 8260
f 8351 8247 8353
f 8249 8353 8247
f 8249 8247 8250
f 8248 8250 8247
f 8354 8353 8250
f 8249 8250 8353
f 8248 8247 8352
f 8351 8352 8247
f 8341 8339 8342
f 8340 8342 8339
f 8341 8261 8339
f 8259 8339 8261
f 8262 8260 8261
f 8259 8261 8260
f 8262 8261 8342
f 8341 8342 8261
f 8340 8339 8260
f 8259 8260 8339
f 8350 8348 8349
f 8347 8349 8348
f 8348 8350 8338
f 8338 8350 8258
f 8256 8258 8246
f 8350 8246 8258
f 8338 8336 8348
f 8336 8256 8348
f 8348 8256 8244
f 8246 8244 8256
f 8347 8243 8349
f 8245 8349 8243
f 8245 8243 8246
f 8244 8246 8243
f 8350 8349 8246
f 8245 8246 8349
f 8244 8243 8348
f 8347 8348 8243
f 8337 8335 8338
f 8336 8338 8335
f 8337 8257 8335
f 8255 8335 8257
f 8258 8256 8257
f 8255 8257 8256
f 8258 8257 8338
f 8337 8338 8257
f 8336 8335 8256
f 8255 8256 8335
f 8346 8344 8345
f 8343 8345 8344
f 8344 8346 8334
f 8334 8346 8254
f 8252 8254 8242
f 8346 8242 8254
f 8334 8332 8344
f 8332 8252 8344
f 8344 8252 8240
f 8242 8240 8252
f 8343 8239 8345
f 8241 8345 8239
f 8241 8239 8242
f 8240 8242 8239
f 8346 8345 8242
f 8241 8242 8345
f 8240 8239 8344
f 8343 8344 8239
f 8333 8331 8334
f 8332 8334 8331
f 8333 8253 8331
f 8251 8331 8253
f 8254 8252 8253
f 8251 8253 8252
f 8254 8253 8334
f 8333 8334 8253
f 8332 8331 8252
f 8251 8252 8331
f 8326 8324 8325
f 8323 8325 8324
f 8324 8326 8318
f 8318 8326 8310
f 8308 8310 8302
f 8326 8302 8310
f 8318 8316 8324
f 8316 8308 8324
f 8324 8308 8300
f 8302 8300 8308
f 8323 8299 8325
f 8301 8325 8299
f 8301 8299 8302
f 8300 8302 8299
f 8326 8325 8302
f 8301 8302 8325
f 8300 8299 8324
f 8323 8324 8299
f 8317 8315 8318
f 8316 8318 8315
f 8317 8309 8315
f 8307 8315 8309
f 8310 8308 8309
f 8307 8309 8308
f 8310 8309 8318
f 8317 8318 8309
f 8316 8315 8308
f 8307 8308 8315
f 8634 8632 8633
f 8631 8633 8632
f 8632 8634 8614
f 8614 8634 8438
f 8436 8438 8382
f 8634 8382 8438
f 8614 8612 8632
f 8612 8436 8632
f 8632 8436 8380
f 8382 8380 8436
f 8631 8379 8633
f 8381 8633 8379
f 8381 8379 8382
f 8380 8382 8379
f 8634 8633 8382
f 8381 8382 8633
f 8380 8379 8632
f 8631 8632 8379
f 8613 8611 8614
f 8612 8614 8611
f 8613 8437 8611
f 8435 8611 8437
f 8438 8436 8437
f 8435 8437 8436
f 8438 8437 8614
f 8613 8614 8437
f 8612 8611 8436
f 8435 8436 8611
f 8630 8628 8629
f 8627 8629 8628
f 8628 8630 8610
f 8610 8630 8434
f 8432 8434 8378
f 8630 8378 8434
f 8610 8608 8628
f 8608 8432 8628
f 8628 8432 8376
f 8378 8376 8432
f 8627 8375 8629
f 8377 8629 8375
f 8377 8375 8378
f 8376 8378 8375
f 8630 8629 8378
f 8377 8378 8629
f 8376 8375 8628
f 8627 8628 8375
f 8609 8607 8610
f 8608 8610 8607
f 8609 8433 8607
f 8431 8607 8433
f 8434 8432 8433
f 8431 8433 8432
f 8434 8433 8610
f 8609 8610 8433
f 8608 8607 8432
f 8431 8432 8607
f 8594 8592 8593
f 8591 8593 8592
f 8592 8594 8590
f 8590 8594 8518
f 8516 8518 8490
f 8594 8490 8518
f 8590 8588 8592
f 8588 8516 8592
f 8592 8516 8488
f 8490 8488 8516
f 8591 8487 8593
f 8489 8593 8487
f 8489 8487 8490
f 8488 8490 8487
f 8594 8593 8490
f 8489 8490 8593
f 8488 8487 8592
f 8591 8592 8487
f 8589 8587 8590
f 8588 8590 8587
f 8589 8517 8587
f 8515 8587 8517
f 8518 8516 8517
f 8515 8517 8516
f 8518 8517 8590
f 8589 8590 8517
f 8588 8587 8516
f 8515 8516 8587
f 8626 8624 8625
f 8623 8625 8624
f 8624 8626 8606
f 8606 8626 8430
f 8428 8430 8374
f 8626 8374 8430
f 8606 8604 8624
f 8604 8428 8624
f 8624 8428 8372
f 8374 8372 8428
f 8623 8371 8625
f 8373 8625 8371
f 8373 8371 8374
f 8372 8374 8371
f 8626 8625 8374
f 8373 8374 8625
f 8372 8371 8624
f 8623 8624 8371
f 8605 8603 8606
f 8604 8606 8603
f 8605 8429 8603
f 8427 8603 8429
f 8430 8428 8429
f 8427 8429 8428
f 8430 8429 8606
f 8605 8606 8429
f 8604 8603 8428
f 8427 8428 8603
f 8622 8620 8621
f 8619 8621 8620
f 8620 8622 8602
f 8602 8622 8426
f 8424 8426 8370
f 8622 8370 8426
f 8602 8600 8620
f 8600 8424 8620
f 8620 8424 8368
f 8370 8368 8424
f 8619 8367 8621
f 8369 8621 8367
f 8369 8367 8370
f 8368 8370 8367
f 8622 8621 8370
f 8369 8370 8621
f 8368 8367 8620
f 8619 8620 8367
f 8601 8599 8602
f 8600 8602 8599
f 8601 8425 8599
f 8423 8599 8425
f 8426 8424 8425
f 8423 8425 8424
f 8426 8425 8602
f 8601 8602 8425
f 8600 8599 8424
f 8423 8424 8599
f 9281 9282 9280
f 9280 9282 9258
f 9257 9258 9256
f 9282 9256 9258
f 9280 9279 9281
f 9279 9257 9281
f 9281 9257 9255
f 9256 9255 9257
f 9282 9230 9256
f 9228 9256 9230
f 9255 9227 9281
f 9229 9281 9227
f 9229 9227 9230
f 9228 9230 9227
f 9282 9281 9230
f 9229 9230 9281
f 9228 9227 9256
f 9255 9256 9227
f 9258 9232 9280
f 9234 9280 9232
f 9279 9233 9257
f 9231 9257 9233
f 9234 9232 9233
f 9231 9233 9232
f 9234 9233 9280
f 9279 9280 9233
f 9258 9257 9232
f 9231 9232 9257
f 9273 9274 9272
f 9276 9275 9278
f 9277 9278 9275
f 9275 9273 9277
f 9272 9271 9273
f 9277 9273 9271
f 9276 9278 9250
f 9278 9226 9250
f 9224 9250 9226
f 9248 9276 9250
f 9246 9244 9274
f 9272 9274 9244
f 9222 9220 9244
f 9272 9244 9220
f 9271 9219 9277
f 9225 9277 9219
f 9226 9225 9223
f 9223 9225 9221
f 9225 9219 9221
f 9219 9220 9221
f 9222 9221 9220
f 9224 9226 9223
f 9278 9277 9226
f 9225 9226 9277
f 9220 9219 9272
f 9271 9272 9219
f 9250 9249 9247
f 9247 9249 9245
f 9249 9243 9245
f 9243 9244 9245
f 9246 9245 9244
f 9248 9250 9247
f 9249 9223 9243
f 9221 9243 9223
f 9224 9223 9250
f 9249 9250 9223
f 9244 9243 9222
f 9221 9222 9243
f 9275 9247 9273
f 9245 9273 9247
f 9248 9247 9276
f 9275 9276 9247
f 9274 9273 9246
f 9245 9246 9273
f 9270 9268 9269
f 9267 9269 9268
f 9268 9270 9254
f 9270 9218 9254
f 9216 9254 9218
f 9254 9252 9268
f 9214 9212 9252
f 9268 9252 9212
f 9267 9211 9269
f 9217 9269 9211
f 9218 9217 9215
f 9215 9217 9213
f 9217 9211 9213
f 9211 9212 9213
f 9214 9213 9212
f 9216 9218 9215
f 9270 9269 9218
f 9217 9218 9269
f 9212 9211 9268
f 9267 9268 9211
f 9253 9251 9254
f 9252 9254 9251
f 9253 9215 9251
f 9213 9251 9215
f 9216 9215 9254
f 9253 9254 9215
f 9252 9251 9214
f 9213 9214 9251
f 9261 9262 9260
f 9264 9263 9266
f 9265 9266 9263
f 9263 9261 9265
f 9260 9259 9261
f 9265 9261 9259
f 9264 9266 9242
f 9266 9210 9242
f 9208 9242 9210
f 9240 9264 9242
f 9238 9236 9262
f 9260 9262 9236
f 9206 9204 9236
f 9260 9236 9204
f 9259 9203 9265
f 9209 9265 9203
f 9210 9209 9207
f 9207 9209 9205
f 9209 9203 9205
f 9203 9204 9205
f 9206 9205 9204
f 9208 9210 9207
f 9266 9265 9210
f 9209 9210 9265
f 9204 9203 9260
f 9259 9260 9203
f 9242 9241 9239
f 9239 9241 9237
f 9241 9235 9237
f 9235 9236 9237
f 9238 9237 9236
f 9240 9242 9239
f 9241 9207 9235
f 9205 9235 9207
f 9208 9207 9242
f 9241 9242 9207
f 9236 9235 9206
f 9205 9206 9235
f 9263 9239 9261
f 9237 9261 9239
f 9240 9239 9264
f 9263 9264 9239
f 9262 9261 9238
f 9237 9238 9261
f 8636 8635 8656
f 8655 8656 8635
f 8640 8642 8638
f 8654 8652 8658
f 8656 8658 8652
f 8652 8640 8656
f 8656 8640 8636
f 8638 8636 8640
f 8655 8635 8657
f 8637 8657 8635
f 8654 8658 8653
f 8641 8653 8657
f 8658 8657 8653
f 8642 8641 8638
f 8638 8641 8637
f 8657 8637 8641
f 8658 8656 8657
f 8655 8657 8656
f 8637 8635 8638
f 8636 8638 8635
f 8652 8651 8640
f 8639 8640 8651
f 8653 8641 8651
f 8639 8651 8641
f 8653 8651 8654
f 8652 8654 8651
f 8642 8640 8641
f 8639 8641 8640
f 8660 8659 8958
f 8957 8958 8659
f 8664 8666 8662
f 8920 8918 8960
f 8958 8960 8918
f 8918 8664 8958
f 8958 8664 8660
f 8662 8660 8664
f 8957 8659 8959
f 8661 8959 8659
f 8920 8960 8919
f 8665 8919 8959
f 8960 8959 8919
f 8666 8665 8662
f 8662 8665 8661
f 8959 8661 8665
f 8960 8958 8959
f 8957 8959 8958
f 8661 8659 8662
f 8660 8662 8659
f 8918 8917 8664
f 8663 8664 8917
f 8919 8665 8917
f 8663 8917 8665
f 8919 8917 8920
f 8918 8920 8917
f 8666 8664 8665
f 8663 8665 8664
f 8988 8987 9008
f 9007 9008 8987
f 8992 8994 8990
f 9006 9004 9010
f 9008 9010 9004
f 9004 8992 9008
f 9008 8992 8988
f 8990 8988 8992
f 9007 8987 9009
f 8989 9009 8987
f 9006 9010 9005
f 8993 9005 9009
f 9010 9009 9005
f 8994 8993 8990
f 8990 8993 8989
f 9009 8989 8993
f 9010 9008 9009
f 9007 9009 9008
f 8989 8987 8990
f 8988 8990 8987
f 9004 9003 8992
f 8991 8992 9003
f 9005 8993 9003
f 8991 9003 8993
f 9005 9003 9006
f 9004 9006 9003
f 8994 8992 8993
f 8991 8993 8992
f 8570 8568 8578
f 8576 8578 8568
f 8578 8576 8584
f 8583 8584 8576
f 8510 8502 8508
f 8500 8508 8502
f 8402 8400 8410
f 8408 8410 8400
f 8530 8522 8528
f 8520 8528 8522
f 8545 8543 8537
f 8535 8537 8543
f 8499 8491 8501
f 8493 8501 8491
f 8442 8418 8440
f 8416 8440 8418
f 8447 8439 8449
f 8441 8449 8439
f 8494 8482 8492
f 8480 8492 8482
f 8482 8494 8474
f 8494 8502 8474
f 8474 8502 8466
f 8502 8510 8466
f 8466 8510 8458
f 8510 8522 8458
f 8458 8522 8450
f 8522 8530 8450
f 8450 8530 8442
f 8530 8538 8442
f 8442 8538 8418
f 8538 8546 8418
f 8418 8546 8410
f 8546 8554 8410
f 8410 8554 8402
f 8554 8562 8402
f 8402 8562 8394
f 8562 8570 8394
f 8394 8570 8386
f 8570 8578 8386
f 8386 8578 8362
f 8578 8584 8362
f 8362 8584 8356
f 8584 8577 8356
f 8356 8577 8361
f 8577 8569 8361
f 8361 8569 8385
f 8569 8561 8385
f 8385 8561 8393
f 8561 8553 8393
f 8393 8553 8401
f 8553 8545 8401
f 8401 8545 8409
f 8545 8537 8409
f 8409 8537 8417
f 8537 8529 8417
f 8417 8529 8441
f 8529 8521 8441
f 8441 8521 8449
f 8521 8509 8449
f 8449 8509 8457
f 8509 8501 8457
f 8457 8501 8465
f 8501 8493 8465
f 8465 8493 8473
f 8481 8473 8493
f 8463 8455 8465
f 8457 8465 8455
f 8562 8560 8570
f 8568 8570 8560
f 8385 8383 8361
f 8359 8361 8383
f 8417 8415 8409
f 8407 8409 8415
f 8554 8552 8562
f 8560 8562 8552
f 8386 8384 8394
f 8392 8394 8384
f 8502 8494 8500
f 8492 8500 8494
f 8491 8479 8493
f 8481 8493 8479
f 8527 8519 8529
f 8521 8529 8519
f 8480 8472 8492
f 8472 8464 8492
f 8492 8464 8500
f 8464 8456 8500
f 8500 8456 8508
f 8456 8448 8508
f 8508 8448 8520
f 8448 8440 8520
f 8520 8440 8528
f 8440 8416 8528
f 8528 8416 8536
f 8416 8408 8536
f 8536 8408 8544
f 8408 8400 8544
f 8544 8400 8552
f 8400 8392 8552
f 8552 8392 8560
f 8392 8384 8560
f 8560 8384 8568
f 8384 8360 8568
f 8568 8360 8576
f 8360 8355 8576
f 8576 8355 8583
f 8355 8359 8583
f 8583 8359 8575
f 8359 8383 8575
f 8575 8383 8567
f 8383 8391 8567
f 8567 8391 8559
f 8391 8399 8559
f 8559 8399 8551
f 8399 8407 8551
f 8551 8407 8543
f 8407 8415 8543
f 8543 8415 8535
f 8415 8439 8535
f 8535 8439 8527
f 8439 8447 8527
f 8527 8447 8519
f 8447 8455 8519
f 8519 8455 8507
f 8455 8463 8507
f 8507 8463 8499
f 8463 8471 8499
f 8499 8471 8491
f 8479 8491 8471
f 8361 8359 8356
f 8355 8356 8359
f 8450 8442 8448
f 8440 8448 8442
f 8507 8499 8509
f 8501 8509 8499
f 8538 8536 8546
f 8544 8546 8536
f 8393 8391 8385
f 8383 8385 8391
f 8538 8530 8536
f 8528 8536 8530
f 8546 8544 8554
f 8552 8554 8544
f 8394 8392 8402
f 8400 8402 8392
f 8401 8399 8393
f 8391 8393 8399
f 8466 8458 8464
f 8456 8464 8458
f 8410 8408 8418
f 8416 8418 8408
f 8535 8527 8537
f 8529 8537 8527
f 8553 8551 8545
f 8543 8545 8551
f 8522 8510 8520
f 8508 8520 8510
f 8569 8567 8561
f 8559 8561 8567
f 8455 8447 8457
f 8449 8457 8447
f 8474 8466 8472
f 8464 8472 8466
f 8577 8575 8569
f 8567 8569 8575
f 8458 8450 8456
f 8448 8456 8450
f 8356 8355 8362
f 8360 8362 8355
f 8519 8507 8521
f 8509 8521 8507
f 8482 8474 8480
f 8472 8480 8474
f 8561 8559 8553
f 8551 8553 8559
f 8479 8471 8481
f 8473 8481 8471
f 8471 8463 8473
f 8465 8473 8463
f 8439 8415 8441
f 8417 8441 8415
f 8584 8583 8577
f 8575 8577 8583
f 8362 8360 8386
f 8384 8386 8360
f 8409 8407 8401
f 8399 8401 8407
f 9186 9184 9194
f 9192 9194 9184
f 9194 9192 9200
f 9199 9200 9192
f 9130 9122 9128
f 9120 9128 9122
f 9106 9114 9098
f 9114 9122 9098
f 9098 9122 9090
f 9122 9130 9090
f 9090 9130 9082
f 9130 9138 9082
f 9082 9138 9074
f 9138 9146 9074
f 9074 9146 9066
f 9146 9154 9066
f 9066 9154 9058
f 9154 9162 9058
f 9058 9162 9050
f 9162 9170 9050
f 9050 9170 9042
f 9170 9178 9042
f 9042 9178 9034
f 9178 9186 9034
f 9034 9186 9026
f 9186 9194 9026
f 9026 9194 9018
f 9194 9200 9018
f 9018 9200 9012
f 9200 9193 9012
f 9012 9193 9017
f 9193 9185 9017
f 9017 9185 9025
f 9185 9177 9025
f 9025 9177 9033
f 9177 9169 9033
f 9033 9169 9041
f 9169 9161 9041
f 9041 9161 9049
f 9161 9153 9049
f 9049 9153 9057
f 9153 9145 9057
f 9057 9145 9065
f 9145 9137 9065
f 9065 9137 9073
f 9137 9129 9073
f 9073 9129 9081
f 9129 9121 9081
f 9081 9121 9089
f 9121 9113 9089
f 9089 9113 9097
f 9105 9097 9113
f 9146 9138 9144
f 9136 9144 9138
f 9119 9111 9121
f 9113 9121 9111
f 9066 9058 9064
f 9056 9064 9058
f 9114 9106 9112
f 9104 9112 9106
f 9087 9079 9089
f 9081 9089 9079
f 9178 9176 9186
f 9184 9186 9176
f 9025 9023 9017
f 9015 9017 9023
f 9057 9055 9049
f 9047 9049 9055
f 9170 9168 9178
f 9176 9178 9168
f 9026 9024 9034
f 9032 9034 9024
f 9122 9114 9120
f 9112 9120 9114
f 9111 9103 9113
f 9105 9113 9103
f 9200 9199 9193
f 9191 9193 9199
f 9143 9135 9145
f 9137 9145 9135
f 9049 9047 9041
f 9039 9041 9047
f 9161 9159 9153
f 9151 9153 9159
f 9017 9015 9012
f 9011 9012 9015
f 9074 9066 9072
f 9064 9072 9066
f 9127 9119 9129
f 9121 9129 9119
f 9154 9152 9162
f 9160 9162 9152
f 9033 9031 9025
f 9023 9025 9031
f 9154 9146 9152
f 9144 9152 9146
f 9162 9160 9170
f 9168 9170 9160
f 9034 9032 9042
f 9040 9042 9032
f 9090 9082 9088
f 9080 9088 9082
f 9169 9167 9161
f 9159 9161 9167
f 9063 9055 9065
f 9057 9065 9055
f 9138 9130 9136
f 9128 9136 9130
f 9185 9183 9177
f 9175 9177 9183
f 9079 9071 9081
f 9073 9081 9071
f 9098 9090 9096
f 9088 9096 9090
f 9193 9191 9185
f 9183 9185 9191
f 9082 9074 9080
f 9072 9080 9074
f 9012 9011 9018
f 9016 9018 9011
f 9104 9096 9112
f 9096 9088 9112
f 9112 9088 9120
f 9088 9080 9120
f 9120 9080 9128
f 9080 9072 9128
f 9128 9072 9136
f 9072 9064 9136
f 9136 9064 9144
f 9064 9056 9144
f 9144 9056 9152
f 9056 9048 9152
f 9152 9048 9160
f 9048 9040 9160
f 9160 9040 9168
f 9040 9032 9168
f 9168 9032 9176
f 9032 9024 9176
f 9176 9024 9184
f 9024 9016 9184
f 9184 9016 9192
f 9016 9011 9192
f 9192 9011 9199
f 9011 9015 9199
f 9199 9015 9191
f 9015 9023 9191
f 9191 9023 9183
f 9023 9031 9183
f 9183 9031 9175
f 9031 9039 9175
f 9175 9039 9167
f 9039 9047 9167
f 9167 9047 9159
f 9047 9055 9159
f 9159 9055 9151
f 9055 9063 9151
f 9151 9063 9143
f 9063 9071 9143
f 9143 9071 9135
f 9071 9079 9135
f 9135 9079 9127
f 9079 9087 9127
f 9127 9087 9119
f 9087 9095 9119
f 9119 9095 9111
f 9103 9111 9095
f 9135 9127 9137
f 9129 9137 9127
f 9106 9098 9104
f 9096 9104 9098
f 9177 9175 9169
f 9167 9169 9175
f 9103 9095 9105
f 9097 9105 9095
f 9095 9087 9097
f 9089 9097 9087
f 9071 9063 9073
f 9065 9073 9063
f 9041 9039 9033
f 9031 9033 9039
f 9042 9040 9050
f 9048 9050 9040
f 9018 9016 9026
f 9024 9026 9016
f 9151 9143 9153
f 9145 9153 9143
f 9050 9048 9058
f 9056 9058 9048
f 8650 8649 8598
f 8597 8598 8649
f 8648 8650 8646
f 8646 8650 8618
f 8650 8598 8618
f 8598 8596 8618
f 8616 8618 8596
f 8644 8648 8646
f 8647 8595 8649
f 8597 8649 8595
f 8616 8596 8615
f 8643 8615 8595
f 8596 8595 8615
f 8644 8643 8648
f 8648 8643 8647
f 8595 8647 8643
f 8597 8595 8598
f 8596 8598 8595
f 8650 8648 8649
f 8647 8649 8648
f 8618 8617 8646
f 8645 8646 8617
f 8645 8617 8643
f 8615 8643 8617
f 8618 8616 8617
f 8615 8617 8616
f 8645 8643 8646
f 8644 8646 8643
f 8939 8937 8935
f 8933 8935 8937
f 8728 8716 8726
f 8714 8726 8716
f 8935 8933 8931
f 8929 8931 8933
f 8864 8856 8862
f 8854 8862 8856
f 8928 8926 8932
f 8930 8932 8926
f 8936 8934 8940
f 8938 8940 8934
f 8695 8691 8697
f 8693 8697 8691
f 8745 8733 8747
f 8735 8747 8733
f 8869 8861 8871
f 8863 8871 8861
f 8853 8753 8855
f 8755 8855 8753
f 8689 8687 8685
f 8683 8685 8687
f 8681 8679 8677
f 8675 8677 8679
f 8904 8902 8912
f 8910 8912 8902
f 8693 8691 8689
f 8687 8689 8691
f 8673 8671 8669
f 8667 8669 8671
f 8690 8688 8694
f 8692 8694 8688
f 8670 8668 8674
f 8672 8674 8668
f 8861 8853 8863
f 8855 8863 8853
f 8856 8756 8854
f 8754 8854 8756
f 8753 8745 8755
f 8747 8755 8745
f 8716 8698 8714
f 8696 8714 8698
f 8736 8728 8734
f 8726 8734 8728
f 8756 8748 8754
f 8746 8754 8748
f 8893 8881 8895
f 8887 8895 8881
f 8901 8893 8903
f 8895 8903 8893
f 8872 8864 8870
f 8862 8870 8864
f 8669 8667 8670
f 8668 8670 8667
f 8904 8896 8902
f 8894 8902 8896
f 8733 8725 8735
f 8727 8735 8725
f 8915 8913 8911
f 8909 8911 8913
f 8880 8872 8878
f 8870 8878 8872
f 8927 8925 8915
f 8913 8915 8925
f 8678 8676 8682
f 8680 8682 8676
f 8725 8713 8727
f 8715 8727 8713
f 8912 8910 8916
f 8914 8916 8910
f 8888 8880 8882
f 8878 8882 8880
f 8932 8930 8936
f 8934 8936 8930
f 8686 8684 8690
f 8688 8690 8684
f 8877 8869 8879
f 8871 8879 8869
f 8881 8877 8887
f 8879 8887 8877
f 8864 8940 8856
f 8756 8856 8855
f 8872 8940 8864
f 8855 8755 8756
f 8880 8940 8872
f 8755 8670 8756
f 8888 8940 8880
f 8748 8756 8670
f 8896 8940 8888
f 8736 8748 8670
f 8904 8940 8896
f 8728 8736 8670
f 8912 8940 8904
f 8716 8728 8670
f 8916 8940 8912
f 8698 8716 8670
f 8928 8940 8916
f 8694 8698 8670
f 8932 8936 8928
f 8690 8694 8670
f 8936 8940 8928
f 8686 8690 8670
f 8855 8856 8940
f 8682 8686 8670
f 8939 8855 8940
f 8674 8682 8670
f 8935 8855 8939
f 8674 8678 8682
f 8931 8855 8935
f 8669 8670 8755
f 8927 8855 8931
f 8673 8669 8755
f 8915 8855 8927
f 8677 8673 8755
f 8911 8855 8915
f 8681 8677 8755
f 8903 8855 8911
f 8685 8681 8755
f 8895 8855 8903
f 8689 8685 8755
f 8887 8855 8895
f 8693 8689 8755
f 8879 8855 8887
f 8697 8693 8755
f 8871 8863 8879
f 8715 8697 8755
f 8863 8855 8879
f 8727 8715 8755
f 8747 8727 8755
f 8747 8735 8727
f 8674 8672 8678
f 8676 8678 8672
f 8940 8938 8939
f 8937 8939 8938
f 8746 8700 8754
f 8854 8754 8700
f 8734 8700 8746
f 8700 8890 8854
f 8726 8700 8734
f 8862 8854 8890
f 8714 8700 8726
f 8870 8862 8890
f 8696 8700 8714
f 8878 8870 8890
f 8692 8700 8696
f 8882 8878 8890
f 8688 8700 8692
f 8894 8882 8890
f 8902 8894 8890
f 8688 8684 8700
f 8684 8680 8700
f 8680 8676 8700
f 8676 8672 8700
f 8672 8668 8700
f 8668 8667 8700
f 8671 8699 8667
f 8675 8699 8671
f 8679 8699 8675
f 8683 8699 8679
f 8700 8667 8699
f 8687 8691 8699
f 8683 8687 8699
f 8910 8902 8890
f 8910 8890 8914
f 8914 8890 8926
f 8926 8890 8930
f 8930 8890 8934
f 8934 8890 8938
f 8938 8890 8937
f 8890 8889 8937
f 8933 8937 8889
f 8929 8933 8889
f 8925 8929 8889
f 8913 8925 8889
f 8913 8889 8909
f 8889 8699 8753
f 8691 8695 8699
f 8753 8853 8889
f 8695 8713 8699
f 8853 8861 8889
f 8713 8725 8699
f 8909 8889 8901
f 8725 8733 8699
f 8901 8889 8893
f 8733 8745 8699
f 8893 8889 8881
f 8753 8699 8745
f 8881 8889 8877
f 8877 8889 8869
f 8869 8889 8861
f 8677 8675 8673
f 8671 8673 8675
f 8931 8929 8927
f 8925 8927 8929
f 8916 8914 8928
f 8926 8928 8914
f 8685 8683 8681
f 8679 8681 8683
f 8698 8694 8696
f 8692 8696 8694
f 8748 8736 8746
f 8734 8746 8736
f 8682 8680 8686
f 8684 8686 8680
f 8713 8695 8715
f 8697 8715 8695
f 8911 8909 8903
f 8901 8903 8909
f 8896 8888 8894
f 8882 8894 8888
f 8703 8702 8892
f 8891 8892 8702
f 8890 8700 8892
f 8703 8892 8700
f 8891 8702 8889
f 8699 8889 8702
f 8703 8700 8702
f 8699 8702 8700
f 8891 8889 8892
f 8890 8892 8889
f 9002 9001 8982
f 8981 8982 9001
f 9000 9002 8998
f 8998 9002 8986
f 9002 8982 8986
f 8982 8980 8986
f 8984 8986 8980
f 8996 9000 8998
f 8999 8979 9001
f 8981 9001 8979
f 8984 8980 8983
f 8995 8983 8979
f 8980 8979 8983
f 8996 8995 9000
f 9000 8995 8999
f 8979 8999 8995
f 8981 8979 8982
f 8980 8982 8979
f 9002 9000 9001
f 8999 9001 9000
f 8986 8985 8998
f 8997 8998 8985
f 8997 8985 8995
f 8983 8995 8985
f 8986 8984 8985
f 8983 8985 8984
f 8997 8995 8998
f 8996 8998 8995
f 8581 8579 8573
f 8571 8573 8579
f 8586 8585 8581
f 8579 8581 8585
f 8573 8571 8565
f 8563 8565 8571
f 8557 8555 8549
f 8547 8549 8555
f 8503 8495 8505
f 8497 8505 8495
f 8459 8451 8461
f 8453 8461 8451
f 8478 8470 8476
f 8468 8476 8470
f 8414 8412 8422
f 8420 8422 8412
f 8558 8556 8566
f 8564 8566 8556
f 8514 8506 8512
f 8504 8512 8506
f 8498 8486 8496
f 8484 8496 8486
f 8565 8563 8557
f 8555 8557 8563
f 8470 8462 8468
f 8460 8468 8462
f 8421 8419 8413
f 8411 8413 8419
f 8390 8388 8398
f 8396 8398 8388
f 8443 8419 8445
f 8421 8445 8419
f 8358 8357 8366
f 8364 8366 8357
f 8467 8459 8469
f 8461 8469 8459
f 8574 8572 8582
f 8580 8582 8572
f 8405 8403 8397
f 8395 8397 8403
f 8446 8422 8444
f 8420 8444 8422
f 8566 8564 8574
f 8572 8574 8564
f 8406 8404 8414
f 8412 8414 8404
f 8531 8523 8533
f 8525 8533 8523
f 8542 8534 8540
f 8532 8540 8534
f 8523 8511 8525
f 8513 8525 8511
f 8397 8395 8389
f 8387 8389 8395
f 8511 8503 8513
f 8505 8513 8503
f 8539 8531 8541
f 8533 8541 8531
f 8506 8498 8504
f 8496 8504 8498
f 8389 8387 8365
f 8363 8365 8387
f 8398 8396 8406
f 8404 8406 8396
f 8365 8363 8358
f 8357 8358 8363
f 8550 8548 8558
f 8556 8558 8548
f 8366 8364 8390
f 8388 8390 8364
f 8549 8547 8541
f 8539 8541 8547
f 8495 8483 8497
f 8485 8497 8483
f 8483 8475 8485
f 8477 8485 8475
f 8582 8580 8586
f 8585 8586 8580
f 8542 8540 8550
f 8548 8550 8540
f 8451 8443 8453
f 8445 8453 8443
f 8534 8526 8532
f 8524 8532 8526
f 8413 8411 8405
f 8403 8405 8411
f 8475 8467 8477
f 8469 8477 8467
f 8526 8514 8524
f 8512 8524 8514
f 8486 8478 8484
f 8476 8484 8478
f 8486 8498 8478
f 8498 8506 8478
f 8478 8506 8470
f 8506 8514 8470
f 8470 8514 8462
f 8514 8526 8462
f 8462 8526 8454
f 8526 8534 8454
f 8454 8534 8446
f 8534 8542 8446
f 8446 8542 8422
f 8542 8550 8422
f 8422 8550 8414
f 8550 8558 8414
f 8414 8558 8406
f 8558 8566 8406
f 8406 8566 8398
f 8566 8574 8398
f 8398 8574 8390
f 8574 8582 8390
f 8390 8582 8366
f 8582 8586 8366
f 8366 8586 8358
f 8586 8581 8358
f 8358 8581 8365
f 8581 8573 8365
f 8365 8573 8389
f 8573 8565 8389
f 8389 8565 8397
f 8565 8557 8397
f 8397 8557 8405
f 8557 8549 8405
f 8405 8549 8413
f 8549 8541 8413
f 8413 8541 8421
f 8541 8533 8421
f 8421 8533 8445
f 8533 8525 8445
f 8445 8525 8453
f 8525 8513 8453
f 8453 8513 8461
f 8513 8505 8461
f 8461 8505 8469
f 8505 8497 8469
f 8469 8497 8477
f 8485 8477 8497
f 8462 8454 8460
f 8452 8460 8454
f 8484 8476 8496
f 8476 8468 8496
f 8496 8468 8504
f 8468 8460 8504
f 8504 8460 8512
f 8460 8452 8512
f 8512 8452 8524
f 8452 8444 8524
f 8524 8444 8532
f 8444 8420 8532
f 8532 8420 8540
f 8420 8412 8540
f 8540 8412 8548
f 8412 8404 8548
f 8548 8404 8556
f 8404 8396 8556
f 8556 8396 8564
f 8396 8388 8564
f 8564 8388 8572
f 8388 8364 8572
f 8572 8364 8580
f 8364 8357 8580
f 8580 8357 8585
f 8357 8363 8585
f 8585 8363 8579
f 8363 8387 8579
f 8579 8387 8571
f 8387 8395 8571
f 8571 8395 8563
f 8395 8403 8563
f 8563 8403 8555
f 8403 8411 8555
f 8555 8411 8547
f 8411 8419 8547
f 8547 8419 8539
f 8419 8443 8539
f 8539 8443 8531
f 8443 8451 8531
f 8531 8451 8523
f 8451 8459 8523
f 8523 8459 8511
f 8459 8467 8511
f 8511 8467 8503
f 8467 8475 8503
f 8503 8475 8495
f 8483 8495 8475
f 8454 8446 8452
f 8444 8452 8446
f 9197 9195 9189
f 9187 9189 9195
f 9202 9201 9197
f 9195 9197 9201
f 9189 9187 9181
f 9179 9181 9187
f 9173 9171 9165
f 9163 9165 9171
f 9123 9115 9125
f 9117 9125 9115
f 9083 9075 9085
f 9077 9085 9075
f 9102 9094 9100
f 9092 9100 9094
f 9174 9172 9182
f 9180 9182 9172
f 9134 9126 9132
f 9124 9132 9126
f 9118 9110 9116
f 9108 9116 9110
f 9181 9179 9173
f 9171 9173 9179
f 9094 9086 9092
f 9084 9092 9086
f 9061 9059 9053
f 9051 9053 9059
f 9030 9028 9038
f 9036 9038 9028
f 9067 9059 9069
f 9061 9069 9059
f 9014 9013 9022
f 9020 9022 9013
f 9091 9083 9093
f 9085 9093 9083
f 9190 9188 9198
f 9196 9198 9188
f 9045 9043 9037
f 9035 9037 9043
f 9070 9062 9068
f 9060 9068 9062
f 9182 9180 9190
f 9188 9190 9180
f 9046 9044 9054
f 9052 9054 9044
f 9147 9139 9149
f 9141 9149 9139
f 9158 9150 9156
f 9148 9156 9150
f 9139 9131 9141
f 9133 9141 9131
f 9037 9035 9029
f 9027 9029 9035
f 9131 9123 9133
f 9125 9133 9123
f 9155 9147 9157
f 9149 9157 9147
f 9126 9118 9124
f 9116 9124 9118
f 9029 9027 9021
f 9019 9021 9027
f 9038 9036 9046
f 9044 9046 9036
f 9021 9019 9014
f 9013 9014 9019
f 9166 9164 9174
f 9172 9174 9164
f 9022 9020 9030
f 9028 9030 9020
f 9165 9163 9157
f 9155 9157 9163
f 9115 9107 9117
f 9109 9117 9107
f 9107 9099 9109
f 9101 9109 9099
f 9198 9196 9202
f 9201 9202 9196
f 9158 9156 9166
f 9164 9166 9156
f 9075 9067 9077
f 9069 9077 9067
f 9150 9142 9148
f 9140 9148 9142
f 9053 9051 9045
f 9043 9045 9051
f 9099 9091 9101
f 9093 9101 9091
f 9142 9134 9140
f 9132 9140 9134
f 9110 9102 9108
f 9100 9108 9102
f 9054 9052 9062
f 9060 9062 9052
f 9110 9118 9102
f 9118 9126 9102
f 9102 9126 9094
f 9126 9134 9094
f 9094 9134 9086
f 9134 9142 9086
f 9086 9142 9078
f 9142 9150 9078
f 9078 9150 9070
f 9150 9158 9070
f 9070 9158 9062
f 9158 9166 9062
f 9062 9166 9054
f 9166 9174 9054
f 9054 9174 9046
f 9174 9182 9046
f 9046 9182 9038
f 9182 9190 9038
f 9038 9190 9030
f 9190 9198 9030
f 9030 9198 9022
f 9198 9202 9022
f 9022 9202 9014
f 9202 9197 9014
f 9014 9197 9021
f 9197 9189 9021
f 9021 9189 9029
f 9189 9181 9029
f 9029 9181 9037
f 9181 9173 9037
f 9037 9173 9045
f 9173 9165 9045
f 9045 9165 9053
f 9165 9157 9053
f 9053 9157 9061
f 9157 9149 9061
f 9061 9149 9069
f 9149 9141 9069
f 9069 9141 9077
f 9141 9133 9077
f 9077 9133 9085
f 9133 9125 9085
f 9085 9125 9093
f 9125 9117 9093
f 9093 9117 9101
f 9109 9101 9117
f 9086 9078 9084
f 9076 9084 9078
f 9108 9100 9116
f 9100 9092 9116
f 9116 9092 9124
f 9092 9084 9124
f 9124 9084 9132
f 9084 9076 9132
f 9132 9076 9140
f 9076 9068 9140
f 9140 9068 9148
f 9068 9060 9148
f 9148 9060 9156
f 9060 9052 9156
f 9156 9052 9164
f 9052 9044 9164
f 9164 9044 9172
f 9044 9036 9172
f 9172 9036 9180
f 9036 9028 9180
f 9180 9028 9188
f 9028 9020 9188
f 9188 9020 9196
f 9020 9013 9196
f 9196 9013 9201
f 9013 9019 9201
f 9201 9019 9195
f 9019 9027 9195
f 9195 9027 9187
f 9027 9035 9187
f 9187 9035 9179
f 9035 9043 9179
f 9179 9043 9171
f 9043 9051 9171
f 9171 9051 9163
f 9051 9059 9163
f 9163 9059 9155
f 9059 9067 9155
f 9155 9067 9147
f 9067 9075 9147
f 9147 9075 9139
f 9075 9083 9139
f 9139 9083 9131
f 9083 9091 9131
f 9131 9091 9123
f 9091 9099 9123
f 9123 9099 9115
f 9107 9115 9099
f 9078 9070 9076
f 9068 9076 9070
f 8815 8813 8811
f 8809 8811 8813
f 8818 8817 8815
f 8813 8815 8817
f 8799 8797 8795
f 8793 8795 8797
f 8776 8772 8774
f 8770 8774 8772
f 8793 8789 8795
f 8791 8795 8789
f 8777 8773 8779
f 8775 8779 8773
f 8803 8801 8799
f 8797 8799 8801
f 8816 8814 8818
f 8817 8818 8814
f 8739 8737 8731
f 8729 8731 8737
f 8800 8798 8804
f 8802 8804 8798
f 8811 8809 8807
f 8805 8807 8809
f 8731 8729 8723
f 8721 8723 8729
f 8719 8717 8711
f 8709 8711 8717
f 8780 8776 8778
f 8774 8778 8776
f 8781 8777 8783
f 8779 8783 8777
f 8749 8741 8751
f 8743 8751 8741
f 8712 8710 8720
f 8718 8720 8710
f 8788 8784 8786
f 8782 8786 8784
f 8785 8781 8787
f 8783 8787 8781
f 8772 8768 8770
f 8766 8770 8768
f 8808 8806 8812
f 8810 8812 8806
f 8761 8757 8763
f 8759 8763 8757
f 8789 8785 8791
f 8787 8791 8785
f 8764 8760 8762
f 8758 8762 8760
f 8720 8718 8724
f 8722 8724 8718
f 8784 8780 8782
f 8778 8782 8780
f 8765 8761 8767
f 8763 8767 8761
f 8807 8805 8803
f 8801 8803 8805
f 8812 8810 8816
f 8814 8816 8810
f 8708 8706 8712
f 8710 8712 8706
f 8769 8765 8771
f 8767 8771 8765
f 8752 8744 8750
f 8742 8750 8744
f 8741 8737 8743
f 8739 8743 8737
f 8792 8788 8790
f 8786 8790 8788
f 8704 8701 8708
f 8706 8708 8701
f 8772 8776 8780
f 8772 8780 8768
f 8768 8780 8764
f 8780 8784 8764
f 8764 8784 8760
f 8784 8788 8760
f 8760 8788 8752
f 8788 8792 8752
f 8752 8792 8744
f 8792 8796 8744
f 8744 8796 8740
f 8796 8800 8740
f 8740 8800 8732
f 8800 8804 8732
f 8732 8804 8724
f 8804 8808 8724
f 8724 8808 8720
f 8808 8812 8720
f 8720 8812 8712
f 8812 8816 8712
f 8712 8816 8708
f 8816 8818 8708
f 8708 8818 8704
f 8818 8815 8704
f 8704 8815 8707
f 8815 8811 8707
f 8707 8811 8711
f 8811 8807 8711
f 8711 8807 8719
f 8807 8803 8719
f 8719 8803 8723
f 8803 8799 8723
f 8723 8799 8731
f 8799 8795 8731
f 8731 8795 8739
f 8795 8791 8739
f 8739 8791 8743
f 8791 8787 8743
f 8743 8787 8751
f 8787 8783 8751
f 8751 8783 8759
f 8783 8779 8759
f 8759 8779 8763
f 8779 8775 8763
f 8763 8775 8771
f 8771 8767 8763
f 8744 8740 8742
f 8738 8742 8740
f 8757 8749 8759
f 8751 8759 8749
f 8711 8709 8707
f 8705 8707 8709
f 8707 8705 8704
f 8701 8704 8705
f 8724 8722 8732
f 8730 8732 8722
f 8732 8730 8740
f 8738 8740 8730
f 8773 8769 8775
f 8771 8775 8769
f 8768 8764 8766
f 8762 8766 8764
f 8804 8802 8808
f 8806 8808 8802
f 8723 8721 8719
f 8717 8719 8721
f 8796 8792 8794
f 8790 8794 8792
f 8796 8794 8800
f 8798 8800 8794
f 8770 8766 8762
f 8770 8762 8774
f 8774 8762 8778
f 8762 8758 8778
f 8778 8758 8782
f 8758 8750 8782
f 8782 8750 8786
f 8750 8742 8786
f 8786 8742 8790
f 8742 8738 8790
f 8790 8738 8794
f 8738 8730 8794
f 8794 8730 8798
f 8730 8722 8798
f 8798 8722 8802
f 8722 8718 8802
f 8802 8718 8806
f 8718 8710 8806
f 8806 8710 8810
f 8710 8706 8810
f 8810 8706 8814
f 8706 8701 8814
f 8814 8701 8817
f 8701 8705 8817
f 8817 8705 8813
f 8705 8709 8813
f 8813 8709 8809
f 8709 8717 8809
f 8809 8717 8805
f 8717 8721 8805
f 8805 8721 8801
f 8721 8729 8801
f 8801 8729 8797
f 8729 8737 8797
f 8797 8737 8793
f 8737 8741 8793
f 8793 8741 8789
f 8741 8749 8789
f 8789 8749 8785
f 8749 8757 8785
f 8785 8757 8781
f 8757 8761 8781
f 8781 8761 8777
f 8761 8765 8777
f 8777 8765 8769
f 8769 8773 8777
f 8760 8752 8758
f 8750 8758 8752
f 8975 8973 8971
f 8969 8971 8973
f 8978 8977 8975
f 8973 8975 8977
f 8955 8953 8951
f 8949 8951 8953
f 8900 8886 8898
f 8884 8898 8886
f 8949 8945 8951
f 8947 8951 8945
f 8905 8897 8907
f 8899 8907 8897
f 8963 8961 8955
f 8953 8955 8961
f 8976 8974 8978
f 8977 8978 8974
f 8843 8841 8839
f 8837 8839 8841
f 8956 8954 8964
f 8962 8964 8954
f 8971 8969 8967
f 8965 8967 8969
f 8839 8837 8835
f 8833 8835 8837
f 8831 8829 8827
f 8825 8827 8829
f 8908 8900 8906
f 8898 8906 8900
f 8921 8905 8923
f 8907 8923 8905
f 8849 8845 8851
f 8847 8851 8845
f 8828 8826 8832
f 8830 8832 8826
f 8944 8924 8942
f 8922 8942 8924
f 8941 8921 8943
f 8923 8943 8921
f 8886 8876 8884
f 8874 8884 8876
f 8968 8966 8972
f 8970 8972 8966
f 8865 8857 8867
f 8859 8867 8857
f 8945 8941 8947
f 8943 8947 8941
f 8868 8860 8866
f 8858 8866 8860
f 8832 8830 8836
f 8834 8836 8830
f 8924 8908 8922
f 8906 8922 8908
f 8873 8865 8875
f 8867 8875 8865
f 8967 8965 8963
f 8961 8963 8965
f 8972 8970 8976
f 8974 8976 8970
f 8824 8822 8828
f 8826 8828 8822
f 8883 8873 8885
f 8875 8885 8873
f 8852 8848 8850
f 8846 8850 8848
f 8845 8841 8847
f 8843 8847 8841
f 8948 8944 8946
f 8942 8946 8944
f 8820 8819 8824
f 8822 8824 8819
f 8886 8900 8908
f 8886 8908 8876
f 8876 8908 8868
f 8908 8924 8868
f 8868 8924 8860
f 8924 8944 8860
f 8860 8944 8852
f 8944 8948 8852
f 8852 8948 8848
f 8948 8952 8848
f 8848 8952 8844
f 8952 8956 8844
f 8844 8956 8840
f 8956 8964 8840
f 8840 8964 8836
f 8964 8968 8836
f 8836 8968 8832
f 8968 8972 8832
f 8832 8972 8828
f 8972 8976 8828
f 8828 8976 8824
f 8976 8978 8824
f 8824 8978 8820
f 8978 8975 8820
f 8820 8975 8823
f 8975 8971 8823
f 8823 8971 8827
f 8971 8967 8827
f 8827 8967 8831
f 8967 8963 8831
f 8831 8963 8835
f 8963 8955 8835
f 8835 8955 8839
f 8955 8951 8839
f 8839 8951 8843
f 8951 8947 8843
f 8843 8947 8847
f 8947 8943 8847
f 8847 8943 8851
f 8943 8923 8851
f 8851 8923 8859
f 8923 8907 8859
f 8859 8907 8867
f 8907 8899 8867
f 8867 8899 8885
f 8885 8875 8867
f 8848 8844 8846
f 8842 8846 8844
f 8857 8849 8859
f 8851 8859 8849
f 8827 8825 8823
f 8821 8823 8825
f 8823 8821 8820
f 8819 8820 8821
f 8836 8834 8840
f 8838 8840 8834
f 8840 8838 8844
f 8842 8844 8838
f 8897 8883 8899
f 8885 8899 8883
f 8876 8868 8874
f 8866 8874 8868
f 8964 8962 8968
f 8966 8968 8962
f 8835 8833 8831
f 8829 8831 8833
f 8952 8948 8950
f 8946 8950 8948
f 8952 8950 8956
f 8954 8956 8950
f 8884 8874 8866
f 8884 8866 8898
f 8898 8866 8906
f 8866 8858 8906
f 8906 8858 8922
f 8858 8850 8922
f 8922 8850 8942
f 8850 8846 8942
f 8942 8846 8946
f 8846 8842 8946
f 8946 8842 8950
f 8842 8838 8950
f 8950 8838 8954
f 8838 8834 8954
f 8954 8834 8962
f 8834 8830 8962
f 8962 8830 8966
f 8830 8826 8966
f 8966 8826 8970
f 8826 8822 8970
f 8970 8822 8974
f 8822 8819 8974
f 8974 8819 8977
f 8819 8821 8977
f 8977 8821 8973
f 8821 8825 8973
f 8973 8825 8969
f 8825 8829 8969
f 8969 8829 8965
f 8829 8833 8965
f 8965 8833 8961
f 8833 8837 8961
f 8961 8837 8953
f 8837 8841 8953
f 8953 8841 8949
f 8841 8845 8949
f 8949 8845 8945
f 8845 8849 8945
f 8945 8849 8941
f 8849 8857 8941
f 8941 8857 8921
f 8857 8865 8921
f 8921 8865 8905
f 8865 8873 8905
f 8905 8873 8883
f 8883 8897 8905
f 8860 8852 8858
f 8850 8858 8852
f 8143 8141 8144
f 8142 8144 8141
f 8296 8298 8197
f 8195 8197 8144
f 8298 8144 8197
f 8294 8195 8292
f 8292 8195 8142
f 8144 8142 8195
f 8291 8141 8297
f 8143 8297 8141
f 8293 8294 8292
f 8296 8295 8298
f 8297 8298 8295
f 8295 8293 8297
f 8297 8293 8291
f 8292 8291 8293
f 8142 8141 8292
f 8291 8292 8141
f 8298 8297 8144
f 8143 8144 8297
f 8197 8195 8196
f 8194 8196 8195
f 8295 8196 8293
f 8194 8293 8196
f 8294 8293 8195
f 8194 8195 8293
f 8197 8196 8296
f 8295 8296 8196
f 8139 8137 8140
f 8138 8140 8137
f 8288 8290 8193
f 8191 8193 8140
f 8290 8140 8193
f 8286 8191 8284
f 8284 8191 8138
f 8140 8138 8191
f 8283 8137 8289
f 8139 8289 8137
f 8285 8286 8284
f 8288 8287 8290
f 8289 8290 8287
f 8287 8285 8289
f 8289 8285 8283
f 8284 8283 8285
f 8189 8138 8188
f 8138 8137 8188
f 8284 8138 8238
f 8238 8237 8284
f 8284 8237 8283
f 8137 8283 8237
f 8290 8289 8140
f 8139 8140 8289
f 8193 8191 8192
f 8190 8192 8191
f 8287 8192 8285
f 8190 8285 8192
f 8286 8285 8191
f 8190 8191 8285
f 8193 8192 8288
f 8287 8288 8192
f 8135 8133 8136
f 8134 8136 8133
f 8280 8282 8152
f 8150 8152 8136
f 8282 8136 8152
f 8278 8150 8276
f 8276 8150 8134
f 8136 8134 8150
f 8275 8133 8281
f 8135 8281 8133
f 8277 8278 8276
f 8280 8279 8282
f 8281 8282 8279
f 8279 8277 8281
f 8281 8277 8275
f 8276 8275 8277
f 8134 8133 8276
f 8275 8276 8133
f 8282 8281 8136
f 8135 8136 8281
f 8152 8150 8151
f 8149 8151 8150
f 8279 8151 8277
f 8149 8277 8151
f 8278 8277 8150
f 8149 8150 8277
f 8152 8151 8280
f 8279 8280 8151
f 8131 8129 8132
f 8130 8132 8129
f 8272 8274 8148
f 8146 8148 8132
f 8274 8132 8148
f 8270 8146 8268
f 8268 8146 8130
f 8132 8130 8146
f 8267 8129 8273
f 8131 8273 8129
f 8269 8270 8268
f 8272 8271 8274
f 8273 8274 8271
f 8271 8269 8273
f 8273 8269 8267
f 8268 8267 8269
f 8130 8129 8268
f 8267 8268 8129
f 8274 8273 8132
f 8131 8132 8273
f 8148 8146 8147
f 8145 8147 8146
f 8271 8147 8269
f 8145 8269 8147
f 8270 8269 8146
f 8145 8146 8269
f 8148 8147 8272
f 8271 8272 8147
f 8229 8180 8231
f 8182 8231 8180
f 8233 8184 8235
f 8186 8235 8184
f 8225 8176 8227
f 8178 8227 8176
f 8218 8169 8216
f 8167 8216 8169
f 8219 8170 8221
f 8172 8221 8170
f 8153 8154 8202
f 8203 8202 8154
f 8231 8182 8233
f 8184 8233 8182
f 8161 8159 8210
f 8208 8210 8159
f 8160 8162 8209
f 8211 8209 8162
f 8215 8166 8217
f 8168 8217 8166
f 8165 8163 8214
f 8212 8214 8163
f 8187 8236 8189
f 8159 8157 8208
f 8206 8208 8157
f 8157 8155 8206
f 8204 8206 8155
f 8222 8173 8220
f 8171 8220 8173
f 8163 8161 8212
f 8210 8212 8161
f 8154 8156 8203
f 8205 8203 8156
f 8221 8172 8223
f 8174 8223 8172
f 8223 8174 8225
f 8176 8225 8174
f 8158 8160 8207
f 8209 8207 8160
f 8235 8186 8237
f 8232 8183 8230
f 8181 8230 8183
f 8230 8181 8228
f 8179 8228 8181
f 8227 8178 8229
f 8180 8229 8178
f 8236 8234 8237
f 8237 8238 8236
f 8234 8233 8235
f 8235 8237 8234
f 8234 8232 8233
f 8233 8232 8231
f 8232 8230 8231
f 8231 8230 8229
f 8230 8228 8229
f 8229 8228 8227
f 8228 8226 8227
f 8227 8226 8225
f 8226 8224 8225
f 8225 8224 8223
f 8224 8222 8223
f 8223 8222 8221
f 8222 8220 8221
f 8221 8220 8219
f 8220 8218 8219
f 8219 8218 8217
f 8218 8216 8217
f 8217 8216 8215
f 8216 8214 8215
f 8215 8214 8213
f 8214 8212 8213
f 8213 8212 8211
f 8212 8210 8211
f 8211 8210 8209
f 8210 8208 8209
f 8209 8208 8207
f 8208 8206 8207
f 8207 8206 8205
f 8206 8204 8205
f 8205 8204 8202
f 8202 8203 8205
f 8220 8171 8218
f 8169 8218 8171
f 8234 8185 8232
f 8183 8232 8185
f 8236 8187 8234
f 8185 8234 8187
f 8224 8175 8222
f 8173 8222 8175
f 8217 8168 8219
f 8170 8219 8168
f 8226 8177 8224
f 8175 8224 8177
f 8228 8179 8226
f 8177 8226 8179
f 8155 8153 8204
f 8202 8204 8153
f 8156 8158 8205
f 8207 8205 8158
f 8216 8167 8214
f 8165 8214 8167
f 8186 8184 8189
f 8189 8188 8186
f 8184 8185 8187
f 8187 8189 8184
f 8184 8182 8185
f 8185 8182 8183
f 8182 8180 8183
f 8183 8180 8181
f 8180 8178 8181
f 8181 8178 8179
f 8178 8176 8179
f 8179 8176 8177
f 8176 8174 8177
f 8177 8174 8175
f 8174 8172 8175
f 8175 8172 8173
f 8172 8170 8173
f 8173 8170 8171
f 8170 8168 8171
f 8171 8168 8169
f 8168 8166 8169
f 8169 8166 8167
f 8166 8164 8167
f 8167 8164 8165
f 8164 8162 8165
f 8165 8162 8163
f 8162 8160 8163
f 8163 8160 8161
f 8160 8158 8161
f 8161 8158 8159
f 8158 8156 8159
f 8159 8156 8157
f 8156 8154 8157
f 8157 8154 8153
f 8153 8155 8157
f 8213 8164 8215
f 8166 8215 8164
f 8162 8164 8211
f 8213 8211 8164
f 8266 8264 8265
f 8263 8265 8264
f 8266 8201 8264
f 8199 8264 8201
f 8263 8198 8265
f 8200 8265 8198
f 8200 8198 8201
f 8199 8201 8198
f 8266 8265 8201
f 8200 8201 8265
f 8199 8198 8264
f 8263 8264 8198
