mtllib beam.mtl
usemtl beam
g beam
v -153.00000 -45.00000 -60.00000
v -153.00000 -47.00000 -58.00000
v -155.00000 -45.00000 -58.00000
v -155.00000 -43.00000 -56.00000
v -132.00000 -12.12440 -60.00000
v -128.62300 -13.52300 -60.00000
v -126.82700 -13.88020 -60.00000
v -130.35800 -12.93430 -60.00000
v -125.00000 -14.00000 -60.00000
v -123.17300 -13.88020 -60.00000
v -121.37700 -13.52300 -60.00000
v -119.64200 -12.93430 -60.00000
v -118.00000 -12.12440 -60.00000
v -132.00000 -12.12440 -56.00000
v -128.62300 -13.52300 -56.00000
v -126.82700 -13.88020 -56.00000
v -130.35800 -12.93430 -56.00000
v -125.00000 -14.00000 -56.00000
v -123.17300 -13.88020 -56.00000
v -121.37700 -13.52300 -56.00000
v -119.64200 -12.93430 -56.00000
v -118.00000 -12.12440 -56.00000
v -136.10699 -8.52266 -60.00000
v -137.12399 -7.00000 -60.00000
v -136.10699 -8.52266 -56.00000
v -137.12399 -7.00000 -56.00000
v -137.93401 -5.35757 -60.00000
v -138.52299 -3.62347 -60.00000
v -138.88000 -1.82737 -60.00000
v -137.93401 -5.35757 -56.00000
v -138.52299 -3.62347 -56.00000
v -138.88000 -1.82737 -56.00000
v -133.52299 -11.10690 -60.00000
v -134.89900 -9.89949 -60.00000
v -116.47700 -11.10690 -60.00000
v -133.52299 -11.10690 -56.00000
v -134.89900 -9.89949 -56.00000
v -116.47700 -11.10690 -56.00000
v -115.10100 -9.89949 -60.00000
v -113.89300 -8.52266 -60.00000
v -112.87600 -7.00000 -60.00000
v -115.10100 -9.89949 -56.00000
v -113.89300 -8.52266 -56.00000
v -112.87600 -7.00000 -56.00000
v -112.06600 -5.35757 -60.00000
v -111.47700 -3.62347 -60.00000
v -111.12000 -1.82737 -60.00000
v -112.06600 -5.35757 -56.00000
v -111.47700 -3.62347 -56.00000
v -111.12000 -1.82737 -56.00000
v -155.00000 -43.00000 -4.00000
v -153.00000 -47.00000 -2.00000
v -155.00000 -45.00000 -2.00000
v -153.00000 -45.00000 0.00000
v -133.55000 -37.18470 -4.00000
v -133.88699 -36.95940 -4.00000
v -132.80200 -37.49440 -4.00000
v -132.40500 -37.57350 -4.00000
v -132.00000 -37.60000 -4.00000
v -131.59500 -37.57350 -4.00000
v -131.19800 -37.49440 -4.00000
v -133.18600 -37.36400 -4.00000
v -130.81400 -37.36400 -4.00000
v -134.45900 -36.38720 -4.00000
v -134.68500 -36.05000 -4.00000
v -134.19200 -36.69200 -4.00000
v -134.86400 -35.68630 -4.00000
v -134.99400 -35.30230 -4.00000
v -130.45000 -37.18470 -4.00000
v -130.11301 -36.95940 -4.00000
v -129.80800 -36.69200 -4.00000
v -129.54100 -36.38720 -4.00000
v -129.31500 -36.05000 -4.00000
v -129.13600 -35.68630 -4.00000
v -129.00600 -35.30230 -4.00000
v -133.55000 -37.18470 0.00000
v -133.88699 -36.95940 0.00000
v -132.80200 -37.49440 0.00000
v -132.40500 -37.57350 0.00000
v -132.00000 -37.60000 0.00000
v -131.59500 -37.57350 0.00000
v -131.19800 -37.49440 0.00000
v -133.18600 -37.36400 0.00000
v -130.81400 -37.36400 0.00000
v -134.45900 -36.38720 0.00000
v -134.68500 -36.05000 0.00000
v -134.19200 -36.69200 0.00000
v -134.86400 -35.68630 0.00000
v -134.99400 -35.30230 0.00000
v -130.45000 -37.18470 0.00000
v -130.11301 -36.95940 0.00000
v -129.80800 -36.69200 0.00000
v -129.54100 -36.38720 0.00000
v -129.31500 -36.05000 0.00000
v -129.13600 -35.68630 0.00000
v -129.00600 -35.30230 0.00000
v -135.07300 -34.90460 -4.00000
v -135.10001 -34.50000 -4.00000
v -135.07300 -34.09540 -4.00000
v -134.99400 -33.69770 -4.00000
v -134.86400 -33.31370 -4.00000
v -134.68500 -32.95000 -4.00000
v -134.45900 -32.61280 -4.00000
v -128.92700 -34.90460 -4.00000
v -128.89999 -34.50000 -4.00000
v -128.92700 -34.09540 -4.00000
v -129.00600 -33.69770 -4.00000
v -129.13600 -33.31370 -4.00000
v -129.31500 -32.95000 -4.00000
v -129.54100 -32.61280 -4.00000
v -134.19200 -32.30800 -4.00000
v -133.88699 -32.04060 -4.00000
v -133.55000 -31.81530 -4.00000
v -133.18600 -31.63600 -4.00000
v -130.81400 -31.63600 -4.00000
v -132.80200 -31.50560 -4.00000
v -132.40500 -31.42650 -4.00000
v -132.00000 -31.40000 -4.00000
v -131.59500 -31.42650 -4.00000
v -131.19800 -31.50560 -4.00000
v -129.80800 -32.30800 -4.00000
v -130.11301 -32.04060 -4.00000
v -130.45000 -31.81530 -4.00000
v -135.07300 -34.90460 0.00000
v -135.10001 -34.50000 0.00000
v -135.07300 -34.09540 0.00000
v -134.99400 -33.69770 0.00000
v -134.86400 -33.31370 0.00000
v -134.68500 -32.95000 0.00000
v -134.45900 -32.61280 0.00000
v -128.92700 -34.90460 0.00000
v -128.89999 -34.50000 0.00000
v -128.92700 -34.09540 0.00000
v -129.00600 -33.69770 0.00000
v -129.13600 -33.31370 0.00000
v -129.31500 -32.95000 0.00000
v -129.54100 -32.61280 0.00000
v -134.19200 -32.30800 0.00000
v -133.88699 -32.04060 0.00000
v -133.55000 -31.81530 0.00000
v -133.18600 -31.63600 0.00000
v -130.81400 -31.63600 0.00000
v -132.80200 -31.50560 0.00000
v -132.40500 -31.42650 0.00000
v -132.00000 -31.40000 0.00000
v -131.59500 -31.42650 0.00000
v -131.19800 -31.50560 0.00000
v -129.80800 -32.30800 0.00000
v -130.11301 -32.04060 0.00000
v -130.45000 -31.81530 0.00000
v -104.18600 -37.36400 -4.00000
v -104.55000 -37.18470 -4.00000
v -104.88700 -36.95940 -4.00000
v -103.80200 -37.49440 -4.00000
v -103.40500 -37.57350 -4.00000
v -103.00000 -37.60000 -4.00000
v -102.59500 -37.57350 -4.00000
v -102.19800 -37.49440 -4.00000
v -101.81400 -37.36400 -4.00000
v -105.45900 -36.38720 -4.00000
v -105.68500 -36.05000 -4.00000
v -105.19200 -36.69200 -4.00000
v -105.86400 -35.68630 -4.00000
v -105.99400 -35.30230 -4.00000
v -101.45000 -37.18470 -4.00000
v -101.11300 -36.95940 -4.00000
v -100.80800 -36.69200 -4.00000
v -100.54100 -36.38720 -4.00000
v -100.31500 -36.05000 -4.00000
v -100.13600 -35.68630 -4.00000
v -100.00600 -35.30230 -4.00000
v -104.18600 -37.36400 0.00000
v -104.55000 -37.18470 0.00000
v -104.88700 -36.95940 0.00000
v -103.80200 -37.49440 0.00000
v -103.40500 -37.57350 0.00000
v -103.00000 -37.60000 0.00000
v -102.59500 -37.57350 0.00000
v -102.19800 -37.49440 0.00000
v -101.81400 -37.36400 0.00000
v -105.45900 -36.38720 0.00000
v -105.68500 -36.05000 0.00000
v -105.19200 -36.69200 0.00000
v -105.86400 -35.68630 0.00000
v -105.99400 -35.30230 0.00000
v -101.45000 -37.18470 0.00000
v -101.11300 -36.95940 0.00000
v -100.80800 -36.69200 0.00000
v -100.54100 -36.38720 0.00000
v -100.31500 -36.05000 0.00000
v -100.13600 -35.68630 0.00000
v -100.00600 -35.30230 0.00000
v -106.07300 -34.90460 -4.00000
v -106.10000 -34.50000 -4.00000
v -106.07300 -34.09540 -4.00000
v -105.99400 -33.69770 -4.00000
v -105.86400 -33.31370 -4.00000
v -105.68500 -32.95000 -4.00000
v -105.45900 -32.61280 -4.00000
v -99.92650 -34.90460 -4.00000
v -99.90000 -34.50000 -4.00000
v -99.92650 -34.09540 -4.00000
v -100.00600 -33.69770 -4.00000
v -100.13600 -33.31370 -4.00000
v -100.54100 -32.61280 -4.00000
v -100.31500 -32.95000 -4.00000
v -105.19200 -32.30800 -4.00000
v -104.88700 -32.04060 -4.00000
v -104.55000 -31.81530 -4.00000
v -104.18600 -31.63600 -4.00000
v -101.81400 -31.63600 -4.00000
v -103.80200 -31.50560 -4.00000
v -103.40500 -31.42650 -4.00000
v -103.00000 -31.40000 -4.00000
v -102.59500 -31.42650 -4.00000
v -102.19800 -31.50560 -4.00000
v -100.80800 -32.30800 -4.00000
v -101.11300 -32.04060 -4.00000
v -101.45000 -31.81530 -4.00000
v -106.07300 -34.90460 0.00000
v -106.10000 -34.50000 0.00000
v -106.07300 -34.09540 0.00000
v -105.99400 -33.69770 0.00000
v -105.86400 -33.31370 0.00000
v -105.68500 -32.95000 0.00000
v -105.45900 -32.61280 0.00000
v -99.92650 -34.90460 0.00000
v -99.90000 -34.50000 0.00000
v -99.92650 -34.09540 0.00000
v -100.00600 -33.69770 0.00000
v -100.13600 -33.31370 0.00000
v -100.54100 -32.61280 0.00000
v -100.31500 -32.95000 0.00000
v -105.19200 -32.30800 0.00000
v -104.88700 -32.04060 0.00000
v -104.55000 -31.81530 0.00000
v -104.18600 -31.63600 0.00000
v -101.81400 -31.63600 0.00000
v -103.80200 -31.50560 0.00000
v -103.40500 -31.42650 0.00000
v -103.00000 -31.40000 0.00000
v -102.59500 -31.42650 0.00000
v -102.19800 -31.50560 0.00000
v -100.80800 -32.30800 0.00000
v -101.11300 -32.04060 0.00000
v -101.45000 -31.81530 0.00000
v -132.00000 -12.12440 -4.00000
v -128.62300 -13.52300 -4.00000
v -126.82700 -13.88020 -4.00000
v -130.35800 -12.93430 -4.00000
v -125.00000 -14.00000 -4.00000
v -123.17300 -13.88020 -4.00000
v -121.37700 -13.52300 -4.00000
v -119.64200 -12.93430 -4.00000
v -118.00000 -12.12440 -4.00000
v -132.00000 -12.12440 0.00000
v -128.62300 -13.52300 0.00000
v -126.82700 -13.88020 0.00000
v -130.35800 -12.93430 0.00000
v -125.00000 -14.00000 0.00000
v -123.17300 -13.88020 0.00000
v -121.37700 -13.52300 0.00000
v -119.64200 -12.93430 0.00000
v -118.00000 -12.12440 0.00000
v -136.10699 -8.52266 -4.00000
v -137.12399 -7.00000 -4.00000
v -136.10699 -8.52266 0.00000
v -137.12399 -7.00000 0.00000
v -137.93401 -5.35757 -4.00000
v -138.52299 -3.62347 -4.00000
v -138.88000 -1.82737 -4.00000
v -137.93401 -5.35757 0.00000
v -138.52299 -3.62347 0.00000
v -138.88000 -1.82737 0.00000
v -133.52299 -11.10690 -4.00000
v -134.89900 -9.89949 -4.00000
v -116.47700 -11.10690 -4.00000
v -133.52299 -11.10690 0.00000
v -134.89900 -9.89949 0.00000
v -116.47700 -11.10690 0.00000
v -115.10100 -9.89949 -4.00000
v -113.89300 -8.52266 -4.00000
v -112.87600 -7.00000 -4.00000
v -115.10100 -9.89949 0.00000
v -113.89300 -8.52266 0.00000
v -112.87600 -7.00000 0.00000
v -112.06600 -5.35757 -4.00000
v -111.47700 -3.62347 -4.00000
v -111.12000 -1.82737 -4.00000
v -112.06600 -5.35757 0.00000
v -111.47700 -3.62347 0.00000
v -111.12000 -1.82737 0.00000
v -55.76100 -35.49170 -4.00000
v -55.88390 -35.38390 -4.00000
v -55.99170 -35.26100 -4.00000
v -55.47840 -35.65490 -4.00000
v -55.16320 -35.73930 -4.00000
v -55.32350 -35.70740 -4.00000
v -55.00000 -35.75000 -4.00000
v -54.83680 -35.73930 -4.00000
v -54.52160 -35.65490 -4.00000
v -54.67650 -35.70740 -4.00000
v -55.62500 -35.58250 -4.00000
v -54.37500 -35.58250 -4.00000
v -54.23900 -35.49170 -4.00000
v -54.11610 -35.38390 -4.00000
v -54.00830 -35.26100 -4.00000
v -55.76100 -35.49170 0.00000
v -55.88390 -35.38390 0.00000
v -55.99170 -35.26100 0.00000
v -55.47840 -35.65490 0.00000
v -55.16320 -35.73930 0.00000
v -55.32350 -35.70740 0.00000
v -55.00000 -35.75000 0.00000
v -54.83680 -35.73930 0.00000
v -54.67650 -35.70740 0.00000
v -54.52160 -35.65490 0.00000
v -55.62500 -35.58250 0.00000
v -54.37500 -35.58250 0.00000
v -54.23900 -35.49170 0.00000
v -54.11610 -35.38390 0.00000
v -54.00830 -35.26100 0.00000
v -56.08250 -35.12500 -4.00000
v -56.15490 -34.97840 -4.00000
v -56.20740 -34.82350 -4.00000
v -56.23930 -34.66320 -4.00000
v -56.25000 -34.50000 -4.00000
v -56.23930 -34.33680 -4.00000
v -56.20740 -34.17650 -4.00000
v -56.15490 -34.02160 -4.00000
v -56.08250 -33.87500 -4.00000
v -53.91750 -35.12500 -4.00000
v -53.84510 -34.97840 -4.00000
v -53.79260 -34.82350 -4.00000
v -53.76070 -34.66320 -4.00000
v -53.75000 -34.50000 -4.00000
v -53.76070 -34.33680 -4.00000
v -53.79260 -34.17650 -4.00000
v -53.91750 -33.87500 -4.00000
v -53.84510 -34.02160 -4.00000
v -55.99170 -33.73900 -4.00000
v -55.88390 -33.61610 -4.00000
v -55.76100 -33.50830 -4.00000
v -55.62500 -33.41750 -4.00000
v -55.47840 -33.34510 -4.00000
v -55.32350 -33.29260 -4.00000
v -55.16320 -33.26070 -4.00000
v -55.00000 -33.25000 -4.00000
v -54.83680 -33.26070 -4.00000
v -54.52160 -33.34510 -4.00000
v -54.67650 -33.29260 -4.00000
v -54.00830 -33.73900 -4.00000
v -54.11610 -33.61610 -4.00000
v -54.23900 -33.50830 -4.00000
v -54.37500 -33.41750 -4.00000
v -56.08250 -35.12500 0.00000
v -56.15490 -34.97840 0.00000
v -56.20740 -34.82350 0.00000
v -56.23930 -34.66320 0.00000
v -56.25000 -34.50000 0.00000
v -56.23930 -34.33680 0.00000
v -56.20740 -34.17650 0.00000
v -56.15490 -34.02160 0.00000
v -56.08250 -33.87500 0.00000
v -53.91750 -35.12500 0.00000
v -53.84510 -34.97840 0.00000
v -53.79260 -34.82350 0.00000
v -53.76070 -34.66320 0.00000
v -53.75000 -34.50000 0.00000
v -53.76070 -34.33680 0.00000
v -53.79260 -34.17650 0.00000
v -53.91750 -33.87500 0.00000
v -53.84510 -34.02160 0.00000
v -55.99170 -33.73900 0.00000
v -55.88390 -33.61610 0.00000
v -55.76100 -33.50830 0.00000
v -55.62500 -33.41750 0.00000
v -55.47840 -33.34510 0.00000
v -55.32350 -33.29260 0.00000
v -55.16320 -33.26070 0.00000
v -54.83680 -33.26070 0.00000
v -55.00000 -33.25000 0.00000
v -54.52160 -33.34510 0.00000
v -54.67650 -33.29260 0.00000
v -54.00830 -33.73900 0.00000
v -54.11610 -33.61610 0.00000
v -54.23900 -33.50830 0.00000
v -54.37500 -33.41750 0.00000
v -30.00000 -36.00000 -4.00000
v -30.19579 -35.98717 -4.00000
v -29.80421 -35.98717 -4.00000
v -30.91314 -35.69003 -4.00000
v -30.38823 -35.94889 -4.00000
v -30.57402 -35.88582 -4.00000
v -30.75000 -35.79904 -4.00000
v -31.06066 -35.56066 -4.00000
v -31.19003 -35.41314 -4.00000
v -29.61177 -35.94889 -4.00000
v -29.42598 -35.88582 -4.00000
v -29.25000 -35.79904 -4.00000
v -29.08686 -35.69003 -4.00000
v -28.93934 -35.56066 -4.00000
v -28.80997 -35.41314 -4.00000
v -30.00000 -36.00000 0.00000
v -30.19579 -35.98717 0.00000
v -29.80421 -35.98717 0.00000
v -30.91314 -35.69003 0.00000
v -30.38823 -35.94889 0.00000
v -30.57402 -35.88582 0.00000
v -30.75000 -35.79904 0.00000
v -31.06066 -35.56066 0.00000
v -31.19003 -35.41314 0.00000
v -29.61177 -35.94889 0.00000
v -29.42598 -35.88582 0.00000
v -29.25000 -35.79904 0.00000
v -29.08686 -35.69003 0.00000
v -28.93934 -35.56066 0.00000
v -28.80997 -35.41314 0.00000
v -31.48717 -34.69579 -4.00000
v -31.50000 -34.50000 -4.00000
v -31.48717 -34.30421 -4.00000
v -31.29904 -35.25000 -4.00000
v -31.38582 -35.07402 -4.00000
v -31.44889 -34.88823 -4.00000
v -31.44889 -34.11177 -4.00000
v -31.38582 -33.92598 -4.00000
v -31.29904 -33.75000 -4.00000
v -31.19003 -33.58686 -4.00000
v -31.06066 -33.43934 -4.00000
v -30.91314 -33.30997 -4.00000
v -30.75000 -33.20096 -4.00000
v -30.57402 -33.11418 -4.00000
v -30.38823 -33.05111 -4.00000
v -29.08686 -33.30997 -4.00000
v -29.61177 -33.05111 -4.00000
v -29.42598 -33.11418 -4.00000
v -29.25000 -33.20096 -4.00000
v -30.19579 -33.01283 -4.00000
v -30.00000 -33.00000 -4.00000
v -29.80421 -33.01283 -4.00000
v -28.70096 -35.25000 -4.00000
v -28.61418 -35.07402 -4.00000
v -28.55111 -34.88823 -4.00000
v -28.51283 -34.69579 -4.00000
v -28.50000 -34.50000 -4.00000
v -28.51283 -34.30421 -4.00000
v -28.55111 -34.11177 -4.00000
v -28.61418 -33.92598 -4.00000
v -28.70096 -33.75000 -4.00000
v -28.80997 -33.58686 -4.00000
v -28.93934 -33.43934 -4.00000
v -31.48717 -34.69579 0.00000
v -31.50000 -34.50000 0.00000
v -31.48717 -34.30421 0.00000
v -31.29904 -35.25000 0.00000
v -31.38582 -35.07402 0.00000
v -31.44889 -34.88823 0.00000
v -31.44889 -34.11177 0.00000
v -31.38582 -33.92598 0.00000
v -31.29904 -33.75000 0.00000
v -31.19003 -33.58686 0.00000
v -31.06066 -33.43934 0.00000
v -30.91314 -33.30997 0.00000
v -30.75000 -33.20096 0.00000
v -30.57402 -33.11418 0.00000
v -30.38823 -33.05111 0.00000
v -29.08686 -33.30997 0.00000
v -29.61177 -33.05111 0.00000
v -29.42598 -33.11418 0.00000
v -29.25000 -33.20096 0.00000
v -30.19579 -33.01283 0.00000
v -30.00000 -33.00000 0.00000
v -29.80421 -33.01283 0.00000
v -28.70096 -35.25000 0.00000
v -28.61418 -35.07402 0.00000
v -28.55111 -34.88823 0.00000
v -28.51283 -34.69579 0.00000
v -28.50000 -34.50000 0.00000
v -28.51283 -34.30421 0.00000
v -28.55111 -34.11177 0.00000
v -28.61418 -33.92598 0.00000
v -28.70096 -33.75000 0.00000
v -28.80997 -33.58686 0.00000
v -28.93934 -33.43934 0.00000
v -139.00000 0.00000 -60.00000
v -138.88000 1.82737 -60.00000
v -138.52299 3.62347 -60.00000
v -137.93401 5.35757 -60.00000
v -139.00000 0.00000 -56.00000
v -138.88000 1.82737 -56.00000
v -138.52299 3.62347 -56.00000
v -137.93401 5.35757 -56.00000
v -137.12399 7.00000 -60.00000
v -136.10699 8.52266 -60.00000
v -137.12399 7.00000 -56.00000
v -136.10699 8.52266 -56.00000
v -134.89900 9.89949 -60.00000
v -133.52299 11.10690 -60.00000
v -116.47700 11.10690 -60.00000
v -134.89900 9.89949 -56.00000
v -133.52299 11.10690 -56.00000
v -116.47700 11.10690 -56.00000
v -132.00000 12.12440 -60.00000
v -130.35800 12.93430 -60.00000
v -128.62300 13.52300 -60.00000
v -126.82700 13.88020 -60.00000
v -125.00000 14.00000 -60.00000
v -123.17300 13.88020 -60.00000
v -121.37700 13.52300 -60.00000
v -119.64200 12.93430 -60.00000
v -118.00000 12.12440 -60.00000
v -132.00000 12.12440 -56.00000
v -130.35800 12.93430 -56.00000
v -128.62300 13.52300 -56.00000
v -126.82700 13.88020 -56.00000
v -125.00000 14.00000 -56.00000
v -123.17300 13.88020 -56.00000
v -121.37700 13.52300 -56.00000
v -119.64200 12.93430 -56.00000
v -118.00000 12.12440 -56.00000
v -111.00000 0.00000 -60.00000
v -111.12000 1.82737 -60.00000
v -111.47700 3.62347 -60.00000
v -112.06600 5.35757 -60.00000
v -111.00000 0.00000 -56.00000
v -111.12000 1.82737 -56.00000
v -111.47700 3.62347 -56.00000
v -112.06600 5.35757 -56.00000
v -112.87600 7.00000 -60.00000
v -113.89300 8.52266 -60.00000
v -115.10100 9.89949 -60.00000
v -112.87600 7.00000 -56.00000
v -113.89300 8.52266 -56.00000
v -115.10100 9.89949 -56.00000
v -153.00000 45.00000 -60.00000
v -155.00000 45.00000 -58.00000
v -153.00000 47.00000 -58.00000
v -155.00000 43.00000 -56.00000
v -139.00000 0.00000 -4.00000
v -138.88000 1.82737 -4.00000
v -138.52299 3.62347 -4.00000
v -137.93401 5.35757 -4.00000
v -139.00000 0.00000 0.00000
v -138.88000 1.82737 0.00000
v -138.52299 3.62347 0.00000
v -137.93401 5.35757 0.00000
v -137.12399 7.00000 -4.00000
v -136.10699 8.52266 -4.00000
v -137.12399 7.00000 0.00000
v -136.10699 8.52266 0.00000
v -134.89900 9.89949 -4.00000
v -133.52299 11.10690 -4.00000
v -116.47700 11.10690 -4.00000
v -134.89900 9.89949 0.00000
v -133.52299 11.10690 0.00000
v -116.47700 11.10690 0.00000
v -132.00000 12.12440 -4.00000
v -130.35800 12.93430 -4.00000
v -128.62300 13.52300 -4.00000
v -126.82700 13.88020 -4.00000
v -125.00000 14.00000 -4.00000
v -123.17300 13.88020 -4.00000
v -121.37700 13.52300 -4.00000
v -119.64200 12.93430 -4.00000
v -118.00000 12.12440 -4.00000
v -132.00000 12.12440 0.00000
v -130.35800 12.93430 0.00000
v -128.62300 13.52300 0.00000
v -126.82700 13.88020 0.00000
v -125.00000 14.00000 0.00000
v -123.17300 13.88020 0.00000
v -121.37700 13.52300 0.00000
v -119.64200 12.93430 0.00000
v -118.00000 12.12440 0.00000
v -111.00000 0.00000 -4.00000
v -111.12000 1.82737 -4.00000
v -111.47700 3.62347 -4.00000
v -112.06600 5.35757 -4.00000
v -111.00000 0.00000 0.00000
v -111.12000 1.82737 0.00000
v -111.47700 3.62347 0.00000
v -112.06600 5.35757 0.00000
v -112.87600 7.00000 -4.00000
v -113.89300 8.52266 -4.00000
v -115.10100 9.89949 -4.00000
v -112.87600 7.00000 0.00000
v -113.89300 8.52266 0.00000
v -115.10100 9.89949 0.00000
v -133.55000 31.81530 -4.00000
v -133.88699 32.04060 -4.00000
v -134.19200 32.30800 -4.00000
v -132.80200 31.50560 -4.00000
v -132.40500 31.42650 -4.00000
v -132.00000 31.40000 -4.00000
v -131.59500 31.42650 -4.00000
v -131.19800 31.50560 -4.00000
v -133.18600 31.63600 -4.00000
v -130.81400 31.63600 -4.00000
v -130.45000 31.81530 -4.00000
v -130.11301 32.04060 -4.00000
v -129.80800 32.30800 -4.00000
v -134.45900 32.61280 -4.00000
v -134.68500 32.95000 -4.00000
v -134.86400 33.31370 -4.00000
v -134.99400 33.69770 -4.00000
v -135.07300 34.09540 -4.00000
v -135.10001 34.50000 -4.00000
v -135.07300 34.90460 -4.00000
v -129.54100 32.61280 -4.00000
v -129.31500 32.95000 -4.00000
v -129.13600 33.31370 -4.00000
v -129.00600 33.69770 -4.00000
v -128.92700 34.09540 -4.00000
v -128.89999 34.50000 -4.00000
v -128.92700 34.90460 -4.00000
v -133.55000 31.81530 0.00000
v -133.88699 32.04060 0.00000
v -134.19200 32.30800 0.00000
v -132.80200 31.50560 0.00000
v -132.40500 31.42650 0.00000
v -132.00000 31.40000 0.00000
v -131.59500 31.42650 0.00000
v -131.19800 31.50560 0.00000
v -133.18600 31.63600 0.00000
v -130.81400 31.63600 0.00000
v -130.45000 31.81530 0.00000
v -130.11301 32.04060 0.00000
v -129.80800 32.30800 0.00000
v -134.45900 32.61280 0.00000
v -134.68500 32.95000 0.00000
v -134.86400 33.31370 0.00000
v -134.99400 33.69770 0.00000
v -135.07300 34.09540 0.00000
v -135.10001 34.50000 0.00000
v -135.07300 34.90460 0.00000
v -129.54100 32.61280 0.00000
v -129.31500 32.95000 0.00000
v -129.13600 33.31370 0.00000
v -129.00600 33.69770 0.00000
v -128.92700 34.09540 0.00000
v -128.89999 34.50000 0.00000
v -128.92700 34.90460 0.00000
v -155.00000 43.00000 -4.00000
v -155.00000 45.00000 -2.00000
v -153.00000 47.00000 -2.00000
v -153.00000 45.00000 0.00000
v -134.99400 35.30230 -4.00000
v -134.86400 35.68630 -4.00000
v -134.68500 36.05000 -4.00000
v -134.45900 36.38720 -4.00000
v -134.19200 36.69200 -4.00000
v -133.88699 36.95940 -4.00000
v -133.55000 37.18470 -4.00000
v -133.18600 37.36400 -4.00000
v -130.81400 37.36400 -4.00000
v -132.80200 37.49440 -4.00000
v -132.40500 37.57350 -4.00000
v -132.00000 37.60000 -4.00000
v -131.59500 37.57350 -4.00000
v -131.19800 37.49440 -4.00000
v -129.00600 35.30230 -4.00000
v -129.13600 35.68630 -4.00000
v -129.80800 36.69200 -4.00000
v -129.31500 36.05000 -4.00000
v -129.54100 36.38720 -4.00000
v -130.11301 36.95940 -4.00000
v -130.45000 37.18470 -4.00000
v -134.99400 35.30230 0.00000
v -134.86400 35.68630 0.00000
v -134.68500 36.05000 0.00000
v -134.45900 36.38720 0.00000
v -134.19200 36.69200 0.00000
v -133.88699 36.95940 0.00000
v -133.55000 37.18470 0.00000
v -133.18600 37.36400 0.00000
v -130.81400 37.36400 0.00000
v -132.80200 37.49440 0.00000
v -132.40500 37.57350 0.00000
v -132.00000 37.60000 0.00000
v -131.59500 37.57350 0.00000
v -131.19800 37.49440 0.00000
v -129.00600 35.30230 0.00000
v -129.13600 35.68630 0.00000
v -129.80800 36.69200 0.00000
v -129.31500 36.05000 0.00000
v -129.54100 36.38720 0.00000
v -130.11301 36.95940 0.00000
v -130.45000 37.18470 0.00000
v -104.18600 31.63600 -4.00000
v -104.55000 31.81530 -4.00000
v -104.88700 32.04060 -4.00000
v -105.19200 32.30800 -4.00000
v -103.80200 31.50560 -4.00000
v -103.40500 31.42650 -4.00000
v -103.00000 31.40000 -4.00000
v -102.59500 31.42650 -4.00000
v -102.19800 31.50560 -4.00000
v -101.81400 31.63600 -4.00000
v -101.45000 31.81530 -4.00000
v -101.11300 32.04060 -4.00000
v -100.80800 32.30800 -4.00000
v -105.45900 32.61280 -4.00000
v -105.68500 32.95000 -4.00000
v -105.86400 33.31370 -4.00000
v -105.99400 33.69770 -4.00000
v -106.07300 34.09540 -4.00000
v -106.10000 34.50000 -4.00000
v -106.07300 34.90460 -4.00000
v -100.54100 32.61280 -4.00000
v -100.31500 32.95000 -4.00000
v -100.13600 33.31370 -4.00000
v -100.00600 33.69770 -4.00000
v -99.92650 34.09540 -4.00000
v -99.90000 34.50000 -4.00000
v -99.92650 34.90460 -4.00000
v -104.18600 31.63600 0.00000
v -104.55000 31.81530 0.00000
v -104.88700 32.04060 0.00000
v -105.19200 32.30800 0.00000
v -103.80200 31.50560 0.00000
v -103.40500 31.42650 0.00000
v -103.00000 31.40000 0.00000
v -102.59500 31.42650 0.00000
v -102.19800 31.50560 0.00000
v -101.81400 31.63600 0.00000
v -101.45000 31.81530 0.00000
v -101.11300 32.04060 0.00000
v -100.80800 32.30800 0.00000
v -105.45900 32.61280 0.00000
v -105.68500 32.95000 0.00000
v -105.86400 33.31370 0.00000
v -105.99400 33.69770 0.00000
v -106.07300 34.09540 0.00000
v -106.10000 34.50000 0.00000
v -106.07300 34.90460 0.00000
v -100.54100 32.61280 0.00000
v -100.31500 32.95000 0.00000
v -100.13600 33.31370 0.00000
v -100.00600 33.69770 0.00000
v -99.92650 34.09540 0.00000
v -99.90000 34.50000 0.00000
v -99.92650 34.90460 0.00000
v -105.99400 35.30230 -4.00000
v -105.86400 35.68630 -4.00000
v -105.68500 36.05000 -4.00000
v -105.45900 36.38720 -4.00000
v -105.19200 36.69200 -4.00000
v -104.88700 36.95940 -4.00000
v -104.55000 37.18470 -4.00000
v -104.18600 37.36400 -4.00000
v -101.81400 37.36400 -4.00000
v -103.80200 37.49440 -4.00000
v -103.40500 37.57350 -4.00000
v -103.00000 37.60000 -4.00000
v -102.59500 37.57350 -4.00000
v -102.19800 37.49440 -4.00000
v -100.00600 35.30230 -4.00000
v -100.13600 35.68630 -4.00000
v -100.54100 36.38720 -4.00000
v -100.80800 36.69200 -4.00000
v -100.31500 36.05000 -4.00000
v -101.11300 36.95940 -4.00000
v -101.45000 37.18470 -4.00000
v -105.99400 35.30230 0.00000
v -105.86400 35.68630 0.00000
v -105.68500 36.05000 0.00000
v -105.45900 36.38720 0.00000
v -105.19200 36.69200 0.00000
v -104.88700 36.95940 0.00000
v -104.55000 37.18470 0.00000
v -104.18600 37.36400 0.00000
v -101.81400 37.36400 0.00000
v -103.80200 37.49440 0.00000
v -103.40500 37.57350 0.00000
v -103.00000 37.60000 0.00000
v -102.59500 37.57350 0.00000
v -102.19800 37.49440 0.00000
v -100.00600 35.30230 0.00000
v -100.13600 35.68630 0.00000
v -100.54100 36.38720 0.00000
v -100.80800 36.69200 0.00000
v -100.31500 36.05000 0.00000
v -101.11300 36.95940 0.00000
v -101.45000 37.18470 0.00000
v -55.76100 33.50830 -4.00000
v -55.88390 33.61610 -4.00000
v -55.99170 33.73900 -4.00000
v -55.47840 33.34510 -4.00000
v -55.16320 33.26070 -4.00000
v -55.32350 33.29260 -4.00000
v -54.83680 33.26070 -4.00000
v -55.00000 33.25000 -4.00000
v -54.67650 33.29260 -4.00000
v -54.52160 33.34510 -4.00000
v -55.62500 33.41750 -4.00000
v -54.37500 33.41750 -4.00000
v -54.23900 33.50830 -4.00000
v -54.11610 33.61610 -4.00000
v -54.00830 33.73900 -4.00000
v -56.08250 33.87500 -4.00000
v -56.15490 34.02160 -4.00000
v -56.20740 34.17650 -4.00000
v -56.23930 34.33680 -4.00000
v -56.25000 34.50000 -4.00000
v -56.23930 34.66320 -4.00000
v -56.20740 34.82350 -4.00000
v -56.15490 34.97840 -4.00000
v -56.08250 35.12500 -4.00000
v -53.91750 33.87500 -4.00000
v -53.84510 34.02160 -4.00000
v -53.79260 34.17650 -4.00000
v -53.76070 34.33680 -4.00000
v -53.75000 34.50000 -4.00000
v -53.76070 34.66320 -4.00000
v -53.79260 34.82350 -4.00000
v -53.91750 35.12500 -4.00000
v -53.84510 34.97840 -4.00000
v -55.76100 33.50830 0.00000
v -55.88390 33.61610 0.00000
v -55.99170 33.73900 0.00000
v -55.47840 33.34510 0.00000
v -55.32350 33.29260 0.00000
v -55.16320 33.26070 0.00000
v -54.83680 33.26070 0.00000
v -55.00000 33.25000 0.00000
v -54.67650 33.29260 0.00000
v -54.52160 33.34510 0.00000
v -55.62500 33.41750 0.00000
v -54.37500 33.41750 0.00000
v -54.23900 33.50830 0.00000
v -54.11610 33.61610 0.00000
v -54.00830 33.73900 0.00000
v -56.08250 33.87500 0.00000
v -56.15490 34.02160 0.00000
v -56.20740 34.17650 0.00000
v -56.23930 34.33680 0.00000
v -56.25000 34.50000 0.00000
v -56.23930 34.66320 0.00000
v -56.20740 34.82350 0.00000
v -56.15490 34.97840 0.00000
v -56.08250 35.12500 0.00000
v -53.91750 33.87500 0.00000
v -53.84510 34.02160 0.00000
v -53.79260 34.17650 0.00000
v -53.76070 34.33680 0.00000
v -53.75000 34.50000 0.00000
v -53.76070 34.66320 0.00000
v -53.79260 34.82350 0.00000
v -53.91750 35.12500 0.00000
v -53.84510 34.97840 0.00000
v -55.99170 35.26100 -4.00000
v -55.88390 35.38390 -4.00000
v -55.76100 35.49170 -4.00000
v -55.62500 35.58250 -4.00000
v -55.47840 35.65490 -4.00000
v -55.32350 35.70740 -4.00000
v -55.16320 35.73930 -4.00000
v -54.83680 35.73930 -4.00000
v -55.00000 35.75000 -4.00000
v -54.67650 35.70740 -4.00000
v -54.52160 35.65490 -4.00000
v -54.00830 35.26100 -4.00000
v -54.11610 35.38390 -4.00000
v -54.23900 35.49170 -4.00000
v -54.37500 35.58250 -4.00000
v -55.99170 35.26100 0.00000
v -55.88390 35.38390 0.00000
v -55.76100 35.49170 0.00000
v -55.62500 35.58250 0.00000
v -55.47840 35.65490 0.00000
v -55.32350 35.70740 0.00000
v -55.16320 35.73930 0.00000
v -54.83680 35.73930 0.00000
v -55.00000 35.75000 0.00000
v -54.67650 35.70740 0.00000
v -54.52160 35.65490 0.00000
v -54.00830 35.26100 0.00000
v -54.11610 35.38390 0.00000
v -54.23900 35.49170 0.00000
v -54.37500 35.58250 0.00000
v 153.00000 -45.00000 -60.00000
v 153.00000 -47.00000 -58.00000
v 155.00000 -45.00000 -58.00000
v 155.00000 -43.00000 -56.00000
v 115.60100 -9.89949 -60.00000
v 114.39300 -8.52266 -60.00000
v 113.37600 -7.00000 -60.00000
v 115.60100 -9.89949 -56.00000
v 114.39300 -8.52266 -56.00000
v 113.37600 -7.00000 -56.00000
v 112.56600 -5.35757 -60.00000
v 111.97700 -3.62347 -60.00000
v 111.62000 -1.82737 -60.00000
v 112.56600 -5.35757 -56.00000
v 111.97700 -3.62347 -56.00000
v 111.62000 -1.82737 -56.00000
v 118.50000 -12.12440 -60.00000
v 120.14200 -12.93430 -60.00000
v 121.87700 -13.52300 -60.00000
v 125.50000 -14.00000 -60.00000
v 123.67300 -13.88020 -60.00000
v 127.32700 -13.88020 -60.00000
v 129.12300 -13.52300 -60.00000
v 130.85800 -12.93430 -60.00000
v 132.50000 -12.12440 -60.00000
v 118.50000 -12.12440 -56.00000
v 120.14200 -12.93430 -56.00000
v 121.87700 -13.52300 -56.00000
v 125.50000 -14.00000 -56.00000
v 123.67300 -13.88020 -56.00000
v 127.32700 -13.88020 -56.00000
v 129.12300 -13.52300 -56.00000
v 130.85800 -12.93430 -56.00000
v 132.50000 -12.12440 -56.00000
v 116.97700 -11.10690 -60.00000
v 134.02299 -11.10690 -60.00000
v 135.39900 -9.89949 -60.00000
v 116.97700 -11.10690 -56.00000
v 134.02299 -11.10690 -56.00000
v 135.39900 -9.89949 -56.00000
v 136.60699 -8.52266 -60.00000
v 137.62399 -7.00000 -60.00000
v 136.60699 -8.52266 -56.00000
v 137.62399 -7.00000 -56.00000
v 138.43401 -5.35757 -60.00000
v 139.02299 -3.62347 -60.00000
v 139.38000 -1.82737 -60.00000
v 138.43401 -5.35757 -56.00000
v 139.02299 -3.62347 -56.00000
v 139.38000 -1.82737 -56.00000
v 28.93934 -35.56066 -4.00000
v 28.80997 -35.41314 -4.00000
v 29.80421 -35.98717 -4.00000
v 30.00000 -36.00000 -4.00000
v 30.19579 -35.98717 -4.00000
v 29.61177 -35.94889 -4.00000
v 29.42598 -35.88582 -4.00000
v 29.25000 -35.79904 -4.00000
v 29.08686 -35.69003 -4.00000
v 30.38823 -35.94889 -4.00000
v 30.57402 -35.88582 -4.00000
v 30.75000 -35.79904 -4.00000
v 30.91314 -35.69003 -4.00000
v 31.06066 -35.56066 -4.00000
v 31.19003 -35.41314 -4.00000
v 28.93934 -35.56066 0.00000
v 28.80997 -35.41314 0.00000
v 29.80421 -35.98717 0.00000
v 30.00000 -36.00000 0.00000
v 30.19579 -35.98717 0.00000
v 29.61177 -35.94889 0.00000
v 29.42598 -35.88582 0.00000
v 29.25000 -35.79904 0.00000
v 29.08686 -35.69003 0.00000
v 30.38823 -35.94889 0.00000
v 30.57402 -35.88582 0.00000
v 30.75000 -35.79904 0.00000
v 30.91314 -35.69003 0.00000
v 31.06066 -35.56066 0.00000
v 31.19003 -35.41314 0.00000
v 28.70096 -35.25000 -4.00000
v 28.61418 -35.07402 -4.00000
v 28.55111 -34.88823 -4.00000
v 28.51283 -34.69579 -4.00000
v 28.50000 -34.50000 -4.00000
v 28.51283 -34.30421 -4.00000
v 28.55111 -34.11177 -4.00000
v 28.61418 -33.92598 -4.00000
v 28.70096 -33.75000 -4.00000
v 28.80997 -33.58686 -4.00000
v 28.93934 -33.43934 -4.00000
v 31.29904 -35.25000 -4.00000
v 31.38582 -35.07402 -4.00000
v 31.44889 -34.88823 -4.00000
v 31.44889 -34.11177 -4.00000
v 31.38582 -33.92598 -4.00000
v 31.48717 -34.69579 -4.00000
v 31.50000 -34.50000 -4.00000
v 31.48717 -34.30421 -4.00000
v 29.08686 -33.30997 -4.00000
v 29.25000 -33.20096 -4.00000
v 29.42598 -33.11418 -4.00000
v 29.61177 -33.05111 -4.00000
v 31.29904 -33.75000 -4.00000
v 31.06066 -33.43934 -4.00000
v 31.19003 -33.58686 -4.00000
v 30.57402 -33.11418 -4.00000
v 30.38823 -33.05111 -4.00000
v 30.75000 -33.20096 -4.00000
v 30.91314 -33.30997 -4.00000
v 29.80421 -33.01283 -4.00000
v 30.19579 -33.01283 -4.00000
v 30.00000 -33.00000 -4.00000
v 28.70096 -35.25000 0.00000
v 28.61418 -35.07402 0.00000
v 28.55111 -34.88823 0.00000
v 28.51283 -34.69579 0.00000
v 28.50000 -34.50000 0.00000
v 28.51283 -34.30421 0.00000
v 28.55111 -34.11177 0.00000
v 28.61418 -33.92598 0.00000
v 28.70096 -33.75000 0.00000
v 28.80997 -33.58686 0.00000
v 28.93934 -33.43934 0.00000
v 31.29904 -35.25000 0.00000
v 31.38582 -35.07402 0.00000
v 31.44889 -34.88823 0.00000
v 31.44889 -34.11177 0.00000
v 31.38582 -33.92598 0.00000
v 31.48717 -34.69579 0.00000
v 31.50000 -34.50000 0.00000
v 31.48717 -34.30421 0.00000
v 29.08686 -33.30997 0.00000
v 29.25000 -33.20096 0.00000
v 29.42598 -33.11418 0.00000
v 29.61177 -33.05111 0.00000
v 31.29904 -33.75000 0.00000
v 31.06066 -33.43934 0.00000
v 31.19003 -33.58686 0.00000
v 30.57402 -33.11418 0.00000
v 30.38823 -33.05111 0.00000
v 30.75000 -33.20096 0.00000
v 30.91314 -33.30997 0.00000
v 29.80421 -33.01283 0.00000
v 30.19579 -33.01283 0.00000
v 30.00000 -33.00000 0.00000
v 54.37500 -35.58250 -4.00000
v 54.23900 -35.49170 -4.00000
v 54.11610 -35.38390 -4.00000
v 54.00830 -35.26100 -4.00000
v 54.67650 -35.70740 -4.00000
v 54.52160 -35.65490 -4.00000
v 54.83680 -35.73930 -4.00000
v 55.00000 -35.75000 -4.00000
v 55.16320 -35.73930 -4.00000
v 55.32350 -35.70740 -4.00000
v 55.47840 -35.65490 -4.00000
v 55.62500 -35.58250 -4.00000
v 55.76100 -35.49170 -4.00000
v 55.88390 -35.38390 -4.00000
v 55.99170 -35.26100 -4.00000
v 54.37500 -35.58250 0.00000
v 54.23900 -35.49170 0.00000
v 54.11610 -35.38390 0.00000
v 54.00830 -35.26100 0.00000
v 54.52160 -35.65490 0.00000
v 54.67650 -35.70740 0.00000
v 54.83680 -35.73930 0.00000
v 55.00000 -35.75000 0.00000
v 55.16320 -35.73930 0.00000
v 55.32350 -35.70740 0.00000
v 55.47840 -35.65490 0.00000
v 55.62500 -35.58250 0.00000
v 55.76100 -35.49170 0.00000
v 55.88390 -35.38390 0.00000
v 55.99170 -35.26100 0.00000
v 53.84510 -34.97840 -4.00000
v 53.91750 -35.12500 -4.00000
v 53.79260 -34.82350 -4.00000
v 53.76070 -34.66320 -4.00000
v 53.75000 -34.50000 -4.00000
v 53.76070 -34.33680 -4.00000
v 53.79260 -34.17650 -4.00000
v 53.84510 -34.02160 -4.00000
v 53.91750 -33.87500 -4.00000
v 56.08250 -35.12500 -4.00000
v 56.15490 -34.97840 -4.00000
v 56.20740 -34.82350 -4.00000
v 56.23930 -34.66320 -4.00000
v 56.25000 -34.50000 -4.00000
v 56.23930 -34.33680 -4.00000
v 56.20740 -34.17650 -4.00000
v 56.15490 -34.02160 -4.00000
v 56.08250 -33.87500 -4.00000
v 54.00830 -33.73900 -4.00000
v 54.11610 -33.61610 -4.00000
v 54.23900 -33.50830 -4.00000
v 54.37500 -33.41750 -4.00000
v 55.62500 -33.41750 -4.00000
v 54.52160 -33.34510 -4.00000
v 54.67650 -33.29260 -4.00000
v 54.83680 -33.26070 -4.00000
v 55.00000 -33.25000 -4.00000
v 55.32350 -33.29260 -4.00000
v 55.16320 -33.26070 -4.00000
v 55.47840 -33.34510 -4.00000
v 55.99170 -33.73900 -4.00000
v 55.88390 -33.61610 -4.00000
v 55.76100 -33.50830 -4.00000
v 53.84510 -34.97840 0.00000
v 53.91750 -35.12500 0.00000
v 53.79260 -34.82350 0.00000
v 53.76070 -34.66320 0.00000
v 53.75000 -34.50000 0.00000
v 53.76070 -34.33680 0.00000
v 53.79260 -34.17650 0.00000
v 53.84510 -34.02160 0.00000
v 53.91750 -33.87500 0.00000
v 56.08250 -35.12500 0.00000
v 56.15490 -34.97840 0.00000
v 56.20740 -34.82350 0.00000
v 56.23930 -34.66320 0.00000
v 56.25000 -34.50000 0.00000
v 56.23930 -34.33680 0.00000
v 56.20740 -34.17650 0.00000
v 56.15490 -34.02160 0.00000
v 56.08250 -33.87500 0.00000
v 54.00830 -33.73900 0.00000
v 54.11610 -33.61610 0.00000
v 54.23900 -33.50830 0.00000
v 54.37500 -33.41750 0.00000
v 55.62500 -33.41750 0.00000
v 54.52160 -33.34510 0.00000
v 54.67650 -33.29260 0.00000
v 55.00000 -33.25000 0.00000
v 54.83680 -33.26070 0.00000
v 55.32350 -33.29260 0.00000
v 55.16320 -33.26070 0.00000
v 55.47840 -33.34510 0.00000
v 55.99170 -33.73900 0.00000
v 55.88390 -33.61610 0.00000
v 55.76100 -33.50830 0.00000
v 101.45000 -37.18470 -4.00000
v 101.11300 -36.95940 -4.00000
v 100.31500 -36.05000 -4.00000
v 100.80800 -36.69200 -4.00000
v 100.54100 -36.38720 -4.00000
v 100.13600 -35.68630 -4.00000
v 100.00600 -35.30230 -4.00000
v 102.19800 -37.49440 -4.00000
v 102.59500 -37.57350 -4.00000
v 103.00000 -37.60000 -4.00000
v 103.40500 -37.57350 -4.00000
v 103.80200 -37.49440 -4.00000
v 101.81400 -37.36400 -4.00000
v 104.18600 -37.36400 -4.00000
v 104.55000 -37.18470 -4.00000
v 104.88700 -36.95940 -4.00000
v 105.19200 -36.69200 -4.00000
v 105.45900 -36.38720 -4.00000
v 105.68500 -36.05000 -4.00000
v 105.86400 -35.68630 -4.00000
v 105.99400 -35.30230 -4.00000
v 101.45000 -37.18470 0.00000
v 101.11300 -36.95940 0.00000
v 100.31500 -36.05000 0.00000
v 100.80800 -36.69200 0.00000
v 100.54100 -36.38720 0.00000
v 100.13600 -35.68630 0.00000
v 100.00600 -35.30230 0.00000
v 102.19800 -37.49440 0.00000
v 102.59500 -37.57350 0.00000
v 103.00000 -37.60000 0.00000
v 103.40500 -37.57350 0.00000
v 103.80200 -37.49440 0.00000
v 101.81400 -37.36400 0.00000
v 104.18600 -37.36400 0.00000
v 104.55000 -37.18470 0.00000
v 104.88700 -36.95940 0.00000
v 105.19200 -36.69200 0.00000
v 105.45900 -36.38720 0.00000
v 105.68500 -36.05000 0.00000
v 105.86400 -35.68630 0.00000
v 105.99400 -35.30230 0.00000
v 99.92650 -34.90460 -4.00000
v 99.90000 -34.50000 -4.00000
v 99.92650 -34.09540 -4.00000
v 100.00600 -33.69770 -4.00000
v 100.13600 -33.31370 -4.00000
v 100.31500 -32.95000 -4.00000
v 100.54100 -32.61280 -4.00000
v 106.07300 -34.90460 -4.00000
v 106.10000 -34.50000 -4.00000
v 106.07300 -34.09540 -4.00000
v 105.99400 -33.69770 -4.00000
v 105.86400 -33.31370 -4.00000
v 105.68500 -32.95000 -4.00000
v 105.45900 -32.61280 -4.00000
v 100.80800 -32.30800 -4.00000
v 101.11300 -32.04060 -4.00000
v 101.45000 -31.81530 -4.00000
v 101.81400 -31.63600 -4.00000
v 102.19800 -31.50560 -4.00000
v 102.59500 -31.42650 -4.00000
v 103.00000 -31.40000 -4.00000
v 103.40500 -31.42650 -4.00000
v 103.80200 -31.50560 -4.00000
v 105.19200 -32.30800 -4.00000
v 104.88700 -32.04060 -4.00000
v 104.55000 -31.81530 -4.00000
v 104.18600 -31.63600 -4.00000
v 99.92650 -34.90460 0.00000
v 99.90000 -34.50000 0.00000
v 99.92650 -34.09540 0.00000
v 100.00600 -33.69770 0.00000
v 100.13600 -33.31370 0.00000
v 100.31500 -32.95000 0.00000
v 100.54100 -32.61280 0.00000
v 106.07300 -34.90460 0.00000
v 106.10000 -34.50000 0.00000
v 106.07300 -34.09540 0.00000
v 105.99400 -33.69770 0.00000
v 105.86400 -33.31370 0.00000
v 105.68500 -32.95000 0.00000
v 105.45900 -32.61280 0.00000
v 100.80800 -32.30800 0.00000
v 101.11300 -32.04060 0.00000
v 101.45000 -31.81530 0.00000
v 101.81400 -31.63600 0.00000
v 102.19800 -31.50560 0.00000
v 102.59500 -31.42650 0.00000
v 103.00000 -31.40000 0.00000
v 103.40500 -31.42650 0.00000
v 103.80200 -31.50560 0.00000
v 105.19200 -32.30800 0.00000
v 104.88700 -32.04060 0.00000
v 104.55000 -31.81530 0.00000
v 104.18600 -31.63600 0.00000
v 130.45000 -37.18470 -4.00000
v 130.11301 -36.95940 -4.00000
v 129.54100 -36.38720 -4.00000
v 129.31500 -36.05000 -4.00000
v 129.80800 -36.69200 -4.00000
v 129.13600 -35.68630 -4.00000
v 129.00600 -35.30230 -4.00000
v 131.19800 -37.49440 -4.00000
v 131.59500 -37.57350 -4.00000
v 132.00000 -37.60000 -4.00000
v 132.40500 -37.57350 -4.00000
v 132.80200 -37.49440 -4.00000
v 130.81400 -37.36400 -4.00000
v 133.18600 -37.36400 -4.00000
v 133.55000 -37.18470 -4.00000
v 133.88699 -36.95940 -4.00000
v 134.19200 -36.69200 -4.00000
v 134.45900 -36.38720 -4.00000
v 134.68500 -36.05000 -4.00000
v 134.86400 -35.68630 -4.00000
v 134.99400 -35.30230 -4.00000
v 130.45000 -37.18470 0.00000
v 130.11301 -36.95940 0.00000
v 129.54100 -36.38720 0.00000
v 129.31500 -36.05000 0.00000
v 129.80800 -36.69200 0.00000
v 129.13600 -35.68630 0.00000
v 129.00600 -35.30230 0.00000
v 131.19800 -37.49440 0.00000
v 131.59500 -37.57350 0.00000
v 132.00000 -37.60000 0.00000
v 132.40500 -37.57350 0.00000
v 132.80200 -37.49440 0.00000
v 130.81400 -37.36400 0.00000
v 133.18600 -37.36400 0.00000
v 133.55000 -37.18470 0.00000
v 133.88699 -36.95940 0.00000
v 134.19200 -36.69200 0.00000
v 134.45900 -36.38720 0.00000
v 134.68500 -36.05000 0.00000
v 134.86400 -35.68630 0.00000
v 134.99400 -35.30230 0.00000
v 155.00000 -43.00000 -4.00000
v 153.00000 -47.00000 -2.00000
v 155.00000 -45.00000 -2.00000
v 153.00000 -45.00000 0.00000
v 128.92700 -34.90460 -4.00000
v 128.89999 -34.50000 -4.00000
v 128.92700 -34.09540 -4.00000
v 129.00600 -33.69770 -4.00000
v 129.13600 -33.31370 -4.00000
v 129.31500 -32.95000 -4.00000
v 129.54100 -32.61280 -4.00000
v 135.07300 -34.90460 -4.00000
v 135.10001 -34.50000 -4.00000
v 135.07300 -34.09540 -4.00000
v 134.99400 -33.69770 -4.00000
v 134.86400 -33.31370 -4.00000
v 134.68500 -32.95000 -4.00000
v 134.45900 -32.61280 -4.00000
v 129.80800 -32.30800 -4.00000
v 130.11301 -32.04060 -4.00000
v 130.45000 -31.81530 -4.00000
v 130.81400 -31.63600 -4.00000
v 133.18600 -31.63600 -4.00000
v 131.19800 -31.50560 -4.00000
v 131.59500 -31.42650 -4.00000
v 132.00000 -31.40000 -4.00000
v 132.40500 -31.42650 -4.00000
v 132.80200 -31.50560 -4.00000
v 134.19200 -32.30800 -4.00000
v 133.88699 -32.04060 -4.00000
v 133.55000 -31.81530 -4.00000
v 128.92700 -34.90460 0.00000
v 128.89999 -34.50000 0.00000
v 128.92700 -34.09540 0.00000
v 129.00600 -33.69770 0.00000
v 129.13600 -33.31370 0.00000
v 129.31500 -32.95000 0.00000
v 129.54100 -32.61280 0.00000
v 135.07300 -34.90460 0.00000
v 135.10001 -34.50000 0.00000
v 135.07300 -34.09540 0.00000
v 134.99400 -33.69770 0.00000
v 134.86400 -33.31370 0.00000
v 134.68500 -32.95000 0.00000
v 134.45900 -32.61280 0.00000
v 129.80800 -32.30800 0.00000
v 130.11301 -32.04060 0.00000
v 130.45000 -31.81530 0.00000
v 130.81400 -31.63600 0.00000
v 133.18600 -31.63600 0.00000
v 131.19800 -31.50560 0.00000
v 131.59500 -31.42650 0.00000
v 132.00000 -31.40000 0.00000
v 132.40500 -31.42650 0.00000
v 132.80200 -31.50560 0.00000
v 134.19200 -32.30800 0.00000
v 133.88699 -32.04060 0.00000
v 133.55000 -31.81530 0.00000
v 115.60100 -9.89949 -4.00000
v 114.39300 -8.52266 -4.00000
v 113.37600 -7.00000 -4.00000
v 115.60100 -9.89949 0.00000
v 114.39300 -8.52266 0.00000
v 113.37600 -7.00000 0.00000
v 112.56600 -5.35757 -4.00000
v 111.97700 -3.62347 -4.00000
v 111.62000 -1.82737 -4.00000
v 112.56600 -5.35757 0.00000
v 111.97700 -3.62347 0.00000
v 111.62000 -1.82737 0.00000
v 118.50000 -12.12440 -4.00000
v 120.14200 -12.93430 -4.00000
v 121.87700 -13.52300 -4.00000
v 125.50000 -14.00000 -4.00000
v 123.67300 -13.88020 -4.00000
v 127.32700 -13.88020 -4.00000
v 129.12300 -13.52300 -4.00000
v 130.85800 -12.93430 -4.00000
v 132.50000 -12.12440 -4.00000
v 118.50000 -12.12440 0.00000
v 120.14200 -12.93430 0.00000
v 121.87700 -13.52300 0.00000
v 125.50000 -14.00000 0.00000
v 123.67300 -13.88020 0.00000
v 127.32700 -13.88020 0.00000
v 129.12300 -13.52300 0.00000
v 130.85800 -12.93430 0.00000
v 132.50000 -12.12440 0.00000
v 116.97700 -11.10690 -4.00000
v 134.02299 -11.10690 -4.00000
v 135.39900 -9.89949 -4.00000
v 116.97700 -11.10690 0.00000
v 134.02299 -11.10690 0.00000
v 135.39900 -9.89949 0.00000
v 136.60699 -8.52266 -4.00000
v 137.62399 -7.00000 -4.00000
v 136.60699 -8.52266 0.00000
v 137.62399 -7.00000 0.00000
v 138.43401 -5.35757 -4.00000
v 139.02299 -3.62347 -4.00000
v 139.38000 -1.82737 -4.00000
v 138.43401 -5.35757 0.00000
v 139.02299 -3.62347 0.00000
v 139.38000 -1.82737 0.00000
v 111.50000 0.00000 -60.00000
v 111.62000 1.82737 -60.00000
v 111.97700 3.62347 -60.00000
v 112.56600 5.35757 -60.00000
v 111.50000 0.00000 -56.00000
v 111.62000 1.82737 -56.00000
v 111.97700 3.62347 -56.00000
v 112.56600 5.35757 -56.00000
v 113.37600 7.00000 -60.00000
v 114.39300 8.52266 -60.00000
v 115.60100 9.89949 -60.00000
v 113.37600 7.00000 -56.00000
v 114.39300 8.52266 -56.00000
v 115.60100 9.89949 -56.00000
v 116.97700 11.10690 -60.00000
v 135.39900 9.89949 -60.00000
v 134.02299 11.10690 -60.00000
v 116.97700 11.10690 -56.00000
v 135.39900 9.89949 -56.00000
v 134.02299 11.10690 -56.00000
v 139.50000 0.00000 -60.00000
v 139.38000 1.82737 -60.00000
v 139.02299 3.62347 -60.00000
v 138.43401 5.35757 -60.00000
v 139.50000 0.00000 -56.00000
v 139.38000 1.82737 -56.00000
v 139.02299 3.62347 -56.00000
v 138.43401 5.35757 -56.00000
v 137.62399 7.00000 -60.00000
v 136.60699 8.52266 -60.00000
v 137.62399 7.00000 -56.00000
v 136.60699 8.52266 -56.00000
v 118.50000 12.12440 -60.00000
v 120.14200 12.93430 -60.00000
v 121.87700 13.52300 -60.00000
v 123.67300 13.88020 -60.00000
v 125.50000 14.00000 -60.00000
v 127.32700 13.88020 -60.00000
v 129.12300 13.52300 -60.00000
v 132.50000 12.12440 -60.00000
v 130.85800 12.93430 -60.00000
v 118.50000 12.12440 -56.00000
v 120.14200 12.93430 -56.00000
v 121.87700 13.52300 -56.00000
v 123.67300 13.88020 -56.00000
v 125.50000 14.00000 -56.00000
v 127.32700 13.88020 -56.00000
v 129.12300 13.52300 -56.00000
v 132.50000 12.12440 -56.00000
v 130.85800 12.93430 -56.00000
v 153.00000 45.00000 -60.00000
v 155.00000 45.00000 -58.00000
v 153.00000 47.00000 -58.00000
v 155.00000 43.00000 -56.00000
v 54.37500 33.41750 -4.00000
v 54.23900 33.50830 -4.00000
v 54.11610 33.61610 -4.00000
v 54.00830 33.73900 -4.00000
v 54.67650 33.29260 -4.00000
v 54.52160 33.34510 -4.00000
v 55.00000 33.25000 -4.00000
v 54.83680 33.26070 -4.00000
v 55.32350 33.29260 -4.00000
v 55.16320 33.26070 -4.00000
v 55.47840 33.34510 -4.00000
v 55.62500 33.41750 -4.00000
v 55.76100 33.50830 -4.00000
v 55.88390 33.61610 -4.00000
v 55.99170 33.73900 -4.00000
v 53.84510 34.02160 -4.00000
v 53.91750 33.87500 -4.00000
v 53.79260 34.17650 -4.00000
v 53.76070 34.33680 -4.00000
v 53.75000 34.50000 -4.00000
v 53.76070 34.66320 -4.00000
v 53.79260 34.82350 -4.00000
v 53.84510 34.97840 -4.00000
v 53.91750 35.12500 -4.00000
v 56.08250 33.87500 -4.00000
v 56.15490 34.02160 -4.00000
v 56.20740 34.17650 -4.00000
v 56.23930 34.33680 -4.00000
v 56.25000 34.50000 -4.00000
v 56.23930 34.66320 -4.00000
v 56.20740 34.82350 -4.00000
v 56.15490 34.97840 -4.00000
v 56.08250 35.12500 -4.00000
v 54.37500 33.41750 0.00000
v 54.23900 33.50830 0.00000
v 54.11610 33.61610 0.00000
v 54.00830 33.73900 0.00000
v 54.67650 33.29260 0.00000
v 54.52160 33.34510 0.00000
v 55.00000 33.25000 0.00000
v 54.83680 33.26070 0.00000
v 55.16320 33.26070 0.00000
v 55.32350 33.29260 0.00000
v 55.47840 33.34510 0.00000
v 55.62500 33.41750 0.00000
v 55.76100 33.50830 0.00000
v 55.88390 33.61610 0.00000
v 55.99170 33.73900 0.00000
v 53.84510 34.02160 0.00000
v 53.91750 33.87500 0.00000
v 53.79260 34.17650 0.00000
v 53.76070 34.33680 0.00000
v 53.75000 34.50000 0.00000
v 53.76070 34.66320 0.00000
v 53.79260 34.82350 0.00000
v 53.84510 34.97840 0.00000
v 53.91750 35.12500 0.00000
v 56.08250 33.87500 0.00000
v 56.15490 34.02160 0.00000
v 56.20740 34.17650 0.00000
v 56.23930 34.33680 0.00000
v 56.25000 34.50000 0.00000
v 56.23930 34.66320 0.00000
v 56.20740 34.82350 0.00000
v 56.15490 34.97840 0.00000
v 56.08250 35.12500 0.00000
v 54.00830 35.26100 -4.00000
v 54.11610 35.38390 -4.00000
v 54.23900 35.49170 -4.00000
v 54.37500 35.58250 -4.00000
v 55.62500 35.58250 -4.00000
v 54.52160 35.65490 -4.00000
v 54.67650 35.70740 -4.00000
v 55.00000 35.75000 -4.00000
v 54.83680 35.73930 -4.00000
v 55.32350 35.70740 -4.00000
v 55.16320 35.73930 -4.00000
v 55.47840 35.65490 -4.00000
v 55.99170 35.26100 -4.00000
v 55.88390 35.38390 -4.00000
v 55.76100 35.49170 -4.00000
v 54.00830 35.26100 0.00000
v 54.11610 35.38390 0.00000
v 54.23900 35.49170 0.00000
v 54.37500 35.58250 0.00000
v 55.62500 35.58250 0.00000
v 54.52160 35.65490 0.00000
v 54.67650 35.70740 0.00000
v 55.00000 35.75000 0.00000
v 54.83680 35.73930 0.00000
v 55.32350 35.70740 0.00000
v 55.16320 35.73930 0.00000
v 55.47840 35.65490 0.00000
v 55.99170 35.26100 0.00000
v 55.88390 35.38390 0.00000
v 55.76100 35.49170 0.00000
v 111.50000 0.00000 -4.00000
v 111.62000 1.82737 -4.00000
v 111.97700 3.62347 -4.00000
v 112.56600 5.35757 -4.00000
v 111.50000 0.00000 0.00000
v 111.62000 1.82737 0.00000
v 111.97700 3.62347 0.00000
v 112.56600 5.35757 0.00000
v 113.37600 7.00000 -4.00000
v 114.39300 8.52266 -4.00000
v 115.60100 9.89949 -4.00000
v 113.37600 7.00000 0.00000
v 114.39300 8.52266 0.00000
v 115.60100 9.89949 0.00000
v 116.97700 11.10690 -4.00000
v 135.39900 9.89949 -4.00000
v 134.02299 11.10690 -4.00000
v 116.97700 11.10690 0.00000
v 135.39900 9.89949 0.00000
v 134.02299 11.10690 0.00000
v 139.50000 0.00000 -4.00000
v 139.38000 1.82737 -4.00000
v 139.02299 3.62347 -4.00000
v 138.43401 5.35757 -4.00000
v 139.50000 0.00000 0.00000
v 139.38000 1.82737 0.00000
v 139.02299 3.62347 0.00000
v 138.43401 5.35757 0.00000
v 137.62399 7.00000 -4.00000
v 136.60699 8.52266 -4.00000
v 137.62399 7.00000 0.00000
v 136.60699 8.52266 0.00000
v 118.50000 12.12440 -4.00000
v 120.14200 12.93430 -4.00000
v 121.87700 13.52300 -4.00000
v 123.67300 13.88020 -4.00000
v 125.50000 14.00000 -4.00000
v 127.32700 13.88020 -4.00000
v 129.12300 13.52300 -4.00000
v 132.50000 12.12440 -4.00000
v 130.85800 12.93430 -4.00000
v 118.50000 12.12440 0.00000
v 120.14200 12.93430 0.00000
v 121.87700 13.52300 0.00000
v 123.67300 13.88020 0.00000
v 125.50000 14.00000 0.00000
v 127.32700 13.88020 0.00000
v 129.12300 13.52300 0.00000
v 132.50000 12.12440 0.00000
v 130.85800 12.93430 0.00000
v 101.45000 31.81530 -4.00000
v 101.11300 32.04060 -4.00000
v 100.80800 32.30800 -4.00000
v 102.19800 31.50560 -4.00000
v 102.59500 31.42650 -4.00000
v 103.00000 31.40000 -4.00000
v 103.40500 31.42650 -4.00000
v 103.80200 31.50560 -4.00000
v 101.81400 31.63600 -4.00000
v 104.18600 31.63600 -4.00000
v 104.55000 31.81530 -4.00000
v 104.88700 32.04060 -4.00000
v 105.19200 32.30800 -4.00000
v 100.31500 32.95000 -4.00000
v 100.54100 32.61280 -4.00000
v 100.13600 33.31370 -4.00000
v 100.00600 33.69770 -4.00000
v 99.92650 34.09540 -4.00000
v 99.90000 34.50000 -4.00000
v 99.92650 34.90460 -4.00000
v 105.45900 32.61280 -4.00000
v 105.68500 32.95000 -4.00000
v 105.86400 33.31370 -4.00000
v 105.99400 33.69770 -4.00000
v 106.07300 34.09540 -4.00000
v 106.10000 34.50000 -4.00000
v 106.07300 34.90460 -4.00000
v 101.45000 31.81530 0.00000
v 101.11300 32.04060 0.00000
v 100.80800 32.30800 0.00000
v 102.19800 31.50560 0.00000
v 102.59500 31.42650 0.00000
v 103.00000 31.40000 0.00000
v 103.40500 31.42650 0.00000
v 103.80200 31.50560 0.00000
v 101.81400 31.63600 0.00000
v 104.18600 31.63600 0.00000
v 104.55000 31.81530 0.00000
v 104.88700 32.04060 0.00000
v 105.19200 32.30800 0.00000
v 100.31500 32.95000 0.00000
v 100.54100 32.61280 0.00000
v 100.13600 33.31370 0.00000
v 100.00600 33.69770 0.00000
v 99.92650 34.09540 0.00000
v 99.90000 34.50000 0.00000
v 99.92650 34.90460 0.00000
v 105.45900 32.61280 0.00000
v 105.68500 32.95000 0.00000
v 105.86400 33.31370 0.00000
v 105.99400 33.69770 0.00000
v 106.07300 34.09540 0.00000
v 106.10000 34.50000 0.00000
v 106.07300 34.90460 0.00000
v 100.00600 35.30230 -4.00000
v 100.13600 35.68630 -4.00000
v 100.31500 36.05000 -4.00000
v 100.54100 36.38720 -4.00000
v 100.80800 36.69200 -4.00000
v 101.11300 36.95940 -4.00000
v 101.45000 37.18470 -4.00000
v 105.99400 35.30230 -4.00000
v 105.86400 35.68630 -4.00000
v 105.19200 36.69200 -4.00000
v 105.68500 36.05000 -4.00000
v 105.45900 36.38720 -4.00000
v 101.81400 37.36400 -4.00000
v 102.19800 37.49440 -4.00000
v 102.59500 37.57350 -4.00000
v 103.00000 37.60000 -4.00000
v 103.40500 37.57350 -4.00000
v 103.80200 37.49440 -4.00000
v 104.88700 36.95940 -4.00000
v 104.55000 37.18470 -4.00000
v 104.18600 37.36400 -4.00000
v 100.00600 35.30230 0.00000
v 100.13600 35.68630 0.00000
v 100.31500 36.05000 0.00000
v 100.54100 36.38720 0.00000
v 100.80800 36.69200 0.00000
v 101.11300 36.95940 0.00000
v 101.45000 37.18470 0.00000
v 105.99400 35.30230 0.00000
v 105.86400 35.68630 0.00000
v 105.19200 36.69200 0.00000
v 105.68500 36.05000 0.00000
v 105.45900 36.38720 0.00000
v 101.81400 37.36400 0.00000
v 102.19800 37.49440 0.00000
v 102.59500 37.57350 0.00000
v 103.00000 37.60000 0.00000
v 103.40500 37.57350 0.00000
v 103.80200 37.49440 0.00000
v 104.88700 36.95940 0.00000
v 104.55000 37.18470 0.00000
v 104.18600 37.36400 0.00000
v 130.45000 31.81530 -4.00000
v 130.11301 32.04060 -4.00000
v 129.80800 32.30800 -4.00000
v 131.19800 31.50560 -4.00000
v 131.59500 31.42650 -4.00000
v 132.00000 31.40000 -4.00000
v 132.40500 31.42650 -4.00000
v 132.80200 31.50560 -4.00000
v 130.81400 31.63600 -4.00000
v 133.18600 31.63600 -4.00000
v 133.55000 31.81530 -4.00000
v 133.88699 32.04060 -4.00000
v 134.19200 32.30800 -4.00000
v 129.54100 32.61280 -4.00000
v 129.31500 32.95000 -4.00000
v 129.13600 33.31370 -4.00000
v 129.00600 33.69770 -4.00000
v 128.92700 34.09540 -4.00000
v 128.89999 34.50000 -4.00000
v 128.92700 34.90460 -4.00000
v 134.45900 32.61280 -4.00000
v 134.68500 32.95000 -4.00000
v 134.86400 33.31370 -4.00000
v 134.99400 33.69770 -4.00000
v 135.07300 34.09540 -4.00000
v 135.10001 34.50000 -4.00000
v 135.07300 34.90460 -4.00000
v 130.45000 31.81530 0.00000
v 130.11301 32.04060 0.00000
v 129.80800 32.30800 0.00000
v 131.19800 31.50560 0.00000
v 131.59500 31.42650 0.00000
v 132.00000 31.40000 0.00000
v 132.40500 31.42650 0.00000
v 132.80200 31.50560 0.00000
v 130.81400 31.63600 0.00000
v 133.18600 31.63600 0.00000
v 133.55000 31.81530 0.00000
v 133.88699 32.04060 0.00000
v 134.19200 32.30800 0.00000
v 129.54100 32.61280 0.00000
v 129.31500 32.95000 0.00000
v 129.13600 33.31370 0.00000
v 129.00600 33.69770 0.00000
v 128.92700 34.09540 0.00000
v 128.89999 34.50000 0.00000
v 128.92700 34.90460 0.00000
v 134.45900 32.61280 0.00000
v 134.68500 32.95000 0.00000
v 134.86400 33.31370 0.00000
v 134.99400 33.69770 0.00000
v 135.07300 34.09540 0.00000
v 135.10001 34.50000 0.00000
v 135.07300 34.90460 0.00000
v 129.00600 35.30230 -4.00000
v 129.13600 35.68630 -4.00000
v 129.31500 36.05000 -4.00000
v 129.54100 36.38720 -4.00000
v 129.80800 36.69200 -4.00000
v 130.11301 36.95940 -4.00000
v 130.45000 37.18470 -4.00000
v 134.99400 35.30230 -4.00000
v 134.86400 35.68630 -4.00000
v 134.19200 36.69200 -4.00000
v 134.68500 36.05000 -4.00000
v 134.45900 36.38720 -4.00000
v 130.81400 37.36400 -4.00000
v 133.18600 37.36400 -4.00000
v 131.19800 37.49440 -4.00000
v 131.59500 37.57350 -4.00000
v 132.00000 37.60000 -4.00000
v 132.40500 37.57350 -4.00000
v 132.80200 37.49440 -4.00000
v 133.88699 36.95940 -4.00000
v 133.55000 37.18470 -4.00000
v 129.00600 35.30230 0.00000
v 129.13600 35.68630 0.00000
v 129.31500 36.05000 0.00000
v 129.54100 36.38720 0.00000
v 129.80800 36.69200 0.00000
v 130.11301 36.95940 0.00000
v 130.45000 37.18470 0.00000
v 134.99400 35.30230 0.00000
v 134.86400 35.68630 0.00000
v 134.19200 36.69200 0.00000
v 134.68500 36.05000 0.00000
v 134.45900 36.38720 0.00000
v 130.81400 37.36400 0.00000
v 133.18600 37.36400 0.00000
v 131.19800 37.49440 0.00000
v 131.59500 37.57350 0.00000
v 132.00000 37.60000 0.00000
v 132.40500 37.57350 0.00000
v 132.80200 37.49440 0.00000
v 133.88699 36.95940 0.00000
v 133.55000 37.18470 0.00000
v 155.00000 43.00000 -4.00000
v 155.00000 45.00000 -2.00000
v 153.00000 47.00000 -2.00000
v 153.00000 45.00000 0.00000
f 1 2 3
f 1 8 6
f 1 6 7
f 1 7 9
f 1 9 10
f 1 10 11
f 1 11 12
f 4 18 16
f 4 19 18
f 2 53 3
f 3 51 4
f 1 34 33
f 1 23 34
f 1 5 8
f 1 33 5
f 1 24 23
f 1 27 24
f 1 28 27
f 4 36 37
f 4 14 36
f 4 17 14
f 4 15 17
f 4 16 15
f 4 37 25
f 4 25 26
f 4 26 30
f 1 3 536
f 3 4 536
f 1 29 28
f 1 485 29
f 4 30 31
f 4 31 32
f 4 32 489
f 1 12 13
f 1 13 35
f 4 20 19
f 4 21 20
f 4 22 21
f 5 14 8
f 6 15 7
f 7 16 9
f 6 8 17
f 8 14 17
f 5 36 14
f 6 17 15
f 7 15 16
f 9 18 10
f 10 19 11
f 11 20 12
f 12 21 13
f 13 22 35
f 9 16 18
f 10 18 19
f 11 19 20
f 12 20 21
f 13 21 22
f 23 25 37
f 23 24 25
f 24 27 26
f 24 26 25
f 26 27 30
f 27 28 30
f 28 29 31
f 28 31 30
f 29 485 32
f 29 32 31
f 32 485 489
f 33 34 37
f 5 33 36
f 23 37 34
f 33 37 36
f 22 38 35
f 35 38 39
f 39 43 40
f 38 42 39
f 39 42 43
f 40 44 41
f 41 48 45
f 40 43 44
f 41 44 48
f 45 49 46
f 45 48 49
f 46 49 50
f 46 50 47
f 47 525 521
f 47 50 525
f 1 882 2
f 1 35 881
f 4 884 22
f 4 51 884
f 22 884 38
f 35 39 885
f 39 40 885
f 40 41 886
f 41 45 887
f 38 918 42
f 42 888 43
f 43 889 44
f 44 890 48
f 45 46 891
f 46 47 892
f 47 521 893
f 48 894 49
f 49 895 50
f 50 896 525
f 2 52 53
f 3 53 51
f 52 54 53
f 51 55 62
f 51 56 55
f 51 64 66
f 51 66 56
f 51 65 64
f 51 67 65
f 51 57 58
f 51 58 59
f 51 59 60
f 51 62 57
f 51 97 68
f 51 98 97
f 51 68 67
f 51 99 98
f 51 100 99
f 51 101 100
f 51 102 101
f 54 87 85
f 54 85 86
f 54 86 88
f 54 88 89
f 54 89 124
f 54 83 76
f 54 76 77
f 54 78 83
f 54 79 78
f 54 80 79
f 54 81 80
f 54 77 87
f 54 124 125
f 54 125 126
f 54 126 127
f 54 127 128
f 54 128 129
f 51 60 155
f 51 155 156
f 51 156 157
f 60 61 155
f 61 63 154
f 63 69 151
f 69 70 152
f 70 71 153
f 71 72 162
f 72 73 160
f 73 74 161
f 74 75 163
f 54 176 81
f 55 76 62
f 56 66 87
f 55 56 77
f 57 78 58
f 58 79 59
f 59 80 60
f 60 81 61
f 57 62 83
f 61 82 63
f 64 65 85
f 64 87 66
f 65 67 86
f 67 68 88
f 63 84 69
f 69 90 70
f 70 91 71
f 71 93 72
f 72 94 73
f 73 95 74
f 74 96 75
f 62 76 83
f 55 77 76
f 56 87 77
f 58 78 79
f 59 79 80
f 60 80 81
f 61 81 82
f 57 83 78
f 63 82 84
f 65 86 85
f 64 85 87
f 67 88 86
f 68 89 88
f 69 84 90
f 70 90 91
f 71 91 92
f 71 92 93
f 72 93 94
f 73 94 95
f 74 95 96
f 54 177 176
f 54 178 177
f 81 176 82
f 82 175 84
f 84 172 90
f 90 173 91
f 91 174 92
f 92 183 93
f 93 181 94
f 94 182 95
f 95 184 96
f 51 265 102
f 54 129 267
f 75 104 164
f 104 105 193
f 105 106 194
f 106 107 195
f 107 108 196
f 108 109 197
f 68 97 89
f 97 98 124
f 98 99 125
f 99 100 126
f 100 101 127
f 101 102 128
f 102 103 129
f 103 111 130
f 75 131 104
f 104 132 105
f 105 133 106
f 106 134 107
f 107 135 108
f 108 136 109
f 110 148 121
f 109 137 110
f 89 97 124
f 98 125 124
f 99 126 125
f 100 127 126
f 101 128 127
f 102 129 128
f 103 130 129
f 111 138 130
f 75 96 131
f 104 131 132
f 105 132 133
f 106 133 134
f 107 134 135
f 108 135 136
f 110 137 148
f 109 136 137
f 111 112 139
f 112 113 140
f 113 114 141
f 115 142 120
f 114 116 143
f 116 117 144
f 117 118 145
f 118 119 146
f 119 120 147
f 122 149 123
f 121 148 122
f 115 123 150
f 111 139 138
f 112 140 139
f 113 141 140
f 114 143 141
f 116 144 143
f 117 145 144
f 118 146 145
f 119 147 146
f 120 142 147
f 122 148 149
f 123 149 150
f 115 150 142
f 96 185 131
f 131 220 132
f 132 222 133
f 111 275 112
f 112 275 113
f 113 247 114
f 114 247 116
f 116 250 117
f 117 250 118
f 102 265 103
f 103 276 111
f 115 249 123
f 122 123 251
f 118 248 119
f 119 248 120
f 115 120 249
f 110 121 252
f 121 122 252
f 109 110 253
f 109 253 198
f 135 258 136
f 136 258 137
f 133 258 134
f 134 258 135
f 138 139 278
f 139 140 278
f 140 141 256
f 141 143 256
f 143 144 259
f 144 145 259
f 129 130 267
f 130 138 279
f 137 258 148
f 148 258 149
f 149 258 150
f 142 150 258
f 145 146 257
f 146 147 257
f 142 258 147
f 133 225 262
f 61 154 155
f 63 151 154
f 69 152 151
f 71 162 153
f 70 153 152
f 72 160 162
f 73 161 160
f 74 163 161
f 75 164 163
f 51 157 299
f 82 176 175
f 84 175 172
f 90 172 173
f 92 174 183
f 91 173 174
f 93 183 181
f 94 181 182
f 95 182 184
f 96 184 185
f 54 314 178
f 151 152 173
f 152 153 174
f 153 162 183
f 154 175 155
f 155 176 156
f 156 177 157
f 157 178 158
f 151 172 154
f 158 179 159
f 160 161 181
f 160 183 162
f 161 163 182
f 163 164 184
f 159 180 165
f 165 186 166
f 166 187 167
f 167 189 168
f 168 190 169
f 169 191 170
f 170 192 171
f 151 173 172
f 152 174 173
f 153 183 174
f 155 175 176
f 156 176 177
f 157 177 178
f 158 178 179
f 154 172 175
f 159 179 180
f 160 181 183
f 161 182 181
f 163 184 182
f 164 185 184
f 165 180 186
f 166 186 187
f 167 187 188
f 167 188 189
f 168 189 190
f 169 190 191
f 170 191 192
f 157 158 297
f 158 159 298
f 159 165 296
f 165 166 303
f 166 167 293
f 167 168 294
f 168 169 295
f 169 170 323
f 170 171 324
f 178 312 179
f 179 313 180
f 180 311 186
f 186 318 187
f 187 308 188
f 188 309 189
f 189 310 190
f 190 356 191
f 191 357 192
f 104 193 164
f 105 194 193
f 106 195 194
f 107 196 195
f 108 197 196
f 109 198 197
f 131 185 220
f 132 220 221
f 132 221 222
f 133 222 223
f 133 223 224
f 133 224 225
f 164 193 185
f 193 194 220
f 194 195 221
f 195 196 222
f 196 197 223
f 197 198 224
f 198 199 225
f 199 207 226
f 171 227 200
f 200 228 201
f 201 229 202
f 202 230 203
f 203 231 204
f 204 233 206
f 205 244 217
f 205 206 232
f 185 193 220
f 194 221 220
f 195 222 221
f 196 223 222
f 197 224 223
f 198 225 224
f 199 226 225
f 207 234 226
f 171 192 227
f 200 227 228
f 201 228 229
f 202 229 230
f 203 230 231
f 204 231 233
f 205 232 244
f 206 233 232
f 207 208 235
f 208 209 236
f 209 210 237
f 211 238 216
f 210 212 239
f 212 213 240
f 213 214 241
f 214 215 242
f 215 216 243
f 218 245 219
f 217 244 218
f 211 219 246
f 207 235 234
f 208 236 235
f 209 237 236
f 210 239 237
f 212 240 239
f 213 241 240
f 214 242 241
f 215 243 242
f 216 238 243
f 218 244 245
f 219 245 246
f 211 246 238
f 198 254 199
f 199 254 207
f 207 255 208
f 208 255 209
f 209 277 210
f 210 277 212
f 212 281 213
f 213 282 214
f 214 282 215
f 225 226 263
f 226 234 263
f 234 235 264
f 235 236 264
f 236 237 280
f 237 239 280
f 239 240 284
f 240 241 285
f 241 242 285
f 171 200 325
f 200 201 326
f 201 202 328
f 202 203 329
f 203 204 330
f 204 206 331
f 205 341 206
f 205 217 342
f 192 358 227
f 227 359 228
f 228 376 229
f 229 376 230
f 230 376 231
f 231 376 233
f 232 233 376
f 232 376 244
f 51 266 265
f 51 269 266
f 54 267 268
f 54 268 272
f 54 272 273
f 51 270 269
f 51 271 270
f 51 539 271
f 53 54 646
f 51 53 644
f 54 273 274
f 54 274 543
f 111 276 275
f 116 247 250
f 113 275 247
f 118 250 248
f 120 248 249
f 123 249 251
f 122 251 252
f 110 252 253
f 133 260 258
f 138 278 279
f 143 259 256
f 140 256 278
f 145 257 259
f 147 258 257
f 133 261 260
f 133 262 261
f 103 265 276
f 130 279 267
f 247 256 250
f 248 257 249
f 249 258 251
f 248 250 259
f 250 256 259
f 247 278 256
f 248 259 257
f 249 257 258
f 251 260 252
f 252 261 253
f 253 262 254
f 254 263 255
f 255 264 277
f 251 258 260
f 252 260 261
f 253 261 262
f 254 262 263
f 255 263 264
f 265 267 279
f 265 266 267
f 266 269 268
f 266 268 267
f 268 269 272
f 269 270 272
f 270 271 273
f 270 273 272
f 271 539 274
f 271 274 273
f 274 539 543
f 275 276 279
f 247 275 278
f 265 279 276
f 275 279 278
f 264 280 277
f 198 253 254
f 207 254 255
f 209 255 277
f 215 283 216
f 211 216 287
f 211 287 219
f 218 219 288
f 217 218 289
f 225 263 262
f 234 264 263
f 236 280 264
f 242 243 286
f 238 290 243
f 238 246 290
f 245 291 246
f 244 292 245
f 212 277 281
f 213 281 282
f 215 282 283
f 216 283 287
f 219 287 288
f 218 288 289
f 239 284 280
f 240 285 284
f 242 286 285
f 243 290 286
f 246 291 290
f 245 292 291
f 217 289 343
f 244 376 292
f 289 575 343
f 292 376 579
f 277 280 281
f 281 285 282
f 280 284 281
f 281 284 285
f 282 286 283
f 283 290 287
f 282 285 286
f 283 286 290
f 287 291 288
f 287 290 291
f 288 291 292
f 288 292 289
f 289 579 575
f 289 292 579
f 2 1262 52
f 157 297 299
f 158 298 297
f 159 296 298
f 165 303 296
f 166 293 303
f 167 294 293
f 168 295 294
f 169 323 295
f 170 324 323
f 178 314 312
f 179 312 313
f 180 313 311
f 186 311 318
f 187 318 308
f 188 308 309
f 189 309 310
f 190 310 356
f 191 356 357
f 52 1264 54
f 300 302 395
f 299 300 395
f 301 395 302
f 301 304 392
f 304 305 392
f 305 306 396
f 306 307 397
f 307 332 397
f 299 395 394
f 306 397 396
f 332 422 397
f 293 308 303
f 294 295 309
f 293 294 309
f 296 311 298
f 297 312 299
f 297 298 313
f 299 314 300
f 300 315 302
f 301 302 316
f 296 303 318
f 301 317 304
f 304 319 305
f 305 320 306
f 306 322 307
f 293 309 308
f 295 310 309
f 296 318 311
f 297 313 312
f 298 311 313
f 299 312 314
f 300 314 315
f 302 315 316
f 301 316 317
f 303 308 318
f 304 317 319
f 305 319 320
f 306 320 321
f 306 321 322
f 315 407 316
f 314 407 315
f 316 407 317
f 317 411 319
f 319 411 320
f 320 412 321
f 321 455 322
f 314 409 410
f 314 410 407
f 317 407 411
f 320 411 412
f 321 412 455
f 171 325 324
f 200 326 325
f 201 327 326
f 201 328 327
f 202 329 328
f 203 330 329
f 204 331 330
f 206 341 331
f 205 342 341
f 217 343 342
f 192 357 358
f 227 358 359
f 228 359 360
f 228 360 361
f 228 361 362
f 228 362 363
f 228 363 364
f 228 364 374
f 228 374 375
f 228 375 376
f 332 333 422
f 333 334 423
f 334 335 424
f 335 336 419
f 336 337 420
f 337 338 421
f 338 340 425
f 339 426 340
f 333 423 422
f 334 424 423
f 335 419 424
f 336 420 419
f 337 421 420
f 338 425 421
f 340 426 425
f 339 427 426
f 339 428 427
f 295 323 310
f 323 324 356
f 324 325 357
f 325 326 358
f 326 327 359
f 327 328 360
f 328 329 361
f 329 330 362
f 330 331 363
f 331 341 364
f 307 365 332
f 332 366 333
f 333 367 334
f 334 368 335
f 335 369 336
f 336 370 337
f 337 371 338
f 339 340 372
f 339 385 352
f 338 373 340
f 341 342 374
f 342 343 376
f 343 344 377
f 344 345 378
f 345 346 379
f 346 347 380
f 348 349 381
f 347 348 382
f 350 383 351
f 349 351 384
f 352 386 353
f 354 387 355
f 353 386 354
f 350 355 388
f 310 323 356
f 324 357 356
f 325 358 357
f 326 359 358
f 327 360 359
f 328 361 360
f 329 362 361
f 330 363 362
f 331 364 363
f 341 374 364
f 307 322 365
f 332 365 366
f 333 366 367
f 334 367 368
f 335 368 369
f 336 369 370
f 337 370 371
f 339 372 385
f 338 371 373
f 340 373 372
f 342 375 374
f 342 376 375
f 343 377 376
f 345 379 378
f 344 378 377
f 346 380 379
f 347 382 380
f 348 381 382
f 351 383 384
f 349 384 381
f 352 385 386
f 354 386 387
f 355 387 388
f 350 388 383
f 322 455 365
f 365 456 366
f 366 457 367
f 367 452 368
f 368 453 369
f 369 454 370
f 370 458 371
f 371 459 373
f 372 373 460
f 365 455 456
f 366 456 457
f 367 457 452
f 368 452 453
f 369 453 454
f 370 454 458
f 371 458 459
f 373 459 460
f 299 393 390
f 299 394 393
f 299 390 389
f 301 392 395
f 305 396 392
f 314 405 408
f 314 408 409
f 314 404 405
f 54 1264 314
f 51 299 1261
f 391 934 389
f 399 936 398
f 398 933 391
f 400 937 399
f 401 938 400
f 402 938 401
f 403 939 402
f 441 931 403
f 404 948 406
f 413 952 414
f 406 951 413
f 414 953 415
f 415 954 416
f 416 946 417
f 417 947 418
f 418 994 474
f 339 429 428
f 339 430 429
f 434 971 451
f 437 980 434
f 439 981 440
f 440 981 435
f 436 981 437
f 435 981 436
f 442 932 441
f 443 961 442
f 444 962 443
f 445 964 444
f 445 446 965
f 447 966 446
f 448 967 447
f 449 968 448
f 450 969 449
f 451 970 450
f 467 1014 470
f 474 995 475
f 475 996 476
f 476 997 477
f 477 998 478
f 478 1001 479
f 479 1001 480
f 480 1002 481
f 481 1002 482
f 482 1003 483
f 483 1004 484
f 484 1013 467
f 344 788 345
f 343 795 344
f 345 790 346
f 346 789 347
f 348 791 349
f 347 792 348
f 350 351 794
f 349 793 351
f 339 352 809
f 352 353 799
f 354 355 797
f 350 796 355
f 353 354 798
f 376 377 818
f 377 378 828
f 378 379 821
f 380 382 823
f 379 380 822
f 381 825 382
f 383 826 384
f 381 384 824
f 386 830 387
f 372 832 385
f 385 831 386
f 387 829 388
f 383 388 827
f 372 460 842
f 842 460 461
f 842 461 462
f 842 462 463
f 842 463 464
f 842 464 465
f 842 465 466
f 842 466 471
f 842 471 472
f 842 472 473
f 842 468 469
f 842 473 468
f 842 469 470
f 339 1435 430
f 1435 431 430
f 1435 432 431
f 1435 433 432
f 1435 438 433
f 1435 439 438
f 842 470 1026
f 1 535 485
f 485 486 489
f 486 487 490
f 486 490 489
f 487 488 491
f 487 491 490
f 488 492 491
f 4 489 538
f 488 493 492
f 493 494 495
f 492 493 495
f 494 496 495
f 494 497 496
f 497 498 501
f 496 497 500
f 497 501 500
f 498 512 501
f 499 502 511
f 1 536 535
f 4 538 536
f 485 535 486
f 486 535 487
f 489 490 538
f 490 491 538
f 491 492 538
f 487 535 488
f 488 535 493
f 493 535 494
f 494 535 497
f 497 535 498
f 498 535 503
f 503 535 504
f 492 495 538
f 495 496 538
f 496 500 538
f 500 501 538
f 501 512 538
f 512 513 538
f 513 514 538
f 514 515 538
f 498 503 512
f 503 504 513
f 504 505 514
f 505 506 515
f 503 513 512
f 504 514 513
f 505 515 514
f 506 516 515
f 507 508 517
f 506 507 516
f 508 509 518
f 509 510 519
f 510 511 520
f 507 517 516
f 508 518 517
f 510 520 519
f 502 520 511
f 509 519 518
f 499 511 535
f 510 535 511
f 519 520 538
f 517 518 538
f 518 519 538
f 521 526 522
f 521 525 526
f 522 526 527
f 523 528 524
f 522 527 523
f 523 527 528
f 524 532 529
f 529 533 530
f 524 528 532
f 529 532 533
f 530 534 531
f 499 531 534
f 530 533 534
f 499 534 502
f 504 535 505
f 505 535 506
f 506 535 507
f 507 535 508
f 508 535 509
f 509 535 510
f 515 516 538
f 516 517 538
f 535 536 537
f 536 538 644
f 536 645 537
f 521 522 1366
f 522 523 1367
f 523 524 1368
f 525 1370 526
f 526 1371 527
f 527 1372 528
f 524 529 1373
f 529 530 1374
f 530 531 1375
f 499 1375 531
f 528 1376 532
f 532 1377 533
f 533 1378 534
f 502 534 1382
f 502 1418 520
f 499 535 1415
f 520 1418 538
f 535 537 1415
f 537 645 1417
f 51 643 539
f 54 543 646
f 539 540 543
f 540 541 544
f 540 544 543
f 541 542 545
f 541 545 544
f 542 546 545
f 542 547 546
f 547 548 549
f 546 547 549
f 548 550 549
f 548 551 550
f 551 552 555
f 550 551 554
f 551 555 554
f 552 566 555
f 553 556 565
f 539 643 540
f 540 643 541
f 541 643 542
f 51 644 643
f 53 646 644
f 543 544 646
f 544 545 646
f 542 643 547
f 547 643 548
f 545 546 646
f 546 549 646
f 549 550 646
f 548 602 551
f 552 557 566
f 557 558 567
f 558 559 568
f 559 560 569
f 557 567 566
f 558 568 567
f 559 569 568
f 560 570 569
f 550 554 629
f 561 562 571
f 560 561 570
f 562 563 572
f 563 564 573
f 564 565 574
f 561 571 570
f 562 572 571
f 564 574 573
f 556 574 565
f 563 573 572
f 551 591 552
f 552 589 557
f 557 592 558
f 558 594 559
f 559 596 560
f 560 613 561
f 562 613 563
f 561 613 562
f 554 555 618
f 555 566 616
f 566 567 619
f 567 568 621
f 568 569 623
f 569 570 626
f 570 571 627
f 571 572 636
f 575 580 576
f 575 579 580
f 576 580 581
f 577 582 578
f 576 581 577
f 577 581 582
f 578 586 583
f 583 587 584
f 578 582 586
f 583 586 587
f 584 588 585
f 553 585 588
f 584 587 588
f 553 588 556
f 576 577 700
f 578 583 697
f 577 578 699
f 553 693 585
f 583 584 696
f 584 585 694
f 580 727 581
f 582 724 586
f 581 726 582
f 556 588 720
f 586 723 587
f 587 721 588
f 553 565 690
f 563 703 564
f 564 692 565
f 576 700 701
f 577 699 700
f 578 697 698
f 583 696 697
f 578 698 699
f 556 717 574
f 572 573 730
f 573 574 719
f 580 728 727
f 581 727 726
f 582 725 724
f 586 724 723
f 582 726 725
f 575 576 785
f 579 818 580
f 576 701 785
f 580 818 728
f 538 643 644
f 536 644 645
f 548 643 603
f 550 630 646
f 548 603 602
f 551 602 591
f 552 591 590
f 552 590 589
f 557 597 592
f 557 589 597
f 558 592 593
f 558 593 594
f 559 594 595
f 559 595 596
f 560 596 598
f 560 598 599
f 560 599 600
f 560 600 601
f 560 601 609
f 560 609 610
f 560 610 611
f 560 611 612
f 560 612 613
f 563 613 703
f 550 629 630
f 554 618 629
f 555 617 618
f 555 616 617
f 566 619 624
f 566 624 616
f 567 620 619
f 567 621 620
f 568 622 621
f 568 623 622
f 569 625 623
f 569 626 625
f 570 627 626
f 571 628 627
f 571 636 628
f 572 637 636
f 572 730 637
f 613 614 706
f 614 615 708
f 615 661 743
f 589 616 597
f 590 591 618
f 589 590 617
f 592 619 593
f 593 620 594
f 594 621 595
f 595 622 596
f 596 623 598
f 592 597 624
f 598 625 599
f 599 626 600
f 600 627 601
f 597 616 624
f 589 617 616
f 590 618 617
f 592 624 619
f 593 619 620
f 594 620 621
f 595 621 622
f 596 622 623
f 598 623 625
f 599 625 626
f 600 626 627
f 601 627 628
f 602 603 629
f 591 602 618
f 603 604 630
f 604 605 631
f 605 606 632
f 606 607 633
f 607 608 634
f 608 647 635
f 601 636 609
f 609 637 610
f 610 638 611
f 611 639 612
f 612 640 613
f 613 641 614
f 614 642 615
f 615 682 661
f 603 630 629
f 602 629 618
f 604 631 630
f 605 632 631
f 606 633 632
f 607 634 633
f 608 635 634
f 635 647 668
f 601 628 636
f 609 636 637
f 610 637 638
f 611 638 639
f 612 639 640
f 613 640 641
f 614 641 642
f 615 642 682
f 637 731 638
f 638 732 639
f 639 733 640
f 640 734 641
f 641 735 642
f 642 764 682
f 603 643 604
f 604 643 605
f 605 643 606
f 606 643 607
f 607 643 608
f 608 643 647
f 643 648 647
f 643 649 648
f 643 650 649
f 643 651 650
f 643 652 651
f 643 653 652
f 643 654 653
f 643 656 654
f 643 657 656
f 643 658 657
f 643 659 658
f 630 631 646
f 631 632 646
f 632 633 646
f 633 634 646
f 634 635 646
f 635 668 646
f 646 668 669
f 646 669 670
f 646 670 671
f 646 671 672
f 646 672 673
f 646 673 674
f 646 674 675
f 646 675 677
f 646 677 678
f 646 678 679
f 646 679 680
f 644 646 645
f 643 753 659
f 661 662 744
f 662 664 745
f 664 665 746
f 663 747 665
f 663 666 748
f 666 667 749
f 655 750 667
f 655 660 752
f 659 753 660
f 643 755 754
f 643 754 753
f 647 648 668
f 648 649 669
f 649 650 670
f 650 651 671
f 651 652 673
f 652 653 674
f 653 654 675
f 654 656 677
f 655 676 660
f 656 657 678
f 657 658 679
f 658 659 680
f 659 660 681
f 661 683 662
f 662 685 664
f 663 665 684
f 664 686 665
f 666 687 667
f 663 684 666
f 655 667 688
f 648 669 668
f 649 670 669
f 650 671 670
f 651 672 671
f 651 673 672
f 652 674 673
f 653 675 674
f 654 677 675
f 660 676 681
f 656 678 677
f 657 679 678
f 658 680 679
f 659 681 680
f 661 682 683
f 662 683 685
f 665 686 684
f 664 685 686
f 666 684 687
f 667 687 688
f 655 688 676
f 646 680 774
f 682 765 683
f 683 766 685
f 685 767 686
f 684 686 768
f 684 769 687
f 687 770 688
f 676 688 771
f 676 773 681
f 680 681 774
f 646 774 775
f 646 775 776
f 584 694 695
f 553 690 689
f 553 689 693
f 585 693 694
f 565 691 690
f 565 692 691
f 564 703 702
f 564 702 692
f 584 695 696
f 587 722 721
f 556 716 717
f 556 720 716
f 588 721 720
f 574 717 718
f 574 718 719
f 573 729 730
f 573 719 729
f 587 723 722
f 613 704 703
f 613 705 704
f 613 706 705
f 614 707 706
f 614 708 707
f 615 743 708
f 637 730 731
f 638 731 732
f 639 732 733
f 640 733 734
f 641 734 735
f 642 735 764
f 689 690 717
f 690 691 718
f 691 692 719
f 693 720 694
f 694 721 695
f 695 722 696
f 696 723 697
f 697 724 698
f 689 716 693
f 698 725 699
f 699 726 700
f 700 727 701
f 689 717 716
f 690 718 717
f 691 719 718
f 693 716 720
f 694 720 721
f 695 721 722
f 696 722 723
f 697 723 724
f 698 724 725
f 699 725 726
f 700 726 727
f 701 727 728
f 702 703 729
f 692 702 719
f 703 704 730
f 704 705 731
f 705 706 732
f 706 707 733
f 707 708 734
f 708 743 735
f 701 736 709
f 709 737 710
f 710 738 711
f 711 739 712
f 712 740 713
f 713 741 714
f 714 742 715
f 715 778 757
f 702 729 719
f 703 730 729
f 704 731 730
f 705 732 731
f 706 733 732
f 707 734 733
f 708 735 734
f 735 743 764
f 701 728 736
f 709 736 737
f 710 737 738
f 711 738 739
f 712 739 740
f 713 740 741
f 714 741 742
f 715 742 778
f 701 709 785
f 709 710 785
f 710 711 785
f 711 712 785
f 712 713 785
f 713 714 785
f 714 715 805
f 715 757 806
f 728 819 736
f 736 820 737
f 737 833 738
f 738 834 739
f 739 835 740
f 740 836 741
f 741 838 742
f 742 839 778
f 661 744 743
f 662 745 744
f 664 746 745
f 665 747 746
f 663 748 747
f 666 749 748
f 667 750 749
f 655 752 750
f 660 753 752
f 643 859 755
f 682 764 765
f 683 765 766
f 685 766 767
f 686 767 768
f 684 768 769
f 687 769 770
f 688 770 771
f 676 771 773
f 681 773 774
f 743 744 764
f 744 745 765
f 745 746 766
f 746 747 767
f 747 748 769
f 748 749 770
f 749 750 771
f 750 752 773
f 751 772 756
f 752 753 774
f 753 754 775
f 754 755 776
f 755 756 777
f 757 779 758
f 758 782 761
f 759 781 760
f 759 761 780
f 762 783 763
f 760 781 762
f 751 763 784
f 744 765 764
f 745 766 765
f 746 767 766
f 747 768 767
f 747 769 768
f 748 770 769
f 749 771 770
f 750 773 771
f 756 772 777
f 752 774 773
f 753 775 774
f 754 776 775
f 755 777 776
f 757 778 779
f 758 779 782
f 759 780 781
f 761 782 780
f 762 781 783
f 763 783 784
f 751 784 772
f 646 776 874
f 757 758 807
f 758 761 808
f 759 851 761
f 762 763 854
f 759 760 852
f 760 762 853
f 755 857 756
f 751 756 856
f 751 855 763
f 778 840 779
f 779 841 782
f 780 782 866
f 783 869 784
f 780 867 781
f 781 868 783
f 776 777 872
f 772 871 777
f 772 784 870
f 343 575 785
f 376 818 579
f 343 785 795
f 345 788 790
f 344 795 788
f 347 789 792
f 346 790 789
f 348 792 791
f 349 791 793
f 351 793 794
f 355 796 797
f 350 794 796
f 354 797 798
f 353 798 799
f 352 799 809
f 378 821 828
f 377 828 818
f 380 823 822
f 379 822 821
f 381 824 825
f 382 825 823
f 383 827 826
f 384 826 824
f 387 830 829
f 388 829 827
f 386 831 830
f 372 842 832
f 385 832 831
f 339 809 1435
f 538 1757 643
f 714 787 786
f 714 786 785
f 714 800 787
f 714 801 800
f 714 802 801
f 714 803 802
f 714 804 803
f 714 805 804
f 715 806 805
f 757 807 806
f 728 818 819
f 736 819 820
f 737 820 833
f 738 833 834
f 739 834 835
f 740 835 836
f 741 836 837
f 741 837 838
f 742 838 839
f 778 839 840
f 785 818 795
f 785 786 819
f 786 787 819
f 788 795 828
f 788 821 790
f 789 790 822
f 789 823 792
f 791 792 825
f 791 824 793
f 793 826 794
f 794 827 796
f 796 829 797
f 797 830 798
f 798 832 799
f 787 800 820
f 800 801 833
f 801 802 834
f 802 803 835
f 803 804 836
f 804 805 837
f 805 806 838
f 806 807 839
f 807 808 840
f 808 851 841
f 799 842 809
f 809 843 810
f 810 844 811
f 811 845 812
f 812 846 813
f 813 847 814
f 814 848 815
f 816 817 849
f 816 877 862
f 815 850 817
f 785 819 818
f 787 820 819
f 788 828 821
f 789 822 823
f 790 821 822
f 792 823 825
f 791 825 824
f 793 824 826
f 794 826 827
f 795 818 828
f 796 827 829
f 797 829 830
f 798 830 831
f 798 831 832
f 800 833 820
f 801 834 833
f 802 835 834
f 803 836 835
f 804 837 836
f 805 838 837
f 806 839 838
f 807 840 839
f 808 841 840
f 841 851 866
f 799 832 842
f 809 842 843
f 810 843 844
f 811 844 845
f 812 845 846
f 813 846 847
f 814 847 848
f 815 848 850
f 816 849 877
f 817 850 849
f 758 808 807
f 761 851 808
f 759 852 851
f 760 853 852
f 763 855 854
f 751 856 855
f 756 857 856
f 762 854 853
f 755 859 857
f 779 840 841
f 782 841 866
f 780 866 867
f 781 867 868
f 784 869 870
f 772 870 871
f 777 871 872
f 783 868 869
f 776 872 874
f 851 852 866
f 852 853 868
f 853 854 869
f 854 855 870
f 855 856 871
f 856 857 872
f 858 873 859
f 857 859 874
f 860 861 876
f 858 860 875
f 862 878 863
f 863 878 864
f 864 879 865
f 861 865 880
f 852 868 867
f 852 867 866
f 853 869 868
f 854 870 869
f 855 871 870
f 857 874 872
f 856 872 871
f 859 873 874
f 860 876 875
f 858 875 873
f 862 877 878
f 864 878 879
f 865 879 880
f 861 880 876
f 645 646 1759
f 809 810 1435
f 810 811 1435
f 811 812 1435
f 812 813 1435
f 813 814 1439
f 814 815 1440
f 815 817 1441
f 816 1442 817
f 816 862 1485
f 842 1468 843
f 843 1467 844
f 844 1469 845
f 845 1470 846
f 846 1472 847
f 847 1473 848
f 848 1474 850
f 849 850 1475
f 849 1500 877
f 860 1491 861
f 858 1493 860
f 858 859 1493
f 862 863 1486
f 863 864 1487
f 864 865 1488
f 861 1490 865
f 643 1757 859
f 875 876 1506
f 873 875 1508
f 873 1508 874
f 877 1501 878
f 878 1502 879
f 879 1503 880
f 876 880 1505
f 646 874 1760
f 1 881 882
f 2 882 1262
f 35 885 915
f 40 886 885
f 41 887 886
f 45 891 887
f 43 888 889
f 44 889 890
f 48 890 894
f 46 892 891
f 47 893 892
f 521 1365 893
f 49 894 895
f 50 895 896
f 525 896 1369
f 35 915 881
f 38 884 918
f 42 918 888
f 881 883 882
f 881 898 899
f 881 899 901
f 881 901 900
f 881 900 902
f 884 909 910
f 881 902 903
f 881 903 904
f 884 911 909
f 882 883 1262
f 883 884 1263
f 885 888 915
f 885 886 888
f 886 889 888
f 886 887 889
f 887 891 890
f 887 890 889
f 890 891 894
f 891 892 894
f 892 893 895
f 892 895 894
f 893 1365 896
f 893 896 895
f 896 1365 1369
f 881 897 898
f 881 915 897
f 884 906 918
f 884 908 907
f 884 907 906
f 884 910 908
f 898 907 899
f 897 906 898
f 899 908 901
f 900 901 910
f 897 918 906
f 898 906 907
f 899 907 908
f 901 908 910
f 900 910 909
f 900 909 902
f 902 911 903
f 903 912 904
f 904 913 905
f 905 914 916
f 902 909 911
f 903 911 912
f 904 912 913
f 905 913 914
f 881 904 905
f 881 905 916
f 881 916 917
f 881 917 921
f 881 921 922
f 881 922 925
f 881 925 926
f 884 912 911
f 884 913 912
f 884 914 913
f 884 919 914
f 884 920 919
f 884 923 920
f 884 924 923
f 884 928 924
f 881 926 927
f 881 927 1385
f 881 1415 883
f 883 1416 884
f 884 929 928
f 884 930 929
f 884 1389 930
f 897 915 918
f 888 918 915
f 916 919 917
f 914 919 916
f 917 919 920
f 917 923 921
f 917 920 923
f 921 924 922
f 922 928 925
f 921 923 924
f 922 924 928
f 925 929 926
f 925 928 929
f 926 929 930
f 926 930 927
f 927 1389 1385
f 927 930 1389
f 51 1261 884
f 441 932 931
f 391 933 934
f 399 937 936
f 398 936 933
f 400 938 937
f 402 939 938
f 403 931 939
f 946 416 954
f 947 417 946
f 994 418 947
f 404 949 948
f 413 951 952
f 406 948 951
f 414 952 953
f 954 415 953
f 299 389 1261
f 1034 935 940
f 1034 940 941
f 314 1264 404
f 1049 955 950
f 1049 956 955
f 1046 958 957
f 1043 959 958
f 442 961 932
f 443 962 961
f 444 963 962
f 444 964 963
f 445 965 964
f 965 446 966
f 966 447 967
f 967 448 968
f 968 449 969
f 450 970 969
f 451 971 970
f 434 980 971
f 437 981 980
f 474 994 995
f 996 475 995
f 997 476 996
f 998 477 997
f 998 999 478
f 478 999 1000
f 478 1000 1001
f 1002 480 1001
f 482 1002 1003
f 483 1003 1004
f 484 1004 1013
f 467 1013 1014
f 470 1014 1015
f 470 1015 1016
f 470 1024 1026
f 470 1016 1024
f 1098 1018 1019
f 1098 1023 1018
f 52 1262 1264
f 1034 941 942
f 1034 942 943
f 1032 943 944
f 1028 944 945
f 1029 945 972
f 1031 1033 943
f 1033 1034 943
f 1031 943 1032
f 1027 944 1028
f 1028 945 1029
f 1029 972 1030
f 1027 1032 944
f 1261 389 934
f 1049 957 956
f 1044 960 959
f 1045 1005 960
f 1042 958 1046
f 1048 957 1049
f 1047 957 1048
f 1046 957 1047
f 1042 1043 958
f 1043 1044 959
f 1044 1045 960
f 1264 949 404
f 1027 1042 1032
f 1027 1028 1043
f 1028 1029 1044
f 1029 1030 1044
f 1031 1047 1033
f 1031 1032 1046
f 1034 1049 1035
f 1033 1048 1034
f 1035 1050 1036
f 1036 1051 1037
f 1037 1052 1038
f 1038 1053 1039
f 1039 1054 1040
f 1040 1056 1041
f 1032 1042 1046
f 1027 1043 1042
f 1028 1044 1043
f 1030 1045 1044
f 1033 1047 1048
f 1031 1046 1047
f 1034 1048 1049
f 1036 1050 1051
f 1035 1049 1050
f 1037 1051 1052
f 1038 1052 1053
f 1039 1053 1054
f 1040 1055 1056
f 1040 1054 1055
f 1261 934 935
f 1034 1035 1131
f 1038 1039 1124
f 1035 1036 1130
f 1036 1037 1135
f 1037 1038 1123
f 1039 1040 1126
f 1040 1041 1127
f 1041 1066 1125
f 1066 1067 1128
f 1264 950 949
f 1049 1152 1050
f 1053 1145 1054
f 1050 1151 1051
f 1051 1156 1052
f 1052 1144 1053
f 1054 1147 1055
f 1055 1148 1056
f 1056 1146 1099
f 1099 1149 1100
f 1030 972 973
f 1057 973 974
f 1059 974 977
f 1060 977 978
f 1061 978 979
f 1062 979 975
f 1063 975 976
f 1064 976 984
f 1030 973 1058
f 1057 1058 973
f 1057 974 1059
f 1059 977 1060
f 1060 978 1061
f 1061 979 1062
f 1062 975 1063
f 1063 976 1064
f 1064 984 1065
f 1090 1006 1005
f 1092 1007 1006
f 1093 1010 1007
f 1094 1011 1010
f 1095 1012 1011
f 1097 1008 1012
f 1098 1009 1008
f 1098 1017 1009
f 1098 1019 1017
f 1045 1091 1005
f 1090 1005 1091
f 1090 1092 1006
f 1092 1093 1007
f 1093 1094 1010
f 1094 1095 1011
f 1095 1096 1012
f 1096 1097 1012
f 1097 1098 1008
f 1057 1059 1090
f 1030 1058 1045
f 1057 1091 1058
f 1059 1060 1092
f 1060 1061 1093
f 1061 1062 1094
f 1062 1063 1095
f 1063 1064 1096
f 1064 1065 1097
f 1065 1075 1098
f 1041 1099 1066
f 1066 1100 1067
f 1067 1101 1068
f 1068 1102 1069
f 1069 1103 1070
f 1070 1104 1071
f 1071 1105 1072
f 1072 1106 1073
f 1073 1107 1074
f 1074 1120 1087
f 1075 1076 1108
f 1076 1077 1110
f 1077 1078 1111
f 1078 1080 1113
f 1080 1081 1114
f 1081 1082 1116
f 1082 1083 1115
f 1083 1085 1118
f 1084 1117 1085
f 1084 1086 1119
f 1079 1112 1086
f 1087 1121 1088
f 1088 1121 1089
f 1079 1089 1122
f 1057 1090 1091
f 1045 1058 1091
f 1059 1092 1090
f 1060 1093 1092
f 1061 1094 1093
f 1062 1095 1094
f 1063 1096 1095
f 1064 1097 1096
f 1065 1098 1097
f 1075 1108 1098
f 1041 1056 1099
f 1066 1099 1100
f 1067 1100 1101
f 1068 1101 1102
f 1069 1102 1103
f 1070 1103 1104
f 1071 1104 1105
f 1072 1105 1106
f 1073 1106 1107
f 1074 1107 1120
f 1076 1109 1108
f 1076 1110 1109
f 1077 1111 1110
f 1078 1113 1111
f 1079 1122 1112
f 1080 1114 1113
f 1081 1116 1114
f 1082 1115 1116
f 1083 1118 1115
f 1084 1119 1117
f 1085 1117 1118
f 1086 1112 1119
f 1087 1120 1121
f 1089 1121 1122
f 1067 1068 1129
f 1068 1069 1165
f 1069 1070 1165
f 1070 1071 1167
f 1071 1072 1167
f 1072 1073 1168
f 1073 1074 1169
f 1074 1087 1170
f 1087 1088 1171
f 1088 1089 1179
f 1100 1150 1101
f 1101 1192 1102
f 1102 1192 1103
f 1435 981 439
f 842 1026 1025
f 842 1021 1020
f 842 1025 1021
f 842 1022 1023
f 842 1020 1022
f 842 1023 1098
f 1435 986 985
f 1435 982 981
f 1435 983 982
f 1435 991 983
f 1435 992 993
f 1435 993 991
f 1435 985 990
f 1435 990 989
f 1435 989 987
f 1435 987 988
f 1435 988 992
f 1079 1515 1089
f 1103 1519 1104
f 1104 1519 1105
f 1120 1519 1121
f 1105 1519 1106
f 1106 1519 1107
f 1107 1519 1120
f 1121 1519 1122
f 1112 1122 1519
f 1435 984 986
f 1065 984 1435
f 1065 1422 1075
f 1075 1421 1076
f 1076 1420 1077
f 1078 1424 1080
f 1077 1419 1078
f 1080 1423 1081
f 1081 1426 1082
f 1082 1425 1083
f 1084 1085 1427
f 1083 1428 1085
f 1079 1086 1430
f 1084 1429 1086
f 1108 1109 1455
f 1098 1108 1468
f 1109 1110 1454
f 1111 1113 1452
f 1110 1111 1453
f 1114 1116 1456
f 1113 1114 1457
f 1115 1118 1458
f 1115 1459 1116
f 1117 1119 1461
f 1117 1460 1118
f 1112 1462 1119
f 883 1263 1262
f 884 1261 1263
f 1034 1261 935
f 1037 1123 1135
f 1036 1135 1130
f 1035 1130 1131
f 1039 1126 1124
f 1040 1127 1126
f 1038 1124 1123
f 1041 1125 1127
f 1066 1128 1125
f 1067 1129 1128
f 1049 950 1264
f 1052 1156 1144
f 1051 1151 1156
f 1050 1152 1151
f 1054 1145 1147
f 1055 1147 1148
f 1053 1144 1145
f 1056 1148 1146
f 1099 1146 1149
f 1100 1149 1150
f 1034 1131 1261
f 1133 1134 1226
f 1134 1136 1226
f 1136 1137 1231
f 1137 1138 1219
f 1138 1139 1220
f 1139 1140 1223
f 1140 1141 1221
f 1141 1142 1222
f 1142 1143 1224
f 1049 1264 1152
f 1123 1144 1135
f 1124 1126 1147
f 1123 1124 1145
f 1125 1148 1127
f 1126 1127 1147
f 1125 1128 1146
f 1128 1129 1149
f 1130 1151 1131
f 1131 1152 1132
f 1132 1153 1133
f 1133 1154 1134
f 1130 1135 1156
f 1134 1155 1136
f 1136 1157 1137
f 1137 1158 1138
f 1138 1159 1139
f 1139 1161 1140
f 1140 1162 1141
f 1141 1163 1142
f 1142 1164 1143
f 1135 1144 1156
f 1123 1145 1144
f 1124 1147 1145
f 1125 1146 1148
f 1127 1148 1147
f 1128 1149 1146
f 1129 1150 1149
f 1131 1151 1152
f 1132 1152 1153
f 1133 1153 1154
f 1134 1154 1155
f 1130 1156 1151
f 1136 1155 1157
f 1137 1157 1158
f 1138 1158 1159
f 1139 1159 1160
f 1139 1160 1161
f 1140 1161 1162
f 1141 1162 1163
f 1142 1163 1164
f 1154 1247 1155
f 1155 1252 1157
f 1157 1252 1158
f 1158 1240 1159
f 1159 1241 1160
f 1160 1244 1161
f 1161 1242 1162
f 1162 1243 1163
f 1163 1245 1164
f 1068 1165 1129
f 1070 1166 1165
f 1070 1167 1166
f 1072 1168 1167
f 1073 1169 1168
f 1074 1170 1169
f 1087 1171 1170
f 1088 1179 1171
f 1101 1150 1192
f 1103 1192 1193
f 1103 1193 1194
f 1103 1194 1195
f 1103 1195 1196
f 1103 1196 1197
f 1103 1197 1198
f 1103 1198 1206
f 1143 1172 1225
f 1172 1173 1265
f 1173 1174 1266
f 1174 1175 1266
f 1175 1176 1266
f 1176 1177 1266
f 1129 1165 1150
f 1165 1166 1192
f 1166 1167 1193
f 1167 1168 1194
f 1168 1169 1195
f 1169 1170 1196
f 1170 1171 1197
f 1171 1179 1198
f 1143 1199 1172
f 1172 1200 1173
f 1173 1201 1174
f 1174 1202 1175
f 1175 1203 1176
f 1176 1204 1177
f 1178 1215 1188
f 1177 1205 1178
f 1150 1165 1192
f 1166 1193 1192
f 1167 1194 1193
f 1168 1195 1194
f 1169 1196 1195
f 1170 1197 1196
f 1171 1198 1197
f 1179 1206 1198
f 1143 1164 1199
f 1172 1199 1200
f 1173 1200 1201
f 1174 1201 1202
f 1175 1202 1203
f 1176 1203 1204
f 1177 1204 1205
f 1178 1205 1215
f 1179 1180 1207
f 1180 1181 1208
f 1181 1182 1209
f 1187 1191 1218
f 1182 1183 1210
f 1183 1184 1211
f 1184 1185 1212
f 1185 1186 1213
f 1186 1187 1214
f 1188 1215 1189
f 1189 1216 1190
f 1190 1217 1191
f 1179 1207 1206
f 1180 1208 1207
f 1181 1209 1208
f 1182 1210 1209
f 1183 1211 1210
f 1184 1212 1211
f 1185 1213 1212
f 1186 1214 1213
f 1187 1218 1214
f 1189 1215 1216
f 1190 1216 1217
f 1191 1217 1218
f 1164 1246 1199
f 1199 1292 1200
f 1177 1178 1332
f 1178 1188 1332
f 1188 1189 1331
f 1189 1190 1331
f 1186 1319 1187
f 1190 1191 1349
f 1187 1319 1191
f 1184 1320 1185
f 1185 1320 1186
f 1132 1133 1261
f 1131 1132 1261
f 1133 1226 1227
f 1136 1231 1226
f 1137 1219 1231
f 1138 1220 1219
f 1139 1223 1220
f 1140 1221 1223
f 1141 1222 1221
f 1142 1224 1222
f 1143 1225 1224
f 1133 1227 1261
f 1152 1264 1153
f 1153 1264 1154
f 1154 1248 1247
f 1155 1247 1252
f 1158 1252 1240
f 1159 1240 1241
f 1160 1241 1244
f 1161 1244 1242
f 1162 1242 1243
f 1163 1243 1245
f 1164 1245 1246
f 1154 1264 1248
f 1219 1240 1231
f 1220 1223 1244
f 1219 1220 1241
f 1221 1222 1242
f 1221 1244 1223
f 1222 1224 1243
f 1224 1225 1245
f 1226 1247 1227
f 1227 1248 1228
f 1228 1249 1229
f 1229 1250 1230
f 1226 1231 1252
f 1230 1251 1232
f 1232 1253 1233
f 1233 1254 1234
f 1234 1255 1235
f 1235 1257 1236
f 1236 1258 1237
f 1237 1259 1238
f 1238 1260 1239
f 1231 1240 1252
f 1219 1241 1240
f 1220 1244 1241
f 1222 1243 1242
f 1221 1242 1244
f 1224 1245 1243
f 1225 1246 1245
f 1227 1247 1248
f 1228 1248 1249
f 1229 1249 1250
f 1230 1250 1251
f 1226 1252 1247
f 1232 1251 1253
f 1233 1253 1254
f 1234 1254 1255
f 1235 1255 1256
f 1235 1256 1257
f 1236 1257 1258
f 1237 1258 1259
f 1238 1259 1260
f 1262 1263 1264
f 1227 1228 1261
f 1228 1229 1261
f 1229 1230 1261
f 1230 1232 1261
f 1232 1233 1261
f 1233 1234 1261
f 1234 1235 1261
f 1235 1236 1261
f 1236 1237 1261
f 1237 1238 1261
f 1238 1239 1261
f 1239 1272 1261
f 1261 1272 1273
f 1261 1273 1274
f 1261 1274 1275
f 1261 1275 1276
f 1261 1276 1277
f 1248 1264 1249
f 1249 1264 1250
f 1250 1264 1251
f 1251 1264 1253
f 1253 1264 1254
f 1254 1264 1255
f 1255 1264 1256
f 1256 1264 1257
f 1257 1264 1258
f 1258 1264 1259
f 1259 1264 1260
f 1260 1264 1299
f 1264 1300 1299
f 1264 1301 1300
f 1172 1265 1225
f 1173 1266 1265
f 1199 1246 1292
f 1200 1292 1293
f 1200 1293 1294
f 1200 1294 1295
f 1200 1295 1296
f 1200 1296 1297
f 1225 1265 1246
f 1265 1266 1292
f 1266 1267 1293
f 1267 1268 1294
f 1268 1269 1295
f 1269 1270 1296
f 1270 1271 1297
f 1271 1279 1298
f 1239 1299 1272
f 1272 1300 1273
f 1273 1301 1274
f 1274 1302 1275
f 1275 1303 1276
f 1276 1304 1277
f 1278 1316 1289
f 1277 1305 1278
f 1246 1265 1292
f 1266 1293 1292
f 1267 1294 1293
f 1268 1295 1294
f 1269 1296 1295
f 1270 1297 1296
f 1271 1298 1297
f 1279 1306 1298
f 1239 1260 1299
f 1272 1299 1300
f 1273 1300 1301
f 1274 1301 1302
f 1275 1302 1303
f 1276 1303 1304
f 1278 1305 1316
f 1277 1304 1305
f 1279 1280 1307
f 1280 1281 1308
f 1281 1282 1309
f 1283 1310 1288
f 1282 1284 1311
f 1284 1285 1312
f 1285 1286 1313
f 1286 1287 1314
f 1287 1288 1315
f 1290 1317 1291
f 1289 1316 1290
f 1283 1291 1318
f 1279 1307 1306
f 1280 1308 1307
f 1281 1309 1308
f 1282 1311 1309
f 1284 1312 1311
f 1285 1313 1312
f 1286 1314 1313
f 1287 1315 1314
f 1288 1310 1315
f 1290 1316 1317
f 1291 1317 1318
f 1283 1318 1310
f 1177 1333 1266
f 1266 1336 1267
f 1267 1336 1268
f 1268 1336 1269
f 1269 1336 1270
f 1270 1336 1271
f 1271 1336 1279
f 1279 1336 1280
f 1280 1336 1281
f 1281 1336 1282
f 1282 1336 1284
f 1284 1336 1285
f 1285 1337 1286
f 1286 1337 1287
f 1287 1338 1288
f 1283 1339 1291
f 1283 1288 1339
f 1289 1290 1350
f 1290 1291 1350
f 1278 1289 1351
f 1277 1278 1355
f 1200 1297 1342
f 1297 1298 1342
f 1298 1306 1344
f 1306 1307 1344
f 1307 1308 1343
f 1308 1309 1343
f 1309 1311 1345
f 1311 1312 1345
f 1312 1313 1346
f 1313 1314 1346
f 1314 1315 1347
f 1310 1318 1348
f 1310 1348 1315
f 1316 1353 1317
f 1317 1353 1318
f 1301 1357 1302
f 1302 1357 1303
f 1305 1354 1316
f 1303 1357 1304
f 1304 1357 1305
f 1261 1277 1355
f 1264 1357 1301
f 1089 1327 1179
f 1103 1206 1519
f 1089 1515 1327
f 1181 1325 1182
f 1183 1321 1184
f 1182 1325 1183
f 1180 1326 1181
f 1179 1327 1180
f 1188 1331 1332
f 1177 1332 1333
f 1190 1349 1331
f 1206 1207 1519
f 1207 1208 1519
f 1208 1209 1519
f 1209 1210 1519
f 1210 1211 1519
f 1211 1212 1519
f 1213 1214 1519
f 1212 1213 1519
f 1214 1218 1519
f 1200 1519 1201
f 1203 1519 1204
f 1201 1519 1202
f 1202 1519 1203
f 1204 1519 1205
f 1205 1519 1215
f 1215 1519 1216
f 1217 1519 1218
f 1216 1519 1217
f 1200 1341 1340
f 1200 1342 1341
f 1200 1340 1352
f 1200 1352 1322
f 1200 1322 1323
f 1186 1320 1319
f 1184 1321 1320
f 1191 1319 1349
f 1181 1326 1325
f 1183 1325 1321
f 1180 1327 1326
f 1200 1323 1324
f 1200 1324 1328
f 1200 1328 1329
f 1200 1329 1330
f 1200 1330 1519
f 1319 1322 1349
f 1319 1320 1322
f 1320 1323 1322
f 1320 1321 1323
f 1321 1325 1324
f 1321 1324 1323
f 1324 1325 1328
f 1325 1326 1328
f 1326 1327 1329
f 1326 1329 1328
f 1327 1515 1330
f 1327 1330 1329
f 1330 1515 1519
f 1266 1333 1335
f 1266 1335 1334
f 1266 1334 1336
f 1285 1336 1337
f 1287 1337 1338
f 1288 1338 1339
f 1291 1339 1350
f 1289 1350 1351
f 1298 1344 1342
f 1307 1343 1344
f 1309 1345 1343
f 1312 1346 1345
f 1314 1347 1346
f 1315 1348 1347
f 1318 1353 1348
f 1316 1354 1353
f 1278 1351 1355
f 1332 1341 1333
f 1331 1340 1332
f 1333 1342 1335
f 1334 1335 1344
f 1331 1352 1340
f 1332 1340 1341
f 1333 1341 1342
f 1335 1342 1344
f 1334 1344 1343
f 1305 1357 1354
f 1334 1343 1336
f 1336 1345 1337
f 1337 1346 1338
f 1338 1347 1339
f 1339 1348 1350
f 1336 1343 1345
f 1337 1345 1346
f 1338 1346 1347
f 1339 1347 1348
f 1261 1355 1356
f 1261 1356 1359
f 1264 1358 1357
f 1264 1362 1358
f 1264 1363 1362
f 1261 1359 1360
f 1261 1360 1361
f 1261 1361 1535
f 1264 1364 1363
f 1264 1539 1364
f 1263 1758 1264
f 1261 1758 1263
f 1331 1349 1352
f 1322 1352 1349
f 1350 1353 1351
f 1348 1353 1350
f 1351 1353 1354
f 1351 1357 1355
f 1351 1354 1357
f 1355 1358 1356
f 1356 1362 1359
f 1355 1357 1358
f 1356 1358 1362
f 1359 1363 1360
f 1359 1362 1363
f 1360 1363 1364
f 1360 1364 1361
f 1361 1539 1535
f 1361 1364 1539
f 521 1366 1365
f 522 1367 1366
f 523 1368 1367
f 525 1369 1370
f 526 1370 1371
f 527 1371 1372
f 524 1373 1368
f 529 1374 1373
f 530 1375 1374
f 499 1379 1375
f 528 1372 1376
f 532 1376 1377
f 533 1377 1378
f 534 1378 1382
f 499 1415 1379
f 502 1382 1418
f 537 1417 1415
f 538 1418 1757
f 1365 1366 1369
f 1366 1367 1370
f 1366 1370 1369
f 1367 1368 1371
f 1367 1371 1370
f 1368 1372 1371
f 1368 1373 1372
f 1373 1374 1376
f 1372 1373 1376
f 1374 1377 1376
f 1374 1375 1377
f 1375 1378 1377
f 1375 1382 1378
f 1375 1379 1382
f 1379 1406 1382
f 1380 1383 1381
f 1381 1384 1404
f 1381 1383 1384
f 1385 1390 1386
f 1385 1389 1390
f 1386 1390 1391
f 1386 1391 1387
f 1387 1392 1388
f 1387 1391 1392
f 881 1385 1415
f 884 1418 1389
f 1388 1395 1393
f 1393 1396 1394
f 1388 1392 1395
f 1393 1395 1396
f 1380 1394 1383
f 1383 1394 1396
f 1379 1397 1406
f 1397 1398 1407
f 1398 1399 1408
f 1399 1400 1409
f 1400 1401 1410
f 1397 1407 1406
f 1398 1408 1407
f 1399 1409 1408
f 1400 1410 1409
f 1403 1405 1414
f 1401 1402 1411
f 1402 1403 1412
f 1404 1413 1405
f 1402 1412 1411
f 1401 1411 1410
f 1403 1414 1412
f 1384 1413 1404
f 1405 1413 1414
f 1379 1415 1397
f 1397 1415 1398
f 1382 1406 1418
f 1406 1407 1418
f 1407 1408 1418
f 1408 1409 1418
f 1385 1386 1415
f 1386 1387 1415
f 883 1415 1416
f 884 1416 1418
f 1389 1418 1390
f 1390 1418 1391
f 1391 1418 1392
f 1387 1388 1415
f 1393 1394 1415
f 1388 1393 1415
f 1381 1404 1415
f 1404 1405 1415
f 1380 1415 1394
f 1380 1381 1415
f 1392 1418 1395
f 1383 1396 1418
f 1395 1418 1396
f 1411 1412 1418
f 1413 1418 1414
f 1412 1414 1418
f 1383 1418 1384
f 1384 1418 1413
f 1398 1415 1399
f 1399 1415 1400
f 1400 1415 1401
f 1401 1415 1402
f 1409 1410 1418
f 1402 1415 1403
f 1403 1415 1405
f 1410 1411 1418
f 1415 1417 1416
f 1416 1757 1418
f 1416 1417 1758
f 842 1098 1468
f 1076 1421 1420
f 1078 1419 1424
f 1077 1420 1419
f 1075 1422 1421
f 1065 1435 1422
f 1081 1423 1426
f 1080 1424 1423
f 1083 1425 1428
f 1082 1426 1425
f 1085 1428 1427
f 1084 1427 1429
f 1086 1429 1430
f 1113 1457 1452
f 1111 1452 1453
f 1109 1454 1455
f 1108 1455 1468
f 1110 1453 1454
f 1116 1459 1456
f 1114 1456 1457
f 1115 1458 1459
f 1117 1461 1460
f 1118 1460 1458
f 1119 1462 1461
f 1112 1463 1462
f 1079 1430 1515
f 1112 1519 1463
f 1431 1432 1515
f 1430 1431 1515
f 1432 1433 1515
f 1433 1443 1515
f 1443 1444 1515
f 1444 1445 1515
f 1445 1446 1515
f 1446 1447 1515
f 1463 1519 1464
f 645 1759 1417
f 813 1434 1435
f 813 1436 1434
f 813 1437 1436
f 813 1438 1437
f 813 1439 1438
f 814 1440 1439
f 815 1441 1440
f 817 1442 1441
f 816 1485 1442
f 843 1468 1467
f 844 1467 1469
f 845 1469 1470
f 846 1470 1471
f 846 1471 1472
f 847 1472 1473
f 848 1473 1474
f 850 1474 1475
f 849 1475 1500
f 862 1486 1485
f 863 1487 1486
f 864 1488 1487
f 865 1490 1488
f 861 1491 1490
f 859 1492 1493
f 860 1493 1491
f 877 1500 1501
f 878 1501 1502
f 879 1502 1503
f 880 1503 1505
f 876 1505 1506
f 875 1506 1508
f 874 1508 1507
f 1419 1452 1424
f 1420 1421 1454
f 1419 1420 1453
f 1421 1422 1454
f 1423 1456 1426
f 1423 1424 1457
f 1425 1458 1428
f 1425 1426 1459
f 1427 1428 1460
f 1427 1461 1429
f 1429 1462 1430
f 1430 1463 1431
f 1431 1464 1432
f 1432 1466 1433
f 1434 1436 1467
f 1422 1435 1455
f 1434 1468 1435
f 1436 1437 1469
f 1437 1438 1470
f 1438 1439 1471
f 1439 1440 1472
f 1440 1441 1473
f 1441 1442 1474
f 1442 1485 1475
f 1433 1476 1443
f 1443 1477 1444
f 1444 1478 1445
f 1445 1479 1446
f 1446 1480 1447
f 1447 1481 1448
f 1448 1482 1449
f 1449 1483 1450
f 1450 1484 1451
f 1451 1512 1497
f 1424 1452 1457
f 1419 1453 1452
f 1420 1454 1453
f 1422 1455 1454
f 1423 1457 1456
f 1426 1456 1459
f 1425 1459 1458
f 1427 1460 1461
f 1428 1458 1460
f 1429 1461 1462
f 1430 1462 1463
f 1431 1463 1464
f 1432 1464 1465
f 1432 1465 1466
f 1434 1467 1468
f 1436 1469 1467
f 1435 1468 1455
f 1437 1470 1469
f 1438 1471 1470
f 1439 1472 1471
f 1440 1473 1472
f 1441 1474 1473
f 1442 1475 1474
f 1475 1485 1500
f 1433 1466 1476
f 1443 1476 1477
f 1444 1477 1478
f 1445 1478 1479
f 1446 1479 1480
f 1447 1480 1481
f 1448 1481 1482
f 1449 1482 1483
f 1450 1483 1484
f 1451 1484 1512
f 1447 1448 1584
f 1448 1449 1584
f 1449 1450 1619
f 1464 1594 1465
f 1465 1606 1466
f 1466 1605 1476
f 1476 1607 1477
f 1477 1608 1478
f 1478 1609 1479
f 1479 1609 1480
f 1480 1611 1481
f 1481 1611 1482
f 1482 1640 1483
f 859 1757 1492
f 1485 1486 1500
f 1486 1487 1502
f 1487 1488 1503
f 1488 1490 1505
f 1489 1504 1496
f 1490 1491 1506
f 1491 1493 1508
f 1492 1507 1493
f 1492 1495 1510
f 1494 1509 1495
f 1494 1496 1511
f 1498 1513 1499
f 1497 1513 1498
f 1489 1499 1514
f 1486 1501 1500
f 1486 1502 1501
f 1487 1503 1502
f 1488 1505 1503
f 1489 1514 1504
f 1490 1506 1505
f 1491 1508 1506
f 1492 1510 1507
f 1493 1507 1508
f 1494 1511 1509
f 1495 1509 1510
f 1496 1504 1511
f 1497 1512 1513
f 1499 1513 1514
f 874 1507 1760
f 646 1760 1759
f 1450 1451 1620
f 1451 1497 1621
f 1497 1498 1622
f 1498 1499 1623
f 1489 1624 1499
f 1489 1496 1625
f 1494 1631 1496
f 1494 1495 1632
f 1492 1633 1495
f 1483 1641 1484
f 1484 1642 1512
f 1512 1643 1513
f 1513 1644 1514
f 1504 1514 1645
f 1504 1646 1511
f 1509 1511 1652
f 1509 1653 1510
f 1507 1510 1654
f 1515 1516 1519
f 1516 1517 1520
f 1516 1520 1519
f 1517 1518 1521
f 1517 1521 1520
f 1518 1522 1521
f 1518 1523 1522
f 1523 1524 1526
f 1522 1523 1526
f 1524 1527 1526
f 1524 1525 1527
f 1525 1528 1527
f 1525 1532 1528
f 1464 1519 1520
f 1447 1567 1515
f 1464 1520 1594
f 1515 1590 1516
f 1516 1590 1517
f 1517 1590 1518
f 1518 1590 1523
f 1523 1590 1524
f 1520 1521 1593
f 1521 1522 1592
f 1522 1526 1595
f 1526 1527 1596
f 1527 1528 1598
f 1528 1532 1601
f 1515 1566 1565
f 1515 1573 1568
f 1515 1565 1573
f 1515 1568 1569
f 1515 1569 1570
f 1515 1571 1572
f 1515 1570 1571
f 1515 1572 1574
f 1515 1567 1566
f 1524 1590 1525
f 1525 1590 1529
f 1529 1590 1547
f 1547 1590 1548
f 1548 1590 1549
f 1515 1574 1575
f 1515 1575 1576
f 1515 1576 1577
f 1515 1577 1585
f 1515 1585 1586
f 1515 1586 1587
f 1515 1587 1588
f 1515 1588 1589
f 1515 1589 1590
f 1520 1593 1594
f 1521 1592 1593
f 1522 1600 1592
f 1522 1595 1600
f 1526 1596 1595
f 1532 1556 1602
f 1556 1557 1604
f 1557 1558 1613
f 1525 1529 1532
f 1529 1556 1532
f 1530 1533 1531
f 1531 1534 1554
f 1531 1533 1534
f 1261 1535 1757
f 1535 1540 1536
f 1535 1539 1540
f 1536 1540 1541
f 1536 1541 1537
f 1537 1542 1538
f 1537 1541 1542
f 1264 1760 1539
f 1538 1545 1543
f 1543 1546 1544
f 1538 1542 1545
f 1543 1545 1546
f 1530 1544 1533
f 1533 1544 1546
f 1530 1681 1544
f 1529 1547 1556
f 1547 1548 1557
f 1548 1549 1558
f 1549 1550 1559
f 1550 1551 1560
f 1547 1557 1556
f 1548 1558 1557
f 1549 1559 1558
f 1550 1560 1559
f 1553 1555 1564
f 1551 1552 1561
f 1552 1553 1562
f 1554 1563 1555
f 1552 1562 1561
f 1551 1561 1560
f 1553 1564 1562
f 1534 1563 1554
f 1555 1563 1564
f 1533 1546 1708
f 1549 1674 1550
f 1550 1662 1551
f 1551 1669 1552
f 1552 1665 1553
f 1554 1555 1668
f 1531 1554 1671
f 1530 1531 1673
f 1553 1667 1555
f 1558 1559 1706
f 1561 1562 1692
f 1563 1695 1564
f 1534 1698 1563
f 1533 1700 1534
f 1562 1564 1694
f 1559 1560 1706
f 1560 1561 1706
f 1535 1536 1757
f 1536 1537 1757
f 1537 1538 1757
f 1539 1760 1540
f 1540 1760 1541
f 1261 1757 1758
f 1264 1758 1760
f 1538 1543 1757
f 1543 1544 1757
f 1541 1760 1542
f 1545 1760 1546
f 1542 1760 1545
f 1416 1758 1757
f 1417 1759 1758
f 1447 1579 1567
f 1447 1578 1579
f 1447 1580 1578
f 1447 1581 1580
f 1447 1582 1581
f 1447 1583 1582
f 1447 1584 1583
f 1449 1619 1584
f 1465 1594 1606
f 1466 1606 1605
f 1476 1605 1607
f 1477 1607 1608
f 1478 1608 1609
f 1480 1609 1610
f 1480 1610 1611
f 1482 1611 1640
f 1527 1597 1596
f 1527 1598 1597
f 1528 1599 1598
f 1528 1601 1599
f 1532 1602 1601
f 1556 1603 1602
f 1556 1604 1603
f 1557 1612 1604
f 1557 1613 1612
f 1590 1591 1680
f 1591 1626 1715
f 1565 1592 1573
f 1566 1567 1594
f 1565 1566 1593
f 1568 1595 1569
f 1569 1596 1570
f 1570 1597 1571
f 1571 1598 1572
f 1572 1599 1574
f 1568 1573 1600
f 1574 1601 1575
f 1575 1602 1576
f 1576 1603 1577
f 1573 1592 1600
f 1565 1593 1592
f 1566 1594 1593
f 1568 1600 1595
f 1569 1595 1596
f 1570 1596 1597
f 1571 1597 1598
f 1572 1598 1599
f 1574 1599 1601
f 1575 1601 1602
f 1576 1602 1603
f 1577 1603 1604
f 1578 1606 1579
f 1567 1579 1594
f 1578 1580 1605
f 1580 1581 1607
f 1581 1582 1608
f 1582 1583 1609
f 1583 1584 1610
f 1584 1619 1611
f 1577 1612 1585
f 1585 1613 1586
f 1586 1614 1587
f 1587 1615 1588
f 1588 1616 1589
f 1589 1617 1590
f 1590 1618 1591
f 1591 1647 1626
f 1578 1605 1606
f 1579 1606 1594
f 1580 1607 1605
f 1581 1608 1607
f 1582 1609 1608
f 1583 1610 1609
f 1584 1611 1610
f 1611 1619 1640
f 1577 1604 1612
f 1585 1612 1613
f 1586 1613 1614
f 1587 1614 1615
f 1588 1615 1616
f 1589 1616 1617
f 1590 1617 1618
f 1591 1618 1647
f 1613 1706 1614
f 1614 1706 1615
f 1615 1706 1616
f 1616 1706 1617
f 1617 1707 1618
f 1618 1736 1647
f 1450 1620 1619
f 1451 1621 1620
f 1497 1622 1621
f 1498 1623 1622
f 1499 1624 1623
f 1489 1625 1624
f 1496 1631 1625
f 1494 1632 1631
f 1495 1633 1632
f 1483 1640 1641
f 1484 1641 1642
f 1512 1642 1643
f 1513 1643 1644
f 1514 1644 1645
f 1504 1645 1646
f 1511 1646 1652
f 1509 1652 1653
f 1510 1653 1654
f 1492 1757 1633
f 1626 1627 1716
f 1627 1629 1717
f 1629 1630 1718
f 1628 1719 1630
f 1628 1637 1720
f 1638 1639 1727
f 1636 1729 1639
f 1637 1638 1721
f 1635 1729 1636
f 1619 1620 1640
f 1620 1621 1641
f 1621 1622 1642
f 1622 1623 1643
f 1623 1624 1645
f 1624 1625 1646
f 1625 1631 1652
f 1626 1648 1627
f 1627 1650 1629
f 1628 1630 1649
f 1629 1651 1630
f 1631 1632 1653
f 1636 1639 1660
f 1632 1633 1654
f 1633 1634 1655
f 1634 1635 1656
f 1635 1636 1657
f 1628 1649 1637
f 1637 1658 1638
f 1638 1659 1639
f 1620 1641 1640
f 1621 1642 1641
f 1622 1643 1642
f 1623 1644 1643
f 1623 1645 1644
f 1624 1646 1645
f 1625 1652 1646
f 1626 1647 1648
f 1627 1648 1650
f 1629 1650 1651
f 1630 1651 1649
f 1631 1653 1652
f 1636 1660 1657
f 1632 1654 1653
f 1633 1655 1654
f 1634 1656 1655
f 1635 1657 1656
f 1637 1649 1658
f 1638 1658 1659
f 1639 1659 1660
f 1507 1654 1760
f 1647 1737 1648
f 1648 1738 1650
f 1650 1739 1651
f 1649 1651 1740
f 1649 1741 1658
f 1659 1748 1660
f 1657 1660 1748
f 1658 1742 1659
f 1656 1657 1750
f 1549 1590 1675
f 1549 1675 1674
f 1550 1674 1663
f 1550 1663 1662
f 1552 1669 1664
f 1552 1664 1665
f 1551 1661 1669
f 1551 1662 1661
f 1530 1673 1681
f 1544 1681 1682
f 1544 1682 1683
f 1553 1665 1666
f 1553 1666 1667
f 1555 1667 1668
f 1554 1668 1670
f 1554 1670 1671
f 1531 1671 1672
f 1531 1672 1673
f 1544 1683 1684
f 1544 1684 1685
f 1558 1706 1613
f 1561 1691 1696
f 1561 1692 1691
f 1561 1696 1688
f 1561 1688 1689
f 1561 1690 1701
f 1561 1689 1690
f 1533 1708 1700
f 1546 1709 1708
f 1562 1693 1692
f 1562 1694 1693
f 1564 1695 1694
f 1563 1697 1695
f 1563 1698 1697
f 1534 1699 1698
f 1534 1700 1699
f 1561 1701 1702
f 1561 1702 1703
f 1561 1703 1704
f 1561 1704 1705
f 1561 1705 1706
f 1590 1676 1675
f 1590 1677 1676
f 1590 1678 1677
f 1590 1679 1678
f 1590 1680 1679
f 1591 1715 1680
f 1617 1706 1707
f 1618 1707 1736
f 1661 1688 1669
f 1662 1663 1690
f 1661 1662 1689
f 1664 1691 1665
f 1665 1692 1666
f 1666 1693 1667
f 1667 1694 1668
f 1668 1695 1670
f 1664 1669 1696
f 1670 1697 1671
f 1671 1698 1672
f 1672 1699 1673
f 1669 1688 1696
f 1661 1689 1688
f 1662 1690 1689
f 1664 1696 1691
f 1665 1691 1692
f 1666 1692 1693
f 1667 1693 1694
f 1668 1694 1695
f 1670 1695 1697
f 1671 1697 1698
f 1672 1698 1699
f 1673 1699 1700
f 1674 1675 1701
f 1663 1674 1690
f 1675 1676 1702
f 1676 1677 1703
f 1677 1678 1704
f 1678 1679 1705
f 1679 1680 1706
f 1680 1715 1707
f 1673 1708 1681
f 1681 1709 1682
f 1682 1710 1683
f 1683 1711 1684
f 1684 1712 1685
f 1685 1713 1686
f 1686 1714 1687
f 1687 1743 1722
f 1675 1702 1701
f 1674 1701 1690
f 1676 1703 1702
f 1677 1704 1703
f 1678 1705 1704
f 1679 1706 1705
f 1680 1707 1706
f 1707 1715 1736
f 1673 1700 1708
f 1681 1708 1709
f 1682 1709 1710
f 1683 1710 1711
f 1684 1711 1712
f 1685 1712 1713
f 1686 1713 1714
f 1687 1714 1743
f 1544 1685 1757
f 1546 1760 1709
f 1626 1716 1715
f 1627 1717 1716
f 1629 1718 1717
f 1630 1719 1718
f 1628 1720 1719
f 1637 1721 1720
f 1638 1727 1721
f 1639 1729 1727
f 1635 1730 1729
f 1634 1757 1635
f 1633 1757 1634
f 1635 1757 1730
f 1647 1736 1737
f 1648 1737 1738
f 1650 1738 1739
f 1651 1739 1740
f 1649 1740 1741
f 1658 1741 1742
f 1659 1742 1748
f 1657 1748 1750
f 1656 1750 1751
f 1654 1655 1760
f 1655 1656 1760
f 1715 1716 1736
f 1716 1717 1737
f 1717 1718 1738
f 1718 1719 1739
f 1719 1720 1741
f 1720 1721 1742
f 1721 1727 1748
f 1722 1744 1723
f 1723 1746 1725
f 1724 1726 1745
f 1725 1747 1726
f 1727 1729 1750
f 1728 1749 1733
f 1729 1730 1751
f 1730 1731 1752
f 1731 1732 1753
f 1732 1733 1754
f 1734 1755 1735
f 1724 1745 1734
f 1728 1735 1756
f 1716 1737 1736
f 1717 1738 1737
f 1718 1739 1738
f 1719 1740 1739
f 1719 1741 1740
f 1720 1742 1741
f 1721 1748 1742
f 1722 1743 1744
f 1723 1744 1746
f 1726 1747 1745
f 1725 1746 1747
f 1727 1750 1748
f 1733 1749 1754
f 1729 1751 1750
f 1730 1752 1751
f 1731 1753 1752
f 1732 1754 1753
f 1734 1745 1755
f 1735 1755 1756
f 1728 1756 1749
f 1656 1751 1760
f 1685 1686 1757
f 1722 1723 1757
f 1686 1687 1757
f 1687 1722 1757
f 1728 1733 1757
f 1730 1757 1731
f 1731 1757 1732
f 1732 1757 1733
f 1723 1725 1757
f 1725 1726 1757
f 1724 1734 1757
f 1724 1757 1726
f 1734 1735 1757
f 1728 1757 1735
f 1709 1760 1710
f 1710 1760 1711
f 1711 1760 1712
f 1712 1760 1713
f 1713 1760 1714
f 1745 1760 1755
f 1751 1752 1760
f 1752 1753 1760
f 1753 1754 1760
f 1749 1760 1754
f 1755 1760 1756
f 1749 1756 1760
f 1714 1760 1743
f 1743 1760 1744
f 1744 1760 1746
f 1746 1760 1747
f 1745 1747 1760
f 1758 1759 1760
f 389 390 405
f 391 389 404
f 394 395 410
f 390 393 408
f 393 394 409
f 395 392 407
f 392 396 411
f 396 397 412
f 397 422 455
f 398 391 406
f 399 398 413
f 400 399 414
f 401 400 415
f 389 405 404
f 391 404 406
f 411 407 392
f 394 410 409
f 393 409 408
f 407 410 395
f 412 411 396
f 455 412 397
f 390 408 405
f 398 406 413
f 399 413 414
f 400 414 415
f 415 416 401
f 402 401 416
f 403 402 417
f 441 403 418
f 416 417 402
f 417 418 403
f 418 474 441
f 419 420 453
f 420 421 454
f 422 423 456
f 423 424 457
f 424 419 452
f 458 421 425
f 425 426 459
f 426 427 460
f 461 427 428
f 462 428 429
f 463 429 430
f 464 430 431
f 465 431 432
f 466 432 433
f 467 437 434
f 469 435 436
f 470 436 437
f 471 433 438
f 472 438 439
f 468 440 435
f 473 439 440
f 453 452 419
f 454 453 420
f 456 455 422
f 457 456 423
f 452 457 424
f 458 454 421
f 459 458 425
f 460 459 426
f 461 460 427
f 462 461 428
f 463 462 429
f 464 463 430
f 465 464 431
f 466 465 432
f 467 470 437
f 470 469 436
f 469 468 435
f 471 466 433
f 472 471 438
f 468 473 440
f 473 472 439
f 442 441 474
f 443 442 475
f 444 443 476
f 445 444 477
f 446 445 478
f 447 446 479
f 448 447 480
f 449 448 481
f 482 450 449
f 483 451 450
f 484 434 451
f 474 475 442
f 475 476 443
f 476 477 444
f 477 478 445
f 478 479 446
f 479 480 447
f 480 481 448
f 481 482 449
f 482 483 450
f 483 484 451
f 484 467 434
f 939 931 946
f 931 932 947
f 932 961 994
f 946 954 939
f 947 946 931
f 994 947 932
f 934 933 948
f 935 934 949
f 937 938 953
f 936 937 952
f 938 939 954
f 933 936 951
f 940 935 950
f 941 940 955
f 942 941 956
f 943 942 957
f 944 943 958
f 945 944 959
f 972 945 960
f 934 948 949
f 935 949 950
f 936 952 951
f 937 953 952
f 954 953 938
f 933 951 948
f 940 950 955
f 941 955 956
f 942 956 957
f 957 958 943
f 958 959 944
f 959 960 945
f 960 1005 972
f 961 962 995
f 962 963 996
f 963 964 997
f 964 965 998
f 965 966 999
f 966 967 1000
f 967 968 1001
f 968 969 1002
f 1003 969 970
f 1004 970 971
f 1013 971 980
f 995 994 961
f 996 995 962
f 997 996 963
f 998 997 964
f 999 998 965
f 1000 999 966
f 1001 1000 967
f 1002 1001 968
f 1003 1002 969
f 1004 1003 970
f 1013 1004 971
f 973 972 1005
f 974 973 1006
f 977 974 1007
f 975 979 1012
f 976 975 1008
f 984 976 1009
f 978 977 1010
f 979 978 1011
f 1014 980 981
f 1015 981 982
f 1016 982 983
f 1017 986 984
f 1019 985 986
f 1023 989 990
f 1020 988 987
f 1022 987 989
f 1018 990 985
f 1024 983 991
f 1026 991 993
f 1025 993 992
f 1021 992 988
f 1005 1006 973
f 1006 1007 974
f 1007 1010 977
f 1012 1008 975
f 1008 1009 976
f 1009 1017 984
f 1010 1011 978
f 1011 1012 979
f 1014 1013 980
f 1015 1014 981
f 1016 1015 982
f 1017 1019 986
f 1019 1018 985
f 1023 1022 989
f 1020 1021 988
f 1022 1020 987
f 1018 1023 990
f 1024 1016 983
f 1026 1024 991
f 1021 1025 992
f 1025 1026 993
