solid OpenSCAD_Model
  facet normal -5.773503e-01 -5.773503e-01 -5.773503e-01
    outer loop
      vertex -1.530000e+02 -4.500000e+01 -6.000000e+01
      vertex -1.530000e+02 -4.700000e+01 -5.800000e+01
      vertex -1.550000e+02 -4.500000e+01 -5.800000e+01
    endloop
  endfacet
  facet normal 0.000000e+00 0.000000e+00 -1.000000e+00
    outer loop
      vertex -1.530000e+02 -4.500000e+01 -6.000000e+01
      vertex -1.303580e+02 -1.293430e+01 -6.000000e+01
      vertex -1.286230e+02 -1.352300e+01 -6.000000e+01
    endloop
  endfacet
  facet normal 0.000000e+00 0.000000e+00 -1.000000e+00
    outer loop
      vertex -1.530000e+02 -4.500000e+01 -6.000000e+01
      vertex -1.286230e+02 -1.352300e+01 -6.000000e+01
      vertex -1.268270e+02 -1.388020e+01 -6.000000e+01
    endloop
  endfacet
  facet normal 0.000000e+00 0.000000e+00 -1.000000e+00
    outer loop
      vertex -1.530000e+02 -4.500000e+01 -6.000000e+01
      vertex -1.268270e+02 -1.388020e+01 -6.000000e+01
      vertex -1.250000e+02 -1.400000e+01 -6.000000e+01
    endloop
  endfacet
  facet normal 0.000000e+00 0.000000e+00 -1.000000e+00
    outer loop
      vertex -1.530000e+02 -4.500000e+01 -6.000000e+01
      vertex -1.250000e+02 -1.400000e+01 -6.000000e+01
      vertex -1.231730e+02 -1.388020e+01 -6.000000e+01
    endloop
  endfacet
  facet normal 0.000000e+00 0.000000e+00 -1.000000e+00
    outer loop
      vertex -1.530000e+02 -4.500000e+01 -6.000000e+01
      vertex -1.231730e+02 -1.388020e+01 -6.000000e+01
      vertex -1.213770e+02 -1.352300e+01 -6.000000e+01
    endloop
  endfacet
  facet normal 0.000000e+00 0.000000e+00 -1.000000e+00
    outer loop
      vertex -1.530000e+02 -4.500000e+01 -6.000000e+01
      vertex -1.213770e+02 -1.352300e+01 -6.000000e+01
      vertex -1.196420e+02 -1.293430e+01 -6.000000e+01
    endloop
  endfacet
  facet normal 0.000000e+00 0.000000e+00 1.000000e+00
    outer loop
      vertex -1.550000e+02 -4.300000e+01 -5.600000e+01
      vertex -1.250000e+02 -1.400000e+01 -5.600000e+01
      vertex -1.268270e+02 -1.388020e+01 -5.600000e+01
    endloop
  endfacet
  facet normal 0.000000e+00 0.000000e+00 1.000000e+00
    outer loop
      vertex -1.550000e+02 -4.300000e+01 -5.600000e+01
      vertex -1.231730e+02 -1.388020e+01 -5.600000e+01
      vertex -1.250000e+02 -1.400000e+01 -5.600000e+01
    endloop
  endfacet
  facet normal -7.071068e-01 -7.071068e-01 0.000000e+00
    outer loop
      vertex -1.530000e+02 -4.700000e+01 -5.800000e+01
      vertex -1.550000e+02 -4.500000e+01 -2.000000e+00
      vertex -1.550000e+02 -4.500000e+01 -5.800000e+01
    endloop
  endfacet
  facet normal -1.000000e+00 0.000000e+00 0.000000e+00
    outer loop
      vertex -1.550000e+02 -4.500000e+01 -5.800000e+01
      vertex -1.550000e+02 -4.300000e+01 -4.000000e+00
      vertex -1.550000e+02 -4.300000e+01 -5.600000e+01
    endloop
  endfacet
  facet normal 0.000000e+00 0.000000e+00 -1.000000e+00
    outer loop
      vertex -1.530000e+02 -4.500000e+01 -6.000000e+01
      vertex -1.348990e+02 -9.899490e+00 -6.000000e+01
      vertex -1.335230e+02 -1.110690e+01 -6.000000e+01
    endloop
  endfacet
  facet normal 0.000000e+00 0.000000e+00 -1.000000e+00
    outer loop
      vertex -1.530000e+02 -4.500000e+01 -6.000000e+01
      vertex -1.361070e+02 -8.522660e+00 -6.000000e+01
      vertex -1.348990e+02 -9.899490e+00 -6.000000e+01
    endloop
  endfacet
  facet normal 0.000000e+00 0.000000e+00 -1.000000e+00
    outer loop
      vertex -1.530000e+02 -4.500000e+01 -6.000000e+01
      vertex -1.320000e+02 -1.212440e+01 -6.000000e+01
      vertex -1.303580e+02 -1.293430e+01 -6.000000e+01
    endloop
  endfacet
  facet normal 0.000000e+00 0.000000e+00 -1.000000e+00
    outer loop
      vertex -1.530000e+02 -4.500000e+01 -6.000000e+01
      vertex -1.335230e+02 -1.110690e+01 -6.000000e+01
      vertex -1.320000e+02 -1.212440e+01 -6.000000e+01
    endloop
  endfacet
  facet normal 0.000000e+00 0.000000e+00 -1.000000e+00
    outer loop
      vertex -1.530000e+02 -4.500000e+01 -6.000000e+01
      vertex -1.371240e+02 -7.000000e+00 -6.000000e+01
      vertex -1.361070e+02 -8.522660e+00 -6.000000e+01
    endloop
  endfacet
  facet normal 0.000000e+00 0.000000e+00 -1.000000e+00
    outer loop
      vertex -1.530000e+02 -4.500000e+01 -6.000000e+01
      vertex -1.379340e+02 -5.357570e+00 -6.000000e+01
      vertex -1.371240e+02 -7.000000e+00 -6.000000e+01
    endloop
  endfacet
  facet normal 0.000000e+00 0.000000e+00 -1.000000e+00
    outer loop
      vertex -1.530000e+02 -4.500000e+01 -6.000000e+01
      vertex -1.385230e+02 -3.623470e+00 -6.000000e+01
      vertex -1.379340e+02 -5.357570e+00 -6.000000e+01
    endloop
  endfacet
  facet normal 0.000000e+00 0.000000e+00 1.000000e+00
    outer loop
      vertex -1.550000e+02 -4.300000e+01 -5.600000e+01
      vertex -1.335230e+02 -1.110690e+01 -5.600000e+01
      vertex -1.348990e+02 -9.899490e+00 -5.600000e+01
    endloop
  endfacet
  facet normal 0.000000e+00 0.000000e+00 1.000000e+00
    outer loop
      vertex -1.550000e+02 -4.300000e+01 -5.600000e+01
      vertex -1.320000e+02 -1.212440e+01 -5.600000e+01
      vertex -1.335230e+02 -1.110690e+01 -5.600000e+01
    endloop
  endfacet
  facet normal 0.000000e+00 0.000000e+00 1.000000e+00
    outer loop
      vertex -1.550000e+02 -4.300000e+01 -5.600000e+01
      vertex -1.303580e+02 -1.293430e+01 -5.600000e+01
      vertex -1.320000e+02 -1.212440e+01 -5.600000e+01
    endloop
  endfacet
  facet normal 0.000000e+00 0.000000e+00 1.000000e+00
    outer loop
      vertex -1.550000e+02 -4.300000e+01 -5.600000e+01
      vertex -1.286230e+02 -1.352300e+01 -5.600000e+01
      vertex -1.303580e+02 -1.293430e+01 -5.600000e+01
    endloop
  endfacet
  facet normal 0.000000e+00 0.000000e+00 1.000000e+00
    outer loop
      vertex -1.550000e+02 -4.300000e+01 -5.600000e+01
      vertex -1.268270e+02 -1.388020e+01 -5.600000e+01
      vertex -1.286230e+02 -1.352300e+01 -5.600000e+01
    endloop
  endfacet
  facet normal 0.000000e+00 0.000000e+00 1.000000e+00
    outer loop
      vertex -1.550000e+02 -4.300000e+01 -5.600000e+01
      vertex -1.348990e+02 -9.899490e+00 -5.600000e+01
      vertex -1.361070e+02 -8.522660e+00 -5.600000e+01
    endloop
  endfacet
  facet normal 0.000000e+00 0.000000e+00 1.000000e+00
    outer loop
      vertex -1.550000e+02 -4.300000e+01 -5.600000e+01
      vertex -1.361070e+02 -8.522660e+00 -5.600000e+01
      vertex -1.371240e+02 -7.000000e+00 -5.600000e+01
    endloop
  endfacet
  facet normal 0.000000e+00 0.000000e+00 1.000000e+00
    outer loop
      vertex -1.550000e+02 -4.300000e+01 -5.600000e+01
      vertex -1.371240e+02 -7.000000e+00 -5.600000e+01
      vertex -1.379340e+02 -5.357570e+00 -5.600000e+01
    endloop
  endfacet
  facet normal -7.071068e-01 0.000000e+00 -7.071068e-01
    outer loop
      vertex -1.530000e+02 -4.500000e+01 -6.000000e+01
      vertex -1.550000e+02 -4.500000e+01 -5.800000e+01
      vertex -1.550000e+02 4.500000e+01 -5.800000e+01
    endloop
  endfacet
  facet normal -1.000000e+00 0.000000e+00 0.000000e+00
    outer loop
      vertex -1.550000e+02 -4.500000e+01 -5.800000e+01
      vertex -1.550000e+02 -4.300000e+01 -5.600000e+01
      vertex -1.550000e+02 4.500000e+01 -5.800000e+01
    endloop
  endfacet
  facet normal 0.000000e+00 0.000000e+00 -1.000000e+00
    outer loop
      vertex -1.530000e+02 -4.500000e+01 -6.000000e+01
      vertex -1.388800e+02 -1.827370e+00 -6.000000e+01
      vertex -1.385230e+02 -3.623470e+00 -6.000000e+01
    endloop
  endfacet
  facet normal 0.000000e+00 0.000000e+00 -1.000000e+00
    outer loop
      vertex -1.530000e+02 -4.500000e+01 -6.000000e+01
      vertex -1.390000e+02 0.000000e+00 -6.000000e+01
      vertex -1.388800e+02 -1.827370e+00 -6.000000e+01
    endloop
  endfacet
  facet normal 0.000000e+00 0.000000e+00 1.000000e+00
    outer loop
      vertex -1.550000e+02 -4.300000e+01 -5.600000e+01
      vertex -1.379340e+02 -5.357570e+00 -5.600000e+01
      vertex -1.385230e+02 -3.623470e+00 -5.600000e+01
    endloop
  endfacet
  facet normal 0.000000e+00 0.000000e+00 1.000000e+00
    outer loop
      vertex -1.550000e+02 -4.300000e+01 -5.600000e+01
      vertex -1.385230e+02 -3.623470e+00 -5.600000e+01
      vertex -1.388800e+02 -1.827370e+00 -5.600000e+01
    endloop
  endfacet
  facet normal 0.000000e+00 0.000000e+00 1.000000e+00
    outer loop
      vertex -1.550000e+02 -4.300000e+01 -5.600000e+01
      vertex -1.388800e+02 -1.827370e+00 -5.600000e+01
      vertex -1.390000e+02 0.000000e+00 -5.600000e+01
    endloop
  endfacet
  facet normal 0.000000e+00 0.000000e+00 -1.000000e+00
    outer loop
      vertex -1.530000e+02 -4.500000e+01 -6.000000e+01
      vertex -1.196420e+02 -1.293430e+01 -6.000000e+01
      vertex -1.180000e+02 -1.212440e+01 -6.000000e+01
    endloop
  endfacet
  facet normal 0.000000e+00 0.000000e+00 -1.000000e+00
    outer loop
      vertex -1.530000e+02 -4.500000e+01 -6.000000e+01
      vertex -1.180000e+02 -1.212440e+01 -6.000000e+01
      vertex -1.164770e+02 -1.110690e+01 -6.000000e+01
    endloop
  endfacet
  facet normal 0.000000e+00 0.000000e+00 1.000000e+00
    outer loop
      vertex -1.550000e+02 -4.300000e+01 -5.600000e+01
      vertex -1.213770e+02 -1.352300e+01 -5.600000e+01
      vertex -1.231730e+02 -1.388020e+01 -5.600000e+01
    endloop
  endfacet
  facet normal 0.000000e+00 0.000000e+00 1.000000e+00
    outer loop
      vertex -1.550000e+02 -4.300000e+01 -5.600000e+01
      vertex -1.196420e+02 -1.293430e+01 -5.600000e+01
      vertex -1.213770e+02 -1.352300e+01 -5.600000e+01
    endloop
  endfacet
  facet normal 0.000000e+00 0.000000e+00 1.000000e+00
    outer loop
      vertex -1.550000e+02 -4.300000e+01 -5.600000e+01
      vertex -1.180000e+02 -1.212440e+01 -5.600000e+01
      vertex -1.196420e+02 -1.293430e+01 -5.600000e+01
    endloop
  endfacet
  facet normal 4.423574e-01 8.968389e-01 -0.000000e+00
    outer loop
      vertex -1.320000e+02 -1.212440e+01 -6.000000e+01
      vertex -1.320000e+02 -1.212440e+01 -5.600000e+01
      vertex -1.303580e+02 -1.293430e+01 -6.000000e+01
    endloop
  endfacet
  facet normal 1.950664e-01 9.807900e-01 -0.000000e+00
    outer loop
      vertex -1.286230e+02 -1.352300e+01 -6.000000e+01
      vertex -1.286230e+02 -1.352300e+01 -5.600000e+01
      vertex -1.268270e+02 -1.388020e+01 -6.000000e+01
    endloop
  endfacet
  facet normal 6.543113e-02 9.978571e-01 -0.000000e+00
    outer loop
      vertex -1.268270e+02 -1.388020e+01 -6.000000e+01
      vertex -1.268270e+02 -1.388020e+01 -5.600000e+01
      vertex -1.250000e+02 -1.400000e+01 -6.000000e+01
    endloop
  endfacet
  facet normal 3.213151e-01 9.469723e-01 0.000000e+00
    outer loop
      vertex -1.286230e+02 -1.352300e+01 -6.000000e+01
      vertex -1.303580e+02 -1.293430e+01 -6.000000e+01
      vertex -1.303580e+02 -1.293430e+01 -5.600000e+01
    endloop
  endfacet
  facet normal 4.423574e-01 8.968389e-01 -0.000000e+00
    outer loop
      vertex -1.303580e+02 -1.293430e+01 -6.000000e+01
      vertex -1.320000e+02 -1.212440e+01 -5.600000e+01
      vertex -1.303580e+02 -1.293430e+01 -5.600000e+01
    endloop
  endfacet
  facet normal 5.555201e-01 8.315031e-01 -0.000000e+00
    outer loop
      vertex -1.320000e+02 -1.212440e+01 -6.000000e+01
      vertex -1.335230e+02 -1.110690e+01 -5.600000e+01
      vertex -1.320000e+02 -1.212440e+01 -5.600000e+01
    endloop
  endfacet
  facet normal 3.213151e-01 9.469723e-01 -0.000000e+00
    outer loop
      vertex -1.286230e+02 -1.352300e+01 -6.000000e+01
      vertex -1.303580e+02 -1.293430e+01 -5.600000e+01
      vertex -1.286230e+02 -1.352300e+01 -5.600000e+01
    endloop
  endfacet
  facet normal 1.950664e-01 9.807900e-01 -0.000000e+00
    outer loop
      vertex -1.268270e+02 -1.388020e+01 -6.000000e+01
      vertex -1.286230e+02 -1.352300e+01 -5.600000e+01
      vertex -1.268270e+02 -1.388020e+01 -5.600000e+01
    endloop
  endfacet
  facet normal -6.543113e-02 9.978571e-01 0.000000e+00
    outer loop
      vertex -1.250000e+02 -1.400000e+01 -6.000000e+01
      vertex -1.250000e+02 -1.400000e+01 -5.600000e+01
      vertex -1.231730e+02 -1.388020e+01 -6.000000e+01
    endloop
  endfacet
  facet normal -1.950664e-01 9.807900e-01 0.000000e+00
    outer loop
      vertex -1.231730e+02 -1.388020e+01 -6.000000e+01
      vertex -1.231730e+02 -1.388020e+01 -5.600000e+01
      vertex -1.213770e+02 -1.352300e+01 -6.000000e+01
    endloop
  endfacet
  facet normal -3.213151e-01 9.469723e-01 0.000000e+00
    outer loop
      vertex -1.213770e+02 -1.352300e+01 -6.000000e+01
      vertex -1.213770e+02 -1.352300e+01 -5.600000e+01
      vertex -1.196420e+02 -1.293430e+01 -6.000000e+01
    endloop
  endfacet
  facet normal -4.423574e-01 8.968389e-01 0.000000e+00
    outer loop
      vertex -1.196420e+02 -1.293430e+01 -6.000000e+01
      vertex -1.196420e+02 -1.293430e+01 -5.600000e+01
      vertex -1.180000e+02 -1.212440e+01 -6.000000e+01
    endloop
  endfacet
  facet normal -5.555182e-01 8.315044e-01 0.000000e+00
    outer loop
      vertex -1.180000e+02 -1.212440e+01 -6.000000e+01
      vertex -1.180000e+02 -1.212440e+01 -5.600000e+01
      vertex -1.164770e+02 -1.110690e+01 -6.000000e+01
    endloop
  endfacet
  facet normal 6.543113e-02 9.978571e-01 -0.000000e+00
    outer loop
      vertex -1.250000e+02 -1.400000e+01 -6.000000e+01
      vertex -1.268270e+02 -1.388020e+01 -5.600000e+01
      vertex -1.250000e+02 -1.400000e+01 -5.600000e+01
    endloop
  endfacet
  facet normal -6.543113e-02 9.978571e-01 0.000000e+00
    outer loop
      vertex -1.231730e+02 -1.388020e+01 -6.000000e+01
      vertex -1.250000e+02 -1.400000e+01 -5.600000e+01
      vertex -1.231730e+02 -1.388020e+01 -5.600000e+01
    endloop
  endfacet
  facet normal -1.950664e-01 9.807900e-01 0.000000e+00
    outer loop
      vertex -1.213770e+02 -1.352300e+01 -6.000000e+01
      vertex -1.231730e+02 -1.388020e+01 -5.600000e+01
      vertex -1.213770e+02 -1.352300e+01 -5.600000e+01
    endloop
  endfacet
  facet normal -3.213151e-01 9.469723e-01 0.000000e+00
    outer loop
      vertex -1.196420e+02 -1.293430e+01 -6.000000e+01
      vertex -1.213770e+02 -1.352300e+01 -5.600000e+01
      vertex -1.196420e+02 -1.293430e+01 -5.600000e+01
    endloop
  endfacet
  facet normal -4.423574e-01 8.968389e-01 0.000000e+00
    outer loop
      vertex -1.180000e+02 -1.212440e+01 -6.000000e+01
      vertex -1.196420e+02 -1.293430e+01 -5.600000e+01
      vertex -1.180000e+02 -1.212440e+01 -5.600000e+01
    endloop
  endfacet
  facet normal 7.516923e-01 6.595140e-01 -0.000000e+00
    outer loop
      vertex -1.361070e+02 -8.522660e+00 -6.000000e+01
      vertex -1.361070e+02 -8.522660e+00 -5.600000e+01
      vertex -1.348990e+02 -9.899490e+00 -5.600000e+01
    endloop
  endfacet
  facet normal 8.315732e-01 5.554151e-01 -0.000000e+00
    outer loop
      vertex -1.361070e+02 -8.522660e+00 -6.000000e+01
      vertex -1.371240e+02 -7.000000e+00 -6.000000e+01
      vertex -1.361070e+02 -8.522660e+00 -5.600000e+01
    endloop
  endfacet
  facet normal 8.968606e-01 4.423133e-01 -0.000000e+00
    outer loop
      vertex -1.371240e+02 -7.000000e+00 -6.000000e+01
      vertex -1.379340e+02 -5.357570e+00 -6.000000e+01
      vertex -1.371240e+02 -7.000000e+00 -5.600000e+01
    endloop
  endfacet
  facet normal 8.315732e-01 5.554151e-01 -0.000000e+00
    outer loop
      vertex -1.371240e+02 -7.000000e+00 -6.000000e+01
      vertex -1.371240e+02 -7.000000e+00 -5.600000e+01
      vertex -1.361070e+02 -8.522660e+00 -5.600000e+01
    endloop
  endfacet
  facet normal 8.968606e-01 4.423133e-01 0.000000e+00
    outer loop
      vertex -1.371240e+02 -7.000000e+00 -5.600000e+01
      vertex -1.379340e+02 -5.357570e+00 -6.000000e+01
      vertex -1.379340e+02 -5.357570e+00 -5.600000e+01
    endloop
  endfacet
  facet normal 9.468733e-01 3.216067e-01 -0.000000e+00
    outer loop
      vertex -1.379340e+02 -5.357570e+00 -6.000000e+01
      vertex -1.385230e+02 -3.623470e+00 -6.000000e+01
      vertex -1.379340e+02 -5.357570e+00 -5.600000e+01
    endloop
  endfacet
  facet normal 9.808121e-01 1.949555e-01 -0.000000e+00
    outer loop
      vertex -1.385230e+02 -3.623470e+00 -6.000000e+01
      vertex -1.388800e+02 -1.827370e+00 -6.000000e+01
      vertex -1.385230e+02 -3.623470e+00 -5.600000e+01
    endloop
  endfacet
  facet normal 9.468733e-01 3.216067e-01 -0.000000e+00
    outer loop
      vertex -1.385230e+02 -3.623470e+00 -6.000000e+01
      vertex -1.385230e+02 -3.623470e+00 -5.600000e+01
      vertex -1.379340e+02 -5.357570e+00 -5.600000e+01
    endloop
  endfacet
  facet normal 9.978510e-01 6.552436e-02 -0.000000e+00
    outer loop
      vertex -1.388800e+02 -1.827370e+00 -6.000000e+01
      vertex -1.390000e+02 0.000000e+00 -6.000000e+01
      vertex -1.388800e+02 -1.827370e+00 -5.600000e+01
    endloop
  endfacet
  facet normal 9.808121e-01 1.949555e-01 -0.000000e+00
    outer loop
      vertex -1.388800e+02 -1.827370e+00 -6.000000e+01
      vertex -1.388800e+02 -1.827370e+00 -5.600000e+01
      vertex -1.385230e+02 -3.623470e+00 -5.600000e+01
    endloop
  endfacet
  facet normal 9.978510e-01 6.552436e-02 0.000000e+00
    outer loop
      vertex -1.388800e+02 -1.827370e+00 -5.600000e+01
      vertex -1.390000e+02 0.000000e+00 -6.000000e+01
      vertex -1.390000e+02 0.000000e+00 -5.600000e+01
    endloop
  endfacet
  facet normal 6.595570e-01 7.516545e-01 0.000000e+00
    outer loop
      vertex -1.335230e+02 -1.110690e+01 -6.000000e+01
      vertex -1.348990e+02 -9.899490e+00 -6.000000e+01
      vertex -1.348990e+02 -9.899490e+00 -5.600000e+01
    endloop
  endfacet
  facet normal 5.555201e-01 8.315031e-01 0.000000e+00
    outer loop
      vertex -1.320000e+02 -1.212440e+01 -6.000000e+01
      vertex -1.335230e+02 -1.110690e+01 -6.000000e+01
      vertex -1.335230e+02 -1.110690e+01 -5.600000e+01
    endloop
  endfacet
  facet normal 7.516923e-01 6.595140e-01 0.000000e+00
    outer loop
      vertex -1.361070e+02 -8.522660e+00 -6.000000e+01
      vertex -1.348990e+02 -9.899490e+00 -5.600000e+01
      vertex -1.348990e+02 -9.899490e+00 -6.000000e+01
    endloop
  endfacet
  facet normal 6.595570e-01 7.516545e-01 -0.000000e+00
    outer loop
      vertex -1.335230e+02 -1.110690e+01 -6.000000e+01
      vertex -1.348990e+02 -9.899490e+00 -5.600000e+01
      vertex -1.335230e+02 -1.110690e+01 -5.600000e+01
    endloop
  endfacet
  facet normal -5.555182e-01 8.315044e-01 0.000000e+00
    outer loop
      vertex -1.180000e+02 -1.212440e+01 -5.600000e+01
      vertex -1.164770e+02 -1.110690e+01 -5.600000e+01
      vertex -1.164770e+02 -1.110690e+01 -6.000000e+01
    endloop
  endfacet
  facet normal -6.595591e-01 7.516527e-01 0.000000e+00
    outer loop
      vertex -1.164770e+02 -1.110690e+01 -6.000000e+01
      vertex -1.164770e+02 -1.110690e+01 -5.600000e+01
      vertex -1.151010e+02 -9.899490e+00 -6.000000e+01
    endloop
  endfacet
  facet normal -7.516902e-01 6.595163e-01 0.000000e+00
    outer loop
      vertex -1.151010e+02 -9.899490e+00 -6.000000e+01
      vertex -1.138930e+02 -8.522660e+00 -5.600000e+01
      vertex -1.138930e+02 -8.522660e+00 -6.000000e+01
    endloop
  endfacet
  facet normal -6.595591e-01 7.516527e-01 0.000000e+00
    outer loop
      vertex -1.164770e+02 -1.110690e+01 -5.600000e+01
      vertex -1.151010e+02 -9.899490e+00 -5.600000e+01
      vertex -1.151010e+02 -9.899490e+00 -6.000000e+01
    endloop
  endfacet
  facet normal -7.516902e-01 6.595163e-01 0.000000e+00
    outer loop
      vertex -1.151010e+02 -9.899490e+00 -6.000000e+01
      vertex -1.151010e+02 -9.899490e+00 -5.600000e+01
      vertex -1.138930e+02 -8.522660e+00 -5.600000e+01
    endloop
  endfacet
  facet normal -8.315732e-01 5.554151e-01 0.000000e+00
    outer loop
      vertex -1.138930e+02 -8.522660e+00 -6.000000e+01
      vertex -1.128760e+02 -7.000000e+00 -5.600000e+01
      vertex -1.128760e+02 -7.000000e+00 -6.000000e+01
    endloop
  endfacet
  facet normal -8.968639e-01 4.423066e-01 0.000000e+00
    outer loop
      vertex -1.128760e+02 -7.000000e+00 -6.000000e+01
      vertex -1.120660e+02 -5.357570e+00 -5.600000e+01
      vertex -1.120660e+02 -5.357570e+00 -6.000000e+01
    endloop
  endfacet
  facet normal -8.315732e-01 5.554151e-01 0.000000e+00
    outer loop
      vertex -1.138930e+02 -8.522660e+00 -6.000000e+01
      vertex -1.138930e+02 -8.522660e+00 -5.600000e+01
      vertex -1.128760e+02 -7.000000e+00 -5.600000e+01
    endloop
  endfacet
  facet normal -8.968639e-01 4.423066e-01 0.000000e+00
    outer loop
      vertex -1.128760e+02 -7.000000e+00 -6.000000e+01
      vertex -1.128760e+02 -7.000000e+00 -5.600000e+01
      vertex -1.120660e+02 -5.357570e+00 -5.600000e+01
    endloop
  endfacet
  facet normal -9.468708e-01 3.216142e-01 0.000000e+00
    outer loop
      vertex -1.120660e+02 -5.357570e+00 -6.000000e+01
      vertex -1.114770e+02 -3.623470e+00 -5.600000e+01
      vertex -1.114770e+02 -3.623470e+00 -6.000000e+01
    endloop
  endfacet
  facet normal -9.468708e-01 3.216142e-01 0.000000e+00
    outer loop
      vertex -1.120660e+02 -5.357570e+00 -6.000000e+01
      vertex -1.120660e+02 -5.357570e+00 -5.600000e+01
      vertex -1.114770e+02 -3.623470e+00 -5.600000e+01
    endloop
  endfacet
  facet normal -9.808137e-01 1.949475e-01 0.000000e+00
    outer loop
      vertex -1.114770e+02 -3.623470e+00 -6.000000e+01
      vertex -1.114770e+02 -3.623470e+00 -5.600000e+01
      vertex -1.111200e+02 -1.827370e+00 -5.600000e+01
    endloop
  endfacet
  facet normal -9.808137e-01 1.949475e-01 0.000000e+00
    outer loop
      vertex -1.114770e+02 -3.623470e+00 -6.000000e+01
      vertex -1.111200e+02 -1.827370e+00 -5.600000e+01
      vertex -1.111200e+02 -1.827370e+00 -6.000000e+01
    endloop
  endfacet
  facet normal -9.978507e-01 6.552850e-02 0.000000e+00
    outer loop
      vertex -1.111200e+02 -1.827370e+00 -6.000000e+01
      vertex -1.110000e+02 0.000000e+00 -5.600000e+01
      vertex -1.110000e+02 0.000000e+00 -6.000000e+01
    endloop
  endfacet
  facet normal -9.978507e-01 6.552850e-02 0.000000e+00
    outer loop
      vertex -1.111200e+02 -1.827370e+00 -6.000000e+01
      vertex -1.111200e+02 -1.827370e+00 -5.600000e+01
      vertex -1.110000e+02 0.000000e+00 -5.600000e+01
    endloop
  endfacet
  facet normal 0.000000e+00 -7.071068e-01 -7.071068e-01
    outer loop
      vertex -1.530000e+02 -4.500000e+01 -6.000000e+01
      vertex 1.530000e+02 -4.700000e+01 -5.800000e+01
      vertex -1.530000e+02 -4.700000e+01 -5.800000e+01
    endloop
  endfacet
  facet normal 0.000000e+00 0.000000e+00 -1.000000e+00
    outer loop
      vertex -1.530000e+02 -4.500000e+01 -6.000000e+01
      vertex -1.164770e+02 -1.110690e+01 -6.000000e+01
      vertex 1.530000e+02 -4.500000e+01 -6.000000e+01
    endloop
  endfacet
  facet normal 0.000000e+00 0.000000e+00 1.000000e+00
    outer loop
      vertex -1.550000e+02 -4.300000e+01 -5.600000e+01
      vertex 1.550000e+02 -4.300000e+01 -5.600000e+01
      vertex -1.180000e+02 -1.212440e+01 -5.600000e+01
    endloop
  endfacet
  facet normal 0.000000e+00 1.000000e+00 0.000000e+00
    outer loop
      vertex -1.550000e+02 -4.300000e+01 -5.600000e+01
      vertex -1.550000e+02 -4.300000e+01 -4.000000e+00
      vertex 1.550000e+02 -4.300000e+01 -5.600000e+01
    endloop
  endfacet
  facet normal -0.000000e+00 0.000000e+00 1.000000e+00
    outer loop
      vertex -1.180000e+02 -1.212440e+01 -5.600000e+01
      vertex 1.550000e+02 -4.300000e+01 -5.600000e+01
      vertex -1.164770e+02 -1.110690e+01 -5.600000e+01
    endloop
  endfacet
  facet normal 0.000000e+00 0.000000e+00 -1.000000e+00
    outer loop
      vertex -1.164770e+02 -1.110690e+01 -6.000000e+01
      vertex -1.151010e+02 -9.899490e+00 -6.000000e+01
      vertex 1.156010e+02 -9.899490e+00 -6.000000e+01
    endloop
  endfacet
  facet normal 0.000000e+00 0.000000e+00 -1.000000e+00
    outer loop
      vertex -1.151010e+02 -9.899490e+00 -6.000000e+01
      vertex -1.138930e+02 -8.522660e+00 -6.000000e+01
      vertex 1.156010e+02 -9.899490e+00 -6.000000e+01
    endloop
  endfacet
  facet normal 0.000000e+00 0.000000e+00 -1.000000e+00
    outer loop
      vertex -1.138930e+02 -8.522660e+00 -6.000000e+01
      vertex -1.128760e+02 -7.000000e+00 -6.000000e+01
      vertex 1.143930e+02 -8.522660e+00 -6.000000e+01
    endloop
  endfacet
  facet normal 0.000000e+00 0.000000e+00 -1.000000e+00
    outer loop
      vertex -1.128760e+02 -7.000000e+00 -6.000000e+01
      vertex -1.120660e+02 -5.357570e+00 -6.000000e+01
      vertex 1.133760e+02 -7.000000e+00 -6.000000e+01
    endloop
  endfacet
  facet normal 0.000000e+00 0.000000e+00 1.000000e+00
    outer loop
      vertex -1.164770e+02 -1.110690e+01 -5.600000e+01
      vertex 1.169770e+02 -1.110690e+01 -5.600000e+01
      vertex -1.151010e+02 -9.899490e+00 -5.600000e+01
    endloop
  endfacet
  facet normal 0.000000e+00 0.000000e+00 1.000000e+00
    outer loop
      vertex -1.151010e+02 -9.899490e+00 -5.600000e+01
      vertex 1.156010e+02 -9.899490e+00 -5.600000e+01
      vertex -1.138930e+02 -8.522660e+00 -5.600000e+01
    endloop
  endfacet
  facet normal 0.000000e+00 0.000000e+00 1.000000e+00
    outer loop
      vertex -1.138930e+02 -8.522660e+00 -5.600000e+01
      vertex 1.143930e+02 -8.522660e+00 -5.600000e+01
      vertex -1.128760e+02 -7.000000e+00 -5.600000e+01
    endloop
  endfacet
  facet normal 0.000000e+00 0.000000e+00 1.000000e+00
    outer loop
      vertex -1.128760e+02 -7.000000e+00 -5.600000e+01
      vertex 1.133760e+02 -7.000000e+00 -5.600000e+01
      vertex -1.120660e+02 -5.357570e+00 -5.600000e+01
    endloop
  endfacet
  facet normal 0.000000e+00 0.000000e+00 -1.000000e+00
    outer loop
      vertex -1.120660e+02 -5.357570e+00 -6.000000e+01
      vertex -1.114770e+02 -3.623470e+00 -6.000000e+01
      vertex 1.125660e+02 -5.357570e+00 -6.000000e+01
    endloop
  endfacet
  facet normal 0.000000e+00 0.000000e+00 -1.000000e+00
    outer loop
      vertex -1.114770e+02 -3.623470e+00 -6.000000e+01
      vertex -1.111200e+02 -1.827370e+00 -6.000000e+01
      vertex 1.119770e+02 -3.623470e+00 -6.000000e+01
    endloop
  endfacet
  facet normal 0.000000e+00 0.000000e+00 -1.000000e+00
    outer loop
      vertex -1.111200e+02 -1.827370e+00 -6.000000e+01
      vertex -1.110000e+02 0.000000e+00 -6.000000e+01
      vertex 1.116200e+02 -1.827370e+00 -6.000000e+01
    endloop
  endfacet
  facet normal 0.000000e+00 0.000000e+00 1.000000e+00
    outer loop
      vertex -1.120660e+02 -5.357570e+00 -5.600000e+01
      vertex 1.125660e+02 -5.357570e+00 -5.600000e+01
      vertex -1.114770e+02 -3.623470e+00 -5.600000e+01
    endloop
  endfacet
  facet normal 0.000000e+00 0.000000e+00 1.000000e+00
    outer loop
      vertex -1.114770e+02 -3.623470e+00 -5.600000e+01
      vertex 1.119770e+02 -3.623470e+00 -5.600000e+01
      vertex -1.111200e+02 -1.827370e+00 -5.600000e+01
    endloop
  endfacet
  facet normal 0.000000e+00 0.000000e+00 1.000000e+00
    outer loop
      vertex -1.111200e+02 -1.827370e+00 -5.600000e+01
      vertex 1.116200e+02 -1.827370e+00 -5.600000e+01
      vertex -1.110000e+02 0.000000e+00 -5.600000e+01
    endloop
  endfacet
  facet normal -7.071068e-01 -7.071068e-01 0.000000e+00
    outer loop
      vertex -1.530000e+02 -4.700000e+01 -5.800000e+01
      vertex -1.530000e+02 -4.700000e+01 -2.000000e+00
      vertex -1.550000e+02 -4.500000e+01 -2.000000e+00
    endloop
  endfacet
  facet normal -1.000000e+00 0.000000e+00 0.000000e+00
    outer loop
      vertex -1.550000e+02 -4.500000e+01 -5.800000e+01
      vertex -1.550000e+02 -4.500000e+01 -2.000000e+00
      vertex -1.550000e+02 -4.300000e+01 -4.000000e+00
    endloop
  endfacet
  facet normal -5.773503e-01 -5.773503e-01 5.773503e-01
    outer loop
      vertex -1.530000e+02 -4.700000e+01 -2.000000e+00
      vertex -1.530000e+02 -4.500000e+01 0.000000e+00
      vertex -1.550000e+02 -4.500000e+01 -2.000000e+00
    endloop
  endfacet
  facet normal 0.000000e+00 0.000000e+00 -1.000000e+00
    outer loop
      vertex -1.550000e+02 -4.300000e+01 -4.000000e+00
      vertex -1.335500e+02 -3.718470e+01 -4.000000e+00
      vertex -1.331860e+02 -3.736400e+01 -4.000000e+00
    endloop
  endfacet
  facet normal 0.000000e+00 0.000000e+00 -1.000000e+00
    outer loop
      vertex -1.550000e+02 -4.300000e+01 -4.000000e+00
      vertex -1.338870e+02 -3.695940e+01 -4.000000e+00
      vertex -1.335500e+02 -3.718470e+01 -4.000000e+00
    endloop
  endfacet
  facet normal 0.000000e+00 0.000000e+00 -1.000000e+00
    outer loop
      vertex -1.550000e+02 -4.300000e+01 -4.000000e+00
      vertex -1.344590e+02 -3.638720e+01 -4.000000e+00
      vertex -1.341920e+02 -3.669200e+01 -4.000000e+00
    endloop
  endfacet
  facet normal 0.000000e+00 0.000000e+00 -1.000000e+00
    outer loop
      vertex -1.550000e+02 -4.300000e+01 -4.000000e+00
      vertex -1.341920e+02 -3.669200e+01 -4.000000e+00
      vertex -1.338870e+02 -3.695940e+01 -4.000000e+00
    endloop
  endfacet
  facet normal 0.000000e+00 0.000000e+00 -1.000000e+00
    outer loop
      vertex -1.550000e+02 -4.300000e+01 -4.000000e+00
      vertex -1.346850e+02 -3.605000e+01 -4.000000e+00
      vertex -1.344590e+02 -3.638720e+01 -4.000000e+00
    endloop
  endfacet
  facet normal 0.000000e+00 0.000000e+00 -1.000000e+00
    outer loop
      vertex -1.550000e+02 -4.300000e+01 -4.000000e+00
      vertex -1.348640e+02 -3.568630e+01 -4.000000e+00
      vertex -1.346850e+02 -3.605000e+01 -4.000000e+00
    endloop
  endfacet
  facet normal 0.000000e+00 0.000000e+00 -1.000000e+00
    outer loop
      vertex -1.550000e+02 -4.300000e+01 -4.000000e+00
      vertex -1.328020e+02 -3.749440e+01 -4.000000e+00
      vertex -1.324050e+02 -3.757350e+01 -4.000000e+00
    endloop
  endfacet
  facet normal 0.000000e+00 0.000000e+00 -1.000000e+00
    outer loop
      vertex -1.550000e+02 -4.300000e+01 -4.000000e+00
      vertex -1.324050e+02 -3.757350e+01 -4.000000e+00
      vertex -1.320000e+02 -3.760000e+01 -4.000000e+00
    endloop
  endfacet
  facet normal 0.000000e+00 0.000000e+00 -1.000000e+00
    outer loop
      vertex -1.550000e+02 -4.300000e+01 -4.000000e+00
      vertex -1.320000e+02 -3.760000e+01 -4.000000e+00
      vertex -1.315950e+02 -3.757350e+01 -4.000000e+00
    endloop
  endfacet
  facet normal 0.000000e+00 0.000000e+00 -1.000000e+00
    outer loop
      vertex -1.550000e+02 -4.300000e+01 -4.000000e+00
      vertex -1.331860e+02 -3.736400e+01 -4.000000e+00
      vertex -1.328020e+02 -3.749440e+01 -4.000000e+00
    endloop
  endfacet
  facet normal 0.000000e+00 0.000000e+00 -1.000000e+00
    outer loop
      vertex -1.550000e+02 -4.300000e+01 -4.000000e+00
      vertex -1.350730e+02 -3.490460e+01 -4.000000e+00
      vertex -1.349940e+02 -3.530230e+01 -4.000000e+00
    endloop
  endfacet
  facet normal 0.000000e+00 0.000000e+00 -1.000000e+00
    outer loop
      vertex -1.550000e+02 -4.300000e+01 -4.000000e+00
      vertex -1.351000e+02 -3.450000e+01 -4.000000e+00
      vertex -1.350730e+02 -3.490460e+01 -4.000000e+00
    endloop
  endfacet
  facet normal 0.000000e+00 0.000000e+00 -1.000000e+00
    outer loop
      vertex -1.550000e+02 -4.300000e+01 -4.000000e+00
      vertex -1.349940e+02 -3.530230e+01 -4.000000e+00
      vertex -1.348640e+02 -3.568630e+01 -4.000000e+00
    endloop
  endfacet
  facet normal 0.000000e+00 0.000000e+00 -1.000000e+00
    outer loop
      vertex -1.550000e+02 -4.300000e+01 -4.000000e+00
      vertex -1.350730e+02 -3.409540e+01 -4.000000e+00
      vertex -1.351000e+02 -3.450000e+01 -4.000000e+00
    endloop
  endfacet
  facet normal 0.000000e+00 0.000000e+00 -1.000000e+00
    outer loop
      vertex -1.550000e+02 -4.300000e+01 -4.000000e+00
      vertex -1.349940e+02 -3.369770e+01 -4.000000e+00
      vertex -1.350730e+02 -3.409540e+01 -4.000000e+00
    endloop
  endfacet
  facet normal 0.000000e+00 0.000000e+00 -1.000000e+00
    outer loop
      vertex -1.550000e+02 -4.300000e+01 -4.000000e+00
      vertex -1.348640e+02 -3.331370e+01 -4.000000e+00
      vertex -1.349940e+02 -3.369770e+01 -4.000000e+00
    endloop
  endfacet
  facet normal 0.000000e+00 0.000000e+00 -1.000000e+00
    outer loop
      vertex -1.550000e+02 -4.300000e+01 -4.000000e+00
      vertex -1.346850e+02 -3.295000e+01 -4.000000e+00
      vertex -1.348640e+02 -3.331370e+01 -4.000000e+00
    endloop
  endfacet
  facet normal 0.000000e+00 0.000000e+00 1.000000e+00
    outer loop
      vertex -1.530000e+02 -4.500000e+01 0.000000e+00
      vertex -1.341920e+02 -3.669200e+01 0.000000e+00
      vertex -1.344590e+02 -3.638720e+01 0.000000e+00
    endloop
  endfacet
  facet normal 0.000000e+00 0.000000e+00 1.000000e+00
    outer loop
      vertex -1.530000e+02 -4.500000e+01 0.000000e+00
      vertex -1.344590e+02 -3.638720e+01 0.000000e+00
      vertex -1.346850e+02 -3.605000e+01 0.000000e+00
    endloop
  endfacet
  facet normal 0.000000e+00 0.000000e+00 1.000000e+00
    outer loop
      vertex -1.530000e+02 -4.500000e+01 0.000000e+00
      vertex -1.346850e+02 -3.605000e+01 0.000000e+00
      vertex -1.348640e+02 -3.568630e+01 0.000000e+00
    endloop
  endfacet
  facet normal 0.000000e+00 0.000000e+00 1.000000e+00
    outer loop
      vertex -1.530000e+02 -4.500000e+01 0.000000e+00
      vertex -1.348640e+02 -3.568630e+01 0.000000e+00
      vertex -1.349940e+02 -3.530230e+01 0.000000e+00
    endloop
  endfacet
  facet normal 0.000000e+00 0.000000e+00 1.000000e+00
    outer loop
      vertex -1.530000e+02 -4.500000e+01 0.000000e+00
      vertex -1.349940e+02 -3.530230e+01 0.000000e+00
      vertex -1.350730e+02 -3.490460e+01 0.000000e+00
    endloop
  endfacet
  facet normal 0.000000e+00 0.000000e+00 1.000000e+00
    outer loop
      vertex -1.530000e+02 -4.500000e+01 0.000000e+00
      vertex -1.331860e+02 -3.736400e+01 0.000000e+00
      vertex -1.335500e+02 -3.718470e+01 0.000000e+00
    endloop
  endfacet
  facet normal 0.000000e+00 0.000000e+00 1.000000e+00
    outer loop
      vertex -1.530000e+02 -4.500000e+01 0.000000e+00
      vertex -1.335500e+02 -3.718470e+01 0.000000e+00
      vertex -1.338870e+02 -3.695940e+01 0.000000e+00
    endloop
  endfacet
  facet normal 0.000000e+00 0.000000e+00 1.000000e+00
    outer loop
      vertex -1.530000e+02 -4.500000e+01 0.000000e+00
      vertex -1.328020e+02 -3.749440e+01 0.000000e+00
      vertex -1.331860e+02 -3.736400e+01 0.000000e+00
    endloop
  endfacet
  facet normal 0.000000e+00 0.000000e+00 1.000000e+00
    outer loop
      vertex -1.530000e+02 -4.500000e+01 0.000000e+00
      vertex -1.324050e+02 -3.757350e+01 0.000000e+00
      vertex -1.328020e+02 -3.749440e+01 0.000000e+00
    endloop
  endfacet
  facet normal 0.000000e+00 0.000000e+00 1.000000e+00
    outer loop
      vertex -1.530000e+02 -4.500000e+01 0.000000e+00
      vertex -1.320000e+02 -3.760000e+01 0.000000e+00
      vertex -1.324050e+02 -3.757350e+01 0.000000e+00
    endloop
  endfacet
  facet normal 0.000000e+00 0.000000e+00 1.000000e+00
    outer loop
      vertex -1.530000e+02 -4.500000e+01 0.000000e+00
      vertex -1.315950e+02 -3.757350e+01 0.000000e+00
      vertex -1.320000e+02 -3.760000e+01 0.000000e+00
    endloop
  endfacet
  facet normal 0.000000e+00 0.000000e+00 1.000000e+00
    outer loop
      vertex -1.530000e+02 -4.500000e+01 0.000000e+00
      vertex -1.338870e+02 -3.695940e+01 0.000000e+00
      vertex -1.341920e+02 -3.669200e+01 0.000000e+00
    endloop
  endfacet
  facet normal 0.000000e+00 0.000000e+00 1.000000e+00
    outer loop
      vertex -1.530000e+02 -4.500000e+01 0.000000e+00
      vertex -1.350730e+02 -3.490460e+01 0.000000e+00
      vertex -1.351000e+02 -3.450000e+01 0.000000e+00
    endloop
  endfacet
  facet normal 0.000000e+00 0.000000e+00 1.000000e+00
    outer loop
      vertex -1.530000e+02 -4.500000e+01 0.000000e+00
      vertex -1.351000e+02 -3.450000e+01 0.000000e+00
      vertex -1.350730e+02 -3.409540e+01 0.000000e+00
    endloop
  endfacet
  facet normal 0.000000e+00 0.000000e+00 1.000000e+00
    outer loop
      vertex -1.530000e+02 -4.500000e+01 0.000000e+00
      vertex -1.350730e+02 -3.409540e+01 0.000000e+00
      vertex -1.349940e+02 -3.369770e+01 0.000000e+00
    endloop
  endfacet
  facet normal 0.000000e+00 0.000000e+00 1.000000e+00
    outer loop
      vertex -1.530000e+02 -4.500000e+01 0.000000e+00
      vertex -1.349940e+02 -3.369770e+01 0.000000e+00
      vertex -1.348640e+02 -3.331370e+01 0.000000e+00
    endloop
  endfacet
  facet normal 0.000000e+00 0.000000e+00 1.000000e+00
    outer loop
      vertex -1.530000e+02 -4.500000e+01 0.000000e+00
      vertex -1.348640e+02 -3.331370e+01 0.000000e+00
      vertex -1.346850e+02 -3.295000e+01 0.000000e+00
    endloop
  endfacet
  facet normal 0.000000e+00 0.000000e+00 -1.000000e+00
    outer loop
      vertex -1.550000e+02 -4.300000e+01 -4.000000e+00
      vertex -1.315950e+02 -3.757350e+01 -4.000000e+00
      vertex -1.034050e+02 -3.757350e+01 -4.000000e+00
    endloop
  endfacet
  facet normal 0.000000e+00 0.000000e+00 -1.000000e+00
    outer loop
      vertex -1.550000e+02 -4.300000e+01 -4.000000e+00
      vertex -1.034050e+02 -3.757350e+01 -4.000000e+00
      vertex -1.030000e+02 -3.760000e+01 -4.000000e+00
    endloop
  endfacet
  facet normal 0.000000e+00 0.000000e+00 -1.000000e+00
    outer loop
      vertex -1.550000e+02 -4.300000e+01 -4.000000e+00
      vertex -1.030000e+02 -3.760000e+01 -4.000000e+00
      vertex -1.025950e+02 -3.757350e+01 -4.000000e+00
    endloop
  endfacet
  facet normal 0.000000e+00 0.000000e+00 -1.000000e+00
    outer loop
      vertex -1.315950e+02 -3.757350e+01 -4.000000e+00
      vertex -1.311980e+02 -3.749440e+01 -4.000000e+00
      vertex -1.034050e+02 -3.757350e+01 -4.000000e+00
    endloop
  endfacet
  facet normal 0.000000e+00 0.000000e+00 -1.000000e+00
    outer loop
      vertex -1.311980e+02 -3.749440e+01 -4.000000e+00
      vertex -1.308140e+02 -3.736400e+01 -4.000000e+00
      vertex -1.038020e+02 -3.749440e+01 -4.000000e+00
    endloop
  endfacet
  facet normal 0.000000e+00 0.000000e+00 -1.000000e+00
    outer loop
      vertex -1.308140e+02 -3.736400e+01 -4.000000e+00
      vertex -1.304500e+02 -3.718470e+01 -4.000000e+00
      vertex -1.041860e+02 -3.736400e+01 -4.000000e+00
    endloop
  endfacet
  facet normal 0.000000e+00 0.000000e+00 -1.000000e+00
    outer loop
      vertex -1.304500e+02 -3.718470e+01 -4.000000e+00
      vertex -1.301130e+02 -3.695940e+01 -4.000000e+00
      vertex -1.045500e+02 -3.718470e+01 -4.000000e+00
    endloop
  endfacet
  facet normal 0.000000e+00 0.000000e+00 -1.000000e+00
    outer loop
      vertex -1.301130e+02 -3.695940e+01 -4.000000e+00
      vertex -1.298080e+02 -3.669200e+01 -4.000000e+00
      vertex -1.048870e+02 -3.695940e+01 -4.000000e+00
    endloop
  endfacet
  facet normal 0.000000e+00 0.000000e+00 -1.000000e+00
    outer loop
      vertex -1.298080e+02 -3.669200e+01 -4.000000e+00
      vertex -1.295410e+02 -3.638720e+01 -4.000000e+00
      vertex -1.051920e+02 -3.669200e+01 -4.000000e+00
    endloop
  endfacet
  facet normal 0.000000e+00 0.000000e+00 -1.000000e+00
    outer loop
      vertex -1.295410e+02 -3.638720e+01 -4.000000e+00
      vertex -1.293150e+02 -3.605000e+01 -4.000000e+00
      vertex -1.054590e+02 -3.638720e+01 -4.000000e+00
    endloop
  endfacet
  facet normal 0.000000e+00 0.000000e+00 -1.000000e+00
    outer loop
      vertex -1.293150e+02 -3.605000e+01 -4.000000e+00
      vertex -1.291360e+02 -3.568630e+01 -4.000000e+00
      vertex -1.056850e+02 -3.605000e+01 -4.000000e+00
    endloop
  endfacet
  facet normal 0.000000e+00 0.000000e+00 -1.000000e+00
    outer loop
      vertex -1.291360e+02 -3.568630e+01 -4.000000e+00
      vertex -1.290060e+02 -3.530230e+01 -4.000000e+00
      vertex -1.058640e+02 -3.568630e+01 -4.000000e+00
    endloop
  endfacet
  facet normal 0.000000e+00 0.000000e+00 1.000000e+00
    outer loop
      vertex -1.530000e+02 -4.500000e+01 0.000000e+00
      vertex -1.034050e+02 -3.757350e+01 0.000000e+00
      vertex -1.315950e+02 -3.757350e+01 0.000000e+00
    endloop
  endfacet
  facet normal 4.418808e-01 8.970738e-01 -0.000000e+00
    outer loop
      vertex -1.335500e+02 -3.718470e+01 -4.000000e+00
      vertex -1.335500e+02 -3.718470e+01 0.000000e+00
      vertex -1.331860e+02 -3.736400e+01 -4.000000e+00
    endloop
  endfacet
  facet normal 6.592260e-01 7.519448e-01 0.000000e+00
    outer loop
      vertex -1.338870e+02 -3.695940e+01 -4.000000e+00
      vertex -1.341920e+02 -3.669200e+01 -4.000000e+00
      vertex -1.341920e+02 -3.669200e+01 0.000000e+00
    endloop
  endfacet
  facet normal 5.557921e-01 8.313214e-01 0.000000e+00
    outer loop
      vertex -1.335500e+02 -3.718470e+01 -4.000000e+00
      vertex -1.338870e+02 -3.695940e+01 -4.000000e+00
      vertex -1.338870e+02 -3.695940e+01 0.000000e+00
    endloop
  endfacet
  facet normal 1.954057e-01 9.807225e-01 -0.000000e+00
    outer loop
      vertex -1.328020e+02 -3.749440e+01 -4.000000e+00
      vertex -1.328020e+02 -3.749440e+01 0.000000e+00
      vertex -1.324050e+02 -3.757350e+01 -4.000000e+00
    endloop
  endfacet
  facet normal 6.528504e-02 9.978667e-01 -0.000000e+00
    outer loop
      vertex -1.324050e+02 -3.757350e+01 -4.000000e+00
      vertex -1.324050e+02 -3.757350e+01 0.000000e+00
      vertex -1.320000e+02 -3.760000e+01 -4.000000e+00
    endloop
  endfacet
  facet normal -6.528504e-02 9.978667e-01 0.000000e+00
    outer loop
      vertex -1.320000e+02 -3.760000e+01 -4.000000e+00
      vertex -1.320000e+02 -3.760000e+01 0.000000e+00
      vertex -1.315950e+02 -3.757350e+01 -4.000000e+00
    endloop
  endfacet
  facet normal -1.954057e-01 9.807225e-01 0.000000e+00
    outer loop
      vertex -1.315950e+02 -3.757350e+01 -4.000000e+00
      vertex -1.315950e+02 -3.757350e+01 0.000000e+00
      vertex -1.311980e+02 -3.749440e+01 -4.000000e+00
    endloop
  endfacet
  facet normal 3.215506e-01 9.468924e-01 0.000000e+00
    outer loop
      vertex -1.328020e+02 -3.749440e+01 -4.000000e+00
      vertex -1.331860e+02 -3.736400e+01 -4.000000e+00
      vertex -1.331860e+02 -3.736400e+01 0.000000e+00
    endloop
  endfacet
  facet normal -3.215506e-01 9.468924e-01 0.000000e+00
    outer loop
      vertex -1.311980e+02 -3.749440e+01 -4.000000e+00
      vertex -1.311980e+02 -3.749440e+01 0.000000e+00
      vertex -1.308140e+02 -3.736400e+01 -4.000000e+00
    endloop
  endfacet
  facet normal 8.306859e-01 5.567414e-01 -0.000000e+00
    outer loop
      vertex -1.344590e+02 -3.638720e+01 -4.000000e+00
      vertex -1.346850e+02 -3.605000e+01 -4.000000e+00
      vertex -1.344590e+02 -3.638720e+01 0.000000e+00
    endloop
  endfacet
  facet normal 7.522138e-01 6.589191e-01 0.000000e+00
    outer loop
      vertex -1.344590e+02 -3.638720e+01 -4.000000e+00
      vertex -1.341920e+02 -3.669200e+01 0.000000e+00
      vertex -1.341920e+02 -3.669200e+01 -4.000000e+00
    endloop
  endfacet
  facet normal 8.972214e-01 4.415810e-01 -0.000000e+00
    outer loop
      vertex -1.346850e+02 -3.605000e+01 -4.000000e+00
      vertex -1.348640e+02 -3.568630e+01 -4.000000e+00
      vertex -1.346850e+02 -3.605000e+01 0.000000e+00
    endloop
  endfacet
  facet normal 9.471890e-01 3.206759e-01 -0.000000e+00
    outer loop
      vertex -1.348640e+02 -3.568630e+01 -4.000000e+00
      vertex -1.349940e+02 -3.530230e+01 -4.000000e+00
      vertex -1.348640e+02 -3.568630e+01 0.000000e+00
    endloop
  endfacet
  facet normal -4.418808e-01 8.970738e-01 0.000000e+00
    outer loop
      vertex -1.308140e+02 -3.736400e+01 -4.000000e+00
      vertex -1.308140e+02 -3.736400e+01 0.000000e+00
      vertex -1.304500e+02 -3.718470e+01 -4.000000e+00
    endloop
  endfacet
  facet normal -5.557921e-01 8.313214e-01 0.000000e+00
    outer loop
      vertex -1.304500e+02 -3.718470e+01 -4.000000e+00
      vertex -1.304500e+02 -3.718470e+01 0.000000e+00
      vertex -1.301130e+02 -3.695940e+01 -4.000000e+00
    endloop
  endfacet
  facet normal -6.592260e-01 7.519448e-01 0.000000e+00
    outer loop
      vertex -1.301130e+02 -3.695940e+01 -4.000000e+00
      vertex -1.301130e+02 -3.695940e+01 0.000000e+00
      vertex -1.298080e+02 -3.669200e+01 -4.000000e+00
    endloop
  endfacet
  facet normal -7.522138e-01 6.589191e-01 0.000000e+00
    outer loop
      vertex -1.298080e+02 -3.669200e+01 -4.000000e+00
      vertex -1.295410e+02 -3.638720e+01 0.000000e+00
      vertex -1.295410e+02 -3.638720e+01 -4.000000e+00
    endloop
  endfacet
  facet normal -8.306859e-01 5.567414e-01 0.000000e+00
    outer loop
      vertex -1.295410e+02 -3.638720e+01 -4.000000e+00
      vertex -1.293150e+02 -3.605000e+01 0.000000e+00
      vertex -1.293150e+02 -3.605000e+01 -4.000000e+00
    endloop
  endfacet
  facet normal -8.972214e-01 4.415810e-01 0.000000e+00
    outer loop
      vertex -1.293150e+02 -3.605000e+01 -4.000000e+00
      vertex -1.291360e+02 -3.568630e+01 0.000000e+00
      vertex -1.291360e+02 -3.568630e+01 -4.000000e+00
    endloop
  endfacet
  facet normal -9.471890e-01 3.206759e-01 0.000000e+00
    outer loop
      vertex -1.291360e+02 -3.568630e+01 -4.000000e+00
      vertex -1.290060e+02 -3.530230e+01 0.000000e+00
      vertex -1.290060e+02 -3.530230e+01 -4.000000e+00
    endloop
  endfacet
  facet normal 4.418808e-01 8.970738e-01 -0.000000e+00
    outer loop
      vertex -1.331860e+02 -3.736400e+01 -4.000000e+00
      vertex -1.335500e+02 -3.718470e+01 0.000000e+00
      vertex -1.331860e+02 -3.736400e+01 0.000000e+00
    endloop
  endfacet
  facet normal 5.557921e-01 8.313214e-01 -0.000000e+00
    outer loop
      vertex -1.335500e+02 -3.718470e+01 -4.000000e+00
      vertex -1.338870e+02 -3.695940e+01 0.000000e+00
      vertex -1.335500e+02 -3.718470e+01 0.000000e+00
    endloop
  endfacet
  facet normal 6.592260e-01 7.519448e-01 -0.000000e+00
    outer loop
      vertex -1.338870e+02 -3.695940e+01 -4.000000e+00
      vertex -1.341920e+02 -3.669200e+01 0.000000e+00
      vertex -1.338870e+02 -3.695940e+01 0.000000e+00
    endloop
  endfacet
  facet normal 1.954057e-01 9.807225e-01 -0.000000e+00
    outer loop
      vertex -1.324050e+02 -3.757350e+01 -4.000000e+00
      vertex -1.328020e+02 -3.749440e+01 0.000000e+00
      vertex -1.324050e+02 -3.757350e+01 0.000000e+00
    endloop
  endfacet
  facet normal 6.528504e-02 9.978667e-01 -0.000000e+00
    outer loop
      vertex -1.320000e+02 -3.760000e+01 -4.000000e+00
      vertex -1.324050e+02 -3.757350e+01 0.000000e+00
      vertex -1.320000e+02 -3.760000e+01 0.000000e+00
    endloop
  endfacet
  facet normal -6.528504e-02 9.978667e-01 0.000000e+00
    outer loop
      vertex -1.315950e+02 -3.757350e+01 -4.000000e+00
      vertex -1.320000e+02 -3.760000e+01 0.000000e+00
      vertex -1.315950e+02 -3.757350e+01 0.000000e+00
    endloop
  endfacet
  facet normal -1.954057e-01 9.807225e-01 0.000000e+00
    outer loop
      vertex -1.311980e+02 -3.749440e+01 -4.000000e+00
      vertex -1.315950e+02 -3.757350e+01 0.000000e+00
      vertex -1.311980e+02 -3.749440e+01 0.000000e+00
    endloop
  endfacet
  facet normal 3.215506e-01 9.468924e-01 -0.000000e+00
    outer loop
      vertex -1.328020e+02 -3.749440e+01 -4.000000e+00
      vertex -1.331860e+02 -3.736400e+01 0.000000e+00
      vertex -1.328020e+02 -3.749440e+01 0.000000e+00
    endloop
  endfacet
  facet normal -3.215506e-01 9.468924e-01 0.000000e+00
    outer loop
      vertex -1.308140e+02 -3.736400e+01 -4.000000e+00
      vertex -1.311980e+02 -3.749440e+01 0.000000e+00
      vertex -1.308140e+02 -3.736400e+01 0.000000e+00
    endloop
  endfacet
  facet normal 8.306859e-01 5.567414e-01 -0.000000e+00
    outer loop
      vertex -1.346850e+02 -3.605000e+01 -4.000000e+00
      vertex -1.346850e+02 -3.605000e+01 0.000000e+00
      vertex -1.344590e+02 -3.638720e+01 0.000000e+00
    endloop
  endfacet
  facet normal 7.522138e-01 6.589191e-01 -0.000000e+00
    outer loop
      vertex -1.344590e+02 -3.638720e+01 -4.000000e+00
      vertex -1.344590e+02 -3.638720e+01 0.000000e+00
      vertex -1.341920e+02 -3.669200e+01 0.000000e+00
    endloop
  endfacet
  facet normal 8.972214e-01 4.415810e-01 -0.000000e+00
    outer loop
      vertex -1.348640e+02 -3.568630e+01 -4.000000e+00
      vertex -1.348640e+02 -3.568630e+01 0.000000e+00
      vertex -1.346850e+02 -3.605000e+01 0.000000e+00
    endloop
  endfacet
  facet normal 9.471890e-01 3.206759e-01 -0.000000e+00
    outer loop
      vertex -1.349940e+02 -3.530230e+01 -4.000000e+00
      vertex -1.349940e+02 -3.530230e+01 0.000000e+00
      vertex -1.348640e+02 -3.568630e+01 0.000000e+00
    endloop
  endfacet
  facet normal -4.418808e-01 8.970738e-01 0.000000e+00
    outer loop
      vertex -1.304500e+02 -3.718470e+01 -4.000000e+00
      vertex -1.308140e+02 -3.736400e+01 0.000000e+00
      vertex -1.304500e+02 -3.718470e+01 0.000000e+00
    endloop
  endfacet
  facet normal -5.557921e-01 8.313214e-01 0.000000e+00
    outer loop
      vertex -1.301130e+02 -3.695940e+01 -4.000000e+00
      vertex -1.304500e+02 -3.718470e+01 0.000000e+00
      vertex -1.301130e+02 -3.695940e+01 0.000000e+00
    endloop
  endfacet
  facet normal -6.592260e-01 7.519448e-01 0.000000e+00
    outer loop
      vertex -1.298080e+02 -3.669200e+01 -4.000000e+00
      vertex -1.301130e+02 -3.695940e+01 0.000000e+00
      vertex -1.298080e+02 -3.669200e+01 0.000000e+00
    endloop
  endfacet
  facet normal -7.522138e-01 6.589191e-01 0.000000e+00
    outer loop
      vertex -1.298080e+02 -3.669200e+01 -4.000000e+00
      vertex -1.298080e+02 -3.669200e+01 0.000000e+00
      vertex -1.295410e+02 -3.638720e+01 0.000000e+00
    endloop
  endfacet
  facet normal -8.306859e-01 5.567414e-01 0.000000e+00
    outer loop
      vertex -1.295410e+02 -3.638720e+01 -4.000000e+00
      vertex -1.295410e+02 -3.638720e+01 0.000000e+00
      vertex -1.293150e+02 -3.605000e+01 0.000000e+00
    endloop
  endfacet
  facet normal -8.972214e-01 4.415810e-01 0.000000e+00
    outer loop
      vertex -1.293150e+02 -3.605000e+01 -4.000000e+00
      vertex -1.293150e+02 -3.605000e+01 0.000000e+00
      vertex -1.291360e+02 -3.568630e+01 0.000000e+00
    endloop
  endfacet
  facet normal -9.471890e-01 3.206759e-01 0.000000e+00
    outer loop
      vertex -1.291360e+02 -3.568630e+01 -4.000000e+00
      vertex -1.291360e+02 -3.568630e+01 0.000000e+00
      vertex -1.290060e+02 -3.530230e+01 0.000000e+00
    endloop
  endfacet
  facet normal 0.000000e+00 0.000000e+00 1.000000e+00
    outer loop
      vertex -1.530000e+02 -4.500000e+01 0.000000e+00
      vertex -1.030000e+02 -3.760000e+01 0.000000e+00
      vertex -1.034050e+02 -3.757350e+01 0.000000e+00
    endloop
  endfacet
  facet normal 0.000000e+00 0.000000e+00 1.000000e+00
    outer loop
      vertex -1.530000e+02 -4.500000e+01 0.000000e+00
      vertex -1.025950e+02 -3.757350e+01 0.000000e+00
      vertex -1.030000e+02 -3.760000e+01 0.000000e+00
    endloop
  endfacet
  facet normal 0.000000e+00 0.000000e+00 1.000000e+00
    outer loop
      vertex -1.315950e+02 -3.757350e+01 0.000000e+00
      vertex -1.034050e+02 -3.757350e+01 0.000000e+00
      vertex -1.311980e+02 -3.749440e+01 0.000000e+00
    endloop
  endfacet
  facet normal 0.000000e+00 0.000000e+00 1.000000e+00
    outer loop
      vertex -1.311980e+02 -3.749440e+01 0.000000e+00
      vertex -1.038020e+02 -3.749440e+01 0.000000e+00
      vertex -1.308140e+02 -3.736400e+01 0.000000e+00
    endloop
  endfacet
  facet normal 0.000000e+00 0.000000e+00 1.000000e+00
    outer loop
      vertex -1.308140e+02 -3.736400e+01 0.000000e+00
      vertex -1.041860e+02 -3.736400e+01 0.000000e+00
      vertex -1.304500e+02 -3.718470e+01 0.000000e+00
    endloop
  endfacet
  facet normal 0.000000e+00 0.000000e+00 1.000000e+00
    outer loop
      vertex -1.304500e+02 -3.718470e+01 0.000000e+00
      vertex -1.045500e+02 -3.718470e+01 0.000000e+00
      vertex -1.301130e+02 -3.695940e+01 0.000000e+00
    endloop
  endfacet
  facet normal 0.000000e+00 0.000000e+00 1.000000e+00
    outer loop
      vertex -1.301130e+02 -3.695940e+01 0.000000e+00
      vertex -1.048870e+02 -3.695940e+01 0.000000e+00
      vertex -1.298080e+02 -3.669200e+01 0.000000e+00
    endloop
  endfacet
  facet normal 0.000000e+00 0.000000e+00 1.000000e+00
    outer loop
      vertex -1.298080e+02 -3.669200e+01 0.000000e+00
      vertex -1.051920e+02 -3.669200e+01 0.000000e+00
      vertex -1.295410e+02 -3.638720e+01 0.000000e+00
    endloop
  endfacet
  facet normal 0.000000e+00 0.000000e+00 1.000000e+00
    outer loop
      vertex -1.295410e+02 -3.638720e+01 0.000000e+00
      vertex -1.054590e+02 -3.638720e+01 0.000000e+00
      vertex -1.293150e+02 -3.605000e+01 0.000000e+00
    endloop
  endfacet
  facet normal 0.000000e+00 0.000000e+00 1.000000e+00
    outer loop
      vertex -1.293150e+02 -3.605000e+01 0.000000e+00
      vertex -1.056850e+02 -3.605000e+01 0.000000e+00
      vertex -1.291360e+02 -3.568630e+01 0.000000e+00
    endloop
  endfacet
  facet normal 0.000000e+00 0.000000e+00 1.000000e+00
    outer loop
      vertex -1.291360e+02 -3.568630e+01 0.000000e+00
      vertex -1.058640e+02 -3.568630e+01 0.000000e+00
      vertex -1.290060e+02 -3.530230e+01 0.000000e+00
    endloop
  endfacet
  facet normal 0.000000e+00 0.000000e+00 -1.000000e+00
    outer loop
      vertex -1.550000e+02 -4.300000e+01 -4.000000e+00
      vertex -1.361070e+02 -8.522660e+00 -4.000000e+00
      vertex -1.346850e+02 -3.295000e+01 -4.000000e+00
    endloop
  endfacet
  facet normal 0.000000e+00 0.000000e+00 1.000000e+00
    outer loop
      vertex -1.530000e+02 -4.500000e+01 0.000000e+00
      vertex -1.346850e+02 -3.295000e+01 0.000000e+00
      vertex -1.361070e+02 -8.522660e+00 0.000000e+00
    endloop
  endfacet
  facet normal 0.000000e+00 0.000000e+00 -1.000000e+00
    outer loop
      vertex -1.290060e+02 -3.530230e+01 -4.000000e+00
      vertex -1.289270e+02 -3.490460e+01 -4.000000e+00
      vertex -1.059940e+02 -3.530230e+01 -4.000000e+00
    endloop
  endfacet
  facet normal 0.000000e+00 0.000000e+00 -1.000000e+00
    outer loop
      vertex -1.289270e+02 -3.490460e+01 -4.000000e+00
      vertex -1.289000e+02 -3.450000e+01 -4.000000e+00
      vertex -1.060730e+02 -3.490460e+01 -4.000000e+00
    endloop
  endfacet
  facet normal 0.000000e+00 0.000000e+00 -1.000000e+00
    outer loop
      vertex -1.289000e+02 -3.450000e+01 -4.000000e+00
      vertex -1.289270e+02 -3.409540e+01 -4.000000e+00
      vertex -1.061000e+02 -3.450000e+01 -4.000000e+00
    endloop
  endfacet
  facet normal 0.000000e+00 0.000000e+00 -1.000000e+00
    outer loop
      vertex -1.289270e+02 -3.409540e+01 -4.000000e+00
      vertex -1.290060e+02 -3.369770e+01 -4.000000e+00
      vertex -1.060730e+02 -3.409540e+01 -4.000000e+00
    endloop
  endfacet
  facet normal 0.000000e+00 0.000000e+00 -1.000000e+00
    outer loop
      vertex -1.290060e+02 -3.369770e+01 -4.000000e+00
      vertex -1.291360e+02 -3.331370e+01 -4.000000e+00
      vertex -1.059940e+02 -3.369770e+01 -4.000000e+00
    endloop
  endfacet
  facet normal 0.000000e+00 0.000000e+00 -1.000000e+00
    outer loop
      vertex -1.291360e+02 -3.331370e+01 -4.000000e+00
      vertex -1.293150e+02 -3.295000e+01 -4.000000e+00
      vertex -1.058640e+02 -3.331370e+01 -4.000000e+00
    endloop
  endfacet
  facet normal 9.808385e-01 1.948224e-01 -0.000000e+00
    outer loop
      vertex -1.349940e+02 -3.530230e+01 -4.000000e+00
      vertex -1.350730e+02 -3.490460e+01 -4.000000e+00
      vertex -1.349940e+02 -3.530230e+01 0.000000e+00
    endloop
  endfacet
  facet normal 9.977795e-01 6.660455e-02 -0.000000e+00
    outer loop
      vertex -1.350730e+02 -3.490460e+01 -4.000000e+00
      vertex -1.351000e+02 -3.450000e+01 -4.000000e+00
      vertex -1.350730e+02 -3.490460e+01 0.000000e+00
    endloop
  endfacet
  facet normal 9.977795e-01 -6.660455e-02 0.000000e+00
    outer loop
      vertex -1.351000e+02 -3.450000e+01 -4.000000e+00
      vertex -1.350730e+02 -3.409540e+01 -4.000000e+00
      vertex -1.351000e+02 -3.450000e+01 0.000000e+00
    endloop
  endfacet
  facet normal 9.808385e-01 -1.948224e-01 0.000000e+00
    outer loop
      vertex -1.350730e+02 -3.409540e+01 -4.000000e+00
      vertex -1.349940e+02 -3.369770e+01 -4.000000e+00
      vertex -1.350730e+02 -3.409540e+01 0.000000e+00
    endloop
  endfacet
  facet normal 9.471890e-01 -3.206759e-01 0.000000e+00
    outer loop
      vertex -1.349940e+02 -3.369770e+01 -4.000000e+00
      vertex -1.348640e+02 -3.331370e+01 -4.000000e+00
      vertex -1.349940e+02 -3.369770e+01 0.000000e+00
    endloop
  endfacet
  facet normal 8.972214e-01 -4.415810e-01 0.000000e+00
    outer loop
      vertex -1.348640e+02 -3.331370e+01 -4.000000e+00
      vertex -1.346850e+02 -3.295000e+01 -4.000000e+00
      vertex -1.348640e+02 -3.331370e+01 0.000000e+00
    endloop
  endfacet
  facet normal 8.306859e-01 -5.567414e-01 0.000000e+00
    outer loop
      vertex -1.346850e+02 -3.295000e+01 -4.000000e+00
      vertex -1.344590e+02 -3.261280e+01 -4.000000e+00
      vertex -1.346850e+02 -3.295000e+01 0.000000e+00
    endloop
  endfacet
  facet normal 7.522138e-01 -6.589191e-01 0.000000e+00
    outer loop
      vertex -1.344590e+02 -3.261280e+01 -4.000000e+00
      vertex -1.341920e+02 -3.230800e+01 -4.000000e+00
      vertex -1.344590e+02 -3.261280e+01 0.000000e+00
    endloop
  endfacet
  facet normal -9.808385e-01 1.948224e-01 0.000000e+00
    outer loop
      vertex -1.290060e+02 -3.530230e+01 -4.000000e+00
      vertex -1.289270e+02 -3.490460e+01 0.000000e+00
      vertex -1.289270e+02 -3.490460e+01 -4.000000e+00
    endloop
  endfacet
  facet normal -9.977795e-01 6.660455e-02 0.000000e+00
    outer loop
      vertex -1.289270e+02 -3.490460e+01 -4.000000e+00
      vertex -1.289000e+02 -3.450000e+01 0.000000e+00
      vertex -1.289000e+02 -3.450000e+01 -4.000000e+00
    endloop
  endfacet
  facet normal -9.977795e-01 -6.660455e-02 0.000000e+00
    outer loop
      vertex -1.289000e+02 -3.450000e+01 -4.000000e+00
      vertex -1.289270e+02 -3.409540e+01 0.000000e+00
      vertex -1.289270e+02 -3.409540e+01 -4.000000e+00
    endloop
  endfacet
  facet normal -9.808385e-01 -1.948224e-01 0.000000e+00
    outer loop
      vertex -1.289270e+02 -3.409540e+01 -4.000000e+00
      vertex -1.290060e+02 -3.369770e+01 0.000000e+00
      vertex -1.290060e+02 -3.369770e+01 -4.000000e+00
    endloop
  endfacet
  facet normal -9.471890e-01 -3.206759e-01 0.000000e+00
    outer loop
      vertex -1.290060e+02 -3.369770e+01 -4.000000e+00
      vertex -1.291360e+02 -3.331370e+01 0.000000e+00
      vertex -1.291360e+02 -3.331370e+01 -4.000000e+00
    endloop
  endfacet
  facet normal -8.972214e-01 -4.415810e-01 0.000000e+00
    outer loop
      vertex -1.291360e+02 -3.331370e+01 -4.000000e+00
      vertex -1.293150e+02 -3.295000e+01 0.000000e+00
      vertex -1.293150e+02 -3.295000e+01 -4.000000e+00
    endloop
  endfacet
  facet normal -7.522138e-01 -6.589191e-01 0.000000e+00
    outer loop
      vertex -1.295410e+02 -3.261280e+01 -4.000000e+00
      vertex -1.298080e+02 -3.230800e+01 0.000000e+00
      vertex -1.298080e+02 -3.230800e+01 -4.000000e+00
    endloop
  endfacet
  facet normal -8.306859e-01 -5.567414e-01 0.000000e+00
    outer loop
      vertex -1.293150e+02 -3.295000e+01 -4.000000e+00
      vertex -1.295410e+02 -3.261280e+01 0.000000e+00
      vertex -1.295410e+02 -3.261280e+01 -4.000000e+00
    endloop
  endfacet
  facet normal 9.808385e-01 1.948224e-01 0.000000e+00
    outer loop
      vertex -1.349940e+02 -3.530230e+01 0.000000e+00
      vertex -1.350730e+02 -3.490460e+01 -4.000000e+00
      vertex -1.350730e+02 -3.490460e+01 0.000000e+00
    endloop
  endfacet
  facet normal 9.977795e-01 6.660455e-02 -0.000000e+00
    outer loop
      vertex -1.351000e+02 -3.450000e+01 -4.000000e+00
      vertex -1.351000e+02 -3.450000e+01 0.000000e+00
      vertex -1.350730e+02 -3.490460e+01 0.000000e+00
    endloop
  endfacet
  facet normal 9.977795e-01 -6.660455e-02 0.000000e+00
    outer loop
      vertex -1.350730e+02 -3.409540e+01 -4.000000e+00
      vertex -1.350730e+02 -3.409540e+01 0.000000e+00
      vertex -1.351000e+02 -3.450000e+01 0.000000e+00
    endloop
  endfacet
  facet normal 9.808385e-01 -1.948224e-01 0.000000e+00
    outer loop
      vertex -1.349940e+02 -3.369770e+01 -4.000000e+00
      vertex -1.349940e+02 -3.369770e+01 0.000000e+00
      vertex -1.350730e+02 -3.409540e+01 0.000000e+00
    endloop
  endfacet
  facet normal 9.471890e-01 -3.206759e-01 0.000000e+00
    outer loop
      vertex -1.348640e+02 -3.331370e+01 -4.000000e+00
      vertex -1.348640e+02 -3.331370e+01 0.000000e+00
      vertex -1.349940e+02 -3.369770e+01 0.000000e+00
    endloop
  endfacet
  facet normal 8.972214e-01 -4.415810e-01 0.000000e+00
    outer loop
      vertex -1.346850e+02 -3.295000e+01 -4.000000e+00
      vertex -1.346850e+02 -3.295000e+01 0.000000e+00
      vertex -1.348640e+02 -3.331370e+01 0.000000e+00
    endloop
  endfacet
  facet normal 8.306859e-01 -5.567414e-01 0.000000e+00
    outer loop
      vertex -1.344590e+02 -3.261280e+01 -4.000000e+00
      vertex -1.344590e+02 -3.261280e+01 0.000000e+00
      vertex -1.346850e+02 -3.295000e+01 0.000000e+00
    endloop
  endfacet
  facet normal 7.522138e-01 -6.589191e-01 0.000000e+00
    outer loop
      vertex -1.341920e+02 -3.230800e+01 -4.000000e+00
      vertex -1.341920e+02 -3.230800e+01 0.000000e+00
      vertex -1.344590e+02 -3.261280e+01 0.000000e+00
    endloop
  endfacet
  facet normal -9.808385e-01 1.948224e-01 0.000000e+00
    outer loop
      vertex -1.290060e+02 -3.530230e+01 -4.000000e+00
      vertex -1.290060e+02 -3.530230e+01 0.000000e+00
      vertex -1.289270e+02 -3.490460e+01 0.000000e+00
    endloop
  endfacet
  facet normal -9.977795e-01 6.660455e-02 0.000000e+00
    outer loop
      vertex -1.289270e+02 -3.490460e+01 -4.000000e+00
      vertex -1.289270e+02 -3.490460e+01 0.000000e+00
      vertex -1.289000e+02 -3.450000e+01 0.000000e+00
    endloop
  endfacet
  facet normal -9.977795e-01 -6.660455e-02 0.000000e+00
    outer loop
      vertex -1.289000e+02 -3.450000e+01 -4.000000e+00
      vertex -1.289000e+02 -3.450000e+01 0.000000e+00
      vertex -1.289270e+02 -3.409540e+01 0.000000e+00
    endloop
  endfacet
  facet normal -9.808385e-01 -1.948224e-01 0.000000e+00
    outer loop
      vertex -1.289270e+02 -3.409540e+01 -4.000000e+00
      vertex -1.289270e+02 -3.409540e+01 0.000000e+00
      vertex -1.290060e+02 -3.369770e+01 0.000000e+00
    endloop
  endfacet
  facet normal -9.471890e-01 -3.206759e-01 0.000000e+00
    outer loop
      vertex -1.290060e+02 -3.369770e+01 -4.000000e+00
      vertex -1.290060e+02 -3.369770e+01 0.000000e+00
      vertex -1.291360e+02 -3.331370e+01 0.000000e+00
    endloop
  endfacet
  facet normal -8.972214e-01 -4.415810e-01 0.000000e+00
    outer loop
      vertex -1.291360e+02 -3.331370e+01 -4.000000e+00
      vertex -1.291360e+02 -3.331370e+01 0.000000e+00
      vertex -1.293150e+02 -3.295000e+01 0.000000e+00
    endloop
  endfacet
  facet normal -7.522138e-01 -6.589191e-01 0.000000e+00
    outer loop
      vertex -1.295410e+02 -3.261280e+01 -4.000000e+00
      vertex -1.295410e+02 -3.261280e+01 0.000000e+00
      vertex -1.298080e+02 -3.230800e+01 0.000000e+00
    endloop
  endfacet
  facet normal -8.306859e-01 -5.567414e-01 0.000000e+00
    outer loop
      vertex -1.293150e+02 -3.295000e+01 -4.000000e+00
      vertex -1.293150e+02 -3.295000e+01 0.000000e+00
      vertex -1.295410e+02 -3.261280e+01 0.000000e+00
    endloop
  endfacet
  facet normal 6.592260e-01 -7.519448e-01 0.000000e+00
    outer loop
      vertex -1.341920e+02 -3.230800e+01 -4.000000e+00
      vertex -1.338870e+02 -3.204060e+01 -4.000000e+00
      vertex -1.338870e+02 -3.204060e+01 0.000000e+00
    endloop
  endfacet
  facet normal 5.557921e-01 -8.313214e-01 0.000000e+00
    outer loop
      vertex -1.338870e+02 -3.204060e+01 -4.000000e+00
      vertex -1.335500e+02 -3.181530e+01 -4.000000e+00
      vertex -1.335500e+02 -3.181530e+01 0.000000e+00
    endloop
  endfacet
  facet normal 4.418845e-01 -8.970719e-01 0.000000e+00
    outer loop
      vertex -1.335500e+02 -3.181530e+01 -4.000000e+00
      vertex -1.331860e+02 -3.163600e+01 -4.000000e+00
      vertex -1.331860e+02 -3.163600e+01 0.000000e+00
    endloop
  endfacet
  facet normal -3.215464e-01 -9.468938e-01 0.000000e+00
    outer loop
      vertex -1.308140e+02 -3.163600e+01 -4.000000e+00
      vertex -1.308140e+02 -3.163600e+01 0.000000e+00
      vertex -1.311980e+02 -3.150560e+01 -4.000000e+00
    endloop
  endfacet
  facet normal 3.215464e-01 -9.468938e-01 0.000000e+00
    outer loop
      vertex -1.331860e+02 -3.163600e+01 -4.000000e+00
      vertex -1.328020e+02 -3.150560e+01 -4.000000e+00
      vertex -1.328020e+02 -3.150560e+01 0.000000e+00
    endloop
  endfacet
  facet normal 1.954012e-01 -9.807234e-01 0.000000e+00
    outer loop
      vertex -1.328020e+02 -3.150560e+01 -4.000000e+00
      vertex -1.324050e+02 -3.142650e+01 -4.000000e+00
      vertex -1.324050e+02 -3.142650e+01 0.000000e+00
    endloop
  endfacet
  facet normal 6.529440e-02 -9.978660e-01 0.000000e+00
    outer loop
      vertex -1.324050e+02 -3.142650e+01 -4.000000e+00
      vertex -1.320000e+02 -3.140000e+01 -4.000000e+00
      vertex -1.320000e+02 -3.140000e+01 0.000000e+00
    endloop
  endfacet
  facet normal -6.529440e-02 -9.978660e-01 0.000000e+00
    outer loop
      vertex -1.320000e+02 -3.140000e+01 -4.000000e+00
      vertex -1.315950e+02 -3.142650e+01 -4.000000e+00
      vertex -1.315950e+02 -3.142650e+01 0.000000e+00
    endloop
  endfacet
  facet normal -1.954012e-01 -9.807234e-01 0.000000e+00
    outer loop
      vertex -1.315950e+02 -3.142650e+01 -4.000000e+00
      vertex -1.311980e+02 -3.150560e+01 -4.000000e+00
      vertex -1.311980e+02 -3.150560e+01 0.000000e+00
    endloop
  endfacet
  facet normal -5.557921e-01 -8.313214e-01 0.000000e+00
    outer loop
      vertex -1.301130e+02 -3.204060e+01 -4.000000e+00
      vertex -1.301130e+02 -3.204060e+01 0.000000e+00
      vertex -1.304500e+02 -3.181530e+01 -4.000000e+00
    endloop
  endfacet
  facet normal -6.592260e-01 -7.519448e-01 0.000000e+00
    outer loop
      vertex -1.298080e+02 -3.230800e+01 -4.000000e+00
      vertex -1.298080e+02 -3.230800e+01 0.000000e+00
      vertex -1.301130e+02 -3.204060e+01 -4.000000e+00
    endloop
  endfacet
  facet normal -4.418845e-01 -8.970719e-01 0.000000e+00
    outer loop
      vertex -1.308140e+02 -3.163600e+01 -4.000000e+00
      vertex -1.304500e+02 -3.181530e+01 -4.000000e+00
      vertex -1.304500e+02 -3.181530e+01 0.000000e+00
    endloop
  endfacet
  facet normal 6.592260e-01 -7.519448e-01 0.000000e+00
    outer loop
      vertex -1.341920e+02 -3.230800e+01 -4.000000e+00
      vertex -1.338870e+02 -3.204060e+01 0.000000e+00
      vertex -1.341920e+02 -3.230800e+01 0.000000e+00
    endloop
  endfacet
  facet normal 5.557921e-01 -8.313214e-01 0.000000e+00
    outer loop
      vertex -1.338870e+02 -3.204060e+01 -4.000000e+00
      vertex -1.335500e+02 -3.181530e+01 0.000000e+00
      vertex -1.338870e+02 -3.204060e+01 0.000000e+00
    endloop
  endfacet
  facet normal 4.418845e-01 -8.970719e-01 0.000000e+00
    outer loop
      vertex -1.335500e+02 -3.181530e+01 -4.000000e+00
      vertex -1.331860e+02 -3.163600e+01 0.000000e+00
      vertex -1.335500e+02 -3.181530e+01 0.000000e+00
    endloop
  endfacet
  facet normal 3.215464e-01 -9.468938e-01 0.000000e+00
    outer loop
      vertex -1.331860e+02 -3.163600e+01 -4.000000e+00
      vertex -1.328020e+02 -3.150560e+01 0.000000e+00
      vertex -1.331860e+02 -3.163600e+01 0.000000e+00
    endloop
  endfacet
  facet normal 1.954012e-01 -9.807234e-01 0.000000e+00
    outer loop
      vertex -1.328020e+02 -3.150560e+01 -4.000000e+00
      vertex -1.324050e+02 -3.142650e+01 0.000000e+00
      vertex -1.328020e+02 -3.150560e+01 0.000000e+00
    endloop
  endfacet
  facet normal 6.529440e-02 -9.978660e-01 0.000000e+00
    outer loop
      vertex -1.324050e+02 -3.142650e+01 -4.000000e+00
      vertex -1.320000e+02 -3.140000e+01 0.000000e+00
      vertex -1.324050e+02 -3.142650e+01 0.000000e+00
    endloop
  endfacet
  facet normal -6.529440e-02 -9.978660e-01 0.000000e+00
    outer loop
      vertex -1.320000e+02 -3.140000e+01 -4.000000e+00
      vertex -1.315950e+02 -3.142650e+01 0.000000e+00
      vertex -1.320000e+02 -3.140000e+01 0.000000e+00
    endloop
  endfacet
  facet normal -1.954012e-01 -9.807234e-01 0.000000e+00
    outer loop
      vertex -1.315950e+02 -3.142650e+01 -4.000000e+00
      vertex -1.311980e+02 -3.150560e+01 0.000000e+00
      vertex -1.315950e+02 -3.142650e+01 0.000000e+00
    endloop
  endfacet
  facet normal -3.215464e-01 -9.468938e-01 0.000000e+00
    outer loop
      vertex -1.311980e+02 -3.150560e+01 -4.000000e+00
      vertex -1.308140e+02 -3.163600e+01 0.000000e+00
      vertex -1.311980e+02 -3.150560e+01 0.000000e+00
    endloop
  endfacet
  facet normal -6.592260e-01 -7.519448e-01 0.000000e+00
    outer loop
      vertex -1.301130e+02 -3.204060e+01 -4.000000e+00
      vertex -1.298080e+02 -3.230800e+01 0.000000e+00
      vertex -1.301130e+02 -3.204060e+01 0.000000e+00
    endloop
  endfacet
  facet normal -5.557921e-01 -8.313214e-01 0.000000e+00
    outer loop
      vertex -1.304500e+02 -3.181530e+01 -4.000000e+00
      vertex -1.301130e+02 -3.204060e+01 0.000000e+00
      vertex -1.304500e+02 -3.181530e+01 0.000000e+00
    endloop
  endfacet
  facet normal -4.418845e-01 -8.970719e-01 0.000000e+00
    outer loop
      vertex -1.308140e+02 -3.163600e+01 -4.000000e+00
      vertex -1.304500e+02 -3.181530e+01 0.000000e+00
      vertex -1.308140e+02 -3.163600e+01 0.000000e+00
    endloop
  endfacet
  facet normal 0.000000e+00 0.000000e+00 1.000000e+00
    outer loop
      vertex -1.290060e+02 -3.530230e+01 0.000000e+00
      vertex -1.059940e+02 -3.530230e+01 0.000000e+00
      vertex -1.289270e+02 -3.490460e+01 0.000000e+00
    endloop
  endfacet
  facet normal 0.000000e+00 0.000000e+00 1.000000e+00
    outer loop
      vertex -1.289270e+02 -3.490460e+01 0.000000e+00
      vertex -1.060730e+02 -3.490460e+01 0.000000e+00
      vertex -1.289000e+02 -3.450000e+01 0.000000e+00
    endloop
  endfacet
  facet normal 0.000000e+00 -0.000000e+00 1.000000e+00
    outer loop
      vertex -1.289000e+02 -3.450000e+01 0.000000e+00
      vertex -1.060730e+02 -3.409540e+01 0.000000e+00
      vertex -1.289270e+02 -3.409540e+01 0.000000e+00
    endloop
  endfacet
  facet normal 0.000000e+00 0.000000e+00 -1.000000e+00
    outer loop
      vertex -1.341920e+02 -3.230800e+01 -4.000000e+00
      vertex -1.335230e+02 -1.110690e+01 -4.000000e+00
      vertex -1.338870e+02 -3.204060e+01 -4.000000e+00
    endloop
  endfacet
  facet normal 0.000000e+00 0.000000e+00 -1.000000e+00
    outer loop
      vertex -1.338870e+02 -3.204060e+01 -4.000000e+00
      vertex -1.335230e+02 -1.110690e+01 -4.000000e+00
      vertex -1.335500e+02 -3.181530e+01 -4.000000e+00
    endloop
  endfacet
  facet normal 0.000000e+00 0.000000e+00 -1.000000e+00
    outer loop
      vertex -1.335500e+02 -3.181530e+01 -4.000000e+00
      vertex -1.320000e+02 -1.212440e+01 -4.000000e+00
      vertex -1.331860e+02 -3.163600e+01 -4.000000e+00
    endloop
  endfacet
  facet normal 0.000000e+00 0.000000e+00 -1.000000e+00
    outer loop
      vertex -1.331860e+02 -3.163600e+01 -4.000000e+00
      vertex -1.320000e+02 -1.212440e+01 -4.000000e+00
      vertex -1.328020e+02 -3.150560e+01 -4.000000e+00
    endloop
  endfacet
  facet normal 0.000000e+00 0.000000e+00 -1.000000e+00
    outer loop
      vertex -1.328020e+02 -3.150560e+01 -4.000000e+00
      vertex -1.303580e+02 -1.293430e+01 -4.000000e+00
      vertex -1.324050e+02 -3.142650e+01 -4.000000e+00
    endloop
  endfacet
  facet normal 0.000000e+00 0.000000e+00 -1.000000e+00
    outer loop
      vertex -1.324050e+02 -3.142650e+01 -4.000000e+00
      vertex -1.303580e+02 -1.293430e+01 -4.000000e+00
      vertex -1.320000e+02 -3.140000e+01 -4.000000e+00
    endloop
  endfacet
  facet normal 0.000000e+00 0.000000e+00 -1.000000e+00
    outer loop
      vertex -1.346850e+02 -3.295000e+01 -4.000000e+00
      vertex -1.361070e+02 -8.522660e+00 -4.000000e+00
      vertex -1.344590e+02 -3.261280e+01 -4.000000e+00
    endloop
  endfacet
  facet normal 0.000000e+00 0.000000e+00 -1.000000e+00
    outer loop
      vertex -1.344590e+02 -3.261280e+01 -4.000000e+00
      vertex -1.348990e+02 -9.899490e+00 -4.000000e+00
      vertex -1.341920e+02 -3.230800e+01 -4.000000e+00
    endloop
  endfacet
  facet normal 0.000000e+00 0.000000e+00 -1.000000e+00
    outer loop
      vertex -1.308140e+02 -3.163600e+01 -4.000000e+00
      vertex -1.268270e+02 -1.388020e+01 -4.000000e+00
      vertex -1.304500e+02 -3.181530e+01 -4.000000e+00
    endloop
  endfacet
  facet normal 0.000000e+00 0.000000e+00 -1.000000e+00
    outer loop
      vertex -1.301130e+02 -3.204060e+01 -4.000000e+00
      vertex -1.304500e+02 -3.181530e+01 -4.000000e+00
      vertex -1.250000e+02 -1.400000e+01 -4.000000e+00
    endloop
  endfacet
  facet normal 0.000000e+00 0.000000e+00 -1.000000e+00
    outer loop
      vertex -1.320000e+02 -3.140000e+01 -4.000000e+00
      vertex -1.286230e+02 -1.352300e+01 -4.000000e+00
      vertex -1.315950e+02 -3.142650e+01 -4.000000e+00
    endloop
  endfacet
  facet normal 0.000000e+00 0.000000e+00 -1.000000e+00
    outer loop
      vertex -1.315950e+02 -3.142650e+01 -4.000000e+00
      vertex -1.286230e+02 -1.352300e+01 -4.000000e+00
      vertex -1.311980e+02 -3.150560e+01 -4.000000e+00
    endloop
  endfacet
  facet normal 0.000000e+00 0.000000e+00 -1.000000e+00
    outer loop
      vertex -1.308140e+02 -3.163600e+01 -4.000000e+00
      vertex -1.311980e+02 -3.150560e+01 -4.000000e+00
      vertex -1.268270e+02 -1.388020e+01 -4.000000e+00
    endloop
  endfacet
  facet normal 0.000000e+00 0.000000e+00 -1.000000e+00
    outer loop
      vertex -1.295410e+02 -3.261280e+01 -4.000000e+00
      vertex -1.298080e+02 -3.230800e+01 -4.000000e+00
      vertex -1.231730e+02 -1.388020e+01 -4.000000e+00
    endloop
  endfacet
  facet normal 0.000000e+00 0.000000e+00 -1.000000e+00
    outer loop
      vertex -1.298080e+02 -3.230800e+01 -4.000000e+00
      vertex -1.301130e+02 -3.204060e+01 -4.000000e+00
      vertex -1.231730e+02 -1.388020e+01 -4.000000e+00
    endloop
  endfacet
  facet normal 0.000000e+00 0.000000e+00 -1.000000e+00
    outer loop
      vertex -1.293150e+02 -3.295000e+01 -4.000000e+00
      vertex -1.295410e+02 -3.261280e+01 -4.000000e+00
      vertex -1.213770e+02 -1.352300e+01 -4.000000e+00
    endloop
  endfacet
  facet normal 0.000000e+00 0.000000e+00 -1.000000e+00
    outer loop
      vertex -1.293150e+02 -3.295000e+01 -4.000000e+00
      vertex -1.213770e+02 -1.352300e+01 -4.000000e+00
      vertex -1.056850e+02 -3.295000e+01 -4.000000e+00
    endloop
  endfacet
  facet normal 0.000000e+00 -0.000000e+00 1.000000e+00
    outer loop
      vertex -1.291360e+02 -3.331370e+01 0.000000e+00
      vertex -1.268270e+02 -1.388020e+01 0.000000e+00
      vertex -1.293150e+02 -3.295000e+01 0.000000e+00
    endloop
  endfacet
  facet normal 0.000000e+00 -0.000000e+00 1.000000e+00
    outer loop
      vertex -1.293150e+02 -3.295000e+01 0.000000e+00
      vertex -1.268270e+02 -1.388020e+01 0.000000e+00
      vertex -1.295410e+02 -3.261280e+01 0.000000e+00
    endloop
  endfacet
  facet normal 0.000000e+00 -0.000000e+00 1.000000e+00
    outer loop
      vertex -1.289270e+02 -3.409540e+01 0.000000e+00
      vertex -1.268270e+02 -1.388020e+01 0.000000e+00
      vertex -1.290060e+02 -3.369770e+01 0.000000e+00
    endloop
  endfacet
  facet normal 0.000000e+00 -0.000000e+00 1.000000e+00
    outer loop
      vertex -1.290060e+02 -3.369770e+01 0.000000e+00
      vertex -1.268270e+02 -1.388020e+01 0.000000e+00
      vertex -1.291360e+02 -3.331370e+01 0.000000e+00
    endloop
  endfacet
  facet normal 0.000000e+00 0.000000e+00 1.000000e+00
    outer loop
      vertex -1.341920e+02 -3.230800e+01 0.000000e+00
      vertex -1.338870e+02 -3.204060e+01 0.000000e+00
      vertex -1.335230e+02 -1.110690e+01 0.000000e+00
    endloop
  endfacet
  facet normal 0.000000e+00 0.000000e+00 1.000000e+00
    outer loop
      vertex -1.338870e+02 -3.204060e+01 0.000000e+00
      vertex -1.335500e+02 -3.181530e+01 0.000000e+00
      vertex -1.335230e+02 -1.110690e+01 0.000000e+00
    endloop
  endfacet
  facet normal 0.000000e+00 0.000000e+00 1.000000e+00
    outer loop
      vertex -1.335500e+02 -3.181530e+01 0.000000e+00
      vertex -1.331860e+02 -3.163600e+01 0.000000e+00
      vertex -1.320000e+02 -1.212440e+01 0.000000e+00
    endloop
  endfacet
  facet normal 0.000000e+00 0.000000e+00 1.000000e+00
    outer loop
      vertex -1.331860e+02 -3.163600e+01 0.000000e+00
      vertex -1.328020e+02 -3.150560e+01 0.000000e+00
      vertex -1.320000e+02 -1.212440e+01 0.000000e+00
    endloop
  endfacet
  facet normal 0.000000e+00 0.000000e+00 1.000000e+00
    outer loop
      vertex -1.328020e+02 -3.150560e+01 0.000000e+00
      vertex -1.324050e+02 -3.142650e+01 0.000000e+00
      vertex -1.303580e+02 -1.293430e+01 0.000000e+00
    endloop
  endfacet
  facet normal 0.000000e+00 0.000000e+00 1.000000e+00
    outer loop
      vertex -1.324050e+02 -3.142650e+01 0.000000e+00
      vertex -1.320000e+02 -3.140000e+01 0.000000e+00
      vertex -1.303580e+02 -1.293430e+01 0.000000e+00
    endloop
  endfacet
  facet normal 0.000000e+00 -0.000000e+00 1.000000e+00
    outer loop
      vertex -1.346850e+02 -3.295000e+01 0.000000e+00
      vertex -1.344590e+02 -3.261280e+01 0.000000e+00
      vertex -1.361070e+02 -8.522660e+00 0.000000e+00
    endloop
  endfacet
  facet normal 0.000000e+00 -0.000000e+00 1.000000e+00
    outer loop
      vertex -1.344590e+02 -3.261280e+01 0.000000e+00
      vertex -1.341920e+02 -3.230800e+01 0.000000e+00
      vertex -1.348990e+02 -9.899490e+00 0.000000e+00
    endloop
  endfacet
  facet normal 0.000000e+00 -0.000000e+00 1.000000e+00
    outer loop
      vertex -1.295410e+02 -3.261280e+01 0.000000e+00
      vertex -1.268270e+02 -1.388020e+01 0.000000e+00
      vertex -1.298080e+02 -3.230800e+01 0.000000e+00
    endloop
  endfacet
  facet normal 0.000000e+00 -0.000000e+00 1.000000e+00
    outer loop
      vertex -1.298080e+02 -3.230800e+01 0.000000e+00
      vertex -1.268270e+02 -1.388020e+01 0.000000e+00
      vertex -1.301130e+02 -3.204060e+01 0.000000e+00
    endloop
  endfacet
  facet normal 0.000000e+00 -0.000000e+00 1.000000e+00
    outer loop
      vertex -1.301130e+02 -3.204060e+01 0.000000e+00
      vertex -1.268270e+02 -1.388020e+01 0.000000e+00
      vertex -1.304500e+02 -3.181530e+01 0.000000e+00
    endloop
  endfacet
  facet normal -0.000000e+00 0.000000e+00 1.000000e+00
    outer loop
      vertex -1.308140e+02 -3.163600e+01 0.000000e+00
      vertex -1.304500e+02 -3.181530e+01 0.000000e+00
      vertex -1.268270e+02 -1.388020e+01 0.000000e+00
    endloop
  endfacet
  facet normal -0.000000e+00 0.000000e+00 1.000000e+00
    outer loop
      vertex -1.320000e+02 -3.140000e+01 0.000000e+00
      vertex -1.315950e+02 -3.142650e+01 0.000000e+00
      vertex -1.286230e+02 -1.352300e+01 0.000000e+00
    endloop
  endfacet
  facet normal -0.000000e+00 0.000000e+00 1.000000e+00
    outer loop
      vertex -1.315950e+02 -3.142650e+01 0.000000e+00
      vertex -1.311980e+02 -3.150560e+01 0.000000e+00
      vertex -1.286230e+02 -1.352300e+01 0.000000e+00
    endloop
  endfacet
  facet normal 0.000000e+00 -0.000000e+00 1.000000e+00
    outer loop
      vertex -1.308140e+02 -3.163600e+01 0.000000e+00
      vertex -1.268270e+02 -1.388020e+01 0.000000e+00
      vertex -1.311980e+02 -3.150560e+01 0.000000e+00
    endloop
  endfacet
  facet normal 0.000000e+00 0.000000e+00 1.000000e+00
    outer loop
      vertex -1.289270e+02 -3.409540e+01 0.000000e+00
      vertex -1.056850e+02 -3.295000e+01 0.000000e+00
      vertex -1.213770e+02 -1.352300e+01 0.000000e+00
    endloop
  endfacet
  facet normal 0.000000e+00 0.000000e+00 -1.000000e+00
    outer loop
      vertex -1.311980e+02 -3.749440e+01 -4.000000e+00
      vertex -1.038020e+02 -3.749440e+01 -4.000000e+00
      vertex -1.034050e+02 -3.757350e+01 -4.000000e+00
    endloop
  endfacet
  facet normal 0.000000e+00 0.000000e+00 -1.000000e+00
    outer loop
      vertex -1.308140e+02 -3.736400e+01 -4.000000e+00
      vertex -1.041860e+02 -3.736400e+01 -4.000000e+00
      vertex -1.038020e+02 -3.749440e+01 -4.000000e+00
    endloop
  endfacet
  facet normal 0.000000e+00 0.000000e+00 -1.000000e+00
    outer loop
      vertex -1.304500e+02 -3.718470e+01 -4.000000e+00
      vertex -1.045500e+02 -3.718470e+01 -4.000000e+00
      vertex -1.041860e+02 -3.736400e+01 -4.000000e+00
    endloop
  endfacet
  facet normal 0.000000e+00 0.000000e+00 -1.000000e+00
    outer loop
      vertex -1.298080e+02 -3.669200e+01 -4.000000e+00
      vertex -1.051920e+02 -3.669200e+01 -4.000000e+00
      vertex -1.048870e+02 -3.695940e+01 -4.000000e+00
    endloop
  endfacet
  facet normal 0.000000e+00 0.000000e+00 -1.000000e+00
    outer loop
      vertex -1.301130e+02 -3.695940e+01 -4.000000e+00
      vertex -1.048870e+02 -3.695940e+01 -4.000000e+00
      vertex -1.045500e+02 -3.718470e+01 -4.000000e+00
    endloop
  endfacet
  facet normal 0.000000e+00 0.000000e+00 -1.000000e+00
    outer loop
      vertex -1.295410e+02 -3.638720e+01 -4.000000e+00
      vertex -1.054590e+02 -3.638720e+01 -4.000000e+00
      vertex -1.051920e+02 -3.669200e+01 -4.000000e+00
    endloop
  endfacet
  facet normal 0.000000e+00 0.000000e+00 -1.000000e+00
    outer loop
      vertex -1.293150e+02 -3.605000e+01 -4.000000e+00
      vertex -1.056850e+02 -3.605000e+01 -4.000000e+00
      vertex -1.054590e+02 -3.638720e+01 -4.000000e+00
    endloop
  endfacet
  facet normal 0.000000e+00 0.000000e+00 -1.000000e+00
    outer loop
      vertex -1.291360e+02 -3.568630e+01 -4.000000e+00
      vertex -1.058640e+02 -3.568630e+01 -4.000000e+00
      vertex -1.056850e+02 -3.605000e+01 -4.000000e+00
    endloop
  endfacet
  facet normal 0.000000e+00 0.000000e+00 -1.000000e+00
    outer loop
      vertex -1.290060e+02 -3.530230e+01 -4.000000e+00
      vertex -1.059940e+02 -3.530230e+01 -4.000000e+00
      vertex -1.058640e+02 -3.568630e+01 -4.000000e+00
    endloop
  endfacet
  facet normal 0.000000e+00 0.000000e+00 -1.000000e+00
    outer loop
      vertex -1.550000e+02 -4.300000e+01 -4.000000e+00
      vertex -1.025950e+02 -3.757350e+01 -4.000000e+00
      vertex -5.500000e+01 -3.575000e+01 -4.000000e+00
    endloop
  endfacet
  facet normal -0.000000e+00 0.000000e+00 1.000000e+00
    outer loop
      vertex -1.311980e+02 -3.749440e+01 0.000000e+00
      vertex -1.034050e+02 -3.757350e+01 0.000000e+00
      vertex -1.038020e+02 -3.749440e+01 0.000000e+00
    endloop
  endfacet
  facet normal -0.000000e+00 0.000000e+00 1.000000e+00
    outer loop
      vertex -1.308140e+02 -3.736400e+01 0.000000e+00
      vertex -1.038020e+02 -3.749440e+01 0.000000e+00
      vertex -1.041860e+02 -3.736400e+01 0.000000e+00
    endloop
  endfacet
  facet normal -0.000000e+00 0.000000e+00 1.000000e+00
    outer loop
      vertex -1.304500e+02 -3.718470e+01 0.000000e+00
      vertex -1.041860e+02 -3.736400e+01 0.000000e+00
      vertex -1.045500e+02 -3.718470e+01 0.000000e+00
    endloop
  endfacet
  facet normal -0.000000e+00 0.000000e+00 1.000000e+00
    outer loop
      vertex -1.298080e+02 -3.669200e+01 0.000000e+00
      vertex -1.048870e+02 -3.695940e+01 0.000000e+00
      vertex -1.051920e+02 -3.669200e+01 0.000000e+00
    endloop
  endfacet
  facet normal -0.000000e+00 0.000000e+00 1.000000e+00
    outer loop
      vertex -1.301130e+02 -3.695940e+01 0.000000e+00
      vertex -1.045500e+02 -3.718470e+01 0.000000e+00
      vertex -1.048870e+02 -3.695940e+01 0.000000e+00
    endloop
  endfacet
  facet normal -0.000000e+00 0.000000e+00 1.000000e+00
    outer loop
      vertex -1.295410e+02 -3.638720e+01 0.000000e+00
      vertex -1.051920e+02 -3.669200e+01 0.000000e+00
      vertex -1.054590e+02 -3.638720e+01 0.000000e+00
    endloop
  endfacet
  facet normal -0.000000e+00 0.000000e+00 1.000000e+00
    outer loop
      vertex -1.293150e+02 -3.605000e+01 0.000000e+00
      vertex -1.054590e+02 -3.638720e+01 0.000000e+00
      vertex -1.056850e+02 -3.605000e+01 0.000000e+00
    endloop
  endfacet
  facet normal -0.000000e+00 0.000000e+00 1.000000e+00
    outer loop
      vertex -1.291360e+02 -3.568630e+01 0.000000e+00
      vertex -1.056850e+02 -3.605000e+01 0.000000e+00
      vertex -1.058640e+02 -3.568630e+01 0.000000e+00
    endloop
  endfacet
  facet normal -0.000000e+00 0.000000e+00 1.000000e+00
    outer loop
      vertex -1.290060e+02 -3.530230e+01 0.000000e+00
      vertex -1.058640e+02 -3.568630e+01 0.000000e+00
      vertex -1.059940e+02 -3.530230e+01 0.000000e+00
    endloop
  endfacet
  facet normal 0.000000e+00 0.000000e+00 1.000000e+00
    outer loop
      vertex -1.530000e+02 -4.500000e+01 0.000000e+00
      vertex -5.500000e+01 -3.575000e+01 0.000000e+00
      vertex -1.025950e+02 -3.757350e+01 0.000000e+00
    endloop
  endfacet
  facet normal 4.418733e-01 8.970775e-01 0.000000e+00
    outer loop
      vertex -1.041860e+02 -3.736400e+01 -4.000000e+00
      vertex -1.045500e+02 -3.718470e+01 -4.000000e+00
      vertex -1.045500e+02 -3.718470e+01 0.000000e+00
    endloop
  endfacet
  facet normal 5.557834e-01 8.313272e-01 0.000000e+00
    outer loop
      vertex -1.045500e+02 -3.718470e+01 -4.000000e+00
      vertex -1.048870e+02 -3.695940e+01 -4.000000e+00
      vertex -1.048870e+02 -3.695940e+01 0.000000e+00
    endloop
  endfacet
  facet normal 6.592354e-01 7.519367e-01 0.000000e+00
    outer loop
      vertex -1.048870e+02 -3.695940e+01 -4.000000e+00
      vertex -1.051920e+02 -3.669200e+01 -4.000000e+00
      vertex -1.051920e+02 -3.669200e+01 0.000000e+00
    endloop
  endfacet
  facet normal 1.954057e-01 9.807225e-01 -0.000000e+00
    outer loop
      vertex -1.038020e+02 -3.749440e+01 -4.000000e+00
      vertex -1.038020e+02 -3.749440e+01 0.000000e+00
      vertex -1.034050e+02 -3.757350e+01 -4.000000e+00
    endloop
  endfacet
  facet normal 6.528504e-02 9.978667e-01 -0.000000e+00
    outer loop
      vertex -1.034050e+02 -3.757350e+01 -4.000000e+00
      vertex -1.034050e+02 -3.757350e+01 0.000000e+00
      vertex -1.030000e+02 -3.760000e+01 -4.000000e+00
    endloop
  endfacet
  facet normal -6.528504e-02 9.978667e-01 0.000000e+00
    outer loop
      vertex -1.030000e+02 -3.760000e+01 -4.000000e+00
      vertex -1.030000e+02 -3.760000e+01 0.000000e+00
      vertex -1.025950e+02 -3.757350e+01 -4.000000e+00
    endloop
  endfacet
  facet normal -1.954057e-01 9.807225e-01 0.000000e+00
    outer loop
      vertex -1.025950e+02 -3.757350e+01 -4.000000e+00
      vertex -1.025950e+02 -3.757350e+01 0.000000e+00
      vertex -1.021980e+02 -3.749440e+01 -4.000000e+00
    endloop
  endfacet
  facet normal 3.215563e-01 9.468905e-01 -0.000000e+00
    outer loop
      vertex -1.041860e+02 -3.736400e+01 -4.000000e+00
      vertex -1.041860e+02 -3.736400e+01 0.000000e+00
      vertex -1.038020e+02 -3.749440e+01 -4.000000e+00
    endloop
  endfacet
  facet normal -3.215563e-01 9.468905e-01 0.000000e+00
    outer loop
      vertex -1.021980e+02 -3.749440e+01 -4.000000e+00
      vertex -1.021980e+02 -3.749440e+01 0.000000e+00
      vertex -1.018140e+02 -3.736400e+01 -4.000000e+00
    endloop
  endfacet
  facet normal 8.306859e-01 5.567414e-01 -0.000000e+00
    outer loop
      vertex -1.054590e+02 -3.638720e+01 -4.000000e+00
      vertex -1.056850e+02 -3.605000e+01 -4.000000e+00
      vertex -1.054590e+02 -3.638720e+01 0.000000e+00
    endloop
  endfacet
  facet normal 7.522138e-01 6.589191e-01 0.000000e+00
    outer loop
      vertex -1.054590e+02 -3.638720e+01 -4.000000e+00
      vertex -1.051920e+02 -3.669200e+01 0.000000e+00
      vertex -1.051920e+02 -3.669200e+01 -4.000000e+00
    endloop
  endfacet
  facet normal 8.972214e-01 4.415810e-01 -0.000000e+00
    outer loop
      vertex -1.056850e+02 -3.605000e+01 -4.000000e+00
      vertex -1.058640e+02 -3.568630e+01 -4.000000e+00
      vertex -1.056850e+02 -3.605000e+01 0.000000e+00
    endloop
  endfacet
  facet normal 9.471890e-01 3.206759e-01 -0.000000e+00
    outer loop
      vertex -1.058640e+02 -3.568630e+01 -4.000000e+00
      vertex -1.059940e+02 -3.530230e+01 -4.000000e+00
      vertex -1.058640e+02 -3.568630e+01 0.000000e+00
    endloop
  endfacet
  facet normal -4.418733e-01 8.970775e-01 0.000000e+00
    outer loop
      vertex -1.018140e+02 -3.736400e+01 -4.000000e+00
      vertex -1.018140e+02 -3.736400e+01 0.000000e+00
      vertex -1.014500e+02 -3.718470e+01 -4.000000e+00
    endloop
  endfacet
  facet normal -5.557834e-01 8.313272e-01 0.000000e+00
    outer loop
      vertex -1.014500e+02 -3.718470e+01 -4.000000e+00
      vertex -1.014500e+02 -3.718470e+01 0.000000e+00
      vertex -1.011130e+02 -3.695940e+01 -4.000000e+00
    endloop
  endfacet
  facet normal -6.592354e-01 7.519367e-01 0.000000e+00
    outer loop
      vertex -1.011130e+02 -3.695940e+01 -4.000000e+00
      vertex -1.011130e+02 -3.695940e+01 0.000000e+00
      vertex -1.008080e+02 -3.669200e+01 -4.000000e+00
    endloop
  endfacet
  facet normal -7.522138e-01 6.589191e-01 0.000000e+00
    outer loop
      vertex -1.008080e+02 -3.669200e+01 -4.000000e+00
      vertex -1.005410e+02 -3.638720e+01 0.000000e+00
      vertex -1.005410e+02 -3.638720e+01 -4.000000e+00
    endloop
  endfacet
  facet normal -8.306859e-01 5.567414e-01 0.000000e+00
    outer loop
      vertex -1.005410e+02 -3.638720e+01 -4.000000e+00
      vertex -1.003150e+02 -3.605000e+01 0.000000e+00
      vertex -1.003150e+02 -3.605000e+01 -4.000000e+00
    endloop
  endfacet
  facet normal -8.972214e-01 4.415810e-01 0.000000e+00
    outer loop
      vertex -1.003150e+02 -3.605000e+01 -4.000000e+00
      vertex -1.001360e+02 -3.568630e+01 0.000000e+00
      vertex -1.001360e+02 -3.568630e+01 -4.000000e+00
    endloop
  endfacet
  facet normal -9.471890e-01 3.206759e-01 0.000000e+00
    outer loop
      vertex -1.001360e+02 -3.568630e+01 -4.000000e+00
      vertex -1.000060e+02 -3.530230e+01 0.000000e+00
      vertex -1.000060e+02 -3.530230e+01 -4.000000e+00
    endloop
  endfacet
  facet normal 4.418733e-01 8.970775e-01 -0.000000e+00
    outer loop
      vertex -1.041860e+02 -3.736400e+01 -4.000000e+00
      vertex -1.045500e+02 -3.718470e+01 0.000000e+00
      vertex -1.041860e+02 -3.736400e+01 0.000000e+00
    endloop
  endfacet
  facet normal 5.557834e-01 8.313272e-01 -0.000000e+00
    outer loop
      vertex -1.045500e+02 -3.718470e+01 -4.000000e+00
      vertex -1.048870e+02 -3.695940e+01 0.000000e+00
      vertex -1.045500e+02 -3.718470e+01 0.000000e+00
    endloop
  endfacet
  facet normal 6.592354e-01 7.519367e-01 -0.000000e+00
    outer loop
      vertex -1.048870e+02 -3.695940e+01 -4.000000e+00
      vertex -1.051920e+02 -3.669200e+01 0.000000e+00
      vertex -1.048870e+02 -3.695940e+01 0.000000e+00
    endloop
  endfacet
  facet normal 1.954057e-01 9.807225e-01 -0.000000e+00
    outer loop
      vertex -1.034050e+02 -3.757350e+01 -4.000000e+00
      vertex -1.038020e+02 -3.749440e+01 0.000000e+00
      vertex -1.034050e+02 -3.757350e+01 0.000000e+00
    endloop
  endfacet
  facet normal 6.528504e-02 9.978667e-01 -0.000000e+00
    outer loop
      vertex -1.030000e+02 -3.760000e+01 -4.000000e+00
      vertex -1.034050e+02 -3.757350e+01 0.000000e+00
      vertex -1.030000e+02 -3.760000e+01 0.000000e+00
    endloop
  endfacet
  facet normal -6.528504e-02 9.978667e-01 0.000000e+00
    outer loop
      vertex -1.025950e+02 -3.757350e+01 -4.000000e+00
      vertex -1.030000e+02 -3.760000e+01 0.000000e+00
      vertex -1.025950e+02 -3.757350e+01 0.000000e+00
    endloop
  endfacet
  facet normal -1.954057e-01 9.807225e-01 0.000000e+00
    outer loop
      vertex -1.021980e+02 -3.749440e+01 -4.000000e+00
      vertex -1.025950e+02 -3.757350e+01 0.000000e+00
      vertex -1.021980e+02 -3.749440e+01 0.000000e+00
    endloop
  endfacet
  facet normal 3.215563e-01 9.468905e-01 -0.000000e+00
    outer loop
      vertex -1.038020e+02 -3.749440e+01 -4.000000e+00
      vertex -1.041860e+02 -3.736400e+01 0.000000e+00
      vertex -1.038020e+02 -3.749440e+01 0.000000e+00
    endloop
  endfacet
  facet normal -3.215563e-01 9.468905e-01 0.000000e+00
    outer loop
      vertex -1.018140e+02 -3.736400e+01 -4.000000e+00
      vertex -1.021980e+02 -3.749440e+01 0.000000e+00
      vertex -1.018140e+02 -3.736400e+01 0.000000e+00
    endloop
  endfacet
  facet normal 7.522138e-01 6.589191e-01 -0.000000e+00
    outer loop
      vertex -1.054590e+02 -3.638720e+01 -4.000000e+00
      vertex -1.054590e+02 -3.638720e+01 0.000000e+00
      vertex -1.051920e+02 -3.669200e+01 0.000000e+00
    endloop
  endfacet
  facet normal 8.306859e-01 5.567414e-01 -0.000000e+00
    outer loop
      vertex -1.056850e+02 -3.605000e+01 -4.000000e+00
      vertex -1.056850e+02 -3.605000e+01 0.000000e+00
      vertex -1.054590e+02 -3.638720e+01 0.000000e+00
    endloop
  endfacet
  facet normal 8.972214e-01 4.415810e-01 -0.000000e+00
    outer loop
      vertex -1.058640e+02 -3.568630e+01 -4.000000e+00
      vertex -1.058640e+02 -3.568630e+01 0.000000e+00
      vertex -1.056850e+02 -3.605000e+01 0.000000e+00
    endloop
  endfacet
  facet normal 9.471890e-01 3.206759e-01 -0.000000e+00
    outer loop
      vertex -1.059940e+02 -3.530230e+01 -4.000000e+00
      vertex -1.059940e+02 -3.530230e+01 0.000000e+00
      vertex -1.058640e+02 -3.568630e+01 0.000000e+00
    endloop
  endfacet
  facet normal -4.418733e-01 8.970775e-01 0.000000e+00
    outer loop
      vertex -1.014500e+02 -3.718470e+01 -4.000000e+00
      vertex -1.018140e+02 -3.736400e+01 0.000000e+00
      vertex -1.014500e+02 -3.718470e+01 0.000000e+00
    endloop
  endfacet
  facet normal -5.557834e-01 8.313272e-01 0.000000e+00
    outer loop
      vertex -1.011130e+02 -3.695940e+01 -4.000000e+00
      vertex -1.014500e+02 -3.718470e+01 0.000000e+00
      vertex -1.011130e+02 -3.695940e+01 0.000000e+00
    endloop
  endfacet
  facet normal -6.592354e-01 7.519367e-01 0.000000e+00
    outer loop
      vertex -1.008080e+02 -3.669200e+01 -4.000000e+00
      vertex -1.011130e+02 -3.695940e+01 0.000000e+00
      vertex -1.008080e+02 -3.669200e+01 0.000000e+00
    endloop
  endfacet
  facet normal -7.522138e-01 6.589191e-01 0.000000e+00
    outer loop
      vertex -1.008080e+02 -3.669200e+01 -4.000000e+00
      vertex -1.008080e+02 -3.669200e+01 0.000000e+00
      vertex -1.005410e+02 -3.638720e+01 0.000000e+00
    endloop
  endfacet
  facet normal -8.306859e-01 5.567414e-01 0.000000e+00
    outer loop
      vertex -1.005410e+02 -3.638720e+01 -4.000000e+00
      vertex -1.005410e+02 -3.638720e+01 0.000000e+00
      vertex -1.003150e+02 -3.605000e+01 0.000000e+00
    endloop
  endfacet
  facet normal -8.972214e-01 4.415810e-01 0.000000e+00
    outer loop
      vertex -1.003150e+02 -3.605000e+01 -4.000000e+00
      vertex -1.003150e+02 -3.605000e+01 0.000000e+00
      vertex -1.001360e+02 -3.568630e+01 0.000000e+00
    endloop
  endfacet
  facet normal -9.471890e-01 3.206759e-01 0.000000e+00
    outer loop
      vertex -1.001360e+02 -3.568630e+01 -4.000000e+00
      vertex -1.001360e+02 -3.568630e+01 0.000000e+00
      vertex -1.000060e+02 -3.530230e+01 0.000000e+00
    endloop
  endfacet
  facet normal 0.000000e+00 0.000000e+00 -1.000000e+00
    outer loop
      vertex -1.025950e+02 -3.757350e+01 -4.000000e+00
      vertex -1.021980e+02 -3.749440e+01 -4.000000e+00
      vertex -5.516320e+01 -3.573930e+01 -4.000000e+00
    endloop
  endfacet
  facet normal 0.000000e+00 0.000000e+00 -1.000000e+00
    outer loop
      vertex -1.021980e+02 -3.749440e+01 -4.000000e+00
      vertex -1.018140e+02 -3.736400e+01 -4.000000e+00
      vertex -5.532350e+01 -3.570740e+01 -4.000000e+00
    endloop
  endfacet
  facet normal 0.000000e+00 0.000000e+00 -1.000000e+00
    outer loop
      vertex -1.018140e+02 -3.736400e+01 -4.000000e+00
      vertex -1.014500e+02 -3.718470e+01 -4.000000e+00
      vertex -5.547840e+01 -3.565490e+01 -4.000000e+00
    endloop
  endfacet
  facet normal 0.000000e+00 0.000000e+00 -1.000000e+00
    outer loop
      vertex -1.014500e+02 -3.718470e+01 -4.000000e+00
      vertex -1.011130e+02 -3.695940e+01 -4.000000e+00
      vertex -5.562500e+01 -3.558250e+01 -4.000000e+00
    endloop
  endfacet
  facet normal 0.000000e+00 0.000000e+00 -1.000000e+00
    outer loop
      vertex -1.011130e+02 -3.695940e+01 -4.000000e+00
      vertex -1.008080e+02 -3.669200e+01 -4.000000e+00
      vertex -5.576100e+01 -3.549170e+01 -4.000000e+00
    endloop
  endfacet
  facet normal 0.000000e+00 0.000000e+00 -1.000000e+00
    outer loop
      vertex -1.008080e+02 -3.669200e+01 -4.000000e+00
      vertex -1.005410e+02 -3.638720e+01 -4.000000e+00
      vertex -5.588390e+01 -3.538390e+01 -4.000000e+00
    endloop
  endfacet
  facet normal 0.000000e+00 0.000000e+00 -1.000000e+00
    outer loop
      vertex -1.005410e+02 -3.638720e+01 -4.000000e+00
      vertex -1.003150e+02 -3.605000e+01 -4.000000e+00
      vertex -5.599170e+01 -3.526100e+01 -4.000000e+00
    endloop
  endfacet
  facet normal 0.000000e+00 0.000000e+00 -1.000000e+00
    outer loop
      vertex -1.003150e+02 -3.605000e+01 -4.000000e+00
      vertex -1.001360e+02 -3.568630e+01 -4.000000e+00
      vertex -5.608250e+01 -3.512500e+01 -4.000000e+00
    endloop
  endfacet
  facet normal 0.000000e+00 0.000000e+00 -1.000000e+00
    outer loop
      vertex -1.001360e+02 -3.568630e+01 -4.000000e+00
      vertex -1.000060e+02 -3.530230e+01 -4.000000e+00
      vertex -5.615490e+01 -3.497840e+01 -4.000000e+00
    endloop
  endfacet
  facet normal 0.000000e+00 0.000000e+00 1.000000e+00
    outer loop
      vertex -1.025950e+02 -3.757350e+01 0.000000e+00
      vertex -5.516320e+01 -3.573930e+01 0.000000e+00
      vertex -1.021980e+02 -3.749440e+01 0.000000e+00
    endloop
  endfacet
  facet normal 0.000000e+00 0.000000e+00 1.000000e+00
    outer loop
      vertex -1.021980e+02 -3.749440e+01 0.000000e+00
      vertex -5.532350e+01 -3.570740e+01 0.000000e+00
      vertex -1.018140e+02 -3.736400e+01 0.000000e+00
    endloop
  endfacet
  facet normal 0.000000e+00 0.000000e+00 1.000000e+00
    outer loop
      vertex -1.018140e+02 -3.736400e+01 0.000000e+00
      vertex -5.547840e+01 -3.565490e+01 0.000000e+00
      vertex -1.014500e+02 -3.718470e+01 0.000000e+00
    endloop
  endfacet
  facet normal 0.000000e+00 0.000000e+00 1.000000e+00
    outer loop
      vertex -1.014500e+02 -3.718470e+01 0.000000e+00
      vertex -5.562500e+01 -3.558250e+01 0.000000e+00
      vertex -1.011130e+02 -3.695940e+01 0.000000e+00
    endloop
  endfacet
  facet normal 0.000000e+00 0.000000e+00 1.000000e+00
    outer loop
      vertex -1.011130e+02 -3.695940e+01 0.000000e+00
      vertex -5.576100e+01 -3.549170e+01 0.000000e+00
      vertex -1.008080e+02 -3.669200e+01 0.000000e+00
    endloop
  endfacet
  facet normal 0.000000e+00 0.000000e+00 1.000000e+00
    outer loop
      vertex -1.008080e+02 -3.669200e+01 0.000000e+00
      vertex -5.588390e+01 -3.538390e+01 0.000000e+00
      vertex -1.005410e+02 -3.638720e+01 0.000000e+00
    endloop
  endfacet
  facet normal 0.000000e+00 0.000000e+00 1.000000e+00
    outer loop
      vertex -1.005410e+02 -3.638720e+01 0.000000e+00
      vertex -5.599170e+01 -3.526100e+01 0.000000e+00
      vertex -1.003150e+02 -3.605000e+01 0.000000e+00
    endloop
  endfacet
  facet normal 0.000000e+00 0.000000e+00 1.000000e+00
    outer loop
      vertex -1.003150e+02 -3.605000e+01 0.000000e+00
      vertex -5.608250e+01 -3.512500e+01 0.000000e+00
      vertex -1.001360e+02 -3.568630e+01 0.000000e+00
    endloop
  endfacet
  facet normal 0.000000e+00 0.000000e+00 1.000000e+00
    outer loop
      vertex -1.001360e+02 -3.568630e+01 0.000000e+00
      vertex -5.615490e+01 -3.497840e+01 0.000000e+00
      vertex -1.000060e+02 -3.530230e+01 0.000000e+00
    endloop
  endfacet
  facet normal 0.000000e+00 0.000000e+00 -1.000000e+00
    outer loop
      vertex -1.289270e+02 -3.490460e+01 -4.000000e+00
      vertex -1.060730e+02 -3.490460e+01 -4.000000e+00
      vertex -1.059940e+02 -3.530230e+01 -4.000000e+00
    endloop
  endfacet
  facet normal 0.000000e+00 0.000000e+00 -1.000000e+00
    outer loop
      vertex -1.289000e+02 -3.450000e+01 -4.000000e+00
      vertex -1.061000e+02 -3.450000e+01 -4.000000e+00
      vertex -1.060730e+02 -3.490460e+01 -4.000000e+00
    endloop
  endfacet
  facet normal 0.000000e+00 0.000000e+00 -1.000000e+00
    outer loop
      vertex -1.289270e+02 -3.409540e+01 -4.000000e+00
      vertex -1.060730e+02 -3.409540e+01 -4.000000e+00
      vertex -1.061000e+02 -3.450000e+01 -4.000000e+00
    endloop
  endfacet
  facet normal 0.000000e+00 0.000000e+00 -1.000000e+00
    outer loop
      vertex -1.290060e+02 -3.369770e+01 -4.000000e+00
      vertex -1.059940e+02 -3.369770e+01 -4.000000e+00
      vertex -1.060730e+02 -3.409540e+01 -4.000000e+00
    endloop
  endfacet
  facet normal 0.000000e+00 0.000000e+00 -1.000000e+00
    outer loop
      vertex -1.291360e+02 -3.331370e+01 -4.000000e+00
      vertex -1.058640e+02 -3.331370e+01 -4.000000e+00
      vertex -1.059940e+02 -3.369770e+01 -4.000000e+00
    endloop
  endfacet
  facet normal 0.000000e+00 0.000000e+00 -1.000000e+00
    outer loop
      vertex -1.293150e+02 -3.295000e+01 -4.000000e+00
      vertex -1.056850e+02 -3.295000e+01 -4.000000e+00
      vertex -1.058640e+02 -3.331370e+01 -4.000000e+00
    endloop
  endfacet
  facet normal -0.000000e+00 0.000000e+00 1.000000e+00
    outer loop
      vertex -1.289270e+02 -3.490460e+01 0.000000e+00
      vertex -1.059940e+02 -3.530230e+01 0.000000e+00
      vertex -1.060730e+02 -3.490460e+01 0.000000e+00
    endloop
  endfacet
  facet normal -0.000000e+00 0.000000e+00 1.000000e+00
    outer loop
      vertex -1.289000e+02 -3.450000e+01 0.000000e+00
      vertex -1.060730e+02 -3.490460e+01 0.000000e+00
      vertex -1.061000e+02 -3.450000e+01 0.000000e+00
    endloop
  endfacet
  facet normal 0.000000e+00 0.000000e+00 1.000000e+00
    outer loop
      vertex -1.289000e+02 -3.450000e+01 0.000000e+00
      vertex -1.061000e+02 -3.450000e+01 0.000000e+00
      vertex -1.060730e+02 -3.409540e+01 0.000000e+00
    endloop
  endfacet
  facet normal 0.000000e+00 0.000000e+00 1.000000e+00
    outer loop
      vertex -1.289270e+02 -3.409540e+01 0.000000e+00
      vertex -1.060730e+02 -3.409540e+01 0.000000e+00
      vertex -1.059940e+02 -3.369770e+01 0.000000e+00
    endloop
  endfacet
  facet normal 0.000000e+00 0.000000e+00 1.000000e+00
    outer loop
      vertex -1.289270e+02 -3.409540e+01 0.000000e+00
      vertex -1.059940e+02 -3.369770e+01 0.000000e+00
      vertex -1.058640e+02 -3.331370e+01 0.000000e+00
    endloop
  endfacet
  facet normal 0.000000e+00 0.000000e+00 1.000000e+00
    outer loop
      vertex -1.289270e+02 -3.409540e+01 0.000000e+00
      vertex -1.058640e+02 -3.331370e+01 0.000000e+00
      vertex -1.056850e+02 -3.295000e+01 0.000000e+00
    endloop
  endfacet
  facet normal 9.808385e-01 1.948224e-01 -0.000000e+00
    outer loop
      vertex -1.059940e+02 -3.530230e+01 -4.000000e+00
      vertex -1.060730e+02 -3.490460e+01 -4.000000e+00
      vertex -1.059940e+02 -3.530230e+01 0.000000e+00
    endloop
  endfacet
  facet normal 9.977807e-01 6.658582e-02 -0.000000e+00
    outer loop
      vertex -1.060730e+02 -3.490460e+01 -4.000000e+00
      vertex -1.061000e+02 -3.450000e+01 -4.000000e+00
      vertex -1.060730e+02 -3.490460e+01 0.000000e+00
    endloop
  endfacet
  facet normal 9.977807e-01 -6.658582e-02 0.000000e+00
    outer loop
      vertex -1.061000e+02 -3.450000e+01 -4.000000e+00
      vertex -1.060730e+02 -3.409540e+01 -4.000000e+00
      vertex -1.061000e+02 -3.450000e+01 0.000000e+00
    endloop
  endfacet
  facet normal 9.808385e-01 -1.948224e-01 0.000000e+00
    outer loop
      vertex -1.060730e+02 -3.409540e+01 -4.000000e+00
      vertex -1.059940e+02 -3.369770e+01 -4.000000e+00
      vertex -1.060730e+02 -3.409540e+01 0.000000e+00
    endloop
  endfacet
  facet normal 9.471890e-01 -3.206759e-01 0.000000e+00
    outer loop
      vertex -1.059940e+02 -3.369770e+01 -4.000000e+00
      vertex -1.058640e+02 -3.331370e+01 -4.000000e+00
      vertex -1.059940e+02 -3.369770e+01 0.000000e+00
    endloop
  endfacet
  facet normal 8.972214e-01 -4.415810e-01 0.000000e+00
    outer loop
      vertex -1.058640e+02 -3.331370e+01 -4.000000e+00
      vertex -1.056850e+02 -3.295000e+01 -4.000000e+00
      vertex -1.058640e+02 -3.331370e+01 0.000000e+00
    endloop
  endfacet
  facet normal 8.306859e-01 -5.567414e-01 0.000000e+00
    outer loop
      vertex -1.056850e+02 -3.295000e+01 -4.000000e+00
      vertex -1.054590e+02 -3.261280e+01 -4.000000e+00
      vertex -1.056850e+02 -3.295000e+01 0.000000e+00
    endloop
  endfacet
  facet normal 7.522138e-01 -6.589191e-01 0.000000e+00
    outer loop
      vertex -1.054590e+02 -3.261280e+01 -4.000000e+00
      vertex -1.051920e+02 -3.230800e+01 -4.000000e+00
      vertex -1.054590e+02 -3.261280e+01 0.000000e+00
    endloop
  endfacet
  facet normal -9.806006e-01 1.960166e-01 0.000000e+00
    outer loop
      vertex -1.000060e+02 -3.530230e+01 -4.000000e+00
      vertex -9.992650e+01 -3.490460e+01 0.000000e+00
      vertex -9.992650e+01 -3.490460e+01 -4.000000e+00
    endloop
  endfacet
  facet normal -9.978624e-01 6.534939e-02 0.000000e+00
    outer loop
      vertex -9.992650e+01 -3.490460e+01 -4.000000e+00
      vertex -9.990000e+01 -3.450000e+01 0.000000e+00
      vertex -9.990000e+01 -3.450000e+01 -4.000000e+00
    endloop
  endfacet
  facet normal -9.978624e-01 -6.534939e-02 0.000000e+00
    outer loop
      vertex -9.990000e+01 -3.450000e+01 -4.000000e+00
      vertex -9.992650e+01 -3.409540e+01 0.000000e+00
      vertex -9.992650e+01 -3.409540e+01 -4.000000e+00
    endloop
  endfacet
  facet normal -9.806006e-01 -1.960166e-01 0.000000e+00
    outer loop
      vertex -9.992650e+01 -3.409540e+01 -4.000000e+00
      vertex -1.000060e+02 -3.369770e+01 0.000000e+00
      vertex -1.000060e+02 -3.369770e+01 -4.000000e+00
    endloop
  endfacet
  facet normal -9.471890e-01 -3.206759e-01 0.000000e+00
    outer loop
      vertex -1.000060e+02 -3.369770e+01 -4.000000e+00
      vertex -1.001360e+02 -3.331370e+01 0.000000e+00
      vertex -1.001360e+02 -3.331370e+01 -4.000000e+00
    endloop
  endfacet
  facet normal -8.972214e-01 -4.415810e-01 0.000000e+00
    outer loop
      vertex -1.001360e+02 -3.331370e+01 -4.000000e+00
      vertex -1.003150e+02 -3.295000e+01 0.000000e+00
      vertex -1.003150e+02 -3.295000e+01 -4.000000e+00
    endloop
  endfacet
  facet normal -7.522138e-01 -6.589191e-01 0.000000e+00
    outer loop
      vertex -1.005410e+02 -3.261280e+01 -4.000000e+00
      vertex -1.008080e+02 -3.230800e+01 0.000000e+00
      vertex -1.008080e+02 -3.230800e+01 -4.000000e+00
    endloop
  endfacet
  facet normal -8.306859e-01 -5.567414e-01 0.000000e+00
    outer loop
      vertex -1.005410e+02 -3.261280e+01 -4.000000e+00
      vertex -1.003150e+02 -3.295000e+01 -4.000000e+00
      vertex -1.005410e+02 -3.261280e+01 0.000000e+00
    endloop
  endfacet
  facet normal 9.808385e-01 1.948224e-01 0.000000e+00
    outer loop
      vertex -1.059940e+02 -3.530230e+01 0.000000e+00
      vertex -1.060730e+02 -3.490460e+01 -4.000000e+00
      vertex -1.060730e+02 -3.490460e+01 0.000000e+00
    endloop
  endfacet
  facet normal 9.977807e-01 6.658582e-02 -0.000000e+00
    outer loop
      vertex -1.061000e+02 -3.450000e+01 -4.000000e+00
      vertex -1.061000e+02 -3.450000e+01 0.000000e+00
      vertex -1.060730e+02 -3.490460e+01 0.000000e+00
    endloop
  endfacet
  facet normal 9.977807e-01 -6.658582e-02 0.000000e+00
    outer loop
      vertex -1.060730e+02 -3.409540e+01 -4.000000e+00
      vertex -1.060730e+02 -3.409540e+01 0.000000e+00
      vertex -1.061000e+02 -3.450000e+01 0.000000e+00
    endloop
  endfacet
  facet normal 9.808385e-01 -1.948224e-01 0.000000e+00
    outer loop
      vertex -1.059940e+02 -3.369770e+01 -4.000000e+00
      vertex -1.059940e+02 -3.369770e+01 0.000000e+00
      vertex -1.060730e+02 -3.409540e+01 0.000000e+00
    endloop
  endfacet
  facet normal 9.471890e-01 -3.206759e-01 0.000000e+00
    outer loop
      vertex -1.058640e+02 -3.331370e+01 -4.000000e+00
      vertex -1.058640e+02 -3.331370e+01 0.000000e+00
      vertex -1.059940e+02 -3.369770e+01 0.000000e+00
    endloop
  endfacet
  facet normal 8.972214e-01 -4.415810e-01 0.000000e+00
    outer loop
      vertex -1.056850e+02 -3.295000e+01 -4.000000e+00
      vertex -1.056850e+02 -3.295000e+01 0.000000e+00
      vertex -1.058640e+02 -3.331370e+01 0.000000e+00
    endloop
  endfacet
  facet normal 8.306859e-01 -5.567414e-01 0.000000e+00
    outer loop
      vertex -1.054590e+02 -3.261280e+01 -4.000000e+00
      vertex -1.054590e+02 -3.261280e+01 0.000000e+00
      vertex -1.056850e+02 -3.295000e+01 0.000000e+00
    endloop
  endfacet
  facet normal 7.522138e-01 -6.589191e-01 0.000000e+00
    outer loop
      vertex -1.051920e+02 -3.230800e+01 -4.000000e+00
      vertex -1.051920e+02 -3.230800e+01 0.000000e+00
      vertex -1.054590e+02 -3.261280e+01 0.000000e+00
    endloop
  endfacet
  facet normal -9.806006e-01 1.960166e-01 0.000000e+00
    outer loop
      vertex -1.000060e+02 -3.530230e+01 -4.000000e+00
      vertex -1.000060e+02 -3.530230e+01 0.000000e+00
      vertex -9.992650e+01 -3.490460e+01 0.000000e+00
    endloop
  endfacet
  facet normal -9.978624e-01 6.534939e-02 0.000000e+00
    outer loop
      vertex -9.992650e+01 -3.490460e+01 -4.000000e+00
      vertex -9.992650e+01 -3.490460e+01 0.000000e+00
      vertex -9.990000e+01 -3.450000e+01 0.000000e+00
    endloop
  endfacet
  facet normal -9.978624e-01 -6.534939e-02 0.000000e+00
    outer loop
      vertex -9.990000e+01 -3.450000e+01 -4.000000e+00
      vertex -9.990000e+01 -3.450000e+01 0.000000e+00
      vertex -9.992650e+01 -3.409540e+01 0.000000e+00
    endloop
  endfacet
  facet normal -9.806006e-01 -1.960166e-01 0.000000e+00
    outer loop
      vertex -9.992650e+01 -3.409540e+01 -4.000000e+00
      vertex -9.992650e+01 -3.409540e+01 0.000000e+00
      vertex -1.000060e+02 -3.369770e+01 0.000000e+00
    endloop
  endfacet
  facet normal -9.471890e-01 -3.206759e-01 0.000000e+00
    outer loop
      vertex -1.000060e+02 -3.369770e+01 -4.000000e+00
      vertex -1.000060e+02 -3.369770e+01 0.000000e+00
      vertex -1.001360e+02 -3.331370e+01 0.000000e+00
    endloop
  endfacet
  facet normal -8.972214e-01 -4.415810e-01 0.000000e+00
    outer loop
      vertex -1.001360e+02 -3.331370e+01 -4.000000e+00
      vertex -1.001360e+02 -3.331370e+01 0.000000e+00
      vertex -1.003150e+02 -3.295000e+01 0.000000e+00
    endloop
  endfacet
  facet normal -7.522138e-01 -6.589191e-01 0.000000e+00
    outer loop
      vertex -1.005410e+02 -3.261280e+01 -4.000000e+00
      vertex -1.005410e+02 -3.261280e+01 0.000000e+00
      vertex -1.008080e+02 -3.230800e+01 0.000000e+00
    endloop
  endfacet
  facet normal -8.306859e-01 -5.567414e-01 0.000000e+00
    outer loop
      vertex -1.003150e+02 -3.295000e+01 -4.000000e+00
      vertex -1.003150e+02 -3.295000e+01 0.000000e+00
      vertex -1.005410e+02 -3.261280e+01 0.000000e+00
    endloop
  endfacet
  facet normal 6.592354e-01 -7.519367e-01 0.000000e+00
    outer loop
      vertex -1.051920e+02 -3.230800e+01 -4.000000e+00
      vertex -1.048870e+02 -3.204060e+01 -4.000000e+00
      vertex -1.048870e+02 -3.204060e+01 0.000000e+00
    endloop
  endfacet
  facet normal 5.557834e-01 -8.313272e-01 0.000000e+00
    outer loop
      vertex -1.048870e+02 -3.204060e+01 -4.000000e+00
      vertex -1.045500e+02 -3.181530e+01 -4.000000e+00
      vertex -1.045500e+02 -3.181530e+01 0.000000e+00
    endloop
  endfacet
  facet normal 4.418771e-01 -8.970756e-01 0.000000e+00
    outer loop
      vertex -1.045500e+02 -3.181530e+01 -4.000000e+00
      vertex -1.041860e+02 -3.163600e+01 -4.000000e+00
      vertex -1.041860e+02 -3.163600e+01 0.000000e+00
    endloop
  endfacet
  facet normal -3.215521e-01 -9.468919e-01 0.000000e+00
    outer loop
      vertex -1.018140e+02 -3.163600e+01 -4.000000e+00
      vertex -1.018140e+02 -3.163600e+01 0.000000e+00
      vertex -1.021980e+02 -3.150560e+01 -4.000000e+00
    endloop
  endfacet
  facet normal 3.215521e-01 -9.468919e-01 0.000000e+00
    outer loop
      vertex -1.041860e+02 -3.163600e+01 -4.000000e+00
      vertex -1.038020e+02 -3.150560e+01 -4.000000e+00
      vertex -1.038020e+02 -3.150560e+01 0.000000e+00
    endloop
  endfacet
  facet normal 1.954012e-01 -9.807234e-01 0.000000e+00
    outer loop
      vertex -1.038020e+02 -3.150560e+01 -4.000000e+00
      vertex -1.034050e+02 -3.142650e+01 -4.000000e+00
      vertex -1.034050e+02 -3.142650e+01 0.000000e+00
    endloop
  endfacet
  facet normal 6.529440e-02 -9.978660e-01 0.000000e+00
    outer loop
      vertex -1.034050e+02 -3.142650e+01 -4.000000e+00
      vertex -1.030000e+02 -3.140000e+01 -4.000000e+00
      vertex -1.030000e+02 -3.140000e+01 0.000000e+00
    endloop
  endfacet
  facet normal -6.529440e-02 -9.978660e-01 0.000000e+00
    outer loop
      vertex -1.030000e+02 -3.140000e+01 -4.000000e+00
      vertex -1.025950e+02 -3.142650e+01 -4.000000e+00
      vertex -1.025950e+02 -3.142650e+01 0.000000e+00
    endloop
  endfacet
  facet normal -1.954012e-01 -9.807234e-01 0.000000e+00
    outer loop
      vertex -1.025950e+02 -3.142650e+01 -4.000000e+00
      vertex -1.021980e+02 -3.150560e+01 -4.000000e+00
      vertex -1.021980e+02 -3.150560e+01 0.000000e+00
    endloop
  endfacet
  facet normal -5.557834e-01 -8.313272e-01 0.000000e+00
    outer loop
      vertex -1.011130e+02 -3.204060e+01 -4.000000e+00
      vertex -1.011130e+02 -3.204060e+01 0.000000e+00
      vertex -1.014500e+02 -3.181530e+01 -4.000000e+00
    endloop
  endfacet
  facet normal -6.592354e-01 -7.519367e-01 0.000000e+00
    outer loop
      vertex -1.008080e+02 -3.230800e+01 -4.000000e+00
      vertex -1.008080e+02 -3.230800e+01 0.000000e+00
      vertex -1.011130e+02 -3.204060e+01 -4.000000e+00
    endloop
  endfacet
  facet normal -4.418771e-01 -8.970756e-01 0.000000e+00
    outer loop
      vertex -1.018140e+02 -3.163600e+01 -4.000000e+00
      vertex -1.014500e+02 -3.181530e+01 -4.000000e+00
      vertex -1.014500e+02 -3.181530e+01 0.000000e+00
    endloop
  endfacet
  facet normal 6.592354e-01 -7.519367e-01 0.000000e+00
    outer loop
      vertex -1.051920e+02 -3.230800e+01 -4.000000e+00
      vertex -1.048870e+02 -3.204060e+01 0.000000e+00
      vertex -1.051920e+02 -3.230800e+01 0.000000e+00
    endloop
  endfacet
  facet normal 5.557834e-01 -8.313272e-01 0.000000e+00
    outer loop
      vertex -1.048870e+02 -3.204060e+01 -4.000000e+00
      vertex -1.045500e+02 -3.181530e+01 0.000000e+00
      vertex -1.048870e+02 -3.204060e+01 0.000000e+00
    endloop
  endfacet
  facet normal 4.418771e-01 -8.970756e-01 0.000000e+00
    outer loop
      vertex -1.045500e+02 -3.181530e+01 -4.000000e+00
      vertex -1.041860e+02 -3.163600e+01 0.000000e+00
      vertex -1.045500e+02 -3.181530e+01 0.000000e+00
    endloop
  endfacet
  facet normal 3.215521e-01 -9.468919e-01 0.000000e+00
    outer loop
      vertex -1.041860e+02 -3.163600e+01 -4.000000e+00
      vertex -1.038020e+02 -3.150560e+01 0.000000e+00
      vertex -1.041860e+02 -3.163600e+01 0.000000e+00
    endloop
  endfacet
  facet normal 1.954012e-01 -9.807234e-01 0.000000e+00
    outer loop
      vertex -1.038020e+02 -3.150560e+01 -4.000000e+00
      vertex -1.034050e+02 -3.142650e+01 0.000000e+00
      vertex -1.038020e+02 -3.150560e+01 0.000000e+00
    endloop
  endfacet
  facet normal 6.529440e-02 -9.978660e-01 0.000000e+00
    outer loop
      vertex -1.034050e+02 -3.142650e+01 -4.000000e+00
      vertex -1.030000e+02 -3.140000e+01 0.000000e+00
      vertex -1.034050e+02 -3.142650e+01 0.000000e+00
    endloop
  endfacet
  facet normal -6.529440e-02 -9.978660e-01 0.000000e+00
    outer loop
      vertex -1.030000e+02 -3.140000e+01 -4.000000e+00
      vertex -1.025950e+02 -3.142650e+01 0.000000e+00
      vertex -1.030000e+02 -3.140000e+01 0.000000e+00
    endloop
  endfacet
  facet normal -1.954012e-01 -9.807234e-01 0.000000e+00
    outer loop
      vertex -1.025950e+02 -3.142650e+01 -4.000000e+00
      vertex -1.021980e+02 -3.150560e+01 0.000000e+00
      vertex -1.025950e+02 -3.142650e+01 0.000000e+00
    endloop
  endfacet
  facet normal -3.215521e-01 -9.468919e-01 0.000000e+00
    outer loop
      vertex -1.021980e+02 -3.150560e+01 -4.000000e+00
      vertex -1.018140e+02 -3.163600e+01 0.000000e+00
      vertex -1.021980e+02 -3.150560e+01 0.000000e+00
    endloop
  endfacet
  facet normal -6.592354e-01 -7.519367e-01 0.000000e+00
    outer loop
      vertex -1.011130e+02 -3.204060e+01 -4.000000e+00
      vertex -1.008080e+02 -3.230800e+01 0.000000e+00
      vertex -1.011130e+02 -3.204060e+01 0.000000e+00
    endloop
  endfacet
  facet normal -5.557834e-01 -8.313272e-01 0.000000e+00
    outer loop
      vertex -1.014500e+02 -3.181530e+01 -4.000000e+00
      vertex -1.011130e+02 -3.204060e+01 0.000000e+00
      vertex -1.014500e+02 -3.181530e+01 0.000000e+00
    endloop
  endfacet
  facet normal -4.418771e-01 -8.970756e-01 0.000000e+00
    outer loop
      vertex -1.018140e+02 -3.163600e+01 -4.000000e+00
      vertex -1.014500e+02 -3.181530e+01 0.000000e+00
      vertex -1.018140e+02 -3.163600e+01 0.000000e+00
    endloop
  endfacet
  facet normal 0.000000e+00 0.000000e+00 -1.000000e+00
    outer loop
      vertex -1.056850e+02 -3.295000e+01 -4.000000e+00
      vertex -1.196420e+02 -1.293430e+01 -4.000000e+00
      vertex -1.054590e+02 -3.261280e+01 -4.000000e+00
    endloop
  endfacet
  facet normal 0.000000e+00 0.000000e+00 -1.000000e+00
    outer loop
      vertex -1.054590e+02 -3.261280e+01 -4.000000e+00
      vertex -1.196420e+02 -1.293430e+01 -4.000000e+00
      vertex -1.051920e+02 -3.230800e+01 -4.000000e+00
    endloop
  endfacet
  facet normal 0.000000e+00 0.000000e+00 -1.000000e+00
    outer loop
      vertex -1.051920e+02 -3.230800e+01 -4.000000e+00
      vertex -1.180000e+02 -1.212440e+01 -4.000000e+00
      vertex -1.048870e+02 -3.204060e+01 -4.000000e+00
    endloop
  endfacet
  facet normal 0.000000e+00 0.000000e+00 -1.000000e+00
    outer loop
      vertex -1.048870e+02 -3.204060e+01 -4.000000e+00
      vertex -1.180000e+02 -1.212440e+01 -4.000000e+00
      vertex -1.045500e+02 -3.181530e+01 -4.000000e+00
    endloop
  endfacet
  facet normal 0.000000e+00 0.000000e+00 -1.000000e+00
    outer loop
      vertex -1.045500e+02 -3.181530e+01 -4.000000e+00
      vertex -1.164770e+02 -1.110690e+01 -4.000000e+00
      vertex -1.041860e+02 -3.163600e+01 -4.000000e+00
    endloop
  endfacet
  facet normal 0.000000e+00 0.000000e+00 -1.000000e+00
    outer loop
      vertex -1.041860e+02 -3.163600e+01 -4.000000e+00
      vertex -1.164770e+02 -1.110690e+01 -4.000000e+00
      vertex -1.038020e+02 -3.150560e+01 -4.000000e+00
    endloop
  endfacet
  facet normal 0.000000e+00 0.000000e+00 -1.000000e+00
    outer loop
      vertex -1.038020e+02 -3.150560e+01 -4.000000e+00
      vertex -1.151010e+02 -9.899490e+00 -4.000000e+00
      vertex -1.034050e+02 -3.142650e+01 -4.000000e+00
    endloop
  endfacet
  facet normal 0.000000e+00 0.000000e+00 -1.000000e+00
    outer loop
      vertex -1.034050e+02 -3.142650e+01 -4.000000e+00
      vertex -1.138930e+02 -8.522660e+00 -4.000000e+00
      vertex -1.030000e+02 -3.140000e+01 -4.000000e+00
    endloop
  endfacet
  facet normal 0.000000e+00 0.000000e+00 -1.000000e+00
    outer loop
      vertex -1.030000e+02 -3.140000e+01 -4.000000e+00
      vertex -1.138930e+02 -8.522660e+00 -4.000000e+00
      vertex -1.025950e+02 -3.142650e+01 -4.000000e+00
    endloop
  endfacet
  facet normal 0.000000e+00 -0.000000e+00 1.000000e+00
    outer loop
      vertex -1.056850e+02 -3.295000e+01 0.000000e+00
      vertex -1.054590e+02 -3.261280e+01 0.000000e+00
      vertex -1.196420e+02 -1.293430e+01 0.000000e+00
    endloop
  endfacet
  facet normal 0.000000e+00 -0.000000e+00 1.000000e+00
    outer loop
      vertex -1.054590e+02 -3.261280e+01 0.000000e+00
      vertex -1.051920e+02 -3.230800e+01 0.000000e+00
      vertex -1.196420e+02 -1.293430e+01 0.000000e+00
    endloop
  endfacet
  facet normal 0.000000e+00 -0.000000e+00 1.000000e+00
    outer loop
      vertex -1.051920e+02 -3.230800e+01 0.000000e+00
      vertex -1.048870e+02 -3.204060e+01 0.000000e+00
      vertex -1.180000e+02 -1.212440e+01 0.000000e+00
    endloop
  endfacet
  facet normal 0.000000e+00 -0.000000e+00 1.000000e+00
    outer loop
      vertex -1.048870e+02 -3.204060e+01 0.000000e+00
      vertex -1.045500e+02 -3.181530e+01 0.000000e+00
      vertex -1.180000e+02 -1.212440e+01 0.000000e+00
    endloop
  endfacet
  facet normal 0.000000e+00 -0.000000e+00 1.000000e+00
    outer loop
      vertex -1.045500e+02 -3.181530e+01 0.000000e+00
      vertex -1.041860e+02 -3.163600e+01 0.000000e+00
      vertex -1.164770e+02 -1.110690e+01 0.000000e+00
    endloop
  endfacet
  facet normal 0.000000e+00 -0.000000e+00 1.000000e+00
    outer loop
      vertex -1.041860e+02 -3.163600e+01 0.000000e+00
      vertex -1.038020e+02 -3.150560e+01 0.000000e+00
      vertex -1.164770e+02 -1.110690e+01 0.000000e+00
    endloop
  endfacet
  facet normal 0.000000e+00 -0.000000e+00 1.000000e+00
    outer loop
      vertex -1.038020e+02 -3.150560e+01 0.000000e+00
      vertex -1.034050e+02 -3.142650e+01 0.000000e+00
      vertex -1.151010e+02 -9.899490e+00 0.000000e+00
    endloop
  endfacet
  facet normal 0.000000e+00 -0.000000e+00 1.000000e+00
    outer loop
      vertex -1.034050e+02 -3.142650e+01 0.000000e+00
      vertex -1.030000e+02 -3.140000e+01 0.000000e+00
      vertex -1.138930e+02 -8.522660e+00 0.000000e+00
    endloop
  endfacet
  facet normal -0.000000e+00 -0.000000e+00 1.000000e+00
    outer loop
      vertex -1.030000e+02 -3.140000e+01 0.000000e+00
      vertex -1.025950e+02 -3.142650e+01 0.000000e+00
      vertex -1.138930e+02 -8.522660e+00 0.000000e+00
    endloop
  endfacet
  facet normal 0.000000e+00 0.000000e+00 -1.000000e+00
    outer loop
      vertex -1.000060e+02 -3.530230e+01 -4.000000e+00
      vertex -9.992650e+01 -3.490460e+01 -4.000000e+00
      vertex -5.620740e+01 -3.482350e+01 -4.000000e+00
    endloop
  endfacet
  facet normal 0.000000e+00 0.000000e+00 -1.000000e+00
    outer loop
      vertex -9.992650e+01 -3.490460e+01 -4.000000e+00
      vertex -9.990000e+01 -3.450000e+01 -4.000000e+00
      vertex -5.623930e+01 -3.466320e+01 -4.000000e+00
    endloop
  endfacet
  facet normal 0.000000e+00 0.000000e+00 -1.000000e+00
    outer loop
      vertex -9.990000e+01 -3.450000e+01 -4.000000e+00
      vertex -9.992650e+01 -3.409540e+01 -4.000000e+00
      vertex -5.623930e+01 -3.433680e+01 -4.000000e+00
    endloop
  endfacet
  facet normal 0.000000e+00 0.000000e+00 -1.000000e+00
    outer loop
      vertex -9.992650e+01 -3.409540e+01 -4.000000e+00
      vertex -1.000060e+02 -3.369770e+01 -4.000000e+00
      vertex -5.620740e+01 -3.417650e+01 -4.000000e+00
    endloop
  endfacet
  facet normal 0.000000e+00 0.000000e+00 -1.000000e+00
    outer loop
      vertex -1.000060e+02 -3.369770e+01 -4.000000e+00
      vertex -1.001360e+02 -3.331370e+01 -4.000000e+00
      vertex -5.615490e+01 -3.402160e+01 -4.000000e+00
    endloop
  endfacet
  facet normal 0.000000e+00 0.000000e+00 -1.000000e+00
    outer loop
      vertex -1.001360e+02 -3.331370e+01 -4.000000e+00
      vertex -1.003150e+02 -3.295000e+01 -4.000000e+00
      vertex -5.608250e+01 -3.387500e+01 -4.000000e+00
    endloop
  endfacet
  facet normal 0.000000e+00 0.000000e+00 -1.000000e+00
    outer loop
      vertex -1.005410e+02 -3.261280e+01 -4.000000e+00
      vertex -5.599170e+01 -3.373900e+01 -4.000000e+00
      vertex -1.003150e+02 -3.295000e+01 -4.000000e+00
    endloop
  endfacet
  facet normal 0.000000e+00 0.000000e+00 -1.000000e+00
    outer loop
      vertex -1.005410e+02 -3.261280e+01 -4.000000e+00
      vertex -1.008080e+02 -3.230800e+01 -4.000000e+00
      vertex -5.588390e+01 -3.361610e+01 -4.000000e+00
    endloop
  endfacet
  facet normal 0.000000e+00 0.000000e+00 1.000000e+00
    outer loop
      vertex -1.000060e+02 -3.530230e+01 0.000000e+00
      vertex -5.620740e+01 -3.482350e+01 0.000000e+00
      vertex -9.992650e+01 -3.490460e+01 0.000000e+00
    endloop
  endfacet
  facet normal 0.000000e+00 0.000000e+00 1.000000e+00
    outer loop
      vertex -9.992650e+01 -3.490460e+01 0.000000e+00
      vertex -5.623930e+01 -3.466320e+01 0.000000e+00
      vertex -9.990000e+01 -3.450000e+01 0.000000e+00
    endloop
  endfacet
  facet normal 0.000000e+00 -0.000000e+00 1.000000e+00
    outer loop
      vertex -9.990000e+01 -3.450000e+01 0.000000e+00
      vertex -5.576100e+01 -3.350830e+01 0.000000e+00
      vertex -9.992650e+01 -3.409540e+01 0.000000e+00
    endloop
  endfacet
  facet normal 0.000000e+00 -0.000000e+00 1.000000e+00
    outer loop
      vertex -9.992650e+01 -3.409540e+01 0.000000e+00
      vertex -5.576100e+01 -3.350830e+01 0.000000e+00
      vertex -1.000060e+02 -3.369770e+01 0.000000e+00
    endloop
  endfacet
  facet normal 0.000000e+00 -0.000000e+00 1.000000e+00
    outer loop
      vertex -1.000060e+02 -3.369770e+01 0.000000e+00
      vertex -5.576100e+01 -3.350830e+01 0.000000e+00
      vertex -1.001360e+02 -3.331370e+01 0.000000e+00
    endloop
  endfacet
  facet normal -0.000000e+00 -0.000000e+00 1.000000e+00
    outer loop
      vertex -1.001360e+02 -3.331370e+01 0.000000e+00
      vertex -5.576100e+01 -3.350830e+01 0.000000e+00
      vertex -1.003150e+02 -3.295000e+01 0.000000e+00
    endloop
  endfacet
  facet normal 0.000000e+00 0.000000e+00 1.000000e+00
    outer loop
      vertex -1.005410e+02 -3.261280e+01 0.000000e+00
      vertex -1.003150e+02 -3.295000e+01 0.000000e+00
      vertex -5.576100e+01 -3.350830e+01 0.000000e+00
    endloop
  endfacet
  facet normal -0.000000e+00 -0.000000e+00 1.000000e+00
    outer loop
      vertex -1.005410e+02 -3.261280e+01 0.000000e+00
      vertex -5.576100e+01 -3.350830e+01 0.000000e+00
      vertex -1.008080e+02 -3.230800e+01 0.000000e+00
    endloop
  endfacet
  facet normal 0.000000e+00 0.000000e+00 -1.000000e+00
    outer loop
      vertex -1.550000e+02 -4.300000e+01 -4.000000e+00
      vertex -1.371240e+02 -7.000000e+00 -4.000000e+00
      vertex -1.361070e+02 -8.522660e+00 -4.000000e+00
    endloop
  endfacet
  facet normal 0.000000e+00 0.000000e+00 -1.000000e+00
    outer loop
      vertex -1.550000e+02 -4.300000e+01 -4.000000e+00
      vertex -1.379340e+02 -5.357570e+00 -4.000000e+00
      vertex -1.371240e+02 -7.000000e+00 -4.000000e+00
    endloop
  endfacet
  facet normal 0.000000e+00 0.000000e+00 1.000000e+00
    outer loop
      vertex -1.530000e+02 -4.500000e+01 0.000000e+00
      vertex -1.361070e+02 -8.522660e+00 0.000000e+00
      vertex -1.371240e+02 -7.000000e+00 0.000000e+00
    endloop
  endfacet
  facet normal 0.000000e+00 0.000000e+00 1.000000e+00
    outer loop
      vertex -1.530000e+02 -4.500000e+01 0.000000e+00
      vertex -1.371240e+02 -7.000000e+00 0.000000e+00
      vertex -1.379340e+02 -5.357570e+00 0.000000e+00
    endloop
  endfacet
  facet normal 0.000000e+00 0.000000e+00 1.000000e+00
    outer loop
      vertex -1.530000e+02 -4.500000e+01 0.000000e+00
      vertex -1.379340e+02 -5.357570e+00 0.000000e+00
      vertex -1.385230e+02 -3.623470e+00 0.000000e+00
    endloop
  endfacet
  facet normal 0.000000e+00 0.000000e+00 -1.000000e+00
    outer loop
      vertex -1.550000e+02 -4.300000e+01 -4.000000e+00
      vertex -1.385230e+02 -3.623470e+00 -4.000000e+00
      vertex -1.379340e+02 -5.357570e+00 -4.000000e+00
    endloop
  endfacet
  facet normal 0.000000e+00 0.000000e+00 -1.000000e+00
    outer loop
      vertex -1.550000e+02 -4.300000e+01 -4.000000e+00
      vertex -1.388800e+02 -1.827370e+00 -4.000000e+00
      vertex -1.385230e+02 -3.623470e+00 -4.000000e+00
    endloop
  endfacet
  facet normal 0.000000e+00 0.000000e+00 -1.000000e+00
    outer loop
      vertex -1.550000e+02 -4.300000e+01 -4.000000e+00
      vertex -1.390000e+02 0.000000e+00 -4.000000e+00
      vertex -1.388800e+02 -1.827370e+00 -4.000000e+00
    endloop
  endfacet
  facet normal -7.071068e-01 0.000000e+00 7.071068e-01
    outer loop
      vertex -1.550000e+02 -4.500000e+01 -2.000000e+00
      vertex -1.530000e+02 -4.500000e+01 0.000000e+00
      vertex -1.530000e+02 4.500000e+01 0.000000e+00
    endloop
  endfacet
  facet normal -1.000000e+00 0.000000e+00 0.000000e+00
    outer loop
      vertex -1.550000e+02 -4.300000e+01 -4.000000e+00
      vertex -1.550000e+02 -4.500000e+01 -2.000000e+00
      vertex -1.550000e+02 4.500000e+01 -2.000000e+00
    endloop
  endfacet
  facet normal 0.000000e+00 0.000000e+00 1.000000e+00
    outer loop
      vertex -1.530000e+02 -4.500000e+01 0.000000e+00
      vertex -1.385230e+02 -3.623470e+00 0.000000e+00
      vertex -1.388800e+02 -1.827370e+00 0.000000e+00
    endloop
  endfacet
  facet normal 0.000000e+00 0.000000e+00 1.000000e+00
    outer loop
      vertex -1.530000e+02 -4.500000e+01 0.000000e+00
      vertex -1.388800e+02 -1.827370e+00 0.000000e+00
      vertex -1.390000e+02 0.000000e+00 0.000000e+00
    endloop
  endfacet
  facet normal 0.000000e+00 0.000000e+00 -1.000000e+00
    outer loop
      vertex -1.341920e+02 -3.230800e+01 -4.000000e+00
      vertex -1.348990e+02 -9.899490e+00 -4.000000e+00
      vertex -1.335230e+02 -1.110690e+01 -4.000000e+00
    endloop
  endfacet
  facet normal 0.000000e+00 0.000000e+00 -1.000000e+00
    outer loop
      vertex -1.328020e+02 -3.150560e+01 -4.000000e+00
      vertex -1.320000e+02 -1.212440e+01 -4.000000e+00
      vertex -1.303580e+02 -1.293430e+01 -4.000000e+00
    endloop
  endfacet
  facet normal 0.000000e+00 0.000000e+00 -1.000000e+00
    outer loop
      vertex -1.335500e+02 -3.181530e+01 -4.000000e+00
      vertex -1.335230e+02 -1.110690e+01 -4.000000e+00
      vertex -1.320000e+02 -1.212440e+01 -4.000000e+00
    endloop
  endfacet
  facet normal 0.000000e+00 0.000000e+00 -1.000000e+00
    outer loop
      vertex -1.320000e+02 -3.140000e+01 -4.000000e+00
      vertex -1.303580e+02 -1.293430e+01 -4.000000e+00
      vertex -1.286230e+02 -1.352300e+01 -4.000000e+00
    endloop
  endfacet
  facet normal 0.000000e+00 0.000000e+00 -1.000000e+00
    outer loop
      vertex -1.311980e+02 -3.150560e+01 -4.000000e+00
      vertex -1.286230e+02 -1.352300e+01 -4.000000e+00
      vertex -1.268270e+02 -1.388020e+01 -4.000000e+00
    endloop
  endfacet
  facet normal 0.000000e+00 0.000000e+00 -1.000000e+00
    outer loop
      vertex -1.304500e+02 -3.181530e+01 -4.000000e+00
      vertex -1.268270e+02 -1.388020e+01 -4.000000e+00
      vertex -1.250000e+02 -1.400000e+01 -4.000000e+00
    endloop
  endfacet
  facet normal 0.000000e+00 0.000000e+00 -1.000000e+00
    outer loop
      vertex -1.301130e+02 -3.204060e+01 -4.000000e+00
      vertex -1.250000e+02 -1.400000e+01 -4.000000e+00
      vertex -1.231730e+02 -1.388020e+01 -4.000000e+00
    endloop
  endfacet
  facet normal 0.000000e+00 0.000000e+00 -1.000000e+00
    outer loop
      vertex -1.295410e+02 -3.261280e+01 -4.000000e+00
      vertex -1.231730e+02 -1.388020e+01 -4.000000e+00
      vertex -1.213770e+02 -1.352300e+01 -4.000000e+00
    endloop
  endfacet
  facet normal 0.000000e+00 0.000000e+00 1.000000e+00
    outer loop
      vertex -1.289270e+02 -3.409540e+01 0.000000e+00
      vertex -1.250000e+02 -1.400000e+01 0.000000e+00
      vertex -1.268270e+02 -1.388020e+01 0.000000e+00
    endloop
  endfacet
  facet normal 0.000000e+00 -0.000000e+00 1.000000e+00
    outer loop
      vertex -1.341920e+02 -3.230800e+01 0.000000e+00
      vertex -1.335230e+02 -1.110690e+01 0.000000e+00
      vertex -1.348990e+02 -9.899490e+00 0.000000e+00
    endloop
  endfacet
  facet normal 0.000000e+00 0.000000e+00 1.000000e+00
    outer loop
      vertex -1.328020e+02 -3.150560e+01 0.000000e+00
      vertex -1.303580e+02 -1.293430e+01 0.000000e+00
      vertex -1.320000e+02 -1.212440e+01 0.000000e+00
    endloop
  endfacet
  facet normal 0.000000e+00 0.000000e+00 1.000000e+00
    outer loop
      vertex -1.335500e+02 -3.181530e+01 0.000000e+00
      vertex -1.320000e+02 -1.212440e+01 0.000000e+00
      vertex -1.335230e+02 -1.110690e+01 0.000000e+00
    endloop
  endfacet
  facet normal 0.000000e+00 0.000000e+00 1.000000e+00
    outer loop
      vertex -1.320000e+02 -3.140000e+01 0.000000e+00
      vertex -1.286230e+02 -1.352300e+01 0.000000e+00
      vertex -1.303580e+02 -1.293430e+01 0.000000e+00
    endloop
  endfacet
  facet normal 0.000000e+00 0.000000e+00 1.000000e+00
    outer loop
      vertex -1.311980e+02 -3.150560e+01 0.000000e+00
      vertex -1.268270e+02 -1.388020e+01 0.000000e+00
      vertex -1.286230e+02 -1.352300e+01 0.000000e+00
    endloop
  endfacet
  facet normal 0.000000e+00 0.000000e+00 1.000000e+00
    outer loop
      vertex -1.289270e+02 -3.409540e+01 0.000000e+00
      vertex -1.231730e+02 -1.388020e+01 0.000000e+00
      vertex -1.250000e+02 -1.400000e+01 0.000000e+00
    endloop
  endfacet
  facet normal 0.000000e+00 0.000000e+00 1.000000e+00
    outer loop
      vertex -1.289270e+02 -3.409540e+01 0.000000e+00
      vertex -1.213770e+02 -1.352300e+01 0.000000e+00
      vertex -1.231730e+02 -1.388020e+01 0.000000e+00
    endloop
  endfacet
  facet normal 0.000000e+00 0.000000e+00 -1.000000e+00
    outer loop
      vertex -1.344590e+02 -3.261280e+01 -4.000000e+00
      vertex -1.361070e+02 -8.522660e+00 -4.000000e+00
      vertex -1.348990e+02 -9.899490e+00 -4.000000e+00
    endloop
  endfacet
  facet normal 0.000000e+00 0.000000e+00 1.000000e+00
    outer loop
      vertex -1.344590e+02 -3.261280e+01 0.000000e+00
      vertex -1.348990e+02 -9.899490e+00 0.000000e+00
      vertex -1.361070e+02 -8.522660e+00 0.000000e+00
    endloop
  endfacet
  facet normal 4.423574e-01 8.968389e-01 -0.000000e+00
    outer loop
      vertex -1.320000e+02 -1.212440e+01 -4.000000e+00
      vertex -1.320000e+02 -1.212440e+01 0.000000e+00
      vertex -1.303580e+02 -1.293430e+01 -4.000000e+00
    endloop
  endfacet
  facet normal 1.950664e-01 9.807900e-01 -0.000000e+00
    outer loop
      vertex -1.286230e+02 -1.352300e+01 -4.000000e+00
      vertex -1.286230e+02 -1.352300e+01 0.000000e+00
      vertex -1.268270e+02 -1.388020e+01 -4.000000e+00
    endloop
  endfacet
  facet normal 6.543113e-02 9.978571e-01 -0.000000e+00
    outer loop
      vertex -1.268270e+02 -1.388020e+01 -4.000000e+00
      vertex -1.268270e+02 -1.388020e+01 0.000000e+00
      vertex -1.250000e+02 -1.400000e+01 -4.000000e+00
    endloop
  endfacet
  facet normal 3.213151e-01 9.469723e-01 0.000000e+00
    outer loop
      vertex -1.286230e+02 -1.352300e+01 -4.000000e+00
      vertex -1.303580e+02 -1.293430e+01 -4.000000e+00
      vertex -1.303580e+02 -1.293430e+01 0.000000e+00
    endloop
  endfacet
  facet normal 4.423574e-01 8.968389e-01 -0.000000e+00
    outer loop
      vertex -1.303580e+02 -1.293430e+01 -4.000000e+00
      vertex -1.320000e+02 -1.212440e+01 0.000000e+00
      vertex -1.303580e+02 -1.293430e+01 0.000000e+00
    endloop
  endfacet
  facet normal 5.555201e-01 8.315031e-01 -0.000000e+00
    outer loop
      vertex -1.320000e+02 -1.212440e+01 -4.000000e+00
      vertex -1.335230e+02 -1.110690e+01 0.000000e+00
      vertex -1.320000e+02 -1.212440e+01 0.000000e+00
    endloop
  endfacet
  facet normal 3.213151e-01 9.469723e-01 -0.000000e+00
    outer loop
      vertex -1.286230e+02 -1.352300e+01 -4.000000e+00
      vertex -1.303580e+02 -1.293430e+01 0.000000e+00
      vertex -1.286230e+02 -1.352300e+01 0.000000e+00
    endloop
  endfacet
  facet normal 1.950664e-01 9.807900e-01 -0.000000e+00
    outer loop
      vertex -1.268270e+02 -1.388020e+01 -4.000000e+00
      vertex -1.286230e+02 -1.352300e+01 0.000000e+00
      vertex -1.268270e+02 -1.388020e+01 0.000000e+00
    endloop
  endfacet
  facet normal -6.543113e-02 9.978571e-01 0.000000e+00
    outer loop
      vertex -1.250000e+02 -1.400000e+01 -4.000000e+00
      vertex -1.250000e+02 -1.400000e+01 0.000000e+00
      vertex -1.231730e+02 -1.388020e+01 -4.000000e+00
    endloop
  endfacet
  facet normal -1.950664e-01 9.807900e-01 0.000000e+00
    outer loop
      vertex -1.231730e+02 -1.388020e+01 -4.000000e+00
      vertex -1.231730e+02 -1.388020e+01 0.000000e+00
      vertex -1.213770e+02 -1.352300e+01 -4.000000e+00
    endloop
  endfacet
  facet normal -3.213151e-01 9.469723e-01 0.000000e+00
    outer loop
      vertex -1.213770e+02 -1.352300e+01 -4.000000e+00
      vertex -1.213770e+02 -1.352300e+01 0.000000e+00
      vertex -1.196420e+02 -1.293430e+01 -4.000000e+00
    endloop
  endfacet
  facet normal -4.423574e-01 8.968389e-01 0.000000e+00
    outer loop
      vertex -1.196420e+02 -1.293430e+01 -4.000000e+00
      vertex -1.196420e+02 -1.293430e+01 0.000000e+00
      vertex -1.180000e+02 -1.212440e+01 -4.000000e+00
    endloop
  endfacet
  facet normal -5.555182e-01 8.315044e-01 0.000000e+00
    outer loop
      vertex -1.180000e+02 -1.212440e+01 -4.000000e+00
      vertex -1.180000e+02 -1.212440e+01 0.000000e+00
      vertex -1.164770e+02 -1.110690e+01 -4.000000e+00
    endloop
  endfacet
  facet normal 6.543113e-02 9.978571e-01 -0.000000e+00
    outer loop
      vertex -1.250000e+02 -1.400000e+01 -4.000000e+00
      vertex -1.268270e+02 -1.388020e+01 0.000000e+00
      vertex -1.250000e+02 -1.400000e+01 0.000000e+00
    endloop
  endfacet
  facet normal -6.543113e-02 9.978571e-01 0.000000e+00
    outer loop
      vertex -1.231730e+02 -1.388020e+01 -4.000000e+00
      vertex -1.250000e+02 -1.400000e+01 0.000000e+00
      vertex -1.231730e+02 -1.388020e+01 0.000000e+00
    endloop
  endfacet
  facet normal -1.950664e-01 9.807900e-01 0.000000e+00
    outer loop
      vertex -1.213770e+02 -1.352300e+01 -4.000000e+00
      vertex -1.231730e+02 -1.388020e+01 0.000000e+00
      vertex -1.213770e+02 -1.352300e+01 0.000000e+00
    endloop
  endfacet
  facet normal -3.213151e-01 9.469723e-01 0.000000e+00
    outer loop
      vertex -1.196420e+02 -1.293430e+01 -4.000000e+00
      vertex -1.213770e+02 -1.352300e+01 0.000000e+00
      vertex -1.196420e+02 -1.293430e+01 0.000000e+00
    endloop
  endfacet
  facet normal -4.423574e-01 8.968389e-01 0.000000e+00
    outer loop
      vertex -1.180000e+02 -1.212440e+01 -4.000000e+00
      vertex -1.196420e+02 -1.293430e+01 0.000000e+00
      vertex -1.180000e+02 -1.212440e+01 0.000000e+00
    endloop
  endfacet
  facet normal 7.516923e-01 6.595140e-01 -0.000000e+00
    outer loop
      vertex -1.361070e+02 -8.522660e+00 -4.000000e+00
      vertex -1.361070e+02 -8.522660e+00 0.000000e+00
      vertex -1.348990e+02 -9.899490e+00 0.000000e+00
    endloop
  endfacet
  facet normal 8.315732e-01 5.554151e-01 -0.000000e+00
    outer loop
      vertex -1.361070e+02 -8.522660e+00 -4.000000e+00
      vertex -1.371240e+02 -7.000000e+00 -4.000000e+00
      vertex -1.361070e+02 -8.522660e+00 0.000000e+00
    endloop
  endfacet
  facet normal 8.968606e-01 4.423133e-01 -0.000000e+00
    outer loop
      vertex -1.371240e+02 -7.000000e+00 -4.000000e+00
      vertex -1.379340e+02 -5.357570e+00 -4.000000e+00
      vertex -1.371240e+02 -7.000000e+00 0.000000e+00
    endloop
  endfacet
  facet normal 8.315732e-01 5.554151e-01 -0.000000e+00
    outer loop
      vertex -1.371240e+02 -7.000000e+00 -4.000000e+00
      vertex -1.371240e+02 -7.000000e+00 0.000000e+00
      vertex -1.361070e+02 -8.522660e+00 0.000000e+00
    endloop
  endfacet
  facet normal 8.968606e-01 4.423133e-01 0.000000e+00
    outer loop
      vertex -1.371240e+02 -7.000000e+00 0.000000e+00
      vertex -1.379340e+02 -5.357570e+00 -4.000000e+00
      vertex -1.379340e+02 -5.357570e+00 0.000000e+00
    endloop
  endfacet
  facet normal 9.468733e-01 3.216067e-01 -0.000000e+00
    outer loop
      vertex -1.379340e+02 -5.357570e+00 -4.000000e+00
      vertex -1.385230e+02 -3.623470e+00 -4.000000e+00
      vertex -1.379340e+02 -5.357570e+00 0.000000e+00
    endloop
  endfacet
  facet normal 9.808121e-01 1.949555e-01 -0.000000e+00
    outer loop
      vertex -1.385230e+02 -3.623470e+00 -4.000000e+00
      vertex -1.388800e+02 -1.827370e+00 -4.000000e+00
      vertex -1.385230e+02 -3.623470e+00 0.000000e+00
    endloop
  endfacet
  facet normal 9.468733e-01 3.216067e-01 -0.000000e+00
    outer loop
      vertex -1.385230e+02 -3.623470e+00 -4.000000e+00
      vertex -1.385230e+02 -3.623470e+00 0.000000e+00
      vertex -1.379340e+02 -5.357570e+00 0.000000e+00
    endloop
  endfacet
  facet normal 9.978510e-01 6.552436e-02 -0.000000e+00
    outer loop
      vertex -1.388800e+02 -1.827370e+00 -4.000000e+00
      vertex -1.390000e+02 0.000000e+00 -4.000000e+00
      vertex -1.388800e+02 -1.827370e+00 0.000000e+00
    endloop
  endfacet
  facet normal 9.808121e-01 1.949555e-01 -0.000000e+00
    outer loop
      vertex -1.388800e+02 -1.827370e+00 -4.000000e+00
      vertex -1.388800e+02 -1.827370e+00 0.000000e+00
      vertex -1.385230e+02 -3.623470e+00 0.000000e+00
    endloop
  endfacet
  facet normal 9.978510e-01 6.552436e-02 0.000000e+00
    outer loop
      vertex -1.388800e+02 -1.827370e+00 0.000000e+00
      vertex -1.390000e+02 0.000000e+00 -4.000000e+00
      vertex -1.390000e+02 0.000000e+00 0.000000e+00
    endloop
  endfacet
  facet normal 6.595570e-01 7.516545e-01 0.000000e+00
    outer loop
      vertex -1.335230e+02 -1.110690e+01 -4.000000e+00
      vertex -1.348990e+02 -9.899490e+00 -4.000000e+00
      vertex -1.348990e+02 -9.899490e+00 0.000000e+00
    endloop
  endfacet
  facet normal 5.555201e-01 8.315031e-01 0.000000e+00
    outer loop
      vertex -1.320000e+02 -1.212440e+01 -4.000000e+00
      vertex -1.335230e+02 -1.110690e+01 -4.000000e+00
      vertex -1.335230e+02 -1.110690e+01 0.000000e+00
    endloop
  endfacet
  facet normal 7.516923e-01 6.595140e-01 0.000000e+00
    outer loop
      vertex -1.361070e+02 -8.522660e+00 -4.000000e+00
      vertex -1.348990e+02 -9.899490e+00 0.000000e+00
      vertex -1.348990e+02 -9.899490e+00 -4.000000e+00
    endloop
  endfacet
  facet normal 6.595570e-01 7.516545e-01 -0.000000e+00
    outer loop
      vertex -1.335230e+02 -1.110690e+01 -4.000000e+00
      vertex -1.348990e+02 -9.899490e+00 0.000000e+00
      vertex -1.335230e+02 -1.110690e+01 0.000000e+00
    endloop
  endfacet
  facet normal -5.555182e-01 8.315044e-01 0.000000e+00
    outer loop
      vertex -1.180000e+02 -1.212440e+01 0.000000e+00
      vertex -1.164770e+02 -1.110690e+01 0.000000e+00
      vertex -1.164770e+02 -1.110690e+01 -4.000000e+00
    endloop
  endfacet
  facet normal 0.000000e+00 0.000000e+00 -1.000000e+00
    outer loop
      vertex -1.056850e+02 -3.295000e+01 -4.000000e+00
      vertex -1.213770e+02 -1.352300e+01 -4.000000e+00
      vertex -1.196420e+02 -1.293430e+01 -4.000000e+00
    endloop
  endfacet
  facet normal 0.000000e+00 0.000000e+00 -1.000000e+00
    outer loop
      vertex -1.051920e+02 -3.230800e+01 -4.000000e+00
      vertex -1.196420e+02 -1.293430e+01 -4.000000e+00
      vertex -1.180000e+02 -1.212440e+01 -4.000000e+00
    endloop
  endfacet
  facet normal 0.000000e+00 0.000000e+00 -1.000000e+00
    outer loop
      vertex -1.045500e+02 -3.181530e+01 -4.000000e+00
      vertex -1.180000e+02 -1.212440e+01 -4.000000e+00
      vertex -1.164770e+02 -1.110690e+01 -4.000000e+00
    endloop
  endfacet
  facet normal 0.000000e+00 0.000000e+00 -1.000000e+00
    outer loop
      vertex -1.025950e+02 -3.142650e+01 -4.000000e+00
      vertex -1.128760e+02 -7.000000e+00 -4.000000e+00
      vertex -1.021980e+02 -3.150560e+01 -4.000000e+00
    endloop
  endfacet
  facet normal 0.000000e+00 0.000000e+00 -1.000000e+00
    outer loop
      vertex -1.018140e+02 -3.163600e+01 -4.000000e+00
      vertex -1.021980e+02 -3.150560e+01 -4.000000e+00
      vertex -1.120660e+02 -5.357570e+00 -4.000000e+00
    endloop
  endfacet
  facet normal 0.000000e+00 0.000000e+00 -1.000000e+00
    outer loop
      vertex -1.018140e+02 -3.163600e+01 -4.000000e+00
      vertex -1.120660e+02 -5.357570e+00 -4.000000e+00
      vertex -1.014500e+02 -3.181530e+01 -4.000000e+00
    endloop
  endfacet
  facet normal 0.000000e+00 0.000000e+00 -1.000000e+00
    outer loop
      vertex -1.011130e+02 -3.204060e+01 -4.000000e+00
      vertex -1.014500e+02 -3.181530e+01 -4.000000e+00
      vertex -1.114770e+02 -3.623470e+00 -4.000000e+00
    endloop
  endfacet
  facet normal 0.000000e+00 0.000000e+00 -1.000000e+00
    outer loop
      vertex -1.008080e+02 -3.230800e+01 -4.000000e+00
      vertex -1.011130e+02 -3.204060e+01 -4.000000e+00
      vertex -1.111200e+02 -1.827370e+00 -4.000000e+00
    endloop
  endfacet
  facet normal 0.000000e+00 0.000000e+00 1.000000e+00
    outer loop
      vertex -1.056850e+02 -3.295000e+01 0.000000e+00
      vertex -1.196420e+02 -1.293430e+01 0.000000e+00
      vertex -1.213770e+02 -1.352300e+01 0.000000e+00
    endloop
  endfacet
  facet normal 0.000000e+00 0.000000e+00 1.000000e+00
    outer loop
      vertex -1.051920e+02 -3.230800e+01 0.000000e+00
      vertex -1.180000e+02 -1.212440e+01 0.000000e+00
      vertex -1.196420e+02 -1.293430e+01 0.000000e+00
    endloop
  endfacet
  facet normal 0.000000e+00 0.000000e+00 1.000000e+00
    outer loop
      vertex -1.045500e+02 -3.181530e+01 0.000000e+00
      vertex -1.164770e+02 -1.110690e+01 0.000000e+00
      vertex -1.180000e+02 -1.212440e+01 0.000000e+00
    endloop
  endfacet
  facet normal -0.000000e+00 -0.000000e+00 1.000000e+00
    outer loop
      vertex -1.025950e+02 -3.142650e+01 0.000000e+00
      vertex -1.021980e+02 -3.150560e+01 0.000000e+00
      vertex -1.128760e+02 -7.000000e+00 0.000000e+00
    endloop
  endfacet
  facet normal 0.000000e+00 0.000000e+00 1.000000e+00
    outer loop
      vertex -1.018140e+02 -3.163600e+01 0.000000e+00
      vertex -1.120660e+02 -5.357570e+00 0.000000e+00
      vertex -1.021980e+02 -3.150560e+01 0.000000e+00
    endloop
  endfacet
  facet normal -0.000000e+00 -0.000000e+00 1.000000e+00
    outer loop
      vertex -1.018140e+02 -3.163600e+01 0.000000e+00
      vertex -1.014500e+02 -3.181530e+01 0.000000e+00
      vertex -1.120660e+02 -5.357570e+00 0.000000e+00
    endloop
  endfacet
  facet normal 0.000000e+00 0.000000e+00 1.000000e+00
    outer loop
      vertex -1.011130e+02 -3.204060e+01 0.000000e+00
      vertex -1.114770e+02 -3.623470e+00 0.000000e+00
      vertex -1.014500e+02 -3.181530e+01 0.000000e+00
    endloop
  endfacet
  facet normal 0.000000e+00 0.000000e+00 1.000000e+00
    outer loop
      vertex -1.008080e+02 -3.230800e+01 0.000000e+00
      vertex -1.111200e+02 -1.827370e+00 0.000000e+00
      vertex -1.011130e+02 -3.204060e+01 0.000000e+00
    endloop
  endfacet
  facet normal 0.000000e+00 0.000000e+00 -1.000000e+00
    outer loop
      vertex -1.038020e+02 -3.150560e+01 -4.000000e+00
      vertex -1.164770e+02 -1.110690e+01 -4.000000e+00
      vertex -1.151010e+02 -9.899490e+00 -4.000000e+00
    endloop
  endfacet
  facet normal 0.000000e+00 0.000000e+00 -1.000000e+00
    outer loop
      vertex -1.034050e+02 -3.142650e+01 -4.000000e+00
      vertex -1.151010e+02 -9.899490e+00 -4.000000e+00
      vertex -1.138930e+02 -8.522660e+00 -4.000000e+00
    endloop
  endfacet
  facet normal 0.000000e+00 0.000000e+00 -1.000000e+00
    outer loop
      vertex -1.025950e+02 -3.142650e+01 -4.000000e+00
      vertex -1.138930e+02 -8.522660e+00 -4.000000e+00
      vertex -1.128760e+02 -7.000000e+00 -4.000000e+00
    endloop
  endfacet
  facet normal 0.000000e+00 0.000000e+00 -1.000000e+00
    outer loop
      vertex -1.021980e+02 -3.150560e+01 -4.000000e+00
      vertex -1.128760e+02 -7.000000e+00 -4.000000e+00
      vertex -1.120660e+02 -5.357570e+00 -4.000000e+00
    endloop
  endfacet
  facet normal 0.000000e+00 0.000000e+00 -1.000000e+00
    outer loop
      vertex -1.014500e+02 -3.181530e+01 -4.000000e+00
      vertex -1.120660e+02 -5.357570e+00 -4.000000e+00
      vertex -1.114770e+02 -3.623470e+00 -4.000000e+00
    endloop
  endfacet
  facet normal 0.000000e+00 0.000000e+00 -1.000000e+00
    outer loop
      vertex -1.011130e+02 -3.204060e+01 -4.000000e+00
      vertex -1.114770e+02 -3.623470e+00 -4.000000e+00
      vertex -1.111200e+02 -1.827370e+00 -4.000000e+00
    endloop
  endfacet
  facet normal 0.000000e+00 0.000000e+00 1.000000e+00
    outer loop
      vertex -1.038020e+02 -3.150560e+01 0.000000e+00
      vertex -1.151010e+02 -9.899490e+00 0.000000e+00
      vertex -1.164770e+02 -1.110690e+01 0.000000e+00
    endloop
  endfacet
  facet normal 0.000000e+00 0.000000e+00 1.000000e+00
    outer loop
      vertex -1.034050e+02 -3.142650e+01 0.000000e+00
      vertex -1.138930e+02 -8.522660e+00 0.000000e+00
      vertex -1.151010e+02 -9.899490e+00 0.000000e+00
    endloop
  endfacet
  facet normal 0.000000e+00 0.000000e+00 1.000000e+00
    outer loop
      vertex -1.025950e+02 -3.142650e+01 0.000000e+00
      vertex -1.128760e+02 -7.000000e+00 0.000000e+00
      vertex -1.138930e+02 -8.522660e+00 0.000000e+00
    endloop
  endfacet
  facet normal 0.000000e+00 0.000000e+00 1.000000e+00
    outer loop
      vertex -1.021980e+02 -3.150560e+01 0.000000e+00
      vertex -1.120660e+02 -5.357570e+00 0.000000e+00
      vertex -1.128760e+02 -7.000000e+00 0.000000e+00
    endloop
  endfacet
  facet normal 0.000000e+00 0.000000e+00 1.000000e+00
    outer loop
      vertex -1.014500e+02 -3.181530e+01 0.000000e+00
      vertex -1.114770e+02 -3.623470e+00 0.000000e+00
      vertex -1.120660e+02 -5.357570e+00 0.000000e+00
    endloop
  endfacet
  facet normal 0.000000e+00 0.000000e+00 1.000000e+00
    outer loop
      vertex -1.011130e+02 -3.204060e+01 0.000000e+00
      vertex -1.111200e+02 -1.827370e+00 0.000000e+00
      vertex -1.114770e+02 -3.623470e+00 0.000000e+00
    endloop
  endfacet
  facet normal 0.000000e+00 0.000000e+00 -1.000000e+00
    outer loop
      vertex -1.008080e+02 -3.230800e+01 -4.000000e+00
      vertex -1.111200e+02 -1.827370e+00 -4.000000e+00
      vertex -5.576100e+01 -3.350830e+01 -4.000000e+00
    endloop
  endfacet
  facet normal -0.000000e+00 -0.000000e+00 1.000000e+00
    outer loop
      vertex -1.008080e+02 -3.230800e+01 0.000000e+00
      vertex -5.576100e+01 -3.350830e+01 0.000000e+00
      vertex -1.111200e+02 -1.827370e+00 0.000000e+00
    endloop
  endfacet
  facet normal 0.000000e+00 0.000000e+00 -1.000000e+00
    outer loop
      vertex -1.111200e+02 -1.827370e+00 -4.000000e+00
      vertex -1.110000e+02 0.000000e+00 -4.000000e+00
      vertex -5.576100e+01 -3.350830e+01 -4.000000e+00
    endloop
  endfacet
  facet normal -0.000000e+00 0.000000e+00 1.000000e+00
    outer loop
      vertex -1.111200e+02 -1.827370e+00 0.000000e+00
      vertex -5.576100e+01 -3.350830e+01 0.000000e+00
      vertex -1.110000e+02 0.000000e+00 0.000000e+00
    endloop
  endfacet
  facet normal -6.595591e-01 7.516527e-01 0.000000e+00
    outer loop
      vertex -1.164770e+02 -1.110690e+01 -4.000000e+00
      vertex -1.164770e+02 -1.110690e+01 0.000000e+00
      vertex -1.151010e+02 -9.899490e+00 -4.000000e+00
    endloop
  endfacet
  facet normal -7.516902e-01 6.595163e-01 0.000000e+00
    outer loop
      vertex -1.151010e+02 -9.899490e+00 -4.000000e+00
      vertex -1.138930e+02 -8.522660e+00 0.000000e+00
      vertex -1.138930e+02 -8.522660e+00 -4.000000e+00
    endloop
  endfacet
  facet normal -6.595591e-01 7.516527e-01 0.000000e+00
    outer loop
      vertex -1.164770e+02 -1.110690e+01 0.000000e+00
      vertex -1.151010e+02 -9.899490e+00 0.000000e+00
      vertex -1.151010e+02 -9.899490e+00 -4.000000e+00
    endloop
  endfacet
  facet normal -7.516902e-01 6.595163e-01 0.000000e+00
    outer loop
      vertex -1.151010e+02 -9.899490e+00 -4.000000e+00
      vertex -1.151010e+02 -9.899490e+00 0.000000e+00
      vertex -1.138930e+02 -8.522660e+00 0.000000e+00
    endloop
  endfacet
  facet normal -8.315732e-01 5.554151e-01 0.000000e+00
    outer loop
      vertex -1.138930e+02 -8.522660e+00 -4.000000e+00
      vertex -1.128760e+02 -7.000000e+00 0.000000e+00
      vertex -1.128760e+02 -7.000000e+00 -4.000000e+00
    endloop
  endfacet
  facet normal -8.968639e-01 4.423066e-01 0.000000e+00
    outer loop
      vertex -1.128760e+02 -7.000000e+00 -4.000000e+00
      vertex -1.120660e+02 -5.357570e+00 0.000000e+00
      vertex -1.120660e+02 -5.357570e+00 -4.000000e+00
    endloop
  endfacet
  facet normal -8.315732e-01 5.554151e-01 0.000000e+00
    outer loop
      vertex -1.138930e+02 -8.522660e+00 -4.000000e+00
      vertex -1.138930e+02 -8.522660e+00 0.000000e+00
      vertex -1.128760e+02 -7.000000e+00 0.000000e+00
    endloop
  endfacet
  facet normal -8.968639e-01 4.423066e-01 0.000000e+00
    outer loop
      vertex -1.128760e+02 -7.000000e+00 -4.000000e+00
      vertex -1.128760e+02 -7.000000e+00 0.000000e+00
      vertex -1.120660e+02 -5.357570e+00 0.000000e+00
    endloop
  endfacet
  facet normal -9.468708e-01 3.216142e-01 0.000000e+00
    outer loop
      vertex -1.120660e+02 -5.357570e+00 -4.000000e+00
      vertex -1.114770e+02 -3.623470e+00 0.000000e+00
      vertex -1.114770e+02 -3.623470e+00 -4.000000e+00
    endloop
  endfacet
  facet normal -9.468708e-01 3.216142e-01 0.000000e+00
    outer loop
      vertex -1.120660e+02 -5.357570e+00 -4.000000e+00
      vertex -1.120660e+02 -5.357570e+00 0.000000e+00
      vertex -1.114770e+02 -3.623470e+00 0.000000e+00
    endloop
  endfacet
  facet normal -9.808137e-01 1.949475e-01 0.000000e+00
    outer loop
      vertex -1.114770e+02 -3.623470e+00 -4.000000e+00
      vertex -1.114770e+02 -3.623470e+00 0.000000e+00
      vertex -1.111200e+02 -1.827370e+00 0.000000e+00
    endloop
  endfacet
  facet normal -9.808137e-01 1.949475e-01 0.000000e+00
    outer loop
      vertex -1.114770e+02 -3.623470e+00 -4.000000e+00
      vertex -1.111200e+02 -1.827370e+00 0.000000e+00
      vertex -1.111200e+02 -1.827370e+00 -4.000000e+00
    endloop
  endfacet
  facet normal -9.978507e-01 6.552850e-02 0.000000e+00
    outer loop
      vertex -1.111200e+02 -1.827370e+00 -4.000000e+00
      vertex -1.110000e+02 0.000000e+00 0.000000e+00
      vertex -1.110000e+02 0.000000e+00 -4.000000e+00
    endloop
  endfacet
  facet normal -9.978507e-01 6.552850e-02 0.000000e+00
    outer loop
      vertex -1.111200e+02 -1.827370e+00 -4.000000e+00
      vertex -1.111200e+02 -1.827370e+00 0.000000e+00
      vertex -1.110000e+02 0.000000e+00 0.000000e+00
    endloop
  endfacet
  facet normal 0.000000e+00 -1.000000e+00 0.000000e+00
    outer loop
      vertex -1.530000e+02 -4.700000e+01 -5.800000e+01
      vertex 1.530000e+02 -4.700000e+01 -2.000000e+00
      vertex -1.530000e+02 -4.700000e+01 -2.000000e+00
    endloop
  endfacet
  facet normal 0.000000e+00 0.000000e+00 -1.000000e+00
    outer loop
      vertex -1.025950e+02 -3.757350e+01 -4.000000e+00
      vertex -5.516320e+01 -3.573930e+01 -4.000000e+00
      vertex -5.500000e+01 -3.575000e+01 -4.000000e+00
    endloop
  endfacet
  facet normal 0.000000e+00 0.000000e+00 -1.000000e+00
    outer loop
      vertex -1.021980e+02 -3.749440e+01 -4.000000e+00
      vertex -5.532350e+01 -3.570740e+01 -4.000000e+00
      vertex -5.516320e+01 -3.573930e+01 -4.000000e+00
    endloop
  endfacet
  facet normal 0.000000e+00 0.000000e+00 -1.000000e+00
    outer loop
      vertex -1.018140e+02 -3.736400e+01 -4.000000e+00
      vertex -5.547840e+01 -3.565490e+01 -4.000000e+00
      vertex -5.532350e+01 -3.570740e+01 -4.000000e+00
    endloop
  endfacet
  facet normal 0.000000e+00 0.000000e+00 -1.000000e+00
    outer loop
      vertex -1.014500e+02 -3.718470e+01 -4.000000e+00
      vertex -5.562500e+01 -3.558250e+01 -4.000000e+00
      vertex -5.547840e+01 -3.565490e+01 -4.000000e+00
    endloop
  endfacet
  facet normal 0.000000e+00 0.000000e+00 -1.000000e+00
    outer loop
      vertex -1.011130e+02 -3.695940e+01 -4.000000e+00
      vertex -5.576100e+01 -3.549170e+01 -4.000000e+00
      vertex -5.562500e+01 -3.558250e+01 -4.000000e+00
    endloop
  endfacet
  facet normal 0.000000e+00 0.000000e+00 -1.000000e+00
    outer loop
      vertex -1.008080e+02 -3.669200e+01 -4.000000e+00
      vertex -5.588390e+01 -3.538390e+01 -4.000000e+00
      vertex -5.576100e+01 -3.549170e+01 -4.000000e+00
    endloop
  endfacet
  facet normal 0.000000e+00 0.000000e+00 -1.000000e+00
    outer loop
      vertex -1.005410e+02 -3.638720e+01 -4.000000e+00
      vertex -5.599170e+01 -3.526100e+01 -4.000000e+00
      vertex -5.588390e+01 -3.538390e+01 -4.000000e+00
    endloop
  endfacet
  facet normal 0.000000e+00 0.000000e+00 -1.000000e+00
    outer loop
      vertex -1.003150e+02 -3.605000e+01 -4.000000e+00
      vertex -5.608250e+01 -3.512500e+01 -4.000000e+00
      vertex -5.599170e+01 -3.526100e+01 -4.000000e+00
    endloop
  endfacet
  facet normal 0.000000e+00 0.000000e+00 -1.000000e+00
    outer loop
      vertex -1.001360e+02 -3.568630e+01 -4.000000e+00
      vertex -5.615490e+01 -3.497840e+01 -4.000000e+00
      vertex -5.608250e+01 -3.512500e+01 -4.000000e+00
    endloop
  endfacet
  facet normal 0.000000e+00 0.000000e+00 1.000000e+00
    outer loop
      vertex -1.025950e+02 -3.757350e+01 0.000000e+00
      vertex -5.500000e+01 -3.575000e+01 0.000000e+00
      vertex -5.516320e+01 -3.573930e+01 0.000000e+00
    endloop
  endfacet
  facet normal 0.000000e+00 0.000000e+00 1.000000e+00
    outer loop
      vertex -1.021980e+02 -3.749440e+01 0.000000e+00
      vertex -5.516320e+01 -3.573930e+01 0.000000e+00
      vertex -5.532350e+01 -3.570740e+01 0.000000e+00
    endloop
  endfacet
  facet normal 0.000000e+00 0.000000e+00 1.000000e+00
    outer loop
      vertex -1.018140e+02 -3.736400e+01 0.000000e+00
      vertex -5.532350e+01 -3.570740e+01 0.000000e+00
      vertex -5.547840e+01 -3.565490e+01 0.000000e+00
    endloop
  endfacet
  facet normal 0.000000e+00 0.000000e+00 1.000000e+00
    outer loop
      vertex -1.014500e+02 -3.718470e+01 0.000000e+00
      vertex -5.547840e+01 -3.565490e+01 0.000000e+00
      vertex -5.562500e+01 -3.558250e+01 0.000000e+00
    endloop
  endfacet
  facet normal 0.000000e+00 0.000000e+00 1.000000e+00
    outer loop
      vertex -1.011130e+02 -3.695940e+01 0.000000e+00
      vertex -5.562500e+01 -3.558250e+01 0.000000e+00
      vertex -5.576100e+01 -3.549170e+01 0.000000e+00
    endloop
  endfacet
  facet normal 0.000000e+00 0.000000e+00 1.000000e+00
    outer loop
      vertex -1.008080e+02 -3.669200e+01 0.000000e+00
      vertex -5.576100e+01 -3.549170e+01 0.000000e+00
      vertex -5.588390e+01 -3.538390e+01 0.000000e+00
    endloop
  endfacet
  facet normal 0.000000e+00 0.000000e+00 1.000000e+00
    outer loop
      vertex -1.005410e+02 -3.638720e+01 0.000000e+00
      vertex -5.588390e+01 -3.538390e+01 0.000000e+00
      vertex -5.599170e+01 -3.526100e+01 0.000000e+00
    endloop
  endfacet
  facet normal 0.000000e+00 0.000000e+00 1.000000e+00
    outer loop
      vertex -1.003150e+02 -3.605000e+01 0.000000e+00
      vertex -5.599170e+01 -3.526100e+01 0.000000e+00
      vertex -5.608250e+01 -3.512500e+01 0.000000e+00
    endloop
  endfacet
  facet normal 0.000000e+00 0.000000e+00 1.000000e+00
    outer loop
      vertex -1.001360e+02 -3.568630e+01 0.000000e+00
      vertex -5.608250e+01 -3.512500e+01 0.000000e+00
      vertex -5.615490e+01 -3.497840e+01 0.000000e+00
    endloop
  endfacet
  facet normal 0.000000e+00 -7.071068e-01 7.071068e-01
    outer loop
      vertex -1.530000e+02 -4.700000e+01 -2.000000e+00
      vertex 1.530000e+02 -4.500000e+01 0.000000e+00
      vertex -1.530000e+02 -4.500000e+01 0.000000e+00
    endloop
  endfacet
  facet normal 0.000000e+00 0.000000e+00 -1.000000e+00
    outer loop
      vertex -5.483680e+01 -3.573930e+01 -4.000000e+00
      vertex -5.467650e+01 -3.570740e+01 -4.000000e+00
      vertex -3.075000e+01 -3.579904e+01 -4.000000e+00
    endloop
  endfacet
  facet normal 0.000000e+00 0.000000e+00 -1.000000e+00
    outer loop
      vertex -5.500000e+01 -3.575000e+01 -4.000000e+00
      vertex -5.483680e+01 -3.573930e+01 -4.000000e+00
      vertex -3.075000e+01 -3.579904e+01 -4.000000e+00
    endloop
  endfacet
  facet normal 0.000000e+00 -0.000000e+00 -1.000000e+00
    outer loop
      vertex -5.452160e+01 -3.565490e+01 -4.000000e+00
      vertex -3.075000e+01 -3.579904e+01 -4.000000e+00
      vertex -5.467650e+01 -3.570740e+01 -4.000000e+00
    endloop
  endfacet
  facet normal 0.000000e+00 0.000000e+00 -1.000000e+00
    outer loop
      vertex -5.452160e+01 -3.565490e+01 -4.000000e+00
      vertex -5.437500e+01 -3.558250e+01 -4.000000e+00
      vertex -3.091314e+01 -3.569003e+01 -4.000000e+00
    endloop
  endfacet
  facet normal 0.000000e+00 0.000000e+00 -1.000000e+00
    outer loop
      vertex -5.437500e+01 -3.558250e+01 -4.000000e+00
      vertex -5.423900e+01 -3.549170e+01 -4.000000e+00
      vertex -3.091314e+01 -3.569003e+01 -4.000000e+00
    endloop
  endfacet
  facet normal 0.000000e+00 0.000000e+00 -1.000000e+00
    outer loop
      vertex -5.423900e+01 -3.549170e+01 -4.000000e+00
      vertex -5.411610e+01 -3.538390e+01 -4.000000e+00
      vertex -3.106066e+01 -3.556066e+01 -4.000000e+00
    endloop
  endfacet
  facet normal 0.000000e+00 0.000000e+00 -1.000000e+00
    outer loop
      vertex -5.411610e+01 -3.538390e+01 -4.000000e+00
      vertex -5.400830e+01 -3.526100e+01 -4.000000e+00
      vertex -3.119003e+01 -3.541314e+01 -4.000000e+00
    endloop
  endfacet
  facet normal 0.000000e+00 0.000000e+00 -1.000000e+00
    outer loop
      vertex -5.400830e+01 -3.526100e+01 -4.000000e+00
      vertex -5.391750e+01 -3.512500e+01 -4.000000e+00
      vertex -3.119003e+01 -3.541314e+01 -4.000000e+00
    endloop
  endfacet
  facet normal 0.000000e+00 0.000000e+00 -1.000000e+00
    outer loop
      vertex -5.500000e+01 -3.575000e+01 -4.000000e+00
      vertex -3.075000e+01 -3.579904e+01 -4.000000e+00
      vertex -3.057402e+01 -3.588582e+01 -4.000000e+00
    endloop
  endfacet
  facet normal 0.000000e+00 0.000000e+00 -1.000000e+00
    outer loop
      vertex -5.411610e+01 -3.538390e+01 -4.000000e+00
      vertex -3.119003e+01 -3.541314e+01 -4.000000e+00
      vertex -3.106066e+01 -3.556066e+01 -4.000000e+00
    endloop
  endfacet
  facet normal 0.000000e+00 0.000000e+00 -1.000000e+00
    outer loop
      vertex -5.391750e+01 -3.512500e+01 -4.000000e+00
      vertex -3.129904e+01 -3.525000e+01 -4.000000e+00
      vertex -3.119003e+01 -3.541314e+01 -4.000000e+00
    endloop
  endfacet
  facet normal 5.552653e-01 8.316733e-01 -0.000000e+00
    outer loop
      vertex -5.576100e+01 -3.549170e+01 -4.000000e+00
      vertex -5.576100e+01 -3.549170e+01 0.000000e+00
      vertex -5.562500e+01 -3.558250e+01 -4.000000e+00
    endloop
  endfacet
  facet normal 7.517768e-01 6.594177e-01 -0.000000e+00
    outer loop
      vertex -5.588390e+01 -3.538390e+01 -4.000000e+00
      vertex -5.599170e+01 -3.526100e+01 -4.000000e+00
      vertex -5.588390e+01 -3.538390e+01 0.000000e+00
    endloop
  endfacet
  facet normal 6.594177e-01 7.517768e-01 0.000000e+00
    outer loop
      vertex -5.576100e+01 -3.549170e+01 -4.000000e+00
      vertex -5.588390e+01 -3.538390e+01 -4.000000e+00
      vertex -5.588390e+01 -3.538390e+01 0.000000e+00
    endloop
  endfacet
  facet normal 3.210028e-01 9.470783e-01 -0.000000e+00
    outer loop
      vertex -5.547840e+01 -3.565490e+01 -4.000000e+00
      vertex -5.547840e+01 -3.565490e+01 0.000000e+00
      vertex -5.532350e+01 -3.570740e+01 -4.000000e+00
    endloop
  endfacet
  facet normal 6.542449e-02 9.978575e-01 -0.000000e+00
    outer loop
      vertex -5.516320e+01 -3.573930e+01 -4.000000e+00
      vertex -5.516320e+01 -3.573930e+01 0.000000e+00
      vertex -5.500000e+01 -3.575000e+01 -4.000000e+00
    endloop
  endfacet
  facet normal 1.951645e-01 9.807705e-01 0.000000e+00
    outer loop
      vertex -5.516320e+01 -3.573930e+01 -4.000000e+00
      vertex -5.532350e+01 -3.570740e+01 -4.000000e+00
      vertex -5.532350e+01 -3.570740e+01 0.000000e+00
    endloop
  endfacet
  facet normal -6.542449e-02 9.978575e-01 0.000000e+00
    outer loop
      vertex -5.500000e+01 -3.575000e+01 -4.000000e+00
      vertex -5.500000e+01 -3.575000e+01 0.000000e+00
      vertex -5.483680e+01 -3.573930e+01 -4.000000e+00
    endloop
  endfacet
  facet normal -1.951645e-01 9.807705e-01 0.000000e+00
    outer loop
      vertex -5.483680e+01 -3.573930e+01 -4.000000e+00
      vertex -5.483680e+01 -3.573930e+01 0.000000e+00
      vertex -5.467650e+01 -3.570740e+01 -4.000000e+00
    endloop
  endfacet
  facet normal -3.210028e-01 9.470783e-01 0.000000e+00
    outer loop
      vertex -5.452160e+01 -3.565490e+01 -4.000000e+00
      vertex -5.467650e+01 -3.570740e+01 -4.000000e+00
      vertex -5.467650e+01 -3.570740e+01 0.000000e+00
    endloop
  endfacet
  facet normal 4.428032e-01 8.966188e-01 0.000000e+00
    outer loop
      vertex -5.547840e+01 -3.565490e+01 -4.000000e+00
      vertex -5.562500e+01 -3.558250e+01 -4.000000e+00
      vertex -5.562500e+01 -3.558250e+01 0.000000e+00
    endloop
  endfacet
  facet normal -4.428032e-01 8.966188e-01 0.000000e+00
    outer loop
      vertex -5.452160e+01 -3.565490e+01 -4.000000e+00
      vertex -5.452160e+01 -3.565490e+01 0.000000e+00
      vertex -5.437500e+01 -3.558250e+01 -4.000000e+00
    endloop
  endfacet
  facet normal -5.552653e-01 8.316733e-01 0.000000e+00
    outer loop
      vertex -5.437500e+01 -3.558250e+01 -4.000000e+00
      vertex -5.437500e+01 -3.558250e+01 0.000000e+00
      vertex -5.423900e+01 -3.549170e+01 -4.000000e+00
    endloop
  endfacet
  facet normal -6.594177e-01 7.517768e-01 0.000000e+00
    outer loop
      vertex -5.423900e+01 -3.549170e+01 -4.000000e+00
      vertex -5.423900e+01 -3.549170e+01 0.000000e+00
      vertex -5.411610e+01 -3.538390e+01 -4.000000e+00
    endloop
  endfacet
  facet normal -7.517768e-01 6.594177e-01 0.000000e+00
    outer loop
      vertex -5.411610e+01 -3.538390e+01 -4.000000e+00
      vertex -5.400830e+01 -3.526100e+01 0.000000e+00
      vertex -5.400830e+01 -3.526100e+01 -4.000000e+00
    endloop
  endfacet
  facet normal 6.594177e-01 7.517768e-01 -0.000000e+00
    outer loop
      vertex -5.576100e+01 -3.549170e+01 -4.000000e+00
      vertex -5.588390e+01 -3.538390e+01 0.000000e+00
      vertex -5.576100e+01 -3.549170e+01 0.000000e+00
    endloop
  endfacet
  facet normal 7.517768e-01 6.594177e-01 -0.000000e+00
    outer loop
      vertex -5.599170e+01 -3.526100e+01 -4.000000e+00
      vertex -5.599170e+01 -3.526100e+01 0.000000e+00
      vertex -5.588390e+01 -3.538390e+01 0.000000e+00
    endloop
  endfacet
  facet normal 4.428032e-01 8.966188e-01 -0.000000e+00
    outer loop
      vertex -5.547840e+01 -3.565490e+01 -4.000000e+00
      vertex -5.562500e+01 -3.558250e+01 0.000000e+00
      vertex -5.547840e+01 -3.565490e+01 0.000000e+00
    endloop
  endfacet
  facet normal 1.951645e-01 9.807705e-01 -0.000000e+00
    outer loop
      vertex -5.516320e+01 -3.573930e+01 -4.000000e+00
      vertex -5.532350e+01 -3.570740e+01 0.000000e+00
      vertex -5.516320e+01 -3.573930e+01 0.000000e+00
    endloop
  endfacet
  facet normal 3.210028e-01 9.470783e-01 -0.000000e+00
    outer loop
      vertex -5.532350e+01 -3.570740e+01 -4.000000e+00
      vertex -5.547840e+01 -3.565490e+01 0.000000e+00
      vertex -5.532350e+01 -3.570740e+01 0.000000e+00
    endloop
  endfacet
  facet normal 6.542449e-02 9.978575e-01 -0.000000e+00
    outer loop
      vertex -5.500000e+01 -3.575000e+01 -4.000000e+00
      vertex -5.516320e+01 -3.573930e+01 0.000000e+00
      vertex -5.500000e+01 -3.575000e+01 0.000000e+00
    endloop
  endfacet
  facet normal -6.542449e-02 9.978575e-01 0.000000e+00
    outer loop
      vertex -5.483680e+01 -3.573930e+01 -4.000000e+00
      vertex -5.500000e+01 -3.575000e+01 0.000000e+00
      vertex -5.483680e+01 -3.573930e+01 0.000000e+00
    endloop
  endfacet
  facet normal -1.951645e-01 9.807705e-01 0.000000e+00
    outer loop
      vertex -5.467650e+01 -3.570740e+01 -4.000000e+00
      vertex -5.483680e+01 -3.573930e+01 0.000000e+00
      vertex -5.467650e+01 -3.570740e+01 0.000000e+00
    endloop
  endfacet
  facet normal -3.210028e-01 9.470783e-01 0.000000e+00
    outer loop
      vertex -5.452160e+01 -3.565490e+01 -4.000000e+00
      vertex -5.467650e+01 -3.570740e+01 0.000000e+00
      vertex -5.452160e+01 -3.565490e+01 0.000000e+00
    endloop
  endfacet
  facet normal 5.552653e-01 8.316733e-01 -0.000000e+00
    outer loop
      vertex -5.562500e+01 -3.558250e+01 -4.000000e+00
      vertex -5.576100e+01 -3.549170e+01 0.000000e+00
      vertex -5.562500e+01 -3.558250e+01 0.000000e+00
    endloop
  endfacet
  facet normal -4.428032e-01 8.966188e-01 0.000000e+00
    outer loop
      vertex -5.437500e+01 -3.558250e+01 -4.000000e+00
      vertex -5.452160e+01 -3.565490e+01 0.000000e+00
      vertex -5.437500e+01 -3.558250e+01 0.000000e+00
    endloop
  endfacet
  facet normal -5.552653e-01 8.316733e-01 0.000000e+00
    outer loop
      vertex -5.423900e+01 -3.549170e+01 -4.000000e+00
      vertex -5.437500e+01 -3.558250e+01 0.000000e+00
      vertex -5.423900e+01 -3.549170e+01 0.000000e+00
    endloop
  endfacet
  facet normal -6.594177e-01 7.517768e-01 0.000000e+00
    outer loop
      vertex -5.411610e+01 -3.538390e+01 -4.000000e+00
      vertex -5.423900e+01 -3.549170e+01 0.000000e+00
      vertex -5.411610e+01 -3.538390e+01 0.000000e+00
    endloop
  endfacet
  facet normal -7.517768e-01 6.594177e-01 0.000000e+00
    outer loop
      vertex -5.411610e+01 -3.538390e+01 -4.000000e+00
      vertex -5.411610e+01 -3.538390e+01 0.000000e+00
      vertex -5.400830e+01 -3.526100e+01 0.000000e+00
    endloop
  endfacet
  facet normal 0.000000e+00 0.000000e+00 1.000000e+00
    outer loop
      vertex -5.483680e+01 -3.573930e+01 0.000000e+00
      vertex -3.091314e+01 -3.569003e+01 0.000000e+00
      vertex -5.467650e+01 -3.570740e+01 0.000000e+00
    endloop
  endfacet
  facet normal 0.000000e+00 0.000000e+00 1.000000e+00
    outer loop
      vertex -5.500000e+01 -3.575000e+01 0.000000e+00
      vertex -3.091314e+01 -3.569003e+01 0.000000e+00
      vertex -5.483680e+01 -3.573930e+01 0.000000e+00
    endloop
  endfacet
  facet normal 0.000000e+00 0.000000e+00 1.000000e+00
    outer loop
      vertex -5.467650e+01 -3.570740e+01 0.000000e+00
      vertex -3.091314e+01 -3.569003e+01 0.000000e+00
      vertex -5.452160e+01 -3.565490e+01 0.000000e+00
    endloop
  endfacet
  facet normal 0.000000e+00 0.000000e+00 1.000000e+00
    outer loop
      vertex -5.452160e+01 -3.565490e+01 0.000000e+00
      vertex -3.106066e+01 -3.556066e+01 0.000000e+00
      vertex -5.437500e+01 -3.558250e+01 0.000000e+00
    endloop
  endfacet
  facet normal 0.000000e+00 0.000000e+00 1.000000e+00
    outer loop
      vertex -5.437500e+01 -3.558250e+01 0.000000e+00
      vertex -3.106066e+01 -3.556066e+01 0.000000e+00
      vertex -5.423900e+01 -3.549170e+01 0.000000e+00
    endloop
  endfacet
  facet normal 0.000000e+00 0.000000e+00 1.000000e+00
    outer loop
      vertex -5.423900e+01 -3.549170e+01 0.000000e+00
      vertex -3.119003e+01 -3.541314e+01 0.000000e+00
      vertex -5.411610e+01 -3.538390e+01 0.000000e+00
    endloop
  endfacet
  facet normal 0.000000e+00 0.000000e+00 1.000000e+00
    outer loop
      vertex -5.411610e+01 -3.538390e+01 0.000000e+00
      vertex -3.129904e+01 -3.525000e+01 0.000000e+00
      vertex -5.400830e+01 -3.526100e+01 0.000000e+00
    endloop
  endfacet
  facet normal 0.000000e+00 0.000000e+00 1.000000e+00
    outer loop
      vertex -5.500000e+01 -3.575000e+01 0.000000e+00
      vertex -3.057402e+01 -3.588582e+01 0.000000e+00
      vertex -3.075000e+01 -3.579904e+01 0.000000e+00
    endloop
  endfacet
  facet normal -0.000000e+00 0.000000e+00 1.000000e+00
    outer loop
      vertex -5.500000e+01 -3.575000e+01 0.000000e+00
      vertex -3.075000e+01 -3.579904e+01 0.000000e+00
      vertex -3.091314e+01 -3.569003e+01 0.000000e+00
    endloop
  endfacet
  facet normal -0.000000e+00 0.000000e+00 1.000000e+00
    outer loop
      vertex -5.452160e+01 -3.565490e+01 0.000000e+00
      vertex -3.091314e+01 -3.569003e+01 0.000000e+00
      vertex -3.106066e+01 -3.556066e+01 0.000000e+00
    endloop
  endfacet
  facet normal -0.000000e+00 0.000000e+00 1.000000e+00
    outer loop
      vertex -5.423900e+01 -3.549170e+01 0.000000e+00
      vertex -3.106066e+01 -3.556066e+01 0.000000e+00
      vertex -3.119003e+01 -3.541314e+01 0.000000e+00
    endloop
  endfacet
  facet normal -0.000000e+00 0.000000e+00 1.000000e+00
    outer loop
      vertex -5.411610e+01 -3.538390e+01 0.000000e+00
      vertex -3.119003e+01 -3.541314e+01 0.000000e+00
      vertex -3.129904e+01 -3.525000e+01 0.000000e+00
    endloop
  endfacet
  facet normal 0.000000e+00 0.000000e+00 -1.000000e+00
    outer loop
      vertex -1.000060e+02 -3.530230e+01 -4.000000e+00
      vertex -5.620740e+01 -3.482350e+01 -4.000000e+00
      vertex -5.615490e+01 -3.497840e+01 -4.000000e+00
    endloop
  endfacet
  facet normal 0.000000e+00 0.000000e+00 -1.000000e+00
    outer loop
      vertex -9.992650e+01 -3.490460e+01 -4.000000e+00
      vertex -5.623930e+01 -3.466320e+01 -4.000000e+00
      vertex -5.620740e+01 -3.482350e+01 -4.000000e+00
    endloop
  endfacet
  facet normal 0.000000e+00 0.000000e+00 -1.000000e+00
    outer loop
      vertex -9.990000e+01 -3.450000e+01 -4.000000e+00
      vertex -5.625000e+01 -3.450000e+01 -4.000000e+00
      vertex -5.623930e+01 -3.466320e+01 -4.000000e+00
    endloop
  endfacet
  facet normal 0.000000e+00 0.000000e+00 -1.000000e+00
    outer loop
      vertex -9.990000e+01 -3.450000e+01 -4.000000e+00
      vertex -5.623930e+01 -3.433680e+01 -4.000000e+00
      vertex -5.625000e+01 -3.450000e+01 -4.000000e+00
    endloop
  endfacet
  facet normal 0.000000e+00 0.000000e+00 -1.000000e+00
    outer loop
      vertex -9.992650e+01 -3.409540e+01 -4.000000e+00
      vertex -5.620740e+01 -3.417650e+01 -4.000000e+00
      vertex -5.623930e+01 -3.433680e+01 -4.000000e+00
    endloop
  endfacet
  facet normal 0.000000e+00 0.000000e+00 -1.000000e+00
    outer loop
      vertex -1.000060e+02 -3.369770e+01 -4.000000e+00
      vertex -5.615490e+01 -3.402160e+01 -4.000000e+00
      vertex -5.620740e+01 -3.417650e+01 -4.000000e+00
    endloop
  endfacet
  facet normal 0.000000e+00 0.000000e+00 -1.000000e+00
    outer loop
      vertex -1.001360e+02 -3.331370e+01 -4.000000e+00
      vertex -5.608250e+01 -3.387500e+01 -4.000000e+00
      vertex -5.615490e+01 -3.402160e+01 -4.000000e+00
    endloop
  endfacet
  facet normal 0.000000e+00 0.000000e+00 -1.000000e+00
    outer loop
      vertex -1.003150e+02 -3.295000e+01 -4.000000e+00
      vertex -5.599170e+01 -3.373900e+01 -4.000000e+00
      vertex -5.608250e+01 -3.387500e+01 -4.000000e+00
    endloop
  endfacet
  facet normal 0.000000e+00 0.000000e+00 -1.000000e+00
    outer loop
      vertex -1.005410e+02 -3.261280e+01 -4.000000e+00
      vertex -5.588390e+01 -3.361610e+01 -4.000000e+00
      vertex -5.599170e+01 -3.373900e+01 -4.000000e+00
    endloop
  endfacet
  facet normal 0.000000e+00 0.000000e+00 -1.000000e+00
    outer loop
      vertex -1.008080e+02 -3.230800e+01 -4.000000e+00
      vertex -5.576100e+01 -3.350830e+01 -4.000000e+00
      vertex -5.588390e+01 -3.361610e+01 -4.000000e+00
    endloop
  endfacet
  facet normal 0.000000e+00 0.000000e+00 1.000000e+00
    outer loop
      vertex -1.000060e+02 -3.530230e+01 0.000000e+00
      vertex -5.615490e+01 -3.497840e+01 0.000000e+00
      vertex -5.620740e+01 -3.482350e+01 0.000000e+00
    endloop
  endfacet
  facet normal 0.000000e+00 0.000000e+00 1.000000e+00
    outer loop
      vertex -9.992650e+01 -3.490460e+01 0.000000e+00
      vertex -5.620740e+01 -3.482350e+01 0.000000e+00
      vertex -5.623930e+01 -3.466320e+01 0.000000e+00
    endloop
  endfacet
  facet normal -0.000000e+00 0.000000e+00 1.000000e+00
    outer loop
      vertex -9.990000e+01 -3.450000e+01 0.000000e+00
      vertex -5.623930e+01 -3.466320e+01 0.000000e+00
      vertex -5.625000e+01 -3.450000e+01 0.000000e+00
    endloop
  endfacet
  facet normal 0.000000e+00 0.000000e+00 1.000000e+00
    outer loop
      vertex -9.990000e+01 -3.450000e+01 0.000000e+00
      vertex -5.625000e+01 -3.450000e+01 0.000000e+00
      vertex -5.623930e+01 -3.433680e+01 0.000000e+00
    endloop
  endfacet
  facet normal 0.000000e+00 0.000000e+00 1.000000e+00
    outer loop
      vertex -9.990000e+01 -3.450000e+01 0.000000e+00
      vertex -5.623930e+01 -3.433680e+01 0.000000e+00
      vertex -5.620740e+01 -3.417650e+01 0.000000e+00
    endloop
  endfacet
  facet normal 0.000000e+00 0.000000e+00 1.000000e+00
    outer loop
      vertex -9.990000e+01 -3.450000e+01 0.000000e+00
      vertex -5.620740e+01 -3.417650e+01 0.000000e+00
      vertex -5.615490e+01 -3.402160e+01 0.000000e+00
    endloop
  endfacet
  facet normal 0.000000e+00 0.000000e+00 1.000000e+00
    outer loop
      vertex -9.990000e+01 -3.450000e+01 0.000000e+00
      vertex -5.615490e+01 -3.402160e+01 0.000000e+00
      vertex -5.608250e+01 -3.387500e+01 0.000000e+00
    endloop
  endfacet
  facet normal 0.000000e+00 0.000000e+00 1.000000e+00
    outer loop
      vertex -9.990000e+01 -3.450000e+01 0.000000e+00
      vertex -5.608250e+01 -3.387500e+01 0.000000e+00
      vertex -5.599170e+01 -3.373900e+01 0.000000e+00
    endloop
  endfacet
  facet normal 0.000000e+00 0.000000e+00 1.000000e+00
    outer loop
      vertex -9.990000e+01 -3.450000e+01 0.000000e+00
      vertex -5.599170e+01 -3.373900e+01 0.000000e+00
      vertex -5.588390e+01 -3.361610e+01 0.000000e+00
    endloop
  endfacet
  facet normal 0.000000e+00 0.000000e+00 1.000000e+00
    outer loop
      vertex -9.990000e+01 -3.450000e+01 0.000000e+00
      vertex -5.588390e+01 -3.361610e+01 0.000000e+00
      vertex -5.576100e+01 -3.350830e+01 0.000000e+00
    endloop
  endfacet
  facet normal 0.000000e+00 0.000000e+00 -1.000000e+00
    outer loop
      vertex -5.391750e+01 -3.512500e+01 -4.000000e+00
      vertex -5.384510e+01 -3.497840e+01 -4.000000e+00
      vertex -3.129904e+01 -3.525000e+01 -4.000000e+00
    endloop
  endfacet
  facet normal 0.000000e+00 0.000000e+00 -1.000000e+00
    outer loop
      vertex -5.384510e+01 -3.497840e+01 -4.000000e+00
      vertex -5.379260e+01 -3.482350e+01 -4.000000e+00
      vertex -3.138582e+01 -3.507402e+01 -4.000000e+00
    endloop
  endfacet
  facet normal 0.000000e+00 0.000000e+00 -1.000000e+00
    outer loop
      vertex -5.379260e+01 -3.482350e+01 -4.000000e+00
      vertex -5.376070e+01 -3.466320e+01 -4.000000e+00
      vertex -3.144889e+01 -3.488823e+01 -4.000000e+00
    endloop
  endfacet
  facet normal 0.000000e+00 0.000000e+00 -1.000000e+00
    outer loop
      vertex -5.376070e+01 -3.466320e+01 -4.000000e+00
      vertex -5.375000e+01 -3.450000e+01 -4.000000e+00
      vertex -3.148717e+01 -3.469579e+01 -4.000000e+00
    endloop
  endfacet
  facet normal 0.000000e+00 0.000000e+00 -1.000000e+00
    outer loop
      vertex -5.375000e+01 -3.450000e+01 -4.000000e+00
      vertex -5.376070e+01 -3.433680e+01 -4.000000e+00
      vertex -3.150000e+01 -3.450000e+01 -4.000000e+00
    endloop
  endfacet
  facet normal 0.000000e+00 0.000000e+00 -1.000000e+00
    outer loop
      vertex -5.376070e+01 -3.433680e+01 -4.000000e+00
      vertex -5.379260e+01 -3.417650e+01 -4.000000e+00
      vertex -3.148717e+01 -3.430421e+01 -4.000000e+00
    endloop
  endfacet
  facet normal 0.000000e+00 0.000000e+00 -1.000000e+00
    outer loop
      vertex -5.379260e+01 -3.417650e+01 -4.000000e+00
      vertex -5.384510e+01 -3.402160e+01 -4.000000e+00
      vertex -3.144889e+01 -3.411177e+01 -4.000000e+00
    endloop
  endfacet
  facet normal 0.000000e+00 0.000000e+00 -1.000000e+00
    outer loop
      vertex -5.391750e+01 -3.387500e+01 -4.000000e+00
      vertex -3.138582e+01 -3.392598e+01 -4.000000e+00
      vertex -5.384510e+01 -3.402160e+01 -4.000000e+00
    endloop
  endfacet
  facet normal 0.000000e+00 0.000000e+00 -1.000000e+00
    outer loop
      vertex -5.384510e+01 -3.497840e+01 -4.000000e+00
      vertex -3.138582e+01 -3.507402e+01 -4.000000e+00
      vertex -3.129904e+01 -3.525000e+01 -4.000000e+00
    endloop
  endfacet
  facet normal 0.000000e+00 0.000000e+00 -1.000000e+00
    outer loop
      vertex -5.379260e+01 -3.482350e+01 -4.000000e+00
      vertex -3.144889e+01 -3.488823e+01 -4.000000e+00
      vertex -3.138582e+01 -3.507402e+01 -4.000000e+00
    endloop
  endfacet
  facet normal 0.000000e+00 0.000000e+00 -1.000000e+00
    outer loop
      vertex -5.376070e+01 -3.466320e+01 -4.000000e+00
      vertex -3.148717e+01 -3.469579e+01 -4.000000e+00
      vertex -3.144889e+01 -3.488823e+01 -4.000000e+00
    endloop
  endfacet
  facet normal 0.000000e+00 0.000000e+00 -1.000000e+00
    outer loop
      vertex -5.375000e+01 -3.450000e+01 -4.000000e+00
      vertex -3.150000e+01 -3.450000e+01 -4.000000e+00
      vertex -3.148717e+01 -3.469579e+01 -4.000000e+00
    endloop
  endfacet
  facet normal 0.000000e+00 0.000000e+00 -1.000000e+00
    outer loop
      vertex -5.376070e+01 -3.433680e+01 -4.000000e+00
      vertex -3.148717e+01 -3.430421e+01 -4.000000e+00
      vertex -3.150000e+01 -3.450000e+01 -4.000000e+00
    endloop
  endfacet
  facet normal 0.000000e+00 0.000000e+00 -1.000000e+00
    outer loop
      vertex -5.379260e+01 -3.417650e+01 -4.000000e+00
      vertex -3.144889e+01 -3.411177e+01 -4.000000e+00
      vertex -3.148717e+01 -3.430421e+01 -4.000000e+00
    endloop
  endfacet
  facet normal 0.000000e+00 0.000000e+00 -1.000000e+00
    outer loop
      vertex -5.384510e+01 -3.402160e+01 -4.000000e+00
      vertex -3.138582e+01 -3.392598e+01 -4.000000e+00
      vertex -3.144889e+01 -3.411177e+01 -4.000000e+00
    endloop
  endfacet
  facet normal 0.000000e+00 0.000000e+00 -1.000000e+00
    outer loop
      vertex -5.391750e+01 -3.387500e+01 -4.000000e+00
      vertex -3.129904e+01 -3.375000e+01 -4.000000e+00
      vertex -3.138582e+01 -3.392598e+01 -4.000000e+00
    endloop
  endfacet
  facet normal 0.000000e+00 0.000000e+00 -1.000000e+00
    outer loop
      vertex -5.391750e+01 -3.387500e+01 -4.000000e+00
      vertex -3.119003e+01 -3.358686e+01 -4.000000e+00
      vertex -3.129904e+01 -3.375000e+01 -4.000000e+00
    endloop
  endfacet
  facet normal 8.316733e-01 5.552653e-01 -0.000000e+00
    outer loop
      vertex -5.599170e+01 -3.526100e+01 -4.000000e+00
      vertex -5.608250e+01 -3.512500e+01 -4.000000e+00
      vertex -5.599170e+01 -3.526100e+01 0.000000e+00
    endloop
  endfacet
  facet normal 8.966188e-01 4.428032e-01 -0.000000e+00
    outer loop
      vertex -5.608250e+01 -3.512500e+01 -4.000000e+00
      vertex -5.615490e+01 -3.497840e+01 -4.000000e+00
      vertex -5.608250e+01 -3.512500e+01 0.000000e+00
    endloop
  endfacet
  facet normal 9.470783e-01 3.210028e-01 -0.000000e+00
    outer loop
      vertex -5.615490e+01 -3.497840e+01 -4.000000e+00
      vertex -5.620740e+01 -3.482350e+01 -4.000000e+00
      vertex -5.615490e+01 -3.497840e+01 0.000000e+00
    endloop
  endfacet
  facet normal 9.807705e-01 1.951645e-01 -0.000000e+00
    outer loop
      vertex -5.620740e+01 -3.482350e+01 -4.000000e+00
      vertex -5.623930e+01 -3.466320e+01 -4.000000e+00
      vertex -5.620740e+01 -3.482350e+01 0.000000e+00
    endloop
  endfacet
  facet normal 9.978575e-01 6.542449e-02 -0.000000e+00
    outer loop
      vertex -5.623930e+01 -3.466320e+01 -4.000000e+00
      vertex -5.625000e+01 -3.450000e+01 -4.000000e+00
      vertex -5.623930e+01 -3.466320e+01 0.000000e+00
    endloop
  endfacet
  facet normal 9.978575e-01 -6.542449e-02 0.000000e+00
    outer loop
      vertex -5.625000e+01 -3.450000e+01 -4.000000e+00
      vertex -5.623930e+01 -3.433680e+01 -4.000000e+00
      vertex -5.625000e+01 -3.450000e+01 0.000000e+00
    endloop
  endfacet
  facet normal 9.807705e-01 -1.951645e-01 0.000000e+00
    outer loop
      vertex -5.623930e+01 -3.433680e+01 -4.000000e+00
      vertex -5.620740e+01 -3.417650e+01 -4.000000e+00
      vertex -5.623930e+01 -3.433680e+01 0.000000e+00
    endloop
  endfacet
  facet normal 9.470783e-01 -3.210028e-01 0.000000e+00
    outer loop
      vertex -5.620740e+01 -3.417650e+01 -4.000000e+00
      vertex -5.615490e+01 -3.402160e+01 -4.000000e+00
      vertex -5.620740e+01 -3.417650e+01 0.000000e+00
    endloop
  endfacet
  facet normal 8.966188e-01 -4.428032e-01 0.000000e+00
    outer loop
      vertex -5.615490e+01 -3.402160e+01 -4.000000e+00
      vertex -5.608250e+01 -3.387500e+01 -4.000000e+00
      vertex -5.615490e+01 -3.402160e+01 0.000000e+00
    endloop
  endfacet
  facet normal 8.316733e-01 -5.552653e-01 0.000000e+00
    outer loop
      vertex -5.608250e+01 -3.387500e+01 -4.000000e+00
      vertex -5.599170e+01 -3.373900e+01 -4.000000e+00
      vertex -5.608250e+01 -3.387500e+01 0.000000e+00
    endloop
  endfacet
  facet normal -8.316733e-01 5.552653e-01 0.000000e+00
    outer loop
      vertex -5.400830e+01 -3.526100e+01 -4.000000e+00
      vertex -5.391750e+01 -3.512500e+01 0.000000e+00
      vertex -5.391750e+01 -3.512500e+01 -4.000000e+00
    endloop
  endfacet
  facet normal -8.966188e-01 4.428032e-01 0.000000e+00
    outer loop
      vertex -5.391750e+01 -3.512500e+01 -4.000000e+00
      vertex -5.384510e+01 -3.497840e+01 0.000000e+00
      vertex -5.384510e+01 -3.497840e+01 -4.000000e+00
    endloop
  endfacet
  facet normal -9.470783e-01 3.210028e-01 0.000000e+00
    outer loop
      vertex -5.384510e+01 -3.497840e+01 -4.000000e+00
      vertex -5.379260e+01 -3.482350e+01 0.000000e+00
      vertex -5.379260e+01 -3.482350e+01 -4.000000e+00
    endloop
  endfacet
  facet normal -9.807705e-01 1.951645e-01 0.000000e+00
    outer loop
      vertex -5.379260e+01 -3.482350e+01 -4.000000e+00
      vertex -5.376070e+01 -3.466320e+01 0.000000e+00
      vertex -5.376070e+01 -3.466320e+01 -4.000000e+00
    endloop
  endfacet
  facet normal -9.978575e-01 6.542449e-02 0.000000e+00
    outer loop
      vertex -5.376070e+01 -3.466320e+01 -4.000000e+00
      vertex -5.375000e+01 -3.450000e+01 0.000000e+00
      vertex -5.375000e+01 -3.450000e+01 -4.000000e+00
    endloop
  endfacet
  facet normal -9.978575e-01 -6.542449e-02 0.000000e+00
    outer loop
      vertex -5.375000e+01 -3.450000e+01 -4.000000e+00
      vertex -5.376070e+01 -3.433680e+01 0.000000e+00
      vertex -5.376070e+01 -3.433680e+01 -4.000000e+00
    endloop
  endfacet
  facet normal -9.807705e-01 -1.951645e-01 0.000000e+00
    outer loop
      vertex -5.376070e+01 -3.433680e+01 -4.000000e+00
      vertex -5.379260e+01 -3.417650e+01 0.000000e+00
      vertex -5.379260e+01 -3.417650e+01 -4.000000e+00
    endloop
  endfacet
  facet normal -8.966188e-01 -4.428032e-01 0.000000e+00
    outer loop
      vertex -5.391750e+01 -3.387500e+01 -4.000000e+00
      vertex -5.384510e+01 -3.402160e+01 -4.000000e+00
      vertex -5.391750e+01 -3.387500e+01 0.000000e+00
    endloop
  endfacet
  facet normal -8.316733e-01 -5.552653e-01 0.000000e+00
    outer loop
      vertex -5.391750e+01 -3.387500e+01 -4.000000e+00
      vertex -5.400830e+01 -3.373900e+01 0.000000e+00
      vertex -5.400830e+01 -3.373900e+01 -4.000000e+00
    endloop
  endfacet
  facet normal -9.470783e-01 -3.210028e-01 0.000000e+00
    outer loop
      vertex -5.379260e+01 -3.417650e+01 -4.000000e+00
      vertex -5.384510e+01 -3.402160e+01 0.000000e+00
      vertex -5.384510e+01 -3.402160e+01 -4.000000e+00
    endloop
  endfacet
  facet normal 7.517768e-01 -6.594177e-01 0.000000e+00
    outer loop
      vertex -5.599170e+01 -3.373900e+01 -4.000000e+00
      vertex -5.588390e+01 -3.361610e+01 -4.000000e+00
      vertex -5.599170e+01 -3.373900e+01 0.000000e+00
    endloop
  endfacet
  facet normal 6.594177e-01 -7.517768e-01 0.000000e+00
    outer loop
      vertex -5.588390e+01 -3.361610e+01 -4.000000e+00
      vertex -5.576100e+01 -3.350830e+01 -4.000000e+00
      vertex -5.576100e+01 -3.350830e+01 0.000000e+00
    endloop
  endfacet
  facet normal 5.552653e-01 -8.316733e-01 0.000000e+00
    outer loop
      vertex -5.576100e+01 -3.350830e+01 -4.000000e+00
      vertex -5.562500e+01 -3.341750e+01 -4.000000e+00
      vertex -5.562500e+01 -3.341750e+01 0.000000e+00
    endloop
  endfacet
  facet normal 4.428032e-01 -8.966188e-01 0.000000e+00
    outer loop
      vertex -5.562500e+01 -3.341750e+01 -4.000000e+00
      vertex -5.547840e+01 -3.334510e+01 -4.000000e+00
      vertex -5.547840e+01 -3.334510e+01 0.000000e+00
    endloop
  endfacet
  facet normal 3.210028e-01 -9.470783e-01 0.000000e+00
    outer loop
      vertex -5.547840e+01 -3.334510e+01 -4.000000e+00
      vertex -5.532350e+01 -3.329260e+01 -4.000000e+00
      vertex -5.532350e+01 -3.329260e+01 0.000000e+00
    endloop
  endfacet
  facet normal 1.951645e-01 -9.807705e-01 0.000000e+00
    outer loop
      vertex -5.532350e+01 -3.329260e+01 -4.000000e+00
      vertex -5.516320e+01 -3.326070e+01 -4.000000e+00
      vertex -5.516320e+01 -3.326070e+01 0.000000e+00
    endloop
  endfacet
  facet normal -6.542449e-02 -9.978575e-01 0.000000e+00
    outer loop
      vertex -5.500000e+01 -3.325000e+01 -4.000000e+00
      vertex -5.483680e+01 -3.326070e+01 -4.000000e+00
      vertex -5.483680e+01 -3.326070e+01 0.000000e+00
    endloop
  endfacet
  facet normal 6.542449e-02 -9.978575e-01 0.000000e+00
    outer loop
      vertex -5.516320e+01 -3.326070e+01 -4.000000e+00
      vertex -5.500000e+01 -3.325000e+01 -4.000000e+00
      vertex -5.500000e+01 -3.325000e+01 0.000000e+00
    endloop
  endfacet
  facet normal -3.210028e-01 -9.470783e-01 0.000000e+00
    outer loop
      vertex -5.452160e+01 -3.334510e+01 -4.000000e+00
      vertex -5.452160e+01 -3.334510e+01 0.000000e+00
      vertex -5.467650e+01 -3.329260e+01 -4.000000e+00
    endloop
  endfacet
  facet normal -1.951645e-01 -9.807705e-01 0.000000e+00
    outer loop
      vertex -5.483680e+01 -3.326070e+01 -4.000000e+00
      vertex -5.467650e+01 -3.329260e+01 -4.000000e+00
      vertex -5.467650e+01 -3.329260e+01 0.000000e+00
    endloop
  endfacet
  facet normal -7.517768e-01 -6.594177e-01 0.000000e+00
    outer loop
      vertex -5.400830e+01 -3.373900e+01 -4.000000e+00
      vertex -5.411610e+01 -3.361610e+01 0.000000e+00
      vertex -5.411610e+01 -3.361610e+01 -4.000000e+00
    endloop
  endfacet
  facet normal -5.552653e-01 -8.316733e-01 0.000000e+00
    outer loop
      vertex -5.423900e+01 -3.350830e+01 -4.000000e+00
      vertex -5.423900e+01 -3.350830e+01 0.000000e+00
      vertex -5.437500e+01 -3.341750e+01 -4.000000e+00
    endloop
  endfacet
  facet normal -6.594177e-01 -7.517768e-01 0.000000e+00
    outer loop
      vertex -5.411610e+01 -3.361610e+01 -4.000000e+00
      vertex -5.411610e+01 -3.361610e+01 0.000000e+00
      vertex -5.423900e+01 -3.350830e+01 -4.000000e+00
    endloop
  endfacet
  facet normal -4.428032e-01 -8.966188e-01 0.000000e+00
    outer loop
      vertex -5.452160e+01 -3.334510e+01 -4.000000e+00
      vertex -5.437500e+01 -3.341750e+01 -4.000000e+00
      vertex -5.437500e+01 -3.341750e+01 0.000000e+00
    endloop
  endfacet
  facet normal 8.316733e-01 5.552653e-01 0.000000e+00
    outer loop
      vertex -5.599170e+01 -3.526100e+01 0.000000e+00
      vertex -5.608250e+01 -3.512500e+01 -4.000000e+00
      vertex -5.608250e+01 -3.512500e+01 0.000000e+00
    endloop
  endfacet
  facet normal 8.966188e-01 4.428032e-01 -0.000000e+00
    outer loop
      vertex -5.615490e+01 -3.497840e+01 -4.000000e+00
      vertex -5.615490e+01 -3.497840e+01 0.000000e+00
      vertex -5.608250e+01 -3.512500e+01 0.000000e+00
    endloop
  endfacet
  facet normal 9.470783e-01 3.210028e-01 -0.000000e+00
    outer loop
      vertex -5.620740e+01 -3.482350e+01 -4.000000e+00
      vertex -5.620740e+01 -3.482350e+01 0.000000e+00
      vertex -5.615490e+01 -3.497840e+01 0.000000e+00
    endloop
  endfacet
  facet normal 9.807705e-01 1.951645e-01 -0.000000e+00
    outer loop
      vertex -5.623930e+01 -3.466320e+01 -4.000000e+00
      vertex -5.623930e+01 -3.466320e+01 0.000000e+00
      vertex -5.620740e+01 -3.482350e+01 0.000000e+00
    endloop
  endfacet
  facet normal 9.978575e-01 6.542449e-02 -0.000000e+00
    outer loop
      vertex -5.625000e+01 -3.450000e+01 -4.000000e+00
      vertex -5.625000e+01 -3.450000e+01 0.000000e+00
      vertex -5.623930e+01 -3.466320e+01 0.000000e+00
    endloop
  endfacet
  facet normal 9.978575e-01 -6.542449e-02 0.000000e+00
    outer loop
      vertex -5.623930e+01 -3.433680e+01 -4.000000e+00
      vertex -5.623930e+01 -3.433680e+01 0.000000e+00
      vertex -5.625000e+01 -3.450000e+01 0.000000e+00
    endloop
  endfacet
  facet normal 9.807705e-01 -1.951645e-01 0.000000e+00
    outer loop
      vertex -5.620740e+01 -3.417650e+01 -4.000000e+00
      vertex -5.620740e+01 -3.417650e+01 0.000000e+00
      vertex -5.623930e+01 -3.433680e+01 0.000000e+00
    endloop
  endfacet
  facet normal 9.470783e-01 -3.210028e-01 0.000000e+00
    outer loop
      vertex -5.615490e+01 -3.402160e+01 -4.000000e+00
      vertex -5.615490e+01 -3.402160e+01 0.000000e+00
      vertex -5.620740e+01 -3.417650e+01 0.000000e+00
    endloop
  endfacet
  facet normal 8.966188e-01 -4.428032e-01 0.000000e+00
    outer loop
      vertex -5.608250e+01 -3.387500e+01 -4.000000e+00
      vertex -5.608250e+01 -3.387500e+01 0.000000e+00
      vertex -5.615490e+01 -3.402160e+01 0.000000e+00
    endloop
  endfacet
  facet normal 8.316733e-01 -5.552653e-01 0.000000e+00
    outer loop
      vertex -5.599170e+01 -3.373900e+01 -4.000000e+00
      vertex -5.599170e+01 -3.373900e+01 0.000000e+00
      vertex -5.608250e+01 -3.387500e+01 0.000000e+00
    endloop
  endfacet
  facet normal -8.316733e-01 5.552653e-01 0.000000e+00
    outer loop
      vertex -5.400830e+01 -3.526100e+01 -4.000000e+00
      vertex -5.400830e+01 -3.526100e+01 0.000000e+00
      vertex -5.391750e+01 -3.512500e+01 0.000000e+00
    endloop
  endfacet
  facet normal -8.966188e-01 4.428032e-01 0.000000e+00
    outer loop
      vertex -5.391750e+01 -3.512500e+01 -4.000000e+00
      vertex -5.391750e+01 -3.512500e+01 0.000000e+00
      vertex -5.384510e+01 -3.497840e+01 0.000000e+00
    endloop
  endfacet
  facet normal -9.470783e-01 3.210028e-01 0.000000e+00
    outer loop
      vertex -5.384510e+01 -3.497840e+01 -4.000000e+00
      vertex -5.384510e+01 -3.497840e+01 0.000000e+00
      vertex -5.379260e+01 -3.482350e+01 0.000000e+00
    endloop
  endfacet
  facet normal -9.807705e-01 1.951645e-01 0.000000e+00
    outer loop
      vertex -5.379260e+01 -3.482350e+01 -4.000000e+00
      vertex -5.379260e+01 -3.482350e+01 0.000000e+00
      vertex -5.376070e+01 -3.466320e+01 0.000000e+00
    endloop
  endfacet
  facet normal -9.978575e-01 6.542449e-02 0.000000e+00
    outer loop
      vertex -5.376070e+01 -3.466320e+01 -4.000000e+00
      vertex -5.376070e+01 -3.466320e+01 0.000000e+00
      vertex -5.375000e+01 -3.450000e+01 0.000000e+00
    endloop
  endfacet
  facet normal -9.978575e-01 -6.542449e-02 0.000000e+00
    outer loop
      vertex -5.375000e+01 -3.450000e+01 -4.000000e+00
      vertex -5.375000e+01 -3.450000e+01 0.000000e+00
      vertex -5.376070e+01 -3.433680e+01 0.000000e+00
    endloop
  endfacet
  facet normal -9.807705e-01 -1.951645e-01 0.000000e+00
    outer loop
      vertex -5.376070e+01 -3.433680e+01 -4.000000e+00
      vertex -5.376070e+01 -3.433680e+01 0.000000e+00
      vertex -5.379260e+01 -3.417650e+01 0.000000e+00
    endloop
  endfacet
  facet normal -8.316733e-01 -5.552653e-01 0.000000e+00
    outer loop
      vertex -5.391750e+01 -3.387500e+01 -4.000000e+00
      vertex -5.391750e+01 -3.387500e+01 0.000000e+00
      vertex -5.400830e+01 -3.373900e+01 0.000000e+00
    endloop
  endfacet
  facet normal -9.470783e-01 -3.210028e-01 0.000000e+00
    outer loop
      vertex -5.379260e+01 -3.417650e+01 -4.000000e+00
      vertex -5.379260e+01 -3.417650e+01 0.000000e+00
      vertex -5.384510e+01 -3.402160e+01 0.000000e+00
    endloop
  endfacet
  facet normal -8.966188e-01 -4.428032e-01 0.000000e+00
    outer loop
      vertex -5.384510e+01 -3.402160e+01 -4.000000e+00
      vertex -5.384510e+01 -3.402160e+01 0.000000e+00
      vertex -5.391750e+01 -3.387500e+01 0.000000e+00
    endloop
  endfacet
  facet normal 7.517768e-01 -6.594177e-01 0.000000e+00
    outer loop
      vertex -5.588390e+01 -3.361610e+01 -4.000000e+00
      vertex -5.588390e+01 -3.361610e+01 0.000000e+00
      vertex -5.599170e+01 -3.373900e+01 0.000000e+00
    endloop
  endfacet
  facet normal 6.594177e-01 -7.517768e-01 0.000000e+00
    outer loop
      vertex -5.588390e+01 -3.361610e+01 -4.000000e+00
      vertex -5.576100e+01 -3.350830e+01 0.000000e+00
      vertex -5.588390e+01 -3.361610e+01 0.000000e+00
    endloop
  endfacet
  facet normal 5.552653e-01 -8.316733e-01 0.000000e+00
    outer loop
      vertex -5.576100e+01 -3.350830e+01 -4.000000e+00
      vertex -5.562500e+01 -3.341750e+01 0.000000e+00
      vertex -5.576100e+01 -3.350830e+01 0.000000e+00
    endloop
  endfacet
  facet normal 3.210028e-01 -9.470783e-01 0.000000e+00
    outer loop
      vertex -5.547840e+01 -3.334510e+01 -4.000000e+00
      vertex -5.532350e+01 -3.329260e+01 0.000000e+00
      vertex -5.547840e+01 -3.334510e+01 0.000000e+00
    endloop
  endfacet
  facet normal 4.428032e-01 -8.966188e-01 0.000000e+00
    outer loop
      vertex -5.562500e+01 -3.341750e+01 -4.000000e+00
      vertex -5.547840e+01 -3.334510e+01 0.000000e+00
      vertex -5.562500e+01 -3.341750e+01 0.000000e+00
    endloop
  endfacet
  facet normal 1.951645e-01 -9.807705e-01 0.000000e+00
    outer loop
      vertex -5.532350e+01 -3.329260e+01 -4.000000e+00
      vertex -5.516320e+01 -3.326070e+01 0.000000e+00
      vertex -5.532350e+01 -3.329260e+01 0.000000e+00
    endloop
  endfacet
  facet normal 6.542449e-02 -9.978575e-01 0.000000e+00
    outer loop
      vertex -5.516320e+01 -3.326070e+01 -4.000000e+00
      vertex -5.500000e+01 -3.325000e+01 0.000000e+00
      vertex -5.516320e+01 -3.326070e+01 0.000000e+00
    endloop
  endfacet
  facet normal -6.542449e-02 -9.978575e-01 0.000000e+00
    outer loop
      vertex -5.500000e+01 -3.325000e+01 -4.000000e+00
      vertex -5.483680e+01 -3.326070e+01 0.000000e+00
      vertex -5.500000e+01 -3.325000e+01 0.000000e+00
    endloop
  endfacet
  facet normal -3.210028e-01 -9.470783e-01 0.000000e+00
    outer loop
      vertex -5.467650e+01 -3.329260e+01 -4.000000e+00
      vertex -5.452160e+01 -3.334510e+01 0.000000e+00
      vertex -5.467650e+01 -3.329260e+01 0.000000e+00
    endloop
  endfacet
  facet normal -1.951645e-01 -9.807705e-01 0.000000e+00
    outer loop
      vertex -5.483680e+01 -3.326070e+01 -4.000000e+00
      vertex -5.467650e+01 -3.329260e+01 0.000000e+00
      vertex -5.483680e+01 -3.326070e+01 0.000000e+00
    endloop
  endfacet
  facet normal -7.517768e-01 -6.594177e-01 0.000000e+00
    outer loop
      vertex -5.400830e+01 -3.373900e+01 -4.000000e+00
      vertex -5.400830e+01 -3.373900e+01 0.000000e+00
      vertex -5.411610e+01 -3.361610e+01 0.000000e+00
    endloop
  endfacet
  facet normal -6.594177e-01 -7.517768e-01 0.000000e+00
    outer loop
      vertex -5.423900e+01 -3.350830e+01 -4.000000e+00
      vertex -5.411610e+01 -3.361610e+01 0.000000e+00
      vertex -5.423900e+01 -3.350830e+01 0.000000e+00
    endloop
  endfacet
  facet normal -5.552653e-01 -8.316733e-01 0.000000e+00
    outer loop
      vertex -5.437500e+01 -3.341750e+01 -4.000000e+00
      vertex -5.423900e+01 -3.350830e+01 0.000000e+00
      vertex -5.437500e+01 -3.341750e+01 0.000000e+00
    endloop
  endfacet
  facet normal -4.428032e-01 -8.966188e-01 0.000000e+00
    outer loop
      vertex -5.452160e+01 -3.334510e+01 -4.000000e+00
      vertex -5.437500e+01 -3.341750e+01 0.000000e+00
      vertex -5.452160e+01 -3.334510e+01 0.000000e+00
    endloop
  endfacet
  facet normal 0.000000e+00 0.000000e+00 1.000000e+00
    outer loop
      vertex -5.400830e+01 -3.526100e+01 0.000000e+00
      vertex -3.129904e+01 -3.525000e+01 0.000000e+00
      vertex -5.391750e+01 -3.512500e+01 0.000000e+00
    endloop
  endfacet
  facet normal 0.000000e+00 0.000000e+00 1.000000e+00
    outer loop
      vertex -5.391750e+01 -3.512500e+01 0.000000e+00
      vertex -3.138582e+01 -3.507402e+01 0.000000e+00
      vertex -5.384510e+01 -3.497840e+01 0.000000e+00
    endloop
  endfacet
  facet normal 0.000000e+00 0.000000e+00 1.000000e+00
    outer loop
      vertex -5.384510e+01 -3.497840e+01 0.000000e+00
      vertex -3.144889e+01 -3.488823e+01 0.000000e+00
      vertex -5.379260e+01 -3.482350e+01 0.000000e+00
    endloop
  endfacet
  facet normal 0.000000e+00 0.000000e+00 1.000000e+00
    outer loop
      vertex -5.379260e+01 -3.482350e+01 0.000000e+00
      vertex -3.148717e+01 -3.469579e+01 0.000000e+00
      vertex -5.376070e+01 -3.466320e+01 0.000000e+00
    endloop
  endfacet
  facet normal 0.000000e+00 0.000000e+00 1.000000e+00
    outer loop
      vertex -5.376070e+01 -3.466320e+01 0.000000e+00
      vertex -3.150000e+01 -3.450000e+01 0.000000e+00
      vertex -5.375000e+01 -3.450000e+01 0.000000e+00
    endloop
  endfacet
  facet normal 0.000000e+00 -0.000000e+00 1.000000e+00
    outer loop
      vertex -5.375000e+01 -3.450000e+01 0.000000e+00
      vertex -3.148717e+01 -3.430421e+01 0.000000e+00
      vertex -5.376070e+01 -3.433680e+01 0.000000e+00
    endloop
  endfacet
  facet normal 0.000000e+00 -0.000000e+00 1.000000e+00
    outer loop
      vertex -5.376070e+01 -3.433680e+01 0.000000e+00
      vertex -3.144889e+01 -3.411177e+01 0.000000e+00
      vertex -5.379260e+01 -3.417650e+01 0.000000e+00
    endloop
  endfacet
  facet normal 0.000000e+00 -0.000000e+00 1.000000e+00
    outer loop
      vertex -5.379260e+01 -3.417650e+01 0.000000e+00
      vertex -3.138582e+01 -3.392598e+01 0.000000e+00
      vertex -5.384510e+01 -3.402160e+01 0.000000e+00
    endloop
  endfacet
  facet normal -0.000000e+00 0.000000e+00 1.000000e+00
    outer loop
      vertex -5.391750e+01 -3.387500e+01 0.000000e+00
      vertex -5.384510e+01 -3.402160e+01 0.000000e+00
      vertex -3.129904e+01 -3.375000e+01 0.000000e+00
    endloop
  endfacet
  facet normal -0.000000e+00 0.000000e+00 1.000000e+00
    outer loop
      vertex -5.391750e+01 -3.512500e+01 0.000000e+00
      vertex -3.129904e+01 -3.525000e+01 0.000000e+00
      vertex -3.138582e+01 -3.507402e+01 0.000000e+00
    endloop
  endfacet
  facet normal -0.000000e+00 0.000000e+00 1.000000e+00
    outer loop
      vertex -5.384510e+01 -3.497840e+01 0.000000e+00
      vertex -3.138582e+01 -3.507402e+01 0.000000e+00
      vertex -3.144889e+01 -3.488823e+01 0.000000e+00
    endloop
  endfacet
  facet normal -0.000000e+00 0.000000e+00 1.000000e+00
    outer loop
      vertex -5.379260e+01 -3.482350e+01 0.000000e+00
      vertex -3.144889e+01 -3.488823e+01 0.000000e+00
      vertex -3.148717e+01 -3.469579e+01 0.000000e+00
    endloop
  endfacet
  facet normal -0.000000e+00 0.000000e+00 1.000000e+00
    outer loop
      vertex -5.376070e+01 -3.466320e+01 0.000000e+00
      vertex -3.148717e+01 -3.469579e+01 0.000000e+00
      vertex -3.150000e+01 -3.450000e+01 0.000000e+00
    endloop
  endfacet
  facet normal 0.000000e+00 0.000000e+00 1.000000e+00
    outer loop
      vertex -5.375000e+01 -3.450000e+01 0.000000e+00
      vertex -3.150000e+01 -3.450000e+01 0.000000e+00
      vertex -3.148717e+01 -3.430421e+01 0.000000e+00
    endloop
  endfacet
  facet normal 0.000000e+00 0.000000e+00 1.000000e+00
    outer loop
      vertex -5.376070e+01 -3.433680e+01 0.000000e+00
      vertex -3.148717e+01 -3.430421e+01 0.000000e+00
      vertex -3.144889e+01 -3.411177e+01 0.000000e+00
    endloop
  endfacet
  facet normal 0.000000e+00 0.000000e+00 1.000000e+00
    outer loop
      vertex -5.379260e+01 -3.417650e+01 0.000000e+00
      vertex -3.144889e+01 -3.411177e+01 0.000000e+00
      vertex -3.138582e+01 -3.392598e+01 0.000000e+00
    endloop
  endfacet
  facet normal 0.000000e+00 0.000000e+00 1.000000e+00
    outer loop
      vertex -5.384510e+01 -3.402160e+01 0.000000e+00
      vertex -3.138582e+01 -3.392598e+01 0.000000e+00
      vertex -3.129904e+01 -3.375000e+01 0.000000e+00
    endloop
  endfacet
  facet normal 0.000000e+00 0.000000e+00 -1.000000e+00
    outer loop
      vertex -5.500000e+01 -3.575000e+01 -4.000000e+00
      vertex -3.038823e+01 -3.594889e+01 -4.000000e+00
      vertex -3.019579e+01 -3.598717e+01 -4.000000e+00
    endloop
  endfacet
  facet normal 0.000000e+00 0.000000e+00 -1.000000e+00
    outer loop
      vertex -5.500000e+01 -3.575000e+01 -4.000000e+00
      vertex -3.057402e+01 -3.588582e+01 -4.000000e+00
      vertex -3.038823e+01 -3.594889e+01 -4.000000e+00
    endloop
  endfacet
  facet normal 0.000000e+00 0.000000e+00 -1.000000e+00
    outer loop
      vertex -5.500000e+01 -3.575000e+01 -4.000000e+00
      vertex -3.019579e+01 -3.598717e+01 -4.000000e+00
      vertex -3.000000e+01 -3.600000e+01 -4.000000e+00
    endloop
  endfacet
  facet normal 0.000000e+00 0.000000e+00 -1.000000e+00
    outer loop
      vertex -5.452160e+01 -3.565490e+01 -4.000000e+00
      vertex -3.091314e+01 -3.569003e+01 -4.000000e+00
      vertex -3.075000e+01 -3.579904e+01 -4.000000e+00
    endloop
  endfacet
  facet normal 0.000000e+00 0.000000e+00 -1.000000e+00
    outer loop
      vertex -5.423900e+01 -3.549170e+01 -4.000000e+00
      vertex -3.106066e+01 -3.556066e+01 -4.000000e+00
      vertex -3.091314e+01 -3.569003e+01 -4.000000e+00
    endloop
  endfacet
  facet normal 0.000000e+00 0.000000e+00 1.000000e+00
    outer loop
      vertex -5.500000e+01 -3.575000e+01 0.000000e+00
      vertex -3.019579e+01 -3.598717e+01 0.000000e+00
      vertex -3.038823e+01 -3.594889e+01 0.000000e+00
    endloop
  endfacet
  facet normal 0.000000e+00 0.000000e+00 1.000000e+00
    outer loop
      vertex -5.500000e+01 -3.575000e+01 0.000000e+00
      vertex -3.038823e+01 -3.594889e+01 0.000000e+00
      vertex -3.057402e+01 -3.588582e+01 0.000000e+00
    endloop
  endfacet
  facet normal 0.000000e+00 0.000000e+00 1.000000e+00
    outer loop
      vertex -5.500000e+01 -3.575000e+01 0.000000e+00
      vertex -3.000000e+01 -3.600000e+01 0.000000e+00
      vertex -3.019579e+01 -3.598717e+01 0.000000e+00
    endloop
  endfacet
  facet normal 0.000000e+00 0.000000e+00 1.000000e+00
    outer loop
      vertex -1.530000e+02 -4.500000e+01 0.000000e+00
      vertex 1.530000e+02 -4.500000e+01 0.000000e+00
      vertex -5.500000e+01 -3.575000e+01 0.000000e+00
    endloop
  endfacet
  facet normal 0.000000e+00 0.000000e+00 -1.000000e+00
    outer loop
      vertex -1.550000e+02 -4.300000e+01 -4.000000e+00
      vertex -5.500000e+01 -3.575000e+01 -4.000000e+00
      vertex 1.550000e+02 -4.300000e+01 -4.000000e+00
    endloop
  endfacet
  facet normal 0.000000e+00 -0.000000e+00 -1.000000e+00
    outer loop
      vertex -2.980421e+01 -3.598717e+01 -4.000000e+00
      vertex 3.000000e+01 -3.600000e+01 -4.000000e+00
      vertex -3.000000e+01 -3.600000e+01 -4.000000e+00
    endloop
  endfacet
  facet normal 0.000000e+00 -0.000000e+00 -1.000000e+00
    outer loop
      vertex -2.942598e+01 -3.588582e+01 -4.000000e+00
      vertex 2.961177e+01 -3.594889e+01 -4.000000e+00
      vertex -2.961177e+01 -3.594889e+01 -4.000000e+00
    endloop
  endfacet
  facet normal 0.000000e+00 -0.000000e+00 -1.000000e+00
    outer loop
      vertex -2.961177e+01 -3.594889e+01 -4.000000e+00
      vertex 2.980421e+01 -3.598717e+01 -4.000000e+00
      vertex -2.980421e+01 -3.598717e+01 -4.000000e+00
    endloop
  endfacet
  facet normal 0.000000e+00 -0.000000e+00 -1.000000e+00
    outer loop
      vertex -2.925000e+01 -3.579904e+01 -4.000000e+00
      vertex 2.942598e+01 -3.588582e+01 -4.000000e+00
      vertex -2.942598e+01 -3.588582e+01 -4.000000e+00
    endloop
  endfacet
  facet normal 0.000000e+00 -0.000000e+00 -1.000000e+00
    outer loop
      vertex -2.908686e+01 -3.569003e+01 -4.000000e+00
      vertex 2.925000e+01 -3.579904e+01 -4.000000e+00
      vertex -2.925000e+01 -3.579904e+01 -4.000000e+00
    endloop
  endfacet
  facet normal 0.000000e+00 -0.000000e+00 -1.000000e+00
    outer loop
      vertex -2.893934e+01 -3.556066e+01 -4.000000e+00
      vertex 2.925000e+01 -3.579904e+01 -4.000000e+00
      vertex -2.908686e+01 -3.569003e+01 -4.000000e+00
    endloop
  endfacet
  facet normal 0.000000e+00 -0.000000e+00 -1.000000e+00
    outer loop
      vertex -2.880997e+01 -3.541314e+01 -4.000000e+00
      vertex 2.908686e+01 -3.569003e+01 -4.000000e+00
      vertex -2.893934e+01 -3.556066e+01 -4.000000e+00
    endloop
  endfacet
  facet normal 0.000000e+00 -0.000000e+00 -1.000000e+00
    outer loop
      vertex -2.870096e+01 -3.525000e+01 -4.000000e+00
      vertex 2.893934e+01 -3.556066e+01 -4.000000e+00
      vertex -2.880997e+01 -3.541314e+01 -4.000000e+00
    endloop
  endfacet
  facet normal 0.000000e+00 0.000000e+00 1.000000e+00
    outer loop
      vertex -3.000000e+01 -3.600000e+01 0.000000e+00
      vertex 2.980421e+01 -3.598717e+01 0.000000e+00
      vertex -2.980421e+01 -3.598717e+01 0.000000e+00
    endloop
  endfacet
  facet normal 0.000000e+00 0.000000e+00 1.000000e+00
    outer loop
      vertex -2.961177e+01 -3.594889e+01 0.000000e+00
      vertex 2.942598e+01 -3.588582e+01 0.000000e+00
      vertex -2.942598e+01 -3.588582e+01 0.000000e+00
    endloop
  endfacet
  facet normal 0.000000e+00 0.000000e+00 1.000000e+00
    outer loop
      vertex -2.980421e+01 -3.598717e+01 0.000000e+00
      vertex 2.961177e+01 -3.594889e+01 0.000000e+00
      vertex -2.961177e+01 -3.594889e+01 0.000000e+00
    endloop
  endfacet
  facet normal 0.000000e+00 0.000000e+00 1.000000e+00
    outer loop
      vertex -2.942598e+01 -3.588582e+01 0.000000e+00
      vertex 2.925000e+01 -3.579904e+01 0.000000e+00
      vertex -2.925000e+01 -3.579904e+01 0.000000e+00
    endloop
  endfacet
  facet normal 0.000000e+00 0.000000e+00 1.000000e+00
    outer loop
      vertex -2.925000e+01 -3.579904e+01 0.000000e+00
      vertex 2.908686e+01 -3.569003e+01 0.000000e+00
      vertex -2.908686e+01 -3.569003e+01 0.000000e+00
    endloop
  endfacet
  facet normal 0.000000e+00 0.000000e+00 1.000000e+00
    outer loop
      vertex -2.908686e+01 -3.569003e+01 0.000000e+00
      vertex 2.893934e+01 -3.556066e+01 0.000000e+00
      vertex -2.893934e+01 -3.556066e+01 0.000000e+00
    endloop
  endfacet
  facet normal 0.000000e+00 0.000000e+00 1.000000e+00
    outer loop
      vertex -2.893934e+01 -3.556066e+01 0.000000e+00
      vertex 2.880997e+01 -3.541314e+01 0.000000e+00
      vertex -2.880997e+01 -3.541314e+01 0.000000e+00
    endloop
  endfacet
  facet normal 0.000000e+00 0.000000e+00 1.000000e+00
    outer loop
      vertex -2.880997e+01 -3.541314e+01 0.000000e+00
      vertex 2.870096e+01 -3.525000e+01 0.000000e+00
      vertex -2.870096e+01 -3.525000e+01 0.000000e+00
    endloop
  endfacet
  facet normal 0.000000e+00 0.000000e+00 -1.000000e+00
    outer loop
      vertex -5.391750e+01 -3.387500e+01 -4.000000e+00
      vertex -3.106066e+01 -3.343934e+01 -4.000000e+00
      vertex -3.119003e+01 -3.358686e+01 -4.000000e+00
    endloop
  endfacet
  facet normal 0.000000e+00 0.000000e+00 -1.000000e+00
    outer loop
      vertex -5.391750e+01 -3.387500e+01 -4.000000e+00
      vertex -3.091314e+01 -3.330997e+01 -4.000000e+00
      vertex -3.106066e+01 -3.343934e+01 -4.000000e+00
    endloop
  endfacet
  facet normal 0.000000e+00 0.000000e+00 -1.000000e+00
    outer loop
      vertex -2.908686e+01 -3.330997e+01 -4.000000e+00
      vertex 2.893934e+01 -3.343934e+01 -4.000000e+00
      vertex -2.893934e+01 -3.343934e+01 -4.000000e+00
    endloop
  endfacet
  facet normal 0.000000e+00 0.000000e+00 -1.000000e+00
    outer loop
      vertex -2.925000e+01 -3.320096e+01 -4.000000e+00
      vertex 2.908686e+01 -3.330997e+01 -4.000000e+00
      vertex -2.908686e+01 -3.330997e+01 -4.000000e+00
    endloop
  endfacet
  facet normal 0.000000e+00 0.000000e+00 -1.000000e+00
    outer loop
      vertex -3.000000e+01 -3.300000e+01 -4.000000e+00
      vertex 2.925000e+01 -3.320096e+01 -4.000000e+00
      vertex -2.980421e+01 -3.301283e+01 -4.000000e+00
    endloop
  endfacet
  facet normal 0.000000e+00 0.000000e+00 -1.000000e+00
    outer loop
      vertex -2.980421e+01 -3.301283e+01 -4.000000e+00
      vertex 2.925000e+01 -3.320096e+01 -4.000000e+00
      vertex -2.961177e+01 -3.305111e+01 -4.000000e+00
    endloop
  endfacet
  facet normal 0.000000e+00 0.000000e+00 -1.000000e+00
    outer loop
      vertex -2.942598e+01 -3.311418e+01 -4.000000e+00
      vertex 2.925000e+01 -3.320096e+01 -4.000000e+00
      vertex -2.925000e+01 -3.320096e+01 -4.000000e+00
    endloop
  endfacet
  facet normal 0.000000e+00 0.000000e+00 -1.000000e+00
    outer loop
      vertex -2.961177e+01 -3.305111e+01 -4.000000e+00
      vertex 2.925000e+01 -3.320096e+01 -4.000000e+00
      vertex -2.942598e+01 -3.311418e+01 -4.000000e+00
    endloop
  endfacet
  facet normal 0.000000e+00 -0.000000e+00 -1.000000e+00
    outer loop
      vertex -2.861418e+01 -3.507402e+01 -4.000000e+00
      vertex 2.880997e+01 -3.541314e+01 -4.000000e+00
      vertex -2.870096e+01 -3.525000e+01 -4.000000e+00
    endloop
  endfacet
  facet normal 0.000000e+00 -0.000000e+00 -1.000000e+00
    outer loop
      vertex -2.855111e+01 -3.488823e+01 -4.000000e+00
      vertex 2.870096e+01 -3.525000e+01 -4.000000e+00
      vertex -2.861418e+01 -3.507402e+01 -4.000000e+00
    endloop
  endfacet
  facet normal 0.000000e+00 -0.000000e+00 -1.000000e+00
    outer loop
      vertex -2.851283e+01 -3.469579e+01 -4.000000e+00
      vertex 2.861418e+01 -3.507402e+01 -4.000000e+00
      vertex -2.855111e+01 -3.488823e+01 -4.000000e+00
    endloop
  endfacet
  facet normal 0.000000e+00 -0.000000e+00 -1.000000e+00
    outer loop
      vertex -2.850000e+01 -3.450000e+01 -4.000000e+00
      vertex 2.851283e+01 -3.469579e+01 -4.000000e+00
      vertex -2.851283e+01 -3.469579e+01 -4.000000e+00
    endloop
  endfacet
  facet normal 0.000000e+00 0.000000e+00 -1.000000e+00
    outer loop
      vertex -2.850000e+01 -3.450000e+01 -4.000000e+00
      vertex -2.851283e+01 -3.430421e+01 -4.000000e+00
      vertex 2.850000e+01 -3.450000e+01 -4.000000e+00
    endloop
  endfacet
  facet normal 0.000000e+00 0.000000e+00 -1.000000e+00
    outer loop
      vertex -2.855111e+01 -3.411177e+01 -4.000000e+00
      vertex 2.851283e+01 -3.430421e+01 -4.000000e+00
      vertex -2.851283e+01 -3.430421e+01 -4.000000e+00
    endloop
  endfacet
  facet normal 0.000000e+00 0.000000e+00 -1.000000e+00
    outer loop
      vertex -2.861418e+01 -3.392598e+01 -4.000000e+00
      vertex 2.855111e+01 -3.411177e+01 -4.000000e+00
      vertex -2.855111e+01 -3.411177e+01 -4.000000e+00
    endloop
  endfacet
  facet normal 0.000000e+00 0.000000e+00 -1.000000e+00
    outer loop
      vertex -2.870096e+01 -3.375000e+01 -4.000000e+00
      vertex 2.861418e+01 -3.392598e+01 -4.000000e+00
      vertex -2.861418e+01 -3.392598e+01 -4.000000e+00
    endloop
  endfacet
  facet normal 0.000000e+00 0.000000e+00 -1.000000e+00
    outer loop
      vertex -2.880997e+01 -3.358686e+01 -4.000000e+00
      vertex 2.870096e+01 -3.375000e+01 -4.000000e+00
      vertex -2.870096e+01 -3.375000e+01 -4.000000e+00
    endloop
  endfacet
  facet normal 0.000000e+00 0.000000e+00 -1.000000e+00
    outer loop
      vertex -2.893934e+01 -3.343934e+01 -4.000000e+00
      vertex 2.880997e+01 -3.358686e+01 -4.000000e+00
      vertex -2.880997e+01 -3.358686e+01 -4.000000e+00
    endloop
  endfacet
  facet normal 0.000000e+00 -0.000000e+00 1.000000e+00
    outer loop
      vertex -2.908686e+01 -3.330997e+01 0.000000e+00
      vertex 2.925000e+01 -3.320096e+01 0.000000e+00
      vertex -2.925000e+01 -3.320096e+01 0.000000e+00
    endloop
  endfacet
  facet normal 0.000000e+00 0.000000e+00 1.000000e+00
    outer loop
      vertex -2.870096e+01 -3.525000e+01 0.000000e+00
      vertex 2.861418e+01 -3.507402e+01 0.000000e+00
      vertex -2.861418e+01 -3.507402e+01 0.000000e+00
    endloop
  endfacet
  facet normal 0.000000e+00 0.000000e+00 1.000000e+00
    outer loop
      vertex -2.861418e+01 -3.507402e+01 0.000000e+00
      vertex 2.855111e+01 -3.488823e+01 0.000000e+00
      vertex -2.855111e+01 -3.488823e+01 0.000000e+00
    endloop
  endfacet
  facet normal 0.000000e+00 0.000000e+00 1.000000e+00
    outer loop
      vertex -2.855111e+01 -3.488823e+01 0.000000e+00
      vertex 2.851283e+01 -3.469579e+01 0.000000e+00
      vertex -2.851283e+01 -3.469579e+01 0.000000e+00
    endloop
  endfacet
  facet normal 0.000000e+00 0.000000e+00 1.000000e+00
    outer loop
      vertex -2.851283e+01 -3.469579e+01 0.000000e+00
      vertex 2.850000e+01 -3.450000e+01 0.000000e+00
      vertex -2.850000e+01 -3.450000e+01 0.000000e+00
    endloop
  endfacet
  facet normal 0.000000e+00 -0.000000e+00 1.000000e+00
    outer loop
      vertex -2.850000e+01 -3.450000e+01 0.000000e+00
      vertex 2.861418e+01 -3.392598e+01 0.000000e+00
      vertex -2.851283e+01 -3.430421e+01 0.000000e+00
    endloop
  endfacet
  facet normal 0.000000e+00 -0.000000e+00 1.000000e+00
    outer loop
      vertex -2.851283e+01 -3.430421e+01 0.000000e+00
      vertex 2.861418e+01 -3.392598e+01 0.000000e+00
      vertex -2.855111e+01 -3.411177e+01 0.000000e+00
    endloop
  endfacet
  facet normal 0.000000e+00 -0.000000e+00 1.000000e+00
    outer loop
      vertex -2.855111e+01 -3.411177e+01 0.000000e+00
      vertex 2.870096e+01 -3.375000e+01 0.000000e+00
      vertex -2.861418e+01 -3.392598e+01 0.000000e+00
    endloop
  endfacet
  facet normal 0.000000e+00 -0.000000e+00 1.000000e+00
    outer loop
      vertex -2.861418e+01 -3.392598e+01 0.000000e+00
      vertex 2.870096e+01 -3.375000e+01 0.000000e+00
      vertex -2.870096e+01 -3.375000e+01 0.000000e+00
    endloop
  endfacet
  facet normal 0.000000e+00 -0.000000e+00 1.000000e+00
    outer loop
      vertex -2.870096e+01 -3.375000e+01 0.000000e+00
      vertex 2.880997e+01 -3.358686e+01 0.000000e+00
      vertex -2.880997e+01 -3.358686e+01 0.000000e+00
    endloop
  endfacet
  facet normal 0.000000e+00 -0.000000e+00 1.000000e+00
    outer loop
      vertex -2.880997e+01 -3.358686e+01 0.000000e+00
      vertex 2.893934e+01 -3.343934e+01 0.000000e+00
      vertex -2.893934e+01 -3.343934e+01 0.000000e+00
    endloop
  endfacet
  facet normal 0.000000e+00 -0.000000e+00 1.000000e+00
    outer loop
      vertex -2.893934e+01 -3.343934e+01 0.000000e+00
      vertex 2.908686e+01 -3.330997e+01 0.000000e+00
      vertex -2.908686e+01 -3.330997e+01 0.000000e+00
    endloop
  endfacet
  facet normal 0.000000e+00 0.000000e+00 -1.000000e+00
    outer loop
      vertex -5.562500e+01 -3.341750e+01 -4.000000e+00
      vertex -5.547840e+01 3.334510e+01 -4.000000e+00
      vertex -5.547840e+01 -3.334510e+01 -4.000000e+00
    endloop
  endfacet
  facet normal 0.000000e+00 0.000000e+00 -1.000000e+00
    outer loop
      vertex -5.576100e+01 -3.350830e+01 -4.000000e+00
      vertex -5.562500e+01 3.341750e+01 -4.000000e+00
      vertex -5.562500e+01 -3.341750e+01 -4.000000e+00
    endloop
  endfacet
  facet normal 0.000000e+00 0.000000e+00 -1.000000e+00
    outer loop
      vertex -5.547840e+01 -3.334510e+01 -4.000000e+00
      vertex -5.532350e+01 3.329260e+01 -4.000000e+00
      vertex -5.532350e+01 -3.329260e+01 -4.000000e+00
    endloop
  endfacet
  facet normal 0.000000e+00 0.000000e+00 -1.000000e+00
    outer loop
      vertex -5.532350e+01 -3.329260e+01 -4.000000e+00
      vertex -5.516320e+01 3.326070e+01 -4.000000e+00
      vertex -5.516320e+01 -3.326070e+01 -4.000000e+00
    endloop
  endfacet
  facet normal 0.000000e+00 0.000000e+00 -1.000000e+00
    outer loop
      vertex -5.500000e+01 -3.325000e+01 -4.000000e+00
      vertex -5.483680e+01 3.326070e+01 -4.000000e+00
      vertex -5.483680e+01 -3.326070e+01 -4.000000e+00
    endloop
  endfacet
  facet normal 0.000000e+00 0.000000e+00 -1.000000e+00
    outer loop
      vertex -5.516320e+01 -3.326070e+01 -4.000000e+00
      vertex -5.500000e+01 3.325000e+01 -4.000000e+00
      vertex -5.500000e+01 -3.325000e+01 -4.000000e+00
    endloop
  endfacet
  facet normal 0.000000e+00 0.000000e+00 -1.000000e+00
    outer loop
      vertex -5.452160e+01 -3.334510e+01 -4.000000e+00
      vertex -5.467650e+01 -3.329260e+01 -4.000000e+00
      vertex -5.452160e+01 3.334510e+01 -4.000000e+00
    endloop
  endfacet
  facet normal 0.000000e+00 0.000000e+00 -1.000000e+00
    outer loop
      vertex -5.483680e+01 -3.326070e+01 -4.000000e+00
      vertex -5.467650e+01 3.329260e+01 -4.000000e+00
      vertex -5.467650e+01 -3.329260e+01 -4.000000e+00
    endloop
  endfacet
  facet normal 0.000000e+00 0.000000e+00 -1.000000e+00
    outer loop
      vertex -5.391750e+01 -3.387500e+01 -4.000000e+00
      vertex -5.400830e+01 -3.373900e+01 -4.000000e+00
      vertex -5.391750e+01 3.387500e+01 -4.000000e+00
    endloop
  endfacet
  facet normal 0.000000e+00 0.000000e+00 -1.000000e+00
    outer loop
      vertex -5.400830e+01 -3.373900e+01 -4.000000e+00
      vertex -5.411610e+01 -3.361610e+01 -4.000000e+00
      vertex -5.400830e+01 3.373900e+01 -4.000000e+00
    endloop
  endfacet
  facet normal 0.000000e+00 0.000000e+00 -1.000000e+00
    outer loop
      vertex -5.423900e+01 -3.350830e+01 -4.000000e+00
      vertex -5.437500e+01 -3.341750e+01 -4.000000e+00
      vertex -5.423900e+01 3.350830e+01 -4.000000e+00
    endloop
  endfacet
  facet normal 0.000000e+00 0.000000e+00 -1.000000e+00
    outer loop
      vertex -5.452160e+01 -3.334510e+01 -4.000000e+00
      vertex -5.437500e+01 3.341750e+01 -4.000000e+00
      vertex -5.437500e+01 -3.341750e+01 -4.000000e+00
    endloop
  endfacet
  facet normal 0.000000e+00 0.000000e+00 -1.000000e+00
    outer loop
      vertex -5.411610e+01 -3.361610e+01 -4.000000e+00
      vertex -5.423900e+01 -3.350830e+01 -4.000000e+00
      vertex -5.411610e+01 3.361610e+01 -4.000000e+00
    endloop
  endfacet
  facet normal 0.000000e+00 0.000000e+00 1.000000e+00
    outer loop
      vertex -5.576100e+01 -3.350830e+01 0.000000e+00
      vertex -5.562500e+01 -3.341750e+01 0.000000e+00
      vertex -5.576100e+01 3.350830e+01 0.000000e+00
    endloop
  endfacet
  facet normal 0.000000e+00 0.000000e+00 1.000000e+00
    outer loop
      vertex -5.562500e+01 -3.341750e+01 0.000000e+00
      vertex -5.547840e+01 -3.334510e+01 0.000000e+00
      vertex -5.562500e+01 3.341750e+01 0.000000e+00
    endloop
  endfacet
  facet normal 0.000000e+00 0.000000e+00 1.000000e+00
    outer loop
      vertex -5.547840e+01 -3.334510e+01 0.000000e+00
      vertex -5.532350e+01 -3.329260e+01 0.000000e+00
      vertex -5.547840e+01 3.334510e+01 0.000000e+00
    endloop
  endfacet
  facet normal 0.000000e+00 0.000000e+00 1.000000e+00
    outer loop
      vertex -5.516320e+01 -3.326070e+01 0.000000e+00
      vertex -5.500000e+01 -3.325000e+01 0.000000e+00
      vertex -5.516320e+01 3.326070e+01 0.000000e+00
    endloop
  endfacet
  facet normal 0.000000e+00 0.000000e+00 1.000000e+00
    outer loop
      vertex -5.532350e+01 -3.329260e+01 0.000000e+00
      vertex -5.516320e+01 -3.326070e+01 0.000000e+00
      vertex -5.532350e+01 3.329260e+01 0.000000e+00
    endloop
  endfacet
  facet normal 0.000000e+00 0.000000e+00 1.000000e+00
    outer loop
      vertex -5.483680e+01 -3.326070e+01 0.000000e+00
      vertex -5.500000e+01 3.325000e+01 0.000000e+00
      vertex -5.500000e+01 -3.325000e+01 0.000000e+00
    endloop
  endfacet
  facet normal 0.000000e+00 0.000000e+00 1.000000e+00
    outer loop
      vertex -5.452160e+01 -3.334510e+01 0.000000e+00
      vertex -5.467650e+01 3.329260e+01 0.000000e+00
      vertex -5.467650e+01 -3.329260e+01 0.000000e+00
    endloop
  endfacet
  facet normal -0.000000e+00 0.000000e+00 1.000000e+00
    outer loop
      vertex -5.483680e+01 -3.326070e+01 0.000000e+00
      vertex -5.467650e+01 -3.329260e+01 0.000000e+00
      vertex -5.483680e+01 3.326070e+01 0.000000e+00
    endloop
  endfacet
  facet normal 0.000000e+00 0.000000e+00 1.000000e+00
    outer loop
      vertex -5.411610e+01 -3.361610e+01 0.000000e+00
      vertex -5.423900e+01 3.350830e+01 0.000000e+00
      vertex -5.423900e+01 -3.350830e+01 0.000000e+00
    endloop
  endfacet
  facet normal 0.000000e+00 0.000000e+00 1.000000e+00
    outer loop
      vertex -5.391750e+01 -3.387500e+01 0.000000e+00
      vertex -5.400830e+01 3.373900e+01 0.000000e+00
      vertex -5.400830e+01 -3.373900e+01 0.000000e+00
    endloop
  endfacet
  facet normal 0.000000e+00 0.000000e+00 1.000000e+00
    outer loop
      vertex -5.400830e+01 -3.373900e+01 0.000000e+00
      vertex -5.411610e+01 3.361610e+01 0.000000e+00
      vertex -5.411610e+01 -3.361610e+01 0.000000e+00
    endloop
  endfacet
  facet normal 0.000000e+00 0.000000e+00 1.000000e+00
    outer loop
      vertex -5.423900e+01 -3.350830e+01 0.000000e+00
      vertex -5.437500e+01 3.341750e+01 0.000000e+00
      vertex -5.437500e+01 -3.341750e+01 0.000000e+00
    endloop
  endfacet
  facet normal -0.000000e+00 0.000000e+00 1.000000e+00
    outer loop
      vertex -5.452160e+01 -3.334510e+01 0.000000e+00
      vertex -5.437500e+01 -3.341750e+01 0.000000e+00
      vertex -5.452160e+01 3.334510e+01 0.000000e+00
    endloop
  endfacet
  facet normal 0.000000e+00 0.000000e+00 1.000000e+00
    outer loop
      vertex -5.391750e+01 -3.387500e+01 0.000000e+00
      vertex -3.129904e+01 -3.375000e+01 0.000000e+00
      vertex -5.391750e+01 3.387500e+01 0.000000e+00
    endloop
  endfacet
  facet normal 0.000000e+00 0.000000e+00 1.000000e+00
    outer loop
      vertex -5.391750e+01 3.387500e+01 0.000000e+00
      vertex -3.129904e+01 -3.375000e+01 0.000000e+00
      vertex -3.119003e+01 -3.358686e+01 0.000000e+00
    endloop
  endfacet
  facet normal 0.000000e+00 0.000000e+00 1.000000e+00
    outer loop
      vertex -5.391750e+01 3.387500e+01 0.000000e+00
      vertex -3.119003e+01 -3.358686e+01 0.000000e+00
      vertex -3.106066e+01 -3.343934e+01 0.000000e+00
    endloop
  endfacet
  facet normal 0.000000e+00 0.000000e+00 1.000000e+00
    outer loop
      vertex -5.391750e+01 3.387500e+01 0.000000e+00
      vertex -3.106066e+01 -3.343934e+01 0.000000e+00
      vertex -3.091314e+01 -3.330997e+01 0.000000e+00
    endloop
  endfacet
  facet normal 0.000000e+00 0.000000e+00 1.000000e+00
    outer loop
      vertex -5.391750e+01 3.387500e+01 0.000000e+00
      vertex -3.091314e+01 -3.330997e+01 0.000000e+00
      vertex -3.075000e+01 -3.320096e+01 0.000000e+00
    endloop
  endfacet
  facet normal 0.000000e+00 0.000000e+00 1.000000e+00
    outer loop
      vertex -5.391750e+01 3.387500e+01 0.000000e+00
      vertex -3.075000e+01 -3.320096e+01 0.000000e+00
      vertex -3.057402e+01 -3.311418e+01 0.000000e+00
    endloop
  endfacet
  facet normal 0.000000e+00 0.000000e+00 1.000000e+00
    outer loop
      vertex -5.391750e+01 3.387500e+01 0.000000e+00
      vertex -3.057402e+01 -3.311418e+01 0.000000e+00
      vertex -3.038823e+01 -3.305111e+01 0.000000e+00
    endloop
  endfacet
  facet normal 0.000000e+00 0.000000e+00 1.000000e+00
    outer loop
      vertex -5.391750e+01 3.387500e+01 0.000000e+00
      vertex -3.038823e+01 -3.305111e+01 0.000000e+00
      vertex -3.019579e+01 -3.301283e+01 0.000000e+00
    endloop
  endfacet
  facet normal 0.000000e+00 0.000000e+00 1.000000e+00
    outer loop
      vertex -5.391750e+01 3.387500e+01 0.000000e+00
      vertex -3.019579e+01 -3.301283e+01 0.000000e+00
      vertex -3.000000e+01 -3.300000e+01 0.000000e+00
    endloop
  endfacet
  facet normal 0.000000e+00 0.000000e+00 1.000000e+00
    outer loop
      vertex -5.391750e+01 3.387500e+01 0.000000e+00
      vertex -3.000000e+01 -3.300000e+01 0.000000e+00
      vertex -2.980421e+01 -3.301283e+01 0.000000e+00
    endloop
  endfacet
  facet normal 0.000000e+00 0.000000e+00 1.000000e+00
    outer loop
      vertex -5.391750e+01 3.387500e+01 0.000000e+00
      vertex -2.961177e+01 -3.305111e+01 0.000000e+00
      vertex -2.942598e+01 -3.311418e+01 0.000000e+00
    endloop
  endfacet
  facet normal 0.000000e+00 0.000000e+00 1.000000e+00
    outer loop
      vertex -5.391750e+01 3.387500e+01 0.000000e+00
      vertex -2.980421e+01 -3.301283e+01 0.000000e+00
      vertex -2.961177e+01 -3.305111e+01 0.000000e+00
    endloop
  endfacet
  facet normal 0.000000e+00 0.000000e+00 1.000000e+00
    outer loop
      vertex -5.391750e+01 3.387500e+01 0.000000e+00
      vertex -2.942598e+01 -3.311418e+01 0.000000e+00
      vertex -2.925000e+01 -3.320096e+01 0.000000e+00
    endloop
  endfacet
  facet normal 0.000000e+00 0.000000e+00 -1.000000e+00
    outer loop
      vertex -5.391750e+01 -3.387500e+01 -4.000000e+00
      vertex 5.391750e+01 3.387500e+01 -4.000000e+00
      vertex -3.091314e+01 -3.330997e+01 -4.000000e+00
    endloop
  endfacet
  facet normal 0.000000e+00 0.000000e+00 -1.000000e+00
    outer loop
      vertex 5.391750e+01 3.387500e+01 -4.000000e+00
      vertex -3.075000e+01 -3.320096e+01 -4.000000e+00
      vertex -3.091314e+01 -3.330997e+01 -4.000000e+00
    endloop
  endfacet
  facet normal 0.000000e+00 0.000000e+00 -1.000000e+00
    outer loop
      vertex 5.391750e+01 3.387500e+01 -4.000000e+00
      vertex -3.057402e+01 -3.311418e+01 -4.000000e+00
      vertex -3.075000e+01 -3.320096e+01 -4.000000e+00
    endloop
  endfacet
  facet normal 0.000000e+00 0.000000e+00 -1.000000e+00
    outer loop
      vertex 5.391750e+01 3.387500e+01 -4.000000e+00
      vertex -3.038823e+01 -3.305111e+01 -4.000000e+00
      vertex -3.057402e+01 -3.311418e+01 -4.000000e+00
    endloop
  endfacet
  facet normal 0.000000e+00 0.000000e+00 -1.000000e+00
    outer loop
      vertex 5.391750e+01 3.387500e+01 -4.000000e+00
      vertex -3.019579e+01 -3.301283e+01 -4.000000e+00
      vertex -3.038823e+01 -3.305111e+01 -4.000000e+00
    endloop
  endfacet
  facet normal 0.000000e+00 0.000000e+00 -1.000000e+00
    outer loop
      vertex 5.391750e+01 3.387500e+01 -4.000000e+00
      vertex -3.000000e+01 -3.300000e+01 -4.000000e+00
      vertex -3.019579e+01 -3.301283e+01 -4.000000e+00
    endloop
  endfacet
  facet normal 0.000000e+00 0.000000e+00 1.000000e+00
    outer loop
      vertex -5.391750e+01 3.387500e+01 0.000000e+00
      vertex -2.925000e+01 -3.320096e+01 0.000000e+00
      vertex 3.000000e+01 -3.300000e+01 0.000000e+00
    endloop
  endfacet
  facet normal 0.000000e+00 0.000000e+00 -1.000000e+00
    outer loop
      vertex -1.530000e+02 -4.500000e+01 -6.000000e+01
      vertex -1.530000e+02 4.500000e+01 -6.000000e+01
      vertex -1.390000e+02 0.000000e+00 -6.000000e+01
    endloop
  endfacet
  facet normal 9.978510e-01 -6.552436e-02 0.000000e+00
    outer loop
      vertex -1.390000e+02 0.000000e+00 -6.000000e+01
      vertex -1.388800e+02 1.827370e+00 -6.000000e+01
      vertex -1.390000e+02 0.000000e+00 -5.600000e+01
    endloop
  endfacet
  facet normal 9.808121e-01 -1.949555e-01 0.000000e+00
    outer loop
      vertex -1.388800e+02 1.827370e+00 -6.000000e+01
      vertex -1.385230e+02 3.623470e+00 -6.000000e+01
      vertex -1.388800e+02 1.827370e+00 -5.600000e+01
    endloop
  endfacet
  facet normal 9.978510e-01 -6.552436e-02 0.000000e+00
    outer loop
      vertex -1.388800e+02 1.827370e+00 -6.000000e+01
      vertex -1.388800e+02 1.827370e+00 -5.600000e+01
      vertex -1.390000e+02 0.000000e+00 -5.600000e+01
    endloop
  endfacet
  facet normal 9.468733e-01 -3.216067e-01 0.000000e+00
    outer loop
      vertex -1.385230e+02 3.623470e+00 -6.000000e+01
      vertex -1.379340e+02 5.357570e+00 -6.000000e+01
      vertex -1.385230e+02 3.623470e+00 -5.600000e+01
    endloop
  endfacet
  facet normal 9.808121e-01 -1.949555e-01 0.000000e+00
    outer loop
      vertex -1.385230e+02 3.623470e+00 -6.000000e+01
      vertex -1.385230e+02 3.623470e+00 -5.600000e+01
      vertex -1.388800e+02 1.827370e+00 -5.600000e+01
    endloop
  endfacet
  facet normal 9.468733e-01 -3.216067e-01 0.000000e+00
    outer loop
      vertex -1.379340e+02 5.357570e+00 -6.000000e+01
      vertex -1.379340e+02 5.357570e+00 -5.600000e+01
      vertex -1.385230e+02 3.623470e+00 -5.600000e+01
    endloop
  endfacet
  facet normal 0.000000e+00 0.000000e+00 1.000000e+00
    outer loop
      vertex -1.550000e+02 -4.300000e+01 -5.600000e+01
      vertex -1.390000e+02 0.000000e+00 -5.600000e+01
      vertex -1.550000e+02 4.300000e+01 -5.600000e+01
    endloop
  endfacet
  facet normal 8.968606e-01 -4.423133e-01 0.000000e+00
    outer loop
      vertex -1.379340e+02 5.357570e+00 -6.000000e+01
      vertex -1.371240e+02 7.000000e+00 -6.000000e+01
      vertex -1.379340e+02 5.357570e+00 -5.600000e+01
    endloop
  endfacet
  facet normal 8.315732e-01 -5.554151e-01 0.000000e+00
    outer loop
      vertex -1.371240e+02 7.000000e+00 -6.000000e+01
      vertex -1.361070e+02 8.522660e+00 -6.000000e+01
      vertex -1.371240e+02 7.000000e+00 -5.600000e+01
    endloop
  endfacet
  facet normal 8.968606e-01 -4.423133e-01 0.000000e+00
    outer loop
      vertex -1.379340e+02 5.357570e+00 -5.600000e+01
      vertex -1.371240e+02 7.000000e+00 -6.000000e+01
      vertex -1.371240e+02 7.000000e+00 -5.600000e+01
    endloop
  endfacet
  facet normal 8.315732e-01 -5.554151e-01 0.000000e+00
    outer loop
      vertex -1.361070e+02 8.522660e+00 -6.000000e+01
      vertex -1.361070e+02 8.522660e+00 -5.600000e+01
      vertex -1.371240e+02 7.000000e+00 -5.600000e+01
    endloop
  endfacet
  facet normal 7.516923e-01 -6.595140e-01 0.000000e+00
    outer loop
      vertex -1.361070e+02 8.522660e+00 -6.000000e+01
      vertex -1.348990e+02 9.899490e+00 -6.000000e+01
      vertex -1.361070e+02 8.522660e+00 -5.600000e+01
    endloop
  endfacet
  facet normal 6.595570e-01 -7.516545e-01 0.000000e+00
    outer loop
      vertex -1.348990e+02 9.899490e+00 -6.000000e+01
      vertex -1.335230e+02 1.110690e+01 -6.000000e+01
      vertex -1.335230e+02 1.110690e+01 -5.600000e+01
    endloop
  endfacet
  facet normal 7.516923e-01 -6.595140e-01 0.000000e+00
    outer loop
      vertex -1.361070e+02 8.522660e+00 -5.600000e+01
      vertex -1.348990e+02 9.899490e+00 -6.000000e+01
      vertex -1.348990e+02 9.899490e+00 -5.600000e+01
    endloop
  endfacet
  facet normal 6.595570e-01 -7.516545e-01 0.000000e+00
    outer loop
      vertex -1.348990e+02 9.899490e+00 -6.000000e+01
      vertex -1.335230e+02 1.110690e+01 -5.600000e+01
      vertex -1.348990e+02 9.899490e+00 -5.600000e+01
    endloop
  endfacet
  facet normal 5.555201e-01 -8.315031e-01 0.000000e+00
    outer loop
      vertex -1.335230e+02 1.110690e+01 -6.000000e+01
      vertex -1.320000e+02 1.212440e+01 -5.600000e+01
      vertex -1.335230e+02 1.110690e+01 -5.600000e+01
    endloop
  endfacet
  facet normal -5.555182e-01 -8.315044e-01 0.000000e+00
    outer loop
      vertex -1.164770e+02 1.110690e+01 -6.000000e+01
      vertex -1.164770e+02 1.110690e+01 -5.600000e+01
      vertex -1.180000e+02 1.212440e+01 -6.000000e+01
    endloop
  endfacet
  facet normal -7.071068e-01 0.000000e+00 -7.071068e-01
    outer loop
      vertex -1.530000e+02 -4.500000e+01 -6.000000e+01
      vertex -1.550000e+02 4.500000e+01 -5.800000e+01
      vertex -1.530000e+02 4.500000e+01 -6.000000e+01
    endloop
  endfacet
  facet normal -1.000000e+00 0.000000e+00 0.000000e+00
    outer loop
      vertex -1.550000e+02 -4.300000e+01 -5.600000e+01
      vertex -1.550000e+02 4.300000e+01 -5.600000e+01
      vertex -1.550000e+02 4.500000e+01 -5.800000e+01
    endloop
  endfacet
  facet normal 0.000000e+00 0.000000e+00 -1.000000e+00
    outer loop
      vertex -1.390000e+02 0.000000e+00 -6.000000e+01
      vertex -1.530000e+02 4.500000e+01 -6.000000e+01
      vertex -1.388800e+02 1.827370e+00 -6.000000e+01
    endloop
  endfacet
  facet normal 0.000000e+00 0.000000e+00 -1.000000e+00
    outer loop
      vertex -1.388800e+02 1.827370e+00 -6.000000e+01
      vertex -1.530000e+02 4.500000e+01 -6.000000e+01
      vertex -1.385230e+02 3.623470e+00 -6.000000e+01
    endloop
  endfacet
  facet normal 0.000000e+00 -0.000000e+00 1.000000e+00
    outer loop
      vertex -1.390000e+02 0.000000e+00 -5.600000e+01
      vertex -1.388800e+02 1.827370e+00 -5.600000e+01
      vertex -1.550000e+02 4.300000e+01 -5.600000e+01
    endloop
  endfacet
  facet normal 0.000000e+00 -0.000000e+00 1.000000e+00
    outer loop
      vertex -1.388800e+02 1.827370e+00 -5.600000e+01
      vertex -1.385230e+02 3.623470e+00 -5.600000e+01
      vertex -1.550000e+02 4.300000e+01 -5.600000e+01
    endloop
  endfacet
  facet normal 0.000000e+00 -0.000000e+00 1.000000e+00
    outer loop
      vertex -1.385230e+02 3.623470e+00 -5.600000e+01
      vertex -1.379340e+02 5.357570e+00 -5.600000e+01
      vertex -1.550000e+02 4.300000e+01 -5.600000e+01
    endloop
  endfacet
  facet normal 0.000000e+00 0.000000e+00 -1.000000e+00
    outer loop
      vertex -1.385230e+02 3.623470e+00 -6.000000e+01
      vertex -1.530000e+02 4.500000e+01 -6.000000e+01
      vertex -1.379340e+02 5.357570e+00 -6.000000e+01
    endloop
  endfacet
  facet normal 0.000000e+00 0.000000e+00 -1.000000e+00
    outer loop
      vertex -1.379340e+02 5.357570e+00 -6.000000e+01
      vertex -1.530000e+02 4.500000e+01 -6.000000e+01
      vertex -1.371240e+02 7.000000e+00 -6.000000e+01
    endloop
  endfacet
  facet normal 0.000000e+00 0.000000e+00 -1.000000e+00
    outer loop
      vertex -1.371240e+02 7.000000e+00 -6.000000e+01
      vertex -1.530000e+02 4.500000e+01 -6.000000e+01
      vertex -1.361070e+02 8.522660e+00 -6.000000e+01
    endloop
  endfacet
  facet normal 0.000000e+00 0.000000e+00 -1.000000e+00
    outer loop
      vertex -1.361070e+02 8.522660e+00 -6.000000e+01
      vertex -1.530000e+02 4.500000e+01 -6.000000e+01
      vertex -1.348990e+02 9.899490e+00 -6.000000e+01
    endloop
  endfacet
  facet normal 0.000000e+00 0.000000e+00 -1.000000e+00
    outer loop
      vertex -1.348990e+02 9.899490e+00 -6.000000e+01
      vertex -1.530000e+02 4.500000e+01 -6.000000e+01
      vertex -1.335230e+02 1.110690e+01 -6.000000e+01
    endloop
  endfacet
  facet normal 0.000000e+00 0.000000e+00 -1.000000e+00
    outer loop
      vertex -1.335230e+02 1.110690e+01 -6.000000e+01
      vertex -1.530000e+02 4.500000e+01 -6.000000e+01
      vertex -1.320000e+02 1.212440e+01 -6.000000e+01
    endloop
  endfacet
  facet normal 0.000000e+00 0.000000e+00 -1.000000e+00
    outer loop
      vertex -1.320000e+02 1.212440e+01 -6.000000e+01
      vertex -1.530000e+02 4.500000e+01 -6.000000e+01
      vertex -1.303580e+02 1.293430e+01 -6.000000e+01
    endloop
  endfacet
  facet normal 0.000000e+00 -0.000000e+00 1.000000e+00
    outer loop
      vertex -1.379340e+02 5.357570e+00 -5.600000e+01
      vertex -1.371240e+02 7.000000e+00 -5.600000e+01
      vertex -1.550000e+02 4.300000e+01 -5.600000e+01
    endloop
  endfacet
  facet normal 0.000000e+00 -0.000000e+00 1.000000e+00
    outer loop
      vertex -1.371240e+02 7.000000e+00 -5.600000e+01
      vertex -1.361070e+02 8.522660e+00 -5.600000e+01
      vertex -1.550000e+02 4.300000e+01 -5.600000e+01
    endloop
  endfacet
  facet normal 0.000000e+00 -0.000000e+00 1.000000e+00
    outer loop
      vertex -1.361070e+02 8.522660e+00 -5.600000e+01
      vertex -1.348990e+02 9.899490e+00 -5.600000e+01
      vertex -1.550000e+02 4.300000e+01 -5.600000e+01
    endloop
  endfacet
  facet normal 0.000000e+00 -0.000000e+00 1.000000e+00
    outer loop
      vertex -1.348990e+02 9.899490e+00 -5.600000e+01
      vertex -1.335230e+02 1.110690e+01 -5.600000e+01
      vertex -1.550000e+02 4.300000e+01 -5.600000e+01
    endloop
  endfacet
  facet normal 0.000000e+00 -0.000000e+00 1.000000e+00
    outer loop
      vertex -1.335230e+02 1.110690e+01 -5.600000e+01
      vertex -1.320000e+02 1.212440e+01 -5.600000e+01
      vertex -1.550000e+02 4.300000e+01 -5.600000e+01
    endloop
  endfacet
  facet normal 0.000000e+00 -0.000000e+00 1.000000e+00
    outer loop
      vertex -1.320000e+02 1.212440e+01 -5.600000e+01
      vertex -1.303580e+02 1.293430e+01 -5.600000e+01
      vertex -1.550000e+02 4.300000e+01 -5.600000e+01
    endloop
  endfacet
  facet normal 0.000000e+00 -0.000000e+00 1.000000e+00
    outer loop
      vertex -1.303580e+02 1.293430e+01 -5.600000e+01
      vertex -1.286230e+02 1.352300e+01 -5.600000e+01
      vertex -1.550000e+02 4.300000e+01 -5.600000e+01
    endloop
  endfacet
  facet normal 0.000000e+00 -0.000000e+00 1.000000e+00
    outer loop
      vertex -1.286230e+02 1.352300e+01 -5.600000e+01
      vertex -1.268270e+02 1.388020e+01 -5.600000e+01
      vertex -1.550000e+02 4.300000e+01 -5.600000e+01
    endloop
  endfacet
  facet normal 5.555201e-01 -8.315031e-01 0.000000e+00
    outer loop
      vertex -1.335230e+02 1.110690e+01 -6.000000e+01
      vertex -1.320000e+02 1.212440e+01 -6.000000e+01
      vertex -1.320000e+02 1.212440e+01 -5.600000e+01
    endloop
  endfacet
  facet normal 4.423574e-01 -8.968389e-01 0.000000e+00
    outer loop
      vertex -1.320000e+02 1.212440e+01 -6.000000e+01
      vertex -1.303580e+02 1.293430e+01 -6.000000e+01
      vertex -1.303580e+02 1.293430e+01 -5.600000e+01
    endloop
  endfacet
  facet normal 3.213151e-01 -9.469723e-01 0.000000e+00
    outer loop
      vertex -1.303580e+02 1.293430e+01 -6.000000e+01
      vertex -1.286230e+02 1.352300e+01 -6.000000e+01
      vertex -1.286230e+02 1.352300e+01 -5.600000e+01
    endloop
  endfacet
  facet normal 1.950664e-01 -9.807900e-01 0.000000e+00
    outer loop
      vertex -1.286230e+02 1.352300e+01 -6.000000e+01
      vertex -1.268270e+02 1.388020e+01 -6.000000e+01
      vertex -1.268270e+02 1.388020e+01 -5.600000e+01
    endloop
  endfacet
  facet normal 4.423574e-01 -8.968389e-01 0.000000e+00
    outer loop
      vertex -1.320000e+02 1.212440e+01 -6.000000e+01
      vertex -1.303580e+02 1.293430e+01 -5.600000e+01
      vertex -1.320000e+02 1.212440e+01 -5.600000e+01
    endloop
  endfacet
  facet normal 3.213151e-01 -9.469723e-01 0.000000e+00
    outer loop
      vertex -1.303580e+02 1.293430e+01 -6.000000e+01
      vertex -1.286230e+02 1.352300e+01 -5.600000e+01
      vertex -1.303580e+02 1.293430e+01 -5.600000e+01
    endloop
  endfacet
  facet normal 1.950664e-01 -9.807900e-01 0.000000e+00
    outer loop
      vertex -1.286230e+02 1.352300e+01 -6.000000e+01
      vertex -1.268270e+02 1.388020e+01 -5.600000e+01
      vertex -1.286230e+02 1.352300e+01 -5.600000e+01
    endloop
  endfacet
  facet normal 6.543113e-02 -9.978571e-01 0.000000e+00
    outer loop
      vertex -1.268270e+02 1.388020e+01 -6.000000e+01
      vertex -1.250000e+02 1.400000e+01 -5.600000e+01
      vertex -1.268270e+02 1.388020e+01 -5.600000e+01
    endloop
  endfacet
  facet normal -6.543113e-02 -9.978571e-01 0.000000e+00
    outer loop
      vertex -1.250000e+02 1.400000e+01 -6.000000e+01
      vertex -1.231730e+02 1.388020e+01 -6.000000e+01
      vertex -1.231730e+02 1.388020e+01 -5.600000e+01
    endloop
  endfacet
  facet normal 6.543113e-02 -9.978571e-01 0.000000e+00
    outer loop
      vertex -1.268270e+02 1.388020e+01 -6.000000e+01
      vertex -1.250000e+02 1.400000e+01 -6.000000e+01
      vertex -1.250000e+02 1.400000e+01 -5.600000e+01
    endloop
  endfacet
  facet normal -1.950664e-01 -9.807900e-01 0.000000e+00
    outer loop
      vertex -1.231730e+02 1.388020e+01 -6.000000e+01
      vertex -1.213770e+02 1.352300e+01 -6.000000e+01
      vertex -1.213770e+02 1.352300e+01 -5.600000e+01
    endloop
  endfacet
  facet normal -3.213151e-01 -9.469723e-01 0.000000e+00
    outer loop
      vertex -1.213770e+02 1.352300e+01 -6.000000e+01
      vertex -1.196420e+02 1.293430e+01 -6.000000e+01
      vertex -1.196420e+02 1.293430e+01 -5.600000e+01
    endloop
  endfacet
  facet normal -4.423574e-01 -8.968389e-01 0.000000e+00
    outer loop
      vertex -1.196420e+02 1.293430e+01 -6.000000e+01
      vertex -1.180000e+02 1.212440e+01 -6.000000e+01
      vertex -1.180000e+02 1.212440e+01 -5.600000e+01
    endloop
  endfacet
  facet normal -6.543113e-02 -9.978571e-01 0.000000e+00
    outer loop
      vertex -1.250000e+02 1.400000e+01 -6.000000e+01
      vertex -1.231730e+02 1.388020e+01 -5.600000e+01
      vertex -1.250000e+02 1.400000e+01 -5.600000e+01
    endloop
  endfacet
  facet normal -1.950664e-01 -9.807900e-01 0.000000e+00
    outer loop
      vertex -1.231730e+02 1.388020e+01 -6.000000e+01
      vertex -1.213770e+02 1.352300e+01 -5.600000e+01
      vertex -1.231730e+02 1.388020e+01 -5.600000e+01
    endloop
  endfacet
  facet normal -4.423574e-01 -8.968389e-01 0.000000e+00
    outer loop
      vertex -1.196420e+02 1.293430e+01 -6.000000e+01
      vertex -1.180000e+02 1.212440e+01 -5.600000e+01
      vertex -1.196420e+02 1.293430e+01 -5.600000e+01
    endloop
  endfacet
  facet normal -5.555182e-01 -8.315044e-01 0.000000e+00
    outer loop
      vertex -1.164770e+02 1.110690e+01 -5.600000e+01
      vertex -1.180000e+02 1.212440e+01 -5.600000e+01
      vertex -1.180000e+02 1.212440e+01 -6.000000e+01
    endloop
  endfacet
  facet normal -3.213151e-01 -9.469723e-01 0.000000e+00
    outer loop
      vertex -1.213770e+02 1.352300e+01 -6.000000e+01
      vertex -1.196420e+02 1.293430e+01 -5.600000e+01
      vertex -1.213770e+02 1.352300e+01 -5.600000e+01
    endloop
  endfacet
  facet normal 0.000000e+00 0.000000e+00 -1.000000e+00
    outer loop
      vertex -1.164770e+02 1.110690e+01 -6.000000e+01
      vertex -1.180000e+02 1.212440e+01 -6.000000e+01
      vertex -1.530000e+02 4.500000e+01 -6.000000e+01
    endloop
  endfacet
  facet normal 0.000000e+00 0.000000e+00 -1.000000e+00
    outer loop
      vertex -1.196420e+02 1.293430e+01 -6.000000e+01
      vertex -1.530000e+02 4.500000e+01 -6.000000e+01
      vertex -1.180000e+02 1.212440e+01 -6.000000e+01
    endloop
  endfacet
  facet normal -0.000000e+00 -0.000000e+00 1.000000e+00
    outer loop
      vertex -1.196420e+02 1.293430e+01 -5.600000e+01
      vertex -1.180000e+02 1.212440e+01 -5.600000e+01
      vertex -1.550000e+02 4.300000e+01 -5.600000e+01
    endloop
  endfacet
  facet normal -0.000000e+00 -0.000000e+00 1.000000e+00
    outer loop
      vertex -1.231730e+02 1.388020e+01 -5.600000e+01
      vertex -1.213770e+02 1.352300e+01 -5.600000e+01
      vertex -1.550000e+02 4.300000e+01 -5.600000e+01
    endloop
  endfacet
  facet normal -0.000000e+00 -0.000000e+00 1.000000e+00
    outer loop
      vertex -1.213770e+02 1.352300e+01 -5.600000e+01
      vertex -1.196420e+02 1.293430e+01 -5.600000e+01
      vertex -1.550000e+02 4.300000e+01 -5.600000e+01
    endloop
  endfacet
  facet normal -9.978507e-01 -6.552850e-02 0.000000e+00
    outer loop
      vertex -1.110000e+02 0.000000e+00 -6.000000e+01
      vertex -1.111200e+02 1.827370e+00 -5.600000e+01
      vertex -1.111200e+02 1.827370e+00 -6.000000e+01
    endloop
  endfacet
  facet normal -9.978507e-01 -6.552850e-02 0.000000e+00
    outer loop
      vertex -1.110000e+02 0.000000e+00 -6.000000e+01
      vertex -1.110000e+02 0.000000e+00 -5.600000e+01
      vertex -1.111200e+02 1.827370e+00 -5.600000e+01
    endloop
  endfacet
  facet normal -9.808137e-01 -1.949475e-01 0.000000e+00
    outer loop
      vertex -1.111200e+02 1.827370e+00 -6.000000e+01
      vertex -1.111200e+02 1.827370e+00 -5.600000e+01
      vertex -1.114770e+02 3.623470e+00 -5.600000e+01
    endloop
  endfacet
  facet normal -9.468708e-01 -3.216142e-01 0.000000e+00
    outer loop
      vertex -1.114770e+02 3.623470e+00 -6.000000e+01
      vertex -1.120660e+02 5.357570e+00 -5.600000e+01
      vertex -1.120660e+02 5.357570e+00 -6.000000e+01
    endloop
  endfacet
  facet normal -9.808137e-01 -1.949475e-01 0.000000e+00
    outer loop
      vertex -1.111200e+02 1.827370e+00 -6.000000e+01
      vertex -1.114770e+02 3.623470e+00 -5.600000e+01
      vertex -1.114770e+02 3.623470e+00 -6.000000e+01
    endloop
  endfacet
  facet normal -9.468708e-01 -3.216142e-01 0.000000e+00
    outer loop
      vertex -1.114770e+02 3.623470e+00 -6.000000e+01
      vertex -1.114770e+02 3.623470e+00 -5.600000e+01
      vertex -1.120660e+02 5.357570e+00 -5.600000e+01
    endloop
  endfacet
  facet normal -8.968639e-01 -4.423066e-01 0.000000e+00
    outer loop
      vertex -1.120660e+02 5.357570e+00 -6.000000e+01
      vertex -1.128760e+02 7.000000e+00 -5.600000e+01
      vertex -1.128760e+02 7.000000e+00 -6.000000e+01
    endloop
  endfacet
  facet normal -8.315732e-01 -5.554151e-01 0.000000e+00
    outer loop
      vertex -1.128760e+02 7.000000e+00 -6.000000e+01
      vertex -1.138930e+02 8.522660e+00 -5.600000e+01
      vertex -1.138930e+02 8.522660e+00 -6.000000e+01
    endloop
  endfacet
  facet normal -8.968639e-01 -4.423066e-01 0.000000e+00
    outer loop
      vertex -1.120660e+02 5.357570e+00 -6.000000e+01
      vertex -1.120660e+02 5.357570e+00 -5.600000e+01
      vertex -1.128760e+02 7.000000e+00 -5.600000e+01
    endloop
  endfacet
  facet normal -8.315732e-01 -5.554151e-01 0.000000e+00
    outer loop
      vertex -1.128760e+02 7.000000e+00 -6.000000e+01
      vertex -1.128760e+02 7.000000e+00 -5.600000e+01
      vertex -1.138930e+02 8.522660e+00 -5.600000e+01
    endloop
  endfacet
  facet normal -7.516902e-01 -6.595163e-01 0.000000e+00
    outer loop
      vertex -1.138930e+02 8.522660e+00 -6.000000e+01
      vertex -1.151010e+02 9.899490e+00 -5.600000e+01
      vertex -1.151010e+02 9.899490e+00 -6.000000e+01
    endloop
  endfacet
  facet normal -6.595591e-01 -7.516527e-01 0.000000e+00
    outer loop
      vertex -1.164770e+02 1.110690e+01 -6.000000e+01
      vertex -1.151010e+02 9.899490e+00 -6.000000e+01
      vertex -1.151010e+02 9.899490e+00 -5.600000e+01
    endloop
  endfacet
  facet normal -7.516902e-01 -6.595163e-01 0.000000e+00
    outer loop
      vertex -1.138930e+02 8.522660e+00 -6.000000e+01
      vertex -1.138930e+02 8.522660e+00 -5.600000e+01
      vertex -1.151010e+02 9.899490e+00 -5.600000e+01
    endloop
  endfacet
  facet normal -6.595591e-01 -7.516527e-01 0.000000e+00
    outer loop
      vertex -1.164770e+02 1.110690e+01 -6.000000e+01
      vertex -1.151010e+02 9.899490e+00 -5.600000e+01
      vertex -1.164770e+02 1.110690e+01 -5.600000e+01
    endloop
  endfacet
  facet normal 0.000000e+00 0.000000e+00 -1.000000e+00
    outer loop
      vertex -1.303580e+02 1.293430e+01 -6.000000e+01
      vertex -1.530000e+02 4.500000e+01 -6.000000e+01
      vertex -1.286230e+02 1.352300e+01 -6.000000e+01
    endloop
  endfacet
  facet normal 0.000000e+00 0.000000e+00 -1.000000e+00
    outer loop
      vertex -1.286230e+02 1.352300e+01 -6.000000e+01
      vertex -1.530000e+02 4.500000e+01 -6.000000e+01
      vertex -1.268270e+02 1.388020e+01 -6.000000e+01
    endloop
  endfacet
  facet normal 0.000000e+00 0.000000e+00 -1.000000e+00
    outer loop
      vertex -1.268270e+02 1.388020e+01 -6.000000e+01
      vertex -1.530000e+02 4.500000e+01 -6.000000e+01
      vertex -1.250000e+02 1.400000e+01 -6.000000e+01
    endloop
  endfacet
  facet normal 0.000000e+00 0.000000e+00 -1.000000e+00
    outer loop
      vertex -1.250000e+02 1.400000e+01 -6.000000e+01
      vertex -1.530000e+02 4.500000e+01 -6.000000e+01
      vertex -1.231730e+02 1.388020e+01 -6.000000e+01
    endloop
  endfacet
  facet normal 0.000000e+00 0.000000e+00 -1.000000e+00
    outer loop
      vertex -1.231730e+02 1.388020e+01 -6.000000e+01
      vertex -1.530000e+02 4.500000e+01 -6.000000e+01
      vertex -1.213770e+02 1.352300e+01 -6.000000e+01
    endloop
  endfacet
  facet normal 0.000000e+00 0.000000e+00 -1.000000e+00
    outer loop
      vertex -1.213770e+02 1.352300e+01 -6.000000e+01
      vertex -1.530000e+02 4.500000e+01 -6.000000e+01
      vertex -1.196420e+02 1.293430e+01 -6.000000e+01
    endloop
  endfacet
  facet normal 0.000000e+00 -0.000000e+00 1.000000e+00
    outer loop
      vertex -1.268270e+02 1.388020e+01 -5.600000e+01
      vertex -1.250000e+02 1.400000e+01 -5.600000e+01
      vertex -1.550000e+02 4.300000e+01 -5.600000e+01
    endloop
  endfacet
  facet normal -0.000000e+00 -0.000000e+00 1.000000e+00
    outer loop
      vertex -1.250000e+02 1.400000e+01 -5.600000e+01
      vertex -1.231730e+02 1.388020e+01 -5.600000e+01
      vertex -1.550000e+02 4.300000e+01 -5.600000e+01
    endloop
  endfacet
  facet normal -5.773503e-01 5.773503e-01 -5.773503e-01
    outer loop
      vertex -1.530000e+02 4.500000e+01 -6.000000e+01
      vertex -1.550000e+02 4.500000e+01 -5.800000e+01
      vertex -1.530000e+02 4.700000e+01 -5.800000e+01
    endloop
  endfacet
  facet normal -1.000000e+00 0.000000e+00 0.000000e+00
    outer loop
      vertex -1.550000e+02 4.500000e+01 -5.800000e+01
      vertex -1.550000e+02 4.300000e+01 -5.600000e+01
      vertex -1.550000e+02 4.500000e+01 -2.000000e+00
    endloop
  endfacet
  facet normal -7.071068e-01 7.071068e-01 0.000000e+00
    outer loop
      vertex -1.550000e+02 4.500000e+01 -5.800000e+01
      vertex -1.530000e+02 4.700000e+01 -2.000000e+00
      vertex -1.530000e+02 4.700000e+01 -5.800000e+01
    endloop
  endfacet
  facet normal 0.000000e+00 0.000000e+00 -1.000000e+00
    outer loop
      vertex -1.110000e+02 0.000000e+00 -6.000000e+01
      vertex -1.111200e+02 1.827370e+00 -6.000000e+01
      vertex 1.116200e+02 1.827370e+00 -6.000000e+01
    endloop
  endfacet
  facet normal 0.000000e+00 0.000000e+00 -1.000000e+00
    outer loop
      vertex -1.111200e+02 1.827370e+00 -6.000000e+01
      vertex -1.114770e+02 3.623470e+00 -6.000000e+01
      vertex 1.119770e+02 3.623470e+00 -6.000000e+01
    endloop
  endfacet
  facet normal 0.000000e+00 0.000000e+00 -1.000000e+00
    outer loop
      vertex -1.114770e+02 3.623470e+00 -6.000000e+01
      vertex -1.120660e+02 5.357570e+00 -6.000000e+01
      vertex 1.125660e+02 5.357570e+00 -6.000000e+01
    endloop
  endfacet
  facet normal 0.000000e+00 -0.000000e+00 1.000000e+00
    outer loop
      vertex -1.110000e+02 0.000000e+00 -5.600000e+01
      vertex 1.116200e+02 1.827370e+00 -5.600000e+01
      vertex -1.111200e+02 1.827370e+00 -5.600000e+01
    endloop
  endfacet
  facet normal 0.000000e+00 -0.000000e+00 1.000000e+00
    outer loop
      vertex -1.111200e+02 1.827370e+00 -5.600000e+01
      vertex 1.119770e+02 3.623470e+00 -5.600000e+01
      vertex -1.114770e+02 3.623470e+00 -5.600000e+01
    endloop
  endfacet
  facet normal 0.000000e+00 -0.000000e+00 1.000000e+00
    outer loop
      vertex -1.114770e+02 3.623470e+00 -5.600000e+01
      vertex 1.125660e+02 5.357570e+00 -5.600000e+01
      vertex -1.120660e+02 5.357570e+00 -5.600000e+01
    endloop
  endfacet
  facet normal 0.000000e+00 0.000000e+00 -1.000000e+00
    outer loop
      vertex -1.120660e+02 5.357570e+00 -6.000000e+01
      vertex -1.128760e+02 7.000000e+00 -6.000000e+01
      vertex 1.133760e+02 7.000000e+00 -6.000000e+01
    endloop
  endfacet
  facet normal 0.000000e+00 0.000000e+00 -1.000000e+00
    outer loop
      vertex -1.128760e+02 7.000000e+00 -6.000000e+01
      vertex -1.138930e+02 8.522660e+00 -6.000000e+01
      vertex 1.143930e+02 8.522660e+00 -6.000000e+01
    endloop
  endfacet
  facet normal 0.000000e+00 0.000000e+00 -1.000000e+00
    outer loop
      vertex -1.138930e+02 8.522660e+00 -6.000000e+01
      vertex -1.151010e+02 9.899490e+00 -6.000000e+01
      vertex 1.156010e+02 9.899490e+00 -6.000000e+01
    endloop
  endfacet
  facet normal 0.000000e+00 0.000000e+00 -1.000000e+00
    outer loop
      vertex -1.164770e+02 1.110690e+01 -6.000000e+01
      vertex 1.156010e+02 9.899490e+00 -6.000000e+01
      vertex -1.151010e+02 9.899490e+00 -6.000000e+01
    endloop
  endfacet
  facet normal 0.000000e+00 -0.000000e+00 1.000000e+00
    outer loop
      vertex -1.120660e+02 5.357570e+00 -5.600000e+01
      vertex 1.133760e+02 7.000000e+00 -5.600000e+01
      vertex -1.128760e+02 7.000000e+00 -5.600000e+01
    endloop
  endfacet
  facet normal 0.000000e+00 -0.000000e+00 1.000000e+00
    outer loop
      vertex -1.128760e+02 7.000000e+00 -5.600000e+01
      vertex 1.143930e+02 8.522660e+00 -5.600000e+01
      vertex -1.138930e+02 8.522660e+00 -5.600000e+01
    endloop
  endfacet
  facet normal 0.000000e+00 -0.000000e+00 1.000000e+00
    outer loop
      vertex -1.138930e+02 8.522660e+00 -5.600000e+01
      vertex 1.156010e+02 9.899490e+00 -5.600000e+01
      vertex -1.151010e+02 9.899490e+00 -5.600000e+01
    endloop
  endfacet
  facet normal -0.000000e+00 0.000000e+00 1.000000e+00
    outer loop
      vertex -1.164770e+02 1.110690e+01 -5.600000e+01
      vertex -1.151010e+02 9.899490e+00 -5.600000e+01
      vertex 1.169770e+02 1.110690e+01 -5.600000e+01
    endloop
  endfacet
  facet normal 0.000000e+00 -0.000000e+00 1.000000e+00
    outer loop
      vertex -1.164770e+02 1.110690e+01 -5.600000e+01
      vertex 1.550000e+02 4.300000e+01 -5.600000e+01
      vertex -1.180000e+02 1.212440e+01 -5.600000e+01
    endloop
  endfacet
  facet normal 0.000000e+00 0.000000e+00 -1.000000e+00
    outer loop
      vertex -1.164770e+02 1.110690e+01 -6.000000e+01
      vertex -1.530000e+02 4.500000e+01 -6.000000e+01
      vertex 1.530000e+02 4.500000e+01 -6.000000e+01
    endloop
  endfacet
  facet normal 0.000000e+00 -0.000000e+00 1.000000e+00
    outer loop
      vertex -1.180000e+02 1.212440e+01 -5.600000e+01
      vertex 1.550000e+02 4.300000e+01 -5.600000e+01
      vertex -1.550000e+02 4.300000e+01 -5.600000e+01
    endloop
  endfacet
  facet normal 0.000000e+00 7.071068e-01 -7.071068e-01
    outer loop
      vertex -1.530000e+02 4.500000e+01 -6.000000e+01
      vertex -1.530000e+02 4.700000e+01 -5.800000e+01
      vertex 1.530000e+02 4.500000e+01 -6.000000e+01
    endloop
  endfacet
  facet normal 0.000000e+00 1.000000e+00 0.000000e+00
    outer loop
      vertex -1.530000e+02 4.700000e+01 -5.800000e+01
      vertex -1.530000e+02 4.700000e+01 -2.000000e+00
      vertex 1.530000e+02 4.700000e+01 -5.800000e+01
    endloop
  endfacet
  facet normal 0.000000e+00 0.000000e+00 -1.000000e+00
    outer loop
      vertex -1.550000e+02 -4.300000e+01 -4.000000e+00
      vertex -1.550000e+02 4.300000e+01 -4.000000e+00
      vertex -1.390000e+02 0.000000e+00 -4.000000e+00
    endloop
  endfacet
  facet normal 0.000000e+00 0.000000e+00 1.000000e+00
    outer loop
      vertex -1.530000e+02 -4.500000e+01 0.000000e+00
      vertex -1.390000e+02 0.000000e+00 0.000000e+00
      vertex -1.530000e+02 4.500000e+01 0.000000e+00
    endloop
  endfacet
  facet normal 9.978510e-01 -6.552436e-02 0.000000e+00
    outer loop
      vertex -1.390000e+02 0.000000e+00 -4.000000e+00
      vertex -1.388800e+02 1.827370e+00 -4.000000e+00
      vertex -1.390000e+02 0.000000e+00 0.000000e+00
    endloop
  endfacet
  facet normal 9.808121e-01 -1.949555e-01 0.000000e+00
    outer loop
      vertex -1.388800e+02 1.827370e+00 -4.000000e+00
      vertex -1.385230e+02 3.623470e+00 -4.000000e+00
      vertex -1.388800e+02 1.827370e+00 0.000000e+00
    endloop
  endfacet
  facet normal 9.978510e-01 -6.552436e-02 0.000000e+00
    outer loop
      vertex -1.388800e+02 1.827370e+00 -4.000000e+00
      vertex -1.388800e+02 1.827370e+00 0.000000e+00
      vertex -1.390000e+02 0.000000e+00 0.000000e+00
    endloop
  endfacet
  facet normal 9.468733e-01 -3.216067e-01 0.000000e+00
    outer loop
      vertex -1.385230e+02 3.623470e+00 -4.000000e+00
      vertex -1.379340e+02 5.357570e+00 -4.000000e+00
      vertex -1.385230e+02 3.623470e+00 0.000000e+00
    endloop
  endfacet
  facet normal 9.808121e-01 -1.949555e-01 0.000000e+00
    outer loop
      vertex -1.385230e+02 3.623470e+00 -4.000000e+00
      vertex -1.385230e+02 3.623470e+00 0.000000e+00
      vertex -1.388800e+02 1.827370e+00 0.000000e+00
    endloop
  endfacet
  facet normal 9.468733e-01 -3.216067e-01 0.000000e+00
    outer loop
      vertex -1.379340e+02 5.357570e+00 -4.000000e+00
      vertex -1.379340e+02 5.357570e+00 0.000000e+00
      vertex -1.385230e+02 3.623470e+00 0.000000e+00
    endloop
  endfacet
  facet normal 8.968606e-01 -4.423133e-01 0.000000e+00
    outer loop
      vertex -1.379340e+02 5.357570e+00 -4.000000e+00
      vertex -1.371240e+02 7.000000e+00 -4.000000e+00
      vertex -1.379340e+02 5.357570e+00 0.000000e+00
    endloop
  endfacet
  facet normal 8.315732e-01 -5.554151e-01 0.000000e+00
    outer loop
      vertex -1.371240e+02 7.000000e+00 -4.000000e+00
      vertex -1.361070e+02 8.522660e+00 -4.000000e+00
      vertex -1.371240e+02 7.000000e+00 0.000000e+00
    endloop
  endfacet
  facet normal 8.968606e-01 -4.423133e-01 0.000000e+00
    outer loop
      vertex -1.379340e+02 5.357570e+00 0.000000e+00
      vertex -1.371240e+02 7.000000e+00 -4.000000e+00
      vertex -1.371240e+02 7.000000e+00 0.000000e+00
    endloop
  endfacet
  facet normal 8.315732e-01 -5.554151e-01 0.000000e+00
    outer loop
      vertex -1.361070e+02 8.522660e+00 -4.000000e+00
      vertex -1.361070e+02 8.522660e+00 0.000000e+00
      vertex -1.371240e+02 7.000000e+00 0.000000e+00
    endloop
  endfacet
  facet normal 7.516923e-01 -6.595140e-01 0.000000e+00
    outer loop
      vertex -1.361070e+02 8.522660e+00 -4.000000e+00
      vertex -1.348990e+02 9.899490e+00 -4.000000e+00
      vertex -1.361070e+02 8.522660e+00 0.000000e+00
    endloop
  endfacet
  facet normal 6.595570e-01 -7.516545e-01 0.000000e+00
    outer loop
      vertex -1.348990e+02 9.899490e+00 -4.000000e+00
      vertex -1.335230e+02 1.110690e+01 -4.000000e+00
      vertex -1.335230e+02 1.110690e+01 0.000000e+00
    endloop
  endfacet
  facet normal 7.516923e-01 -6.595140e-01 0.000000e+00
    outer loop
      vertex -1.361070e+02 8.522660e+00 0.000000e+00
      vertex -1.348990e+02 9.899490e+00 -4.000000e+00
      vertex -1.348990e+02 9.899490e+00 0.000000e+00
    endloop
  endfacet
  facet normal 6.595570e-01 -7.516545e-01 0.000000e+00
    outer loop
      vertex -1.348990e+02 9.899490e+00 -4.000000e+00
      vertex -1.335230e+02 1.110690e+01 0.000000e+00
      vertex -1.348990e+02 9.899490e+00 0.000000e+00
    endloop
  endfacet
  facet normal 5.555201e-01 -8.315031e-01 0.000000e+00
    outer loop
      vertex -1.335230e+02 1.110690e+01 -4.000000e+00
      vertex -1.320000e+02 1.212440e+01 0.000000e+00
      vertex -1.335230e+02 1.110690e+01 0.000000e+00
    endloop
  endfacet
  facet normal -5.555182e-01 -8.315044e-01 0.000000e+00
    outer loop
      vertex -1.164770e+02 1.110690e+01 -4.000000e+00
      vertex -1.164770e+02 1.110690e+01 0.000000e+00
      vertex -1.180000e+02 1.212440e+01 -4.000000e+00
    endloop
  endfacet
  facet normal 0.000000e+00 0.000000e+00 -1.000000e+00
    outer loop
      vertex -1.390000e+02 0.000000e+00 -4.000000e+00
      vertex -1.550000e+02 4.300000e+01 -4.000000e+00
      vertex -1.388800e+02 1.827370e+00 -4.000000e+00
    endloop
  endfacet
  facet normal 0.000000e+00 0.000000e+00 -1.000000e+00
    outer loop
      vertex -1.388800e+02 1.827370e+00 -4.000000e+00
      vertex -1.550000e+02 4.300000e+01 -4.000000e+00
      vertex -1.385230e+02 3.623470e+00 -4.000000e+00
    endloop
  endfacet
  facet normal 0.000000e+00 0.000000e+00 -1.000000e+00
    outer loop
      vertex -1.385230e+02 3.623470e+00 -4.000000e+00
      vertex -1.550000e+02 4.300000e+01 -4.000000e+00
      vertex -1.379340e+02 5.357570e+00 -4.000000e+00
    endloop
  endfacet
  facet normal -1.000000e+00 0.000000e+00 0.000000e+00
    outer loop
      vertex -1.550000e+02 -4.300000e+01 -4.000000e+00
      vertex -1.550000e+02 4.500000e+01 -2.000000e+00
      vertex -1.550000e+02 4.300000e+01 -4.000000e+00
    endloop
  endfacet
  facet normal -7.071068e-01 0.000000e+00 7.071068e-01
    outer loop
      vertex -1.550000e+02 -4.500000e+01 -2.000000e+00
      vertex -1.530000e+02 4.500000e+01 0.000000e+00
      vertex -1.550000e+02 4.500000e+01 -2.000000e+00
    endloop
  endfacet
  facet normal 0.000000e+00 -0.000000e+00 1.000000e+00
    outer loop
      vertex -1.390000e+02 0.000000e+00 0.000000e+00
      vertex -1.388800e+02 1.827370e+00 0.000000e+00
      vertex -1.530000e+02 4.500000e+01 0.000000e+00
    endloop
  endfacet
  facet normal 0.000000e+00 -0.000000e+00 1.000000e+00
    outer loop
      vertex -1.388800e+02 1.827370e+00 0.000000e+00
      vertex -1.385230e+02 3.623470e+00 0.000000e+00
      vertex -1.530000e+02 4.500000e+01 0.000000e+00
    endloop
  endfacet
  facet normal 0.000000e+00 0.000000e+00 -1.000000e+00
    outer loop
      vertex -1.379340e+02 5.357570e+00 -4.000000e+00
      vertex -1.550000e+02 4.300000e+01 -4.000000e+00
      vertex -1.371240e+02 7.000000e+00 -4.000000e+00
    endloop
  endfacet
  facet normal 0.000000e+00 0.000000e+00 -1.000000e+00
    outer loop
      vertex -1.371240e+02 7.000000e+00 -4.000000e+00
      vertex -1.550000e+02 4.300000e+01 -4.000000e+00
      vertex -1.361070e+02 8.522660e+00 -4.000000e+00
    endloop
  endfacet
  facet normal 0.000000e+00 -0.000000e+00 1.000000e+00
    outer loop
      vertex -1.385230e+02 3.623470e+00 0.000000e+00
      vertex -1.379340e+02 5.357570e+00 0.000000e+00
      vertex -1.530000e+02 4.500000e+01 0.000000e+00
    endloop
  endfacet
  facet normal 0.000000e+00 -0.000000e+00 1.000000e+00
    outer loop
      vertex -1.379340e+02 5.357570e+00 0.000000e+00
      vertex -1.371240e+02 7.000000e+00 0.000000e+00
      vertex -1.530000e+02 4.500000e+01 0.000000e+00
    endloop
  endfacet
  facet normal 0.000000e+00 -0.000000e+00 1.000000e+00
    outer loop
      vertex -1.371240e+02 7.000000e+00 0.000000e+00
      vertex -1.361070e+02 8.522660e+00 0.000000e+00
      vertex -1.530000e+02 4.500000e+01 0.000000e+00
    endloop
  endfacet
  facet normal 0.000000e+00 0.000000e+00 -1.000000e+00
    outer loop
      vertex -1.361070e+02 8.522660e+00 -4.000000e+00
      vertex -1.344590e+02 3.261280e+01 -4.000000e+00
      vertex -1.348990e+02 9.899490e+00 -4.000000e+00
    endloop
  endfacet
  facet normal 5.555201e-01 -8.315031e-01 0.000000e+00
    outer loop
      vertex -1.335230e+02 1.110690e+01 -4.000000e+00
      vertex -1.320000e+02 1.212440e+01 -4.000000e+00
      vertex -1.320000e+02 1.212440e+01 0.000000e+00
    endloop
  endfacet
  facet normal 4.423574e-01 -8.968389e-01 0.000000e+00
    outer loop
      vertex -1.320000e+02 1.212440e+01 -4.000000e+00
      vertex -1.303580e+02 1.293430e+01 -4.000000e+00
      vertex -1.303580e+02 1.293430e+01 0.000000e+00
    endloop
  endfacet
  facet normal 3.213151e-01 -9.469723e-01 0.000000e+00
    outer loop
      vertex -1.303580e+02 1.293430e+01 -4.000000e+00
      vertex -1.286230e+02 1.352300e+01 -4.000000e+00
      vertex -1.286230e+02 1.352300e+01 0.000000e+00
    endloop
  endfacet
  facet normal 1.950664e-01 -9.807900e-01 0.000000e+00
    outer loop
      vertex -1.286230e+02 1.352300e+01 -4.000000e+00
      vertex -1.268270e+02 1.388020e+01 -4.000000e+00
      vertex -1.268270e+02 1.388020e+01 0.000000e+00
    endloop
  endfacet
  facet normal 4.423574e-01 -8.968389e-01 0.000000e+00
    outer loop
      vertex -1.320000e+02 1.212440e+01 -4.000000e+00
      vertex -1.303580e+02 1.293430e+01 0.000000e+00
      vertex -1.320000e+02 1.212440e+01 0.000000e+00
    endloop
  endfacet
  facet normal 3.213151e-01 -9.469723e-01 0.000000e+00
    outer loop
      vertex -1.303580e+02 1.293430e+01 -4.000000e+00
      vertex -1.286230e+02 1.352300e+01 0.000000e+00
      vertex -1.303580e+02 1.293430e+01 0.000000e+00
    endloop
  endfacet
  facet normal 1.950664e-01 -9.807900e-01 0.000000e+00
    outer loop
      vertex -1.286230e+02 1.352300e+01 -4.000000e+00
      vertex -1.268270e+02 1.388020e+01 0.000000e+00
      vertex -1.286230e+02 1.352300e+01 0.000000e+00
    endloop
  endfacet
  facet normal 6.543113e-02 -9.978571e-01 0.000000e+00
    outer loop
      vertex -1.268270e+02 1.388020e+01 -4.000000e+00
      vertex -1.250000e+02 1.400000e+01 0.000000e+00
      vertex -1.268270e+02 1.388020e+01 0.000000e+00
    endloop
  endfacet
  facet normal 0.000000e+00 0.000000e+00 1.000000e+00
    outer loop
      vertex -1.361070e+02 8.522660e+00 0.000000e+00
      vertex -1.348990e+02 9.899490e+00 0.000000e+00
      vertex -1.344590e+02 3.261280e+01 0.000000e+00
    endloop
  endfacet
  facet normal -6.543113e-02 -9.978571e-01 0.000000e+00
    outer loop
      vertex -1.250000e+02 1.400000e+01 -4.000000e+00
      vertex -1.231730e+02 1.388020e+01 -4.000000e+00
      vertex -1.231730e+02 1.388020e+01 0.000000e+00
    endloop
  endfacet
  facet normal 6.543113e-02 -9.978571e-01 0.000000e+00
    outer loop
      vertex -1.268270e+02 1.388020e+01 -4.000000e+00
      vertex -1.250000e+02 1.400000e+01 -4.000000e+00
      vertex -1.250000e+02 1.400000e+01 0.000000e+00
    endloop
  endfacet
  facet normal -1.950664e-01 -9.807900e-01 0.000000e+00
    outer loop
      vertex -1.231730e+02 1.388020e+01 -4.000000e+00
      vertex -1.213770e+02 1.352300e+01 -4.000000e+00
      vertex -1.213770e+02 1.352300e+01 0.000000e+00
    endloop
  endfacet
  facet normal -3.213151e-01 -9.469723e-01 0.000000e+00
    outer loop
      vertex -1.213770e+02 1.352300e+01 -4.000000e+00
      vertex -1.196420e+02 1.293430e+01 -4.000000e+00
      vertex -1.196420e+02 1.293430e+01 0.000000e+00
    endloop
  endfacet
  facet normal -4.423574e-01 -8.968389e-01 0.000000e+00
    outer loop
      vertex -1.196420e+02 1.293430e+01 -4.000000e+00
      vertex -1.180000e+02 1.212440e+01 -4.000000e+00
      vertex -1.180000e+02 1.212440e+01 0.000000e+00
    endloop
  endfacet
  facet normal -6.543113e-02 -9.978571e-01 0.000000e+00
    outer loop
      vertex -1.250000e+02 1.400000e+01 -4.000000e+00
      vertex -1.231730e+02 1.388020e+01 0.000000e+00
      vertex -1.250000e+02 1.400000e+01 0.000000e+00
    endloop
  endfacet
  facet normal -1.950664e-01 -9.807900e-01 0.000000e+00
    outer loop
      vertex -1.231730e+02 1.388020e+01 -4.000000e+00
      vertex -1.213770e+02 1.352300e+01 0.000000e+00
      vertex -1.231730e+02 1.388020e+01 0.000000e+00
    endloop
  endfacet
  facet normal -4.423574e-01 -8.968389e-01 0.000000e+00
    outer loop
      vertex -1.196420e+02 1.293430e+01 -4.000000e+00
      vertex -1.180000e+02 1.212440e+01 0.000000e+00
      vertex -1.196420e+02 1.293430e+01 0.000000e+00
    endloop
  endfacet
  facet normal -5.555182e-01 -8.315044e-01 0.000000e+00
    outer loop
      vertex -1.164770e+02 1.110690e+01 0.000000e+00
      vertex -1.180000e+02 1.212440e+01 0.000000e+00
      vertex -1.180000e+02 1.212440e+01 -4.000000e+00
    endloop
  endfacet
  facet normal -3.213151e-01 -9.469723e-01 0.000000e+00
    outer loop
      vertex -1.213770e+02 1.352300e+01 -4.000000e+00
      vertex -1.196420e+02 1.293430e+01 0.000000e+00
      vertex -1.213770e+02 1.352300e+01 0.000000e+00
    endloop
  endfacet
  facet normal 0.000000e+00 0.000000e+00 -1.000000e+00
    outer loop
      vertex -1.348990e+02 9.899490e+00 -4.000000e+00
      vertex -1.341920e+02 3.230800e+01 -4.000000e+00
      vertex -1.335230e+02 1.110690e+01 -4.000000e+00
    endloop
  endfacet
  facet normal 0.000000e+00 0.000000e+00 -1.000000e+00
    outer loop
      vertex -1.335230e+02 1.110690e+01 -4.000000e+00
      vertex -1.335500e+02 3.181530e+01 -4.000000e+00
      vertex -1.320000e+02 1.212440e+01 -4.000000e+00
    endloop
  endfacet
  facet normal 0.000000e+00 0.000000e+00 -1.000000e+00
    outer loop
      vertex -1.320000e+02 1.212440e+01 -4.000000e+00
      vertex -1.328020e+02 3.150560e+01 -4.000000e+00
      vertex -1.303580e+02 1.293430e+01 -4.000000e+00
    endloop
  endfacet
  facet normal 0.000000e+00 0.000000e+00 -1.000000e+00
    outer loop
      vertex -1.303580e+02 1.293430e+01 -4.000000e+00
      vertex -1.320000e+02 3.140000e+01 -4.000000e+00
      vertex -1.286230e+02 1.352300e+01 -4.000000e+00
    endloop
  endfacet
  facet normal 0.000000e+00 0.000000e+00 -1.000000e+00
    outer loop
      vertex -1.286230e+02 1.352300e+01 -4.000000e+00
      vertex -1.311980e+02 3.150560e+01 -4.000000e+00
      vertex -1.268270e+02 1.388020e+01 -4.000000e+00
    endloop
  endfacet
  facet normal 0.000000e+00 0.000000e+00 -1.000000e+00
    outer loop
      vertex -1.268270e+02 1.388020e+01 -4.000000e+00
      vertex -1.289270e+02 3.409540e+01 -4.000000e+00
      vertex -1.250000e+02 1.400000e+01 -4.000000e+00
    endloop
  endfacet
  facet normal 0.000000e+00 0.000000e+00 -1.000000e+00
    outer loop
      vertex -1.231730e+02 1.388020e+01 -4.000000e+00
      vertex -1.289270e+02 3.409540e+01 -4.000000e+00
      vertex -1.213770e+02 1.352300e+01 -4.000000e+00
    endloop
  endfacet
  facet normal 0.000000e+00 0.000000e+00 -1.000000e+00
    outer loop
      vertex -1.250000e+02 1.400000e+01 -4.000000e+00
      vertex -1.289270e+02 3.409540e+01 -4.000000e+00
      vertex -1.231730e+02 1.388020e+01 -4.000000e+00
    endloop
  endfacet
  facet normal 0.000000e+00 0.000000e+00 1.000000e+00
    outer loop
      vertex -1.348990e+02 9.899490e+00 0.000000e+00
      vertex -1.335230e+02 1.110690e+01 0.000000e+00
      vertex -1.341920e+02 3.230800e+01 0.000000e+00
    endloop
  endfacet
  facet normal 0.000000e+00 -0.000000e+00 1.000000e+00
    outer loop
      vertex -1.335230e+02 1.110690e+01 0.000000e+00
      vertex -1.320000e+02 1.212440e+01 0.000000e+00
      vertex -1.335500e+02 3.181530e+01 0.000000e+00
    endloop
  endfacet
  facet normal 0.000000e+00 -0.000000e+00 1.000000e+00
    outer loop
      vertex -1.320000e+02 1.212440e+01 0.000000e+00
      vertex -1.303580e+02 1.293430e+01 0.000000e+00
      vertex -1.328020e+02 3.150560e+01 0.000000e+00
    endloop
  endfacet
  facet normal 0.000000e+00 -0.000000e+00 1.000000e+00
    outer loop
      vertex -1.303580e+02 1.293430e+01 0.000000e+00
      vertex -1.286230e+02 1.352300e+01 0.000000e+00
      vertex -1.320000e+02 3.140000e+01 0.000000e+00
    endloop
  endfacet
  facet normal 0.000000e+00 -0.000000e+00 1.000000e+00
    outer loop
      vertex -1.286230e+02 1.352300e+01 0.000000e+00
      vertex -1.268270e+02 1.388020e+01 0.000000e+00
      vertex -1.311980e+02 3.150560e+01 0.000000e+00
    endloop
  endfacet
  facet normal 0.000000e+00 -0.000000e+00 1.000000e+00
    outer loop
      vertex -1.268270e+02 1.388020e+01 0.000000e+00
      vertex -1.250000e+02 1.400000e+01 0.000000e+00
      vertex -1.304500e+02 3.181530e+01 0.000000e+00
    endloop
  endfacet
  facet normal -0.000000e+00 -0.000000e+00 1.000000e+00
    outer loop
      vertex -1.250000e+02 1.400000e+01 0.000000e+00
      vertex -1.231730e+02 1.388020e+01 0.000000e+00
      vertex -1.301130e+02 3.204060e+01 0.000000e+00
    endloop
  endfacet
  facet normal -0.000000e+00 -0.000000e+00 1.000000e+00
    outer loop
      vertex -1.231730e+02 1.388020e+01 0.000000e+00
      vertex -1.213770e+02 1.352300e+01 0.000000e+00
      vertex -1.295410e+02 3.261280e+01 0.000000e+00
    endloop
  endfacet
  facet normal -9.978507e-01 -6.552850e-02 0.000000e+00
    outer loop
      vertex -1.110000e+02 0.000000e+00 -4.000000e+00
      vertex -1.111200e+02 1.827370e+00 0.000000e+00
      vertex -1.111200e+02 1.827370e+00 -4.000000e+00
    endloop
  endfacet
  facet normal -9.978507e-01 -6.552850e-02 0.000000e+00
    outer loop
      vertex -1.110000e+02 0.000000e+00 -4.000000e+00
      vertex -1.110000e+02 0.000000e+00 0.000000e+00
      vertex -1.111200e+02 1.827370e+00 0.000000e+00
    endloop
  endfacet
  facet normal -9.808137e-01 -1.949475e-01 0.000000e+00
    outer loop
      vertex -1.111200e+02 1.827370e+00 -4.000000e+00
      vertex -1.111200e+02 1.827370e+00 0.000000e+00
      vertex -1.114770e+02 3.623470e+00 0.000000e+00
    endloop
  endfacet
  facet normal -9.468708e-01 -3.216142e-01 0.000000e+00
    outer loop
      vertex -1.114770e+02 3.623470e+00 -4.000000e+00
      vertex -1.120660e+02 5.357570e+00 0.000000e+00
      vertex -1.120660e+02 5.357570e+00 -4.000000e+00
    endloop
  endfacet
  facet normal -9.808137e-01 -1.949475e-01 0.000000e+00
    outer loop
      vertex -1.111200e+02 1.827370e+00 -4.000000e+00
      vertex -1.114770e+02 3.623470e+00 0.000000e+00
      vertex -1.114770e+02 3.623470e+00 -4.000000e+00
    endloop
  endfacet
  facet normal -9.468708e-01 -3.216142e-01 0.000000e+00
    outer loop
      vertex -1.114770e+02 3.623470e+00 -4.000000e+00
      vertex -1.114770e+02 3.623470e+00 0.000000e+00
      vertex -1.120660e+02 5.357570e+00 0.000000e+00
    endloop
  endfacet
  facet normal -8.968639e-01 -4.423066e-01 0.000000e+00
    outer loop
      vertex -1.120660e+02 5.357570e+00 -4.000000e+00
      vertex -1.128760e+02 7.000000e+00 0.000000e+00
      vertex -1.128760e+02 7.000000e+00 -4.000000e+00
    endloop
  endfacet
  facet normal -8.315732e-01 -5.554151e-01 0.000000e+00
    outer loop
      vertex -1.128760e+02 7.000000e+00 -4.000000e+00
      vertex -1.138930e+02 8.522660e+00 0.000000e+00
      vertex -1.138930e+02 8.522660e+00 -4.000000e+00
    endloop
  endfacet
  facet normal -8.968639e-01 -4.423066e-01 0.000000e+00
    outer loop
      vertex -1.120660e+02 5.357570e+00 -4.000000e+00
      vertex -1.120660e+02 5.357570e+00 0.000000e+00
      vertex -1.128760e+02 7.000000e+00 0.000000e+00
    endloop
  endfacet
  facet normal -8.315732e-01 -5.554151e-01 0.000000e+00
    outer loop
      vertex -1.128760e+02 7.000000e+00 -4.000000e+00
      vertex -1.128760e+02 7.000000e+00 0.000000e+00
      vertex -1.138930e+02 8.522660e+00 0.000000e+00
    endloop
  endfacet
  facet normal -7.516902e-01 -6.595163e-01 0.000000e+00
    outer loop
      vertex -1.138930e+02 8.522660e+00 -4.000000e+00
      vertex -1.151010e+02 9.899490e+00 0.000000e+00
      vertex -1.151010e+02 9.899490e+00 -4.000000e+00
    endloop
  endfacet
  facet normal -6.595591e-01 -7.516527e-01 0.000000e+00
    outer loop
      vertex -1.164770e+02 1.110690e+01 -4.000000e+00
      vertex -1.151010e+02 9.899490e+00 -4.000000e+00
      vertex -1.151010e+02 9.899490e+00 0.000000e+00
    endloop
  endfacet
  facet normal -7.516902e-01 -6.595163e-01 0.000000e+00
    outer loop
      vertex -1.138930e+02 8.522660e+00 -4.000000e+00
      vertex -1.138930e+02 8.522660e+00 0.000000e+00
      vertex -1.151010e+02 9.899490e+00 0.000000e+00
    endloop
  endfacet
  facet normal -6.595591e-01 -7.516527e-01 0.000000e+00
    outer loop
      vertex -1.164770e+02 1.110690e+01 -4.000000e+00
      vertex -1.151010e+02 9.899490e+00 0.000000e+00
      vertex -1.164770e+02 1.110690e+01 0.000000e+00
    endloop
  endfacet
  facet normal 0.000000e+00 0.000000e+00 -1.000000e+00
    outer loop
      vertex -1.111200e+02 1.827370e+00 -4.000000e+00
      vertex -1.114770e+02 3.623470e+00 -4.000000e+00
      vertex -1.011130e+02 3.204060e+01 -4.000000e+00
    endloop
  endfacet
  facet normal 0.000000e+00 0.000000e+00 -1.000000e+00
    outer loop
      vertex -1.120660e+02 5.357570e+00 -4.000000e+00
      vertex -1.128760e+02 7.000000e+00 -4.000000e+00
      vertex -1.021980e+02 3.150560e+01 -4.000000e+00
    endloop
  endfacet
  facet normal 0.000000e+00 0.000000e+00 -1.000000e+00
    outer loop
      vertex -1.114770e+02 3.623470e+00 -4.000000e+00
      vertex -1.120660e+02 5.357570e+00 -4.000000e+00
      vertex -1.014500e+02 3.181530e+01 -4.000000e+00
    endloop
  endfacet
  facet normal 0.000000e+00 0.000000e+00 -1.000000e+00
    outer loop
      vertex -1.164770e+02 1.110690e+01 -4.000000e+00
      vertex -1.038020e+02 3.150560e+01 -4.000000e+00
      vertex -1.151010e+02 9.899490e+00 -4.000000e+00
    endloop
  endfacet
  facet normal 0.000000e+00 0.000000e+00 -1.000000e+00
    outer loop
      vertex -1.128760e+02 7.000000e+00 -4.000000e+00
      vertex -1.138930e+02 8.522660e+00 -4.000000e+00
      vertex -1.025950e+02 3.142650e+01 -4.000000e+00
    endloop
  endfacet
  facet normal 0.000000e+00 0.000000e+00 -1.000000e+00
    outer loop
      vertex -1.138930e+02 8.522660e+00 -4.000000e+00
      vertex -1.151010e+02 9.899490e+00 -4.000000e+00
      vertex -1.034050e+02 3.142650e+01 -4.000000e+00
    endloop
  endfacet
  facet normal 0.000000e+00 -0.000000e+00 1.000000e+00
    outer loop
      vertex -1.111200e+02 1.827370e+00 0.000000e+00
      vertex -1.011130e+02 3.204060e+01 0.000000e+00
      vertex -1.114770e+02 3.623470e+00 0.000000e+00
    endloop
  endfacet
  facet normal 0.000000e+00 -0.000000e+00 1.000000e+00
    outer loop
      vertex -1.120660e+02 5.357570e+00 0.000000e+00
      vertex -1.021980e+02 3.150560e+01 0.000000e+00
      vertex -1.128760e+02 7.000000e+00 0.000000e+00
    endloop
  endfacet
  facet normal 0.000000e+00 -0.000000e+00 1.000000e+00
    outer loop
      vertex -1.114770e+02 3.623470e+00 0.000000e+00
      vertex -1.014500e+02 3.181530e+01 0.000000e+00
      vertex -1.120660e+02 5.357570e+00 0.000000e+00
    endloop
  endfacet
  facet normal -0.000000e+00 0.000000e+00 1.000000e+00
    outer loop
      vertex -1.164770e+02 1.110690e+01 0.000000e+00
      vertex -1.151010e+02 9.899490e+00 0.000000e+00
      vertex -1.038020e+02 3.150560e+01 0.000000e+00
    endloop
  endfacet
  facet normal 0.000000e+00 -0.000000e+00 1.000000e+00
    outer loop
      vertex -1.128760e+02 7.000000e+00 0.000000e+00
      vertex -1.025950e+02 3.142650e+01 0.000000e+00
      vertex -1.138930e+02 8.522660e+00 0.000000e+00
    endloop
  endfacet
  facet normal 0.000000e+00 -0.000000e+00 1.000000e+00
    outer loop
      vertex -1.138930e+02 8.522660e+00 0.000000e+00
      vertex -1.034050e+02 3.142650e+01 0.000000e+00
      vertex -1.151010e+02 9.899490e+00 0.000000e+00
    endloop
  endfacet
  facet normal 0.000000e+00 0.000000e+00 -1.000000e+00
    outer loop
      vertex -1.164770e+02 1.110690e+01 -4.000000e+00
      vertex -1.180000e+02 1.212440e+01 -4.000000e+00
      vertex -1.045500e+02 3.181530e+01 -4.000000e+00
    endloop
  endfacet
  facet normal 0.000000e+00 0.000000e+00 -1.000000e+00
    outer loop
      vertex -1.213770e+02 1.352300e+01 -4.000000e+00
      vertex -1.056850e+02 3.295000e+01 -4.000000e+00
      vertex -1.196420e+02 1.293430e+01 -4.000000e+00
    endloop
  endfacet
  facet normal 0.000000e+00 0.000000e+00 -1.000000e+00
    outer loop
      vertex -1.196420e+02 1.293430e+01 -4.000000e+00
      vertex -1.051920e+02 3.230800e+01 -4.000000e+00
      vertex -1.180000e+02 1.212440e+01 -4.000000e+00
    endloop
  endfacet
  facet normal 0.000000e+00 0.000000e+00 -1.000000e+00
    outer loop
      vertex -1.111200e+02 1.827370e+00 -4.000000e+00
      vertex -1.011130e+02 3.204060e+01 -4.000000e+00
      vertex -1.008080e+02 3.230800e+01 -4.000000e+00
    endloop
  endfacet
  facet normal 0.000000e+00 0.000000e+00 -1.000000e+00
    outer loop
      vertex -1.114770e+02 3.623470e+00 -4.000000e+00
      vertex -1.014500e+02 3.181530e+01 -4.000000e+00
      vertex -1.011130e+02 3.204060e+01 -4.000000e+00
    endloop
  endfacet
  facet normal 0.000000e+00 0.000000e+00 -1.000000e+00
    outer loop
      vertex -1.120660e+02 5.357570e+00 -4.000000e+00
      vertex -1.021980e+02 3.150560e+01 -4.000000e+00
      vertex -1.018140e+02 3.163600e+01 -4.000000e+00
    endloop
  endfacet
  facet normal 0.000000e+00 0.000000e+00 -1.000000e+00
    outer loop
      vertex -1.128760e+02 7.000000e+00 -4.000000e+00
      vertex -1.025950e+02 3.142650e+01 -4.000000e+00
      vertex -1.021980e+02 3.150560e+01 -4.000000e+00
    endloop
  endfacet
  facet normal 0.000000e+00 0.000000e+00 -1.000000e+00
    outer loop
      vertex -1.120660e+02 5.357570e+00 -4.000000e+00
      vertex -1.018140e+02 3.163600e+01 -4.000000e+00
      vertex -1.014500e+02 3.181530e+01 -4.000000e+00
    endloop
  endfacet
  facet normal 0.000000e+00 -0.000000e+00 1.000000e+00
    outer loop
      vertex -1.164770e+02 1.110690e+01 0.000000e+00
      vertex -1.045500e+02 3.181530e+01 0.000000e+00
      vertex -1.180000e+02 1.212440e+01 0.000000e+00
    endloop
  endfacet
  facet normal -0.000000e+00 0.000000e+00 1.000000e+00
    outer loop
      vertex -1.213770e+02 1.352300e+01 0.000000e+00
      vertex -1.196420e+02 1.293430e+01 0.000000e+00
      vertex -1.056850e+02 3.295000e+01 0.000000e+00
    endloop
  endfacet
  facet normal -0.000000e+00 0.000000e+00 1.000000e+00
    outer loop
      vertex -1.196420e+02 1.293430e+01 0.000000e+00
      vertex -1.180000e+02 1.212440e+01 0.000000e+00
      vertex -1.051920e+02 3.230800e+01 0.000000e+00
    endloop
  endfacet
  facet normal 0.000000e+00 0.000000e+00 1.000000e+00
    outer loop
      vertex -1.111200e+02 1.827370e+00 0.000000e+00
      vertex -1.008080e+02 3.230800e+01 0.000000e+00
      vertex -1.011130e+02 3.204060e+01 0.000000e+00
    endloop
  endfacet
  facet normal 0.000000e+00 0.000000e+00 1.000000e+00
    outer loop
      vertex -1.114770e+02 3.623470e+00 0.000000e+00
      vertex -1.011130e+02 3.204060e+01 0.000000e+00
      vertex -1.014500e+02 3.181530e+01 0.000000e+00
    endloop
  endfacet
  facet normal 0.000000e+00 0.000000e+00 1.000000e+00
    outer loop
      vertex -1.120660e+02 5.357570e+00 0.000000e+00
      vertex -1.018140e+02 3.163600e+01 0.000000e+00
      vertex -1.021980e+02 3.150560e+01 0.000000e+00
    endloop
  endfacet
  facet normal 0.000000e+00 0.000000e+00 1.000000e+00
    outer loop
      vertex -1.128760e+02 7.000000e+00 0.000000e+00
      vertex -1.021980e+02 3.150560e+01 0.000000e+00
      vertex -1.025950e+02 3.142650e+01 0.000000e+00
    endloop
  endfacet
  facet normal 0.000000e+00 0.000000e+00 1.000000e+00
    outer loop
      vertex -1.120660e+02 5.357570e+00 0.000000e+00
      vertex -1.014500e+02 3.181530e+01 0.000000e+00
      vertex -1.018140e+02 3.163600e+01 0.000000e+00
    endloop
  endfacet
  facet normal 0.000000e+00 0.000000e+00 -1.000000e+00
    outer loop
      vertex -1.110000e+02 0.000000e+00 -4.000000e+00
      vertex -1.111200e+02 1.827370e+00 -4.000000e+00
      vertex -5.576100e+01 3.350830e+01 -4.000000e+00
    endloop
  endfacet
  facet normal 0.000000e+00 -0.000000e+00 1.000000e+00
    outer loop
      vertex -1.110000e+02 0.000000e+00 0.000000e+00
      vertex -5.576100e+01 3.350830e+01 0.000000e+00
      vertex -1.111200e+02 1.827370e+00 0.000000e+00
    endloop
  endfacet
  facet normal 0.000000e+00 0.000000e+00 -1.000000e+00
    outer loop
      vertex -1.111200e+02 1.827370e+00 -4.000000e+00
      vertex -1.008080e+02 3.230800e+01 -4.000000e+00
      vertex -5.576100e+01 3.350830e+01 -4.000000e+00
    endloop
  endfacet
  facet normal 0.000000e+00 0.000000e+00 1.000000e+00
    outer loop
      vertex -1.111200e+02 1.827370e+00 0.000000e+00
      vertex -5.576100e+01 3.350830e+01 0.000000e+00
      vertex -1.008080e+02 3.230800e+01 0.000000e+00
    endloop
  endfacet
  facet normal -1.000000e+00 0.000000e+00 0.000000e+00
    outer loop
      vertex -1.550000e+02 4.300000e+01 -5.600000e+01
      vertex -1.550000e+02 4.300000e+01 -4.000000e+00
      vertex -1.550000e+02 4.500000e+01 -2.000000e+00
    endloop
  endfacet
  facet normal -7.071068e-01 7.071068e-01 0.000000e+00
    outer loop
      vertex -1.550000e+02 4.500000e+01 -5.800000e+01
      vertex -1.550000e+02 4.500000e+01 -2.000000e+00
      vertex -1.530000e+02 4.700000e+01 -2.000000e+00
    endloop
  endfacet
  facet normal 0.000000e+00 0.000000e+00 -1.000000e+00
    outer loop
      vertex -1.361070e+02 8.522660e+00 -4.000000e+00
      vertex -1.550000e+02 4.300000e+01 -4.000000e+00
      vertex -1.346850e+02 3.295000e+01 -4.000000e+00
    endloop
  endfacet
  facet normal 0.000000e+00 -0.000000e+00 1.000000e+00
    outer loop
      vertex -1.361070e+02 8.522660e+00 0.000000e+00
      vertex -1.346850e+02 3.295000e+01 0.000000e+00
      vertex -1.530000e+02 4.500000e+01 0.000000e+00
    endloop
  endfacet
  facet normal 0.000000e+00 0.000000e+00 -1.000000e+00
    outer loop
      vertex -1.361070e+02 8.522660e+00 -4.000000e+00
      vertex -1.346850e+02 3.295000e+01 -4.000000e+00
      vertex -1.344590e+02 3.261280e+01 -4.000000e+00
    endloop
  endfacet
  facet normal 0.000000e+00 0.000000e+00 -1.000000e+00
    outer loop
      vertex -1.348990e+02 9.899490e+00 -4.000000e+00
      vertex -1.344590e+02 3.261280e+01 -4.000000e+00
      vertex -1.341920e+02 3.230800e+01 -4.000000e+00
    endloop
  endfacet
  facet normal 0.000000e+00 0.000000e+00 -1.000000e+00
    outer loop
      vertex -1.335230e+02 1.110690e+01 -4.000000e+00
      vertex -1.341920e+02 3.230800e+01 -4.000000e+00
      vertex -1.338870e+02 3.204060e+01 -4.000000e+00
    endloop
  endfacet
  facet normal 0.000000e+00 0.000000e+00 -1.000000e+00
    outer loop
      vertex -1.335230e+02 1.110690e+01 -4.000000e+00
      vertex -1.338870e+02 3.204060e+01 -4.000000e+00
      vertex -1.335500e+02 3.181530e+01 -4.000000e+00
    endloop
  endfacet
  facet normal 0.000000e+00 0.000000e+00 -1.000000e+00
    outer loop
      vertex -1.320000e+02 1.212440e+01 -4.000000e+00
      vertex -1.331860e+02 3.163600e+01 -4.000000e+00
      vertex -1.328020e+02 3.150560e+01 -4.000000e+00
    endloop
  endfacet
  facet normal 0.000000e+00 0.000000e+00 -1.000000e+00
    outer loop
      vertex -1.320000e+02 1.212440e+01 -4.000000e+00
      vertex -1.335500e+02 3.181530e+01 -4.000000e+00
      vertex -1.331860e+02 3.163600e+01 -4.000000e+00
    endloop
  endfacet
  facet normal 0.000000e+00 0.000000e+00 -1.000000e+00
    outer loop
      vertex -1.303580e+02 1.293430e+01 -4.000000e+00
      vertex -1.328020e+02 3.150560e+01 -4.000000e+00
      vertex -1.324050e+02 3.142650e+01 -4.000000e+00
    endloop
  endfacet
  facet normal 0.000000e+00 0.000000e+00 -1.000000e+00
    outer loop
      vertex -1.303580e+02 1.293430e+01 -4.000000e+00
      vertex -1.324050e+02 3.142650e+01 -4.000000e+00
      vertex -1.320000e+02 3.140000e+01 -4.000000e+00
    endloop
  endfacet
  facet normal 0.000000e+00 0.000000e+00 -1.000000e+00
    outer loop
      vertex -1.286230e+02 1.352300e+01 -4.000000e+00
      vertex -1.320000e+02 3.140000e+01 -4.000000e+00
      vertex -1.315950e+02 3.142650e+01 -4.000000e+00
    endloop
  endfacet
  facet normal 0.000000e+00 0.000000e+00 -1.000000e+00
    outer loop
      vertex -1.286230e+02 1.352300e+01 -4.000000e+00
      vertex -1.315950e+02 3.142650e+01 -4.000000e+00
      vertex -1.311980e+02 3.150560e+01 -4.000000e+00
    endloop
  endfacet
  facet normal 0.000000e+00 0.000000e+00 -1.000000e+00
    outer loop
      vertex -1.268270e+02 1.388020e+01 -4.000000e+00
      vertex -1.311980e+02 3.150560e+01 -4.000000e+00
      vertex -1.308140e+02 3.163600e+01 -4.000000e+00
    endloop
  endfacet
  facet normal 0.000000e+00 0.000000e+00 -1.000000e+00
    outer loop
      vertex -1.268270e+02 1.388020e+01 -4.000000e+00
      vertex -1.308140e+02 3.163600e+01 -4.000000e+00
      vertex -1.304500e+02 3.181530e+01 -4.000000e+00
    endloop
  endfacet
  facet normal 0.000000e+00 0.000000e+00 -1.000000e+00
    outer loop
      vertex -1.268270e+02 1.388020e+01 -4.000000e+00
      vertex -1.304500e+02 3.181530e+01 -4.000000e+00
      vertex -1.301130e+02 3.204060e+01 -4.000000e+00
    endloop
  endfacet
  facet normal 0.000000e+00 0.000000e+00 -1.000000e+00
    outer loop
      vertex -1.268270e+02 1.388020e+01 -4.000000e+00
      vertex -1.301130e+02 3.204060e+01 -4.000000e+00
      vertex -1.298080e+02 3.230800e+01 -4.000000e+00
    endloop
  endfacet
  facet normal 0.000000e+00 0.000000e+00 -1.000000e+00
    outer loop
      vertex -1.268270e+02 1.388020e+01 -4.000000e+00
      vertex -1.298080e+02 3.230800e+01 -4.000000e+00
      vertex -1.295410e+02 3.261280e+01 -4.000000e+00
    endloop
  endfacet
  facet normal 0.000000e+00 0.000000e+00 -1.000000e+00
    outer loop
      vertex -1.268270e+02 1.388020e+01 -4.000000e+00
      vertex -1.295410e+02 3.261280e+01 -4.000000e+00
      vertex -1.293150e+02 3.295000e+01 -4.000000e+00
    endloop
  endfacet
  facet normal 0.000000e+00 0.000000e+00 -1.000000e+00
    outer loop
      vertex -1.268270e+02 1.388020e+01 -4.000000e+00
      vertex -1.293150e+02 3.295000e+01 -4.000000e+00
      vertex -1.291360e+02 3.331370e+01 -4.000000e+00
    endloop
  endfacet
  facet normal 0.000000e+00 0.000000e+00 -1.000000e+00
    outer loop
      vertex -1.268270e+02 1.388020e+01 -4.000000e+00
      vertex -1.291360e+02 3.331370e+01 -4.000000e+00
      vertex -1.290060e+02 3.369770e+01 -4.000000e+00
    endloop
  endfacet
  facet normal 0.000000e+00 0.000000e+00 -1.000000e+00
    outer loop
      vertex -1.268270e+02 1.388020e+01 -4.000000e+00
      vertex -1.290060e+02 3.369770e+01 -4.000000e+00
      vertex -1.289270e+02 3.409540e+01 -4.000000e+00
    endloop
  endfacet
  facet normal 0.000000e+00 0.000000e+00 -1.000000e+00
    outer loop
      vertex -1.213770e+02 1.352300e+01 -4.000000e+00
      vertex -1.289270e+02 3.409540e+01 -4.000000e+00
      vertex -1.056850e+02 3.295000e+01 -4.000000e+00
    endloop
  endfacet
  facet normal 0.000000e+00 0.000000e+00 1.000000e+00
    outer loop
      vertex -1.361070e+02 8.522660e+00 0.000000e+00
      vertex -1.344590e+02 3.261280e+01 0.000000e+00
      vertex -1.346850e+02 3.295000e+01 0.000000e+00
    endloop
  endfacet
  facet normal 0.000000e+00 0.000000e+00 1.000000e+00
    outer loop
      vertex -1.348990e+02 9.899490e+00 0.000000e+00
      vertex -1.341920e+02 3.230800e+01 0.000000e+00
      vertex -1.344590e+02 3.261280e+01 0.000000e+00
    endloop
  endfacet
  facet normal 0.000000e+00 0.000000e+00 1.000000e+00
    outer loop
      vertex -1.335230e+02 1.110690e+01 0.000000e+00
      vertex -1.338870e+02 3.204060e+01 0.000000e+00
      vertex -1.341920e+02 3.230800e+01 0.000000e+00
    endloop
  endfacet
  facet normal 0.000000e+00 0.000000e+00 1.000000e+00
    outer loop
      vertex -1.335230e+02 1.110690e+01 0.000000e+00
      vertex -1.335500e+02 3.181530e+01 0.000000e+00
      vertex -1.338870e+02 3.204060e+01 0.000000e+00
    endloop
  endfacet
  facet normal 0.000000e+00 0.000000e+00 1.000000e+00
    outer loop
      vertex -1.320000e+02 1.212440e+01 0.000000e+00
      vertex -1.328020e+02 3.150560e+01 0.000000e+00
      vertex -1.331860e+02 3.163600e+01 0.000000e+00
    endloop
  endfacet
  facet normal 0.000000e+00 0.000000e+00 1.000000e+00
    outer loop
      vertex -1.320000e+02 1.212440e+01 0.000000e+00
      vertex -1.331860e+02 3.163600e+01 0.000000e+00
      vertex -1.335500e+02 3.181530e+01 0.000000e+00
    endloop
  endfacet
  facet normal 0.000000e+00 0.000000e+00 1.000000e+00
    outer loop
      vertex -1.303580e+02 1.293430e+01 0.000000e+00
      vertex -1.324050e+02 3.142650e+01 0.000000e+00
      vertex -1.328020e+02 3.150560e+01 0.000000e+00
    endloop
  endfacet
  facet normal 0.000000e+00 0.000000e+00 1.000000e+00
    outer loop
      vertex -1.303580e+02 1.293430e+01 0.000000e+00
      vertex -1.320000e+02 3.140000e+01 0.000000e+00
      vertex -1.324050e+02 3.142650e+01 0.000000e+00
    endloop
  endfacet
  facet normal 0.000000e+00 0.000000e+00 1.000000e+00
    outer loop
      vertex -1.286230e+02 1.352300e+01 0.000000e+00
      vertex -1.315950e+02 3.142650e+01 0.000000e+00
      vertex -1.320000e+02 3.140000e+01 0.000000e+00
    endloop
  endfacet
  facet normal 0.000000e+00 0.000000e+00 1.000000e+00
    outer loop
      vertex -1.286230e+02 1.352300e+01 0.000000e+00
      vertex -1.311980e+02 3.150560e+01 0.000000e+00
      vertex -1.315950e+02 3.142650e+01 0.000000e+00
    endloop
  endfacet
  facet normal 0.000000e+00 0.000000e+00 1.000000e+00
    outer loop
      vertex -1.268270e+02 1.388020e+01 0.000000e+00
      vertex -1.308140e+02 3.163600e+01 0.000000e+00
      vertex -1.311980e+02 3.150560e+01 0.000000e+00
    endloop
  endfacet
  facet normal 0.000000e+00 0.000000e+00 1.000000e+00
    outer loop
      vertex -1.268270e+02 1.388020e+01 0.000000e+00
      vertex -1.304500e+02 3.181530e+01 0.000000e+00
      vertex -1.308140e+02 3.163600e+01 0.000000e+00
    endloop
  endfacet
  facet normal 0.000000e+00 0.000000e+00 1.000000e+00
    outer loop
      vertex -1.250000e+02 1.400000e+01 0.000000e+00
      vertex -1.301130e+02 3.204060e+01 0.000000e+00
      vertex -1.304500e+02 3.181530e+01 0.000000e+00
    endloop
  endfacet
  facet normal 0.000000e+00 0.000000e+00 1.000000e+00
    outer loop
      vertex -1.231730e+02 1.388020e+01 0.000000e+00
      vertex -1.298080e+02 3.230800e+01 0.000000e+00
      vertex -1.301130e+02 3.204060e+01 0.000000e+00
    endloop
  endfacet
  facet normal 0.000000e+00 0.000000e+00 1.000000e+00
    outer loop
      vertex -1.231730e+02 1.388020e+01 0.000000e+00
      vertex -1.295410e+02 3.261280e+01 0.000000e+00
      vertex -1.298080e+02 3.230800e+01 0.000000e+00
    endloop
  endfacet
  facet normal 0.000000e+00 0.000000e+00 1.000000e+00
    outer loop
      vertex -1.213770e+02 1.352300e+01 0.000000e+00
      vertex -1.293150e+02 3.295000e+01 0.000000e+00
      vertex -1.295410e+02 3.261280e+01 0.000000e+00
    endloop
  endfacet
  facet normal 0.000000e+00 -0.000000e+00 1.000000e+00
    outer loop
      vertex -1.213770e+02 1.352300e+01 0.000000e+00
      vertex -1.056850e+02 3.295000e+01 0.000000e+00
      vertex -1.293150e+02 3.295000e+01 0.000000e+00
    endloop
  endfacet
  facet normal 0.000000e+00 0.000000e+00 -1.000000e+00
    outer loop
      vertex -1.289270e+02 3.409540e+01 -4.000000e+00
      vertex -1.289000e+02 3.450000e+01 -4.000000e+00
      vertex -1.060730e+02 3.409540e+01 -4.000000e+00
    endloop
  endfacet
  facet normal 0.000000e+00 0.000000e+00 -1.000000e+00
    outer loop
      vertex -1.289000e+02 3.450000e+01 -4.000000e+00
      vertex -1.289270e+02 3.490460e+01 -4.000000e+00
      vertex -1.060730e+02 3.490460e+01 -4.000000e+00
    endloop
  endfacet
  facet normal 0.000000e+00 0.000000e+00 -1.000000e+00
    outer loop
      vertex -1.289270e+02 3.490460e+01 -4.000000e+00
      vertex -1.290060e+02 3.530230e+01 -4.000000e+00
      vertex -1.059940e+02 3.530230e+01 -4.000000e+00
    endloop
  endfacet
  facet normal 4.418845e-01 8.970719e-01 -0.000000e+00
    outer loop
      vertex -1.335500e+02 3.181530e+01 -4.000000e+00
      vertex -1.335500e+02 3.181530e+01 0.000000e+00
      vertex -1.331860e+02 3.163600e+01 -4.000000e+00
    endloop
  endfacet
  facet normal 6.592260e-01 7.519448e-01 0.000000e+00
    outer loop
      vertex -1.338870e+02 3.204060e+01 -4.000000e+00
      vertex -1.341920e+02 3.230800e+01 -4.000000e+00
      vertex -1.341920e+02 3.230800e+01 0.000000e+00
    endloop
  endfacet
  facet normal 5.557921e-01 8.313214e-01 0.000000e+00
    outer loop
      vertex -1.335500e+02 3.181530e+01 -4.000000e+00
      vertex -1.338870e+02 3.204060e+01 -4.000000e+00
      vertex -1.338870e+02 3.204060e+01 0.000000e+00
    endloop
  endfacet
  facet normal 1.954012e-01 9.807234e-01 -0.000000e+00
    outer loop
      vertex -1.328020e+02 3.150560e+01 -4.000000e+00
      vertex -1.328020e+02 3.150560e+01 0.000000e+00
      vertex -1.324050e+02 3.142650e+01 -4.000000e+00
    endloop
  endfacet
  facet normal 6.529440e-02 9.978660e-01 -0.000000e+00
    outer loop
      vertex -1.324050e+02 3.142650e+01 -4.000000e+00
      vertex -1.324050e+02 3.142650e+01 0.000000e+00
      vertex -1.320000e+02 3.140000e+01 -4.000000e+00
    endloop
  endfacet
  facet normal -6.529440e-02 9.978660e-01 0.000000e+00
    outer loop
      vertex -1.320000e+02 3.140000e+01 -4.000000e+00
      vertex -1.320000e+02 3.140000e+01 0.000000e+00
      vertex -1.315950e+02 3.142650e+01 -4.000000e+00
    endloop
  endfacet
  facet normal -1.954012e-01 9.807234e-01 0.000000e+00
    outer loop
      vertex -1.315950e+02 3.142650e+01 -4.000000e+00
      vertex -1.315950e+02 3.142650e+01 0.000000e+00
      vertex -1.311980e+02 3.150560e+01 -4.000000e+00
    endloop
  endfacet
  facet normal -3.215464e-01 9.468938e-01 0.000000e+00
    outer loop
      vertex -1.311980e+02 3.150560e+01 -4.000000e+00
      vertex -1.311980e+02 3.150560e+01 0.000000e+00
      vertex -1.308140e+02 3.163600e+01 -4.000000e+00
    endloop
  endfacet
  facet normal 3.215464e-01 9.468938e-01 0.000000e+00
    outer loop
      vertex -1.328020e+02 3.150560e+01 -4.000000e+00
      vertex -1.331860e+02 3.163600e+01 -4.000000e+00
      vertex -1.331860e+02 3.163600e+01 0.000000e+00
    endloop
  endfacet
  facet normal -4.418845e-01 8.970719e-01 0.000000e+00
    outer loop
      vertex -1.308140e+02 3.163600e+01 -4.000000e+00
      vertex -1.308140e+02 3.163600e+01 0.000000e+00
      vertex -1.304500e+02 3.181530e+01 -4.000000e+00
    endloop
  endfacet
  facet normal -5.557921e-01 8.313214e-01 0.000000e+00
    outer loop
      vertex -1.304500e+02 3.181530e+01 -4.000000e+00
      vertex -1.304500e+02 3.181530e+01 0.000000e+00
      vertex -1.301130e+02 3.204060e+01 -4.000000e+00
    endloop
  endfacet
  facet normal -6.592260e-01 7.519448e-01 0.000000e+00
    outer loop
      vertex -1.301130e+02 3.204060e+01 -4.000000e+00
      vertex -1.301130e+02 3.204060e+01 0.000000e+00
      vertex -1.298080e+02 3.230800e+01 -4.000000e+00
    endloop
  endfacet
  facet normal 4.418845e-01 8.970719e-01 -0.000000e+00
    outer loop
      vertex -1.331860e+02 3.163600e+01 -4.000000e+00
      vertex -1.335500e+02 3.181530e+01 0.000000e+00
      vertex -1.331860e+02 3.163600e+01 0.000000e+00
    endloop
  endfacet
  facet normal 5.557921e-01 8.313214e-01 -0.000000e+00
    outer loop
      vertex -1.335500e+02 3.181530e+01 -4.000000e+00
      vertex -1.338870e+02 3.204060e+01 0.000000e+00
      vertex -1.335500e+02 3.181530e+01 0.000000e+00
    endloop
  endfacet
  facet normal 6.592260e-01 7.519448e-01 -0.000000e+00
    outer loop
      vertex -1.338870e+02 3.204060e+01 -4.000000e+00
      vertex -1.341920e+02 3.230800e+01 0.000000e+00
      vertex -1.338870e+02 3.204060e+01 0.000000e+00
    endloop
  endfacet
  facet normal 3.215464e-01 9.468938e-01 -0.000000e+00
    outer loop
      vertex -1.328020e+02 3.150560e+01 -4.000000e+00
      vertex -1.331860e+02 3.163600e+01 0.000000e+00
      vertex -1.328020e+02 3.150560e+01 0.000000e+00
    endloop
  endfacet
  facet normal 1.954012e-01 9.807234e-01 -0.000000e+00
    outer loop
      vertex -1.324050e+02 3.142650e+01 -4.000000e+00
      vertex -1.328020e+02 3.150560e+01 0.000000e+00
      vertex -1.324050e+02 3.142650e+01 0.000000e+00
    endloop
  endfacet
  facet normal 6.529440e-02 9.978660e-01 -0.000000e+00
    outer loop
      vertex -1.320000e+02 3.140000e+01 -4.000000e+00
      vertex -1.324050e+02 3.142650e+01 0.000000e+00
      vertex -1.320000e+02 3.140000e+01 0.000000e+00
    endloop
  endfacet
  facet normal -6.529440e-02 9.978660e-01 0.000000e+00
    outer loop
      vertex -1.315950e+02 3.142650e+01 -4.000000e+00
      vertex -1.320000e+02 3.140000e+01 0.000000e+00
      vertex -1.315950e+02 3.142650e+01 0.000000e+00
    endloop
  endfacet
  facet normal -1.954012e-01 9.807234e-01 0.000000e+00
    outer loop
      vertex -1.311980e+02 3.150560e+01 -4.000000e+00
      vertex -1.315950e+02 3.142650e+01 0.000000e+00
      vertex -1.311980e+02 3.150560e+01 0.000000e+00
    endloop
  endfacet
  facet normal -3.215464e-01 9.468938e-01 0.000000e+00
    outer loop
      vertex -1.308140e+02 3.163600e+01 -4.000000e+00
      vertex -1.311980e+02 3.150560e+01 0.000000e+00
      vertex -1.308140e+02 3.163600e+01 0.000000e+00
    endloop
  endfacet
  facet normal -4.418845e-01 8.970719e-01 0.000000e+00
    outer loop
      vertex -1.304500e+02 3.181530e+01 -4.000000e+00
      vertex -1.308140e+02 3.163600e+01 0.000000e+00
      vertex -1.304500e+02 3.181530e+01 0.000000e+00
    endloop
  endfacet
  facet normal -5.557921e-01 8.313214e-01 0.000000e+00
    outer loop
      vertex -1.301130e+02 3.204060e+01 -4.000000e+00
      vertex -1.304500e+02 3.181530e+01 0.000000e+00
      vertex -1.301130e+02 3.204060e+01 0.000000e+00
    endloop
  endfacet
  facet normal -6.592260e-01 7.519448e-01 0.000000e+00
    outer loop
      vertex -1.298080e+02 3.230800e+01 -4.000000e+00
      vertex -1.301130e+02 3.204060e+01 0.000000e+00
      vertex -1.298080e+02 3.230800e+01 0.000000e+00
    endloop
  endfacet
  facet normal 8.306859e-01 5.567414e-01 -0.000000e+00
    outer loop
      vertex -1.344590e+02 3.261280e+01 -4.000000e+00
      vertex -1.346850e+02 3.295000e+01 -4.000000e+00
      vertex -1.344590e+02 3.261280e+01 0.000000e+00
    endloop
  endfacet
  facet normal 7.522138e-01 6.589191e-01 -0.000000e+00
    outer loop
      vertex -1.341920e+02 3.230800e+01 -4.000000e+00
      vertex -1.344590e+02 3.261280e+01 -4.000000e+00
      vertex -1.341920e+02 3.230800e+01 0.000000e+00
    endloop
  endfacet
  facet normal 8.972214e-01 4.415810e-01 -0.000000e+00
    outer loop
      vertex -1.346850e+02 3.295000e+01 -4.000000e+00
      vertex -1.348640e+02 3.331370e+01 -4.000000e+00
      vertex -1.346850e+02 3.295000e+01 0.000000e+00
    endloop
  endfacet
  facet normal 9.471890e-01 3.206759e-01 -0.000000e+00
    outer loop
      vertex -1.348640e+02 3.331370e+01 -4.000000e+00
      vertex -1.349940e+02 3.369770e+01 -4.000000e+00
      vertex -1.348640e+02 3.331370e+01 0.000000e+00
    endloop
  endfacet
  facet normal 9.808385e-01 1.948224e-01 -0.000000e+00
    outer loop
      vertex -1.349940e+02 3.369770e+01 -4.000000e+00
      vertex -1.350730e+02 3.409540e+01 -4.000000e+00
      vertex -1.349940e+02 3.369770e+01 0.000000e+00
    endloop
  endfacet
  facet normal 9.977795e-01 6.660455e-02 -0.000000e+00
    outer loop
      vertex -1.350730e+02 3.409540e+01 -4.000000e+00
      vertex -1.351000e+02 3.450000e+01 -4.000000e+00
      vertex -1.350730e+02 3.409540e+01 0.000000e+00
    endloop
  endfacet
  facet normal 9.977795e-01 -6.660455e-02 0.000000e+00
    outer loop
      vertex -1.351000e+02 3.450000e+01 -4.000000e+00
      vertex -1.350730e+02 3.490460e+01 -4.000000e+00
      vertex -1.351000e+02 3.450000e+01 0.000000e+00
    endloop
  endfacet
  facet normal 9.808385e-01 -1.948224e-01 0.000000e+00
    outer loop
      vertex -1.350730e+02 3.490460e+01 -4.000000e+00
      vertex -1.349940e+02 3.530230e+01 -4.000000e+00
      vertex -1.350730e+02 3.490460e+01 0.000000e+00
    endloop
  endfacet
  facet normal -7.522138e-01 6.589191e-01 0.000000e+00
    outer loop
      vertex -1.298080e+02 3.230800e+01 -4.000000e+00
      vertex -1.295410e+02 3.261280e+01 0.000000e+00
      vertex -1.295410e+02 3.261280e+01 -4.000000e+00
    endloop
  endfacet
  facet normal -8.306859e-01 5.567414e-01 0.000000e+00
    outer loop
      vertex -1.295410e+02 3.261280e+01 -4.000000e+00
      vertex -1.293150e+02 3.295000e+01 0.000000e+00
      vertex -1.293150e+02 3.295000e+01 -4.000000e+00
    endloop
  endfacet
  facet normal -8.972214e-01 4.415810e-01 0.000000e+00
    outer loop
      vertex -1.293150e+02 3.295000e+01 -4.000000e+00
      vertex -1.291360e+02 3.331370e+01 0.000000e+00
      vertex -1.291360e+02 3.331370e+01 -4.000000e+00
    endloop
  endfacet
  facet normal -9.471890e-01 3.206759e-01 0.000000e+00
    outer loop
      vertex -1.291360e+02 3.331370e+01 -4.000000e+00
      vertex -1.290060e+02 3.369770e+01 0.000000e+00
      vertex -1.290060e+02 3.369770e+01 -4.000000e+00
    endloop
  endfacet
  facet normal -9.808385e-01 1.948224e-01 0.000000e+00
    outer loop
      vertex -1.290060e+02 3.369770e+01 -4.000000e+00
      vertex -1.289270e+02 3.409540e+01 0.000000e+00
      vertex -1.289270e+02 3.409540e+01 -4.000000e+00
    endloop
  endfacet
  facet normal -9.977795e-01 6.660455e-02 0.000000e+00
    outer loop
      vertex -1.289270e+02 3.409540e+01 -4.000000e+00
      vertex -1.289000e+02 3.450000e+01 0.000000e+00
      vertex -1.289000e+02 3.450000e+01 -4.000000e+00
    endloop
  endfacet
  facet normal -9.977795e-01 -6.660455e-02 0.000000e+00
    outer loop
      vertex -1.289000e+02 3.450000e+01 -4.000000e+00
      vertex -1.289270e+02 3.490460e+01 0.000000e+00
      vertex -1.289270e+02 3.490460e+01 -4.000000e+00
    endloop
  endfacet
  facet normal -9.808385e-01 -1.948224e-01 0.000000e+00
    outer loop
      vertex -1.289270e+02 3.490460e+01 -4.000000e+00
      vertex -1.290060e+02 3.530230e+01 0.000000e+00
      vertex -1.290060e+02 3.530230e+01 -4.000000e+00
    endloop
  endfacet
  facet normal 8.306859e-01 5.567414e-01 -0.000000e+00
    outer loop
      vertex -1.346850e+02 3.295000e+01 -4.000000e+00
      vertex -1.346850e+02 3.295000e+01 0.000000e+00
      vertex -1.344590e+02 3.261280e+01 0.000000e+00
    endloop
  endfacet
  facet normal 7.522138e-01 6.589191e-01 -0.000000e+00
    outer loop
      vertex -1.344590e+02 3.261280e+01 -4.000000e+00
      vertex -1.344590e+02 3.261280e+01 0.000000e+00
      vertex -1.341920e+02 3.230800e+01 0.000000e+00
    endloop
  endfacet
  facet normal 8.972214e-01 4.415810e-01 -0.000000e+00
    outer loop
      vertex -1.348640e+02 3.331370e+01 -4.000000e+00
      vertex -1.348640e+02 3.331370e+01 0.000000e+00
      vertex -1.346850e+02 3.295000e+01 0.000000e+00
    endloop
  endfacet
  facet normal 9.471890e-01 3.206759e-01 -0.000000e+00
    outer loop
      vertex -1.349940e+02 3.369770e+01 -4.000000e+00
      vertex -1.349940e+02 3.369770e+01 0.000000e+00
      vertex -1.348640e+02 3.331370e+01 0.000000e+00
    endloop
  endfacet
  facet normal 9.808385e-01 1.948224e-01 -0.000000e+00
    outer loop
      vertex -1.350730e+02 3.409540e+01 -4.000000e+00
      vertex -1.350730e+02 3.409540e+01 0.000000e+00
      vertex -1.349940e+02 3.369770e+01 0.000000e+00
    endloop
  endfacet
  facet normal 9.977795e-01 6.660455e-02 -0.000000e+00
    outer loop
      vertex -1.351000e+02 3.450000e+01 -4.000000e+00
      vertex -1.351000e+02 3.450000e+01 0.000000e+00
      vertex -1.350730e+02 3.409540e+01 0.000000e+00
    endloop
  endfacet
  facet normal 9.977795e-01 -6.660455e-02 0.000000e+00
    outer loop
      vertex -1.350730e+02 3.490460e+01 -4.000000e+00
      vertex -1.350730e+02 3.490460e+01 0.000000e+00
      vertex -1.351000e+02 3.450000e+01 0.000000e+00
    endloop
  endfacet
  facet normal 9.808385e-01 -1.948224e-01 0.000000e+00
    outer loop
      vertex -1.350730e+02 3.490460e+01 0.000000e+00
      vertex -1.349940e+02 3.530230e+01 -4.000000e+00
      vertex -1.349940e+02 3.530230e+01 0.000000e+00
    endloop
  endfacet
  facet normal -7.522138e-01 6.589191e-01 0.000000e+00
    outer loop
      vertex -1.298080e+02 3.230800e+01 -4.000000e+00
      vertex -1.298080e+02 3.230800e+01 0.000000e+00
      vertex -1.295410e+02 3.261280e+01 0.000000e+00
    endloop
  endfacet
  facet normal -8.306859e-01 5.567414e-01 0.000000e+00
    outer loop
      vertex -1.295410e+02 3.261280e+01 -4.000000e+00
      vertex -1.295410e+02 3.261280e+01 0.000000e+00
      vertex -1.293150e+02 3.295000e+01 0.000000e+00
    endloop
  endfacet
  facet normal -8.972214e-01 4.415810e-01 0.000000e+00
    outer loop
      vertex -1.293150e+02 3.295000e+01 -4.000000e+00
      vertex -1.293150e+02 3.295000e+01 0.000000e+00
      vertex -1.291360e+02 3.331370e+01 0.000000e+00
    endloop
  endfacet
  facet normal -9.471890e-01 3.206759e-01 0.000000e+00
    outer loop
      vertex -1.291360e+02 3.331370e+01 -4.000000e+00
      vertex -1.291360e+02 3.331370e+01 0.000000e+00
      vertex -1.290060e+02 3.369770e+01 0.000000e+00
    endloop
  endfacet
  facet normal -9.808385e-01 1.948224e-01 0.000000e+00
    outer loop
      vertex -1.290060e+02 3.369770e+01 -4.000000e+00
      vertex -1.290060e+02 3.369770e+01 0.000000e+00
      vertex -1.289270e+02 3.409540e+01 0.000000e+00
    endloop
  endfacet
  facet normal -9.977795e-01 6.660455e-02 0.000000e+00
    outer loop
      vertex -1.289270e+02 3.409540e+01 -4.000000e+00
      vertex -1.289270e+02 3.409540e+01 0.000000e+00
      vertex -1.289000e+02 3.450000e+01 0.000000e+00
    endloop
  endfacet
  facet normal -9.977795e-01 -6.660455e-02 0.000000e+00
    outer loop
      vertex -1.289000e+02 3.450000e+01 -4.000000e+00
      vertex -1.289000e+02 3.450000e+01 0.000000e+00
      vertex -1.289270e+02 3.490460e+01 0.000000e+00
    endloop
  endfacet
  facet normal -9.808385e-01 -1.948224e-01 0.000000e+00
    outer loop
      vertex -1.289270e+02 3.490460e+01 -4.000000e+00
      vertex -1.289270e+02 3.490460e+01 0.000000e+00
      vertex -1.290060e+02 3.530230e+01 0.000000e+00
    endloop
  endfacet
  facet normal 0.000000e+00 0.000000e+00 1.000000e+00
    outer loop
      vertex -1.293150e+02 3.295000e+01 0.000000e+00
      vertex -1.058640e+02 3.331370e+01 0.000000e+00
      vertex -1.291360e+02 3.331370e+01 0.000000e+00
    endloop
  endfacet
  facet normal 0.000000e+00 0.000000e+00 1.000000e+00
    outer loop
      vertex -1.291360e+02 3.331370e+01 0.000000e+00
      vertex -1.059940e+02 3.369770e+01 0.000000e+00
      vertex -1.290060e+02 3.369770e+01 0.000000e+00
    endloop
  endfacet
  facet normal 0.000000e+00 0.000000e+00 1.000000e+00
    outer loop
      vertex -1.290060e+02 3.369770e+01 0.000000e+00
      vertex -1.060730e+02 3.409540e+01 0.000000e+00
      vertex -1.289270e+02 3.409540e+01 0.000000e+00
    endloop
  endfacet
  facet normal 0.000000e+00 0.000000e+00 1.000000e+00
    outer loop
      vertex -1.289270e+02 3.409540e+01 0.000000e+00
      vertex -1.061000e+02 3.450000e+01 0.000000e+00
      vertex -1.289000e+02 3.450000e+01 0.000000e+00
    endloop
  endfacet
  facet normal 0.000000e+00 -0.000000e+00 1.000000e+00
    outer loop
      vertex -1.289000e+02 3.450000e+01 0.000000e+00
      vertex -1.060730e+02 3.490460e+01 0.000000e+00
      vertex -1.289270e+02 3.490460e+01 0.000000e+00
    endloop
  endfacet
  facet normal 0.000000e+00 -0.000000e+00 1.000000e+00
    outer loop
      vertex -1.289270e+02 3.490460e+01 0.000000e+00
      vertex -1.059940e+02 3.530230e+01 0.000000e+00
      vertex -1.290060e+02 3.530230e+01 0.000000e+00
    endloop
  endfacet
  facet normal 0.000000e+00 0.000000e+00 -1.000000e+00
    outer loop
      vertex -1.346850e+02 3.295000e+01 -4.000000e+00
      vertex -1.550000e+02 4.300000e+01 -4.000000e+00
      vertex -1.348640e+02 3.331370e+01 -4.000000e+00
    endloop
  endfacet
  facet normal 0.000000e+00 0.000000e+00 -1.000000e+00
    outer loop
      vertex -1.348640e+02 3.331370e+01 -4.000000e+00
      vertex -1.550000e+02 4.300000e+01 -4.000000e+00
      vertex -1.349940e+02 3.369770e+01 -4.000000e+00
    endloop
  endfacet
  facet normal 0.000000e+00 0.000000e+00 -1.000000e+00
    outer loop
      vertex -1.349940e+02 3.369770e+01 -4.000000e+00
      vertex -1.550000e+02 4.300000e+01 -4.000000e+00
      vertex -1.350730e+02 3.409540e+01 -4.000000e+00
    endloop
  endfacet
  facet normal 0.000000e+00 0.000000e+00 -1.000000e+00
    outer loop
      vertex -1.350730e+02 3.409540e+01 -4.000000e+00
      vertex -1.550000e+02 4.300000e+01 -4.000000e+00
      vertex -1.351000e+02 3.450000e+01 -4.000000e+00
    endloop
  endfacet
  facet normal 0.000000e+00 0.000000e+00 -1.000000e+00
    outer loop
      vertex -1.351000e+02 3.450000e+01 -4.000000e+00
      vertex -1.550000e+02 4.300000e+01 -4.000000e+00
      vertex -1.350730e+02 3.490460e+01 -4.000000e+00
    endloop
  endfacet
  facet normal 0.000000e+00 0.000000e+00 -1.000000e+00
    outer loop
      vertex -1.350730e+02 3.490460e+01 -4.000000e+00
      vertex -1.550000e+02 4.300000e+01 -4.000000e+00
      vertex -1.349940e+02 3.530230e+01 -4.000000e+00
    endloop
  endfacet
  facet normal 0.000000e+00 0.000000e+00 -1.000000e+00
    outer loop
      vertex -1.550000e+02 4.300000e+01 -4.000000e+00
      vertex -1.348640e+02 3.568630e+01 -4.000000e+00
      vertex -1.349940e+02 3.530230e+01 -4.000000e+00
    endloop
  endfacet
  facet normal 0.000000e+00 0.000000e+00 -1.000000e+00
    outer loop
      vertex -1.550000e+02 4.300000e+01 -4.000000e+00
      vertex -1.346850e+02 3.605000e+01 -4.000000e+00
      vertex -1.348640e+02 3.568630e+01 -4.000000e+00
    endloop
  endfacet
  facet normal 0.000000e+00 0.000000e+00 -1.000000e+00
    outer loop
      vertex -1.550000e+02 4.300000e+01 -4.000000e+00
      vertex -1.344590e+02 3.638720e+01 -4.000000e+00
      vertex -1.346850e+02 3.605000e+01 -4.000000e+00
    endloop
  endfacet
  facet normal 0.000000e+00 0.000000e+00 -1.000000e+00
    outer loop
      vertex -1.550000e+02 4.300000e+01 -4.000000e+00
      vertex -1.341920e+02 3.669200e+01 -4.000000e+00
      vertex -1.344590e+02 3.638720e+01 -4.000000e+00
    endloop
  endfacet
  facet normal 0.000000e+00 0.000000e+00 -1.000000e+00
    outer loop
      vertex -1.550000e+02 4.300000e+01 -4.000000e+00
      vertex -1.338870e+02 3.695940e+01 -4.000000e+00
      vertex -1.341920e+02 3.669200e+01 -4.000000e+00
    endloop
  endfacet
  facet normal 0.000000e+00 0.000000e+00 -1.000000e+00
    outer loop
      vertex -1.550000e+02 4.300000e+01 -4.000000e+00
      vertex -1.335500e+02 3.718470e+01 -4.000000e+00
      vertex -1.338870e+02 3.695940e+01 -4.000000e+00
    endloop
  endfacet
  facet normal 0.000000e+00 0.000000e+00 -1.000000e+00
    outer loop
      vertex -1.550000e+02 4.300000e+01 -4.000000e+00
      vertex -1.331860e+02 3.736400e+01 -4.000000e+00
      vertex -1.335500e+02 3.718470e+01 -4.000000e+00
    endloop
  endfacet
  facet normal 0.000000e+00 0.000000e+00 -1.000000e+00
    outer loop
      vertex -1.550000e+02 4.300000e+01 -4.000000e+00
      vertex -1.328020e+02 3.749440e+01 -4.000000e+00
      vertex -1.331860e+02 3.736400e+01 -4.000000e+00
    endloop
  endfacet
  facet normal 0.000000e+00 0.000000e+00 -1.000000e+00
    outer loop
      vertex -1.550000e+02 4.300000e+01 -4.000000e+00
      vertex -1.324050e+02 3.757350e+01 -4.000000e+00
      vertex -1.328020e+02 3.749440e+01 -4.000000e+00
    endloop
  endfacet
  facet normal 0.000000e+00 0.000000e+00 -1.000000e+00
    outer loop
      vertex -1.550000e+02 4.300000e+01 -4.000000e+00
      vertex -1.320000e+02 3.760000e+01 -4.000000e+00
      vertex -1.324050e+02 3.757350e+01 -4.000000e+00
    endloop
  endfacet
  facet normal 0.000000e+00 0.000000e+00 -1.000000e+00
    outer loop
      vertex -1.550000e+02 4.300000e+01 -4.000000e+00
      vertex -1.315950e+02 3.757350e+01 -4.000000e+00
      vertex -1.320000e+02 3.760000e+01 -4.000000e+00
    endloop
  endfacet
  facet normal 0.000000e+00 0.000000e+00 1.000000e+00
    outer loop
      vertex -1.346850e+02 3.295000e+01 0.000000e+00
      vertex -1.348640e+02 3.331370e+01 0.000000e+00
      vertex -1.530000e+02 4.500000e+01 0.000000e+00
    endloop
  endfacet
  facet normal 0.000000e+00 0.000000e+00 1.000000e+00
    outer loop
      vertex -1.348640e+02 3.331370e+01 0.000000e+00
      vertex -1.349940e+02 3.369770e+01 0.000000e+00
      vertex -1.530000e+02 4.500000e+01 0.000000e+00
    endloop
  endfacet
  facet normal 0.000000e+00 0.000000e+00 1.000000e+00
    outer loop
      vertex -1.349940e+02 3.369770e+01 0.000000e+00
      vertex -1.350730e+02 3.409540e+01 0.000000e+00
      vertex -1.530000e+02 4.500000e+01 0.000000e+00
    endloop
  endfacet
  facet normal 0.000000e+00 0.000000e+00 1.000000e+00
    outer loop
      vertex -1.350730e+02 3.409540e+01 0.000000e+00
      vertex -1.351000e+02 3.450000e+01 0.000000e+00
      vertex -1.530000e+02 4.500000e+01 0.000000e+00
    endloop
  endfacet
  facet normal 0.000000e+00 -0.000000e+00 1.000000e+00
    outer loop
      vertex -1.351000e+02 3.450000e+01 0.000000e+00
      vertex -1.350730e+02 3.490460e+01 0.000000e+00
      vertex -1.530000e+02 4.500000e+01 0.000000e+00
    endloop
  endfacet
  facet normal 0.000000e+00 -0.000000e+00 1.000000e+00
    outer loop
      vertex -1.350730e+02 3.490460e+01 0.000000e+00
      vertex -1.349940e+02 3.530230e+01 0.000000e+00
      vertex -1.530000e+02 4.500000e+01 0.000000e+00
    endloop
  endfacet
  facet normal 0.000000e+00 0.000000e+00 1.000000e+00
    outer loop
      vertex -1.530000e+02 4.500000e+01 0.000000e+00
      vertex -1.349940e+02 3.530230e+01 0.000000e+00
      vertex -1.348640e+02 3.568630e+01 0.000000e+00
    endloop
  endfacet
  facet normal 0.000000e+00 0.000000e+00 1.000000e+00
    outer loop
      vertex -1.530000e+02 4.500000e+01 0.000000e+00
      vertex -1.348640e+02 3.568630e+01 0.000000e+00
      vertex -1.346850e+02 3.605000e+01 0.000000e+00
    endloop
  endfacet
  facet normal 0.000000e+00 0.000000e+00 1.000000e+00
    outer loop
      vertex -1.530000e+02 4.500000e+01 0.000000e+00
      vertex -1.346850e+02 3.605000e+01 0.000000e+00
      vertex -1.344590e+02 3.638720e+01 0.000000e+00
    endloop
  endfacet
  facet normal 0.000000e+00 0.000000e+00 1.000000e+00
    outer loop
      vertex -1.530000e+02 4.500000e+01 0.000000e+00
      vertex -1.344590e+02 3.638720e+01 0.000000e+00
      vertex -1.341920e+02 3.669200e+01 0.000000e+00
    endloop
  endfacet
  facet normal 0.000000e+00 0.000000e+00 1.000000e+00
    outer loop
      vertex -1.530000e+02 4.500000e+01 0.000000e+00
      vertex -1.341920e+02 3.669200e+01 0.000000e+00
      vertex -1.338870e+02 3.695940e+01 0.000000e+00
    endloop
  endfacet
  facet normal 0.000000e+00 0.000000e+00 1.000000e+00
    outer loop
      vertex -1.530000e+02 4.500000e+01 0.000000e+00
      vertex -1.338870e+02 3.695940e+01 0.000000e+00
      vertex -1.335500e+02 3.718470e+01 0.000000e+00
    endloop
  endfacet
  facet normal 0.000000e+00 0.000000e+00 1.000000e+00
    outer loop
      vertex -1.530000e+02 4.500000e+01 0.000000e+00
      vertex -1.335500e+02 3.718470e+01 0.000000e+00
      vertex -1.331860e+02 3.736400e+01 0.000000e+00
    endloop
  endfacet
  facet normal 0.000000e+00 0.000000e+00 1.000000e+00
    outer loop
      vertex -1.530000e+02 4.500000e+01 0.000000e+00
      vertex -1.331860e+02 3.736400e+01 0.000000e+00
      vertex -1.328020e+02 3.749440e+01 0.000000e+00
    endloop
  endfacet
  facet normal 0.000000e+00 0.000000e+00 1.000000e+00
    outer loop
      vertex -1.530000e+02 4.500000e+01 0.000000e+00
      vertex -1.328020e+02 3.749440e+01 0.000000e+00
      vertex -1.324050e+02 3.757350e+01 0.000000e+00
    endloop
  endfacet
  facet normal 0.000000e+00 0.000000e+00 1.000000e+00
    outer loop
      vertex -1.530000e+02 4.500000e+01 0.000000e+00
      vertex -1.324050e+02 3.757350e+01 0.000000e+00
      vertex -1.320000e+02 3.760000e+01 0.000000e+00
    endloop
  endfacet
  facet normal 0.000000e+00 0.000000e+00 1.000000e+00
    outer loop
      vertex -1.530000e+02 4.500000e+01 0.000000e+00
      vertex -1.320000e+02 3.760000e+01 0.000000e+00
      vertex -1.315950e+02 3.757350e+01 0.000000e+00
    endloop
  endfacet
  facet normal -5.773503e-01 5.773503e-01 5.773503e-01
    outer loop
      vertex -1.550000e+02 4.500000e+01 -2.000000e+00
      vertex -1.530000e+02 4.500000e+01 0.000000e+00
      vertex -1.530000e+02 4.700000e+01 -2.000000e+00
    endloop
  endfacet
  facet normal 0.000000e+00 0.000000e+00 -1.000000e+00
    outer loop
      vertex -1.550000e+02 4.300000e+01 -4.000000e+00
      vertex -1.034050e+02 3.757350e+01 -4.000000e+00
      vertex -1.315950e+02 3.757350e+01 -4.000000e+00
    endloop
  endfacet
  facet normal 0.000000e+00 0.000000e+00 -1.000000e+00
    outer loop
      vertex -1.290060e+02 3.530230e+01 -4.000000e+00
      vertex -1.291360e+02 3.568630e+01 -4.000000e+00
      vertex -1.058640e+02 3.568630e+01 -4.000000e+00
    endloop
  endfacet
  facet normal 0.000000e+00 0.000000e+00 -1.000000e+00
    outer loop
      vertex -1.291360e+02 3.568630e+01 -4.000000e+00
      vertex -1.293150e+02 3.605000e+01 -4.000000e+00
      vertex -1.056850e+02 3.605000e+01 -4.000000e+00
    endloop
  endfacet
  facet normal 0.000000e+00 0.000000e+00 -1.000000e+00
    outer loop
      vertex -1.293150e+02 3.605000e+01 -4.000000e+00
      vertex -1.295410e+02 3.638720e+01 -4.000000e+00
      vertex -1.054590e+02 3.638720e+01 -4.000000e+00
    endloop
  endfacet
  facet normal 0.000000e+00 0.000000e+00 -1.000000e+00
    outer loop
      vertex -1.298080e+02 3.669200e+01 -4.000000e+00
      vertex -1.051920e+02 3.669200e+01 -4.000000e+00
      vertex -1.295410e+02 3.638720e+01 -4.000000e+00
    endloop
  endfacet
  facet normal 0.000000e+00 0.000000e+00 -1.000000e+00
    outer loop
      vertex -1.298080e+02 3.669200e+01 -4.000000e+00
      vertex -1.301130e+02 3.695940e+01 -4.000000e+00
      vertex -1.048870e+02 3.695940e+01 -4.000000e+00
    endloop
  endfacet
  facet normal 0.000000e+00 0.000000e+00 -1.000000e+00
    outer loop
      vertex -1.301130e+02 3.695940e+01 -4.000000e+00
      vertex -1.304500e+02 3.718470e+01 -4.000000e+00
      vertex -1.045500e+02 3.718470e+01 -4.000000e+00
    endloop
  endfacet
  facet normal 0.000000e+00 0.000000e+00 -1.000000e+00
    outer loop
      vertex -1.308140e+02 3.736400e+01 -4.000000e+00
      vertex -1.041860e+02 3.736400e+01 -4.000000e+00
      vertex -1.304500e+02 3.718470e+01 -4.000000e+00
    endloop
  endfacet
  facet normal 0.000000e+00 0.000000e+00 -1.000000e+00
    outer loop
      vertex -1.308140e+02 3.736400e+01 -4.000000e+00
      vertex -1.311980e+02 3.749440e+01 -4.000000e+00
      vertex -1.038020e+02 3.749440e+01 -4.000000e+00
    endloop
  endfacet
  facet normal 0.000000e+00 0.000000e+00 -1.000000e+00
    outer loop
      vertex -1.315950e+02 3.757350e+01 -4.000000e+00
      vertex -1.034050e+02 3.757350e+01 -4.000000e+00
      vertex -1.311980e+02 3.749440e+01 -4.000000e+00
    endloop
  endfacet
  facet normal 0.000000e+00 0.000000e+00 -1.000000e+00
    outer loop
      vertex -1.550000e+02 4.300000e+01 -4.000000e+00
      vertex -1.025950e+02 3.757350e+01 -4.000000e+00
      vertex -1.030000e+02 3.760000e+01 -4.000000e+00
    endloop
  endfacet
  facet normal 0.000000e+00 0.000000e+00 -1.000000e+00
    outer loop
      vertex -1.550000e+02 4.300000e+01 -4.000000e+00
      vertex -1.030000e+02 3.760000e+01 -4.000000e+00
      vertex -1.034050e+02 3.757350e+01 -4.000000e+00
    endloop
  endfacet
  facet normal 9.471890e-01 -3.206759e-01 0.000000e+00
    outer loop
      vertex -1.349940e+02 3.530230e+01 -4.000000e+00
      vertex -1.348640e+02 3.568630e+01 -4.000000e+00
      vertex -1.349940e+02 3.530230e+01 0.000000e+00
    endloop
  endfacet
  facet normal 8.972214e-01 -4.415810e-01 0.000000e+00
    outer loop
      vertex -1.348640e+02 3.568630e+01 -4.000000e+00
      vertex -1.346850e+02 3.605000e+01 -4.000000e+00
      vertex -1.348640e+02 3.568630e+01 0.000000e+00
    endloop
  endfacet
  facet normal 8.306859e-01 -5.567414e-01 0.000000e+00
    outer loop
      vertex -1.346850e+02 3.605000e+01 -4.000000e+00
      vertex -1.344590e+02 3.638720e+01 -4.000000e+00
      vertex -1.346850e+02 3.605000e+01 0.000000e+00
    endloop
  endfacet
  facet normal 7.522138e-01 -6.589191e-01 0.000000e+00
    outer loop
      vertex -1.344590e+02 3.638720e+01 -4.000000e+00
      vertex -1.341920e+02 3.669200e+01 -4.000000e+00
      vertex -1.344590e+02 3.638720e+01 0.000000e+00
    endloop
  endfacet
  facet normal 6.592260e-01 -7.519448e-01 0.000000e+00
    outer loop
      vertex -1.341920e+02 3.669200e+01 -4.000000e+00
      vertex -1.338870e+02 3.695940e+01 -4.000000e+00
      vertex -1.338870e+02 3.695940e+01 0.000000e+00
    endloop
  endfacet
  facet normal 5.557921e-01 -8.313214e-01 0.000000e+00
    outer loop
      vertex -1.338870e+02 3.695940e+01 -4.000000e+00
      vertex -1.335500e+02 3.718470e+01 -4.000000e+00
      vertex -1.335500e+02 3.718470e+01 0.000000e+00
    endloop
  endfacet
  facet normal 4.418808e-01 -8.970738e-01 0.000000e+00
    outer loop
      vertex -1.335500e+02 3.718470e+01 -4.000000e+00
      vertex -1.331860e+02 3.736400e+01 -4.000000e+00
      vertex -1.331860e+02 3.736400e+01 0.000000e+00
    endloop
  endfacet
  facet normal 3.215506e-01 -9.468924e-01 0.000000e+00
    outer loop
      vertex -1.331860e+02 3.736400e+01 -4.000000e+00
      vertex -1.328020e+02 3.749440e+01 -4.000000e+00
      vertex -1.328020e+02 3.749440e+01 0.000000e+00
    endloop
  endfacet
  facet normal -3.215506e-01 -9.468924e-01 0.000000e+00
    outer loop
      vertex -1.308140e+02 3.736400e+01 -4.000000e+00
      vertex -1.308140e+02 3.736400e+01 0.000000e+00
      vertex -1.311980e+02 3.749440e+01 -4.000000e+00
    endloop
  endfacet
  facet normal 1.954057e-01 -9.807225e-01 0.000000e+00
    outer loop
      vertex -1.328020e+02 3.749440e+01 -4.000000e+00
      vertex -1.324050e+02 3.757350e+01 -4.000000e+00
      vertex -1.324050e+02 3.757350e+01 0.000000e+00
    endloop
  endfacet
  facet normal 6.528504e-02 -9.978667e-01 0.000000e+00
    outer loop
      vertex -1.324050e+02 3.757350e+01 -4.000000e+00
      vertex -1.320000e+02 3.760000e+01 -4.000000e+00
      vertex -1.320000e+02 3.760000e+01 0.000000e+00
    endloop
  endfacet
  facet normal -6.528504e-02 -9.978667e-01 0.000000e+00
    outer loop
      vertex -1.320000e+02 3.760000e+01 -4.000000e+00
      vertex -1.315950e+02 3.757350e+01 -4.000000e+00
      vertex -1.315950e+02 3.757350e+01 0.000000e+00
    endloop
  endfacet
  facet normal -1.954057e-01 -9.807225e-01 0.000000e+00
    outer loop
      vertex -1.315950e+02 3.757350e+01 -4.000000e+00
      vertex -1.311980e+02 3.749440e+01 -4.000000e+00
      vertex -1.311980e+02 3.749440e+01 0.000000e+00
    endloop
  endfacet
  facet normal -9.471890e-01 -3.206759e-01 0.000000e+00
    outer loop
      vertex -1.290060e+02 3.530230e+01 -4.000000e+00
      vertex -1.291360e+02 3.568630e+01 0.000000e+00
      vertex -1.291360e+02 3.568630e+01 -4.000000e+00
    endloop
  endfacet
  facet normal -8.972214e-01 -4.415810e-01 0.000000e+00
    outer loop
      vertex -1.291360e+02 3.568630e+01 -4.000000e+00
      vertex -1.293150e+02 3.605000e+01 0.000000e+00
      vertex -1.293150e+02 3.605000e+01 -4.000000e+00
    endloop
  endfacet
  facet normal -7.522138e-01 -6.589191e-01 0.000000e+00
    outer loop
      vertex -1.298080e+02 3.669200e+01 -4.000000e+00
      vertex -1.295410e+02 3.638720e+01 -4.000000e+00
      vertex -1.298080e+02 3.669200e+01 0.000000e+00
    endloop
  endfacet
  facet normal -8.306859e-01 -5.567414e-01 0.000000e+00
    outer loop
      vertex -1.293150e+02 3.605000e+01 -4.000000e+00
      vertex -1.295410e+02 3.638720e+01 0.000000e+00
      vertex -1.295410e+02 3.638720e+01 -4.000000e+00
    endloop
  endfacet
  facet normal -5.557921e-01 -8.313214e-01 0.000000e+00
    outer loop
      vertex -1.301130e+02 3.695940e+01 -4.000000e+00
      vertex -1.301130e+02 3.695940e+01 0.000000e+00
      vertex -1.304500e+02 3.718470e+01 -4.000000e+00
    endloop
  endfacet
  facet normal -6.592260e-01 -7.519448e-01 0.000000e+00
    outer loop
      vertex -1.298080e+02 3.669200e+01 -4.000000e+00
      vertex -1.298080e+02 3.669200e+01 0.000000e+00
      vertex -1.301130e+02 3.695940e+01 -4.000000e+00
    endloop
  endfacet
  facet normal -4.418808e-01 -8.970738e-01 0.000000e+00
    outer loop
      vertex -1.308140e+02 3.736400e+01 -4.000000e+00
      vertex -1.304500e+02 3.718470e+01 -4.000000e+00
      vertex -1.304500e+02 3.718470e+01 0.000000e+00
    endloop
  endfacet
  facet normal 9.471890e-01 -3.206759e-01 0.000000e+00
    outer loop
      vertex -1.348640e+02 3.568630e+01 -4.000000e+00
      vertex -1.348640e+02 3.568630e+01 0.000000e+00
      vertex -1.349940e+02 3.530230e+01 0.000000e+00
    endloop
  endfacet
  facet normal 8.972214e-01 -4.415810e-01 0.000000e+00
    outer loop
      vertex -1.346850e+02 3.605000e+01 -4.000000e+00
      vertex -1.346850e+02 3.605000e+01 0.000000e+00
      vertex -1.348640e+02 3.568630e+01 0.000000e+00
    endloop
  endfacet
  facet normal 8.306859e-01 -5.567414e-01 0.000000e+00
    outer loop
      vertex -1.344590e+02 3.638720e+01 -4.000000e+00
      vertex -1.344590e+02 3.638720e+01 0.000000e+00
      vertex -1.346850e+02 3.605000e+01 0.000000e+00
    endloop
  endfacet
  facet normal 7.522138e-01 -6.589191e-01 0.000000e+00
    outer loop
      vertex -1.341920e+02 3.669200e+01 -4.000000e+00
      vertex -1.341920e+02 3.669200e+01 0.000000e+00
      vertex -1.344590e+02 3.638720e+01 0.000000e+00
    endloop
  endfacet
  facet normal 6.592260e-01 -7.519448e-01 0.000000e+00
    outer loop
      vertex -1.341920e+02 3.669200e+01 -4.000000e+00
      vertex -1.338870e+02 3.695940e+01 0.000000e+00
      vertex -1.341920e+02 3.669200e+01 0.000000e+00
    endloop
  endfacet
  facet normal 5.557921e-01 -8.313214e-01 0.000000e+00
    outer loop
      vertex -1.338870e+02 3.695940e+01 -4.000000e+00
      vertex -1.335500e+02 3.718470e+01 0.000000e+00
      vertex -1.338870e+02 3.695940e+01 0.000000e+00
    endloop
  endfacet
  facet normal 4.418808e-01 -8.970738e-01 0.000000e+00
    outer loop
      vertex -1.335500e+02 3.718470e+01 -4.000000e+00
      vertex -1.331860e+02 3.736400e+01 0.000000e+00
      vertex -1.335500e+02 3.718470e+01 0.000000e+00
    endloop
  endfacet
  facet normal 3.215506e-01 -9.468924e-01 0.000000e+00
    outer loop
      vertex -1.331860e+02 3.736400e+01 -4.000000e+00
      vertex -1.328020e+02 3.749440e+01 0.000000e+00
      vertex -1.331860e+02 3.736400e+01 0.000000e+00
    endloop
  endfacet
  facet normal -3.215506e-01 -9.468924e-01 0.000000e+00
    outer loop
      vertex -1.311980e+02 3.749440e+01 -4.000000e+00
      vertex -1.308140e+02 3.736400e+01 0.000000e+00
      vertex -1.311980e+02 3.749440e+01 0.000000e+00
    endloop
  endfacet
  facet normal 1.954057e-01 -9.807225e-01 0.000000e+00
    outer loop
      vertex -1.328020e+02 3.749440e+01 -4.000000e+00
      vertex -1.324050e+02 3.757350e+01 0.000000e+00
      vertex -1.328020e+02 3.749440e+01 0.000000e+00
    endloop
  endfacet
  facet normal 6.528504e-02 -9.978667e-01 0.000000e+00
    outer loop
      vertex -1.324050e+02 3.757350e+01 -4.000000e+00
      vertex -1.320000e+02 3.760000e+01 0.000000e+00
      vertex -1.324050e+02 3.757350e+01 0.000000e+00
    endloop
  endfacet
  facet normal -6.528504e-02 -9.978667e-01 0.000000e+00
    outer loop
      vertex -1.320000e+02 3.760000e+01 -4.000000e+00
      vertex -1.315950e+02 3.757350e+01 0.000000e+00
      vertex -1.320000e+02 3.760000e+01 0.000000e+00
    endloop
  endfacet
  facet normal -1.954057e-01 -9.807225e-01 0.000000e+00
    outer loop
      vertex -1.315950e+02 3.757350e+01 -4.000000e+00
      vertex -1.311980e+02 3.749440e+01 0.000000e+00
      vertex -1.315950e+02 3.757350e+01 0.000000e+00
    endloop
  endfacet
  facet normal -9.471890e-01 -3.206759e-01 0.000000e+00
    outer loop
      vertex -1.290060e+02 3.530230e+01 -4.000000e+00
      vertex -1.290060e+02 3.530230e+01 0.000000e+00
      vertex -1.291360e+02 3.568630e+01 0.000000e+00
    endloop
  endfacet
  facet normal -8.972214e-01 -4.415810e-01 0.000000e+00
    outer loop
      vertex -1.291360e+02 3.568630e+01 -4.000000e+00
      vertex -1.291360e+02 3.568630e+01 0.000000e+00
      vertex -1.293150e+02 3.605000e+01 0.000000e+00
    endloop
  endfacet
  facet normal -7.522138e-01 -6.589191e-01 0.000000e+00
    outer loop
      vertex -1.295410e+02 3.638720e+01 -4.000000e+00
      vertex -1.295410e+02 3.638720e+01 0.000000e+00
      vertex -1.298080e+02 3.669200e+01 0.000000e+00
    endloop
  endfacet
  facet normal -8.306859e-01 -5.567414e-01 0.000000e+00
    outer loop
      vertex -1.293150e+02 3.605000e+01 -4.000000e+00
      vertex -1.293150e+02 3.605000e+01 0.000000e+00
      vertex -1.295410e+02 3.638720e+01 0.000000e+00
    endloop
  endfacet
  facet normal -6.592260e-01 -7.519448e-01 0.000000e+00
    outer loop
      vertex -1.301130e+02 3.695940e+01 -4.000000e+00
      vertex -1.298080e+02 3.669200e+01 0.000000e+00
      vertex -1.301130e+02 3.695940e+01 0.000000e+00
    endloop
  endfacet
  facet normal -5.557921e-01 -8.313214e-01 0.000000e+00
    outer loop
      vertex -1.304500e+02 3.718470e+01 -4.000000e+00
      vertex -1.301130e+02 3.695940e+01 0.000000e+00
      vertex -1.304500e+02 3.718470e+01 0.000000e+00
    endloop
  endfacet
  facet normal -4.418808e-01 -8.970738e-01 0.000000e+00
    outer loop
      vertex -1.308140e+02 3.736400e+01 -4.000000e+00
      vertex -1.304500e+02 3.718470e+01 0.000000e+00
      vertex -1.308140e+02 3.736400e+01 0.000000e+00
    endloop
  endfacet
  facet normal 0.000000e+00 0.000000e+00 1.000000e+00
    outer loop
      vertex -1.530000e+02 4.500000e+01 0.000000e+00
      vertex -1.315950e+02 3.757350e+01 0.000000e+00
      vertex -1.034050e+02 3.757350e+01 0.000000e+00
    endloop
  endfacet
  facet normal 0.000000e+00 -0.000000e+00 1.000000e+00
    outer loop
      vertex -1.290060e+02 3.530230e+01 0.000000e+00
      vertex -1.058640e+02 3.568630e+01 0.000000e+00
      vertex -1.291360e+02 3.568630e+01 0.000000e+00
    endloop
  endfacet
  facet normal 0.000000e+00 -0.000000e+00 1.000000e+00
    outer loop
      vertex -1.291360e+02 3.568630e+01 0.000000e+00
      vertex -1.056850e+02 3.605000e+01 0.000000e+00
      vertex -1.293150e+02 3.605000e+01 0.000000e+00
    endloop
  endfacet
  facet normal 0.000000e+00 -0.000000e+00 1.000000e+00
    outer loop
      vertex -1.293150e+02 3.605000e+01 0.000000e+00
      vertex -1.054590e+02 3.638720e+01 0.000000e+00
      vertex -1.295410e+02 3.638720e+01 0.000000e+00
    endloop
  endfacet
  facet normal -0.000000e+00 0.000000e+00 1.000000e+00
    outer loop
      vertex -1.298080e+02 3.669200e+01 0.000000e+00
      vertex -1.295410e+02 3.638720e+01 0.000000e+00
      vertex -1.051920e+02 3.669200e+01 0.000000e+00
    endloop
  endfacet
  facet normal 0.000000e+00 -0.000000e+00 1.000000e+00
    outer loop
      vertex -1.298080e+02 3.669200e+01 0.000000e+00
      vertex -1.048870e+02 3.695940e+01 0.000000e+00
      vertex -1.301130e+02 3.695940e+01 0.000000e+00
    endloop
  endfacet
  facet normal 0.000000e+00 -0.000000e+00 1.000000e+00
    outer loop
      vertex -1.301130e+02 3.695940e+01 0.000000e+00
      vertex -1.045500e+02 3.718470e+01 0.000000e+00
      vertex -1.304500e+02 3.718470e+01 0.000000e+00
    endloop
  endfacet
  facet normal -0.000000e+00 0.000000e+00 1.000000e+00
    outer loop
      vertex -1.308140e+02 3.736400e+01 0.000000e+00
      vertex -1.304500e+02 3.718470e+01 0.000000e+00
      vertex -1.041860e+02 3.736400e+01 0.000000e+00
    endloop
  endfacet
  facet normal 0.000000e+00 -0.000000e+00 1.000000e+00
    outer loop
      vertex -1.308140e+02 3.736400e+01 0.000000e+00
      vertex -1.038020e+02 3.749440e+01 0.000000e+00
      vertex -1.311980e+02 3.749440e+01 0.000000e+00
    endloop
  endfacet
  facet normal -0.000000e+00 0.000000e+00 1.000000e+00
    outer loop
      vertex -1.315950e+02 3.757350e+01 0.000000e+00
      vertex -1.311980e+02 3.749440e+01 0.000000e+00
      vertex -1.034050e+02 3.757350e+01 0.000000e+00
    endloop
  endfacet
  facet normal 0.000000e+00 0.000000e+00 1.000000e+00
    outer loop
      vertex -1.530000e+02 4.500000e+01 0.000000e+00
      vertex -1.034050e+02 3.757350e+01 0.000000e+00
      vertex -1.030000e+02 3.760000e+01 0.000000e+00
    endloop
  endfacet
  facet normal 0.000000e+00 0.000000e+00 1.000000e+00
    outer loop
      vertex -1.530000e+02 4.500000e+01 0.000000e+00
      vertex -1.030000e+02 3.760000e+01 0.000000e+00
      vertex -1.025950e+02 3.757350e+01 0.000000e+00
    endloop
  endfacet
  facet normal 0.000000e+00 0.000000e+00 -1.000000e+00
    outer loop
      vertex -1.138930e+02 8.522660e+00 -4.000000e+00
      vertex -1.034050e+02 3.142650e+01 -4.000000e+00
      vertex -1.030000e+02 3.140000e+01 -4.000000e+00
    endloop
  endfacet
  facet normal 0.000000e+00 0.000000e+00 -1.000000e+00
    outer loop
      vertex -1.164770e+02 1.110690e+01 -4.000000e+00
      vertex -1.045500e+02 3.181530e+01 -4.000000e+00
      vertex -1.041860e+02 3.163600e+01 -4.000000e+00
    endloop
  endfacet
  facet normal 0.000000e+00 0.000000e+00 -1.000000e+00
    outer loop
      vertex -1.164770e+02 1.110690e+01 -4.000000e+00
      vertex -1.041860e+02 3.163600e+01 -4.000000e+00
      vertex -1.038020e+02 3.150560e+01 -4.000000e+00
    endloop
  endfacet
  facet normal 0.000000e+00 0.000000e+00 -1.000000e+00
    outer loop
      vertex -1.151010e+02 9.899490e+00 -4.000000e+00
      vertex -1.038020e+02 3.150560e+01 -4.000000e+00
      vertex -1.034050e+02 3.142650e+01 -4.000000e+00
    endloop
  endfacet
  facet normal 0.000000e+00 0.000000e+00 -1.000000e+00
    outer loop
      vertex -1.180000e+02 1.212440e+01 -4.000000e+00
      vertex -1.048870e+02 3.204060e+01 -4.000000e+00
      vertex -1.045500e+02 3.181530e+01 -4.000000e+00
    endloop
  endfacet
  facet normal 0.000000e+00 0.000000e+00 -1.000000e+00
    outer loop
      vertex -1.180000e+02 1.212440e+01 -4.000000e+00
      vertex -1.051920e+02 3.230800e+01 -4.000000e+00
      vertex -1.048870e+02 3.204060e+01 -4.000000e+00
    endloop
  endfacet
  facet normal 0.000000e+00 0.000000e+00 -1.000000e+00
    outer loop
      vertex -1.196420e+02 1.293430e+01 -4.000000e+00
      vertex -1.056850e+02 3.295000e+01 -4.000000e+00
      vertex -1.054590e+02 3.261280e+01 -4.000000e+00
    endloop
  endfacet
  facet normal 0.000000e+00 0.000000e+00 -1.000000e+00
    outer loop
      vertex -1.196420e+02 1.293430e+01 -4.000000e+00
      vertex -1.054590e+02 3.261280e+01 -4.000000e+00
      vertex -1.051920e+02 3.230800e+01 -4.000000e+00
    endloop
  endfacet
  facet normal 0.000000e+00 0.000000e+00 -1.000000e+00
    outer loop
      vertex -1.138930e+02 8.522660e+00 -4.000000e+00
      vertex -1.030000e+02 3.140000e+01 -4.000000e+00
      vertex -1.025950e+02 3.142650e+01 -4.000000e+00
    endloop
  endfacet
  facet normal 0.000000e+00 0.000000e+00 1.000000e+00
    outer loop
      vertex -1.138930e+02 8.522660e+00 0.000000e+00
      vertex -1.030000e+02 3.140000e+01 0.000000e+00
      vertex -1.034050e+02 3.142650e+01 0.000000e+00
    endloop
  endfacet
  facet normal 0.000000e+00 0.000000e+00 1.000000e+00
    outer loop
      vertex -1.164770e+02 1.110690e+01 0.000000e+00
      vertex -1.041860e+02 3.163600e+01 0.000000e+00
      vertex -1.045500e+02 3.181530e+01 0.000000e+00
    endloop
  endfacet
  facet normal 0.000000e+00 0.000000e+00 1.000000e+00
    outer loop
      vertex -1.164770e+02 1.110690e+01 0.000000e+00
      vertex -1.038020e+02 3.150560e+01 0.000000e+00
      vertex -1.041860e+02 3.163600e+01 0.000000e+00
    endloop
  endfacet
  facet normal 0.000000e+00 0.000000e+00 1.000000e+00
    outer loop
      vertex -1.151010e+02 9.899490e+00 0.000000e+00
      vertex -1.034050e+02 3.142650e+01 0.000000e+00
      vertex -1.038020e+02 3.150560e+01 0.000000e+00
    endloop
  endfacet
  facet normal 0.000000e+00 0.000000e+00 1.000000e+00
    outer loop
      vertex -1.180000e+02 1.212440e+01 0.000000e+00
      vertex -1.045500e+02 3.181530e+01 0.000000e+00
      vertex -1.048870e+02 3.204060e+01 0.000000e+00
    endloop
  endfacet
  facet normal 0.000000e+00 0.000000e+00 1.000000e+00
    outer loop
      vertex -1.180000e+02 1.212440e+01 0.000000e+00
      vertex -1.048870e+02 3.204060e+01 0.000000e+00
      vertex -1.051920e+02 3.230800e+01 0.000000e+00
    endloop
  endfacet
  facet normal 0.000000e+00 0.000000e+00 1.000000e+00
    outer loop
      vertex -1.196420e+02 1.293430e+01 0.000000e+00
      vertex -1.054590e+02 3.261280e+01 0.000000e+00
      vertex -1.056850e+02 3.295000e+01 0.000000e+00
    endloop
  endfacet
  facet normal 0.000000e+00 0.000000e+00 1.000000e+00
    outer loop
      vertex -1.196420e+02 1.293430e+01 0.000000e+00
      vertex -1.051920e+02 3.230800e+01 0.000000e+00
      vertex -1.054590e+02 3.261280e+01 0.000000e+00
    endloop
  endfacet
  facet normal 0.000000e+00 0.000000e+00 1.000000e+00
    outer loop
      vertex -1.138930e+02 8.522660e+00 0.000000e+00
      vertex -1.025950e+02 3.142650e+01 0.000000e+00
      vertex -1.030000e+02 3.140000e+01 0.000000e+00
    endloop
  endfacet
  facet normal 0.000000e+00 0.000000e+00 -1.000000e+00
    outer loop
      vertex -1.289270e+02 3.409540e+01 -4.000000e+00
      vertex -1.058640e+02 3.331370e+01 -4.000000e+00
      vertex -1.056850e+02 3.295000e+01 -4.000000e+00
    endloop
  endfacet
  facet normal 0.000000e+00 0.000000e+00 -1.000000e+00
    outer loop
      vertex -1.289270e+02 3.409540e+01 -4.000000e+00
      vertex -1.059940e+02 3.369770e+01 -4.000000e+00
      vertex -1.058640e+02 3.331370e+01 -4.000000e+00
    endloop
  endfacet
  facet normal 0.000000e+00 0.000000e+00 -1.000000e+00
    outer loop
      vertex -1.289270e+02 3.409540e+01 -4.000000e+00
      vertex -1.060730e+02 3.409540e+01 -4.000000e+00
      vertex -1.059940e+02 3.369770e+01 -4.000000e+00
    endloop
  endfacet
  facet normal 0.000000e+00 0.000000e+00 -1.000000e+00
    outer loop
      vertex -1.289000e+02 3.450000e+01 -4.000000e+00
      vertex -1.061000e+02 3.450000e+01 -4.000000e+00
      vertex -1.060730e+02 3.409540e+01 -4.000000e+00
    endloop
  endfacet
  facet normal 0.000000e+00 0.000000e+00 -1.000000e+00
    outer loop
      vertex -1.289000e+02 3.450000e+01 -4.000000e+00
      vertex -1.060730e+02 3.490460e+01 -4.000000e+00
      vertex -1.061000e+02 3.450000e+01 -4.000000e+00
    endloop
  endfacet
  facet normal 0.000000e+00 0.000000e+00 -1.000000e+00
    outer loop
      vertex -1.289270e+02 3.490460e+01 -4.000000e+00
      vertex -1.059940e+02 3.530230e+01 -4.000000e+00
      vertex -1.060730e+02 3.490460e+01 -4.000000e+00
    endloop
  endfacet
  facet normal 0.000000e+00 0.000000e+00 1.000000e+00
    outer loop
      vertex -1.293150e+02 3.295000e+01 0.000000e+00
      vertex -1.056850e+02 3.295000e+01 0.000000e+00
      vertex -1.058640e+02 3.331370e+01 0.000000e+00
    endloop
  endfacet
  facet normal 0.000000e+00 0.000000e+00 1.000000e+00
    outer loop
      vertex -1.291360e+02 3.331370e+01 0.000000e+00
      vertex -1.058640e+02 3.331370e+01 0.000000e+00
      vertex -1.059940e+02 3.369770e+01 0.000000e+00
    endloop
  endfacet
  facet normal 0.000000e+00 0.000000e+00 1.000000e+00
    outer loop
      vertex -1.290060e+02 3.369770e+01 0.000000e+00
      vertex -1.059940e+02 3.369770e+01 0.000000e+00
      vertex -1.060730e+02 3.409540e+01 0.000000e+00
    endloop
  endfacet
  facet normal 0.000000e+00 0.000000e+00 1.000000e+00
    outer loop
      vertex -1.289270e+02 3.409540e+01 0.000000e+00
      vertex -1.060730e+02 3.409540e+01 0.000000e+00
      vertex -1.061000e+02 3.450000e+01 0.000000e+00
    endloop
  endfacet
  facet normal 0.000000e+00 0.000000e+00 1.000000e+00
    outer loop
      vertex -1.289000e+02 3.450000e+01 0.000000e+00
      vertex -1.061000e+02 3.450000e+01 0.000000e+00
      vertex -1.060730e+02 3.490460e+01 0.000000e+00
    endloop
  endfacet
  facet normal 0.000000e+00 0.000000e+00 1.000000e+00
    outer loop
      vertex -1.289270e+02 3.490460e+01 0.000000e+00
      vertex -1.060730e+02 3.490460e+01 0.000000e+00
      vertex -1.059940e+02 3.530230e+01 0.000000e+00
    endloop
  endfacet
  facet normal 4.418771e-01 8.970756e-01 0.000000e+00
    outer loop
      vertex -1.041860e+02 3.163600e+01 -4.000000e+00
      vertex -1.045500e+02 3.181530e+01 -4.000000e+00
      vertex -1.045500e+02 3.181530e+01 0.000000e+00
    endloop
  endfacet
  facet normal 5.557834e-01 8.313272e-01 0.000000e+00
    outer loop
      vertex -1.045500e+02 3.181530e+01 -4.000000e+00
      vertex -1.048870e+02 3.204060e+01 -4.000000e+00
      vertex -1.048870e+02 3.204060e+01 0.000000e+00
    endloop
  endfacet
  facet normal 6.592354e-01 7.519367e-01 0.000000e+00
    outer loop
      vertex -1.048870e+02 3.204060e+01 -4.000000e+00
      vertex -1.051920e+02 3.230800e+01 -4.000000e+00
      vertex -1.051920e+02 3.230800e+01 0.000000e+00
    endloop
  endfacet
  facet normal 1.954012e-01 9.807234e-01 -0.000000e+00
    outer loop
      vertex -1.038020e+02 3.150560e+01 -4.000000e+00
      vertex -1.038020e+02 3.150560e+01 0.000000e+00
      vertex -1.034050e+02 3.142650e+01 -4.000000e+00
    endloop
  endfacet
  facet normal 6.529440e-02 9.978660e-01 -0.000000e+00
    outer loop
      vertex -1.034050e+02 3.142650e+01 -4.000000e+00
      vertex -1.034050e+02 3.142650e+01 0.000000e+00
      vertex -1.030000e+02 3.140000e+01 -4.000000e+00
    endloop
  endfacet
  facet normal -6.529440e-02 9.978660e-01 0.000000e+00
    outer loop
      vertex -1.030000e+02 3.140000e+01 -4.000000e+00
      vertex -1.030000e+02 3.140000e+01 0.000000e+00
      vertex -1.025950e+02 3.142650e+01 -4.000000e+00
    endloop
  endfacet
  facet normal -1.954012e-01 9.807234e-01 0.000000e+00
    outer loop
      vertex -1.025950e+02 3.142650e+01 -4.000000e+00
      vertex -1.025950e+02 3.142650e+01 0.000000e+00
      vertex -1.021980e+02 3.150560e+01 -4.000000e+00
    endloop
  endfacet
  facet normal -3.215521e-01 9.468919e-01 0.000000e+00
    outer loop
      vertex -1.021980e+02 3.150560e+01 -4.000000e+00
      vertex -1.021980e+02 3.150560e+01 0.000000e+00
      vertex -1.018140e+02 3.163600e+01 -4.000000e+00
    endloop
  endfacet
  facet normal 3.215521e-01 9.468919e-01 -0.000000e+00
    outer loop
      vertex -1.041860e+02 3.163600e+01 -4.000000e+00
      vertex -1.041860e+02 3.163600e+01 0.000000e+00
      vertex -1.038020e+02 3.150560e+01 -4.000000e+00
    endloop
  endfacet
  facet normal -4.418771e-01 8.970756e-01 0.000000e+00
    outer loop
      vertex -1.018140e+02 3.163600e+01 -4.000000e+00
      vertex -1.018140e+02 3.163600e+01 0.000000e+00
      vertex -1.014500e+02 3.181530e+01 -4.000000e+00
    endloop
  endfacet
  facet normal -5.557834e-01 8.313272e-01 0.000000e+00
    outer loop
      vertex -1.014500e+02 3.181530e+01 -4.000000e+00
      vertex -1.014500e+02 3.181530e+01 0.000000e+00
      vertex -1.011130e+02 3.204060e+01 -4.000000e+00
    endloop
  endfacet
  facet normal -6.592354e-01 7.519367e-01 0.000000e+00
    outer loop
      vertex -1.011130e+02 3.204060e+01 -4.000000e+00
      vertex -1.011130e+02 3.204060e+01 0.000000e+00
      vertex -1.008080e+02 3.230800e+01 -4.000000e+00
    endloop
  endfacet
  facet normal 4.418771e-01 8.970756e-01 -0.000000e+00
    outer loop
      vertex -1.041860e+02 3.163600e+01 -4.000000e+00
      vertex -1.045500e+02 3.181530e+01 0.000000e+00
      vertex -1.041860e+02 3.163600e+01 0.000000e+00
    endloop
  endfacet
  facet normal 5.557834e-01 8.313272e-01 -0.000000e+00
    outer loop
      vertex -1.045500e+02 3.181530e+01 -4.000000e+00
      vertex -1.048870e+02 3.204060e+01 0.000000e+00
      vertex -1.045500e+02 3.181530e+01 0.000000e+00
    endloop
  endfacet
  facet normal 6.592354e-01 7.519367e-01 -0.000000e+00
    outer loop
      vertex -1.048870e+02 3.204060e+01 -4.000000e+00
      vertex -1.051920e+02 3.230800e+01 0.000000e+00
      vertex -1.048870e+02 3.204060e+01 0.000000e+00
    endloop
  endfacet
  facet normal 3.215521e-01 9.468919e-01 -0.000000e+00
    outer loop
      vertex -1.038020e+02 3.150560e+01 -4.000000e+00
      vertex -1.041860e+02 3.163600e+01 0.000000e+00
      vertex -1.038020e+02 3.150560e+01 0.000000e+00
    endloop
  endfacet
  facet normal 1.954012e-01 9.807234e-01 -0.000000e+00
    outer loop
      vertex -1.034050e+02 3.142650e+01 -4.000000e+00
      vertex -1.038020e+02 3.150560e+01 0.000000e+00
      vertex -1.034050e+02 3.142650e+01 0.000000e+00
    endloop
  endfacet
  facet normal 6.529440e-02 9.978660e-01 -0.000000e+00
    outer loop
      vertex -1.030000e+02 3.140000e+01 -4.000000e+00
      vertex -1.034050e+02 3.142650e+01 0.000000e+00
      vertex -1.030000e+02 3.140000e+01 0.000000e+00
    endloop
  endfacet
  facet normal -6.529440e-02 9.978660e-01 0.000000e+00
    outer loop
      vertex -1.025950e+02 3.142650e+01 -4.000000e+00
      vertex -1.030000e+02 3.140000e+01 0.000000e+00
      vertex -1.025950e+02 3.142650e+01 0.000000e+00
    endloop
  endfacet
  facet normal -1.954012e-01 9.807234e-01 0.000000e+00
    outer loop
      vertex -1.021980e+02 3.150560e+01 -4.000000e+00
      vertex -1.025950e+02 3.142650e+01 0.000000e+00
      vertex -1.021980e+02 3.150560e+01 0.000000e+00
    endloop
  endfacet
  facet normal -3.215521e-01 9.468919e-01 0.000000e+00
    outer loop
      vertex -1.018140e+02 3.163600e+01 -4.000000e+00
      vertex -1.021980e+02 3.150560e+01 0.000000e+00
      vertex -1.018140e+02 3.163600e+01 0.000000e+00
    endloop
  endfacet
  facet normal -4.418771e-01 8.970756e-01 0.000000e+00
    outer loop
      vertex -1.014500e+02 3.181530e+01 -4.000000e+00
      vertex -1.018140e+02 3.163600e+01 0.000000e+00
      vertex -1.014500e+02 3.181530e+01 0.000000e+00
    endloop
  endfacet
  facet normal -5.557834e-01 8.313272e-01 0.000000e+00
    outer loop
      vertex -1.011130e+02 3.204060e+01 -4.000000e+00
      vertex -1.014500e+02 3.181530e+01 0.000000e+00
      vertex -1.011130e+02 3.204060e+01 0.000000e+00
    endloop
  endfacet
  facet normal -6.592354e-01 7.519367e-01 0.000000e+00
    outer loop
      vertex -1.008080e+02 3.230800e+01 -4.000000e+00
      vertex -1.011130e+02 3.204060e+01 0.000000e+00
      vertex -1.008080e+02 3.230800e+01 0.000000e+00
    endloop
  endfacet
  facet normal 8.306859e-01 5.567414e-01 -0.000000e+00
    outer loop
      vertex -1.054590e+02 3.261280e+01 -4.000000e+00
      vertex -1.056850e+02 3.295000e+01 -4.000000e+00
      vertex -1.054590e+02 3.261280e+01 0.000000e+00
    endloop
  endfacet
  facet normal 7.522138e-01 6.589191e-01 -0.000000e+00
    outer loop
      vertex -1.051920e+02 3.230800e+01 -4.000000e+00
      vertex -1.054590e+02 3.261280e+01 -4.000000e+00
      vertex -1.051920e+02 3.230800e+01 0.000000e+00
    endloop
  endfacet
  facet normal 8.972214e-01 4.415810e-01 -0.000000e+00
    outer loop
      vertex -1.056850e+02 3.295000e+01 -4.000000e+00
      vertex -1.058640e+02 3.331370e+01 -4.000000e+00
      vertex -1.056850e+02 3.295000e+01 0.000000e+00
    endloop
  endfacet
  facet normal 9.471890e-01 3.206759e-01 -0.000000e+00
    outer loop
      vertex -1.058640e+02 3.331370e+01 -4.000000e+00
      vertex -1.059940e+02 3.369770e+01 -4.000000e+00
      vertex -1.058640e+02 3.331370e+01 0.000000e+00
    endloop
  endfacet
  facet normal 9.808385e-01 1.948224e-01 -0.000000e+00
    outer loop
      vertex -1.059940e+02 3.369770e+01 -4.000000e+00
      vertex -1.060730e+02 3.409540e+01 -4.000000e+00
      vertex -1.059940e+02 3.369770e+01 0.000000e+00
    endloop
  endfacet
  facet normal 9.977807e-01 6.658582e-02 -0.000000e+00
    outer loop
      vertex -1.060730e+02 3.409540e+01 -4.000000e+00
      vertex -1.061000e+02 3.450000e+01 -4.000000e+00
      vertex -1.060730e+02 3.409540e+01 0.000000e+00
    endloop
  endfacet
  facet normal 9.977807e-01 -6.658582e-02 0.000000e+00
    outer loop
      vertex -1.061000e+02 3.450000e+01 -4.000000e+00
      vertex -1.060730e+02 3.490460e+01 -4.000000e+00
      vertex -1.061000e+02 3.450000e+01 0.000000e+00
    endloop
  endfacet
  facet normal 9.808385e-01 -1.948224e-01 0.000000e+00
    outer loop
      vertex -1.060730e+02 3.490460e+01 -4.000000e+00
      vertex -1.059940e+02 3.530230e+01 -4.000000e+00
      vertex -1.060730e+02 3.490460e+01 0.000000e+00
    endloop
  endfacet
  facet normal -7.522138e-01 6.589191e-01 0.000000e+00
    outer loop
      vertex -1.008080e+02 3.230800e+01 -4.000000e+00
      vertex -1.005410e+02 3.261280e+01 0.000000e+00
      vertex -1.005410e+02 3.261280e+01 -4.000000e+00
    endloop
  endfacet
  facet normal -8.306859e-01 5.567414e-01 0.000000e+00
    outer loop
      vertex -1.005410e+02 3.261280e+01 -4.000000e+00
      vertex -1.003150e+02 3.295000e+01 0.000000e+00
      vertex -1.003150e+02 3.295000e+01 -4.000000e+00
    endloop
  endfacet
  facet normal -8.972214e-01 4.415810e-01 0.000000e+00
    outer loop
      vertex -1.003150e+02 3.295000e+01 -4.000000e+00
      vertex -1.001360e+02 3.331370e+01 0.000000e+00
      vertex -1.001360e+02 3.331370e+01 -4.000000e+00
    endloop
  endfacet
  facet normal -9.471890e-01 3.206759e-01 0.000000e+00
    outer loop
      vertex -1.001360e+02 3.331370e+01 -4.000000e+00
      vertex -1.000060e+02 3.369770e+01 0.000000e+00
      vertex -1.000060e+02 3.369770e+01 -4.000000e+00
    endloop
  endfacet
  facet normal -9.806006e-01 1.960166e-01 0.000000e+00
    outer loop
      vertex -1.000060e+02 3.369770e+01 -4.000000e+00
      vertex -9.992650e+01 3.409540e+01 0.000000e+00
      vertex -9.992650e+01 3.409540e+01 -4.000000e+00
    endloop
  endfacet
  facet normal -9.978624e-01 6.534939e-02 0.000000e+00
    outer loop
      vertex -9.992650e+01 3.409540e+01 -4.000000e+00
      vertex -9.990000e+01 3.450000e+01 0.000000e+00
      vertex -9.990000e+01 3.450000e+01 -4.000000e+00
    endloop
  endfacet
  facet normal -9.978624e-01 -6.534939e-02 0.000000e+00
    outer loop
      vertex -9.990000e+01 3.450000e+01 -4.000000e+00
      vertex -9.992650e+01 3.490460e+01 0.000000e+00
      vertex -9.992650e+01 3.490460e+01 -4.000000e+00
    endloop
  endfacet
  facet normal -9.806006e-01 -1.960166e-01 0.000000e+00
    outer loop
      vertex -9.992650e+01 3.490460e+01 -4.000000e+00
      vertex -1.000060e+02 3.530230e+01 0.000000e+00
      vertex -1.000060e+02 3.530230e+01 -4.000000e+00
    endloop
  endfacet
  facet normal 7.522138e-01 6.589191e-01 -0.000000e+00
    outer loop
      vertex -1.054590e+02 3.261280e+01 -4.000000e+00
      vertex -1.054590e+02 3.261280e+01 0.000000e+00
      vertex -1.051920e+02 3.230800e+01 0.000000e+00
    endloop
  endfacet
  facet normal 8.306859e-01 5.567414e-01 -0.000000e+00
    outer loop
      vertex -1.056850e+02 3.295000e+01 -4.000000e+00
      vertex -1.056850e+02 3.295000e+01 0.000000e+00
      vertex -1.054590e+02 3.261280e+01 0.000000e+00
    endloop
  endfacet
  facet normal 8.972214e-01 4.415810e-01 -0.000000e+00
    outer loop
      vertex -1.058640e+02 3.331370e+01 -4.000000e+00
      vertex -1.058640e+02 3.331370e+01 0.000000e+00
      vertex -1.056850e+02 3.295000e+01 0.000000e+00
    endloop
  endfacet
  facet normal 9.471890e-01 3.206759e-01 -0.000000e+00
    outer loop
      vertex -1.059940e+02 3.369770e+01 -4.000000e+00
      vertex -1.059940e+02 3.369770e+01 0.000000e+00
      vertex -1.058640e+02 3.331370e+01 0.000000e+00
    endloop
  endfacet
  facet normal 9.808385e-01 1.948224e-01 -0.000000e+00
    outer loop
      vertex -1.060730e+02 3.409540e+01 -4.000000e+00
      vertex -1.060730e+02 3.409540e+01 0.000000e+00
      vertex -1.059940e+02 3.369770e+01 0.000000e+00
    endloop
  endfacet
  facet normal 9.977807e-01 6.658582e-02 -0.000000e+00
    outer loop
      vertex -1.061000e+02 3.450000e+01 -4.000000e+00
      vertex -1.061000e+02 3.450000e+01 0.000000e+00
      vertex -1.060730e+02 3.409540e+01 0.000000e+00
    endloop
  endfacet
  facet normal 9.977807e-01 -6.658582e-02 0.000000e+00
    outer loop
      vertex -1.060730e+02 3.490460e+01 -4.000000e+00
      vertex -1.060730e+02 3.490460e+01 0.000000e+00
      vertex -1.061000e+02 3.450000e+01 0.000000e+00
    endloop
  endfacet
  facet normal 9.808385e-01 -1.948224e-01 0.000000e+00
    outer loop
      vertex -1.060730e+02 3.490460e+01 0.000000e+00
      vertex -1.059940e+02 3.530230e+01 -4.000000e+00
      vertex -1.059940e+02 3.530230e+01 0.000000e+00
    endloop
  endfacet
  facet normal -7.522138e-01 6.589191e-01 0.000000e+00
    outer loop
      vertex -1.008080e+02 3.230800e+01 -4.000000e+00
      vertex -1.008080e+02 3.230800e+01 0.000000e+00
      vertex -1.005410e+02 3.261280e+01 0.000000e+00
    endloop
  endfacet
  facet normal -8.306859e-01 5.567414e-01 0.000000e+00
    outer loop
      vertex -1.005410e+02 3.261280e+01 -4.000000e+00
      vertex -1.005410e+02 3.261280e+01 0.000000e+00
      vertex -1.003150e+02 3.295000e+01 0.000000e+00
    endloop
  endfacet
  facet normal -8.972214e-01 4.415810e-01 0.000000e+00
    outer loop
      vertex -1.003150e+02 3.295000e+01 -4.000000e+00
      vertex -1.003150e+02 3.295000e+01 0.000000e+00
      vertex -1.001360e+02 3.331370e+01 0.000000e+00
    endloop
  endfacet
  facet normal -9.471890e-01 3.206759e-01 0.000000e+00
    outer loop
      vertex -1.001360e+02 3.331370e+01 -4.000000e+00
      vertex -1.001360e+02 3.331370e+01 0.000000e+00
      vertex -1.000060e+02 3.369770e+01 0.000000e+00
    endloop
  endfacet
  facet normal -9.806006e-01 1.960166e-01 0.000000e+00
    outer loop
      vertex -1.000060e+02 3.369770e+01 -4.000000e+00
      vertex -1.000060e+02 3.369770e+01 0.000000e+00
      vertex -9.992650e+01 3.409540e+01 0.000000e+00
    endloop
  endfacet
  facet normal -9.978624e-01 6.534939e-02 0.000000e+00
    outer loop
      vertex -9.992650e+01 3.409540e+01 -4.000000e+00
      vertex -9.992650e+01 3.409540e+01 0.000000e+00
      vertex -9.990000e+01 3.450000e+01 0.000000e+00
    endloop
  endfacet
  facet normal -9.978624e-01 -6.534939e-02 0.000000e+00
    outer loop
      vertex -9.990000e+01 3.450000e+01 -4.000000e+00
      vertex -9.990000e+01 3.450000e+01 0.000000e+00
      vertex -9.992650e+01 3.490460e+01 0.000000e+00
    endloop
  endfacet
  facet normal -9.806006e-01 -1.960166e-01 0.000000e+00
    outer loop
      vertex -9.992650e+01 3.490460e+01 -4.000000e+00
      vertex -9.992650e+01 3.490460e+01 0.000000e+00
      vertex -1.000060e+02 3.530230e+01 0.000000e+00
    endloop
  endfacet
  facet normal 0.000000e+00 0.000000e+00 -1.000000e+00
    outer loop
      vertex -1.008080e+02 3.230800e+01 -4.000000e+00
      vertex -1.005410e+02 3.261280e+01 -4.000000e+00
      vertex -5.576100e+01 3.350830e+01 -4.000000e+00
    endloop
  endfacet
  facet normal 0.000000e+00 0.000000e+00 -1.000000e+00
    outer loop
      vertex -1.005410e+02 3.261280e+01 -4.000000e+00
      vertex -1.003150e+02 3.295000e+01 -4.000000e+00
      vertex -5.576100e+01 3.350830e+01 -4.000000e+00
    endloop
  endfacet
  facet normal 0.000000e+00 0.000000e+00 -1.000000e+00
    outer loop
      vertex -1.003150e+02 3.295000e+01 -4.000000e+00
      vertex -1.001360e+02 3.331370e+01 -4.000000e+00
      vertex -5.576100e+01 3.350830e+01 -4.000000e+00
    endloop
  endfacet
  facet normal 0.000000e+00 0.000000e+00 -1.000000e+00
    outer loop
      vertex -1.001360e+02 3.331370e+01 -4.000000e+00
      vertex -1.000060e+02 3.369770e+01 -4.000000e+00
      vertex -5.576100e+01 3.350830e+01 -4.000000e+00
    endloop
  endfacet
  facet normal 0.000000e+00 0.000000e+00 -1.000000e+00
    outer loop
      vertex -1.000060e+02 3.369770e+01 -4.000000e+00
      vertex -9.992650e+01 3.409540e+01 -4.000000e+00
      vertex -5.576100e+01 3.350830e+01 -4.000000e+00
    endloop
  endfacet
  facet normal 0.000000e+00 0.000000e+00 -1.000000e+00
    outer loop
      vertex -9.992650e+01 3.409540e+01 -4.000000e+00
      vertex -9.990000e+01 3.450000e+01 -4.000000e+00
      vertex -5.576100e+01 3.350830e+01 -4.000000e+00
    endloop
  endfacet
  facet normal 0.000000e+00 0.000000e+00 -1.000000e+00
    outer loop
      vertex -9.990000e+01 3.450000e+01 -4.000000e+00
      vertex -9.992650e+01 3.490460e+01 -4.000000e+00
      vertex -5.623930e+01 3.466320e+01 -4.000000e+00
    endloop
  endfacet
  facet normal 0.000000e+00 0.000000e+00 -1.000000e+00
    outer loop
      vertex -9.992650e+01 3.490460e+01 -4.000000e+00
      vertex -1.000060e+02 3.530230e+01 -4.000000e+00
      vertex -5.620740e+01 3.482350e+01 -4.000000e+00
    endloop
  endfacet
  facet normal 0.000000e+00 0.000000e+00 1.000000e+00
    outer loop
      vertex -1.008080e+02 3.230800e+01 0.000000e+00
      vertex -5.588390e+01 3.361610e+01 0.000000e+00
      vertex -1.005410e+02 3.261280e+01 0.000000e+00
    endloop
  endfacet
  facet normal 0.000000e+00 0.000000e+00 1.000000e+00
    outer loop
      vertex -1.005410e+02 3.261280e+01 0.000000e+00
      vertex -5.599170e+01 3.373900e+01 0.000000e+00
      vertex -1.003150e+02 3.295000e+01 0.000000e+00
    endloop
  endfacet
  facet normal 0.000000e+00 0.000000e+00 1.000000e+00
    outer loop
      vertex -1.003150e+02 3.295000e+01 0.000000e+00
      vertex -5.608250e+01 3.387500e+01 0.000000e+00
      vertex -1.001360e+02 3.331370e+01 0.000000e+00
    endloop
  endfacet
  facet normal 0.000000e+00 0.000000e+00 1.000000e+00
    outer loop
      vertex -1.001360e+02 3.331370e+01 0.000000e+00
      vertex -5.615490e+01 3.402160e+01 0.000000e+00
      vertex -1.000060e+02 3.369770e+01 0.000000e+00
    endloop
  endfacet
  facet normal 0.000000e+00 0.000000e+00 1.000000e+00
    outer loop
      vertex -1.000060e+02 3.369770e+01 0.000000e+00
      vertex -5.620740e+01 3.417650e+01 0.000000e+00
      vertex -9.992650e+01 3.409540e+01 0.000000e+00
    endloop
  endfacet
  facet normal 0.000000e+00 0.000000e+00 1.000000e+00
    outer loop
      vertex -9.992650e+01 3.409540e+01 0.000000e+00
      vertex -5.623930e+01 3.433680e+01 0.000000e+00
      vertex -9.990000e+01 3.450000e+01 0.000000e+00
    endloop
  endfacet
  facet normal 0.000000e+00 -0.000000e+00 1.000000e+00
    outer loop
      vertex -9.990000e+01 3.450000e+01 0.000000e+00
      vertex -5.623930e+01 3.466320e+01 0.000000e+00
      vertex -9.992650e+01 3.490460e+01 0.000000e+00
    endloop
  endfacet
  facet normal -0.000000e+00 -0.000000e+00 1.000000e+00
    outer loop
      vertex -9.992650e+01 3.490460e+01 0.000000e+00
      vertex -5.620740e+01 3.482350e+01 0.000000e+00
      vertex -1.000060e+02 3.530230e+01 0.000000e+00
    endloop
  endfacet
  facet normal 0.000000e+00 0.000000e+00 -1.000000e+00
    outer loop
      vertex -1.290060e+02 3.530230e+01 -4.000000e+00
      vertex -1.058640e+02 3.568630e+01 -4.000000e+00
      vertex -1.059940e+02 3.530230e+01 -4.000000e+00
    endloop
  endfacet
  facet normal 0.000000e+00 0.000000e+00 -1.000000e+00
    outer loop
      vertex -1.291360e+02 3.568630e+01 -4.000000e+00
      vertex -1.056850e+02 3.605000e+01 -4.000000e+00
      vertex -1.058640e+02 3.568630e+01 -4.000000e+00
    endloop
  endfacet
  facet normal 0.000000e+00 0.000000e+00 -1.000000e+00
    outer loop
      vertex -1.293150e+02 3.605000e+01 -4.000000e+00
      vertex -1.054590e+02 3.638720e+01 -4.000000e+00
      vertex -1.056850e+02 3.605000e+01 -4.000000e+00
    endloop
  endfacet
  facet normal 0.000000e+00 0.000000e+00 -1.000000e+00
    outer loop
      vertex -1.295410e+02 3.638720e+01 -4.000000e+00
      vertex -1.051920e+02 3.669200e+01 -4.000000e+00
      vertex -1.054590e+02 3.638720e+01 -4.000000e+00
    endloop
  endfacet
  facet normal 0.000000e+00 0.000000e+00 -1.000000e+00
    outer loop
      vertex -1.298080e+02 3.669200e+01 -4.000000e+00
      vertex -1.048870e+02 3.695940e+01 -4.000000e+00
      vertex -1.051920e+02 3.669200e+01 -4.000000e+00
    endloop
  endfacet
  facet normal 0.000000e+00 0.000000e+00 -1.000000e+00
    outer loop
      vertex -1.301130e+02 3.695940e+01 -4.000000e+00
      vertex -1.045500e+02 3.718470e+01 -4.000000e+00
      vertex -1.048870e+02 3.695940e+01 -4.000000e+00
    endloop
  endfacet
  facet normal 0.000000e+00 0.000000e+00 -1.000000e+00
    outer loop
      vertex -1.304500e+02 3.718470e+01 -4.000000e+00
      vertex -1.041860e+02 3.736400e+01 -4.000000e+00
      vertex -1.045500e+02 3.718470e+01 -4.000000e+00
    endloop
  endfacet
  facet normal 0.000000e+00 0.000000e+00 -1.000000e+00
    outer loop
      vertex -1.308140e+02 3.736400e+01 -4.000000e+00
      vertex -1.038020e+02 3.749440e+01 -4.000000e+00
      vertex -1.041860e+02 3.736400e+01 -4.000000e+00
    endloop
  endfacet
  facet normal 0.000000e+00 0.000000e+00 -1.000000e+00
    outer loop
      vertex -1.311980e+02 3.749440e+01 -4.000000e+00
      vertex -1.034050e+02 3.757350e+01 -4.000000e+00
      vertex -1.038020e+02 3.749440e+01 -4.000000e+00
    endloop
  endfacet
  facet normal 0.000000e+00 0.000000e+00 -1.000000e+00
    outer loop
      vertex -1.550000e+02 4.300000e+01 -4.000000e+00
      vertex -5.500000e+01 3.575000e+01 -4.000000e+00
      vertex -1.025950e+02 3.757350e+01 -4.000000e+00
    endloop
  endfacet
  facet normal 0.000000e+00 0.000000e+00 1.000000e+00
    outer loop
      vertex -1.290060e+02 3.530230e+01 0.000000e+00
      vertex -1.059940e+02 3.530230e+01 0.000000e+00
      vertex -1.058640e+02 3.568630e+01 0.000000e+00
    endloop
  endfacet
  facet normal 0.000000e+00 0.000000e+00 1.000000e+00
    outer loop
      vertex -1.291360e+02 3.568630e+01 0.000000e+00
      vertex -1.058640e+02 3.568630e+01 0.000000e+00
      vertex -1.056850e+02 3.605000e+01 0.000000e+00
    endloop
  endfacet
  facet normal 0.000000e+00 0.000000e+00 1.000000e+00
    outer loop
      vertex -1.293150e+02 3.605000e+01 0.000000e+00
      vertex -1.056850e+02 3.605000e+01 0.000000e+00
      vertex -1.054590e+02 3.638720e+01 0.000000e+00
    endloop
  endfacet
  facet normal 0.000000e+00 0.000000e+00 1.000000e+00
    outer loop
      vertex -1.295410e+02 3.638720e+01 0.000000e+00
      vertex -1.054590e+02 3.638720e+01 0.000000e+00
      vertex -1.051920e+02 3.669200e+01 0.000000e+00
    endloop
  endfacet
  facet normal 0.000000e+00 0.000000e+00 1.000000e+00
    outer loop
      vertex -1.298080e+02 3.669200e+01 0.000000e+00
      vertex -1.051920e+02 3.669200e+01 0.000000e+00
      vertex -1.048870e+02 3.695940e+01 0.000000e+00
    endloop
  endfacet
  facet normal 0.000000e+00 0.000000e+00 1.000000e+00
    outer loop
      vertex -1.301130e+02 3.695940e+01 0.000000e+00
      vertex -1.048870e+02 3.695940e+01 0.000000e+00
      vertex -1.045500e+02 3.718470e+01 0.000000e+00
    endloop
  endfacet
  facet normal 0.000000e+00 0.000000e+00 1.000000e+00
    outer loop
      vertex -1.304500e+02 3.718470e+01 0.000000e+00
      vertex -1.045500e+02 3.718470e+01 0.000000e+00
      vertex -1.041860e+02 3.736400e+01 0.000000e+00
    endloop
  endfacet
  facet normal 0.000000e+00 0.000000e+00 1.000000e+00
    outer loop
      vertex -1.308140e+02 3.736400e+01 0.000000e+00
      vertex -1.041860e+02 3.736400e+01 0.000000e+00
      vertex -1.038020e+02 3.749440e+01 0.000000e+00
    endloop
  endfacet
  facet normal 0.000000e+00 0.000000e+00 1.000000e+00
    outer loop
      vertex -1.311980e+02 3.749440e+01 0.000000e+00
      vertex -1.038020e+02 3.749440e+01 0.000000e+00
      vertex -1.034050e+02 3.757350e+01 0.000000e+00
    endloop
  endfacet
  facet normal 9.471890e-01 -3.206759e-01 0.000000e+00
    outer loop
      vertex -1.059940e+02 3.530230e+01 -4.000000e+00
      vertex -1.058640e+02 3.568630e+01 -4.000000e+00
      vertex -1.059940e+02 3.530230e+01 0.000000e+00
    endloop
  endfacet
  facet normal 8.972214e-01 -4.415810e-01 0.000000e+00
    outer loop
      vertex -1.058640e+02 3.568630e+01 -4.000000e+00
      vertex -1.056850e+02 3.605000e+01 -4.000000e+00
      vertex -1.058640e+02 3.568630e+01 0.000000e+00
    endloop
  endfacet
  facet normal 8.306859e-01 -5.567414e-01 0.000000e+00
    outer loop
      vertex -1.056850e+02 3.605000e+01 -4.000000e+00
      vertex -1.054590e+02 3.638720e+01 -4.000000e+00
      vertex -1.056850e+02 3.605000e+01 0.000000e+00
    endloop
  endfacet
  facet normal 7.522138e-01 -6.589191e-01 0.000000e+00
    outer loop
      vertex -1.054590e+02 3.638720e+01 -4.000000e+00
      vertex -1.051920e+02 3.669200e+01 -4.000000e+00
      vertex -1.054590e+02 3.638720e+01 0.000000e+00
    endloop
  endfacet
  facet normal 6.592354e-01 -7.519367e-01 0.000000e+00
    outer loop
      vertex -1.051920e+02 3.669200e+01 -4.000000e+00
      vertex -1.048870e+02 3.695940e+01 -4.000000e+00
      vertex -1.048870e+02 3.695940e+01 0.000000e+00
    endloop
  endfacet
  facet normal 5.557834e-01 -8.313272e-01 0.000000e+00
    outer loop
      vertex -1.048870e+02 3.695940e+01 -4.000000e+00
      vertex -1.045500e+02 3.718470e+01 -4.000000e+00
      vertex -1.045500e+02 3.718470e+01 0.000000e+00
    endloop
  endfacet
  facet normal 4.418733e-01 -8.970775e-01 0.000000e+00
    outer loop
      vertex -1.045500e+02 3.718470e+01 -4.000000e+00
      vertex -1.041860e+02 3.736400e+01 -4.000000e+00
      vertex -1.041860e+02 3.736400e+01 0.000000e+00
    endloop
  endfacet
  facet normal 3.215563e-01 -9.468905e-01 0.000000e+00
    outer loop
      vertex -1.041860e+02 3.736400e+01 -4.000000e+00
      vertex -1.038020e+02 3.749440e+01 -4.000000e+00
      vertex -1.038020e+02 3.749440e+01 0.000000e+00
    endloop
  endfacet
  facet normal -3.215563e-01 -9.468905e-01 0.000000e+00
    outer loop
      vertex -1.018140e+02 3.736400e+01 -4.000000e+00
      vertex -1.018140e+02 3.736400e+01 0.000000e+00
      vertex -1.021980e+02 3.749440e+01 -4.000000e+00
    endloop
  endfacet
  facet normal 1.954057e-01 -9.807225e-01 0.000000e+00
    outer loop
      vertex -1.038020e+02 3.749440e+01 -4.000000e+00
      vertex -1.034050e+02 3.757350e+01 -4.000000e+00
      vertex -1.034050e+02 3.757350e+01 0.000000e+00
    endloop
  endfacet
  facet normal 6.528504e-02 -9.978667e-01 0.000000e+00
    outer loop
      vertex -1.034050e+02 3.757350e+01 -4.000000e+00
      vertex -1.030000e+02 3.760000e+01 -4.000000e+00
      vertex -1.030000e+02 3.760000e+01 0.000000e+00
    endloop
  endfacet
  facet normal -6.528504e-02 -9.978667e-01 0.000000e+00
    outer loop
      vertex -1.030000e+02 3.760000e+01 -4.000000e+00
      vertex -1.025950e+02 3.757350e+01 -4.000000e+00
      vertex -1.025950e+02 3.757350e+01 0.000000e+00
    endloop
  endfacet
  facet normal -1.954057e-01 -9.807225e-01 0.000000e+00
    outer loop
      vertex -1.025950e+02 3.757350e+01 -4.000000e+00
      vertex -1.021980e+02 3.749440e+01 -4.000000e+00
      vertex -1.021980e+02 3.749440e+01 0.000000e+00
    endloop
  endfacet
  facet normal -9.471890e-01 -3.206759e-01 0.000000e+00
    outer loop
      vertex -1.000060e+02 3.530230e+01 -4.000000e+00
      vertex -1.001360e+02 3.568630e+01 0.000000e+00
      vertex -1.001360e+02 3.568630e+01 -4.000000e+00
    endloop
  endfacet
  facet normal -8.972214e-01 -4.415810e-01 0.000000e+00
    outer loop
      vertex -1.001360e+02 3.568630e+01 -4.000000e+00
      vertex -1.003150e+02 3.605000e+01 0.000000e+00
      vertex -1.003150e+02 3.605000e+01 -4.000000e+00
    endloop
  endfacet
  facet normal -7.522138e-01 -6.589191e-01 0.000000e+00
    outer loop
      vertex -1.005410e+02 3.638720e+01 -4.000000e+00
      vertex -1.008080e+02 3.669200e+01 0.000000e+00
      vertex -1.008080e+02 3.669200e+01 -4.000000e+00
    endloop
  endfacet
  facet normal -8.306859e-01 -5.567414e-01 0.000000e+00
    outer loop
      vertex -1.005410e+02 3.638720e+01 -4.000000e+00
      vertex -1.003150e+02 3.605000e+01 -4.000000e+00
      vertex -1.005410e+02 3.638720e+01 0.000000e+00
    endloop
  endfacet
  facet normal -5.557834e-01 -8.313272e-01 0.000000e+00
    outer loop
      vertex -1.011130e+02 3.695940e+01 -4.000000e+00
      vertex -1.011130e+02 3.695940e+01 0.000000e+00
      vertex -1.014500e+02 3.718470e+01 -4.000000e+00
    endloop
  endfacet
  facet normal -6.592354e-01 -7.519367e-01 0.000000e+00
    outer loop
      vertex -1.008080e+02 3.669200e+01 -4.000000e+00
      vertex -1.008080e+02 3.669200e+01 0.000000e+00
      vertex -1.011130e+02 3.695940e+01 -4.000000e+00
    endloop
  endfacet
  facet normal -4.418733e-01 -8.970775e-01 0.000000e+00
    outer loop
      vertex -1.018140e+02 3.736400e+01 -4.000000e+00
      vertex -1.014500e+02 3.718470e+01 -4.000000e+00
      vertex -1.014500e+02 3.718470e+01 0.000000e+00
    endloop
  endfacet
  facet normal 9.471890e-01 -3.206759e-01 0.000000e+00
    outer loop
      vertex -1.058640e+02 3.568630e+01 -4.000000e+00
      vertex -1.058640e+02 3.568630e+01 0.000000e+00
      vertex -1.059940e+02 3.530230e+01 0.000000e+00
    endloop
  endfacet
  facet normal 8.972214e-01 -4.415810e-01 0.000000e+00
    outer loop
      vertex -1.056850e+02 3.605000e+01 -4.000000e+00
      vertex -1.056850e+02 3.605000e+01 0.000000e+00
      vertex -1.058640e+02 3.568630e+01 0.000000e+00
    endloop
  endfacet
  facet normal 8.306859e-01 -5.567414e-01 0.000000e+00
    outer loop
      vertex -1.054590e+02 3.638720e+01 -4.000000e+00
      vertex -1.054590e+02 3.638720e+01 0.000000e+00
      vertex -1.056850e+02 3.605000e+01 0.000000e+00
    endloop
  endfacet
  facet normal 7.522138e-01 -6.589191e-01 0.000000e+00
    outer loop
      vertex -1.051920e+02 3.669200e+01 -4.000000e+00
      vertex -1.051920e+02 3.669200e+01 0.000000e+00
      vertex -1.054590e+02 3.638720e+01 0.000000e+00
    endloop
  endfacet
  facet normal 6.592354e-01 -7.519367e-01 0.000000e+00
    outer loop
      vertex -1.051920e+02 3.669200e+01 -4.000000e+00
      vertex -1.048870e+02 3.695940e+01 0.000000e+00
      vertex -1.051920e+02 3.669200e+01 0.000000e+00
    endloop
  endfacet
  facet normal 5.557834e-01 -8.313272e-01 0.000000e+00
    outer loop
      vertex -1.048870e+02 3.695940e+01 -4.000000e+00
      vertex -1.045500e+02 3.718470e+01 0.000000e+00
      vertex -1.048870e+02 3.695940e+01 0.000000e+00
    endloop
  endfacet
  facet normal 4.418733e-01 -8.970775e-01 0.000000e+00
    outer loop
      vertex -1.045500e+02 3.718470e+01 -4.000000e+00
      vertex -1.041860e+02 3.736400e+01 0.000000e+00
      vertex -1.045500e+02 3.718470e+01 0.000000e+00
    endloop
  endfacet
  facet normal 3.215563e-01 -9.468905e-01 0.000000e+00
    outer loop
      vertex -1.041860e+02 3.736400e+01 -4.000000e+00
      vertex -1.038020e+02 3.749440e+01 0.000000e+00
      vertex -1.041860e+02 3.736400e+01 0.000000e+00
    endloop
  endfacet
  facet normal -3.215563e-01 -9.468905e-01 0.000000e+00
    outer loop
      vertex -1.021980e+02 3.749440e+01 -4.000000e+00
      vertex -1.018140e+02 3.736400e+01 0.000000e+00
      vertex -1.021980e+02 3.749440e+01 0.000000e+00
    endloop
  endfacet
  facet normal 1.954057e-01 -9.807225e-01 0.000000e+00
    outer loop
      vertex -1.038020e+02 3.749440e+01 -4.000000e+00
      vertex -1.034050e+02 3.757350e+01 0.000000e+00
      vertex -1.038020e+02 3.749440e+01 0.000000e+00
    endloop
  endfacet
  facet normal 6.528504e-02 -9.978667e-01 0.000000e+00
    outer loop
      vertex -1.034050e+02 3.757350e+01 -4.000000e+00
      vertex -1.030000e+02 3.760000e+01 0.000000e+00
      vertex -1.034050e+02 3.757350e+01 0.000000e+00
    endloop
  endfacet
  facet normal -6.528504e-02 -9.978667e-01 0.000000e+00
    outer loop
      vertex -1.030000e+02 3.760000e+01 -4.000000e+00
      vertex -1.025950e+02 3.757350e+01 0.000000e+00
      vertex -1.030000e+02 3.760000e+01 0.000000e+00
    endloop
  endfacet
  facet normal -1.954057e-01 -9.807225e-01 0.000000e+00
    outer loop
      vertex -1.025950e+02 3.757350e+01 -4.000000e+00
      vertex -1.021980e+02 3.749440e+01 0.000000e+00
      vertex -1.025950e+02 3.757350e+01 0.000000e+00
    endloop
  endfacet
  facet normal -9.471890e-01 -3.206759e-01 0.000000e+00
    outer loop
      vertex -1.000060e+02 3.530230e+01 -4.000000e+00
      vertex -1.000060e+02 3.530230e+01 0.000000e+00
      vertex -1.001360e+02 3.568630e+01 0.000000e+00
    endloop
  endfacet
  facet normal -8.972214e-01 -4.415810e-01 0.000000e+00
    outer loop
      vertex -1.001360e+02 3.568630e+01 -4.000000e+00
      vertex -1.001360e+02 3.568630e+01 0.000000e+00
      vertex -1.003150e+02 3.605000e+01 0.000000e+00
    endloop
  endfacet
  facet normal -7.522138e-01 -6.589191e-01 0.000000e+00
    outer loop
      vertex -1.005410e+02 3.638720e+01 -4.000000e+00
      vertex -1.005410e+02 3.638720e+01 0.000000e+00
      vertex -1.008080e+02 3.669200e+01 0.000000e+00
    endloop
  endfacet
  facet normal -8.306859e-01 -5.567414e-01 0.000000e+00
    outer loop
      vertex -1.003150e+02 3.605000e+01 -4.000000e+00
      vertex -1.003150e+02 3.605000e+01 0.000000e+00
      vertex -1.005410e+02 3.638720e+01 0.000000e+00
    endloop
  endfacet
  facet normal -6.592354e-01 -7.519367e-01 0.000000e+00
    outer loop
      vertex -1.011130e+02 3.695940e+01 -4.000000e+00
      vertex -1.008080e+02 3.669200e+01 0.000000e+00
      vertex -1.011130e+02 3.695940e+01 0.000000e+00
    endloop
  endfacet
  facet normal -5.557834e-01 -8.313272e-01 0.000000e+00
    outer loop
      vertex -1.014500e+02 3.718470e+01 -4.000000e+00
      vertex -1.011130e+02 3.695940e+01 0.000000e+00
      vertex -1.014500e+02 3.718470e+01 0.000000e+00
    endloop
  endfacet
  facet normal -4.418733e-01 -8.970775e-01 0.000000e+00
    outer loop
      vertex -1.018140e+02 3.736400e+01 -4.000000e+00
      vertex -1.014500e+02 3.718470e+01 0.000000e+00
      vertex -1.018140e+02 3.736400e+01 0.000000e+00
    endloop
  endfacet
  facet normal 0.000000e+00 0.000000e+00 1.000000e+00
    outer loop
      vertex -1.530000e+02 4.500000e+01 0.000000e+00
      vertex -1.025950e+02 3.757350e+01 0.000000e+00
      vertex -5.500000e+01 3.575000e+01 0.000000e+00
    endloop
  endfacet
  facet normal 0.000000e+00 0.000000e+00 -1.000000e+00
    outer loop
      vertex -1.000060e+02 3.530230e+01 -4.000000e+00
      vertex -1.001360e+02 3.568630e+01 -4.000000e+00
      vertex -5.615490e+01 3.497840e+01 -4.000000e+00
    endloop
  endfacet
  facet normal 0.000000e+00 0.000000e+00 -1.000000e+00
    outer loop
      vertex -1.001360e+02 3.568630e+01 -4.000000e+00
      vertex -1.003150e+02 3.605000e+01 -4.000000e+00
      vertex -5.608250e+01 3.512500e+01 -4.000000e+00
    endloop
  endfacet
  facet normal 0.000000e+00 0.000000e+00 -1.000000e+00
    outer loop
      vertex -1.005410e+02 3.638720e+01 -4.000000e+00
      vertex -5.599170e+01 3.526100e+01 -4.000000e+00
      vertex -1.003150e+02 3.605000e+01 -4.000000e+00
    endloop
  endfacet
  facet normal 0.000000e+00 0.000000e+00 -1.000000e+00
    outer loop
      vertex -1.011130e+02 3.695940e+01 -4.000000e+00
      vertex -1.014500e+02 3.718470e+01 -4.000000e+00
      vertex -5.562500e+01 3.558250e+01 -4.000000e+00
    endloop
  endfacet
  facet normal 0.000000e+00 0.000000e+00 -1.000000e+00
    outer loop
      vertex -1.005410e+02 3.638720e+01 -4.000000e+00
      vertex -1.008080e+02 3.669200e+01 -4.000000e+00
      vertex -5.588390e+01 3.538390e+01 -4.000000e+00
    endloop
  endfacet
  facet normal 0.000000e+00 0.000000e+00 -1.000000e+00
    outer loop
      vertex -1.008080e+02 3.669200e+01 -4.000000e+00
      vertex -1.011130e+02 3.695940e+01 -4.000000e+00
      vertex -5.576100e+01 3.549170e+01 -4.000000e+00
    endloop
  endfacet
  facet normal 0.000000e+00 0.000000e+00 -1.000000e+00
    outer loop
      vertex -1.025950e+02 3.757350e+01 -4.000000e+00
      vertex -5.516320e+01 3.573930e+01 -4.000000e+00
      vertex -1.021980e+02 3.749440e+01 -4.000000e+00
    endloop
  endfacet
  facet normal 0.000000e+00 0.000000e+00 -1.000000e+00
    outer loop
      vertex -1.018140e+02 3.736400e+01 -4.000000e+00
      vertex -1.021980e+02 3.749440e+01 -4.000000e+00
      vertex -5.532350e+01 3.570740e+01 -4.000000e+00
    endloop
  endfacet
  facet normal 0.000000e+00 0.000000e+00 -1.000000e+00
    outer loop
      vertex -1.018140e+02 3.736400e+01 -4.000000e+00
      vertex -5.547840e+01 3.565490e+01 -4.000000e+00
      vertex -1.014500e+02 3.718470e+01 -4.000000e+00
    endloop
  endfacet
  facet normal -0.000000e+00 -0.000000e+00 1.000000e+00
    outer loop
      vertex -1.000060e+02 3.530230e+01 0.000000e+00
      vertex -5.615490e+01 3.497840e+01 0.000000e+00
      vertex -1.001360e+02 3.568630e+01 0.000000e+00
    endloop
  endfacet
  facet normal -0.000000e+00 -0.000000e+00 1.000000e+00
    outer loop
      vertex -1.001360e+02 3.568630e+01 0.000000e+00
      vertex -5.608250e+01 3.512500e+01 0.000000e+00
      vertex -1.003150e+02 3.605000e+01 0.000000e+00
    endloop
  endfacet
  facet normal 0.000000e+00 0.000000e+00 1.000000e+00
    outer loop
      vertex -1.005410e+02 3.638720e+01 0.000000e+00
      vertex -1.003150e+02 3.605000e+01 0.000000e+00
      vertex -5.599170e+01 3.526100e+01 0.000000e+00
    endloop
  endfacet
  facet normal -0.000000e+00 -0.000000e+00 1.000000e+00
    outer loop
      vertex -1.011130e+02 3.695940e+01 0.000000e+00
      vertex -5.562500e+01 3.558250e+01 0.000000e+00
      vertex -1.014500e+02 3.718470e+01 0.000000e+00
    endloop
  endfacet
  facet normal -0.000000e+00 -0.000000e+00 1.000000e+00
    outer loop
      vertex -1.005410e+02 3.638720e+01 0.000000e+00
      vertex -5.588390e+01 3.538390e+01 0.000000e+00
      vertex -1.008080e+02 3.669200e+01 0.000000e+00
    endloop
  endfacet
  facet normal -0.000000e+00 -0.000000e+00 1.000000e+00
    outer loop
      vertex -1.008080e+02 3.669200e+01 0.000000e+00
      vertex -5.576100e+01 3.549170e+01 0.000000e+00
      vertex -1.011130e+02 3.695940e+01 0.000000e+00
    endloop
  endfacet
  facet normal 0.000000e+00 0.000000e+00 1.000000e+00
    outer loop
      vertex -1.025950e+02 3.757350e+01 0.000000e+00
      vertex -1.021980e+02 3.749440e+01 0.000000e+00
      vertex -5.516320e+01 3.573930e+01 0.000000e+00
    endloop
  endfacet
  facet normal -0.000000e+00 -0.000000e+00 1.000000e+00
    outer loop
      vertex -1.018140e+02 3.736400e+01 0.000000e+00
      vertex -5.532350e+01 3.570740e+01 0.000000e+00
      vertex -1.021980e+02 3.749440e+01 0.000000e+00
    endloop
  endfacet
  facet normal 0.000000e+00 0.000000e+00 1.000000e+00
    outer loop
      vertex -1.018140e+02 3.736400e+01 0.000000e+00
      vertex -1.014500e+02 3.718470e+01 0.000000e+00
      vertex -5.547840e+01 3.565490e+01 0.000000e+00
    endloop
  endfacet
  facet normal 0.000000e+00 0.000000e+00 -1.000000e+00
    outer loop
      vertex -5.576100e+01 -3.350830e+01 -4.000000e+00
      vertex -1.110000e+02 0.000000e+00 -4.000000e+00
      vertex -5.576100e+01 3.350830e+01 -4.000000e+00
    endloop
  endfacet
  facet normal 0.000000e+00 -0.000000e+00 1.000000e+00
    outer loop
      vertex -5.576100e+01 -3.350830e+01 0.000000e+00
      vertex -5.576100e+01 3.350830e+01 0.000000e+00
      vertex -1.110000e+02 0.000000e+00 0.000000e+00
    endloop
  endfacet
  facet normal 0.000000e+00 0.000000e+00 -1.000000e+00
    outer loop
      vertex -5.576100e+01 -3.350830e+01 -4.000000e+00
      vertex -5.576100e+01 3.350830e+01 -4.000000e+00
      vertex -5.562500e+01 3.341750e+01 -4.000000e+00
    endloop
  endfacet
  facet normal 0.000000e+00 0.000000e+00 -1.000000e+00
    outer loop
      vertex -5.547840e+01 -3.334510e+01 -4.000000e+00
      vertex -5.547840e+01 3.334510e+01 -4.000000e+00
      vertex -5.532350e+01 3.329260e+01 -4.000000e+00
    endloop
  endfacet
  facet normal 0.000000e+00 0.000000e+00 -1.000000e+00
    outer loop
      vertex -5.562500e+01 -3.341750e+01 -4.000000e+00
      vertex -5.562500e+01 3.341750e+01 -4.000000e+00
      vertex -5.547840e+01 3.334510e+01 -4.000000e+00
    endloop
  endfacet
  facet normal 0.000000e+00 0.000000e+00 -1.000000e+00
    outer loop
      vertex -5.516320e+01 -3.326070e+01 -4.000000e+00
      vertex -5.516320e+01 3.326070e+01 -4.000000e+00
      vertex -5.500000e+01 3.325000e+01 -4.000000e+00
    endloop
  endfacet
  facet normal 0.000000e+00 0.000000e+00 -1.000000e+00
    outer loop
      vertex -5.532350e+01 -3.329260e+01 -4.000000e+00
      vertex -5.532350e+01 3.329260e+01 -4.000000e+00
      vertex -5.516320e+01 3.326070e+01 -4.000000e+00
    endloop
  endfacet
  facet normal 0.000000e+00 0.000000e+00 -1.000000e+00
    outer loop
      vertex -5.500000e+01 -3.325000e+01 -4.000000e+00
      vertex -5.500000e+01 3.325000e+01 -4.000000e+00
      vertex -5.483680e+01 3.326070e+01 -4.000000e+00
    endloop
  endfacet
  facet normal 0.000000e+00 0.000000e+00 -1.000000e+00
    outer loop
      vertex -5.483680e+01 -3.326070e+01 -4.000000e+00
      vertex -5.483680e+01 3.326070e+01 -4.000000e+00
      vertex -5.467650e+01 3.329260e+01 -4.000000e+00
    endloop
  endfacet
  facet normal 0.000000e+00 0.000000e+00 -1.000000e+00
    outer loop
      vertex -5.467650e+01 -3.329260e+01 -4.000000e+00
      vertex -5.467650e+01 3.329260e+01 -4.000000e+00
      vertex -5.452160e+01 3.334510e+01 -4.000000e+00
    endloop
  endfacet
  facet normal 0.000000e+00 0.000000e+00 -1.000000e+00
    outer loop
      vertex -5.437500e+01 -3.341750e+01 -4.000000e+00
      vertex -5.437500e+01 3.341750e+01 -4.000000e+00
      vertex -5.423900e+01 3.350830e+01 -4.000000e+00
    endloop
  endfacet
  facet normal 0.000000e+00 0.000000e+00 -1.000000e+00
    outer loop
      vertex -5.452160e+01 -3.334510e+01 -4.000000e+00
      vertex -5.452160e+01 3.334510e+01 -4.000000e+00
      vertex -5.437500e+01 3.341750e+01 -4.000000e+00
    endloop
  endfacet
  facet normal 0.000000e+00 0.000000e+00 -1.000000e+00
    outer loop
      vertex -5.423900e+01 -3.350830e+01 -4.000000e+00
      vertex -5.423900e+01 3.350830e+01 -4.000000e+00
      vertex -5.411610e+01 3.361610e+01 -4.000000e+00
    endloop
  endfacet
  facet normal 0.000000e+00 0.000000e+00 -1.000000e+00
    outer loop
      vertex -5.411610e+01 -3.361610e+01 -4.000000e+00
      vertex -5.411610e+01 3.361610e+01 -4.000000e+00
      vertex -5.400830e+01 3.373900e+01 -4.000000e+00
    endloop
  endfacet
  facet normal 0.000000e+00 0.000000e+00 -1.000000e+00
    outer loop
      vertex -5.400830e+01 -3.373900e+01 -4.000000e+00
      vertex -5.400830e+01 3.373900e+01 -4.000000e+00
      vertex -5.391750e+01 3.387500e+01 -4.000000e+00
    endloop
  endfacet
  facet normal 0.000000e+00 -0.000000e+00 1.000000e+00
    outer loop
      vertex -5.547840e+01 -3.334510e+01 0.000000e+00
      vertex -5.547840e+01 3.334510e+01 0.000000e+00
      vertex -5.562500e+01 3.341750e+01 0.000000e+00
    endloop
  endfacet
  facet normal 0.000000e+00 -0.000000e+00 1.000000e+00
    outer loop
      vertex -5.562500e+01 -3.341750e+01 0.000000e+00
      vertex -5.562500e+01 3.341750e+01 0.000000e+00
      vertex -5.576100e+01 3.350830e+01 0.000000e+00
    endloop
  endfacet
  facet normal 0.000000e+00 -0.000000e+00 1.000000e+00
    outer loop
      vertex -5.516320e+01 -3.326070e+01 0.000000e+00
      vertex -5.516320e+01 3.326070e+01 0.000000e+00
      vertex -5.532350e+01 3.329260e+01 0.000000e+00
    endloop
  endfacet
  facet normal 0.000000e+00 -0.000000e+00 1.000000e+00
    outer loop
      vertex -5.532350e+01 -3.329260e+01 0.000000e+00
      vertex -5.532350e+01 3.329260e+01 0.000000e+00
      vertex -5.547840e+01 3.334510e+01 0.000000e+00
    endloop
  endfacet
  facet normal 0.000000e+00 -0.000000e+00 1.000000e+00
    outer loop
      vertex -5.483680e+01 -3.326070e+01 0.000000e+00
      vertex -5.483680e+01 3.326070e+01 0.000000e+00
      vertex -5.500000e+01 3.325000e+01 0.000000e+00
    endloop
  endfacet
  facet normal 0.000000e+00 -0.000000e+00 1.000000e+00
    outer loop
      vertex -5.500000e+01 -3.325000e+01 0.000000e+00
      vertex -5.500000e+01 3.325000e+01 0.000000e+00
      vertex -5.516320e+01 3.326070e+01 0.000000e+00
    endloop
  endfacet
  facet normal 0.000000e+00 -0.000000e+00 1.000000e+00
    outer loop
      vertex -5.452160e+01 -3.334510e+01 0.000000e+00
      vertex -5.452160e+01 3.334510e+01 0.000000e+00
      vertex -5.467650e+01 3.329260e+01 0.000000e+00
    endloop
  endfacet
  facet normal 0.000000e+00 -0.000000e+00 1.000000e+00
    outer loop
      vertex -5.467650e+01 -3.329260e+01 0.000000e+00
      vertex -5.467650e+01 3.329260e+01 0.000000e+00
      vertex -5.483680e+01 3.326070e+01 0.000000e+00
    endloop
  endfacet
  facet normal 0.000000e+00 -0.000000e+00 1.000000e+00
    outer loop
      vertex -5.423900e+01 -3.350830e+01 0.000000e+00
      vertex -5.423900e+01 3.350830e+01 0.000000e+00
      vertex -5.437500e+01 3.341750e+01 0.000000e+00
    endloop
  endfacet
  facet normal 0.000000e+00 -0.000000e+00 1.000000e+00
    outer loop
      vertex -5.437500e+01 -3.341750e+01 0.000000e+00
      vertex -5.437500e+01 3.341750e+01 0.000000e+00
      vertex -5.452160e+01 3.334510e+01 0.000000e+00
    endloop
  endfacet
  facet normal 0.000000e+00 -0.000000e+00 1.000000e+00
    outer loop
      vertex -5.411610e+01 -3.361610e+01 0.000000e+00
      vertex -5.411610e+01 3.361610e+01 0.000000e+00
      vertex -5.423900e+01 3.350830e+01 0.000000e+00
    endloop
  endfacet
  facet normal 0.000000e+00 -0.000000e+00 1.000000e+00
    outer loop
      vertex -5.391750e+01 -3.387500e+01 0.000000e+00
      vertex -5.391750e+01 3.387500e+01 0.000000e+00
      vertex -5.400830e+01 3.373900e+01 0.000000e+00
    endloop
  endfacet
  facet normal 0.000000e+00 -0.000000e+00 1.000000e+00
    outer loop
      vertex -5.400830e+01 -3.373900e+01 0.000000e+00
      vertex -5.400830e+01 3.373900e+01 0.000000e+00
      vertex -5.411610e+01 3.361610e+01 0.000000e+00
    endloop
  endfacet
  facet normal 0.000000e+00 0.000000e+00 -1.000000e+00
    outer loop
      vertex -5.391750e+01 -3.387500e+01 -4.000000e+00
      vertex -5.391750e+01 3.387500e+01 -4.000000e+00
      vertex 5.391750e+01 3.387500e+01 -4.000000e+00
    endloop
  endfacet
  facet normal 0.000000e+00 -1.000000e+00 0.000000e+00
    outer loop
      vertex -1.550000e+02 4.300000e+01 -5.600000e+01
      vertex 1.550000e+02 4.300000e+01 -4.000000e+00
      vertex -1.550000e+02 4.300000e+01 -4.000000e+00
    endloop
  endfacet
  facet normal 0.000000e+00 0.000000e+00 -1.000000e+00
    outer loop
      vertex -9.990000e+01 3.450000e+01 -4.000000e+00
      vertex -5.599170e+01 3.373900e+01 -4.000000e+00
      vertex -5.588390e+01 3.361610e+01 -4.000000e+00
    endloop
  endfacet
  facet normal 0.000000e+00 0.000000e+00 -1.000000e+00
    outer loop
      vertex -9.990000e+01 3.450000e+01 -4.000000e+00
      vertex -5.588390e+01 3.361610e+01 -4.000000e+00
      vertex -5.576100e+01 3.350830e+01 -4.000000e+00
    endloop
  endfacet
  facet normal 0.000000e+00 0.000000e+00 -1.000000e+00
    outer loop
      vertex -9.990000e+01 3.450000e+01 -4.000000e+00
      vertex -5.608250e+01 3.387500e+01 -4.000000e+00
      vertex -5.599170e+01 3.373900e+01 -4.000000e+00
    endloop
  endfacet
  facet normal 0.000000e+00 0.000000e+00 -1.000000e+00
    outer loop
      vertex -9.990000e+01 3.450000e+01 -4.000000e+00
      vertex -5.615490e+01 3.402160e+01 -4.000000e+00
      vertex -5.608250e+01 3.387500e+01 -4.000000e+00
    endloop
  endfacet
  facet normal 0.000000e+00 0.000000e+00 -1.000000e+00
    outer loop
      vertex -9.990000e+01 3.450000e+01 -4.000000e+00
      vertex -5.620740e+01 3.417650e+01 -4.000000e+00
      vertex -5.615490e+01 3.402160e+01 -4.000000e+00
    endloop
  endfacet
  facet normal 0.000000e+00 0.000000e+00 -1.000000e+00
    outer loop
      vertex -9.990000e+01 3.450000e+01 -4.000000e+00
      vertex -5.623930e+01 3.433680e+01 -4.000000e+00
      vertex -5.620740e+01 3.417650e+01 -4.000000e+00
    endloop
  endfacet
  facet normal 0.000000e+00 0.000000e+00 -1.000000e+00
    outer loop
      vertex -9.990000e+01 3.450000e+01 -4.000000e+00
      vertex -5.625000e+01 3.450000e+01 -4.000000e+00
      vertex -5.623930e+01 3.433680e+01 -4.000000e+00
    endloop
  endfacet
  facet normal 0.000000e+00 0.000000e+00 -1.000000e+00
    outer loop
      vertex -9.990000e+01 3.450000e+01 -4.000000e+00
      vertex -5.623930e+01 3.466320e+01 -4.000000e+00
      vertex -5.625000e+01 3.450000e+01 -4.000000e+00
    endloop
  endfacet
  facet normal 0.000000e+00 0.000000e+00 -1.000000e+00
    outer loop
      vertex -9.992650e+01 3.490460e+01 -4.000000e+00
      vertex -5.620740e+01 3.482350e+01 -4.000000e+00
      vertex -5.623930e+01 3.466320e+01 -4.000000e+00
    endloop
  endfacet
  facet normal 0.000000e+00 0.000000e+00 -1.000000e+00
    outer loop
      vertex -1.000060e+02 3.530230e+01 -4.000000e+00
      vertex -5.615490e+01 3.497840e+01 -4.000000e+00
      vertex -5.620740e+01 3.482350e+01 -4.000000e+00
    endloop
  endfacet
  facet normal 0.000000e+00 0.000000e+00 1.000000e+00
    outer loop
      vertex -1.008080e+02 3.230800e+01 0.000000e+00
      vertex -5.576100e+01 3.350830e+01 0.000000e+00
      vertex -5.588390e+01 3.361610e+01 0.000000e+00
    endloop
  endfacet
  facet normal 0.000000e+00 0.000000e+00 1.000000e+00
    outer loop
      vertex -1.005410e+02 3.261280e+01 0.000000e+00
      vertex -5.588390e+01 3.361610e+01 0.000000e+00
      vertex -5.599170e+01 3.373900e+01 0.000000e+00
    endloop
  endfacet
  facet normal 0.000000e+00 0.000000e+00 1.000000e+00
    outer loop
      vertex -1.003150e+02 3.295000e+01 0.000000e+00
      vertex -5.599170e+01 3.373900e+01 0.000000e+00
      vertex -5.608250e+01 3.387500e+01 0.000000e+00
    endloop
  endfacet
  facet normal 0.000000e+00 0.000000e+00 1.000000e+00
    outer loop
      vertex -1.001360e+02 3.331370e+01 0.000000e+00
      vertex -5.608250e+01 3.387500e+01 0.000000e+00
      vertex -5.615490e+01 3.402160e+01 0.000000e+00
    endloop
  endfacet
  facet normal 0.000000e+00 0.000000e+00 1.000000e+00
    outer loop
      vertex -1.000060e+02 3.369770e+01 0.000000e+00
      vertex -5.615490e+01 3.402160e+01 0.000000e+00
      vertex -5.620740e+01 3.417650e+01 0.000000e+00
    endloop
  endfacet
  facet normal 0.000000e+00 0.000000e+00 1.000000e+00
    outer loop
      vertex -9.992650e+01 3.409540e+01 0.000000e+00
      vertex -5.620740e+01 3.417650e+01 0.000000e+00
      vertex -5.623930e+01 3.433680e+01 0.000000e+00
    endloop
  endfacet
  facet normal -0.000000e+00 0.000000e+00 1.000000e+00
    outer loop
      vertex -9.990000e+01 3.450000e+01 0.000000e+00
      vertex -5.623930e+01 3.433680e+01 0.000000e+00
      vertex -5.625000e+01 3.450000e+01 0.000000e+00
    endloop
  endfacet
  facet normal 0.000000e+00 0.000000e+00 1.000000e+00
    outer loop
      vertex -9.990000e+01 3.450000e+01 0.000000e+00
      vertex -5.625000e+01 3.450000e+01 0.000000e+00
      vertex -5.623930e+01 3.466320e+01 0.000000e+00
    endloop
  endfacet
  facet normal 0.000000e+00 0.000000e+00 1.000000e+00
    outer loop
      vertex -9.992650e+01 3.490460e+01 0.000000e+00
      vertex -5.623930e+01 3.466320e+01 0.000000e+00
      vertex -5.620740e+01 3.482350e+01 0.000000e+00
    endloop
  endfacet
  facet normal 0.000000e+00 0.000000e+00 1.000000e+00
    outer loop
      vertex -1.000060e+02 3.530230e+01 0.000000e+00
      vertex -5.620740e+01 3.482350e+01 0.000000e+00
      vertex -5.615490e+01 3.497840e+01 0.000000e+00
    endloop
  endfacet
  facet normal 5.552653e-01 8.316733e-01 -0.000000e+00
    outer loop
      vertex -5.576100e+01 3.350830e+01 -4.000000e+00
      vertex -5.576100e+01 3.350830e+01 0.000000e+00
      vertex -5.562500e+01 3.341750e+01 -4.000000e+00
    endloop
  endfacet
  facet normal 6.594177e-01 7.517768e-01 0.000000e+00
    outer loop
      vertex -5.576100e+01 3.350830e+01 -4.000000e+00
      vertex -5.588390e+01 3.361610e+01 -4.000000e+00
      vertex -5.588390e+01 3.361610e+01 0.000000e+00
    endloop
  endfacet
  facet normal 7.517768e-01 6.594177e-01 -0.000000e+00
    outer loop
      vertex -5.588390e+01 3.361610e+01 -4.000000e+00
      vertex -5.599170e+01 3.373900e+01 -4.000000e+00
      vertex -5.588390e+01 3.361610e+01 0.000000e+00
    endloop
  endfacet
  facet normal 4.428032e-01 8.966188e-01 0.000000e+00
    outer loop
      vertex -5.547840e+01 3.334510e+01 -4.000000e+00
      vertex -5.562500e+01 3.341750e+01 -4.000000e+00
      vertex -5.562500e+01 3.341750e+01 0.000000e+00
    endloop
  endfacet
  facet normal 3.210028e-01 9.470783e-01 -0.000000e+00
    outer loop
      vertex -5.547840e+01 3.334510e+01 -4.000000e+00
      vertex -5.547840e+01 3.334510e+01 0.000000e+00
      vertex -5.532350e+01 3.329260e+01 -4.000000e+00
    endloop
  endfacet
  facet normal 1.951645e-01 9.807705e-01 0.000000e+00
    outer loop
      vertex -5.516320e+01 3.326070e+01 -4.000000e+00
      vertex -5.532350e+01 3.329260e+01 -4.000000e+00
      vertex -5.532350e+01 3.329260e+01 0.000000e+00
    endloop
  endfacet
  facet normal 6.542449e-02 9.978575e-01 -0.000000e+00
    outer loop
      vertex -5.516320e+01 3.326070e+01 -4.000000e+00
      vertex -5.516320e+01 3.326070e+01 0.000000e+00
      vertex -5.500000e+01 3.325000e+01 -4.000000e+00
    endloop
  endfacet
  facet normal -6.542449e-02 9.978575e-01 0.000000e+00
    outer loop
      vertex -5.483680e+01 3.326070e+01 -4.000000e+00
      vertex -5.500000e+01 3.325000e+01 -4.000000e+00
      vertex -5.500000e+01 3.325000e+01 0.000000e+00
    endloop
  endfacet
  facet normal -1.951645e-01 9.807705e-01 0.000000e+00
    outer loop
      vertex -5.483680e+01 3.326070e+01 -4.000000e+00
      vertex -5.483680e+01 3.326070e+01 0.000000e+00
      vertex -5.467650e+01 3.329260e+01 -4.000000e+00
    endloop
  endfacet
  facet normal -3.210028e-01 9.470783e-01 0.000000e+00
    outer loop
      vertex -5.467650e+01 3.329260e+01 -4.000000e+00
      vertex -5.467650e+01 3.329260e+01 0.000000e+00
      vertex -5.452160e+01 3.334510e+01 -4.000000e+00
    endloop
  endfacet
  facet normal -4.428032e-01 8.966188e-01 0.000000e+00
    outer loop
      vertex -5.452160e+01 3.334510e+01 -4.000000e+00
      vertex -5.452160e+01 3.334510e+01 0.000000e+00
      vertex -5.437500e+01 3.341750e+01 -4.000000e+00
    endloop
  endfacet
  facet normal -5.552653e-01 8.316733e-01 0.000000e+00
    outer loop
      vertex -5.437500e+01 3.341750e+01 -4.000000e+00
      vertex -5.437500e+01 3.341750e+01 0.000000e+00
      vertex -5.423900e+01 3.350830e+01 -4.000000e+00
    endloop
  endfacet
  facet normal -6.594177e-01 7.517768e-01 0.000000e+00
    outer loop
      vertex -5.423900e+01 3.350830e+01 -4.000000e+00
      vertex -5.423900e+01 3.350830e+01 0.000000e+00
      vertex -5.411610e+01 3.361610e+01 -4.000000e+00
    endloop
  endfacet
  facet normal -7.517768e-01 6.594177e-01 0.000000e+00
    outer loop
      vertex -5.411610e+01 3.361610e+01 -4.000000e+00
      vertex -5.400830e+01 3.373900e+01 0.000000e+00
      vertex -5.400830e+01 3.373900e+01 -4.000000e+00
    endloop
  endfacet
  facet normal 8.316733e-01 5.552653e-01 -0.000000e+00
    outer loop
      vertex -5.599170e+01 3.373900e+01 -4.000000e+00
      vertex -5.608250e+01 3.387500e+01 -4.000000e+00
      vertex -5.599170e+01 3.373900e+01 0.000000e+00
    endloop
  endfacet
  facet normal 8.966188e-01 4.428032e-01 -0.000000e+00
    outer loop
      vertex -5.608250e+01 3.387500e+01 -4.000000e+00
      vertex -5.615490e+01 3.402160e+01 -4.000000e+00
      vertex -5.608250e+01 3.387500e+01 0.000000e+00
    endloop
  endfacet
  facet normal 9.470783e-01 3.210028e-01 -0.000000e+00
    outer loop
      vertex -5.615490e+01 3.402160e+01 -4.000000e+00
      vertex -5.620740e+01 3.417650e+01 -4.000000e+00
      vertex -5.615490e+01 3.402160e+01 0.000000e+00
    endloop
  endfacet
  facet normal 9.807705e-01 1.951645e-01 -0.000000e+00
    outer loop
      vertex -5.620740e+01 3.417650e+01 -4.000000e+00
      vertex -5.623930e+01 3.433680e+01 -4.000000e+00
      vertex -5.620740e+01 3.417650e+01 0.000000e+00
    endloop
  endfacet
  facet normal 9.978575e-01 6.542449e-02 -0.000000e+00
    outer loop
      vertex -5.623930e+01 3.433680e+01 -4.000000e+00
      vertex -5.625000e+01 3.450000e+01 -4.000000e+00
      vertex -5.623930e+01 3.433680e+01 0.000000e+00
    endloop
  endfacet
  facet normal 9.978575e-01 -6.542449e-02 0.000000e+00
    outer loop
      vertex -5.625000e+01 3.450000e+01 -4.000000e+00
      vertex -5.623930e+01 3.466320e+01 -4.000000e+00
      vertex -5.625000e+01 3.450000e+01 0.000000e+00
    endloop
  endfacet
  facet normal 9.807705e-01 -1.951645e-01 0.000000e+00
    outer loop
      vertex -5.623930e+01 3.466320e+01 -4.000000e+00
      vertex -5.620740e+01 3.482350e+01 -4.000000e+00
      vertex -5.623930e+01 3.466320e+01 0.000000e+00
    endloop
  endfacet
  facet normal 9.470783e-01 -3.210028e-01 0.000000e+00
    outer loop
      vertex -5.620740e+01 3.482350e+01 -4.000000e+00
      vertex -5.615490e+01 3.497840e+01 -4.000000e+00
      vertex -5.620740e+01 3.482350e+01 0.000000e+00
    endloop
  endfacet
  facet normal 8.966188e-01 -4.428032e-01 0.000000e+00
    outer loop
      vertex -5.615490e+01 3.497840e+01 -4.000000e+00
      vertex -5.608250e+01 3.512500e+01 -4.000000e+00
      vertex -5.615490e+01 3.497840e+01 0.000000e+00
    endloop
  endfacet
  facet normal 8.316733e-01 -5.552653e-01 0.000000e+00
    outer loop
      vertex -5.608250e+01 3.512500e+01 -4.000000e+00
      vertex -5.599170e+01 3.526100e+01 -4.000000e+00
      vertex -5.608250e+01 3.512500e+01 0.000000e+00
    endloop
  endfacet
  facet normal -8.316733e-01 5.552653e-01 0.000000e+00
    outer loop
      vertex -5.400830e+01 3.373900e+01 -4.000000e+00
      vertex -5.391750e+01 3.387500e+01 0.000000e+00
      vertex -5.391750e+01 3.387500e+01 -4.000000e+00
    endloop
  endfacet
  facet normal -8.966188e-01 4.428032e-01 0.000000e+00
    outer loop
      vertex -5.391750e+01 3.387500e+01 -4.000000e+00
      vertex -5.384510e+01 3.402160e+01 0.000000e+00
      vertex -5.384510e+01 3.402160e+01 -4.000000e+00
    endloop
  endfacet
  facet normal -9.470783e-01 3.210028e-01 0.000000e+00
    outer loop
      vertex -5.384510e+01 3.402160e+01 -4.000000e+00
      vertex -5.379260e+01 3.417650e+01 0.000000e+00
      vertex -5.379260e+01 3.417650e+01 -4.000000e+00
    endloop
  endfacet
  facet normal -9.807705e-01 1.951645e-01 0.000000e+00
    outer loop
      vertex -5.379260e+01 3.417650e+01 -4.000000e+00
      vertex -5.376070e+01 3.433680e+01 0.000000e+00
      vertex -5.376070e+01 3.433680e+01 -4.000000e+00
    endloop
  endfacet
  facet normal -9.978575e-01 6.542449e-02 0.000000e+00
    outer loop
      vertex -5.376070e+01 3.433680e+01 -4.000000e+00
      vertex -5.375000e+01 3.450000e+01 0.000000e+00
      vertex -5.375000e+01 3.450000e+01 -4.000000e+00
    endloop
  endfacet
  facet normal -9.978575e-01 -6.542449e-02 0.000000e+00
    outer loop
      vertex -5.375000e+01 3.450000e+01 -4.000000e+00
      vertex -5.376070e+01 3.466320e+01 0.000000e+00
      vertex -5.376070e+01 3.466320e+01 -4.000000e+00
    endloop
  endfacet
  facet normal -9.807705e-01 -1.951645e-01 0.000000e+00
    outer loop
      vertex -5.376070e+01 3.466320e+01 -4.000000e+00
      vertex -5.379260e+01 3.482350e+01 0.000000e+00
      vertex -5.379260e+01 3.482350e+01 -4.000000e+00
    endloop
  endfacet
  facet normal -8.966188e-01 -4.428032e-01 0.000000e+00
    outer loop
      vertex -5.391750e+01 3.512500e+01 -4.000000e+00
      vertex -5.384510e+01 3.497840e+01 -4.000000e+00
      vertex -5.391750e+01 3.512500e+01 0.000000e+00
    endloop
  endfacet
  facet normal -8.316733e-01 -5.552653e-01 0.000000e+00
    outer loop
      vertex -5.391750e+01 3.512500e+01 -4.000000e+00
      vertex -5.400830e+01 3.526100e+01 0.000000e+00
      vertex -5.400830e+01 3.526100e+01 -4.000000e+00
    endloop
  endfacet
  facet normal -9.470783e-01 -3.210028e-01 0.000000e+00
    outer loop
      vertex -5.379260e+01 3.482350e+01 -4.000000e+00
      vertex -5.384510e+01 3.497840e+01 0.000000e+00
      vertex -5.384510e+01 3.497840e+01 -4.000000e+00
    endloop
  endfacet
  facet normal 6.594177e-01 7.517768e-01 -0.000000e+00
    outer loop
      vertex -5.576100e+01 3.350830e+01 -4.000000e+00
      vertex -5.588390e+01 3.361610e+01 0.000000e+00
      vertex -5.576100e+01 3.350830e+01 0.000000e+00
    endloop
  endfacet
  facet normal 7.517768e-01 6.594177e-01 -0.000000e+00
    outer loop
      vertex -5.599170e+01 3.373900e+01 -4.000000e+00
      vertex -5.599170e+01 3.373900e+01 0.000000e+00
      vertex -5.588390e+01 3.361610e+01 0.000000e+00
    endloop
  endfacet
  facet normal 4.428032e-01 8.966188e-01 -0.000000e+00
    outer loop
      vertex -5.547840e+01 3.334510e+01 -4.000000e+00
      vertex -5.562500e+01 3.341750e+01 0.000000e+00
      vertex -5.547840e+01 3.334510e+01 0.000000e+00
    endloop
  endfacet
  facet normal 1.951645e-01 9.807705e-01 -0.000000e+00
    outer loop
      vertex -5.516320e+01 3.326070e+01 -4.000000e+00
      vertex -5.532350e+01 3.329260e+01 0.000000e+00
      vertex -5.516320e+01 3.326070e+01 0.000000e+00
    endloop
  endfacet
  facet normal 3.210028e-01 9.470783e-01 -0.000000e+00
    outer loop
      vertex -5.532350e+01 3.329260e+01 -4.000000e+00
      vertex -5.547840e+01 3.334510e+01 0.000000e+00
      vertex -5.532350e+01 3.329260e+01 0.000000e+00
    endloop
  endfacet
  facet normal 6.542449e-02 9.978575e-01 -0.000000e+00
    outer loop
      vertex -5.500000e+01 3.325000e+01 -4.000000e+00
      vertex -5.516320e+01 3.326070e+01 0.000000e+00
      vertex -5.500000e+01 3.325000e+01 0.000000e+00
    endloop
  endfacet
  facet normal -6.542449e-02 9.978575e-01 0.000000e+00
    outer loop
      vertex -5.483680e+01 3.326070e+01 -4.000000e+00
      vertex -5.500000e+01 3.325000e+01 0.000000e+00
      vertex -5.483680e+01 3.326070e+01 0.000000e+00
    endloop
  endfacet
  facet normal -1.951645e-01 9.807705e-01 0.000000e+00
    outer loop
      vertex -5.467650e+01 3.329260e+01 -4.000000e+00
      vertex -5.483680e+01 3.326070e+01 0.000000e+00
      vertex -5.467650e+01 3.329260e+01 0.000000e+00
    endloop
  endfacet
  facet normal -3.210028e-01 9.470783e-01 0.000000e+00
    outer loop
      vertex -5.452160e+01 3.334510e+01 -4.000000e+00
      vertex -5.467650e+01 3.329260e+01 0.000000e+00
      vertex -5.452160e+01 3.334510e+01 0.000000e+00
    endloop
  endfacet
  facet normal 5.552653e-01 8.316733e-01 -0.000000e+00
    outer loop
      vertex -5.562500e+01 3.341750e+01 -4.000000e+00
      vertex -5.576100e+01 3.350830e+01 0.000000e+00
      vertex -5.562500e+01 3.341750e+01 0.000000e+00
    endloop
  endfacet
  facet normal -4.428032e-01 8.966188e-01 0.000000e+00
    outer loop
      vertex -5.437500e+01 3.341750e+01 -4.000000e+00
      vertex -5.452160e+01 3.334510e+01 0.000000e+00
      vertex -5.437500e+01 3.341750e+01 0.000000e+00
    endloop
  endfacet
  facet normal -5.552653e-01 8.316733e-01 0.000000e+00
    outer loop
      vertex -5.423900e+01 3.350830e+01 -4.000000e+00
      vertex -5.437500e+01 3.341750e+01 0.000000e+00
      vertex -5.423900e+01 3.350830e+01 0.000000e+00
    endloop
  endfacet
  facet normal -6.594177e-01 7.517768e-01 0.000000e+00
    outer loop
      vertex -5.411610e+01 3.361610e+01 -4.000000e+00
      vertex -5.423900e+01 3.350830e+01 0.000000e+00
      vertex -5.411610e+01 3.361610e+01 0.000000e+00
    endloop
  endfacet
  facet normal -7.517768e-01 6.594177e-01 0.000000e+00
    outer loop
      vertex -5.411610e+01 3.361610e+01 -4.000000e+00
      vertex -5.411610e+01 3.361610e+01 0.000000e+00
      vertex -5.400830e+01 3.373900e+01 0.000000e+00
    endloop
  endfacet
  facet normal 8.316733e-01 5.552653e-01 -0.000000e+00
    outer loop
      vertex -5.608250e+01 3.387500e+01 -4.000000e+00
      vertex -5.608250e+01 3.387500e+01 0.000000e+00
      vertex -5.599170e+01 3.373900e+01 0.000000e+00
    endloop
  endfacet
  facet normal 8.966188e-01 4.428032e-01 -0.000000e+00
    outer loop
      vertex -5.615490e+01 3.402160e+01 -4.000000e+00
      vertex -5.615490e+01 3.402160e+01 0.000000e+00
      vertex -5.608250e+01 3.387500e+01 0.000000e+00
    endloop
  endfacet
  facet normal 9.470783e-01 3.210028e-01 -0.000000e+00
    outer loop
      vertex -5.620740e+01 3.417650e+01 -4.000000e+00
      vertex -5.620740e+01 3.417650e+01 0.000000e+00
      vertex -5.615490e+01 3.402160e+01 0.000000e+00
    endloop
  endfacet
  facet normal 9.807705e-01 1.951645e-01 -0.000000e+00
    outer loop
      vertex -5.623930e+01 3.433680e+01 -4.000000e+00
      vertex -5.623930e+01 3.433680e+01 0.000000e+00
      vertex -5.620740e+01 3.417650e+01 0.000000e+00
    endloop
  endfacet
  facet normal 9.978575e-01 6.542449e-02 -0.000000e+00
    outer loop
      vertex -5.625000e+01 3.450000e+01 -4.000000e+00
      vertex -5.625000e+01 3.450000e+01 0.000000e+00
      vertex -5.623930e+01 3.433680e+01 0.000000e+00
    endloop
  endfacet
  facet normal 9.978575e-01 -6.542449e-02 0.000000e+00
    outer loop
      vertex -5.623930e+01 3.466320e+01 -4.000000e+00
      vertex -5.623930e+01 3.466320e+01 0.000000e+00
      vertex -5.625000e+01 3.450000e+01 0.000000e+00
    endloop
  endfacet
  facet normal 9.807705e-01 -1.951645e-01 0.000000e+00
    outer loop
      vertex -5.620740e+01 3.482350e+01 -4.000000e+00
      vertex -5.620740e+01 3.482350e+01 0.000000e+00
      vertex -5.623930e+01 3.466320e+01 0.000000e+00
    endloop
  endfacet
  facet normal 9.470783e-01 -3.210028e-01 0.000000e+00
    outer loop
      vertex -5.615490e+01 3.497840e+01 -4.000000e+00
      vertex -5.615490e+01 3.497840e+01 0.000000e+00
      vertex -5.620740e+01 3.482350e+01 0.000000e+00
    endloop
  endfacet
  facet normal 8.966188e-01 -4.428032e-01 0.000000e+00
    outer loop
      vertex -5.608250e+01 3.512500e+01 -4.000000e+00
      vertex -5.608250e+01 3.512500e+01 0.000000e+00
      vertex -5.615490e+01 3.497840e+01 0.000000e+00
    endloop
  endfacet
  facet normal 8.316733e-01 -5.552653e-01 0.000000e+00
    outer loop
      vertex -5.608250e+01 3.512500e+01 0.000000e+00
      vertex -5.599170e+01 3.526100e+01 -4.000000e+00
      vertex -5.599170e+01 3.526100e+01 0.000000e+00
    endloop
  endfacet
  facet normal -8.316733e-01 5.552653e-01 0.000000e+00
    outer loop
      vertex -5.400830e+01 3.373900e+01 -4.000000e+00
      vertex -5.400830e+01 3.373900e+01 0.000000e+00
      vertex -5.391750e+01 3.387500e+01 0.000000e+00
    endloop
  endfacet
  facet normal -8.966188e-01 4.428032e-01 0.000000e+00
    outer loop
      vertex -5.391750e+01 3.387500e+01 -4.000000e+00
      vertex -5.391750e+01 3.387500e+01 0.000000e+00
      vertex -5.384510e+01 3.402160e+01 0.000000e+00
    endloop
  endfacet
  facet normal -9.470783e-01 3.210028e-01 0.000000e+00
    outer loop
      vertex -5.384510e+01 3.402160e+01 -4.000000e+00
      vertex -5.384510e+01 3.402160e+01 0.000000e+00
      vertex -5.379260e+01 3.417650e+01 0.000000e+00
    endloop
  endfacet
  facet normal -9.807705e-01 1.951645e-01 0.000000e+00
    outer loop
      vertex -5.379260e+01 3.417650e+01 -4.000000e+00
      vertex -5.379260e+01 3.417650e+01 0.000000e+00
      vertex -5.376070e+01 3.433680e+01 0.000000e+00
    endloop
  endfacet
  facet normal -9.978575e-01 6.542449e-02 0.000000e+00
    outer loop
      vertex -5.376070e+01 3.433680e+01 -4.000000e+00
      vertex -5.376070e+01 3.433680e+01 0.000000e+00
      vertex -5.375000e+01 3.450000e+01 0.000000e+00
    endloop
  endfacet
  facet normal -9.978575e-01 -6.542449e-02 0.000000e+00
    outer loop
      vertex -5.375000e+01 3.450000e+01 -4.000000e+00
      vertex -5.375000e+01 3.450000e+01 0.000000e+00
      vertex -5.376070e+01 3.466320e+01 0.000000e+00
    endloop
  endfacet
  facet normal -9.807705e-01 -1.951645e-01 0.000000e+00
    outer loop
      vertex -5.376070e+01 3.466320e+01 -4.000000e+00
      vertex -5.376070e+01 3.466320e+01 0.000000e+00
      vertex -5.379260e+01 3.482350e+01 0.000000e+00
    endloop
  endfacet
  facet normal -9.470783e-01 -3.210028e-01 0.000000e+00
    outer loop
      vertex -5.379260e+01 3.482350e+01 -4.000000e+00
      vertex -5.379260e+01 3.482350e+01 0.000000e+00
      vertex -5.384510e+01 3.497840e+01 0.000000e+00
    endloop
  endfacet
  facet normal -8.316733e-01 -5.552653e-01 0.000000e+00
    outer loop
      vertex -5.391750e+01 3.512500e+01 -4.000000e+00
      vertex -5.391750e+01 3.512500e+01 0.000000e+00
      vertex -5.400830e+01 3.526100e+01 0.000000e+00
    endloop
  endfacet
  facet normal -8.966188e-01 -4.428032e-01 0.000000e+00
    outer loop
      vertex -5.384510e+01 3.497840e+01 -4.000000e+00
      vertex -5.384510e+01 3.497840e+01 0.000000e+00
      vertex -5.391750e+01 3.512500e+01 0.000000e+00
    endloop
  endfacet
  facet normal 0.000000e+00 0.000000e+00 -1.000000e+00
    outer loop
      vertex -1.001360e+02 3.568630e+01 -4.000000e+00
      vertex -5.608250e+01 3.512500e+01 -4.000000e+00
      vertex -5.615490e+01 3.497840e+01 -4.000000e+00
    endloop
  endfacet
  facet normal 0.000000e+00 0.000000e+00 -1.000000e+00
    outer loop
      vertex -1.003150e+02 3.605000e+01 -4.000000e+00
      vertex -5.599170e+01 3.526100e+01 -4.000000e+00
      vertex -5.608250e+01 3.512500e+01 -4.000000e+00
    endloop
  endfacet
  facet normal 0.000000e+00 0.000000e+00 -1.000000e+00
    outer loop
      vertex -1.005410e+02 3.638720e+01 -4.000000e+00
      vertex -5.588390e+01 3.538390e+01 -4.000000e+00
      vertex -5.599170e+01 3.526100e+01 -4.000000e+00
    endloop
  endfacet
  facet normal 0.000000e+00 0.000000e+00 -1.000000e+00
    outer loop
      vertex -1.008080e+02 3.669200e+01 -4.000000e+00
      vertex -5.576100e+01 3.549170e+01 -4.000000e+00
      vertex -5.588390e+01 3.538390e+01 -4.000000e+00
    endloop
  endfacet
  facet normal 0.000000e+00 0.000000e+00 -1.000000e+00
    outer loop
      vertex -1.014500e+02 3.718470e+01 -4.000000e+00
      vertex -5.547840e+01 3.565490e+01 -4.000000e+00
      vertex -5.562500e+01 3.558250e+01 -4.000000e+00
    endloop
  endfacet
  facet normal 0.000000e+00 0.000000e+00 -1.000000e+00
    outer loop
      vertex -1.018140e+02 3.736400e+01 -4.000000e+00
      vertex -5.532350e+01 3.570740e+01 -4.000000e+00
      vertex -5.547840e+01 3.565490e+01 -4.000000e+00
    endloop
  endfacet
  facet normal 0.000000e+00 0.000000e+00 -1.000000e+00
    outer loop
      vertex -1.021980e+02 3.749440e+01 -4.000000e+00
      vertex -5.516320e+01 3.573930e+01 -4.000000e+00
      vertex -5.532350e+01 3.570740e+01 -4.000000e+00
    endloop
  endfacet
  facet normal 0.000000e+00 0.000000e+00 -1.000000e+00
    outer loop
      vertex -1.011130e+02 3.695940e+01 -4.000000e+00
      vertex -5.562500e+01 3.558250e+01 -4.000000e+00
      vertex -5.576100e+01 3.549170e+01 -4.000000e+00
    endloop
  endfacet
  facet normal 0.000000e+00 0.000000e+00 -1.000000e+00
    outer loop
      vertex -1.025950e+02 3.757350e+01 -4.000000e+00
      vertex -5.500000e+01 3.575000e+01 -4.000000e+00
      vertex -5.516320e+01 3.573930e+01 -4.000000e+00
    endloop
  endfacet
  facet normal 0.000000e+00 0.000000e+00 1.000000e+00
    outer loop
      vertex -1.001360e+02 3.568630e+01 0.000000e+00
      vertex -5.615490e+01 3.497840e+01 0.000000e+00
      vertex -5.608250e+01 3.512500e+01 0.000000e+00
    endloop
  endfacet
  facet normal 0.000000e+00 0.000000e+00 1.000000e+00
    outer loop
      vertex -1.003150e+02 3.605000e+01 0.000000e+00
      vertex -5.608250e+01 3.512500e+01 0.000000e+00
      vertex -5.599170e+01 3.526100e+01 0.000000e+00
    endloop
  endfacet
  facet normal 0.000000e+00 0.000000e+00 1.000000e+00
    outer loop
      vertex -1.005410e+02 3.638720e+01 0.000000e+00
      vertex -5.599170e+01 3.526100e+01 0.000000e+00
      vertex -5.588390e+01 3.538390e+01 0.000000e+00
    endloop
  endfacet
  facet normal 0.000000e+00 0.000000e+00 1.000000e+00
    outer loop
      vertex -1.008080e+02 3.669200e+01 0.000000e+00
      vertex -5.588390e+01 3.538390e+01 0.000000e+00
      vertex -5.576100e+01 3.549170e+01 0.000000e+00
    endloop
  endfacet
  facet normal 0.000000e+00 0.000000e+00 1.000000e+00
    outer loop
      vertex -1.014500e+02 3.718470e+01 0.000000e+00
      vertex -5.562500e+01 3.558250e+01 0.000000e+00
      vertex -5.547840e+01 3.565490e+01 0.000000e+00
    endloop
  endfacet
  facet normal 0.000000e+00 0.000000e+00 1.000000e+00
    outer loop
      vertex -1.018140e+02 3.736400e+01 0.000000e+00
      vertex -5.547840e+01 3.565490e+01 0.000000e+00
      vertex -5.532350e+01 3.570740e+01 0.000000e+00
    endloop
  endfacet
  facet normal 0.000000e+00 0.000000e+00 1.000000e+00
    outer loop
      vertex -1.021980e+02 3.749440e+01 0.000000e+00
      vertex -5.532350e+01 3.570740e+01 0.000000e+00
      vertex -5.516320e+01 3.573930e+01 0.000000e+00
    endloop
  endfacet
  facet normal 0.000000e+00 0.000000e+00 1.000000e+00
    outer loop
      vertex -1.011130e+02 3.695940e+01 0.000000e+00
      vertex -5.576100e+01 3.549170e+01 0.000000e+00
      vertex -5.562500e+01 3.558250e+01 0.000000e+00
    endloop
  endfacet
  facet normal 0.000000e+00 0.000000e+00 1.000000e+00
    outer loop
      vertex -1.025950e+02 3.757350e+01 0.000000e+00
      vertex -5.516320e+01 3.573930e+01 0.000000e+00
      vertex -5.500000e+01 3.575000e+01 0.000000e+00
    endloop
  endfacet
  facet normal 7.517768e-01 -6.594177e-01 0.000000e+00
    outer loop
      vertex -5.599170e+01 3.526100e+01 -4.000000e+00
      vertex -5.588390e+01 3.538390e+01 -4.000000e+00
      vertex -5.599170e+01 3.526100e+01 0.000000e+00
    endloop
  endfacet
  facet normal 6.594177e-01 -7.517768e-01 0.000000e+00
    outer loop
      vertex -5.588390e+01 3.538390e+01 -4.000000e+00
      vertex -5.576100e+01 3.549170e+01 -4.000000e+00
      vertex -5.576100e+01 3.549170e+01 0.000000e+00
    endloop
  endfacet
  facet normal 5.552653e-01 -8.316733e-01 0.000000e+00
    outer loop
      vertex -5.576100e+01 3.549170e+01 -4.000000e+00
      vertex -5.562500e+01 3.558250e+01 -4.000000e+00
      vertex -5.562500e+01 3.558250e+01 0.000000e+00
    endloop
  endfacet
  facet normal 4.428032e-01 -8.966188e-01 0.000000e+00
    outer loop
      vertex -5.562500e+01 3.558250e+01 -4.000000e+00
      vertex -5.547840e+01 3.565490e+01 -4.000000e+00
      vertex -5.547840e+01 3.565490e+01 0.000000e+00
    endloop
  endfacet
  facet normal 3.210028e-01 -9.470783e-01 0.000000e+00
    outer loop
      vertex -5.547840e+01 3.565490e+01 -4.000000e+00
      vertex -5.532350e+01 3.570740e+01 -4.000000e+00
      vertex -5.532350e+01 3.570740e+01 0.000000e+00
    endloop
  endfacet
  facet normal 1.951645e-01 -9.807705e-01 0.000000e+00
    outer loop
      vertex -5.532350e+01 3.570740e+01 -4.000000e+00
      vertex -5.516320e+01 3.573930e+01 -4.000000e+00
      vertex -5.516320e+01 3.573930e+01 0.000000e+00
    endloop
  endfacet
  facet normal -6.542449e-02 -9.978575e-01 0.000000e+00
    outer loop
      vertex -5.483680e+01 3.573930e+01 -4.000000e+00
      vertex -5.483680e+01 3.573930e+01 0.000000e+00
      vertex -5.500000e+01 3.575000e+01 -4.000000e+00
    endloop
  endfacet
  facet normal 6.542449e-02 -9.978575e-01 0.000000e+00
    outer loop
      vertex -5.516320e+01 3.573930e+01 -4.000000e+00
      vertex -5.500000e+01 3.575000e+01 -4.000000e+00
      vertex -5.500000e+01 3.575000e+01 0.000000e+00
    endloop
  endfacet
  facet normal -3.210028e-01 -9.470783e-01 0.000000e+00
    outer loop
      vertex -5.467650e+01 3.570740e+01 -4.000000e+00
      vertex -5.452160e+01 3.565490e+01 -4.000000e+00
      vertex -5.452160e+01 3.565490e+01 0.000000e+00
    endloop
  endfacet
  facet normal -1.951645e-01 -9.807705e-01 0.000000e+00
    outer loop
      vertex -5.483680e+01 3.573930e+01 -4.000000e+00
      vertex -5.467650e+01 3.570740e+01 -4.000000e+00
      vertex -5.467650e+01 3.570740e+01 0.000000e+00
    endloop
  endfacet
  facet normal -7.517768e-01 -6.594177e-01 0.000000e+00
    outer loop
      vertex -5.400830e+01 3.526100e+01 -4.000000e+00
      vertex -5.411610e+01 3.538390e+01 0.000000e+00
      vertex -5.411610e+01 3.538390e+01 -4.000000e+00
    endloop
  endfacet
  facet normal -6.594177e-01 -7.517768e-01 0.000000e+00
    outer loop
      vertex -5.411610e+01 3.538390e+01 -4.000000e+00
      vertex -5.411610e+01 3.538390e+01 0.000000e+00
      vertex -5.423900e+01 3.549170e+01 -4.000000e+00
    endloop
  endfacet
  facet normal -5.552653e-01 -8.316733e-01 0.000000e+00
    outer loop
      vertex -5.423900e+01 3.549170e+01 -4.000000e+00
      vertex -5.423900e+01 3.549170e+01 0.000000e+00
      vertex -5.437500e+01 3.558250e+01 -4.000000e+00
    endloop
  endfacet
  facet normal -4.428032e-01 -8.966188e-01 0.000000e+00
    outer loop
      vertex -5.452160e+01 3.565490e+01 -4.000000e+00
      vertex -5.437500e+01 3.558250e+01 -4.000000e+00
      vertex -5.437500e+01 3.558250e+01 0.000000e+00
    endloop
  endfacet
  facet normal 6.594177e-01 -7.517768e-01 0.000000e+00
    outer loop
      vertex -5.588390e+01 3.538390e+01 -4.000000e+00
      vertex -5.576100e+01 3.549170e+01 0.000000e+00
      vertex -5.588390e+01 3.538390e+01 0.000000e+00
    endloop
  endfacet
  facet normal 7.517768e-01 -6.594177e-01 0.000000e+00
    outer loop
      vertex -5.588390e+01 3.538390e+01 -4.000000e+00
      vertex -5.588390e+01 3.538390e+01 0.000000e+00
      vertex -5.599170e+01 3.526100e+01 0.000000e+00
    endloop
  endfacet
  facet normal 5.552653e-01 -8.316733e-01 0.000000e+00
    outer loop
      vertex -5.576100e+01 3.549170e+01 -4.000000e+00
      vertex -5.562500e+01 3.558250e+01 0.000000e+00
      vertex -5.576100e+01 3.549170e+01 0.000000e+00
    endloop
  endfacet
  facet normal 4.428032e-01 -8.966188e-01 0.000000e+00
    outer loop
      vertex -5.562500e+01 3.558250e+01 -4.000000e+00
      vertex -5.547840e+01 3.565490e+01 0.000000e+00
      vertex -5.562500e+01 3.558250e+01 0.000000e+00
    endloop
  endfacet
  facet normal 3.210028e-01 -9.470783e-01 0.000000e+00
    outer loop
      vertex -5.547840e+01 3.565490e+01 -4.000000e+00
      vertex -5.532350e+01 3.570740e+01 0.000000e+00
      vertex -5.547840e+01 3.565490e+01 0.000000e+00
    endloop
  endfacet
  facet normal 6.542449e-02 -9.978575e-01 0.000000e+00
    outer loop
      vertex -5.516320e+01 3.573930e+01 -4.000000e+00
      vertex -5.500000e+01 3.575000e+01 0.000000e+00
      vertex -5.516320e+01 3.573930e+01 0.000000e+00
    endloop
  endfacet
  facet normal 1.951645e-01 -9.807705e-01 0.000000e+00
    outer loop
      vertex -5.532350e+01 3.570740e+01 -4.000000e+00
      vertex -5.516320e+01 3.573930e+01 0.000000e+00
      vertex -5.532350e+01 3.570740e+01 0.000000e+00
    endloop
  endfacet
  facet normal -6.542449e-02 -9.978575e-01 0.000000e+00
    outer loop
      vertex -5.500000e+01 3.575000e+01 -4.000000e+00
      vertex -5.483680e+01 3.573930e+01 0.000000e+00
      vertex -5.500000e+01 3.575000e+01 0.000000e+00
    endloop
  endfacet
  facet normal -3.210028e-01 -9.470783e-01 0.000000e+00
    outer loop
      vertex -5.467650e+01 3.570740e+01 -4.000000e+00
      vertex -5.452160e+01 3.565490e+01 0.000000e+00
      vertex -5.467650e+01 3.570740e+01 0.000000e+00
    endloop
  endfacet
  facet normal -1.951645e-01 -9.807705e-01 0.000000e+00
    outer loop
      vertex -5.483680e+01 3.573930e+01 -4.000000e+00
      vertex -5.467650e+01 3.570740e+01 0.000000e+00
      vertex -5.483680e+01 3.573930e+01 0.000000e+00
    endloop
  endfacet
  facet normal -7.517768e-01 -6.594177e-01 0.000000e+00
    outer loop
      vertex -5.400830e+01 3.526100e+01 -4.000000e+00
      vertex -5.400830e+01 3.526100e+01 0.000000e+00
      vertex -5.411610e+01 3.538390e+01 0.000000e+00
    endloop
  endfacet
  facet normal -6.594177e-01 -7.517768e-01 0.000000e+00
    outer loop
      vertex -5.423900e+01 3.549170e+01 -4.000000e+00
      vertex -5.411610e+01 3.538390e+01 0.000000e+00
      vertex -5.423900e+01 3.549170e+01 0.000000e+00
    endloop
  endfacet
  facet normal -5.552653e-01 -8.316733e-01 0.000000e+00
    outer loop
      vertex -5.437500e+01 3.558250e+01 -4.000000e+00
      vertex -5.423900e+01 3.549170e+01 0.000000e+00
      vertex -5.437500e+01 3.558250e+01 0.000000e+00
    endloop
  endfacet
  facet normal -4.428032e-01 -8.966188e-01 0.000000e+00
    outer loop
      vertex -5.452160e+01 3.565490e+01 -4.000000e+00
      vertex -5.437500e+01 3.558250e+01 0.000000e+00
      vertex -5.452160e+01 3.565490e+01 0.000000e+00
    endloop
  endfacet
  facet normal -0.000000e+00 7.071068e-01 7.071068e-01
    outer loop
      vertex -1.530000e+02 4.700000e+01 -2.000000e+00
      vertex -1.530000e+02 4.500000e+01 0.000000e+00
      vertex 1.530000e+02 4.700000e+01 -2.000000e+00
    endloop
  endfacet
  facet normal 0.000000e+00 0.000000e+00 -1.000000e+00
    outer loop
      vertex -5.391750e+01 3.387500e+01 -4.000000e+00
      vertex -5.384510e+01 3.402160e+01 -4.000000e+00
      vertex 5.391750e+01 3.387500e+01 -4.000000e+00
    endloop
  endfacet
  facet normal 0.000000e+00 0.000000e+00 -1.000000e+00
    outer loop
      vertex -5.384510e+01 3.402160e+01 -4.000000e+00
      vertex -5.379260e+01 3.417650e+01 -4.000000e+00
      vertex 5.391750e+01 3.387500e+01 -4.000000e+00
    endloop
  endfacet
  facet normal 0.000000e+00 0.000000e+00 -1.000000e+00
    outer loop
      vertex -5.379260e+01 3.417650e+01 -4.000000e+00
      vertex -5.376070e+01 3.433680e+01 -4.000000e+00
      vertex 5.391750e+01 3.387500e+01 -4.000000e+00
    endloop
  endfacet
  facet normal 0.000000e+00 0.000000e+00 -1.000000e+00
    outer loop
      vertex -5.376070e+01 3.433680e+01 -4.000000e+00
      vertex -5.375000e+01 3.450000e+01 -4.000000e+00
      vertex 5.391750e+01 3.387500e+01 -4.000000e+00
    endloop
  endfacet
  facet normal 0.000000e+00 0.000000e+00 -1.000000e+00
    outer loop
      vertex -5.375000e+01 3.450000e+01 -4.000000e+00
      vertex -5.376070e+01 3.466320e+01 -4.000000e+00
      vertex 5.376070e+01 3.466320e+01 -4.000000e+00
    endloop
  endfacet
  facet normal 0.000000e+00 0.000000e+00 -1.000000e+00
    outer loop
      vertex -5.376070e+01 3.466320e+01 -4.000000e+00
      vertex -5.379260e+01 3.482350e+01 -4.000000e+00
      vertex 5.379260e+01 3.482350e+01 -4.000000e+00
    endloop
  endfacet
  facet normal 0.000000e+00 0.000000e+00 -1.000000e+00
    outer loop
      vertex -5.379260e+01 3.482350e+01 -4.000000e+00
      vertex -5.384510e+01 3.497840e+01 -4.000000e+00
      vertex 5.384510e+01 3.497840e+01 -4.000000e+00
    endloop
  endfacet
  facet normal 0.000000e+00 0.000000e+00 -1.000000e+00
    outer loop
      vertex -5.391750e+01 3.512500e+01 -4.000000e+00
      vertex 5.391750e+01 3.512500e+01 -4.000000e+00
      vertex -5.384510e+01 3.497840e+01 -4.000000e+00
    endloop
  endfacet
  facet normal 0.000000e+00 0.000000e+00 -1.000000e+00
    outer loop
      vertex -5.391750e+01 3.512500e+01 -4.000000e+00
      vertex -5.400830e+01 3.526100e+01 -4.000000e+00
      vertex 5.400830e+01 3.526100e+01 -4.000000e+00
    endloop
  endfacet
  facet normal 0.000000e+00 0.000000e+00 1.000000e+00
    outer loop
      vertex -5.391750e+01 3.387500e+01 0.000000e+00
      vertex 5.391750e+01 3.387500e+01 0.000000e+00
      vertex -5.384510e+01 3.402160e+01 0.000000e+00
    endloop
  endfacet
  facet normal 0.000000e+00 0.000000e+00 1.000000e+00
    outer loop
      vertex -5.384510e+01 3.402160e+01 0.000000e+00
      vertex 5.384510e+01 3.402160e+01 0.000000e+00
      vertex -5.379260e+01 3.417650e+01 0.000000e+00
    endloop
  endfacet
  facet normal 0.000000e+00 0.000000e+00 1.000000e+00
    outer loop
      vertex -5.379260e+01 3.417650e+01 0.000000e+00
      vertex 5.379260e+01 3.417650e+01 0.000000e+00
      vertex -5.376070e+01 3.433680e+01 0.000000e+00
    endloop
  endfacet
  facet normal 0.000000e+00 0.000000e+00 1.000000e+00
    outer loop
      vertex -5.376070e+01 3.433680e+01 0.000000e+00
      vertex 5.376070e+01 3.433680e+01 0.000000e+00
      vertex -5.375000e+01 3.450000e+01 0.000000e+00
    endloop
  endfacet
  facet normal 0.000000e+00 -0.000000e+00 1.000000e+00
    outer loop
      vertex -5.375000e+01 3.450000e+01 0.000000e+00
      vertex 5.376070e+01 3.466320e+01 0.000000e+00
      vertex -5.376070e+01 3.466320e+01 0.000000e+00
    endloop
  endfacet
  facet normal 0.000000e+00 -0.000000e+00 1.000000e+00
    outer loop
      vertex -5.376070e+01 3.466320e+01 0.000000e+00
      vertex 5.379260e+01 3.482350e+01 0.000000e+00
      vertex -5.379260e+01 3.482350e+01 0.000000e+00
    endloop
  endfacet
  facet normal 0.000000e+00 -0.000000e+00 1.000000e+00
    outer loop
      vertex -5.379260e+01 3.482350e+01 0.000000e+00
      vertex 5.384510e+01 3.497840e+01 0.000000e+00
      vertex -5.384510e+01 3.497840e+01 0.000000e+00
    endloop
  endfacet
  facet normal -0.000000e+00 0.000000e+00 1.000000e+00
    outer loop
      vertex -5.391750e+01 3.512500e+01 0.000000e+00
      vertex -5.384510e+01 3.497840e+01 0.000000e+00
      vertex 5.391750e+01 3.512500e+01 0.000000e+00
    endloop
  endfacet
  facet normal 0.000000e+00 -0.000000e+00 1.000000e+00
    outer loop
      vertex -5.391750e+01 3.512500e+01 0.000000e+00
      vertex 5.400830e+01 3.526100e+01 0.000000e+00
      vertex -5.400830e+01 3.526100e+01 0.000000e+00
    endloop
  endfacet
  facet normal 0.000000e+00 0.000000e+00 -1.000000e+00
    outer loop
      vertex -5.467650e+01 3.570740e+01 -4.000000e+00
      vertex 5.467650e+01 3.570740e+01 -4.000000e+00
      vertex -5.452160e+01 3.565490e+01 -4.000000e+00
    endloop
  endfacet
  facet normal 0.000000e+00 0.000000e+00 -1.000000e+00
    outer loop
      vertex -5.483680e+01 3.573930e+01 -4.000000e+00
      vertex 5.483680e+01 3.573930e+01 -4.000000e+00
      vertex -5.467650e+01 3.570740e+01 -4.000000e+00
    endloop
  endfacet
  facet normal 0.000000e+00 0.000000e+00 -1.000000e+00
    outer loop
      vertex -5.483680e+01 3.573930e+01 -4.000000e+00
      vertex -5.500000e+01 3.575000e+01 -4.000000e+00
      vertex 5.483680e+01 3.573930e+01 -4.000000e+00
    endloop
  endfacet
  facet normal 0.000000e+00 0.000000e+00 -1.000000e+00
    outer loop
      vertex -5.400830e+01 3.526100e+01 -4.000000e+00
      vertex -5.411610e+01 3.538390e+01 -4.000000e+00
      vertex 5.411610e+01 3.538390e+01 -4.000000e+00
    endloop
  endfacet
  facet normal 0.000000e+00 0.000000e+00 -1.000000e+00
    outer loop
      vertex -5.411610e+01 3.538390e+01 -4.000000e+00
      vertex -5.423900e+01 3.549170e+01 -4.000000e+00
      vertex 5.423900e+01 3.549170e+01 -4.000000e+00
    endloop
  endfacet
  facet normal 0.000000e+00 0.000000e+00 -1.000000e+00
    outer loop
      vertex -5.423900e+01 3.549170e+01 -4.000000e+00
      vertex -5.437500e+01 3.558250e+01 -4.000000e+00
      vertex 5.437500e+01 3.558250e+01 -4.000000e+00
    endloop
  endfacet
  facet normal 0.000000e+00 0.000000e+00 -1.000000e+00
    outer loop
      vertex -5.452160e+01 3.565490e+01 -4.000000e+00
      vertex 5.452160e+01 3.565490e+01 -4.000000e+00
      vertex -5.437500e+01 3.558250e+01 -4.000000e+00
    endloop
  endfacet
  facet normal 0.000000e+00 0.000000e+00 -1.000000e+00
    outer loop
      vertex -1.550000e+02 4.300000e+01 -4.000000e+00
      vertex 1.550000e+02 4.300000e+01 -4.000000e+00
      vertex -5.500000e+01 3.575000e+01 -4.000000e+00
    endloop
  endfacet
  facet normal -0.000000e+00 0.000000e+00 1.000000e+00
    outer loop
      vertex -5.467650e+01 3.570740e+01 0.000000e+00
      vertex -5.452160e+01 3.565490e+01 0.000000e+00
      vertex 5.467650e+01 3.570740e+01 0.000000e+00
    endloop
  endfacet
  facet normal -0.000000e+00 0.000000e+00 1.000000e+00
    outer loop
      vertex -5.483680e+01 3.573930e+01 0.000000e+00
      vertex -5.467650e+01 3.570740e+01 0.000000e+00
      vertex 5.483680e+01 3.573930e+01 0.000000e+00
    endloop
  endfacet
  facet normal 0.000000e+00 -0.000000e+00 1.000000e+00
    outer loop
      vertex -5.483680e+01 3.573930e+01 0.000000e+00
      vertex 5.483680e+01 3.573930e+01 0.000000e+00
      vertex -5.500000e+01 3.575000e+01 0.000000e+00
    endloop
  endfacet
  facet normal 0.000000e+00 -0.000000e+00 1.000000e+00
    outer loop
      vertex -5.400830e+01 3.526100e+01 0.000000e+00
      vertex 5.411610e+01 3.538390e+01 0.000000e+00
      vertex -5.411610e+01 3.538390e+01 0.000000e+00
    endloop
  endfacet
  facet normal 0.000000e+00 -0.000000e+00 1.000000e+00
    outer loop
      vertex -5.411610e+01 3.538390e+01 0.000000e+00
      vertex 5.423900e+01 3.549170e+01 0.000000e+00
      vertex -5.423900e+01 3.549170e+01 0.000000e+00
    endloop
  endfacet
  facet normal 0.000000e+00 -0.000000e+00 1.000000e+00
    outer loop
      vertex -5.423900e+01 3.549170e+01 0.000000e+00
      vertex 5.437500e+01 3.558250e+01 0.000000e+00
      vertex -5.437500e+01 3.558250e+01 0.000000e+00
    endloop
  endfacet
  facet normal -0.000000e+00 0.000000e+00 1.000000e+00
    outer loop
      vertex -5.452160e+01 3.565490e+01 0.000000e+00
      vertex -5.437500e+01 3.558250e+01 0.000000e+00
      vertex 5.452160e+01 3.565490e+01 0.000000e+00
    endloop
  endfacet
  facet normal -0.000000e+00 0.000000e+00 1.000000e+00
    outer loop
      vertex -1.530000e+02 4.500000e+01 0.000000e+00
      vertex -5.500000e+01 3.575000e+01 0.000000e+00
      vertex 1.530000e+02 4.500000e+01 0.000000e+00
    endloop
  endfacet
  facet normal 0.000000e+00 -7.071068e-01 -7.071068e-01
    outer loop
      vertex -1.530000e+02 -4.500000e+01 -6.000000e+01
      vertex 1.530000e+02 -4.500000e+01 -6.000000e+01
      vertex 1.530000e+02 -4.700000e+01 -5.800000e+01
    endloop
  endfacet
  facet normal 0.000000e+00 -1.000000e+00 0.000000e+00
    outer loop
      vertex -1.530000e+02 -4.700000e+01 -5.800000e+01
      vertex 1.530000e+02 -4.700000e+01 -5.800000e+01
      vertex 1.530000e+02 -4.700000e+01 -2.000000e+00
    endloop
  endfacet
  facet normal 0.000000e+00 0.000000e+00 -1.000000e+00
    outer loop
      vertex -1.164770e+02 -1.110690e+01 -6.000000e+01
      vertex 1.156010e+02 -9.899490e+00 -6.000000e+01
      vertex 1.169770e+02 -1.110690e+01 -6.000000e+01
    endloop
  endfacet
  facet normal 0.000000e+00 0.000000e+00 -1.000000e+00
    outer loop
      vertex -1.138930e+02 -8.522660e+00 -6.000000e+01
      vertex 1.143930e+02 -8.522660e+00 -6.000000e+01
      vertex 1.156010e+02 -9.899490e+00 -6.000000e+01
    endloop
  endfacet
  facet normal 0.000000e+00 0.000000e+00 -1.000000e+00
    outer loop
      vertex -1.128760e+02 -7.000000e+00 -6.000000e+01
      vertex 1.133760e+02 -7.000000e+00 -6.000000e+01
      vertex 1.143930e+02 -8.522660e+00 -6.000000e+01
    endloop
  endfacet
  facet normal 0.000000e+00 0.000000e+00 -1.000000e+00
    outer loop
      vertex -1.120660e+02 -5.357570e+00 -6.000000e+01
      vertex 1.125660e+02 -5.357570e+00 -6.000000e+01
      vertex 1.133760e+02 -7.000000e+00 -6.000000e+01
    endloop
  endfacet
  facet normal -0.000000e+00 0.000000e+00 1.000000e+00
    outer loop
      vertex -1.138930e+02 -8.522660e+00 -5.600000e+01
      vertex 1.156010e+02 -9.899490e+00 -5.600000e+01
      vertex 1.143930e+02 -8.522660e+00 -5.600000e+01
    endloop
  endfacet
  facet normal -0.000000e+00 0.000000e+00 1.000000e+00
    outer loop
      vertex -1.128760e+02 -7.000000e+00 -5.600000e+01
      vertex 1.143930e+02 -8.522660e+00 -5.600000e+01
      vertex 1.133760e+02 -7.000000e+00 -5.600000e+01
    endloop
  endfacet
  facet normal -0.000000e+00 0.000000e+00 1.000000e+00
    outer loop
      vertex -1.120660e+02 -5.357570e+00 -5.600000e+01
      vertex 1.133760e+02 -7.000000e+00 -5.600000e+01
      vertex 1.125660e+02 -5.357570e+00 -5.600000e+01
    endloop
  endfacet
  facet normal 0.000000e+00 0.000000e+00 -1.000000e+00
    outer loop
      vertex -1.114770e+02 -3.623470e+00 -6.000000e+01
      vertex 1.119770e+02 -3.623470e+00 -6.000000e+01
      vertex 1.125660e+02 -5.357570e+00 -6.000000e+01
    endloop
  endfacet
  facet normal 0.000000e+00 0.000000e+00 -1.000000e+00
    outer loop
      vertex -1.111200e+02 -1.827370e+00 -6.000000e+01
      vertex 1.116200e+02 -1.827370e+00 -6.000000e+01
      vertex 1.119770e+02 -3.623470e+00 -6.000000e+01
    endloop
  endfacet
  facet normal 0.000000e+00 0.000000e+00 -1.000000e+00
    outer loop
      vertex -1.110000e+02 0.000000e+00 -6.000000e+01
      vertex 1.115000e+02 0.000000e+00 -6.000000e+01
      vertex 1.116200e+02 -1.827370e+00 -6.000000e+01
    endloop
  endfacet
  facet normal -0.000000e+00 0.000000e+00 1.000000e+00
    outer loop
      vertex -1.114770e+02 -3.623470e+00 -5.600000e+01
      vertex 1.125660e+02 -5.357570e+00 -5.600000e+01
      vertex 1.119770e+02 -3.623470e+00 -5.600000e+01
    endloop
  endfacet
  facet normal -0.000000e+00 0.000000e+00 1.000000e+00
    outer loop
      vertex -1.111200e+02 -1.827370e+00 -5.600000e+01
      vertex 1.119770e+02 -3.623470e+00 -5.600000e+01
      vertex 1.116200e+02 -1.827370e+00 -5.600000e+01
    endloop
  endfacet
  facet normal -0.000000e+00 0.000000e+00 1.000000e+00
    outer loop
      vertex -1.110000e+02 0.000000e+00 -5.600000e+01
      vertex 1.116200e+02 -1.827370e+00 -5.600000e+01
      vertex 1.115000e+02 0.000000e+00 -5.600000e+01
    endloop
  endfacet
  facet normal 0.000000e+00 0.000000e+00 -1.000000e+00
    outer loop
      vertex -1.164770e+02 -1.110690e+01 -6.000000e+01
      vertex 1.169770e+02 -1.110690e+01 -6.000000e+01
      vertex 1.530000e+02 -4.500000e+01 -6.000000e+01
    endloop
  endfacet
  facet normal -0.000000e+00 0.000000e+00 1.000000e+00
    outer loop
      vertex -1.164770e+02 -1.110690e+01 -5.600000e+01
      vertex 1.550000e+02 -4.300000e+01 -5.600000e+01
      vertex 1.169770e+02 -1.110690e+01 -5.600000e+01
    endloop
  endfacet
  facet normal -0.000000e+00 0.000000e+00 1.000000e+00
    outer loop
      vertex -1.151010e+02 -9.899490e+00 -5.600000e+01
      vertex 1.169770e+02 -1.110690e+01 -5.600000e+01
      vertex 1.156010e+02 -9.899490e+00 -5.600000e+01
    endloop
  endfacet
  facet normal 5.773503e-01 -5.773503e-01 -5.773503e-01
    outer loop
      vertex 1.530000e+02 -4.500000e+01 -6.000000e+01
      vertex 1.550000e+02 -4.500000e+01 -5.800000e+01
      vertex 1.530000e+02 -4.700000e+01 -5.800000e+01
    endloop
  endfacet
  facet normal 0.000000e+00 0.000000e+00 -1.000000e+00
    outer loop
      vertex 1.530000e+02 -4.500000e+01 -6.000000e+01
      vertex 1.201420e+02 -1.293430e+01 -6.000000e+01
      vertex 1.218770e+02 -1.352300e+01 -6.000000e+01
    endloop
  endfacet
  facet normal 0.000000e+00 0.000000e+00 -1.000000e+00
    outer loop
      vertex 1.530000e+02 -4.500000e+01 -6.000000e+01
      vertex 1.218770e+02 -1.352300e+01 -6.000000e+01
      vertex 1.236730e+02 -1.388020e+01 -6.000000e+01
    endloop
  endfacet
  facet normal 0.000000e+00 0.000000e+00 -1.000000e+00
    outer loop
      vertex 1.530000e+02 -4.500000e+01 -6.000000e+01
      vertex 1.236730e+02 -1.388020e+01 -6.000000e+01
      vertex 1.255000e+02 -1.400000e+01 -6.000000e+01
    endloop
  endfacet
  facet normal 0.000000e+00 0.000000e+00 -1.000000e+00
    outer loop
      vertex 1.530000e+02 -4.500000e+01 -6.000000e+01
      vertex 1.255000e+02 -1.400000e+01 -6.000000e+01
      vertex 1.273270e+02 -1.388020e+01 -6.000000e+01
    endloop
  endfacet
  facet normal 0.000000e+00 0.000000e+00 1.000000e+00
    outer loop
      vertex 1.550000e+02 -4.300000e+01 -5.600000e+01
      vertex 1.255000e+02 -1.400000e+01 -5.600000e+01
      vertex 1.236730e+02 -1.388020e+01 -5.600000e+01
    endloop
  endfacet
  facet normal 0.000000e+00 0.000000e+00 -1.000000e+00
    outer loop
      vertex 1.530000e+02 -4.500000e+01 -6.000000e+01
      vertex 1.273270e+02 -1.388020e+01 -6.000000e+01
      vertex 1.291230e+02 -1.352300e+01 -6.000000e+01
    endloop
  endfacet
  facet normal 0.000000e+00 0.000000e+00 -1.000000e+00
    outer loop
      vertex 1.530000e+02 -4.500000e+01 -6.000000e+01
      vertex 1.291230e+02 -1.352300e+01 -6.000000e+01
      vertex 1.308580e+02 -1.293430e+01 -6.000000e+01
    endloop
  endfacet
  facet normal 0.000000e+00 0.000000e+00 1.000000e+00
    outer loop
      vertex 1.550000e+02 -4.300000e+01 -5.600000e+01
      vertex 1.273270e+02 -1.388020e+01 -5.600000e+01
      vertex 1.255000e+02 -1.400000e+01 -5.600000e+01
    endloop
  endfacet
  facet normal 7.071068e-01 -7.071068e-01 0.000000e+00
    outer loop
      vertex 1.530000e+02 -4.700000e+01 -5.800000e+01
      vertex 1.550000e+02 -4.500000e+01 -5.800000e+01
      vertex 1.530000e+02 -4.700000e+01 -2.000000e+00
    endloop
  endfacet
  facet normal 1.000000e+00 0.000000e+00 0.000000e+00
    outer loop
      vertex 1.550000e+02 -4.500000e+01 -5.800000e+01
      vertex 1.550000e+02 -4.300000e+01 -5.600000e+01
      vertex 1.550000e+02 -4.500000e+01 -2.000000e+00
    endloop
  endfacet
  facet normal 6.595591e-01 7.516527e-01 -0.000000e+00
    outer loop
      vertex 1.156010e+02 -9.899490e+00 -6.000000e+01
      vertex 1.156010e+02 -9.899490e+00 -5.600000e+01
      vertex 1.169770e+02 -1.110690e+01 -6.000000e+01
    endloop
  endfacet
  facet normal 7.516902e-01 6.595163e-01 -0.000000e+00
    outer loop
      vertex 1.156010e+02 -9.899490e+00 -6.000000e+01
      vertex 1.143930e+02 -8.522660e+00 -6.000000e+01
      vertex 1.156010e+02 -9.899490e+00 -5.600000e+01
    endloop
  endfacet
  facet normal 7.516902e-01 6.595163e-01 -0.000000e+00
    outer loop
      vertex 1.143930e+02 -8.522660e+00 -6.000000e+01
      vertex 1.143930e+02 -8.522660e+00 -5.600000e+01
      vertex 1.156010e+02 -9.899490e+00 -5.600000e+01
    endloop
  endfacet
  facet normal 8.315732e-01 5.554151e-01 -0.000000e+00
    outer loop
      vertex 1.143930e+02 -8.522660e+00 -6.000000e+01
      vertex 1.133760e+02 -7.000000e+00 -6.000000e+01
      vertex 1.143930e+02 -8.522660e+00 -5.600000e+01
    endloop
  endfacet
  facet normal 8.968639e-01 4.423066e-01 -0.000000e+00
    outer loop
      vertex 1.133760e+02 -7.000000e+00 -6.000000e+01
      vertex 1.125660e+02 -5.357570e+00 -6.000000e+01
      vertex 1.133760e+02 -7.000000e+00 -5.600000e+01
    endloop
  endfacet
  facet normal 8.315732e-01 5.554151e-01 -0.000000e+00
    outer loop
      vertex 1.133760e+02 -7.000000e+00 -6.000000e+01
      vertex 1.133760e+02 -7.000000e+00 -5.600000e+01
      vertex 1.143930e+02 -8.522660e+00 -5.600000e+01
    endloop
  endfacet
  facet normal 8.968639e-01 4.423066e-01 0.000000e+00
    outer loop
      vertex 1.133760e+02 -7.000000e+00 -5.600000e+01
      vertex 1.125660e+02 -5.357570e+00 -6.000000e+01
      vertex 1.125660e+02 -5.357570e+00 -5.600000e+01
    endloop
  endfacet
  facet normal 9.468708e-01 3.216142e-01 -0.000000e+00
    outer loop
      vertex 1.125660e+02 -5.357570e+00 -6.000000e+01
      vertex 1.119770e+02 -3.623470e+00 -6.000000e+01
      vertex 1.125660e+02 -5.357570e+00 -5.600000e+01
    endloop
  endfacet
  facet normal 9.808137e-01 1.949475e-01 -0.000000e+00
    outer loop
      vertex 1.119770e+02 -3.623470e+00 -6.000000e+01
      vertex 1.116200e+02 -1.827370e+00 -6.000000e+01
      vertex 1.119770e+02 -3.623470e+00 -5.600000e+01
    endloop
  endfacet
  facet normal 9.468708e-01 3.216142e-01 -0.000000e+00
    outer loop
      vertex 1.119770e+02 -3.623470e+00 -6.000000e+01
      vertex 1.119770e+02 -3.623470e+00 -5.600000e+01
      vertex 1.125660e+02 -5.357570e+00 -5.600000e+01
    endloop
  endfacet
  facet normal 9.978507e-01 6.552850e-02 -0.000000e+00
    outer loop
      vertex 1.116200e+02 -1.827370e+00 -6.000000e+01
      vertex 1.115000e+02 0.000000e+00 -6.000000e+01
      vertex 1.116200e+02 -1.827370e+00 -5.600000e+01
    endloop
  endfacet
  facet normal 9.808137e-01 1.949475e-01 -0.000000e+00
    outer loop
      vertex 1.116200e+02 -1.827370e+00 -6.000000e+01
      vertex 1.116200e+02 -1.827370e+00 -5.600000e+01
      vertex 1.119770e+02 -3.623470e+00 -5.600000e+01
    endloop
  endfacet
  facet normal 9.978507e-01 6.552850e-02 0.000000e+00
    outer loop
      vertex 1.116200e+02 -1.827370e+00 -5.600000e+01
      vertex 1.115000e+02 0.000000e+00 -6.000000e+01
      vertex 1.115000e+02 0.000000e+00 -5.600000e+01
    endloop
  endfacet
  facet normal 0.000000e+00 0.000000e+00 -1.000000e+00
    outer loop
      vertex 1.530000e+02 -4.500000e+01 -6.000000e+01
      vertex 1.185000e+02 -1.212440e+01 -6.000000e+01
      vertex 1.201420e+02 -1.293430e+01 -6.000000e+01
    endloop
  endfacet
  facet normal 0.000000e+00 0.000000e+00 -1.000000e+00
    outer loop
      vertex 1.530000e+02 -4.500000e+01 -6.000000e+01
      vertex 1.169770e+02 -1.110690e+01 -6.000000e+01
      vertex 1.185000e+02 -1.212440e+01 -6.000000e+01
    endloop
  endfacet
  facet normal 0.000000e+00 0.000000e+00 1.000000e+00
    outer loop
      vertex 1.550000e+02 -4.300000e+01 -5.600000e+01
      vertex 1.185000e+02 -1.212440e+01 -5.600000e+01
      vertex 1.169770e+02 -1.110690e+01 -5.600000e+01
    endloop
  endfacet
  facet normal 0.000000e+00 0.000000e+00 1.000000e+00
    outer loop
      vertex 1.550000e+02 -4.300000e+01 -5.600000e+01
      vertex 1.218770e+02 -1.352300e+01 -5.600000e+01
      vertex 1.201420e+02 -1.293430e+01 -5.600000e+01
    endloop
  endfacet
  facet normal 0.000000e+00 0.000000e+00 1.000000e+00
    outer loop
      vertex 1.550000e+02 -4.300000e+01 -5.600000e+01
      vertex 1.201420e+02 -1.293430e+01 -5.600000e+01
      vertex 1.185000e+02 -1.212440e+01 -5.600000e+01
    endloop
  endfacet
  facet normal 0.000000e+00 0.000000e+00 1.000000e+00
    outer loop
      vertex 1.550000e+02 -4.300000e+01 -5.600000e+01
      vertex 1.236730e+02 -1.388020e+01 -5.600000e+01
      vertex 1.218770e+02 -1.352300e+01 -5.600000e+01
    endloop
  endfacet
  facet normal 3.213151e-01 9.469723e-01 -0.000000e+00
    outer loop
      vertex 1.201420e+02 -1.293430e+01 -6.000000e+01
      vertex 1.201420e+02 -1.293430e+01 -5.600000e+01
      vertex 1.218770e+02 -1.352300e+01 -6.000000e+01
    endloop
  endfacet
  facet normal 4.423574e-01 8.968389e-01 -0.000000e+00
    outer loop
      vertex 1.185000e+02 -1.212440e+01 -6.000000e+01
      vertex 1.185000e+02 -1.212440e+01 -5.600000e+01
      vertex 1.201420e+02 -1.293430e+01 -6.000000e+01
    endloop
  endfacet
  facet normal 1.950664e-01 9.807900e-01 -0.000000e+00
    outer loop
      vertex 1.218770e+02 -1.352300e+01 -6.000000e+01
      vertex 1.218770e+02 -1.352300e+01 -5.600000e+01
      vertex 1.236730e+02 -1.388020e+01 -6.000000e+01
    endloop
  endfacet
  facet normal 6.543113e-02 9.978571e-01 0.000000e+00
    outer loop
      vertex 1.255000e+02 -1.400000e+01 -6.000000e+01
      vertex 1.236730e+02 -1.388020e+01 -6.000000e+01
      vertex 1.236730e+02 -1.388020e+01 -5.600000e+01
    endloop
  endfacet
  facet normal 5.555182e-01 8.315044e-01 -0.000000e+00
    outer loop
      vertex 1.185000e+02 -1.212440e+01 -6.000000e+01
      vertex 1.169770e+02 -1.110690e+01 -5.600000e+01
      vertex 1.185000e+02 -1.212440e+01 -5.600000e+01
    endloop
  endfacet
  facet normal 4.423574e-01 8.968389e-01 -0.000000e+00
    outer loop
      vertex 1.201420e+02 -1.293430e+01 -6.000000e+01
      vertex 1.185000e+02 -1.212440e+01 -5.600000e+01
      vertex 1.201420e+02 -1.293430e+01 -5.600000e+01
    endloop
  endfacet
  facet normal 3.213151e-01 9.469723e-01 -0.000000e+00
    outer loop
      vertex 1.218770e+02 -1.352300e+01 -6.000000e+01
      vertex 1.201420e+02 -1.293430e+01 -5.600000e+01
      vertex 1.218770e+02 -1.352300e+01 -5.600000e+01
    endloop
  endfacet
  facet normal 1.950664e-01 9.807900e-01 -0.000000e+00
    outer loop
      vertex 1.236730e+02 -1.388020e+01 -6.000000e+01
      vertex 1.218770e+02 -1.352300e+01 -5.600000e+01
      vertex 1.236730e+02 -1.388020e+01 -5.600000e+01
    endloop
  endfacet
  facet normal 6.543113e-02 9.978571e-01 -0.000000e+00
    outer loop
      vertex 1.255000e+02 -1.400000e+01 -6.000000e+01
      vertex 1.236730e+02 -1.388020e+01 -5.600000e+01
      vertex 1.255000e+02 -1.400000e+01 -5.600000e+01
    endloop
  endfacet
  facet normal -6.543113e-02 9.978571e-01 0.000000e+00
    outer loop
      vertex 1.255000e+02 -1.400000e+01 -6.000000e+01
      vertex 1.255000e+02 -1.400000e+01 -5.600000e+01
      vertex 1.273270e+02 -1.388020e+01 -6.000000e+01
    endloop
  endfacet
  facet normal -1.950664e-01 9.807900e-01 0.000000e+00
    outer loop
      vertex 1.273270e+02 -1.388020e+01 -6.000000e+01
      vertex 1.273270e+02 -1.388020e+01 -5.600000e+01
      vertex 1.291230e+02 -1.352300e+01 -6.000000e+01
    endloop
  endfacet
  facet normal -3.213151e-01 9.469723e-01 0.000000e+00
    outer loop
      vertex 1.291230e+02 -1.352300e+01 -6.000000e+01
      vertex 1.291230e+02 -1.352300e+01 -5.600000e+01
      vertex 1.308580e+02 -1.293430e+01 -6.000000e+01
    endloop
  endfacet
  facet normal -4.423574e-01 8.968389e-01 0.000000e+00
    outer loop
      vertex 1.308580e+02 -1.293430e+01 -6.000000e+01
      vertex 1.308580e+02 -1.293430e+01 -5.600000e+01
      vertex 1.325000e+02 -1.212440e+01 -6.000000e+01
    endloop
  endfacet
  facet normal -5.555201e-01 8.315031e-01 0.000000e+00
    outer loop
      vertex 1.325000e+02 -1.212440e+01 -6.000000e+01
      vertex 1.325000e+02 -1.212440e+01 -5.600000e+01
      vertex 1.340230e+02 -1.110690e+01 -6.000000e+01
    endloop
  endfacet
  facet normal -6.543113e-02 9.978571e-01 0.000000e+00
    outer loop
      vertex 1.273270e+02 -1.388020e+01 -6.000000e+01
      vertex 1.255000e+02 -1.400000e+01 -5.600000e+01
      vertex 1.273270e+02 -1.388020e+01 -5.600000e+01
    endloop
  endfacet
  facet normal -1.950664e-01 9.807900e-01 0.000000e+00
    outer loop
      vertex 1.291230e+02 -1.352300e+01 -6.000000e+01
      vertex 1.273270e+02 -1.388020e+01 -5.600000e+01
      vertex 1.291230e+02 -1.352300e+01 -5.600000e+01
    endloop
  endfacet
  facet normal -3.213151e-01 9.469723e-01 0.000000e+00
    outer loop
      vertex 1.308580e+02 -1.293430e+01 -6.000000e+01
      vertex 1.291230e+02 -1.352300e+01 -5.600000e+01
      vertex 1.308580e+02 -1.293430e+01 -5.600000e+01
    endloop
  endfacet
  facet normal -4.423574e-01 8.968389e-01 0.000000e+00
    outer loop
      vertex 1.325000e+02 -1.212440e+01 -6.000000e+01
      vertex 1.308580e+02 -1.293430e+01 -5.600000e+01
      vertex 1.325000e+02 -1.212440e+01 -5.600000e+01
    endloop
  endfacet
  facet normal 0.000000e+00 0.000000e+00 -1.000000e+00
    outer loop
      vertex 1.530000e+02 -4.500000e+01 -6.000000e+01
      vertex 1.308580e+02 -1.293430e+01 -6.000000e+01
      vertex 1.325000e+02 -1.212440e+01 -6.000000e+01
    endloop
  endfacet
  facet normal 0.000000e+00 0.000000e+00 -1.000000e+00
    outer loop
      vertex 1.530000e+02 -4.500000e+01 -6.000000e+01
      vertex 1.325000e+02 -1.212440e+01 -6.000000e+01
      vertex 1.340230e+02 -1.110690e+01 -6.000000e+01
    endloop
  endfacet
  facet normal 0.000000e+00 0.000000e+00 -1.000000e+00
    outer loop
      vertex 1.530000e+02 -4.500000e+01 -6.000000e+01
      vertex 1.340230e+02 -1.110690e+01 -6.000000e+01
      vertex 1.353990e+02 -9.899490e+00 -6.000000e+01
    endloop
  endfacet
  facet normal 0.000000e+00 0.000000e+00 -1.000000e+00
    outer loop
      vertex 1.530000e+02 -4.500000e+01 -6.000000e+01
      vertex 1.353990e+02 -9.899490e+00 -6.000000e+01
      vertex 1.366070e+02 -8.522660e+00 -6.000000e+01
    endloop
  endfacet
  facet normal 0.000000e+00 0.000000e+00 -1.000000e+00
    outer loop
      vertex 1.530000e+02 -4.500000e+01 -6.000000e+01
      vertex 1.366070e+02 -8.522660e+00 -6.000000e+01
      vertex 1.376240e+02 -7.000000e+00 -6.000000e+01
    endloop
  endfacet
  facet normal 0.000000e+00 0.000000e+00 -1.000000e+00
    outer loop
      vertex 1.530000e+02 -4.500000e+01 -6.000000e+01
      vertex 1.376240e+02 -7.000000e+00 -6.000000e+01
      vertex 1.384340e+02 -5.357570e+00 -6.000000e+01
    endloop
  endfacet
  facet normal 0.000000e+00 0.000000e+00 -1.000000e+00
    outer loop
      vertex 1.530000e+02 -4.500000e+01 -6.000000e+01
      vertex 1.384340e+02 -5.357570e+00 -6.000000e+01
      vertex 1.390230e+02 -3.623470e+00 -6.000000e+01
    endloop
  endfacet
  facet normal 0.000000e+00 0.000000e+00 1.000000e+00
    outer loop
      vertex 1.550000e+02 -4.300000e+01 -5.600000e+01
      vertex 1.291230e+02 -1.352300e+01 -5.600000e+01
      vertex 1.273270e+02 -1.388020e+01 -5.600000e+01
    endloop
  endfacet
  facet normal 0.000000e+00 0.000000e+00 1.000000e+00
    outer loop
      vertex 1.550000e+02 -4.300000e+01 -5.600000e+01
      vertex 1.308580e+02 -1.293430e+01 -5.600000e+01
      vertex 1.291230e+02 -1.352300e+01 -5.600000e+01
    endloop
  endfacet
  facet normal 0.000000e+00 0.000000e+00 1.000000e+00
    outer loop
      vertex 1.550000e+02 -4.300000e+01 -5.600000e+01
      vertex 1.325000e+02 -1.212440e+01 -5.600000e+01
      vertex 1.308580e+02 -1.293430e+01 -5.600000e+01
    endloop
  endfacet
  facet normal 0.000000e+00 0.000000e+00 1.000000e+00
    outer loop
      vertex 1.550000e+02 -4.300000e+01 -5.600000e+01
      vertex 1.340230e+02 -1.110690e+01 -5.600000e+01
      vertex 1.325000e+02 -1.212440e+01 -5.600000e+01
    endloop
  endfacet
  facet normal 0.000000e+00 0.000000e+00 1.000000e+00
    outer loop
      vertex 1.550000e+02 -4.300000e+01 -5.600000e+01
      vertex 1.353990e+02 -9.899490e+00 -5.600000e+01
      vertex 1.340230e+02 -1.110690e+01 -5.600000e+01
    endloop
  endfacet
  facet normal 0.000000e+00 0.000000e+00 1.000000e+00
    outer loop
      vertex 1.550000e+02 -4.300000e+01 -5.600000e+01
      vertex 1.366070e+02 -8.522660e+00 -5.600000e+01
      vertex 1.353990e+02 -9.899490e+00 -5.600000e+01
    endloop
  endfacet
  facet normal 0.000000e+00 0.000000e+00 1.000000e+00
    outer loop
      vertex 1.550000e+02 -4.300000e+01 -5.600000e+01
      vertex 1.376240e+02 -7.000000e+00 -5.600000e+01
      vertex 1.366070e+02 -8.522660e+00 -5.600000e+01
    endloop
  endfacet
  facet normal 0.000000e+00 0.000000e+00 1.000000e+00
    outer loop
      vertex 1.550000e+02 -4.300000e+01 -5.600000e+01
      vertex 1.384340e+02 -5.357570e+00 -5.600000e+01
      vertex 1.376240e+02 -7.000000e+00 -5.600000e+01
    endloop
  endfacet
  facet normal 0.000000e+00 0.000000e+00 -1.000000e+00
    outer loop
      vertex 1.530000e+02 -4.500000e+01 -6.000000e+01
      vertex 1.390230e+02 -3.623470e+00 -6.000000e+01
      vertex 1.393800e+02 -1.827370e+00 -6.000000e+01
    endloop
  endfacet
  facet normal 0.000000e+00 0.000000e+00 -1.000000e+00
    outer loop
      vertex 1.530000e+02 -4.500000e+01 -6.000000e+01
      vertex 1.393800e+02 -1.827370e+00 -6.000000e+01
      vertex 1.395000e+02 0.000000e+00 -6.000000e+01
    endloop
  endfacet
  facet normal 7.071068e-01 0.000000e+00 -7.071068e-01
    outer loop
      vertex 1.530000e+02 -4.500000e+01 -6.000000e+01
      vertex 1.530000e+02 4.500000e+01 -6.000000e+01
      vertex 1.550000e+02 -4.500000e+01 -5.800000e+01
    endloop
  endfacet
  facet normal 1.000000e+00 0.000000e+00 0.000000e+00
    outer loop
      vertex 1.550000e+02 -4.500000e+01 -5.800000e+01
      vertex 1.550000e+02 4.500000e+01 -5.800000e+01
      vertex 1.550000e+02 -4.300000e+01 -5.600000e+01
    endloop
  endfacet
  facet normal 0.000000e+00 0.000000e+00 1.000000e+00
    outer loop
      vertex 1.550000e+02 -4.300000e+01 -5.600000e+01
      vertex 1.390230e+02 -3.623470e+00 -5.600000e+01
      vertex 1.384340e+02 -5.357570e+00 -5.600000e+01
    endloop
  endfacet
  facet normal 0.000000e+00 0.000000e+00 1.000000e+00
    outer loop
      vertex 1.550000e+02 -4.300000e+01 -5.600000e+01
      vertex 1.393800e+02 -1.827370e+00 -5.600000e+01
      vertex 1.390230e+02 -3.623470e+00 -5.600000e+01
    endloop
  endfacet
  facet normal 0.000000e+00 0.000000e+00 1.000000e+00
    outer loop
      vertex 1.550000e+02 -4.300000e+01 -5.600000e+01
      vertex 1.395000e+02 0.000000e+00 -5.600000e+01
      vertex 1.393800e+02 -1.827370e+00 -5.600000e+01
    endloop
  endfacet
  facet normal 5.555182e-01 8.315044e-01 0.000000e+00
    outer loop
      vertex 1.185000e+02 -1.212440e+01 -6.000000e+01
      vertex 1.169770e+02 -1.110690e+01 -6.000000e+01
      vertex 1.169770e+02 -1.110690e+01 -5.600000e+01
    endloop
  endfacet
  facet normal 6.595591e-01 7.516527e-01 0.000000e+00
    outer loop
      vertex 1.156010e+02 -9.899490e+00 -5.600000e+01
      vertex 1.169770e+02 -1.110690e+01 -5.600000e+01
      vertex 1.169770e+02 -1.110690e+01 -6.000000e+01
    endloop
  endfacet
  facet normal -6.595570e-01 7.516545e-01 0.000000e+00
    outer loop
      vertex 1.340230e+02 -1.110690e+01 -6.000000e+01
      vertex 1.340230e+02 -1.110690e+01 -5.600000e+01
      vertex 1.353990e+02 -9.899490e+00 -6.000000e+01
    endloop
  endfacet
  facet normal -5.555201e-01 8.315031e-01 0.000000e+00
    outer loop
      vertex 1.325000e+02 -1.212440e+01 -5.600000e+01
      vertex 1.340230e+02 -1.110690e+01 -5.600000e+01
      vertex 1.340230e+02 -1.110690e+01 -6.000000e+01
    endloop
  endfacet
  facet normal -6.595570e-01 7.516545e-01 0.000000e+00
    outer loop
      vertex 1.353990e+02 -9.899490e+00 -6.000000e+01
      vertex 1.340230e+02 -1.110690e+01 -5.600000e+01
      vertex 1.353990e+02 -9.899490e+00 -5.600000e+01
    endloop
  endfacet
  facet normal -7.516923e-01 6.595140e-01 0.000000e+00
    outer loop
      vertex 1.353990e+02 -9.899490e+00 -6.000000e+01
      vertex 1.366070e+02 -8.522660e+00 -5.600000e+01
      vertex 1.366070e+02 -8.522660e+00 -6.000000e+01
    endloop
  endfacet
  facet normal -7.516923e-01 6.595140e-01 0.000000e+00
    outer loop
      vertex 1.353990e+02 -9.899490e+00 -6.000000e+01
      vertex 1.353990e+02 -9.899490e+00 -5.600000e+01
      vertex 1.366070e+02 -8.522660e+00 -5.600000e+01
    endloop
  endfacet
  facet normal -8.315732e-01 5.554151e-01 0.000000e+00
    outer loop
      vertex 1.366070e+02 -8.522660e+00 -6.000000e+01
      vertex 1.376240e+02 -7.000000e+00 -5.600000e+01
      vertex 1.376240e+02 -7.000000e+00 -6.000000e+01
    endloop
  endfacet
  facet normal -8.968606e-01 4.423133e-01 0.000000e+00
    outer loop
      vertex 1.376240e+02 -7.000000e+00 -6.000000e+01
      vertex 1.384340e+02 -5.357570e+00 -5.600000e+01
      vertex 1.384340e+02 -5.357570e+00 -6.000000e+01
    endloop
  endfacet
  facet normal -8.315732e-01 5.554151e-01 0.000000e+00
    outer loop
      vertex 1.366070e+02 -8.522660e+00 -6.000000e+01
      vertex 1.366070e+02 -8.522660e+00 -5.600000e+01
      vertex 1.376240e+02 -7.000000e+00 -5.600000e+01
    endloop
  endfacet
  facet normal -8.968606e-01 4.423133e-01 0.000000e+00
    outer loop
      vertex 1.376240e+02 -7.000000e+00 -6.000000e+01
      vertex 1.376240e+02 -7.000000e+00 -5.600000e+01
      vertex 1.384340e+02 -5.357570e+00 -5.600000e+01
    endloop
  endfacet
  facet normal -9.468733e-01 3.216067e-01 0.000000e+00
    outer loop
      vertex 1.384340e+02 -5.357570e+00 -6.000000e+01
      vertex 1.390230e+02 -3.623470e+00 -5.600000e+01
      vertex 1.390230e+02 -3.623470e+00 -6.000000e+01
    endloop
  endfacet
  facet normal -9.468733e-01 3.216067e-01 0.000000e+00
    outer loop
      vertex 1.384340e+02 -5.357570e+00 -6.000000e+01
      vertex 1.384340e+02 -5.357570e+00 -5.600000e+01
      vertex 1.390230e+02 -3.623470e+00 -5.600000e+01
    endloop
  endfacet
  facet normal -9.808121e-01 1.949555e-01 0.000000e+00
    outer loop
      vertex 1.390230e+02 -3.623470e+00 -6.000000e+01
      vertex 1.390230e+02 -3.623470e+00 -5.600000e+01
      vertex 1.393800e+02 -1.827370e+00 -5.600000e+01
    endloop
  endfacet
  facet normal -9.808121e-01 1.949555e-01 0.000000e+00
    outer loop
      vertex 1.390230e+02 -3.623470e+00 -6.000000e+01
      vertex 1.393800e+02 -1.827370e+00 -5.600000e+01
      vertex 1.393800e+02 -1.827370e+00 -6.000000e+01
    endloop
  endfacet
  facet normal -9.978510e-01 6.552436e-02 0.000000e+00
    outer loop
      vertex 1.393800e+02 -1.827370e+00 -6.000000e+01
      vertex 1.395000e+02 0.000000e+00 -5.600000e+01
      vertex 1.395000e+02 0.000000e+00 -6.000000e+01
    endloop
  endfacet
  facet normal -9.978510e-01 6.552436e-02 0.000000e+00
    outer loop
      vertex 1.393800e+02 -1.827370e+00 -6.000000e+01
      vertex 1.393800e+02 -1.827370e+00 -5.600000e+01
      vertex 1.395000e+02 0.000000e+00 -5.600000e+01
    endloop
  endfacet
  facet normal -0.000000e+00 1.000000e+00 0.000000e+00
    outer loop
      vertex -1.550000e+02 -4.300000e+01 -4.000000e+00
      vertex 1.550000e+02 -4.300000e+01 -4.000000e+00
      vertex 1.550000e+02 -4.300000e+01 -5.600000e+01
    endloop
  endfacet
  facet normal 0.000000e+00 0.000000e+00 -1.000000e+00
    outer loop
      vertex -2.870096e+01 -3.525000e+01 -4.000000e+00
      vertex 2.880997e+01 -3.541314e+01 -4.000000e+00
      vertex 2.893934e+01 -3.556066e+01 -4.000000e+00
    endloop
  endfacet
  facet normal 0.000000e+00 0.000000e+00 -1.000000e+00
    outer loop
      vertex -2.980421e+01 -3.598717e+01 -4.000000e+00
      vertex 2.980421e+01 -3.598717e+01 -4.000000e+00
      vertex 3.000000e+01 -3.600000e+01 -4.000000e+00
    endloop
  endfacet
  facet normal 0.000000e+00 0.000000e+00 -1.000000e+00
    outer loop
      vertex -2.942598e+01 -3.588582e+01 -4.000000e+00
      vertex 2.942598e+01 -3.588582e+01 -4.000000e+00
      vertex 2.961177e+01 -3.594889e+01 -4.000000e+00
    endloop
  endfacet
  facet normal 0.000000e+00 0.000000e+00 -1.000000e+00
    outer loop
      vertex -2.961177e+01 -3.594889e+01 -4.000000e+00
      vertex 2.961177e+01 -3.594889e+01 -4.000000e+00
      vertex 2.980421e+01 -3.598717e+01 -4.000000e+00
    endloop
  endfacet
  facet normal 0.000000e+00 0.000000e+00 -1.000000e+00
    outer loop
      vertex -2.925000e+01 -3.579904e+01 -4.000000e+00
      vertex 2.925000e+01 -3.579904e+01 -4.000000e+00
      vertex 2.942598e+01 -3.588582e+01 -4.000000e+00
    endloop
  endfacet
  facet normal 0.000000e+00 0.000000e+00 -1.000000e+00
    outer loop
      vertex -2.893934e+01 -3.556066e+01 -4.000000e+00
      vertex 2.908686e+01 -3.569003e+01 -4.000000e+00
      vertex 2.925000e+01 -3.579904e+01 -4.000000e+00
    endloop
  endfacet
  facet normal 0.000000e+00 0.000000e+00 -1.000000e+00
    outer loop
      vertex -2.880997e+01 -3.541314e+01 -4.000000e+00
      vertex 2.893934e+01 -3.556066e+01 -4.000000e+00
      vertex 2.908686e+01 -3.569003e+01 -4.000000e+00
    endloop
  endfacet
  facet normal 0.000000e+00 0.000000e+00 1.000000e+00
    outer loop
      vertex 2.893934e+01 -3.556066e+01 0.000000e+00
      vertex -2.908686e+01 -3.569003e+01 0.000000e+00
      vertex 2.908686e+01 -3.569003e+01 0.000000e+00
    endloop
  endfacet
  facet normal 0.000000e+00 0.000000e+00 1.000000e+00
    outer loop
      vertex 2.880997e+01 -3.541314e+01 0.000000e+00
      vertex -2.893934e+01 -3.556066e+01 0.000000e+00
      vertex 2.893934e+01 -3.556066e+01 0.000000e+00
    endloop
  endfacet
  facet normal 0.000000e+00 0.000000e+00 1.000000e+00
    outer loop
      vertex 2.870096e+01 -3.525000e+01 0.000000e+00
      vertex -2.880997e+01 -3.541314e+01 0.000000e+00
      vertex 2.880997e+01 -3.541314e+01 0.000000e+00
    endloop
  endfacet
  facet normal 0.000000e+00 0.000000e+00 1.000000e+00
    outer loop
      vertex -3.000000e+01 -3.600000e+01 0.000000e+00
      vertex 3.000000e+01 -3.600000e+01 0.000000e+00
      vertex 2.980421e+01 -3.598717e+01 0.000000e+00
    endloop
  endfacet
  facet normal 0.000000e+00 0.000000e+00 1.000000e+00
    outer loop
      vertex -2.961177e+01 -3.594889e+01 0.000000e+00
      vertex 2.961177e+01 -3.594889e+01 0.000000e+00
      vertex 2.942598e+01 -3.588582e+01 0.000000e+00
    endloop
  endfacet
  facet normal 0.000000e+00 0.000000e+00 1.000000e+00
    outer loop
      vertex -2.980421e+01 -3.598717e+01 0.000000e+00
      vertex 2.980421e+01 -3.598717e+01 0.000000e+00
      vertex 2.961177e+01 -3.594889e+01 0.000000e+00
    endloop
  endfacet
  facet normal 0.000000e+00 0.000000e+00 1.000000e+00
    outer loop
      vertex -2.942598e+01 -3.588582e+01 0.000000e+00
      vertex 2.942598e+01 -3.588582e+01 0.000000e+00
      vertex 2.925000e+01 -3.579904e+01 0.000000e+00
    endloop
  endfacet
  facet normal 0.000000e+00 0.000000e+00 1.000000e+00
    outer loop
      vertex 2.908686e+01 -3.569003e+01 0.000000e+00
      vertex -2.925000e+01 -3.579904e+01 0.000000e+00
      vertex 2.925000e+01 -3.579904e+01 0.000000e+00
    endloop
  endfacet
  facet normal 0.000000e+00 0.000000e+00 -1.000000e+00
    outer loop
      vertex -5.500000e+01 -3.575000e+01 -4.000000e+00
      vertex -3.000000e+01 -3.600000e+01 -4.000000e+00
      vertex 1.550000e+02 -4.300000e+01 -4.000000e+00
    endloop
  endfacet
  facet normal 0.000000e+00 0.000000e+00 -1.000000e+00
    outer loop
      vertex 5.500000e+01 -3.575000e+01 -4.000000e+00
      vertex 3.019579e+01 -3.598717e+01 -4.000000e+00
      vertex 3.038823e+01 -3.594889e+01 -4.000000e+00
    endloop
  endfacet
  facet normal 0.000000e+00 0.000000e+00 -1.000000e+00
    outer loop
      vertex 5.500000e+01 -3.575000e+01 -4.000000e+00
      vertex 3.038823e+01 -3.594889e+01 -4.000000e+00
      vertex 3.057402e+01 -3.588582e+01 -4.000000e+00
    endloop
  endfacet
  facet normal 0.000000e+00 0.000000e+00 1.000000e+00
    outer loop
      vertex -5.500000e+01 -3.575000e+01 0.000000e+00
      vertex 1.530000e+02 -4.500000e+01 0.000000e+00
      vertex -3.000000e+01 -3.600000e+01 0.000000e+00
    endloop
  endfacet
  facet normal 0.000000e+00 0.000000e+00 1.000000e+00
    outer loop
      vertex 5.500000e+01 -3.575000e+01 0.000000e+00
      vertex 3.038823e+01 -3.594889e+01 0.000000e+00
      vertex 3.019579e+01 -3.598717e+01 0.000000e+00
    endloop
  endfacet
  facet normal 0.000000e+00 0.000000e+00 1.000000e+00
    outer loop
      vertex 5.500000e+01 -3.575000e+01 0.000000e+00
      vertex 3.057402e+01 -3.588582e+01 0.000000e+00
      vertex 3.038823e+01 -3.594889e+01 0.000000e+00
    endloop
  endfacet
  facet normal 0.000000e+00 0.000000e+00 1.000000e+00
    outer loop
      vertex 5.452160e+01 -3.565490e+01 0.000000e+00
      vertex 3.091314e+01 -3.569003e+01 0.000000e+00
      vertex 3.075000e+01 -3.579904e+01 0.000000e+00
    endloop
  endfacet
  facet normal 0.000000e+00 0.000000e+00 1.000000e+00
    outer loop
      vertex 5.423900e+01 -3.549170e+01 0.000000e+00
      vertex 3.106066e+01 -3.556066e+01 0.000000e+00
      vertex 3.091314e+01 -3.569003e+01 0.000000e+00
    endloop
  endfacet
  facet normal 0.000000e+00 0.000000e+00 -1.000000e+00
    outer loop
      vertex -2.861418e+01 -3.507402e+01 -4.000000e+00
      vertex 2.870096e+01 -3.525000e+01 -4.000000e+00
      vertex 2.880997e+01 -3.541314e+01 -4.000000e+00
    endloop
  endfacet
  facet normal 0.000000e+00 0.000000e+00 -1.000000e+00
    outer loop
      vertex -2.855111e+01 -3.488823e+01 -4.000000e+00
      vertex 2.861418e+01 -3.507402e+01 -4.000000e+00
      vertex 2.870096e+01 -3.525000e+01 -4.000000e+00
    endloop
  endfacet
  facet normal 0.000000e+00 0.000000e+00 -1.000000e+00
    outer loop
      vertex -2.851283e+01 -3.469579e+01 -4.000000e+00
      vertex 2.855111e+01 -3.488823e+01 -4.000000e+00
      vertex 2.861418e+01 -3.507402e+01 -4.000000e+00
    endloop
  endfacet
  facet normal 0.000000e+00 0.000000e+00 -1.000000e+00
    outer loop
      vertex -2.851283e+01 -3.469579e+01 -4.000000e+00
      vertex 2.851283e+01 -3.469579e+01 -4.000000e+00
      vertex 2.855111e+01 -3.488823e+01 -4.000000e+00
    endloop
  endfacet
  facet normal 0.000000e+00 0.000000e+00 -1.000000e+00
    outer loop
      vertex -2.850000e+01 -3.450000e+01 -4.000000e+00
      vertex 2.850000e+01 -3.450000e+01 -4.000000e+00
      vertex 2.851283e+01 -3.469579e+01 -4.000000e+00
    endloop
  endfacet
  facet normal 0.000000e+00 0.000000e+00 -1.000000e+00
    outer loop
      vertex 2.850000e+01 -3.450000e+01 -4.000000e+00
      vertex -2.851283e+01 -3.430421e+01 -4.000000e+00
      vertex 2.851283e+01 -3.430421e+01 -4.000000e+00
    endloop
  endfacet
  facet normal 0.000000e+00 0.000000e+00 -1.000000e+00
    outer loop
      vertex 2.851283e+01 -3.430421e+01 -4.000000e+00
      vertex -2.855111e+01 -3.411177e+01 -4.000000e+00
      vertex 2.855111e+01 -3.411177e+01 -4.000000e+00
    endloop
  endfacet
  facet normal 0.000000e+00 0.000000e+00 -1.000000e+00
    outer loop
      vertex 2.855111e+01 -3.411177e+01 -4.000000e+00
      vertex -2.861418e+01 -3.392598e+01 -4.000000e+00
      vertex 2.861418e+01 -3.392598e+01 -4.000000e+00
    endloop
  endfacet
  facet normal 0.000000e+00 0.000000e+00 -1.000000e+00
    outer loop
      vertex 2.861418e+01 -3.392598e+01 -4.000000e+00
      vertex -2.870096e+01 -3.375000e+01 -4.000000e+00
      vertex 2.870096e+01 -3.375000e+01 -4.000000e+00
    endloop
  endfacet
  facet normal 0.000000e+00 0.000000e+00 -1.000000e+00
    outer loop
      vertex -2.880997e+01 -3.358686e+01 -4.000000e+00
      vertex 2.880997e+01 -3.358686e+01 -4.000000e+00
      vertex 2.870096e+01 -3.375000e+01 -4.000000e+00
    endloop
  endfacet
  facet normal 0.000000e+00 0.000000e+00 -1.000000e+00
    outer loop
      vertex -2.893934e+01 -3.343934e+01 -4.000000e+00
      vertex 2.893934e+01 -3.343934e+01 -4.000000e+00
      vertex 2.880997e+01 -3.358686e+01 -4.000000e+00
    endloop
  endfacet
  facet normal 0.000000e+00 0.000000e+00 -1.000000e+00
    outer loop
      vertex -2.908686e+01 -3.330997e+01 -4.000000e+00
      vertex 2.908686e+01 -3.330997e+01 -4.000000e+00
      vertex 2.893934e+01 -3.343934e+01 -4.000000e+00
    endloop
  endfacet
  facet normal 0.000000e+00 0.000000e+00 -1.000000e+00
    outer loop
      vertex -2.925000e+01 -3.320096e+01 -4.000000e+00
      vertex 2.925000e+01 -3.320096e+01 -4.000000e+00
      vertex 2.908686e+01 -3.330997e+01 -4.000000e+00
    endloop
  endfacet
  facet normal 0.000000e+00 0.000000e+00 1.000000e+00
    outer loop
      vertex -2.870096e+01 -3.525000e+01 0.000000e+00
      vertex 2.870096e+01 -3.525000e+01 0.000000e+00
      vertex 2.861418e+01 -3.507402e+01 0.000000e+00
    endloop
  endfacet
  facet normal 0.000000e+00 0.000000e+00 1.000000e+00
    outer loop
      vertex 2.855111e+01 -3.488823e+01 0.000000e+00
      vertex -2.861418e+01 -3.507402e+01 0.000000e+00
      vertex 2.861418e+01 -3.507402e+01 0.000000e+00
    endloop
  endfacet
  facet normal 0.000000e+00 0.000000e+00 1.000000e+00
    outer loop
      vertex 2.851283e+01 -3.469579e+01 0.000000e+00
      vertex -2.855111e+01 -3.488823e+01 0.000000e+00
      vertex 2.855111e+01 -3.488823e+01 0.000000e+00
    endloop
  endfacet
  facet normal 0.000000e+00 0.000000e+00 1.000000e+00
    outer loop
      vertex 2.850000e+01 -3.450000e+01 0.000000e+00
      vertex -2.851283e+01 -3.469579e+01 0.000000e+00
      vertex 2.851283e+01 -3.469579e+01 0.000000e+00
    endloop
  endfacet
  facet normal 0.000000e+00 -0.000000e+00 1.000000e+00
    outer loop
      vertex 2.850000e+01 -3.450000e+01 0.000000e+00
      vertex 2.851283e+01 -3.430421e+01 0.000000e+00
      vertex -2.850000e+01 -3.450000e+01 0.000000e+00
    endloop
  endfacet
  facet normal 0.000000e+00 0.000000e+00 1.000000e+00
    outer loop
      vertex -2.850000e+01 -3.450000e+01 0.000000e+00
      vertex 2.851283e+01 -3.430421e+01 0.000000e+00
      vertex 2.855111e+01 -3.411177e+01 0.000000e+00
    endloop
  endfacet
  facet normal 0.000000e+00 0.000000e+00 1.000000e+00
    outer loop
      vertex -2.850000e+01 -3.450000e+01 0.000000e+00
      vertex 2.855111e+01 -3.411177e+01 0.000000e+00
      vertex 2.861418e+01 -3.392598e+01 0.000000e+00
    endloop
  endfacet
  facet normal 0.000000e+00 0.000000e+00 1.000000e+00
    outer loop
      vertex 2.870096e+01 -3.375000e+01 0.000000e+00
      vertex -2.855111e+01 -3.411177e+01 0.000000e+00
      vertex 2.861418e+01 -3.392598e+01 0.000000e+00
    endloop
  endfacet
  facet normal 0.000000e+00 0.000000e+00 1.000000e+00
    outer loop
      vertex -2.870096e+01 -3.375000e+01 0.000000e+00
      vertex 2.870096e+01 -3.375000e+01 0.000000e+00
      vertex 2.880997e+01 -3.358686e+01 0.000000e+00
    endloop
  endfacet
  facet normal 0.000000e+00 0.000000e+00 1.000000e+00
    outer loop
      vertex -2.880997e+01 -3.358686e+01 0.000000e+00
      vertex 2.880997e+01 -3.358686e+01 0.000000e+00
      vertex 2.893934e+01 -3.343934e+01 0.000000e+00
    endloop
  endfacet
  facet normal 0.000000e+00 0.000000e+00 1.000000e+00
    outer loop
      vertex -2.893934e+01 -3.343934e+01 0.000000e+00
      vertex 2.893934e+01 -3.343934e+01 0.000000e+00
      vertex 2.908686e+01 -3.330997e+01 0.000000e+00
    endloop
  endfacet
  facet normal 0.000000e+00 0.000000e+00 1.000000e+00
    outer loop
      vertex -2.908686e+01 -3.330997e+01 0.000000e+00
      vertex 2.908686e+01 -3.330997e+01 0.000000e+00
      vertex 2.925000e+01 -3.320096e+01 0.000000e+00
    endloop
  endfacet
  facet normal 0.000000e+00 0.000000e+00 1.000000e+00
    outer loop
      vertex -2.925000e+01 -3.320096e+01 0.000000e+00
      vertex 2.925000e+01 -3.320096e+01 0.000000e+00
      vertex 2.942598e+01 -3.311418e+01 0.000000e+00
    endloop
  endfacet
  facet normal 0.000000e+00 0.000000e+00 1.000000e+00
    outer loop
      vertex -2.925000e+01 -3.320096e+01 0.000000e+00
      vertex 2.942598e+01 -3.311418e+01 0.000000e+00
      vertex 2.961177e+01 -3.305111e+01 0.000000e+00
    endloop
  endfacet
  facet normal 0.000000e+00 0.000000e+00 1.000000e+00
    outer loop
      vertex -2.925000e+01 -3.320096e+01 0.000000e+00
      vertex 2.980421e+01 -3.301283e+01 0.000000e+00
      vertex 3.000000e+01 -3.300000e+01 0.000000e+00
    endloop
  endfacet
  facet normal 0.000000e+00 0.000000e+00 1.000000e+00
    outer loop
      vertex -2.925000e+01 -3.320096e+01 0.000000e+00
      vertex 2.961177e+01 -3.305111e+01 0.000000e+00
      vertex 2.980421e+01 -3.301283e+01 0.000000e+00
    endloop
  endfacet
  facet normal 0.000000e+00 0.000000e+00 1.000000e+00
    outer loop
      vertex 5.391750e+01 -3.387500e+01 0.000000e+00
      vertex 3.106066e+01 -3.343934e+01 0.000000e+00
      vertex 3.119003e+01 -3.358686e+01 0.000000e+00
    endloop
  endfacet
  facet normal 0.000000e+00 0.000000e+00 1.000000e+00
    outer loop
      vertex 5.391750e+01 -3.387500e+01 0.000000e+00
      vertex 3.091314e+01 -3.330997e+01 0.000000e+00
      vertex 3.106066e+01 -3.343934e+01 0.000000e+00
    endloop
  endfacet
  facet normal 0.000000e+00 -7.071068e-01 7.071068e-01
    outer loop
      vertex -1.530000e+02 -4.700000e+01 -2.000000e+00
      vertex 1.530000e+02 -4.700000e+01 -2.000000e+00
      vertex 1.530000e+02 -4.500000e+01 0.000000e+00
    endloop
  endfacet
  facet normal 0.000000e+00 0.000000e+00 -1.000000e+00
    outer loop
      vertex 5.500000e+01 -3.575000e+01 -4.000000e+00
      vertex 3.057402e+01 -3.588582e+01 -4.000000e+00
      vertex 3.075000e+01 -3.579904e+01 -4.000000e+00
    endloop
  endfacet
  facet normal -0.000000e+00 0.000000e+00 -1.000000e+00
    outer loop
      vertex 5.500000e+01 -3.575000e+01 -4.000000e+00
      vertex 3.075000e+01 -3.579904e+01 -4.000000e+00
      vertex 3.091314e+01 -3.569003e+01 -4.000000e+00
    endloop
  endfacet
  facet normal -0.000000e+00 0.000000e+00 -1.000000e+00
    outer loop
      vertex 5.452160e+01 -3.565490e+01 -4.000000e+00
      vertex 3.091314e+01 -3.569003e+01 -4.000000e+00
      vertex 3.106066e+01 -3.556066e+01 -4.000000e+00
    endloop
  endfacet
  facet normal -0.000000e+00 0.000000e+00 -1.000000e+00
    outer loop
      vertex 5.423900e+01 -3.549170e+01 -4.000000e+00
      vertex 3.106066e+01 -3.556066e+01 -4.000000e+00
      vertex 3.119003e+01 -3.541314e+01 -4.000000e+00
    endloop
  endfacet
  facet normal -0.000000e+00 0.000000e+00 -1.000000e+00
    outer loop
      vertex 5.411610e+01 -3.538390e+01 -4.000000e+00
      vertex 3.119003e+01 -3.541314e+01 -4.000000e+00
      vertex 3.129904e+01 -3.525000e+01 -4.000000e+00
    endloop
  endfacet
  facet normal -0.000000e+00 -0.000000e+00 -1.000000e+00
    outer loop
      vertex 5.467650e+01 -3.570740e+01 -4.000000e+00
      vertex 5.483680e+01 -3.573930e+01 -4.000000e+00
      vertex 3.091314e+01 -3.569003e+01 -4.000000e+00
    endloop
  endfacet
  facet normal -0.000000e+00 -0.000000e+00 -1.000000e+00
    outer loop
      vertex 5.483680e+01 -3.573930e+01 -4.000000e+00
      vertex 5.500000e+01 -3.575000e+01 -4.000000e+00
      vertex 3.091314e+01 -3.569003e+01 -4.000000e+00
    endloop
  endfacet
  facet normal 0.000000e+00 0.000000e+00 -1.000000e+00
    outer loop
      vertex 5.467650e+01 -3.570740e+01 -4.000000e+00
      vertex 3.091314e+01 -3.569003e+01 -4.000000e+00
      vertex 5.452160e+01 -3.565490e+01 -4.000000e+00
    endloop
  endfacet
  facet normal 0.000000e+00 0.000000e+00 -1.000000e+00
    outer loop
      vertex 5.437500e+01 -3.558250e+01 -4.000000e+00
      vertex 3.106066e+01 -3.556066e+01 -4.000000e+00
      vertex 5.423900e+01 -3.549170e+01 -4.000000e+00
    endloop
  endfacet
  facet normal 0.000000e+00 0.000000e+00 -1.000000e+00
    outer loop
      vertex 5.423900e+01 -3.549170e+01 -4.000000e+00
      vertex 3.119003e+01 -3.541314e+01 -4.000000e+00
      vertex 5.411610e+01 -3.538390e+01 -4.000000e+00
    endloop
  endfacet
  facet normal 0.000000e+00 0.000000e+00 -1.000000e+00
    outer loop
      vertex 5.411610e+01 -3.538390e+01 -4.000000e+00
      vertex 3.129904e+01 -3.525000e+01 -4.000000e+00
      vertex 5.400830e+01 -3.526100e+01 -4.000000e+00
    endloop
  endfacet
  facet normal -0.000000e+00 -0.000000e+00 -1.000000e+00
    outer loop
      vertex 5.437500e+01 -3.558250e+01 -4.000000e+00
      vertex 5.452160e+01 -3.565490e+01 -4.000000e+00
      vertex 3.106066e+01 -3.556066e+01 -4.000000e+00
    endloop
  endfacet
  facet normal 0.000000e+00 0.000000e+00 -1.000000e+00
    outer loop
      vertex 1.550000e+02 -4.300000e+01 -4.000000e+00
      vertex -3.000000e+01 -3.600000e+01 -4.000000e+00
      vertex 3.000000e+01 -3.600000e+01 -4.000000e+00
    endloop
  endfacet
  facet normal 0.000000e+00 0.000000e+00 1.000000e+00
    outer loop
      vertex 5.500000e+01 -3.575000e+01 0.000000e+00
      vertex 3.075000e+01 -3.579904e+01 0.000000e+00
      vertex 3.057402e+01 -3.588582e+01 0.000000e+00
    endloop
  endfacet
  facet normal 0.000000e+00 0.000000e+00 1.000000e+00
    outer loop
      vertex 5.411610e+01 -3.538390e+01 0.000000e+00
      vertex 3.119003e+01 -3.541314e+01 0.000000e+00
      vertex 3.106066e+01 -3.556066e+01 0.000000e+00
    endloop
  endfacet
  facet normal 0.000000e+00 0.000000e+00 1.000000e+00
    outer loop
      vertex 5.400830e+01 -3.526100e+01 0.000000e+00
      vertex 3.129904e+01 -3.525000e+01 0.000000e+00
      vertex 3.119003e+01 -3.541314e+01 0.000000e+00
    endloop
  endfacet
  facet normal 0.000000e+00 0.000000e+00 1.000000e+00
    outer loop
      vertex 5.437500e+01 -3.558250e+01 0.000000e+00
      vertex 3.091314e+01 -3.569003e+01 0.000000e+00
      vertex 5.452160e+01 -3.565490e+01 0.000000e+00
    endloop
  endfacet
  facet normal 0.000000e+00 0.000000e+00 1.000000e+00
    outer loop
      vertex 5.483680e+01 -3.573930e+01 0.000000e+00
      vertex 3.075000e+01 -3.579904e+01 0.000000e+00
      vertex 5.500000e+01 -3.575000e+01 0.000000e+00
    endloop
  endfacet
  facet normal 0.000000e+00 0.000000e+00 1.000000e+00
    outer loop
      vertex 5.467650e+01 -3.570740e+01 0.000000e+00
      vertex 3.075000e+01 -3.579904e+01 0.000000e+00
      vertex 5.483680e+01 -3.573930e+01 0.000000e+00
    endloop
  endfacet
  facet normal 0.000000e+00 0.000000e+00 1.000000e+00
    outer loop
      vertex 5.452160e+01 -3.565490e+01 0.000000e+00
      vertex 3.075000e+01 -3.579904e+01 0.000000e+00
      vertex 5.467650e+01 -3.570740e+01 0.000000e+00
    endloop
  endfacet
  facet normal 0.000000e+00 0.000000e+00 1.000000e+00
    outer loop
      vertex 5.437500e+01 -3.558250e+01 0.000000e+00
      vertex 5.423900e+01 -3.549170e+01 0.000000e+00
      vertex 3.091314e+01 -3.569003e+01 0.000000e+00
    endloop
  endfacet
  facet normal 0.000000e+00 0.000000e+00 1.000000e+00
    outer loop
      vertex 5.423900e+01 -3.549170e+01 0.000000e+00
      vertex 5.411610e+01 -3.538390e+01 0.000000e+00
      vertex 3.106066e+01 -3.556066e+01 0.000000e+00
    endloop
  endfacet
  facet normal 0.000000e+00 0.000000e+00 1.000000e+00
    outer loop
      vertex 5.411610e+01 -3.538390e+01 0.000000e+00
      vertex 5.400830e+01 -3.526100e+01 0.000000e+00
      vertex 3.119003e+01 -3.541314e+01 0.000000e+00
    endloop
  endfacet
  facet normal 0.000000e+00 0.000000e+00 1.000000e+00
    outer loop
      vertex 1.530000e+02 -4.500000e+01 0.000000e+00
      vertex 3.000000e+01 -3.600000e+01 0.000000e+00
      vertex -3.000000e+01 -3.600000e+01 0.000000e+00
    endloop
  endfacet
  facet normal 4.428032e-01 8.966188e-01 -0.000000e+00
    outer loop
      vertex 5.437500e+01 -3.558250e+01 -4.000000e+00
      vertex 5.437500e+01 -3.558250e+01 0.000000e+00
      vertex 5.452160e+01 -3.565490e+01 -4.000000e+00
    endloop
  endfacet
  facet normal 5.552653e-01 8.316733e-01 0.000000e+00
    outer loop
      vertex 5.437500e+01 -3.558250e+01 -4.000000e+00
      vertex 5.423900e+01 -3.549170e+01 -4.000000e+00
      vertex 5.423900e+01 -3.549170e+01 0.000000e+00
    endloop
  endfacet
  facet normal 6.594177e-01 7.517768e-01 0.000000e+00
    outer loop
      vertex 5.423900e+01 -3.549170e+01 -4.000000e+00
      vertex 5.411610e+01 -3.538390e+01 -4.000000e+00
      vertex 5.411610e+01 -3.538390e+01 0.000000e+00
    endloop
  endfacet
  facet normal 7.517768e-01 6.594177e-01 -0.000000e+00
    outer loop
      vertex 5.411610e+01 -3.538390e+01 -4.000000e+00
      vertex 5.400830e+01 -3.526100e+01 -4.000000e+00
      vertex 5.411610e+01 -3.538390e+01 0.000000e+00
    endloop
  endfacet
  facet normal 1.951645e-01 9.807705e-01 -0.000000e+00
    outer loop
      vertex 5.467650e+01 -3.570740e+01 -4.000000e+00
      vertex 5.467650e+01 -3.570740e+01 0.000000e+00
      vertex 5.483680e+01 -3.573930e+01 -4.000000e+00
    endloop
  endfacet
  facet normal 3.210028e-01 9.470783e-01 0.000000e+00
    outer loop
      vertex 5.467650e+01 -3.570740e+01 -4.000000e+00
      vertex 5.452160e+01 -3.565490e+01 -4.000000e+00
      vertex 5.452160e+01 -3.565490e+01 0.000000e+00
    endloop
  endfacet
  facet normal -6.542449e-02 9.978575e-01 0.000000e+00
    outer loop
      vertex 5.500000e+01 -3.575000e+01 -4.000000e+00
      vertex 5.500000e+01 -3.575000e+01 0.000000e+00
      vertex 5.516320e+01 -3.573930e+01 -4.000000e+00
    endloop
  endfacet
  facet normal 6.542449e-02 9.978575e-01 -0.000000e+00
    outer loop
      vertex 5.483680e+01 -3.573930e+01 -4.000000e+00
      vertex 5.483680e+01 -3.573930e+01 0.000000e+00
      vertex 5.500000e+01 -3.575000e+01 -4.000000e+00
    endloop
  endfacet
  facet normal -1.951645e-01 9.807705e-01 0.000000e+00
    outer loop
      vertex 5.516320e+01 -3.573930e+01 -4.000000e+00
      vertex 5.516320e+01 -3.573930e+01 0.000000e+00
      vertex 5.532350e+01 -3.570740e+01 -4.000000e+00
    endloop
  endfacet
  facet normal -3.210028e-01 9.470783e-01 0.000000e+00
    outer loop
      vertex 5.532350e+01 -3.570740e+01 -4.000000e+00
      vertex 5.532350e+01 -3.570740e+01 0.000000e+00
      vertex 5.547840e+01 -3.565490e+01 -4.000000e+00
    endloop
  endfacet
  facet normal -4.428032e-01 8.966188e-01 0.000000e+00
    outer loop
      vertex 5.547840e+01 -3.565490e+01 -4.000000e+00
      vertex 5.547840e+01 -3.565490e+01 0.000000e+00
      vertex 5.562500e+01 -3.558250e+01 -4.000000e+00
    endloop
  endfacet
  facet normal -5.552653e-01 8.316733e-01 0.000000e+00
    outer loop
      vertex 5.562500e+01 -3.558250e+01 -4.000000e+00
      vertex 5.562500e+01 -3.558250e+01 0.000000e+00
      vertex 5.576100e+01 -3.549170e+01 -4.000000e+00
    endloop
  endfacet
  facet normal -6.594177e-01 7.517768e-01 0.000000e+00
    outer loop
      vertex 5.576100e+01 -3.549170e+01 -4.000000e+00
      vertex 5.576100e+01 -3.549170e+01 0.000000e+00
      vertex 5.588390e+01 -3.538390e+01 -4.000000e+00
    endloop
  endfacet
  facet normal -7.517768e-01 6.594177e-01 0.000000e+00
    outer loop
      vertex 5.588390e+01 -3.538390e+01 -4.000000e+00
      vertex 5.599170e+01 -3.526100e+01 0.000000e+00
      vertex 5.599170e+01 -3.526100e+01 -4.000000e+00
    endloop
  endfacet
  facet normal 4.428032e-01 8.966188e-01 -0.000000e+00
    outer loop
      vertex 5.452160e+01 -3.565490e+01 -4.000000e+00
      vertex 5.437500e+01 -3.558250e+01 0.000000e+00
      vertex 5.452160e+01 -3.565490e+01 0.000000e+00
    endloop
  endfacet
  facet normal 5.552653e-01 8.316733e-01 -0.000000e+00
    outer loop
      vertex 5.437500e+01 -3.558250e+01 -4.000000e+00
      vertex 5.423900e+01 -3.549170e+01 0.000000e+00
      vertex 5.437500e+01 -3.558250e+01 0.000000e+00
    endloop
  endfacet
  facet normal 6.594177e-01 7.517768e-01 -0.000000e+00
    outer loop
      vertex 5.423900e+01 -3.549170e+01 -4.000000e+00
      vertex 5.411610e+01 -3.538390e+01 0.000000e+00
      vertex 5.423900e+01 -3.549170e+01 0.000000e+00
    endloop
  endfacet
  facet normal 7.517768e-01 6.594177e-01 -0.000000e+00
    outer loop
      vertex 5.400830e+01 -3.526100e+01 -4.000000e+00
      vertex 5.400830e+01 -3.526100e+01 0.000000e+00
      vertex 5.411610e+01 -3.538390e+01 0.000000e+00
    endloop
  endfacet
  facet normal 1.951645e-01 9.807705e-01 -0.000000e+00
    outer loop
      vertex 5.483680e+01 -3.573930e+01 -4.000000e+00
      vertex 5.467650e+01 -3.570740e+01 0.000000e+00
      vertex 5.483680e+01 -3.573930e+01 0.000000e+00
    endloop
  endfacet
  facet normal 3.210028e-01 9.470783e-01 -0.000000e+00
    outer loop
      vertex 5.467650e+01 -3.570740e+01 -4.000000e+00
      vertex 5.452160e+01 -3.565490e+01 0.000000e+00
      vertex 5.467650e+01 -3.570740e+01 0.000000e+00
    endloop
  endfacet
  facet normal 6.542449e-02 9.978575e-01 -0.000000e+00
    outer loop
      vertex 5.500000e+01 -3.575000e+01 -4.000000e+00
      vertex 5.483680e+01 -3.573930e+01 0.000000e+00
      vertex 5.500000e+01 -3.575000e+01 0.000000e+00
    endloop
  endfacet
  facet normal -1.951645e-01 9.807705e-01 0.000000e+00
    outer loop
      vertex 5.532350e+01 -3.570740e+01 -4.000000e+00
      vertex 5.516320e+01 -3.573930e+01 0.000000e+00
      vertex 5.532350e+01 -3.570740e+01 0.000000e+00
    endloop
  endfacet
  facet normal -6.542449e-02 9.978575e-01 0.000000e+00
    outer loop
      vertex 5.516320e+01 -3.573930e+01 -4.000000e+00
      vertex 5.500000e+01 -3.575000e+01 0.000000e+00
      vertex 5.516320e+01 -3.573930e+01 0.000000e+00
    endloop
  endfacet
  facet normal -3.210028e-01 9.470783e-01 0.000000e+00
    outer loop
      vertex 5.547840e+01 -3.565490e+01 -4.000000e+00
      vertex 5.532350e+01 -3.570740e+01 0.000000e+00
      vertex 5.547840e+01 -3.565490e+01 0.000000e+00
    endloop
  endfacet
  facet normal -4.428032e-01 8.966188e-01 0.000000e+00
    outer loop
      vertex 5.562500e+01 -3.558250e+01 -4.000000e+00
      vertex 5.547840e+01 -3.565490e+01 0.000000e+00
      vertex 5.562500e+01 -3.558250e+01 0.000000e+00
    endloop
  endfacet
  facet normal -5.552653e-01 8.316733e-01 0.000000e+00
    outer loop
      vertex 5.576100e+01 -3.549170e+01 -4.000000e+00
      vertex 5.562500e+01 -3.558250e+01 0.000000e+00
      vertex 5.576100e+01 -3.549170e+01 0.000000e+00
    endloop
  endfacet
  facet normal -7.517768e-01 6.594177e-01 0.000000e+00
    outer loop
      vertex 5.588390e+01 -3.538390e+01 -4.000000e+00
      vertex 5.588390e+01 -3.538390e+01 0.000000e+00
      vertex 5.599170e+01 -3.526100e+01 0.000000e+00
    endloop
  endfacet
  facet normal -6.594177e-01 7.517768e-01 0.000000e+00
    outer loop
      vertex 5.588390e+01 -3.538390e+01 -4.000000e+00
      vertex 5.576100e+01 -3.549170e+01 0.000000e+00
      vertex 5.588390e+01 -3.538390e+01 0.000000e+00
    endloop
  endfacet
  facet normal 0.000000e+00 0.000000e+00 -1.000000e+00
    outer loop
      vertex 1.550000e+02 -4.300000e+01 -4.000000e+00
      vertex 3.000000e+01 -3.600000e+01 -4.000000e+00
      vertex 3.019579e+01 -3.598717e+01 -4.000000e+00
    endloop
  endfacet
  facet normal 0.000000e+00 0.000000e+00 -1.000000e+00
    outer loop
      vertex 5.500000e+01 -3.575000e+01 -4.000000e+00
      vertex 5.516320e+01 -3.573930e+01 -4.000000e+00
      vertex 1.025950e+02 -3.757350e+01 -4.000000e+00
    endloop
  endfacet
  facet normal 0.000000e+00 0.000000e+00 -1.000000e+00
    outer loop
      vertex 5.562500e+01 -3.558250e+01 -4.000000e+00
      vertex 5.576100e+01 -3.549170e+01 -4.000000e+00
      vertex 1.011130e+02 -3.695940e+01 -4.000000e+00
    endloop
  endfacet
  facet normal 0.000000e+00 0.000000e+00 -1.000000e+00
    outer loop
      vertex 5.516320e+01 -3.573930e+01 -4.000000e+00
      vertex 5.532350e+01 -3.570740e+01 -4.000000e+00
      vertex 1.021980e+02 -3.749440e+01 -4.000000e+00
    endloop
  endfacet
  facet normal 0.000000e+00 0.000000e+00 -1.000000e+00
    outer loop
      vertex 5.532350e+01 -3.570740e+01 -4.000000e+00
      vertex 5.547840e+01 -3.565490e+01 -4.000000e+00
      vertex 1.018140e+02 -3.736400e+01 -4.000000e+00
    endloop
  endfacet
  facet normal 0.000000e+00 0.000000e+00 -1.000000e+00
    outer loop
      vertex 5.547840e+01 -3.565490e+01 -4.000000e+00
      vertex 5.562500e+01 -3.558250e+01 -4.000000e+00
      vertex 1.014500e+02 -3.718470e+01 -4.000000e+00
    endloop
  endfacet
  facet normal 0.000000e+00 0.000000e+00 -1.000000e+00
    outer loop
      vertex 5.576100e+01 -3.549170e+01 -4.000000e+00
      vertex 5.588390e+01 -3.538390e+01 -4.000000e+00
      vertex 1.008080e+02 -3.669200e+01 -4.000000e+00
    endloop
  endfacet
  facet normal 0.000000e+00 0.000000e+00 -1.000000e+00
    outer loop
      vertex 5.588390e+01 -3.538390e+01 -4.000000e+00
      vertex 5.599170e+01 -3.526100e+01 -4.000000e+00
      vertex 1.005410e+02 -3.638720e+01 -4.000000e+00
    endloop
  endfacet
  facet normal 0.000000e+00 0.000000e+00 -1.000000e+00
    outer loop
      vertex 5.599170e+01 -3.526100e+01 -4.000000e+00
      vertex 5.608250e+01 -3.512500e+01 -4.000000e+00
      vertex 1.003150e+02 -3.605000e+01 -4.000000e+00
    endloop
  endfacet
  facet normal 0.000000e+00 0.000000e+00 -1.000000e+00
    outer loop
      vertex 5.608250e+01 -3.512500e+01 -4.000000e+00
      vertex 5.615490e+01 -3.497840e+01 -4.000000e+00
      vertex 1.001360e+02 -3.568630e+01 -4.000000e+00
    endloop
  endfacet
  facet normal 0.000000e+00 0.000000e+00 1.000000e+00
    outer loop
      vertex 1.530000e+02 -4.500000e+01 0.000000e+00
      vertex 3.019579e+01 -3.598717e+01 0.000000e+00
      vertex 3.000000e+01 -3.600000e+01 0.000000e+00
    endloop
  endfacet
  facet normal -0.000000e+00 0.000000e+00 1.000000e+00
    outer loop
      vertex 5.500000e+01 -3.575000e+01 0.000000e+00
      vertex 1.025950e+02 -3.757350e+01 0.000000e+00
      vertex 5.516320e+01 -3.573930e+01 0.000000e+00
    endloop
  endfacet
  facet normal -0.000000e+00 0.000000e+00 1.000000e+00
    outer loop
      vertex 5.562500e+01 -3.558250e+01 0.000000e+00
      vertex 1.011130e+02 -3.695940e+01 0.000000e+00
      vertex 5.576100e+01 -3.549170e+01 0.000000e+00
    endloop
  endfacet
  facet normal -0.000000e+00 0.000000e+00 1.000000e+00
    outer loop
      vertex 5.516320e+01 -3.573930e+01 0.000000e+00
      vertex 1.021980e+02 -3.749440e+01 0.000000e+00
      vertex 5.532350e+01 -3.570740e+01 0.000000e+00
    endloop
  endfacet
  facet normal -0.000000e+00 0.000000e+00 1.000000e+00
    outer loop
      vertex 5.532350e+01 -3.570740e+01 0.000000e+00
      vertex 1.018140e+02 -3.736400e+01 0.000000e+00
      vertex 5.547840e+01 -3.565490e+01 0.000000e+00
    endloop
  endfacet
  facet normal -0.000000e+00 0.000000e+00 1.000000e+00
    outer loop
      vertex 5.547840e+01 -3.565490e+01 0.000000e+00
      vertex 1.014500e+02 -3.718470e+01 0.000000e+00
      vertex 5.562500e+01 -3.558250e+01 0.000000e+00
    endloop
  endfacet
  facet normal -0.000000e+00 0.000000e+00 1.000000e+00
    outer loop
      vertex 5.576100e+01 -3.549170e+01 0.000000e+00
      vertex 1.008080e+02 -3.669200e+01 0.000000e+00
      vertex 5.588390e+01 -3.538390e+01 0.000000e+00
    endloop
  endfacet
  facet normal -0.000000e+00 0.000000e+00 1.000000e+00
    outer loop
      vertex 5.588390e+01 -3.538390e+01 0.000000e+00
      vertex 1.005410e+02 -3.638720e+01 0.000000e+00
      vertex 5.599170e+01 -3.526100e+01 0.000000e+00
    endloop
  endfacet
  facet normal -0.000000e+00 0.000000e+00 1.000000e+00
    outer loop
      vertex 5.599170e+01 -3.526100e+01 0.000000e+00
      vertex 1.003150e+02 -3.605000e+01 0.000000e+00
      vertex 5.608250e+01 -3.512500e+01 0.000000e+00
    endloop
  endfacet
  facet normal -0.000000e+00 0.000000e+00 1.000000e+00
    outer loop
      vertex 5.608250e+01 -3.512500e+01 0.000000e+00
      vertex 1.001360e+02 -3.568630e+01 0.000000e+00
      vertex 5.615490e+01 -3.497840e+01 0.000000e+00
    endloop
  endfacet
  facet normal 0.000000e+00 0.000000e+00 -1.000000e+00
    outer loop
      vertex 5.400830e+01 -3.526100e+01 -4.000000e+00
      vertex 3.129904e+01 -3.525000e+01 -4.000000e+00
      vertex 3.138582e+01 -3.507402e+01 -4.000000e+00
    endloop
  endfacet
  facet normal -0.000000e+00 0.000000e+00 -1.000000e+00
    outer loop
      vertex 5.384510e+01 -3.497840e+01 -4.000000e+00
      vertex 3.138582e+01 -3.507402e+01 -4.000000e+00
      vertex 3.144889e+01 -3.488823e+01 -4.000000e+00
    endloop
  endfacet
  facet normal -0.000000e+00 0.000000e+00 -1.000000e+00
    outer loop
      vertex 5.379260e+01 -3.482350e+01 -4.000000e+00
      vertex 3.144889e+01 -3.488823e+01 -4.000000e+00
      vertex 3.148717e+01 -3.469579e+01 -4.000000e+00
    endloop
  endfacet
  facet normal -0.000000e+00 0.000000e+00 -1.000000e+00
    outer loop
      vertex 5.376070e+01 -3.466320e+01 -4.000000e+00
      vertex 3.148717e+01 -3.469579e+01 -4.000000e+00
      vertex 3.150000e+01 -3.450000e+01 -4.000000e+00
    endloop
  endfacet
  facet normal 0.000000e+00 0.000000e+00 -1.000000e+00
    outer loop
      vertex 5.375000e+01 -3.450000e+01 -4.000000e+00
      vertex 3.150000e+01 -3.450000e+01 -4.000000e+00
      vertex 3.148717e+01 -3.430421e+01 -4.000000e+00
    endloop
  endfacet
  facet normal 0.000000e+00 0.000000e+00 -1.000000e+00
    outer loop
      vertex 5.376070e+01 -3.433680e+01 -4.000000e+00
      vertex 3.148717e+01 -3.430421e+01 -4.000000e+00
      vertex 3.144889e+01 -3.411177e+01 -4.000000e+00
    endloop
  endfacet
  facet normal 0.000000e+00 0.000000e+00 -1.000000e+00
    outer loop
      vertex 5.379260e+01 -3.417650e+01 -4.000000e+00
      vertex 3.144889e+01 -3.411177e+01 -4.000000e+00
      vertex 3.138582e+01 -3.392598e+01 -4.000000e+00
    endloop
  endfacet
  facet normal 0.000000e+00 0.000000e+00 -1.000000e+00
    outer loop
      vertex 5.384510e+01 -3.402160e+01 -4.000000e+00
      vertex 3.138582e+01 -3.392598e+01 -4.000000e+00
      vertex 3.129904e+01 -3.375000e+01 -4.000000e+00
    endloop
  endfacet
  facet normal 0.000000e+00 0.000000e+00 -1.000000e+00
    outer loop
      vertex 5.400830e+01 -3.526100e+01 -4.000000e+00
      vertex 3.138582e+01 -3.507402e+01 -4.000000e+00
      vertex 5.391750e+01 -3.512500e+01 -4.000000e+00
    endloop
  endfacet
  facet normal 0.000000e+00 -0.000000e+00 -1.000000e+00
    outer loop
      vertex 5.384510e+01 -3.497840e+01 -4.000000e+00
      vertex 5.391750e+01 -3.512500e+01 -4.000000e+00
      vertex 3.138582e+01 -3.507402e+01 -4.000000e+00
    endloop
  endfacet
  facet normal 0.000000e+00 0.000000e+00 -1.000000e+00
    outer loop
      vertex 5.384510e+01 -3.497840e+01 -4.000000e+00
      vertex 3.144889e+01 -3.488823e+01 -4.000000e+00
      vertex 5.379260e+01 -3.482350e+01 -4.000000e+00
    endloop
  endfacet
  facet normal 0.000000e+00 0.000000e+00 -1.000000e+00
    outer loop
      vertex 5.379260e+01 -3.482350e+01 -4.000000e+00
      vertex 3.148717e+01 -3.469579e+01 -4.000000e+00
      vertex 5.376070e+01 -3.466320e+01 -4.000000e+00
    endloop
  endfacet
  facet normal 0.000000e+00 0.000000e+00 -1.000000e+00
    outer loop
      vertex 5.376070e+01 -3.466320e+01 -4.000000e+00
      vertex 3.150000e+01 -3.450000e+01 -4.000000e+00
      vertex 5.375000e+01 -3.450000e+01 -4.000000e+00
    endloop
  endfacet
  facet normal 0.000000e+00 0.000000e+00 -1.000000e+00
    outer loop
      vertex 5.375000e+01 -3.450000e+01 -4.000000e+00
      vertex 3.148717e+01 -3.430421e+01 -4.000000e+00
      vertex 5.376070e+01 -3.433680e+01 -4.000000e+00
    endloop
  endfacet
  facet normal 0.000000e+00 0.000000e+00 -1.000000e+00
    outer loop
      vertex 5.376070e+01 -3.433680e+01 -4.000000e+00
      vertex 3.144889e+01 -3.411177e+01 -4.000000e+00
      vertex 5.379260e+01 -3.417650e+01 -4.000000e+00
    endloop
  endfacet
  facet normal 0.000000e+00 0.000000e+00 -1.000000e+00
    outer loop
      vertex 5.379260e+01 -3.417650e+01 -4.000000e+00
      vertex 3.138582e+01 -3.392598e+01 -4.000000e+00
      vertex 5.384510e+01 -3.402160e+01 -4.000000e+00
    endloop
  endfacet
  facet normal 0.000000e+00 0.000000e+00 -1.000000e+00
    outer loop
      vertex 5.384510e+01 -3.402160e+01 -4.000000e+00
      vertex 3.129904e+01 -3.375000e+01 -4.000000e+00
      vertex 5.391750e+01 -3.387500e+01 -4.000000e+00
    endloop
  endfacet
  facet normal 0.000000e+00 0.000000e+00 1.000000e+00
    outer loop
      vertex 5.384510e+01 -3.497840e+01 0.000000e+00
      vertex 3.138582e+01 -3.507402e+01 0.000000e+00
      vertex 3.129904e+01 -3.525000e+01 0.000000e+00
    endloop
  endfacet
  facet normal 0.000000e+00 0.000000e+00 1.000000e+00
    outer loop
      vertex 5.379260e+01 -3.482350e+01 0.000000e+00
      vertex 3.144889e+01 -3.488823e+01 0.000000e+00
      vertex 3.138582e+01 -3.507402e+01 0.000000e+00
    endloop
  endfacet
  facet normal 0.000000e+00 0.000000e+00 1.000000e+00
    outer loop
      vertex 5.376070e+01 -3.466320e+01 0.000000e+00
      vertex 3.148717e+01 -3.469579e+01 0.000000e+00
      vertex 3.144889e+01 -3.488823e+01 0.000000e+00
    endloop
  endfacet
  facet normal 0.000000e+00 0.000000e+00 1.000000e+00
    outer loop
      vertex 5.375000e+01 -3.450000e+01 0.000000e+00
      vertex 3.150000e+01 -3.450000e+01 0.000000e+00
      vertex 3.148717e+01 -3.469579e+01 0.000000e+00
    endloop
  endfacet
  facet normal 0.000000e+00 0.000000e+00 1.000000e+00
    outer loop
      vertex 5.376070e+01 -3.433680e+01 0.000000e+00
      vertex 3.148717e+01 -3.430421e+01 0.000000e+00
      vertex 3.150000e+01 -3.450000e+01 0.000000e+00
    endloop
  endfacet
  facet normal 0.000000e+00 0.000000e+00 1.000000e+00
    outer loop
      vertex 5.384510e+01 -3.402160e+01 0.000000e+00
      vertex 3.144889e+01 -3.411177e+01 0.000000e+00
      vertex 3.148717e+01 -3.430421e+01 0.000000e+00
    endloop
  endfacet
  facet normal 0.000000e+00 0.000000e+00 1.000000e+00
    outer loop
      vertex 5.391750e+01 -3.387500e+01 0.000000e+00
      vertex 3.138582e+01 -3.392598e+01 0.000000e+00
      vertex 3.144889e+01 -3.411177e+01 0.000000e+00
    endloop
  endfacet
  facet normal 0.000000e+00 0.000000e+00 1.000000e+00
    outer loop
      vertex 5.391750e+01 -3.387500e+01 0.000000e+00
      vertex 3.129904e+01 -3.375000e+01 0.000000e+00
      vertex 3.138582e+01 -3.392598e+01 0.000000e+00
    endloop
  endfacet
  facet normal 0.000000e+00 0.000000e+00 1.000000e+00
    outer loop
      vertex 5.391750e+01 -3.387500e+01 0.000000e+00
      vertex 3.119003e+01 -3.358686e+01 0.000000e+00
      vertex 3.129904e+01 -3.375000e+01 0.000000e+00
    endloop
  endfacet
  facet normal 0.000000e+00 0.000000e+00 1.000000e+00
    outer loop
      vertex 5.400830e+01 -3.526100e+01 0.000000e+00
      vertex 5.391750e+01 -3.512500e+01 0.000000e+00
      vertex 3.129904e+01 -3.525000e+01 0.000000e+00
    endloop
  endfacet
  facet normal 0.000000e+00 0.000000e+00 1.000000e+00
    outer loop
      vertex 5.384510e+01 -3.497840e+01 0.000000e+00
      vertex 3.129904e+01 -3.525000e+01 0.000000e+00
      vertex 5.391750e+01 -3.512500e+01 0.000000e+00
    endloop
  endfacet
  facet normal 0.000000e+00 0.000000e+00 1.000000e+00
    outer loop
      vertex 5.384510e+01 -3.497840e+01 0.000000e+00
      vertex 5.379260e+01 -3.482350e+01 0.000000e+00
      vertex 3.138582e+01 -3.507402e+01 0.000000e+00
    endloop
  endfacet
  facet normal 0.000000e+00 0.000000e+00 1.000000e+00
    outer loop
      vertex 5.379260e+01 -3.482350e+01 0.000000e+00
      vertex 5.376070e+01 -3.466320e+01 0.000000e+00
      vertex 3.144889e+01 -3.488823e+01 0.000000e+00
    endloop
  endfacet
  facet normal 0.000000e+00 0.000000e+00 1.000000e+00
    outer loop
      vertex 5.376070e+01 -3.466320e+01 0.000000e+00
      vertex 5.375000e+01 -3.450000e+01 0.000000e+00
      vertex 3.148717e+01 -3.469579e+01 0.000000e+00
    endloop
  endfacet
  facet normal 0.000000e+00 -0.000000e+00 1.000000e+00
    outer loop
      vertex 5.375000e+01 -3.450000e+01 0.000000e+00
      vertex 5.376070e+01 -3.433680e+01 0.000000e+00
      vertex 3.150000e+01 -3.450000e+01 0.000000e+00
    endloop
  endfacet
  facet normal 0.000000e+00 -0.000000e+00 1.000000e+00
    outer loop
      vertex 5.376070e+01 -3.433680e+01 0.000000e+00
      vertex 5.379260e+01 -3.417650e+01 0.000000e+00
      vertex 3.148717e+01 -3.430421e+01 0.000000e+00
    endloop
  endfacet
  facet normal 0.000000e+00 -0.000000e+00 1.000000e+00
    outer loop
      vertex 5.379260e+01 -3.417650e+01 0.000000e+00
      vertex 5.384510e+01 -3.402160e+01 0.000000e+00
      vertex 3.148717e+01 -3.430421e+01 0.000000e+00
    endloop
  endfacet
  facet normal 0.000000e+00 -0.000000e+00 1.000000e+00
    outer loop
      vertex 5.384510e+01 -3.402160e+01 0.000000e+00
      vertex 5.391750e+01 -3.387500e+01 0.000000e+00
      vertex 3.144889e+01 -3.411177e+01 0.000000e+00
    endloop
  endfacet
  facet normal 9.470783e-01 3.210028e-01 -0.000000e+00
    outer loop
      vertex 5.384510e+01 -3.497840e+01 -4.000000e+00
      vertex 5.379260e+01 -3.482350e+01 -4.000000e+00
      vertex 5.384510e+01 -3.497840e+01 0.000000e+00
    endloop
  endfacet
  facet normal 8.316733e-01 5.552653e-01 -0.000000e+00
    outer loop
      vertex 5.400830e+01 -3.526100e+01 -4.000000e+00
      vertex 5.391750e+01 -3.512500e+01 -4.000000e+00
      vertex 5.400830e+01 -3.526100e+01 0.000000e+00
    endloop
  endfacet
  facet normal 8.966188e-01 4.428032e-01 0.000000e+00
    outer loop
      vertex 5.384510e+01 -3.497840e+01 -4.000000e+00
      vertex 5.391750e+01 -3.512500e+01 0.000000e+00
      vertex 5.391750e+01 -3.512500e+01 -4.000000e+00
    endloop
  endfacet
  facet normal 9.807705e-01 1.951645e-01 -0.000000e+00
    outer loop
      vertex 5.379260e+01 -3.482350e+01 -4.000000e+00
      vertex 5.376070e+01 -3.466320e+01 -4.000000e+00
      vertex 5.379260e+01 -3.482350e+01 0.000000e+00
    endloop
  endfacet
  facet normal 9.978575e-01 6.542449e-02 -0.000000e+00
    outer loop
      vertex 5.376070e+01 -3.466320e+01 -4.000000e+00
      vertex 5.375000e+01 -3.450000e+01 -4.000000e+00
      vertex 5.376070e+01 -3.466320e+01 0.000000e+00
    endloop
  endfacet
  facet normal 9.978575e-01 -6.542449e-02 0.000000e+00
    outer loop
      vertex 5.375000e+01 -3.450000e+01 -4.000000e+00
      vertex 5.376070e+01 -3.433680e+01 -4.000000e+00
      vertex 5.375000e+01 -3.450000e+01 0.000000e+00
    endloop
  endfacet
  facet normal 9.807705e-01 -1.951645e-01 0.000000e+00
    outer loop
      vertex 5.376070e+01 -3.433680e+01 -4.000000e+00
      vertex 5.379260e+01 -3.417650e+01 -4.000000e+00
      vertex 5.376070e+01 -3.433680e+01 0.000000e+00
    endloop
  endfacet
  facet normal 9.470783e-01 -3.210028e-01 0.000000e+00
    outer loop
      vertex 5.379260e+01 -3.417650e+01 -4.000000e+00
      vertex 5.384510e+01 -3.402160e+01 -4.000000e+00
      vertex 5.379260e+01 -3.417650e+01 0.000000e+00
    endloop
  endfacet
  facet normal 8.966188e-01 -4.428032e-01 0.000000e+00
    outer loop
      vertex 5.384510e+01 -3.402160e+01 -4.000000e+00
      vertex 5.391750e+01 -3.387500e+01 -4.000000e+00
      vertex 5.384510e+01 -3.402160e+01 0.000000e+00
    endloop
  endfacet
  facet normal 8.316733e-01 -5.552653e-01 0.000000e+00
    outer loop
      vertex 5.391750e+01 -3.387500e+01 -4.000000e+00
      vertex 5.400830e+01 -3.373900e+01 -4.000000e+00
      vertex 5.391750e+01 -3.387500e+01 0.000000e+00
    endloop
  endfacet
  facet normal -8.316733e-01 5.552653e-01 0.000000e+00
    outer loop
      vertex 5.599170e+01 -3.526100e+01 -4.000000e+00
      vertex 5.608250e+01 -3.512500e+01 0.000000e+00
      vertex 5.608250e+01 -3.512500e+01 -4.000000e+00
    endloop
  endfacet
  facet normal -8.966188e-01 4.428032e-01 0.000000e+00
    outer loop
      vertex 5.608250e+01 -3.512500e+01 -4.000000e+00
      vertex 5.615490e+01 -3.497840e+01 0.000000e+00
      vertex 5.615490e+01 -3.497840e+01 -4.000000e+00
    endloop
  endfacet
  facet normal -9.470783e-01 3.210028e-01 0.000000e+00
    outer loop
      vertex 5.615490e+01 -3.497840e+01 -4.000000e+00
      vertex 5.620740e+01 -3.482350e+01 0.000000e+00
      vertex 5.620740e+01 -3.482350e+01 -4.000000e+00
    endloop
  endfacet
  facet normal -9.807705e-01 1.951645e-01 0.000000e+00
    outer loop
      vertex 5.620740e+01 -3.482350e+01 -4.000000e+00
      vertex 5.623930e+01 -3.466320e+01 0.000000e+00
      vertex 5.623930e+01 -3.466320e+01 -4.000000e+00
    endloop
  endfacet
  facet normal -9.978575e-01 6.542449e-02 0.000000e+00
    outer loop
      vertex 5.623930e+01 -3.466320e+01 -4.000000e+00
      vertex 5.625000e+01 -3.450000e+01 0.000000e+00
      vertex 5.625000e+01 -3.450000e+01 -4.000000e+00
    endloop
  endfacet
  facet normal -9.978575e-01 -6.542449e-02 0.000000e+00
    outer loop
      vertex 5.625000e+01 -3.450000e+01 -4.000000e+00
      vertex 5.623930e+01 -3.433680e+01 0.000000e+00
      vertex 5.623930e+01 -3.433680e+01 -4.000000e+00
    endloop
  endfacet
  facet normal -9.807705e-01 -1.951645e-01 0.000000e+00
    outer loop
      vertex 5.623930e+01 -3.433680e+01 -4.000000e+00
      vertex 5.620740e+01 -3.417650e+01 0.000000e+00
      vertex 5.620740e+01 -3.417650e+01 -4.000000e+00
    endloop
  endfacet
  facet normal -9.470783e-01 -3.210028e-01 0.000000e+00
    outer loop
      vertex 5.620740e+01 -3.417650e+01 -4.000000e+00
      vertex 5.615490e+01 -3.402160e+01 0.000000e+00
      vertex 5.615490e+01 -3.402160e+01 -4.000000e+00
    endloop
  endfacet
  facet normal -8.966188e-01 -4.428032e-01 0.000000e+00
    outer loop
      vertex 5.615490e+01 -3.402160e+01 -4.000000e+00
      vertex 5.608250e+01 -3.387500e+01 0.000000e+00
      vertex 5.608250e+01 -3.387500e+01 -4.000000e+00
    endloop
  endfacet
  facet normal -8.316733e-01 -5.552653e-01 0.000000e+00
    outer loop
      vertex 5.608250e+01 -3.387500e+01 -4.000000e+00
      vertex 5.599170e+01 -3.373900e+01 0.000000e+00
      vertex 5.599170e+01 -3.373900e+01 -4.000000e+00
    endloop
  endfacet
  facet normal 7.517768e-01 -6.594177e-01 0.000000e+00
    outer loop
      vertex 5.400830e+01 -3.373900e+01 -4.000000e+00
      vertex 5.411610e+01 -3.361610e+01 -4.000000e+00
      vertex 5.400830e+01 -3.373900e+01 0.000000e+00
    endloop
  endfacet
  facet normal 6.594177e-01 -7.517768e-01 0.000000e+00
    outer loop
      vertex 5.411610e+01 -3.361610e+01 -4.000000e+00
      vertex 5.423900e+01 -3.350830e+01 -4.000000e+00
      vertex 5.423900e+01 -3.350830e+01 0.000000e+00
    endloop
  endfacet
  facet normal 5.552653e-01 -8.316733e-01 0.000000e+00
    outer loop
      vertex 5.423900e+01 -3.350830e+01 -4.000000e+00
      vertex 5.437500e+01 -3.341750e+01 -4.000000e+00
      vertex 5.437500e+01 -3.341750e+01 0.000000e+00
    endloop
  endfacet
  facet normal 4.428032e-01 -8.966188e-01 0.000000e+00
    outer loop
      vertex 5.437500e+01 -3.341750e+01 -4.000000e+00
      vertex 5.452160e+01 -3.334510e+01 -4.000000e+00
      vertex 5.452160e+01 -3.334510e+01 0.000000e+00
    endloop
  endfacet
  facet normal 3.210028e-01 -9.470783e-01 0.000000e+00
    outer loop
      vertex 5.452160e+01 -3.334510e+01 -4.000000e+00
      vertex 5.467650e+01 -3.329260e+01 -4.000000e+00
      vertex 5.467650e+01 -3.329260e+01 0.000000e+00
    endloop
  endfacet
  facet normal 1.951645e-01 -9.807705e-01 0.000000e+00
    outer loop
      vertex 5.467650e+01 -3.329260e+01 -4.000000e+00
      vertex 5.483680e+01 -3.326070e+01 -4.000000e+00
      vertex 5.483680e+01 -3.326070e+01 0.000000e+00
    endloop
  endfacet
  facet normal 6.542449e-02 -9.978575e-01 0.000000e+00
    outer loop
      vertex 5.483680e+01 -3.326070e+01 -4.000000e+00
      vertex 5.500000e+01 -3.325000e+01 -4.000000e+00
      vertex 5.500000e+01 -3.325000e+01 0.000000e+00
    endloop
  endfacet
  facet normal -6.542449e-02 -9.978575e-01 0.000000e+00
    outer loop
      vertex 5.500000e+01 -3.325000e+01 -4.000000e+00
      vertex 5.516320e+01 -3.326070e+01 -4.000000e+00
      vertex 5.516320e+01 -3.326070e+01 0.000000e+00
    endloop
  endfacet
  facet normal -1.951645e-01 -9.807705e-01 0.000000e+00
    outer loop
      vertex 5.532350e+01 -3.329260e+01 -4.000000e+00
      vertex 5.532350e+01 -3.329260e+01 0.000000e+00
      vertex 5.516320e+01 -3.326070e+01 -4.000000e+00
    endloop
  endfacet
  facet normal -3.210028e-01 -9.470783e-01 0.000000e+00
    outer loop
      vertex 5.532350e+01 -3.329260e+01 -4.000000e+00
      vertex 5.547840e+01 -3.334510e+01 -4.000000e+00
      vertex 5.547840e+01 -3.334510e+01 0.000000e+00
    endloop
  endfacet
  facet normal -4.428032e-01 -8.966188e-01 0.000000e+00
    outer loop
      vertex 5.562500e+01 -3.341750e+01 -4.000000e+00
      vertex 5.562500e+01 -3.341750e+01 0.000000e+00
      vertex 5.547840e+01 -3.334510e+01 -4.000000e+00
    endloop
  endfacet
  facet normal -7.517768e-01 -6.594177e-01 0.000000e+00
    outer loop
      vertex 5.599170e+01 -3.373900e+01 -4.000000e+00
      vertex 5.588390e+01 -3.361610e+01 0.000000e+00
      vertex 5.588390e+01 -3.361610e+01 -4.000000e+00
    endloop
  endfacet
  facet normal -6.594177e-01 -7.517768e-01 0.000000e+00
    outer loop
      vertex 5.588390e+01 -3.361610e+01 -4.000000e+00
      vertex 5.588390e+01 -3.361610e+01 0.000000e+00
      vertex 5.576100e+01 -3.350830e+01 -4.000000e+00
    endloop
  endfacet
  facet normal -5.552653e-01 -8.316733e-01 0.000000e+00
    outer loop
      vertex 5.562500e+01 -3.341750e+01 -4.000000e+00
      vertex 5.576100e+01 -3.350830e+01 -4.000000e+00
      vertex 5.576100e+01 -3.350830e+01 0.000000e+00
    endloop
  endfacet
  facet normal 8.966188e-01 4.428032e-01 -0.000000e+00
    outer loop
      vertex 5.384510e+01 -3.497840e+01 -4.000000e+00
      vertex 5.384510e+01 -3.497840e+01 0.000000e+00
      vertex 5.391750e+01 -3.512500e+01 0.000000e+00
    endloop
  endfacet
  facet normal 8.316733e-01 5.552653e-01 0.000000e+00
    outer loop
      vertex 5.400830e+01 -3.526100e+01 0.000000e+00
      vertex 5.391750e+01 -3.512500e+01 -4.000000e+00
      vertex 5.391750e+01 -3.512500e+01 0.000000e+00
    endloop
  endfacet
  facet normal 9.470783e-01 3.210028e-01 -0.000000e+00
    outer loop
      vertex 5.379260e+01 -3.482350e+01 -4.000000e+00
      vertex 5.379260e+01 -3.482350e+01 0.000000e+00
      vertex 5.384510e+01 -3.497840e+01 0.000000e+00
    endloop
  endfacet
  facet normal 9.807705e-01 1.951645e-01 -0.000000e+00
    outer loop
      vertex 5.376070e+01 -3.466320e+01 -4.000000e+00
      vertex 5.376070e+01 -3.466320e+01 0.000000e+00
      vertex 5.379260e+01 -3.482350e+01 0.000000e+00
    endloop
  endfacet
  facet normal 9.978575e-01 6.542449e-02 -0.000000e+00
    outer loop
      vertex 5.375000e+01 -3.450000e+01 -4.000000e+00
      vertex 5.375000e+01 -3.450000e+01 0.000000e+00
      vertex 5.376070e+01 -3.466320e+01 0.000000e+00
    endloop
  endfacet
  facet normal 9.978575e-01 -6.542449e-02 0.000000e+00
    outer loop
      vertex 5.376070e+01 -3.433680e+01 -4.000000e+00
      vertex 5.376070e+01 -3.433680e+01 0.000000e+00
      vertex 5.375000e+01 -3.450000e+01 0.000000e+00
    endloop
  endfacet
  facet normal 9.807705e-01 -1.951645e-01 0.000000e+00
    outer loop
      vertex 5.379260e+01 -3.417650e+01 -4.000000e+00
      vertex 5.379260e+01 -3.417650e+01 0.000000e+00
      vertex 5.376070e+01 -3.433680e+01 0.000000e+00
    endloop
  endfacet
  facet normal 9.470783e-01 -3.210028e-01 0.000000e+00
    outer loop
      vertex 5.384510e+01 -3.402160e+01 -4.000000e+00
      vertex 5.384510e+01 -3.402160e+01 0.000000e+00
      vertex 5.379260e+01 -3.417650e+01 0.000000e+00
    endloop
  endfacet
  facet normal 8.966188e-01 -4.428032e-01 0.000000e+00
    outer loop
      vertex 5.391750e+01 -3.387500e+01 -4.000000e+00
      vertex 5.391750e+01 -3.387500e+01 0.000000e+00
      vertex 5.384510e+01 -3.402160e+01 0.000000e+00
    endloop
  endfacet
  facet normal 8.316733e-01 -5.552653e-01 0.000000e+00
    outer loop
      vertex 5.400830e+01 -3.373900e+01 -4.000000e+00
      vertex 5.400830e+01 -3.373900e+01 0.000000e+00
      vertex 5.391750e+01 -3.387500e+01 0.000000e+00
    endloop
  endfacet
  facet normal -8.316733e-01 5.552653e-01 0.000000e+00
    outer loop
      vertex 5.599170e+01 -3.526100e+01 -4.000000e+00
      vertex 5.599170e+01 -3.526100e+01 0.000000e+00
      vertex 5.608250e+01 -3.512500e+01 0.000000e+00
    endloop
  endfacet
  facet normal -8.966188e-01 4.428032e-01 0.000000e+00
    outer loop
      vertex 5.608250e+01 -3.512500e+01 -4.000000e+00
      vertex 5.608250e+01 -3.512500e+01 0.000000e+00
      vertex 5.615490e+01 -3.497840e+01 0.000000e+00
    endloop
  endfacet
  facet normal -9.470783e-01 3.210028e-01 0.000000e+00
    outer loop
      vertex 5.615490e+01 -3.497840e+01 -4.000000e+00
      vertex 5.615490e+01 -3.497840e+01 0.000000e+00
      vertex 5.620740e+01 -3.482350e+01 0.000000e+00
    endloop
  endfacet
  facet normal -9.807705e-01 1.951645e-01 0.000000e+00
    outer loop
      vertex 5.620740e+01 -3.482350e+01 -4.000000e+00
      vertex 5.620740e+01 -3.482350e+01 0.000000e+00
      vertex 5.623930e+01 -3.466320e+01 0.000000e+00
    endloop
  endfacet
  facet normal -9.978575e-01 6.542449e-02 0.000000e+00
    outer loop
      vertex 5.623930e+01 -3.466320e+01 -4.000000e+00
      vertex 5.623930e+01 -3.466320e+01 0.000000e+00
      vertex 5.625000e+01 -3.450000e+01 0.000000e+00
    endloop
  endfacet
  facet normal -9.978575e-01 -6.542449e-02 0.000000e+00
    outer loop
      vertex 5.625000e+01 -3.450000e+01 -4.000000e+00
      vertex 5.625000e+01 -3.450000e+01 0.000000e+00
      vertex 5.623930e+01 -3.433680e+01 0.000000e+00
    endloop
  endfacet
  facet normal -9.807705e-01 -1.951645e-01 0.000000e+00
    outer loop
      vertex 5.623930e+01 -3.433680e+01 -4.000000e+00
      vertex 5.623930e+01 -3.433680e+01 0.000000e+00
      vertex 5.620740e+01 -3.417650e+01 0.000000e+00
    endloop
  endfacet
  facet normal -9.470783e-01 -3.210028e-01 0.000000e+00
    outer loop
      vertex 5.620740e+01 -3.417650e+01 -4.000000e+00
      vertex 5.620740e+01 -3.417650e+01 0.000000e+00
      vertex 5.615490e+01 -3.402160e+01 0.000000e+00
    endloop
  endfacet
  facet normal -8.966188e-01 -4.428032e-01 0.000000e+00
    outer loop
      vertex 5.615490e+01 -3.402160e+01 -4.000000e+00
      vertex 5.615490e+01 -3.402160e+01 0.000000e+00
      vertex 5.608250e+01 -3.387500e+01 0.000000e+00
    endloop
  endfacet
  facet normal -8.316733e-01 -5.552653e-01 0.000000e+00
    outer loop
      vertex 5.608250e+01 -3.387500e+01 -4.000000e+00
      vertex 5.608250e+01 -3.387500e+01 0.000000e+00
      vertex 5.599170e+01 -3.373900e+01 0.000000e+00
    endloop
  endfacet
  facet normal 7.517768e-01 -6.594177e-01 0.000000e+00
    outer loop
      vertex 5.411610e+01 -3.361610e+01 -4.000000e+00
      vertex 5.411610e+01 -3.361610e+01 0.000000e+00
      vertex 5.400830e+01 -3.373900e+01 0.000000e+00
    endloop
  endfacet
  facet normal 6.594177e-01 -7.517768e-01 0.000000e+00
    outer loop
      vertex 5.411610e+01 -3.361610e+01 -4.000000e+00
      vertex 5.423900e+01 -3.350830e+01 0.000000e+00
      vertex 5.411610e+01 -3.361610e+01 0.000000e+00
    endloop
  endfacet
  facet normal 5.552653e-01 -8.316733e-01 0.000000e+00
    outer loop
      vertex 5.423900e+01 -3.350830e+01 -4.000000e+00
      vertex 5.437500e+01 -3.341750e+01 0.000000e+00
      vertex 5.423900e+01 -3.350830e+01 0.000000e+00
    endloop
  endfacet
  facet normal 4.428032e-01 -8.966188e-01 0.000000e+00
    outer loop
      vertex 5.437500e+01 -3.341750e+01 -4.000000e+00
      vertex 5.452160e+01 -3.334510e+01 0.000000e+00
      vertex 5.437500e+01 -3.341750e+01 0.000000e+00
    endloop
  endfacet
  facet normal -5.552653e-01 -8.316733e-01 0.000000e+00
    outer loop
      vertex 5.562500e+01 -3.341750e+01 -4.000000e+00
      vertex 5.576100e+01 -3.350830e+01 0.000000e+00
      vertex 5.562500e+01 -3.341750e+01 0.000000e+00
    endloop
  endfacet
  facet normal 3.210028e-01 -9.470783e-01 0.000000e+00
    outer loop
      vertex 5.452160e+01 -3.334510e+01 -4.000000e+00
      vertex 5.467650e+01 -3.329260e+01 0.000000e+00
      vertex 5.452160e+01 -3.334510e+01 0.000000e+00
    endloop
  endfacet
  facet normal 1.951645e-01 -9.807705e-01 0.000000e+00
    outer loop
      vertex 5.467650e+01 -3.329260e+01 -4.000000e+00
      vertex 5.483680e+01 -3.326070e+01 0.000000e+00
      vertex 5.467650e+01 -3.329260e+01 0.000000e+00
    endloop
  endfacet
  facet normal 6.542449e-02 -9.978575e-01 0.000000e+00
    outer loop
      vertex 5.483680e+01 -3.326070e+01 -4.000000e+00
      vertex 5.500000e+01 -3.325000e+01 0.000000e+00
      vertex 5.483680e+01 -3.326070e+01 0.000000e+00
    endloop
  endfacet
  facet normal -6.542449e-02 -9.978575e-01 0.000000e+00
    outer loop
      vertex 5.500000e+01 -3.325000e+01 -4.000000e+00
      vertex 5.516320e+01 -3.326070e+01 0.000000e+00
      vertex 5.500000e+01 -3.325000e+01 0.000000e+00
    endloop
  endfacet
  facet normal -3.210028e-01 -9.470783e-01 0.000000e+00
    outer loop
      vertex 5.532350e+01 -3.329260e+01 -4.000000e+00
      vertex 5.547840e+01 -3.334510e+01 0.000000e+00
      vertex 5.532350e+01 -3.329260e+01 0.000000e+00
    endloop
  endfacet
  facet normal -1.951645e-01 -9.807705e-01 0.000000e+00
    outer loop
      vertex 5.516320e+01 -3.326070e+01 -4.000000e+00
      vertex 5.532350e+01 -3.329260e+01 0.000000e+00
      vertex 5.516320e+01 -3.326070e+01 0.000000e+00
    endloop
  endfacet
  facet normal -4.428032e-01 -8.966188e-01 0.000000e+00
    outer loop
      vertex 5.547840e+01 -3.334510e+01 -4.000000e+00
      vertex 5.562500e+01 -3.341750e+01 0.000000e+00
      vertex 5.547840e+01 -3.334510e+01 0.000000e+00
    endloop
  endfacet
  facet normal -7.517768e-01 -6.594177e-01 0.000000e+00
    outer loop
      vertex 5.599170e+01 -3.373900e+01 -4.000000e+00
      vertex 5.599170e+01 -3.373900e+01 0.000000e+00
      vertex 5.588390e+01 -3.361610e+01 0.000000e+00
    endloop
  endfacet
  facet normal -6.594177e-01 -7.517768e-01 0.000000e+00
    outer loop
      vertex 5.576100e+01 -3.350830e+01 -4.000000e+00
      vertex 5.588390e+01 -3.361610e+01 0.000000e+00
      vertex 5.576100e+01 -3.350830e+01 0.000000e+00
    endloop
  endfacet
  facet normal 0.000000e+00 0.000000e+00 -1.000000e+00
    outer loop
      vertex 5.615490e+01 -3.497840e+01 -4.000000e+00
      vertex 5.620740e+01 -3.482350e+01 -4.000000e+00
      vertex 1.000060e+02 -3.530230e+01 -4.000000e+00
    endloop
  endfacet
  facet normal 0.000000e+00 0.000000e+00 -1.000000e+00
    outer loop
      vertex 5.620740e+01 -3.482350e+01 -4.000000e+00
      vertex 5.623930e+01 -3.466320e+01 -4.000000e+00
      vertex 9.992650e+01 -3.490460e+01 -4.000000e+00
    endloop
  endfacet
  facet normal 0.000000e+00 0.000000e+00 -1.000000e+00
    outer loop
      vertex 5.623930e+01 -3.466320e+01 -4.000000e+00
      vertex 5.625000e+01 -3.450000e+01 -4.000000e+00
      vertex 9.992650e+01 -3.490460e+01 -4.000000e+00
    endloop
  endfacet
  facet normal 0.000000e+00 0.000000e+00 -1.000000e+00
    outer loop
      vertex 5.625000e+01 -3.450000e+01 -4.000000e+00
      vertex 5.623930e+01 -3.433680e+01 -4.000000e+00
      vertex 9.992650e+01 -3.409540e+01 -4.000000e+00
    endloop
  endfacet
  facet normal 0.000000e+00 0.000000e+00 -1.000000e+00
    outer loop
      vertex 5.623930e+01 -3.433680e+01 -4.000000e+00
      vertex 5.620740e+01 -3.417650e+01 -4.000000e+00
      vertex 9.992650e+01 -3.409540e+01 -4.000000e+00
    endloop
  endfacet
  facet normal 0.000000e+00 0.000000e+00 -1.000000e+00
    outer loop
      vertex 5.620740e+01 -3.417650e+01 -4.000000e+00
      vertex 5.615490e+01 -3.402160e+01 -4.000000e+00
      vertex 1.000060e+02 -3.369770e+01 -4.000000e+00
    endloop
  endfacet
  facet normal 0.000000e+00 0.000000e+00 -1.000000e+00
    outer loop
      vertex 5.615490e+01 -3.402160e+01 -4.000000e+00
      vertex 5.608250e+01 -3.387500e+01 -4.000000e+00
      vertex 1.001360e+02 -3.331370e+01 -4.000000e+00
    endloop
  endfacet
  facet normal 0.000000e+00 0.000000e+00 -1.000000e+00
    outer loop
      vertex 5.608250e+01 -3.387500e+01 -4.000000e+00
      vertex 5.599170e+01 -3.373900e+01 -4.000000e+00
      vertex 1.003150e+02 -3.295000e+01 -4.000000e+00
    endloop
  endfacet
  facet normal 0.000000e+00 0.000000e+00 -1.000000e+00
    outer loop
      vertex 5.599170e+01 -3.373900e+01 -4.000000e+00
      vertex 5.588390e+01 -3.361610e+01 -4.000000e+00
      vertex 1.005410e+02 -3.261280e+01 -4.000000e+00
    endloop
  endfacet
  facet normal 0.000000e+00 0.000000e+00 -1.000000e+00
    outer loop
      vertex 5.588390e+01 -3.361610e+01 -4.000000e+00
      vertex 5.576100e+01 -3.350830e+01 -4.000000e+00
      vertex 1.008080e+02 -3.230800e+01 -4.000000e+00
    endloop
  endfacet
  facet normal -0.000000e+00 0.000000e+00 1.000000e+00
    outer loop
      vertex 5.615490e+01 -3.497840e+01 0.000000e+00
      vertex 1.000060e+02 -3.530230e+01 0.000000e+00
      vertex 5.620740e+01 -3.482350e+01 0.000000e+00
    endloop
  endfacet
  facet normal -0.000000e+00 0.000000e+00 1.000000e+00
    outer loop
      vertex 5.620740e+01 -3.482350e+01 0.000000e+00
      vertex 9.992650e+01 -3.490460e+01 0.000000e+00
      vertex 5.623930e+01 -3.466320e+01 0.000000e+00
    endloop
  endfacet
  facet normal -0.000000e+00 0.000000e+00 1.000000e+00
    outer loop
      vertex 5.623930e+01 -3.466320e+01 0.000000e+00
      vertex 9.992650e+01 -3.490460e+01 0.000000e+00
      vertex 5.625000e+01 -3.450000e+01 0.000000e+00
    endloop
  endfacet
  facet normal 0.000000e+00 0.000000e+00 -1.000000e+00
    outer loop
      vertex 5.391750e+01 3.387500e+01 -4.000000e+00
      vertex 2.925000e+01 -3.320096e+01 -4.000000e+00
      vertex -3.000000e+01 -3.300000e+01 -4.000000e+00
    endloop
  endfacet
  facet normal 0.000000e+00 0.000000e+00 1.000000e+00
    outer loop
      vertex -5.391750e+01 3.387500e+01 0.000000e+00
      vertex 3.000000e+01 -3.300000e+01 0.000000e+00
      vertex 3.019579e+01 -3.301283e+01 0.000000e+00
    endloop
  endfacet
  facet normal 0.000000e+00 0.000000e+00 1.000000e+00
    outer loop
      vertex -5.391750e+01 3.387500e+01 0.000000e+00
      vertex 3.038823e+01 -3.305111e+01 0.000000e+00
      vertex 3.057402e+01 -3.311418e+01 0.000000e+00
    endloop
  endfacet
  facet normal 0.000000e+00 0.000000e+00 1.000000e+00
    outer loop
      vertex -5.391750e+01 3.387500e+01 0.000000e+00
      vertex 3.019579e+01 -3.301283e+01 0.000000e+00
      vertex 3.038823e+01 -3.305111e+01 0.000000e+00
    endloop
  endfacet
  facet normal 0.000000e+00 0.000000e+00 1.000000e+00
    outer loop
      vertex -5.391750e+01 3.387500e+01 0.000000e+00
      vertex 3.075000e+01 -3.320096e+01 0.000000e+00
      vertex 3.091314e+01 -3.330997e+01 0.000000e+00
    endloop
  endfacet
  facet normal 0.000000e+00 0.000000e+00 1.000000e+00
    outer loop
      vertex -5.391750e+01 3.387500e+01 0.000000e+00
      vertex 3.057402e+01 -3.311418e+01 0.000000e+00
      vertex 3.075000e+01 -3.320096e+01 0.000000e+00
    endloop
  endfacet
  facet normal 0.000000e+00 0.000000e+00 1.000000e+00
    outer loop
      vertex -5.391750e+01 3.387500e+01 0.000000e+00
      vertex 3.091314e+01 -3.330997e+01 0.000000e+00
      vertex 5.391750e+01 -3.387500e+01 0.000000e+00
    endloop
  endfacet
  facet normal 0.000000e+00 0.000000e+00 -1.000000e+00
    outer loop
      vertex 5.391750e+01 3.387500e+01 -4.000000e+00
      vertex 3.119003e+01 -3.358686e+01 -4.000000e+00
      vertex 3.106066e+01 -3.343934e+01 -4.000000e+00
    endloop
  endfacet
  facet normal 0.000000e+00 0.000000e+00 -1.000000e+00
    outer loop
      vertex 5.391750e+01 3.387500e+01 -4.000000e+00
      vertex 2.942598e+01 -3.311418e+01 -4.000000e+00
      vertex 2.925000e+01 -3.320096e+01 -4.000000e+00
    endloop
  endfacet
  facet normal 0.000000e+00 0.000000e+00 -1.000000e+00
    outer loop
      vertex 5.391750e+01 3.387500e+01 -4.000000e+00
      vertex 2.961177e+01 -3.305111e+01 -4.000000e+00
      vertex 2.942598e+01 -3.311418e+01 -4.000000e+00
    endloop
  endfacet
  facet normal 0.000000e+00 0.000000e+00 -1.000000e+00
    outer loop
      vertex 5.391750e+01 3.387500e+01 -4.000000e+00
      vertex 2.980421e+01 -3.301283e+01 -4.000000e+00
      vertex 2.961177e+01 -3.305111e+01 -4.000000e+00
    endloop
  endfacet
  facet normal 0.000000e+00 0.000000e+00 -1.000000e+00
    outer loop
      vertex 5.391750e+01 3.387500e+01 -4.000000e+00
      vertex 3.019579e+01 -3.301283e+01 -4.000000e+00
      vertex 3.000000e+01 -3.300000e+01 -4.000000e+00
    endloop
  endfacet
  facet normal 0.000000e+00 0.000000e+00 -1.000000e+00
    outer loop
      vertex 5.391750e+01 3.387500e+01 -4.000000e+00
      vertex 3.000000e+01 -3.300000e+01 -4.000000e+00
      vertex 2.980421e+01 -3.301283e+01 -4.000000e+00
    endloop
  endfacet
  facet normal 0.000000e+00 0.000000e+00 -1.000000e+00
    outer loop
      vertex 5.391750e+01 3.387500e+01 -4.000000e+00
      vertex 3.106066e+01 -3.343934e+01 -4.000000e+00
      vertex 3.091314e+01 -3.330997e+01 -4.000000e+00
    endloop
  endfacet
  facet normal 0.000000e+00 0.000000e+00 -1.000000e+00
    outer loop
      vertex 5.391750e+01 3.387500e+01 -4.000000e+00
      vertex 3.091314e+01 -3.330997e+01 -4.000000e+00
      vertex 3.075000e+01 -3.320096e+01 -4.000000e+00
    endloop
  endfacet
  facet normal 0.000000e+00 0.000000e+00 -1.000000e+00
    outer loop
      vertex 5.391750e+01 3.387500e+01 -4.000000e+00
      vertex 3.075000e+01 -3.320096e+01 -4.000000e+00
      vertex 3.057402e+01 -3.311418e+01 -4.000000e+00
    endloop
  endfacet
  facet normal 0.000000e+00 0.000000e+00 -1.000000e+00
    outer loop
      vertex 5.391750e+01 3.387500e+01 -4.000000e+00
      vertex 3.057402e+01 -3.311418e+01 -4.000000e+00
      vertex 3.038823e+01 -3.305111e+01 -4.000000e+00
    endloop
  endfacet
  facet normal 0.000000e+00 0.000000e+00 -1.000000e+00
    outer loop
      vertex 5.391750e+01 3.387500e+01 -4.000000e+00
      vertex 3.038823e+01 -3.305111e+01 -4.000000e+00
      vertex 3.019579e+01 -3.301283e+01 -4.000000e+00
    endloop
  endfacet
  facet normal 0.000000e+00 0.000000e+00 -1.000000e+00
    outer loop
      vertex 5.562500e+01 -3.341750e+01 -4.000000e+00
      vertex 1.115000e+02 0.000000e+00 -4.000000e+00
      vertex 5.576100e+01 -3.350830e+01 -4.000000e+00
    endloop
  endfacet
  facet normal 0.000000e+00 -0.000000e+00 1.000000e+00
    outer loop
      vertex 5.625000e+01 -3.450000e+01 0.000000e+00
      vertex 1.115000e+02 0.000000e+00 0.000000e+00
      vertex 5.623930e+01 -3.433680e+01 0.000000e+00
    endloop
  endfacet
  facet normal 0.000000e+00 -0.000000e+00 1.000000e+00
    outer loop
      vertex 5.623930e+01 -3.433680e+01 0.000000e+00
      vertex 1.115000e+02 0.000000e+00 0.000000e+00
      vertex 5.620740e+01 -3.417650e+01 0.000000e+00
    endloop
  endfacet
  facet normal 0.000000e+00 -0.000000e+00 1.000000e+00
    outer loop
      vertex 5.599170e+01 -3.373900e+01 0.000000e+00
      vertex 1.115000e+02 0.000000e+00 0.000000e+00
      vertex 5.588390e+01 -3.361610e+01 0.000000e+00
    endloop
  endfacet
  facet normal 0.000000e+00 -0.000000e+00 1.000000e+00
    outer loop
      vertex 5.620740e+01 -3.417650e+01 0.000000e+00
      vertex 1.115000e+02 0.000000e+00 0.000000e+00
      vertex 5.615490e+01 -3.402160e+01 0.000000e+00
    endloop
  endfacet
  facet normal 0.000000e+00 -0.000000e+00 1.000000e+00
    outer loop
      vertex 5.615490e+01 -3.402160e+01 0.000000e+00
      vertex 1.115000e+02 0.000000e+00 0.000000e+00
      vertex 5.608250e+01 -3.387500e+01 0.000000e+00
    endloop
  endfacet
  facet normal 0.000000e+00 -0.000000e+00 1.000000e+00
    outer loop
      vertex 5.608250e+01 -3.387500e+01 0.000000e+00
      vertex 1.115000e+02 0.000000e+00 0.000000e+00
      vertex 5.599170e+01 -3.373900e+01 0.000000e+00
    endloop
  endfacet
  facet normal 0.000000e+00 -0.000000e+00 1.000000e+00
    outer loop
      vertex 5.588390e+01 -3.361610e+01 0.000000e+00
      vertex 1.115000e+02 0.000000e+00 0.000000e+00
      vertex 5.576100e+01 -3.350830e+01 0.000000e+00
    endloop
  endfacet
  facet normal -0.000000e+00 0.000000e+00 1.000000e+00
    outer loop
      vertex 5.562500e+01 -3.341750e+01 0.000000e+00
      vertex 5.576100e+01 -3.350830e+01 0.000000e+00
      vertex 1.115000e+02 0.000000e+00 0.000000e+00
    endloop
  endfacet
  facet normal 0.000000e+00 0.000000e+00 -1.000000e+00
    outer loop
      vertex 5.391750e+01 3.387500e+01 -4.000000e+00
      vertex 3.129904e+01 -3.375000e+01 -4.000000e+00
      vertex 3.119003e+01 -3.358686e+01 -4.000000e+00
    endloop
  endfacet
  facet normal 0.000000e+00 0.000000e+00 -1.000000e+00
    outer loop
      vertex 5.391750e+01 -3.387500e+01 -4.000000e+00
      vertex 3.129904e+01 -3.375000e+01 -4.000000e+00
      vertex 5.391750e+01 3.387500e+01 -4.000000e+00
    endloop
  endfacet
  facet normal 0.000000e+00 0.000000e+00 -1.000000e+00
    outer loop
      vertex 5.391750e+01 -3.387500e+01 -4.000000e+00
      vertex 5.400830e+01 3.373900e+01 -4.000000e+00
      vertex 5.400830e+01 -3.373900e+01 -4.000000e+00
    endloop
  endfacet
  facet normal 0.000000e+00 0.000000e+00 -1.000000e+00
    outer loop
      vertex 5.400830e+01 -3.373900e+01 -4.000000e+00
      vertex 5.411610e+01 3.361610e+01 -4.000000e+00
      vertex 5.411610e+01 -3.361610e+01 -4.000000e+00
    endloop
  endfacet
  facet normal 0.000000e+00 0.000000e+00 -1.000000e+00
    outer loop
      vertex 5.411610e+01 -3.361610e+01 -4.000000e+00
      vertex 5.423900e+01 3.350830e+01 -4.000000e+00
      vertex 5.423900e+01 -3.350830e+01 -4.000000e+00
    endloop
  endfacet
  facet normal 0.000000e+00 0.000000e+00 -1.000000e+00
    outer loop
      vertex 5.437500e+01 -3.341750e+01 -4.000000e+00
      vertex 5.452160e+01 3.334510e+01 -4.000000e+00
      vertex 5.452160e+01 -3.334510e+01 -4.000000e+00
    endloop
  endfacet
  facet normal 0.000000e+00 0.000000e+00 -1.000000e+00
    outer loop
      vertex 5.423900e+01 -3.350830e+01 -4.000000e+00
      vertex 5.437500e+01 3.341750e+01 -4.000000e+00
      vertex 5.437500e+01 -3.341750e+01 -4.000000e+00
    endloop
  endfacet
  facet normal 0.000000e+00 0.000000e+00 -1.000000e+00
    outer loop
      vertex 5.452160e+01 -3.334510e+01 -4.000000e+00
      vertex 5.467650e+01 3.329260e+01 -4.000000e+00
      vertex 5.467650e+01 -3.329260e+01 -4.000000e+00
    endloop
  endfacet
  facet normal 0.000000e+00 0.000000e+00 -1.000000e+00
    outer loop
      vertex 5.467650e+01 -3.329260e+01 -4.000000e+00
      vertex 5.483680e+01 3.326070e+01 -4.000000e+00
      vertex 5.483680e+01 -3.326070e+01 -4.000000e+00
    endloop
  endfacet
  facet normal 0.000000e+00 0.000000e+00 -1.000000e+00
    outer loop
      vertex 5.483680e+01 -3.326070e+01 -4.000000e+00
      vertex 5.500000e+01 3.325000e+01 -4.000000e+00
      vertex 5.500000e+01 -3.325000e+01 -4.000000e+00
    endloop
  endfacet
  facet normal 0.000000e+00 0.000000e+00 -1.000000e+00
    outer loop
      vertex 5.532350e+01 -3.329260e+01 -4.000000e+00
      vertex 5.516320e+01 -3.326070e+01 -4.000000e+00
      vertex 5.532350e+01 3.329260e+01 -4.000000e+00
    endloop
  endfacet
  facet normal 0.000000e+00 0.000000e+00 -1.000000e+00
    outer loop
      vertex 5.500000e+01 -3.325000e+01 -4.000000e+00
      vertex 5.516320e+01 3.326070e+01 -4.000000e+00
      vertex 5.516320e+01 -3.326070e+01 -4.000000e+00
    endloop
  endfacet
  facet normal 0.000000e+00 0.000000e+00 -1.000000e+00
    outer loop
      vertex 5.562500e+01 -3.341750e+01 -4.000000e+00
      vertex 5.547840e+01 -3.334510e+01 -4.000000e+00
      vertex 5.562500e+01 3.341750e+01 -4.000000e+00
    endloop
  endfacet
  facet normal 0.000000e+00 0.000000e+00 -1.000000e+00
    outer loop
      vertex 5.532350e+01 -3.329260e+01 -4.000000e+00
      vertex 5.547840e+01 3.334510e+01 -4.000000e+00
      vertex 5.547840e+01 -3.334510e+01 -4.000000e+00
    endloop
  endfacet
  facet normal 0.000000e+00 0.000000e+00 1.000000e+00
    outer loop
      vertex 5.400830e+01 -3.373900e+01 0.000000e+00
      vertex 5.411610e+01 -3.361610e+01 0.000000e+00
      vertex 5.400830e+01 3.373900e+01 0.000000e+00
    endloop
  endfacet
  facet normal 0.000000e+00 0.000000e+00 1.000000e+00
    outer loop
      vertex 5.391750e+01 -3.387500e+01 0.000000e+00
      vertex 5.400830e+01 -3.373900e+01 0.000000e+00
      vertex 5.391750e+01 3.387500e+01 0.000000e+00
    endloop
  endfacet
  facet normal 0.000000e+00 0.000000e+00 1.000000e+00
    outer loop
      vertex 5.411610e+01 -3.361610e+01 0.000000e+00
      vertex 5.423900e+01 -3.350830e+01 0.000000e+00
      vertex 5.411610e+01 3.361610e+01 0.000000e+00
    endloop
  endfacet
  facet normal 0.000000e+00 0.000000e+00 1.000000e+00
    outer loop
      vertex 5.437500e+01 -3.341750e+01 0.000000e+00
      vertex 5.452160e+01 -3.334510e+01 0.000000e+00
      vertex 5.437500e+01 3.341750e+01 0.000000e+00
    endloop
  endfacet
  facet normal 0.000000e+00 0.000000e+00 1.000000e+00
    outer loop
      vertex 5.423900e+01 -3.350830e+01 0.000000e+00
      vertex 5.437500e+01 -3.341750e+01 0.000000e+00
      vertex 5.423900e+01 3.350830e+01 0.000000e+00
    endloop
  endfacet
  facet normal 0.000000e+00 0.000000e+00 1.000000e+00
    outer loop
      vertex 5.467650e+01 -3.329260e+01 0.000000e+00
      vertex 5.483680e+01 -3.326070e+01 0.000000e+00
      vertex 5.467650e+01 3.329260e+01 0.000000e+00
    endloop
  endfacet
  facet normal 0.000000e+00 0.000000e+00 1.000000e+00
    outer loop
      vertex 5.452160e+01 -3.334510e+01 0.000000e+00
      vertex 5.467650e+01 -3.329260e+01 0.000000e+00
      vertex 5.452160e+01 3.334510e+01 0.000000e+00
    endloop
  endfacet
  facet normal -0.000000e+00 0.000000e+00 1.000000e+00
    outer loop
      vertex 5.500000e+01 -3.325000e+01 0.000000e+00
      vertex 5.516320e+01 -3.326070e+01 0.000000e+00
      vertex 5.500000e+01 3.325000e+01 0.000000e+00
    endloop
  endfacet
  facet normal 0.000000e+00 0.000000e+00 1.000000e+00
    outer loop
      vertex 5.500000e+01 -3.325000e+01 0.000000e+00
      vertex 5.483680e+01 3.326070e+01 0.000000e+00
      vertex 5.483680e+01 -3.326070e+01 0.000000e+00
    endloop
  endfacet
  facet normal -0.000000e+00 0.000000e+00 1.000000e+00
    outer loop
      vertex 5.532350e+01 -3.329260e+01 0.000000e+00
      vertex 5.547840e+01 -3.334510e+01 0.000000e+00
      vertex 5.532350e+01 3.329260e+01 0.000000e+00
    endloop
  endfacet
  facet normal 0.000000e+00 0.000000e+00 1.000000e+00
    outer loop
      vertex 5.532350e+01 -3.329260e+01 0.000000e+00
      vertex 5.516320e+01 3.326070e+01 0.000000e+00
      vertex 5.516320e+01 -3.326070e+01 0.000000e+00
    endloop
  endfacet
  facet normal 0.000000e+00 0.000000e+00 1.000000e+00
    outer loop
      vertex 5.562500e+01 -3.341750e+01 0.000000e+00
      vertex 5.547840e+01 3.334510e+01 0.000000e+00
      vertex 5.547840e+01 -3.334510e+01 0.000000e+00
    endloop
  endfacet
  facet normal 7.071068e-01 -7.071068e-01 0.000000e+00
    outer loop
      vertex 1.550000e+02 -4.500000e+01 -5.800000e+01
      vertex 1.550000e+02 -4.500000e+01 -2.000000e+00
      vertex 1.530000e+02 -4.700000e+01 -2.000000e+00
    endloop
  endfacet
  facet normal 1.000000e+00 0.000000e+00 -0.000000e+00
    outer loop
      vertex 1.550000e+02 -4.300000e+01 -5.600000e+01
      vertex 1.550000e+02 -4.300000e+01 -4.000000e+00
      vertex 1.550000e+02 -4.500000e+01 -2.000000e+00
    endloop
  endfacet
  facet normal 0.000000e+00 -0.000000e+00 -1.000000e+00
    outer loop
      vertex 5.500000e+01 -3.575000e+01 -4.000000e+00
      vertex 1.550000e+02 -4.300000e+01 -4.000000e+00
      vertex 3.019579e+01 -3.598717e+01 -4.000000e+00
    endloop
  endfacet
  facet normal 0.000000e+00 0.000000e+00 -1.000000e+00
    outer loop
      vertex 5.547840e+01 -3.565490e+01 -4.000000e+00
      vertex 1.014500e+02 -3.718470e+01 -4.000000e+00
      vertex 1.018140e+02 -3.736400e+01 -4.000000e+00
    endloop
  endfacet
  facet normal 0.000000e+00 0.000000e+00 -1.000000e+00
    outer loop
      vertex 5.532350e+01 -3.570740e+01 -4.000000e+00
      vertex 1.018140e+02 -3.736400e+01 -4.000000e+00
      vertex 1.021980e+02 -3.749440e+01 -4.000000e+00
    endloop
  endfacet
  facet normal 0.000000e+00 0.000000e+00 -1.000000e+00
    outer loop
      vertex 5.516320e+01 -3.573930e+01 -4.000000e+00
      vertex 1.021980e+02 -3.749440e+01 -4.000000e+00
      vertex 1.025950e+02 -3.757350e+01 -4.000000e+00
    endloop
  endfacet
  facet normal 0.000000e+00 0.000000e+00 -1.000000e+00
    outer loop
      vertex 5.576100e+01 -3.549170e+01 -4.000000e+00
      vertex 1.008080e+02 -3.669200e+01 -4.000000e+00
      vertex 1.011130e+02 -3.695940e+01 -4.000000e+00
    endloop
  endfacet
  facet normal 0.000000e+00 0.000000e+00 -1.000000e+00
    outer loop
      vertex 5.588390e+01 -3.538390e+01 -4.000000e+00
      vertex 1.005410e+02 -3.638720e+01 -4.000000e+00
      vertex 1.008080e+02 -3.669200e+01 -4.000000e+00
    endloop
  endfacet
  facet normal 0.000000e+00 0.000000e+00 -1.000000e+00
    outer loop
      vertex 5.562500e+01 -3.558250e+01 -4.000000e+00
      vertex 1.011130e+02 -3.695940e+01 -4.000000e+00
      vertex 1.014500e+02 -3.718470e+01 -4.000000e+00
    endloop
  endfacet
  facet normal 0.000000e+00 0.000000e+00 -1.000000e+00
    outer loop
      vertex 5.599170e+01 -3.526100e+01 -4.000000e+00
      vertex 1.003150e+02 -3.605000e+01 -4.000000e+00
      vertex 1.005410e+02 -3.638720e+01 -4.000000e+00
    endloop
  endfacet
  facet normal 0.000000e+00 0.000000e+00 -1.000000e+00
    outer loop
      vertex 5.608250e+01 -3.512500e+01 -4.000000e+00
      vertex 1.001360e+02 -3.568630e+01 -4.000000e+00
      vertex 1.003150e+02 -3.605000e+01 -4.000000e+00
    endloop
  endfacet
  facet normal 0.000000e+00 0.000000e+00 -1.000000e+00
    outer loop
      vertex 5.615490e+01 -3.497840e+01 -4.000000e+00
      vertex 1.000060e+02 -3.530230e+01 -4.000000e+00
      vertex 1.001360e+02 -3.568630e+01 -4.000000e+00
    endloop
  endfacet
  facet normal 0.000000e+00 0.000000e+00 1.000000e+00
    outer loop
      vertex 5.500000e+01 -3.575000e+01 0.000000e+00
      vertex 3.019579e+01 -3.598717e+01 0.000000e+00
      vertex 1.530000e+02 -4.500000e+01 0.000000e+00
    endloop
  endfacet
  facet normal 0.000000e+00 0.000000e+00 1.000000e+00
    outer loop
      vertex 5.547840e+01 -3.565490e+01 0.000000e+00
      vertex 1.018140e+02 -3.736400e+01 0.000000e+00
      vertex 1.014500e+02 -3.718470e+01 0.000000e+00
    endloop
  endfacet
  facet normal 0.000000e+00 0.000000e+00 1.000000e+00
    outer loop
      vertex 5.532350e+01 -3.570740e+01 0.000000e+00
      vertex 1.021980e+02 -3.749440e+01 0.000000e+00
      vertex 1.018140e+02 -3.736400e+01 0.000000e+00
    endloop
  endfacet
  facet normal 0.000000e+00 0.000000e+00 1.000000e+00
    outer loop
      vertex 5.516320e+01 -3.573930e+01 0.000000e+00
      vertex 1.025950e+02 -3.757350e+01 0.000000e+00
      vertex 1.021980e+02 -3.749440e+01 0.000000e+00
    endloop
  endfacet
  facet normal 0.000000e+00 0.000000e+00 1.000000e+00
    outer loop
      vertex 5.576100e+01 -3.549170e+01 0.000000e+00
      vertex 1.011130e+02 -3.695940e+01 0.000000e+00
      vertex 1.008080e+02 -3.669200e+01 0.000000e+00
    endloop
  endfacet
  facet normal 0.000000e+00 0.000000e+00 1.000000e+00
    outer loop
      vertex 5.588390e+01 -3.538390e+01 0.000000e+00
      vertex 1.008080e+02 -3.669200e+01 0.000000e+00
      vertex 1.005410e+02 -3.638720e+01 0.000000e+00
    endloop
  endfacet
  facet normal 0.000000e+00 0.000000e+00 1.000000e+00
    outer loop
      vertex 5.562500e+01 -3.558250e+01 0.000000e+00
      vertex 1.014500e+02 -3.718470e+01 0.000000e+00
      vertex 1.011130e+02 -3.695940e+01 0.000000e+00
    endloop
  endfacet
  facet normal 0.000000e+00 0.000000e+00 1.000000e+00
    outer loop
      vertex 5.599170e+01 -3.526100e+01 0.000000e+00
      vertex 1.005410e+02 -3.638720e+01 0.000000e+00
      vertex 1.003150e+02 -3.605000e+01 0.000000e+00
    endloop
  endfacet
  facet normal 0.000000e+00 0.000000e+00 1.000000e+00
    outer loop
      vertex 5.608250e+01 -3.512500e+01 0.000000e+00
      vertex 1.003150e+02 -3.605000e+01 0.000000e+00
      vertex 1.001360e+02 -3.568630e+01 0.000000e+00
    endloop
  endfacet
  facet normal 0.000000e+00 0.000000e+00 1.000000e+00
    outer loop
      vertex 5.615490e+01 -3.497840e+01 0.000000e+00
      vertex 1.001360e+02 -3.568630e+01 0.000000e+00
      vertex 1.000060e+02 -3.530230e+01 0.000000e+00
    endloop
  endfacet
  facet normal 0.000000e+00 0.000000e+00 -1.000000e+00
    outer loop
      vertex 5.500000e+01 -3.575000e+01 -4.000000e+00
      vertex 1.025950e+02 -3.757350e+01 -4.000000e+00
      vertex 1.550000e+02 -4.300000e+01 -4.000000e+00
    endloop
  endfacet
  facet normal 0.000000e+00 0.000000e+00 -1.000000e+00
    outer loop
      vertex 1.034050e+02 -3.757350e+01 -4.000000e+00
      vertex 1.038020e+02 -3.749440e+01 -4.000000e+00
      vertex 1.311980e+02 -3.749440e+01 -4.000000e+00
    endloop
  endfacet
  facet normal 0.000000e+00 0.000000e+00 -1.000000e+00
    outer loop
      vertex 1.038020e+02 -3.749440e+01 -4.000000e+00
      vertex 1.041860e+02 -3.736400e+01 -4.000000e+00
      vertex 1.311980e+02 -3.749440e+01 -4.000000e+00
    endloop
  endfacet
  facet normal 0.000000e+00 0.000000e+00 -1.000000e+00
    outer loop
      vertex 1.041860e+02 -3.736400e+01 -4.000000e+00
      vertex 1.045500e+02 -3.718470e+01 -4.000000e+00
      vertex 1.308140e+02 -3.736400e+01 -4.000000e+00
    endloop
  endfacet
  facet normal 0.000000e+00 0.000000e+00 -1.000000e+00
    outer loop
      vertex 1.045500e+02 -3.718470e+01 -4.000000e+00
      vertex 1.048870e+02 -3.695940e+01 -4.000000e+00
      vertex 1.304500e+02 -3.718470e+01 -4.000000e+00
    endloop
  endfacet
  facet normal 0.000000e+00 0.000000e+00 -1.000000e+00
    outer loop
      vertex 1.048870e+02 -3.695940e+01 -4.000000e+00
      vertex 1.051920e+02 -3.669200e+01 -4.000000e+00
      vertex 1.301130e+02 -3.695940e+01 -4.000000e+00
    endloop
  endfacet
  facet normal 0.000000e+00 0.000000e+00 -1.000000e+00
    outer loop
      vertex 1.051920e+02 -3.669200e+01 -4.000000e+00
      vertex 1.054590e+02 -3.638720e+01 -4.000000e+00
      vertex 1.298080e+02 -3.669200e+01 -4.000000e+00
    endloop
  endfacet
  facet normal 0.000000e+00 0.000000e+00 -1.000000e+00
    outer loop
      vertex 1.054590e+02 -3.638720e+01 -4.000000e+00
      vertex 1.056850e+02 -3.605000e+01 -4.000000e+00
      vertex 1.295410e+02 -3.638720e+01 -4.000000e+00
    endloop
  endfacet
  facet normal 0.000000e+00 0.000000e+00 -1.000000e+00
    outer loop
      vertex 1.056850e+02 -3.605000e+01 -4.000000e+00
      vertex 1.058640e+02 -3.568630e+01 -4.000000e+00
      vertex 1.293150e+02 -3.605000e+01 -4.000000e+00
    endloop
  endfacet
  facet normal 0.000000e+00 0.000000e+00 -1.000000e+00
    outer loop
      vertex 1.058640e+02 -3.568630e+01 -4.000000e+00
      vertex 1.059940e+02 -3.530230e+01 -4.000000e+00
      vertex 1.291360e+02 -3.568630e+01 -4.000000e+00
    endloop
  endfacet
  facet normal 0.000000e+00 0.000000e+00 1.000000e+00
    outer loop
      vertex 5.500000e+01 -3.575000e+01 0.000000e+00
      vertex 1.530000e+02 -4.500000e+01 0.000000e+00
      vertex 1.025950e+02 -3.757350e+01 0.000000e+00
    endloop
  endfacet
  facet normal 4.418733e-01 8.970775e-01 -0.000000e+00
    outer loop
      vertex 1.014500e+02 -3.718470e+01 -4.000000e+00
      vertex 1.014500e+02 -3.718470e+01 0.000000e+00
      vertex 1.018140e+02 -3.736400e+01 -4.000000e+00
    endloop
  endfacet
  facet normal 6.592354e-01 7.519367e-01 0.000000e+00
    outer loop
      vertex 1.011130e+02 -3.695940e+01 -4.000000e+00
      vertex 1.008080e+02 -3.669200e+01 -4.000000e+00
      vertex 1.008080e+02 -3.669200e+01 0.000000e+00
    endloop
  endfacet
  facet normal 5.557834e-01 8.313272e-01 0.000000e+00
    outer loop
      vertex 1.014500e+02 -3.718470e+01 -4.000000e+00
      vertex 1.011130e+02 -3.695940e+01 -4.000000e+00
      vertex 1.011130e+02 -3.695940e+01 0.000000e+00
    endloop
  endfacet
  facet normal 8.306859e-01 5.567414e-01 0.000000e+00
    outer loop
      vertex 1.003150e+02 -3.605000e+01 -4.000000e+00
      vertex 1.005410e+02 -3.638720e+01 0.000000e+00
      vertex 1.005410e+02 -3.638720e+01 -4.000000e+00
    endloop
  endfacet
  facet normal 7.522138e-01 6.589191e-01 -0.000000e+00
    outer loop
      vertex 1.008080e+02 -3.669200e+01 -4.000000e+00
      vertex 1.005410e+02 -3.638720e+01 -4.000000e+00
      vertex 1.008080e+02 -3.669200e+01 0.000000e+00
    endloop
  endfacet
  facet normal 8.972214e-01 4.415810e-01 -0.000000e+00
    outer loop
      vertex 1.003150e+02 -3.605000e+01 -4.000000e+00
      vertex 1.001360e+02 -3.568630e+01 -4.000000e+00
      vertex 1.003150e+02 -3.605000e+01 0.000000e+00
    endloop
  endfacet
  facet normal 9.471890e-01 3.206759e-01 -0.000000e+00
    outer loop
      vertex 1.001360e+02 -3.568630e+01 -4.000000e+00
      vertex 1.000060e+02 -3.530230e+01 -4.000000e+00
      vertex 1.001360e+02 -3.568630e+01 0.000000e+00
    endloop
  endfacet
  facet normal 1.954057e-01 9.807225e-01 -0.000000e+00
    outer loop
      vertex 1.021980e+02 -3.749440e+01 -4.000000e+00
      vertex 1.021980e+02 -3.749440e+01 0.000000e+00
      vertex 1.025950e+02 -3.757350e+01 -4.000000e+00
    endloop
  endfacet
  facet normal 6.528504e-02 9.978667e-01 -0.000000e+00
    outer loop
      vertex 1.025950e+02 -3.757350e+01 -4.000000e+00
      vertex 1.025950e+02 -3.757350e+01 0.000000e+00
      vertex 1.030000e+02 -3.760000e+01 -4.000000e+00
    endloop
  endfacet
  facet normal -6.528504e-02 9.978667e-01 0.000000e+00
    outer loop
      vertex 1.030000e+02 -3.760000e+01 -4.000000e+00
      vertex 1.030000e+02 -3.760000e+01 0.000000e+00
      vertex 1.034050e+02 -3.757350e+01 -4.000000e+00
    endloop
  endfacet
  facet normal -1.954057e-01 9.807225e-01 0.000000e+00
    outer loop
      vertex 1.034050e+02 -3.757350e+01 -4.000000e+00
      vertex 1.034050e+02 -3.757350e+01 0.000000e+00
      vertex 1.038020e+02 -3.749440e+01 -4.000000e+00
    endloop
  endfacet
  facet normal 3.215563e-01 9.468905e-01 0.000000e+00
    outer loop
      vertex 1.021980e+02 -3.749440e+01 -4.000000e+00
      vertex 1.018140e+02 -3.736400e+01 -4.000000e+00
      vertex 1.018140e+02 -3.736400e+01 0.000000e+00
    endloop
  endfacet
  facet normal -3.215563e-01 9.468905e-01 0.000000e+00
    outer loop
      vertex 1.038020e+02 -3.749440e+01 -4.000000e+00
      vertex 1.038020e+02 -3.749440e+01 0.000000e+00
      vertex 1.041860e+02 -3.736400e+01 -4.000000e+00
    endloop
  endfacet
  facet normal -4.418733e-01 8.970775e-01 0.000000e+00
    outer loop
      vertex 1.041860e+02 -3.736400e+01 -4.000000e+00
      vertex 1.041860e+02 -3.736400e+01 0.000000e+00
      vertex 1.045500e+02 -3.718470e+01 -4.000000e+00
    endloop
  endfacet
  facet normal -5.557834e-01 8.313272e-01 0.000000e+00
    outer loop
      vertex 1.045500e+02 -3.718470e+01 -4.000000e+00
      vertex 1.045500e+02 -3.718470e+01 0.000000e+00
      vertex 1.048870e+02 -3.695940e+01 -4.000000e+00
    endloop
  endfacet
  facet normal -6.592354e-01 7.519367e-01 0.000000e+00
    outer loop
      vertex 1.048870e+02 -3.695940e+01 -4.000000e+00
      vertex 1.048870e+02 -3.695940e+01 0.000000e+00
      vertex 1.051920e+02 -3.669200e+01 -4.000000e+00
    endloop
  endfacet
  facet normal -7.522138e-01 6.589191e-01 0.000000e+00
    outer loop
      vertex 1.051920e+02 -3.669200e+01 -4.000000e+00
      vertex 1.054590e+02 -3.638720e+01 0.000000e+00
      vertex 1.054590e+02 -3.638720e+01 -4.000000e+00
    endloop
  endfacet
  facet normal -8.306859e-01 5.567414e-01 0.000000e+00
    outer loop
      vertex 1.054590e+02 -3.638720e+01 -4.000000e+00
      vertex 1.056850e+02 -3.605000e+01 0.000000e+00
      vertex 1.056850e+02 -3.605000e+01 -4.000000e+00
    endloop
  endfacet
  facet normal -8.972214e-01 4.415810e-01 0.000000e+00
    outer loop
      vertex 1.056850e+02 -3.605000e+01 -4.000000e+00
      vertex 1.058640e+02 -3.568630e+01 0.000000e+00
      vertex 1.058640e+02 -3.568630e+01 -4.000000e+00
    endloop
  endfacet
  facet normal -9.471890e-01 3.206759e-01 0.000000e+00
    outer loop
      vertex 1.058640e+02 -3.568630e+01 -4.000000e+00
      vertex 1.059940e+02 -3.530230e+01 0.000000e+00
      vertex 1.059940e+02 -3.530230e+01 -4.000000e+00
    endloop
  endfacet
  facet normal 4.418733e-01 8.970775e-01 -0.000000e+00
    outer loop
      vertex 1.018140e+02 -3.736400e+01 -4.000000e+00
      vertex 1.014500e+02 -3.718470e+01 0.000000e+00
      vertex 1.018140e+02 -3.736400e+01 0.000000e+00
    endloop
  endfacet
  facet normal 5.557834e-01 8.313272e-01 -0.000000e+00
    outer loop
      vertex 1.014500e+02 -3.718470e+01 -4.000000e+00
      vertex 1.011130e+02 -3.695940e+01 0.000000e+00
      vertex 1.014500e+02 -3.718470e+01 0.000000e+00
    endloop
  endfacet
  facet normal 6.592354e-01 7.519367e-01 -0.000000e+00
    outer loop
      vertex 1.011130e+02 -3.695940e+01 -4.000000e+00
      vertex 1.008080e+02 -3.669200e+01 0.000000e+00
      vertex 1.011130e+02 -3.695940e+01 0.000000e+00
    endloop
  endfacet
  facet normal 8.306859e-01 5.567414e-01 -0.000000e+00
    outer loop
      vertex 1.003150e+02 -3.605000e+01 -4.000000e+00
      vertex 1.003150e+02 -3.605000e+01 0.000000e+00
      vertex 1.005410e+02 -3.638720e+01 0.000000e+00
    endloop
  endfacet
  facet normal 7.522138e-01 6.589191e-01 -0.000000e+00
    outer loop
      vertex 1.005410e+02 -3.638720e+01 -4.000000e+00
      vertex 1.005410e+02 -3.638720e+01 0.000000e+00
      vertex 1.008080e+02 -3.669200e+01 0.000000e+00
    endloop
  endfacet
  facet normal 8.972214e-01 4.415810e-01 -0.000000e+00
    outer loop
      vertex 1.001360e+02 -3.568630e+01 -4.000000e+00
      vertex 1.001360e+02 -3.568630e+01 0.000000e+00
      vertex 1.003150e+02 -3.605000e+01 0.000000e+00
    endloop
  endfacet
  facet normal 9.471890e-01 3.206759e-01 -0.000000e+00
    outer loop
      vertex 1.000060e+02 -3.530230e+01 -4.000000e+00
      vertex 1.000060e+02 -3.530230e+01 0.000000e+00
      vertex 1.001360e+02 -3.568630e+01 0.000000e+00
    endloop
  endfacet
  facet normal 1.954057e-01 9.807225e-01 -0.000000e+00
    outer loop
      vertex 1.025950e+02 -3.757350e+01 -4.000000e+00
      vertex 1.021980e+02 -3.749440e+01 0.000000e+00
      vertex 1.025950e+02 -3.757350e+01 0.000000e+00
    endloop
  endfacet
  facet normal 6.528504e-02 9.978667e-01 -0.000000e+00
    outer loop
      vertex 1.030000e+02 -3.760000e+01 -4.000000e+00
      vertex 1.025950e+02 -3.757350e+01 0.000000e+00
      vertex 1.030000e+02 -3.760000e+01 0.000000e+00
    endloop
  endfacet
  facet normal -6.528504e-02 9.978667e-01 0.000000e+00
    outer loop
      vertex 1.034050e+02 -3.757350e+01 -4.000000e+00
      vertex 1.030000e+02 -3.760000e+01 0.000000e+00
      vertex 1.034050e+02 -3.757350e+01 0.000000e+00
    endloop
  endfacet
  facet normal -1.954057e-01 9.807225e-01 0.000000e+00
    outer loop
      vertex 1.038020e+02 -3.749440e+01 -4.000000e+00
      vertex 1.034050e+02 -3.757350e+01 0.000000e+00
      vertex 1.038020e+02 -3.749440e+01 0.000000e+00
    endloop
  endfacet
  facet normal 3.215563e-01 9.468905e-01 -0.000000e+00
    outer loop
      vertex 1.021980e+02 -3.749440e+01 -4.000000e+00
      vertex 1.018140e+02 -3.736400e+01 0.000000e+00
      vertex 1.021980e+02 -3.749440e+01 0.000000e+00
    endloop
  endfacet
  facet normal -3.215563e-01 9.468905e-01 0.000000e+00
    outer loop
      vertex 1.041860e+02 -3.736400e+01 -4.000000e+00
      vertex 1.038020e+02 -3.749440e+01 0.000000e+00
      vertex 1.041860e+02 -3.736400e+01 0.000000e+00
    endloop
  endfacet
  facet normal -4.418733e-01 8.970775e-01 0.000000e+00
    outer loop
      vertex 1.045500e+02 -3.718470e+01 -4.000000e+00
      vertex 1.041860e+02 -3.736400e+01 0.000000e+00
      vertex 1.045500e+02 -3.718470e+01 0.000000e+00
    endloop
  endfacet
  facet normal -5.557834e-01 8.313272e-01 0.000000e+00
    outer loop
      vertex 1.048870e+02 -3.695940e+01 -4.000000e+00
      vertex 1.045500e+02 -3.718470e+01 0.000000e+00
      vertex 1.048870e+02 -3.695940e+01 0.000000e+00
    endloop
  endfacet
  facet normal -6.592354e-01 7.519367e-01 0.000000e+00
    outer loop
      vertex 1.051920e+02 -3.669200e+01 -4.000000e+00
      vertex 1.048870e+02 -3.695940e+01 0.000000e+00
      vertex 1.051920e+02 -3.669200e+01 0.000000e+00
    endloop
  endfacet
  facet normal -7.522138e-01 6.589191e-01 0.000000e+00
    outer loop
      vertex 1.051920e+02 -3.669200e+01 -4.000000e+00
      vertex 1.051920e+02 -3.669200e+01 0.000000e+00
      vertex 1.054590e+02 -3.638720e+01 0.000000e+00
    endloop
  endfacet
  facet normal -8.306859e-01 5.567414e-01 0.000000e+00
    outer loop
      vertex 1.054590e+02 -3.638720e+01 -4.000000e+00
      vertex 1.054590e+02 -3.638720e+01 0.000000e+00
      vertex 1.056850e+02 -3.605000e+01 0.000000e+00
    endloop
  endfacet
  facet normal -8.972214e-01 4.415810e-01 0.000000e+00
    outer loop
      vertex 1.056850e+02 -3.605000e+01 -4.000000e+00
      vertex 1.056850e+02 -3.605000e+01 0.000000e+00
      vertex 1.058640e+02 -3.568630e+01 0.000000e+00
    endloop
  endfacet
  facet normal -9.471890e-01 3.206759e-01 0.000000e+00
    outer loop
      vertex 1.058640e+02 -3.568630e+01 -4.000000e+00
      vertex 1.058640e+02 -3.568630e+01 0.000000e+00
      vertex 1.059940e+02 -3.530230e+01 0.000000e+00
    endloop
  endfacet
  facet normal 0.000000e+00 0.000000e+00 1.000000e+00
    outer loop
      vertex 1.034050e+02 -3.757350e+01 0.000000e+00
      vertex 1.311980e+02 -3.749440e+01 0.000000e+00
      vertex 1.038020e+02 -3.749440e+01 0.000000e+00
    endloop
  endfacet
  facet normal 0.000000e+00 0.000000e+00 1.000000e+00
    outer loop
      vertex 1.038020e+02 -3.749440e+01 0.000000e+00
      vertex 1.308140e+02 -3.736400e+01 0.000000e+00
      vertex 1.041860e+02 -3.736400e+01 0.000000e+00
    endloop
  endfacet
  facet normal 0.000000e+00 0.000000e+00 1.000000e+00
    outer loop
      vertex 1.041860e+02 -3.736400e+01 0.000000e+00
      vertex 1.308140e+02 -3.736400e+01 0.000000e+00
      vertex 1.045500e+02 -3.718470e+01 0.000000e+00
    endloop
  endfacet
  facet normal 0.000000e+00 0.000000e+00 1.000000e+00
    outer loop
      vertex 1.045500e+02 -3.718470e+01 0.000000e+00
      vertex 1.304500e+02 -3.718470e+01 0.000000e+00
      vertex 1.048870e+02 -3.695940e+01 0.000000e+00
    endloop
  endfacet
  facet normal 0.000000e+00 0.000000e+00 1.000000e+00
    outer loop
      vertex 1.048870e+02 -3.695940e+01 0.000000e+00
      vertex 1.301130e+02 -3.695940e+01 0.000000e+00
      vertex 1.051920e+02 -3.669200e+01 0.000000e+00
    endloop
  endfacet
  facet normal 0.000000e+00 0.000000e+00 1.000000e+00
    outer loop
      vertex 1.051920e+02 -3.669200e+01 0.000000e+00
      vertex 1.298080e+02 -3.669200e+01 0.000000e+00
      vertex 1.054590e+02 -3.638720e+01 0.000000e+00
    endloop
  endfacet
  facet normal 0.000000e+00 0.000000e+00 1.000000e+00
    outer loop
      vertex 1.054590e+02 -3.638720e+01 0.000000e+00
      vertex 1.295410e+02 -3.638720e+01 0.000000e+00
      vertex 1.056850e+02 -3.605000e+01 0.000000e+00
    endloop
  endfacet
  facet normal 0.000000e+00 0.000000e+00 1.000000e+00
    outer loop
      vertex 1.056850e+02 -3.605000e+01 0.000000e+00
      vertex 1.293150e+02 -3.605000e+01 0.000000e+00
      vertex 1.058640e+02 -3.568630e+01 0.000000e+00
    endloop
  endfacet
  facet normal 0.000000e+00 0.000000e+00 1.000000e+00
    outer loop
      vertex 1.058640e+02 -3.568630e+01 0.000000e+00
      vertex 1.291360e+02 -3.568630e+01 0.000000e+00
      vertex 1.059940e+02 -3.530230e+01 0.000000e+00
    endloop
  endfacet
  facet normal 0.000000e+00 0.000000e+00 -1.000000e+00
    outer loop
      vertex 5.620740e+01 -3.482350e+01 -4.000000e+00
      vertex 9.992650e+01 -3.490460e+01 -4.000000e+00
      vertex 1.000060e+02 -3.530230e+01 -4.000000e+00
    endloop
  endfacet
  facet normal 0.000000e+00 0.000000e+00 -1.000000e+00
    outer loop
      vertex 5.625000e+01 -3.450000e+01 -4.000000e+00
      vertex 9.990000e+01 -3.450000e+01 -4.000000e+00
      vertex 9.992650e+01 -3.490460e+01 -4.000000e+00
    endloop
  endfacet
  facet normal 0.000000e+00 0.000000e+00 -1.000000e+00
    outer loop
      vertex 5.625000e+01 -3.450000e+01 -4.000000e+00
      vertex 9.992650e+01 -3.409540e+01 -4.000000e+00
      vertex 9.990000e+01 -3.450000e+01 -4.000000e+00
    endloop
  endfacet
  facet normal 0.000000e+00 0.000000e+00 -1.000000e+00
    outer loop
      vertex 5.620740e+01 -3.417650e+01 -4.000000e+00
      vertex 1.000060e+02 -3.369770e+01 -4.000000e+00
      vertex 9.992650e+01 -3.409540e+01 -4.000000e+00
    endloop
  endfacet
  facet normal 0.000000e+00 0.000000e+00 -1.000000e+00
    outer loop
      vertex 5.615490e+01 -3.402160e+01 -4.000000e+00
      vertex 1.001360e+02 -3.331370e+01 -4.000000e+00
      vertex 1.000060e+02 -3.369770e+01 -4.000000e+00
    endloop
  endfacet
  facet normal 0.000000e+00 0.000000e+00 -1.000000e+00
    outer loop
      vertex 5.608250e+01 -3.387500e+01 -4.000000e+00
      vertex 1.003150e+02 -3.295000e+01 -4.000000e+00
      vertex 1.001360e+02 -3.331370e+01 -4.000000e+00
    endloop
  endfacet
  facet normal 0.000000e+00 0.000000e+00 -1.000000e+00
    outer loop
      vertex 5.599170e+01 -3.373900e+01 -4.000000e+00
      vertex 1.005410e+02 -3.261280e+01 -4.000000e+00
      vertex 1.003150e+02 -3.295000e+01 -4.000000e+00
    endloop
  endfacet
  facet normal 0.000000e+00 0.000000e+00 -1.000000e+00
    outer loop
      vertex 5.588390e+01 -3.361610e+01 -4.000000e+00
      vertex 1.008080e+02 -3.230800e+01 -4.000000e+00
      vertex 1.005410e+02 -3.261280e+01 -4.000000e+00
    endloop
  endfacet
  facet normal 0.000000e+00 0.000000e+00 1.000000e+00
    outer loop
      vertex 5.620740e+01 -3.482350e+01 0.000000e+00
      vertex 1.000060e+02 -3.530230e+01 0.000000e+00
      vertex 9.992650e+01 -3.490460e+01 0.000000e+00
    endloop
  endfacet
  facet normal -0.000000e+00 0.000000e+00 1.000000e+00
    outer loop
      vertex 5.625000e+01 -3.450000e+01 0.000000e+00
      vertex 9.992650e+01 -3.490460e+01 0.000000e+00
      vertex 9.990000e+01 -3.450000e+01 0.000000e+00
    endloop
  endfacet
  facet normal 0.000000e+00 0.000000e+00 1.000000e+00
    outer loop
      vertex 5.625000e+01 -3.450000e+01 0.000000e+00
      vertex 9.990000e+01 -3.450000e+01 0.000000e+00
      vertex 9.992650e+01 -3.409540e+01 0.000000e+00
    endloop
  endfacet
  facet normal 0.000000e+00 0.000000e+00 1.000000e+00
    outer loop
      vertex 5.625000e+01 -3.450000e+01 0.000000e+00
      vertex 9.992650e+01 -3.409540e+01 0.000000e+00
      vertex 1.000060e+02 -3.369770e+01 0.000000e+00
    endloop
  endfacet
  facet normal 0.000000e+00 0.000000e+00 1.000000e+00
    outer loop
      vertex 5.625000e+01 -3.450000e+01 0.000000e+00
      vertex 1.000060e+02 -3.369770e+01 0.000000e+00
      vertex 1.001360e+02 -3.331370e+01 0.000000e+00
    endloop
  endfacet
  facet normal 0.000000e+00 0.000000e+00 1.000000e+00
    outer loop
      vertex 5.625000e+01 -3.450000e+01 0.000000e+00
      vertex 1.001360e+02 -3.331370e+01 0.000000e+00
      vertex 1.003150e+02 -3.295000e+01 0.000000e+00
    endloop
  endfacet
  facet normal 0.000000e+00 0.000000e+00 1.000000e+00
    outer loop
      vertex 5.625000e+01 -3.450000e+01 0.000000e+00
      vertex 1.003150e+02 -3.295000e+01 0.000000e+00
      vertex 1.005410e+02 -3.261280e+01 0.000000e+00
    endloop
  endfacet
  facet normal 0.000000e+00 0.000000e+00 1.000000e+00
    outer loop
      vertex 5.625000e+01 -3.450000e+01 0.000000e+00
      vertex 1.005410e+02 -3.261280e+01 0.000000e+00
      vertex 1.008080e+02 -3.230800e+01 0.000000e+00
    endloop
  endfacet
  facet normal 0.000000e+00 0.000000e+00 -1.000000e+00
    outer loop
      vertex 1.059940e+02 -3.530230e+01 -4.000000e+00
      vertex 1.060730e+02 -3.490460e+01 -4.000000e+00
      vertex 1.290060e+02 -3.530230e+01 -4.000000e+00
    endloop
  endfacet
  facet normal 0.000000e+00 0.000000e+00 -1.000000e+00
    outer loop
      vertex 1.060730e+02 -3.490460e+01 -4.000000e+00
      vertex 1.061000e+02 -3.450000e+01 -4.000000e+00
      vertex 1.289270e+02 -3.490460e+01 -4.000000e+00
    endloop
  endfacet
  facet normal 0.000000e+00 0.000000e+00 -1.000000e+00
    outer loop
      vertex 1.061000e+02 -3.450000e+01 -4.000000e+00
      vertex 1.060730e+02 -3.409540e+01 -4.000000e+00
      vertex 1.289000e+02 -3.450000e+01 -4.000000e+00
    endloop
  endfacet
  facet normal 0.000000e+00 0.000000e+00 -1.000000e+00
    outer loop
      vertex 1.060730e+02 -3.409540e+01 -4.000000e+00
      vertex 1.059940e+02 -3.369770e+01 -4.000000e+00
      vertex 1.289000e+02 -3.450000e+01 -4.000000e+00
    endloop
  endfacet
  facet normal 0.000000e+00 0.000000e+00 -1.000000e+00
    outer loop
      vertex 1.059940e+02 -3.369770e+01 -4.000000e+00
      vertex 1.058640e+02 -3.331370e+01 -4.000000e+00
      vertex 1.289000e+02 -3.450000e+01 -4.000000e+00
    endloop
  endfacet
  facet normal 0.000000e+00 0.000000e+00 -1.000000e+00
    outer loop
      vertex 1.058640e+02 -3.331370e+01 -4.000000e+00
      vertex 1.056850e+02 -3.295000e+01 -4.000000e+00
      vertex 1.289000e+02 -3.450000e+01 -4.000000e+00
    endloop
  endfacet
  facet normal 9.806006e-01 1.960166e-01 -0.000000e+00
    outer loop
      vertex 1.000060e+02 -3.530230e+01 -4.000000e+00
      vertex 9.992650e+01 -3.490460e+01 -4.000000e+00
      vertex 1.000060e+02 -3.530230e+01 0.000000e+00
    endloop
  endfacet
  facet normal 9.978624e-01 6.534939e-02 -0.000000e+00
    outer loop
      vertex 9.992650e+01 -3.490460e+01 -4.000000e+00
      vertex 9.990000e+01 -3.450000e+01 -4.000000e+00
      vertex 9.992650e+01 -3.490460e+01 0.000000e+00
    endloop
  endfacet
  facet normal 9.978624e-01 -6.534939e-02 0.000000e+00
    outer loop
      vertex 9.990000e+01 -3.450000e+01 -4.000000e+00
      vertex 9.992650e+01 -3.409540e+01 -4.000000e+00
      vertex 9.990000e+01 -3.450000e+01 0.000000e+00
    endloop
  endfacet
  facet normal 9.806006e-01 -1.960166e-01 0.000000e+00
    outer loop
      vertex 9.992650e+01 -3.409540e+01 -4.000000e+00
      vertex 1.000060e+02 -3.369770e+01 -4.000000e+00
      vertex 9.992650e+01 -3.409540e+01 0.000000e+00
    endloop
  endfacet
  facet normal 9.471890e-01 -3.206759e-01 0.000000e+00
    outer loop
      vertex 1.000060e+02 -3.369770e+01 -4.000000e+00
      vertex 1.001360e+02 -3.331370e+01 -4.000000e+00
      vertex 1.000060e+02 -3.369770e+01 0.000000e+00
    endloop
  endfacet
  facet normal 8.972214e-01 -4.415810e-01 0.000000e+00
    outer loop
      vertex 1.001360e+02 -3.331370e+01 -4.000000e+00
      vertex 1.003150e+02 -3.295000e+01 -4.000000e+00
      vertex 1.001360e+02 -3.331370e+01 0.000000e+00
    endloop
  endfacet
  facet normal 8.306859e-01 -5.567414e-01 0.000000e+00
    outer loop
      vertex 1.003150e+02 -3.295000e+01 -4.000000e+00
      vertex 1.005410e+02 -3.261280e+01 -4.000000e+00
      vertex 1.003150e+02 -3.295000e+01 0.000000e+00
    endloop
  endfacet
  facet normal 7.522138e-01 -6.589191e-01 0.000000e+00
    outer loop
      vertex 1.005410e+02 -3.261280e+01 -4.000000e+00
      vertex 1.008080e+02 -3.230800e+01 -4.000000e+00
      vertex 1.005410e+02 -3.261280e+01 0.000000e+00
    endloop
  endfacet
  facet normal -9.808385e-01 1.948224e-01 0.000000e+00
    outer loop
      vertex 1.059940e+02 -3.530230e+01 -4.000000e+00
      vertex 1.060730e+02 -3.490460e+01 0.000000e+00
      vertex 1.060730e+02 -3.490460e+01 -4.000000e+00
    endloop
  endfacet
  facet normal -9.977807e-01 6.658582e-02 0.000000e+00
    outer loop
      vertex 1.060730e+02 -3.490460e+01 -4.000000e+00
      vertex 1.061000e+02 -3.450000e+01 0.000000e+00
      vertex 1.061000e+02 -3.450000e+01 -4.000000e+00
    endloop
  endfacet
  facet normal -9.977807e-01 -6.658582e-02 0.000000e+00
    outer loop
      vertex 1.061000e+02 -3.450000e+01 -4.000000e+00
      vertex 1.060730e+02 -3.409540e+01 0.000000e+00
      vertex 1.060730e+02 -3.409540e+01 -4.000000e+00
    endloop
  endfacet
  facet normal -9.808385e-01 -1.948224e-01 0.000000e+00
    outer loop
      vertex 1.060730e+02 -3.409540e+01 -4.000000e+00
      vertex 1.059940e+02 -3.369770e+01 0.000000e+00
      vertex 1.059940e+02 -3.369770e+01 -4.000000e+00
    endloop
  endfacet
  facet normal -9.471890e-01 -3.206759e-01 0.000000e+00
    outer loop
      vertex 1.059940e+02 -3.369770e+01 -4.000000e+00
      vertex 1.058640e+02 -3.331370e+01 0.000000e+00
      vertex 1.058640e+02 -3.331370e+01 -4.000000e+00
    endloop
  endfacet
  facet normal -8.972214e-01 -4.415810e-01 0.000000e+00
    outer loop
      vertex 1.058640e+02 -3.331370e+01 -4.000000e+00
      vertex 1.056850e+02 -3.295000e+01 0.000000e+00
      vertex 1.056850e+02 -3.295000e+01 -4.000000e+00
    endloop
  endfacet
  facet normal -7.522138e-01 -6.589191e-01 0.000000e+00
    outer loop
      vertex 1.054590e+02 -3.261280e+01 -4.000000e+00
      vertex 1.051920e+02 -3.230800e+01 0.000000e+00
      vertex 1.051920e+02 -3.230800e+01 -4.000000e+00
    endloop
  endfacet
  facet normal -8.306859e-01 -5.567414e-01 0.000000e+00
    outer loop
      vertex 1.056850e+02 -3.295000e+01 -4.000000e+00
      vertex 1.054590e+02 -3.261280e+01 0.000000e+00
      vertex 1.054590e+02 -3.261280e+01 -4.000000e+00
    endloop
  endfacet
  facet normal 9.806006e-01 1.960166e-01 0.000000e+00
    outer loop
      vertex 1.000060e+02 -3.530230e+01 0.000000e+00
      vertex 9.992650e+01 -3.490460e+01 -4.000000e+00
      vertex 9.992650e+01 -3.490460e+01 0.000000e+00
    endloop
  endfacet
  facet normal 9.978624e-01 6.534939e-02 -0.000000e+00
    outer loop
      vertex 9.990000e+01 -3.450000e+01 -4.000000e+00
      vertex 9.990000e+01 -3.450000e+01 0.000000e+00
      vertex 9.992650e+01 -3.490460e+01 0.000000e+00
    endloop
  endfacet
  facet normal 9.978624e-01 -6.534939e-02 0.000000e+00
    outer loop
      vertex 9.992650e+01 -3.409540e+01 -4.000000e+00
      vertex 9.992650e+01 -3.409540e+01 0.000000e+00
      vertex 9.990000e+01 -3.450000e+01 0.000000e+00
    endloop
  endfacet
  facet normal 9.806006e-01 -1.960166e-01 0.000000e+00
    outer loop
      vertex 1.000060e+02 -3.369770e+01 -4.000000e+00
      vertex 1.000060e+02 -3.369770e+01 0.000000e+00
      vertex 9.992650e+01 -3.409540e+01 0.000000e+00
    endloop
  endfacet
  facet normal 9.471890e-01 -3.206759e-01 0.000000e+00
    outer loop
      vertex 1.001360e+02 -3.331370e+01 -4.000000e+00
      vertex 1.001360e+02 -3.331370e+01 0.000000e+00
      vertex 1.000060e+02 -3.369770e+01 0.000000e+00
    endloop
  endfacet
  facet normal 8.972214e-01 -4.415810e-01 0.000000e+00
    outer loop
      vertex 1.003150e+02 -3.295000e+01 -4.000000e+00
      vertex 1.003150e+02 -3.295000e+01 0.000000e+00
      vertex 1.001360e+02 -3.331370e+01 0.000000e+00
    endloop
  endfacet
  facet normal 8.306859e-01 -5.567414e-01 0.000000e+00
    outer loop
      vertex 1.005410e+02 -3.261280e+01 -4.000000e+00
      vertex 1.005410e+02 -3.261280e+01 0.000000e+00
      vertex 1.003150e+02 -3.295000e+01 0.000000e+00
    endloop
  endfacet
  facet normal 7.522138e-01 -6.589191e-01 0.000000e+00
    outer loop
      vertex 1.008080e+02 -3.230800e+01 -4.000000e+00
      vertex 1.008080e+02 -3.230800e+01 0.000000e+00
      vertex 1.005410e+02 -3.261280e+01 0.000000e+00
    endloop
  endfacet
  facet normal -9.808385e-01 1.948224e-01 0.000000e+00
    outer loop
      vertex 1.059940e+02 -3.530230e+01 -4.000000e+00
      vertex 1.059940e+02 -3.530230e+01 0.000000e+00
      vertex 1.060730e+02 -3.490460e+01 0.000000e+00
    endloop
  endfacet
  facet normal -9.977807e-01 6.658582e-02 0.000000e+00
    outer loop
      vertex 1.060730e+02 -3.490460e+01 -4.000000e+00
      vertex 1.060730e+02 -3.490460e+01 0.000000e+00
      vertex 1.061000e+02 -3.450000e+01 0.000000e+00
    endloop
  endfacet
  facet normal -9.977807e-01 -6.658582e-02 0.000000e+00
    outer loop
      vertex 1.061000e+02 -3.450000e+01 -4.000000e+00
      vertex 1.061000e+02 -3.450000e+01 0.000000e+00
      vertex 1.060730e+02 -3.409540e+01 0.000000e+00
    endloop
  endfacet
  facet normal -9.808385e-01 -1.948224e-01 0.000000e+00
    outer loop
      vertex 1.060730e+02 -3.409540e+01 -4.000000e+00
      vertex 1.060730e+02 -3.409540e+01 0.000000e+00
      vertex 1.059940e+02 -3.369770e+01 0.000000e+00
    endloop
  endfacet
  facet normal -9.471890e-01 -3.206759e-01 0.000000e+00
    outer loop
      vertex 1.059940e+02 -3.369770e+01 -4.000000e+00
      vertex 1.059940e+02 -3.369770e+01 0.000000e+00
      vertex 1.058640e+02 -3.331370e+01 0.000000e+00
    endloop
  endfacet
  facet normal -8.972214e-01 -4.415810e-01 0.000000e+00
    outer loop
      vertex 1.058640e+02 -3.331370e+01 -4.000000e+00
      vertex 1.058640e+02 -3.331370e+01 0.000000e+00
      vertex 1.056850e+02 -3.295000e+01 0.000000e+00
    endloop
  endfacet
  facet normal -8.306859e-01 -5.567414e-01 0.000000e+00
    outer loop
      vertex 1.056850e+02 -3.295000e+01 -4.000000e+00
      vertex 1.056850e+02 -3.295000e+01 0.000000e+00
      vertex 1.054590e+02 -3.261280e+01 0.000000e+00
    endloop
  endfacet
  facet normal -7.522138e-01 -6.589191e-01 0.000000e+00
    outer loop
      vertex 1.054590e+02 -3.261280e+01 -4.000000e+00
      vertex 1.054590e+02 -3.261280e+01 0.000000e+00
      vertex 1.051920e+02 -3.230800e+01 0.000000e+00
    endloop
  endfacet
  facet normal 6.592354e-01 -7.519367e-01 0.000000e+00
    outer loop
      vertex 1.008080e+02 -3.230800e+01 -4.000000e+00
      vertex 1.011130e+02 -3.204060e+01 -4.000000e+00
      vertex 1.011130e+02 -3.204060e+01 0.000000e+00
    endloop
  endfacet
  facet normal 5.557834e-01 -8.313272e-01 0.000000e+00
    outer loop
      vertex 1.011130e+02 -3.204060e+01 -4.000000e+00
      vertex 1.014500e+02 -3.181530e+01 -4.000000e+00
      vertex 1.014500e+02 -3.181530e+01 0.000000e+00
    endloop
  endfacet
  facet normal 4.418771e-01 -8.970756e-01 0.000000e+00
    outer loop
      vertex 1.014500e+02 -3.181530e+01 -4.000000e+00
      vertex 1.018140e+02 -3.163600e+01 -4.000000e+00
      vertex 1.018140e+02 -3.163600e+01 0.000000e+00
    endloop
  endfacet
  facet normal -3.215521e-01 -9.468919e-01 0.000000e+00
    outer loop
      vertex 1.038020e+02 -3.150560e+01 -4.000000e+00
      vertex 1.041860e+02 -3.163600e+01 -4.000000e+00
      vertex 1.041860e+02 -3.163600e+01 0.000000e+00
    endloop
  endfacet
  facet normal 3.215521e-01 -9.468919e-01 0.000000e+00
    outer loop
      vertex 1.018140e+02 -3.163600e+01 -4.000000e+00
      vertex 1.021980e+02 -3.150560e+01 -4.000000e+00
      vertex 1.021980e+02 -3.150560e+01 0.000000e+00
    endloop
  endfacet
  facet normal 1.954012e-01 -9.807234e-01 0.000000e+00
    outer loop
      vertex 1.021980e+02 -3.150560e+01 -4.000000e+00
      vertex 1.025950e+02 -3.142650e+01 -4.000000e+00
      vertex 1.025950e+02 -3.142650e+01 0.000000e+00
    endloop
  endfacet
  facet normal 6.529440e-02 -9.978660e-01 0.000000e+00
    outer loop
      vertex 1.025950e+02 -3.142650e+01 -4.000000e+00
      vertex 1.030000e+02 -3.140000e+01 -4.000000e+00
      vertex 1.030000e+02 -3.140000e+01 0.000000e+00
    endloop
  endfacet
  facet normal -6.529440e-02 -9.978660e-01 0.000000e+00
    outer loop
      vertex 1.030000e+02 -3.140000e+01 -4.000000e+00
      vertex 1.034050e+02 -3.142650e+01 -4.000000e+00
      vertex 1.034050e+02 -3.142650e+01 0.000000e+00
    endloop
  endfacet
  facet normal -1.954012e-01 -9.807234e-01 0.000000e+00
    outer loop
      vertex 1.034050e+02 -3.142650e+01 -4.000000e+00
      vertex 1.038020e+02 -3.150560e+01 -4.000000e+00
      vertex 1.038020e+02 -3.150560e+01 0.000000e+00
    endloop
  endfacet
  facet normal -6.592354e-01 -7.519367e-01 0.000000e+00
    outer loop
      vertex 1.051920e+02 -3.230800e+01 -4.000000e+00
      vertex 1.051920e+02 -3.230800e+01 0.000000e+00
      vertex 1.048870e+02 -3.204060e+01 -4.000000e+00
    endloop
  endfacet
  facet normal -5.557834e-01 -8.313272e-01 0.000000e+00
    outer loop
      vertex 1.048870e+02 -3.204060e+01 -4.000000e+00
      vertex 1.048870e+02 -3.204060e+01 0.000000e+00
      vertex 1.045500e+02 -3.181530e+01 -4.000000e+00
    endloop
  endfacet
  facet normal -4.418771e-01 -8.970756e-01 0.000000e+00
    outer loop
      vertex 1.045500e+02 -3.181530e+01 -4.000000e+00
      vertex 1.045500e+02 -3.181530e+01 0.000000e+00
      vertex 1.041860e+02 -3.163600e+01 -4.000000e+00
    endloop
  endfacet
  facet normal 6.592354e-01 -7.519367e-01 0.000000e+00
    outer loop
      vertex 1.008080e+02 -3.230800e+01 -4.000000e+00
      vertex 1.011130e+02 -3.204060e+01 0.000000e+00
      vertex 1.008080e+02 -3.230800e+01 0.000000e+00
    endloop
  endfacet
  facet normal 5.557834e-01 -8.313272e-01 0.000000e+00
    outer loop
      vertex 1.011130e+02 -3.204060e+01 -4.000000e+00
      vertex 1.014500e+02 -3.181530e+01 0.000000e+00
      vertex 1.011130e+02 -3.204060e+01 0.000000e+00
    endloop
  endfacet
  facet normal 4.418771e-01 -8.970756e-01 0.000000e+00
    outer loop
      vertex 1.014500e+02 -3.181530e+01 -4.000000e+00
      vertex 1.018140e+02 -3.163600e+01 0.000000e+00
      vertex 1.014500e+02 -3.181530e+01 0.000000e+00
    endloop
  endfacet
  facet normal 3.215521e-01 -9.468919e-01 0.000000e+00
    outer loop
      vertex 1.018140e+02 -3.163600e+01 -4.000000e+00
      vertex 1.021980e+02 -3.150560e+01 0.000000e+00
      vertex 1.018140e+02 -3.163600e+01 0.000000e+00
    endloop
  endfacet
  facet normal 1.954012e-01 -9.807234e-01 0.000000e+00
    outer loop
      vertex 1.021980e+02 -3.150560e+01 -4.000000e+00
      vertex 1.025950e+02 -3.142650e+01 0.000000e+00
      vertex 1.021980e+02 -3.150560e+01 0.000000e+00
    endloop
  endfacet
  facet normal 6.529440e-02 -9.978660e-01 0.000000e+00
    outer loop
      vertex 1.025950e+02 -3.142650e+01 -4.000000e+00
      vertex 1.030000e+02 -3.140000e+01 0.000000e+00
      vertex 1.025950e+02 -3.142650e+01 0.000000e+00
    endloop
  endfacet
  facet normal -6.529440e-02 -9.978660e-01 0.000000e+00
    outer loop
      vertex 1.030000e+02 -3.140000e+01 -4.000000e+00
      vertex 1.034050e+02 -3.142650e+01 0.000000e+00
      vertex 1.030000e+02 -3.140000e+01 0.000000e+00
    endloop
  endfacet
  facet normal -1.954012e-01 -9.807234e-01 0.000000e+00
    outer loop
      vertex 1.034050e+02 -3.142650e+01 -4.000000e+00
      vertex 1.038020e+02 -3.150560e+01 0.000000e+00
      vertex 1.034050e+02 -3.142650e+01 0.000000e+00
    endloop
  endfacet
  facet normal -3.215521e-01 -9.468919e-01 0.000000e+00
    outer loop
      vertex 1.038020e+02 -3.150560e+01 -4.000000e+00
      vertex 1.041860e+02 -3.163600e+01 0.000000e+00
      vertex 1.038020e+02 -3.150560e+01 0.000000e+00
    endloop
  endfacet
  facet normal -6.592354e-01 -7.519367e-01 0.000000e+00
    outer loop
      vertex 1.048870e+02 -3.204060e+01 -4.000000e+00
      vertex 1.051920e+02 -3.230800e+01 0.000000e+00
      vertex 1.048870e+02 -3.204060e+01 0.000000e+00
    endloop
  endfacet
  facet normal -5.557834e-01 -8.313272e-01 0.000000e+00
    outer loop
      vertex 1.045500e+02 -3.181530e+01 -4.000000e+00
      vertex 1.048870e+02 -3.204060e+01 0.000000e+00
      vertex 1.045500e+02 -3.181530e+01 0.000000e+00
    endloop
  endfacet
  facet normal -4.418771e-01 -8.970756e-01 0.000000e+00
    outer loop
      vertex 1.041860e+02 -3.163600e+01 -4.000000e+00
      vertex 1.045500e+02 -3.181530e+01 0.000000e+00
      vertex 1.041860e+02 -3.163600e+01 0.000000e+00
    endloop
  endfacet
  facet normal 0.000000e+00 0.000000e+00 1.000000e+00
    outer loop
      vertex 1.059940e+02 -3.530230e+01 0.000000e+00
      vertex 1.290060e+02 -3.530230e+01 0.000000e+00
      vertex 1.060730e+02 -3.490460e+01 0.000000e+00
    endloop
  endfacet
  facet normal 0.000000e+00 0.000000e+00 1.000000e+00
    outer loop
      vertex 1.060730e+02 -3.490460e+01 0.000000e+00
      vertex 1.289270e+02 -3.490460e+01 0.000000e+00
      vertex 1.061000e+02 -3.450000e+01 0.000000e+00
    endloop
  endfacet
  facet normal 0.000000e+00 0.000000e+00 -1.000000e+00
    outer loop
      vertex 1.056850e+02 -3.295000e+01 -4.000000e+00
      vertex 1.054590e+02 -3.261280e+01 -4.000000e+00
      vertex 1.201420e+02 -1.293430e+01 -4.000000e+00
    endloop
  endfacet
  facet normal 0.000000e+00 0.000000e+00 -1.000000e+00
    outer loop
      vertex 1.054590e+02 -3.261280e+01 -4.000000e+00
      vertex 1.051920e+02 -3.230800e+01 -4.000000e+00
      vertex 1.201420e+02 -1.293430e+01 -4.000000e+00
    endloop
  endfacet
  facet normal 0.000000e+00 0.000000e+00 -1.000000e+00
    outer loop
      vertex 1.051920e+02 -3.230800e+01 -4.000000e+00
      vertex 1.048870e+02 -3.204060e+01 -4.000000e+00
      vertex 1.185000e+02 -1.212440e+01 -4.000000e+00
    endloop
  endfacet
  facet normal 0.000000e+00 0.000000e+00 -1.000000e+00
    outer loop
      vertex 1.048870e+02 -3.204060e+01 -4.000000e+00
      vertex 1.045500e+02 -3.181530e+01 -4.000000e+00
      vertex 1.185000e+02 -1.212440e+01 -4.000000e+00
    endloop
  endfacet
  facet normal 0.000000e+00 0.000000e+00 -1.000000e+00
    outer loop
      vertex 1.034050e+02 -3.142650e+01 -4.000000e+00
      vertex 1.156010e+02 -9.899490e+00 -4.000000e+00
      vertex 1.038020e+02 -3.150560e+01 -4.000000e+00
    endloop
  endfacet
  facet normal 0.000000e+00 0.000000e+00 -1.000000e+00
    outer loop
      vertex 1.045500e+02 -3.181530e+01 -4.000000e+00
      vertex 1.041860e+02 -3.163600e+01 -4.000000e+00
      vertex 1.169770e+02 -1.110690e+01 -4.000000e+00
    endloop
  endfacet
  facet normal 0.000000e+00 0.000000e+00 -1.000000e+00
    outer loop
      vertex 1.038020e+02 -3.150560e+01 -4.000000e+00
      vertex 1.156010e+02 -9.899490e+00 -4.000000e+00
      vertex 1.041860e+02 -3.163600e+01 -4.000000e+00
    endloop
  endfacet
  facet normal 0.000000e+00 0.000000e+00 -1.000000e+00
    outer loop
      vertex 1.025950e+02 -3.142650e+01 -4.000000e+00
      vertex 1.143930e+02 -8.522660e+00 -4.000000e+00
      vertex 1.030000e+02 -3.140000e+01 -4.000000e+00
    endloop
  endfacet
  facet normal 0.000000e+00 0.000000e+00 -1.000000e+00
    outer loop
      vertex 1.030000e+02 -3.140000e+01 -4.000000e+00
      vertex 1.143930e+02 -8.522660e+00 -4.000000e+00
      vertex 1.034050e+02 -3.142650e+01 -4.000000e+00
    endloop
  endfacet
  facet normal 0.000000e+00 0.000000e+00 -1.000000e+00
    outer loop
      vertex 1.030000e+02 -3.760000e+01 -4.000000e+00
      vertex 1.034050e+02 -3.757350e+01 -4.000000e+00
      vertex 1.550000e+02 -4.300000e+01 -4.000000e+00
    endloop
  endfacet
  facet normal 0.000000e+00 0.000000e+00 -1.000000e+00
    outer loop
      vertex 1.025950e+02 -3.757350e+01 -4.000000e+00
      vertex 1.030000e+02 -3.760000e+01 -4.000000e+00
      vertex 1.550000e+02 -4.300000e+01 -4.000000e+00
    endloop
  endfacet
  facet normal 0.000000e+00 0.000000e+00 -1.000000e+00
    outer loop
      vertex 1.034050e+02 -3.757350e+01 -4.000000e+00
      vertex 1.311980e+02 -3.749440e+01 -4.000000e+00
      vertex 1.315950e+02 -3.757350e+01 -4.000000e+00
    endloop
  endfacet
  facet normal 0.000000e+00 0.000000e+00 -1.000000e+00
    outer loop
      vertex 1.041860e+02 -3.736400e+01 -4.000000e+00
      vertex 1.308140e+02 -3.736400e+01 -4.000000e+00
      vertex 1.311980e+02 -3.749440e+01 -4.000000e+00
    endloop
  endfacet
  facet normal 0.000000e+00 0.000000e+00 -1.000000e+00
    outer loop
      vertex 1.045500e+02 -3.718470e+01 -4.000000e+00
      vertex 1.304500e+02 -3.718470e+01 -4.000000e+00
      vertex 1.308140e+02 -3.736400e+01 -4.000000e+00
    endloop
  endfacet
  facet normal 0.000000e+00 0.000000e+00 -1.000000e+00
    outer loop
      vertex 1.048870e+02 -3.695940e+01 -4.000000e+00
      vertex 1.301130e+02 -3.695940e+01 -4.000000e+00
      vertex 1.304500e+02 -3.718470e+01 -4.000000e+00
    endloop
  endfacet
  facet normal 0.000000e+00 0.000000e+00 -1.000000e+00
    outer loop
      vertex 1.051920e+02 -3.669200e+01 -4.000000e+00
      vertex 1.298080e+02 -3.669200e+01 -4.000000e+00
      vertex 1.301130e+02 -3.695940e+01 -4.000000e+00
    endloop
  endfacet
  facet normal 0.000000e+00 0.000000e+00 -1.000000e+00
    outer loop
      vertex 1.054590e+02 -3.638720e+01 -4.000000e+00
      vertex 1.295410e+02 -3.638720e+01 -4.000000e+00
      vertex 1.298080e+02 -3.669200e+01 -4.000000e+00
    endloop
  endfacet
  facet normal 0.000000e+00 0.000000e+00 -1.000000e+00
    outer loop
      vertex 1.056850e+02 -3.605000e+01 -4.000000e+00
      vertex 1.293150e+02 -3.605000e+01 -4.000000e+00
      vertex 1.295410e+02 -3.638720e+01 -4.000000e+00
    endloop
  endfacet
  facet normal 0.000000e+00 0.000000e+00 -1.000000e+00
    outer loop
      vertex 1.058640e+02 -3.568630e+01 -4.000000e+00
      vertex 1.291360e+02 -3.568630e+01 -4.000000e+00
      vertex 1.293150e+02 -3.605000e+01 -4.000000e+00
    endloop
  endfacet
  facet normal 0.000000e+00 0.000000e+00 -1.000000e+00
    outer loop
      vertex 1.059940e+02 -3.530230e+01 -4.000000e+00
      vertex 1.290060e+02 -3.530230e+01 -4.000000e+00
      vertex 1.291360e+02 -3.568630e+01 -4.000000e+00
    endloop
  endfacet
  facet normal 0.000000e+00 0.000000e+00 -1.000000e+00
    outer loop
      vertex 1.034050e+02 -3.757350e+01 -4.000000e+00
      vertex 1.315950e+02 -3.757350e+01 -4.000000e+00
      vertex 1.550000e+02 -4.300000e+01 -4.000000e+00
    endloop
  endfacet
  facet normal 0.000000e+00 0.000000e+00 1.000000e+00
    outer loop
      vertex 1.025950e+02 -3.757350e+01 0.000000e+00
      vertex 1.530000e+02 -4.500000e+01 0.000000e+00
      vertex 1.030000e+02 -3.760000e+01 0.000000e+00
    endloop
  endfacet
  facet normal -0.000000e+00 0.000000e+00 1.000000e+00
    outer loop
      vertex 1.030000e+02 -3.760000e+01 0.000000e+00
      vertex 1.530000e+02 -4.500000e+01 0.000000e+00
      vertex 1.034050e+02 -3.757350e+01 0.000000e+00
    endloop
  endfacet
  facet normal 0.000000e+00 0.000000e+00 1.000000e+00
    outer loop
      vertex 1.034050e+02 -3.757350e+01 0.000000e+00
      vertex 1.315950e+02 -3.757350e+01 0.000000e+00
      vertex 1.311980e+02 -3.749440e+01 0.000000e+00
    endloop
  endfacet
  facet normal 0.000000e+00 0.000000e+00 1.000000e+00
    outer loop
      vertex 1.038020e+02 -3.749440e+01 0.000000e+00
      vertex 1.311980e+02 -3.749440e+01 0.000000e+00
      vertex 1.308140e+02 -3.736400e+01 0.000000e+00
    endloop
  endfacet
  facet normal -0.000000e+00 0.000000e+00 1.000000e+00
    outer loop
      vertex 1.045500e+02 -3.718470e+01 0.000000e+00
      vertex 1.308140e+02 -3.736400e+01 0.000000e+00
      vertex 1.304500e+02 -3.718470e+01 0.000000e+00
    endloop
  endfacet
  facet normal -0.000000e+00 0.000000e+00 1.000000e+00
    outer loop
      vertex 1.048870e+02 -3.695940e+01 0.000000e+00
      vertex 1.304500e+02 -3.718470e+01 0.000000e+00
      vertex 1.301130e+02 -3.695940e+01 0.000000e+00
    endloop
  endfacet
  facet normal -0.000000e+00 0.000000e+00 1.000000e+00
    outer loop
      vertex 1.051920e+02 -3.669200e+01 0.000000e+00
      vertex 1.301130e+02 -3.695940e+01 0.000000e+00
      vertex 1.298080e+02 -3.669200e+01 0.000000e+00
    endloop
  endfacet
  facet normal -0.000000e+00 0.000000e+00 1.000000e+00
    outer loop
      vertex 1.054590e+02 -3.638720e+01 0.000000e+00
      vertex 1.298080e+02 -3.669200e+01 0.000000e+00
      vertex 1.295410e+02 -3.638720e+01 0.000000e+00
    endloop
  endfacet
  facet normal -0.000000e+00 0.000000e+00 1.000000e+00
    outer loop
      vertex 1.056850e+02 -3.605000e+01 0.000000e+00
      vertex 1.295410e+02 -3.638720e+01 0.000000e+00
      vertex 1.293150e+02 -3.605000e+01 0.000000e+00
    endloop
  endfacet
  facet normal -0.000000e+00 0.000000e+00 1.000000e+00
    outer loop
      vertex 1.058640e+02 -3.568630e+01 0.000000e+00
      vertex 1.293150e+02 -3.605000e+01 0.000000e+00
      vertex 1.291360e+02 -3.568630e+01 0.000000e+00
    endloop
  endfacet
  facet normal -0.000000e+00 0.000000e+00 1.000000e+00
    outer loop
      vertex 1.059940e+02 -3.530230e+01 0.000000e+00
      vertex 1.291360e+02 -3.568630e+01 0.000000e+00
      vertex 1.290060e+02 -3.530230e+01 0.000000e+00
    endloop
  endfacet
  facet normal -0.000000e+00 0.000000e+00 1.000000e+00
    outer loop
      vertex 1.034050e+02 -3.757350e+01 0.000000e+00
      vertex 1.530000e+02 -4.500000e+01 0.000000e+00
      vertex 1.315950e+02 -3.757350e+01 0.000000e+00
    endloop
  endfacet
  facet normal 4.418808e-01 8.970738e-01 -0.000000e+00
    outer loop
      vertex 1.304500e+02 -3.718470e+01 -4.000000e+00
      vertex 1.304500e+02 -3.718470e+01 0.000000e+00
      vertex 1.308140e+02 -3.736400e+01 -4.000000e+00
    endloop
  endfacet
  facet normal 6.592260e-01 7.519448e-01 0.000000e+00
    outer loop
      vertex 1.301130e+02 -3.695940e+01 -4.000000e+00
      vertex 1.298080e+02 -3.669200e+01 -4.000000e+00
      vertex 1.298080e+02 -3.669200e+01 0.000000e+00
    endloop
  endfacet
  facet normal 5.557921e-01 8.313214e-01 0.000000e+00
    outer loop
      vertex 1.304500e+02 -3.718470e+01 -4.000000e+00
      vertex 1.301130e+02 -3.695940e+01 -4.000000e+00
      vertex 1.301130e+02 -3.695940e+01 0.000000e+00
    endloop
  endfacet
  facet normal 8.306859e-01 5.567414e-01 -0.000000e+00
    outer loop
      vertex 1.295410e+02 -3.638720e+01 -4.000000e+00
      vertex 1.293150e+02 -3.605000e+01 -4.000000e+00
      vertex 1.295410e+02 -3.638720e+01 0.000000e+00
    endloop
  endfacet
  facet normal 7.522138e-01 6.589191e-01 0.000000e+00
    outer loop
      vertex 1.295410e+02 -3.638720e+01 -4.000000e+00
      vertex 1.298080e+02 -3.669200e+01 0.000000e+00
      vertex 1.298080e+02 -3.669200e+01 -4.000000e+00
    endloop
  endfacet
  facet normal 8.972214e-01 4.415810e-01 -0.000000e+00
    outer loop
      vertex 1.293150e+02 -3.605000e+01 -4.000000e+00
      vertex 1.291360e+02 -3.568630e+01 -4.000000e+00
      vertex 1.293150e+02 -3.605000e+01 0.000000e+00
    endloop
  endfacet
  facet normal 9.471890e-01 3.206759e-01 -0.000000e+00
    outer loop
      vertex 1.291360e+02 -3.568630e+01 -4.000000e+00
      vertex 1.290060e+02 -3.530230e+01 -4.000000e+00
      vertex 1.291360e+02 -3.568630e+01 0.000000e+00
    endloop
  endfacet
  facet normal 1.954057e-01 9.807225e-01 -0.000000e+00
    outer loop
      vertex 1.311980e+02 -3.749440e+01 -4.000000e+00
      vertex 1.311980e+02 -3.749440e+01 0.000000e+00
      vertex 1.315950e+02 -3.757350e+01 -4.000000e+00
    endloop
  endfacet
  facet normal 6.528504e-02 9.978667e-01 -0.000000e+00
    outer loop
      vertex 1.315950e+02 -3.757350e+01 -4.000000e+00
      vertex 1.315950e+02 -3.757350e+01 0.000000e+00
      vertex 1.320000e+02 -3.760000e+01 -4.000000e+00
    endloop
  endfacet
  facet normal -6.528504e-02 9.978667e-01 0.000000e+00
    outer loop
      vertex 1.320000e+02 -3.760000e+01 -4.000000e+00
      vertex 1.320000e+02 -3.760000e+01 0.000000e+00
      vertex 1.324050e+02 -3.757350e+01 -4.000000e+00
    endloop
  endfacet
  facet normal -1.954057e-01 9.807225e-01 0.000000e+00
    outer loop
      vertex 1.324050e+02 -3.757350e+01 -4.000000e+00
      vertex 1.324050e+02 -3.757350e+01 0.000000e+00
      vertex 1.328020e+02 -3.749440e+01 -4.000000e+00
    endloop
  endfacet
  facet normal 3.215506e-01 9.468924e-01 0.000000e+00
    outer loop
      vertex 1.311980e+02 -3.749440e+01 -4.000000e+00
      vertex 1.308140e+02 -3.736400e+01 -4.000000e+00
      vertex 1.308140e+02 -3.736400e+01 0.000000e+00
    endloop
  endfacet
  facet normal -3.215506e-01 9.468924e-01 0.000000e+00
    outer loop
      vertex 1.328020e+02 -3.749440e+01 -4.000000e+00
      vertex 1.328020e+02 -3.749440e+01 0.000000e+00
      vertex 1.331860e+02 -3.736400e+01 -4.000000e+00
    endloop
  endfacet
  facet normal -4.418808e-01 8.970738e-01 0.000000e+00
    outer loop
      vertex 1.331860e+02 -3.736400e+01 -4.000000e+00
      vertex 1.331860e+02 -3.736400e+01 0.000000e+00
      vertex 1.335500e+02 -3.718470e+01 -4.000000e+00
    endloop
  endfacet
  facet normal -5.557921e-01 8.313214e-01 0.000000e+00
    outer loop
      vertex 1.335500e+02 -3.718470e+01 -4.000000e+00
      vertex 1.335500e+02 -3.718470e+01 0.000000e+00
      vertex 1.338870e+02 -3.695940e+01 -4.000000e+00
    endloop
  endfacet
  facet normal -6.592260e-01 7.519448e-01 0.000000e+00
    outer loop
      vertex 1.338870e+02 -3.695940e+01 -4.000000e+00
      vertex 1.338870e+02 -3.695940e+01 0.000000e+00
      vertex 1.341920e+02 -3.669200e+01 -4.000000e+00
    endloop
  endfacet
  facet normal -7.522138e-01 6.589191e-01 0.000000e+00
    outer loop
      vertex 1.341920e+02 -3.669200e+01 -4.000000e+00
      vertex 1.344590e+02 -3.638720e+01 0.000000e+00
      vertex 1.344590e+02 -3.638720e+01 -4.000000e+00
    endloop
  endfacet
  facet normal -8.306859e-01 5.567414e-01 0.000000e+00
    outer loop
      vertex 1.344590e+02 -3.638720e+01 -4.000000e+00
      vertex 1.346850e+02 -3.605000e+01 0.000000e+00
      vertex 1.346850e+02 -3.605000e+01 -4.000000e+00
    endloop
  endfacet
  facet normal -8.972214e-01 4.415810e-01 0.000000e+00
    outer loop
      vertex 1.346850e+02 -3.605000e+01 -4.000000e+00
      vertex 1.348640e+02 -3.568630e+01 0.000000e+00
      vertex 1.348640e+02 -3.568630e+01 -4.000000e+00
    endloop
  endfacet
  facet normal -9.471890e-01 3.206759e-01 0.000000e+00
    outer loop
      vertex 1.348640e+02 -3.568630e+01 -4.000000e+00
      vertex 1.349940e+02 -3.530230e+01 0.000000e+00
      vertex 1.349940e+02 -3.530230e+01 -4.000000e+00
    endloop
  endfacet
  facet normal 4.418808e-01 8.970738e-01 -0.000000e+00
    outer loop
      vertex 1.308140e+02 -3.736400e+01 -4.000000e+00
      vertex 1.304500e+02 -3.718470e+01 0.000000e+00
      vertex 1.308140e+02 -3.736400e+01 0.000000e+00
    endloop
  endfacet
  facet normal 5.557921e-01 8.313214e-01 -0.000000e+00
    outer loop
      vertex 1.304500e+02 -3.718470e+01 -4.000000e+00
      vertex 1.301130e+02 -3.695940e+01 0.000000e+00
      vertex 1.304500e+02 -3.718470e+01 0.000000e+00
    endloop
  endfacet
  facet normal 6.592260e-01 7.519448e-01 -0.000000e+00
    outer loop
      vertex 1.301130e+02 -3.695940e+01 -4.000000e+00
      vertex 1.298080e+02 -3.669200e+01 0.000000e+00
      vertex 1.301130e+02 -3.695940e+01 0.000000e+00
    endloop
  endfacet
  facet normal 8.306859e-01 5.567414e-01 -0.000000e+00
    outer loop
      vertex 1.293150e+02 -3.605000e+01 -4.000000e+00
      vertex 1.293150e+02 -3.605000e+01 0.000000e+00
      vertex 1.295410e+02 -3.638720e+01 0.000000e+00
    endloop
  endfacet
  facet normal 7.522138e-01 6.589191e-01 -0.000000e+00
    outer loop
      vertex 1.295410e+02 -3.638720e+01 -4.000000e+00
      vertex 1.295410e+02 -3.638720e+01 0.000000e+00
      vertex 1.298080e+02 -3.669200e+01 0.000000e+00
    endloop
  endfacet
  facet normal 8.972214e-01 4.415810e-01 -0.000000e+00
    outer loop
      vertex 1.291360e+02 -3.568630e+01 -4.000000e+00
      vertex 1.291360e+02 -3.568630e+01 0.000000e+00
      vertex 1.293150e+02 -3.605000e+01 0.000000e+00
    endloop
  endfacet
  facet normal 9.471890e-01 3.206759e-01 -0.000000e+00
    outer loop
      vertex 1.290060e+02 -3.530230e+01 -4.000000e+00
      vertex 1.290060e+02 -3.530230e+01 0.000000e+00
      vertex 1.291360e+02 -3.568630e+01 0.000000e+00
    endloop
  endfacet
  facet normal 1.954057e-01 9.807225e-01 -0.000000e+00
    outer loop
      vertex 1.315950e+02 -3.757350e+01 -4.000000e+00
      vertex 1.311980e+02 -3.749440e+01 0.000000e+00
      vertex 1.315950e+02 -3.757350e+01 0.000000e+00
    endloop
  endfacet
  facet normal 6.528504e-02 9.978667e-01 -0.000000e+00
    outer loop
      vertex 1.320000e+02 -3.760000e+01 -4.000000e+00
      vertex 1.315950e+02 -3.757350e+01 0.000000e+00
      vertex 1.320000e+02 -3.760000e+01 0.000000e+00
    endloop
  endfacet
  facet normal -6.528504e-02 9.978667e-01 0.000000e+00
    outer loop
      vertex 1.324050e+02 -3.757350e+01 -4.000000e+00
      vertex 1.320000e+02 -3.760000e+01 0.000000e+00
      vertex 1.324050e+02 -3.757350e+01 0.000000e+00
    endloop
  endfacet
  facet normal -1.954057e-01 9.807225e-01 0.000000e+00
    outer loop
      vertex 1.328020e+02 -3.749440e+01 -4.000000e+00
      vertex 1.324050e+02 -3.757350e+01 0.000000e+00
      vertex 1.328020e+02 -3.749440e+01 0.000000e+00
    endloop
  endfacet
  facet normal 3.215506e-01 9.468924e-01 -0.000000e+00
    outer loop
      vertex 1.311980e+02 -3.749440e+01 -4.000000e+00
      vertex 1.308140e+02 -3.736400e+01 0.000000e+00
      vertex 1.311980e+02 -3.749440e+01 0.000000e+00
    endloop
  endfacet
  facet normal -3.215506e-01 9.468924e-01 0.000000e+00
    outer loop
      vertex 1.331860e+02 -3.736400e+01 -4.000000e+00
      vertex 1.328020e+02 -3.749440e+01 0.000000e+00
      vertex 1.331860e+02 -3.736400e+01 0.000000e+00
    endloop
  endfacet
  facet normal -4.418808e-01 8.970738e-01 0.000000e+00
    outer loop
      vertex 1.335500e+02 -3.718470e+01 -4.000000e+00
      vertex 1.331860e+02 -3.736400e+01 0.000000e+00
      vertex 1.335500e+02 -3.718470e+01 0.000000e+00
    endloop
  endfacet
  facet normal -5.557921e-01 8.313214e-01 0.000000e+00
    outer loop
      vertex 1.338870e+02 -3.695940e+01 -4.000000e+00
      vertex 1.335500e+02 -3.718470e+01 0.000000e+00
      vertex 1.338870e+02 -3.695940e+01 0.000000e+00
    endloop
  endfacet
  facet normal -6.592260e-01 7.519448e-01 0.000000e+00
    outer loop
      vertex 1.341920e+02 -3.669200e+01 -4.000000e+00
      vertex 1.338870e+02 -3.695940e+01 0.000000e+00
      vertex 1.341920e+02 -3.669200e+01 0.000000e+00
    endloop
  endfacet
  facet normal -7.522138e-01 6.589191e-01 0.000000e+00
    outer loop
      vertex 1.341920e+02 -3.669200e+01 -4.000000e+00
      vertex 1.341920e+02 -3.669200e+01 0.000000e+00
      vertex 1.344590e+02 -3.638720e+01 0.000000e+00
    endloop
  endfacet
  facet normal -8.306859e-01 5.567414e-01 0.000000e+00
    outer loop
      vertex 1.344590e+02 -3.638720e+01 -4.000000e+00
      vertex 1.344590e+02 -3.638720e+01 0.000000e+00
      vertex 1.346850e+02 -3.605000e+01 0.000000e+00
    endloop
  endfacet
  facet normal -8.972214e-01 4.415810e-01 0.000000e+00
    outer loop
      vertex 1.346850e+02 -3.605000e+01 -4.000000e+00
      vertex 1.346850e+02 -3.605000e+01 0.000000e+00
      vertex 1.348640e+02 -3.568630e+01 0.000000e+00
    endloop
  endfacet
  facet normal -9.471890e-01 3.206759e-01 0.000000e+00
    outer loop
      vertex 1.348640e+02 -3.568630e+01 -4.000000e+00
      vertex 1.348640e+02 -3.568630e+01 0.000000e+00
      vertex 1.349940e+02 -3.530230e+01 0.000000e+00
    endloop
  endfacet
  facet normal 5.773503e-01 -5.773503e-01 5.773503e-01
    outer loop
      vertex 1.530000e+02 -4.700000e+01 -2.000000e+00
      vertex 1.550000e+02 -4.500000e+01 -2.000000e+00
      vertex 1.530000e+02 -4.500000e+01 0.000000e+00
    endloop
  endfacet
  facet normal 0.000000e+00 0.000000e+00 -1.000000e+00
    outer loop
      vertex 1.315950e+02 -3.757350e+01 -4.000000e+00
      vertex 1.320000e+02 -3.760000e+01 -4.000000e+00
      vertex 1.550000e+02 -4.300000e+01 -4.000000e+00
    endloop
  endfacet
  facet normal 0.000000e+00 0.000000e+00 -1.000000e+00
    outer loop
      vertex 1.320000e+02 -3.760000e+01 -4.000000e+00
      vertex 1.324050e+02 -3.757350e+01 -4.000000e+00
      vertex 1.550000e+02 -4.300000e+01 -4.000000e+00
    endloop
  endfacet
  facet normal 0.000000e+00 0.000000e+00 -1.000000e+00
    outer loop
      vertex 1.324050e+02 -3.757350e+01 -4.000000e+00
      vertex 1.328020e+02 -3.749440e+01 -4.000000e+00
      vertex 1.550000e+02 -4.300000e+01 -4.000000e+00
    endloop
  endfacet
  facet normal 0.000000e+00 0.000000e+00 -1.000000e+00
    outer loop
      vertex 1.328020e+02 -3.749440e+01 -4.000000e+00
      vertex 1.331860e+02 -3.736400e+01 -4.000000e+00
      vertex 1.550000e+02 -4.300000e+01 -4.000000e+00
    endloop
  endfacet
  facet normal 0.000000e+00 0.000000e+00 -1.000000e+00
    outer loop
      vertex 1.331860e+02 -3.736400e+01 -4.000000e+00
      vertex 1.335500e+02 -3.718470e+01 -4.000000e+00
      vertex 1.550000e+02 -4.300000e+01 -4.000000e+00
    endloop
  endfacet
  facet normal 0.000000e+00 0.000000e+00 -1.000000e+00
    outer loop
      vertex 1.335500e+02 -3.718470e+01 -4.000000e+00
      vertex 1.338870e+02 -3.695940e+01 -4.000000e+00
      vertex 1.550000e+02 -4.300000e+01 -4.000000e+00
    endloop
  endfacet
  facet normal 0.000000e+00 0.000000e+00 -1.000000e+00
    outer loop
      vertex 1.338870e+02 -3.695940e+01 -4.000000e+00
      vertex 1.341920e+02 -3.669200e+01 -4.000000e+00
      vertex 1.550000e+02 -4.300000e+01 -4.000000e+00
    endloop
  endfacet
  facet normal 0.000000e+00 0.000000e+00 -1.000000e+00
    outer loop
      vertex 1.341920e+02 -3.669200e+01 -4.000000e+00
      vertex 1.344590e+02 -3.638720e+01 -4.000000e+00
      vertex 1.550000e+02 -4.300000e+01 -4.000000e+00
    endloop
  endfacet
  facet normal 0.000000e+00 0.000000e+00 -1.000000e+00
    outer loop
      vertex 1.344590e+02 -3.638720e+01 -4.000000e+00
      vertex 1.346850e+02 -3.605000e+01 -4.000000e+00
      vertex 1.550000e+02 -4.300000e+01 -4.000000e+00
    endloop
  endfacet
  facet normal 0.000000e+00 0.000000e+00 -1.000000e+00
    outer loop
      vertex 1.346850e+02 -3.605000e+01 -4.000000e+00
      vertex 1.348640e+02 -3.568630e+01 -4.000000e+00
      vertex 1.550000e+02 -4.300000e+01 -4.000000e+00
    endloop
  endfacet
  facet normal 0.000000e+00 0.000000e+00 -1.000000e+00
    outer loop
      vertex 1.348640e+02 -3.568630e+01 -4.000000e+00
      vertex 1.349940e+02 -3.530230e+01 -4.000000e+00
      vertex 1.550000e+02 -4.300000e+01 -4.000000e+00
    endloop
  endfacet
  facet normal 0.000000e+00 0.000000e+00 -1.000000e+00
    outer loop
      vertex 1.349940e+02 -3.530230e+01 -4.000000e+00
      vertex 1.350730e+02 -3.490460e+01 -4.000000e+00
      vertex 1.550000e+02 -4.300000e+01 -4.000000e+00
    endloop
  endfacet
  facet normal 0.000000e+00 0.000000e+00 -1.000000e+00
    outer loop
      vertex 1.550000e+02 -4.300000e+01 -4.000000e+00
      vertex 1.350730e+02 -3.490460e+01 -4.000000e+00
      vertex 1.351000e+02 -3.450000e+01 -4.000000e+00
    endloop
  endfacet
  facet normal 0.000000e+00 0.000000e+00 -1.000000e+00
    outer loop
      vertex 1.550000e+02 -4.300000e+01 -4.000000e+00
      vertex 1.351000e+02 -3.450000e+01 -4.000000e+00
      vertex 1.350730e+02 -3.409540e+01 -4.000000e+00
    endloop
  endfacet
  facet normal 0.000000e+00 0.000000e+00 -1.000000e+00
    outer loop
      vertex 1.550000e+02 -4.300000e+01 -4.000000e+00
      vertex 1.350730e+02 -3.409540e+01 -4.000000e+00
      vertex 1.349940e+02 -3.369770e+01 -4.000000e+00
    endloop
  endfacet
  facet normal 0.000000e+00 0.000000e+00 -1.000000e+00
    outer loop
      vertex 1.550000e+02 -4.300000e+01 -4.000000e+00
      vertex 1.349940e+02 -3.369770e+01 -4.000000e+00
      vertex 1.348640e+02 -3.331370e+01 -4.000000e+00
    endloop
  endfacet
  facet normal 0.000000e+00 0.000000e+00 -1.000000e+00
    outer loop
      vertex 1.550000e+02 -4.300000e+01 -4.000000e+00
      vertex 1.348640e+02 -3.331370e+01 -4.000000e+00
      vertex 1.346850e+02 -3.295000e+01 -4.000000e+00
    endloop
  endfacet
  facet normal 0.000000e+00 0.000000e+00 1.000000e+00
    outer loop
      vertex 1.315950e+02 -3.757350e+01 0.000000e+00
      vertex 1.530000e+02 -4.500000e+01 0.000000e+00
      vertex 1.320000e+02 -3.760000e+01 0.000000e+00
    endloop
  endfacet
  facet normal -0.000000e+00 0.000000e+00 1.000000e+00
    outer loop
      vertex 1.320000e+02 -3.760000e+01 0.000000e+00
      vertex 1.530000e+02 -4.500000e+01 0.000000e+00
      vertex 1.324050e+02 -3.757350e+01 0.000000e+00
    endloop
  endfacet
  facet normal -0.000000e+00 0.000000e+00 1.000000e+00
    outer loop
      vertex 1.324050e+02 -3.757350e+01 0.000000e+00
      vertex 1.530000e+02 -4.500000e+01 0.000000e+00
      vertex 1.328020e+02 -3.749440e+01 0.000000e+00
    endloop
  endfacet
  facet normal -0.000000e+00 0.000000e+00 1.000000e+00
    outer loop
      vertex 1.328020e+02 -3.749440e+01 0.000000e+00
      vertex 1.530000e+02 -4.500000e+01 0.000000e+00
      vertex 1.331860e+02 -3.736400e+01 0.000000e+00
    endloop
  endfacet
  facet normal -0.000000e+00 0.000000e+00 1.000000e+00
    outer loop
      vertex 1.331860e+02 -3.736400e+01 0.000000e+00
      vertex 1.530000e+02 -4.500000e+01 0.000000e+00
      vertex 1.335500e+02 -3.718470e+01 0.000000e+00
    endloop
  endfacet
  facet normal -0.000000e+00 0.000000e+00 1.000000e+00
    outer loop
      vertex 1.335500e+02 -3.718470e+01 0.000000e+00
      vertex 1.530000e+02 -4.500000e+01 0.000000e+00
      vertex 1.338870e+02 -3.695940e+01 0.000000e+00
    endloop
  endfacet
  facet normal -0.000000e+00 0.000000e+00 1.000000e+00
    outer loop
      vertex 1.338870e+02 -3.695940e+01 0.000000e+00
      vertex 1.530000e+02 -4.500000e+01 0.000000e+00
      vertex 1.341920e+02 -3.669200e+01 0.000000e+00
    endloop
  endfacet
  facet normal -0.000000e+00 0.000000e+00 1.000000e+00
    outer loop
      vertex 1.341920e+02 -3.669200e+01 0.000000e+00
      vertex 1.530000e+02 -4.500000e+01 0.000000e+00
      vertex 1.344590e+02 -3.638720e+01 0.000000e+00
    endloop
  endfacet
  facet normal -0.000000e+00 0.000000e+00 1.000000e+00
    outer loop
      vertex 1.344590e+02 -3.638720e+01 0.000000e+00
      vertex 1.530000e+02 -4.500000e+01 0.000000e+00
      vertex 1.346850e+02 -3.605000e+01 0.000000e+00
    endloop
  endfacet
  facet normal -0.000000e+00 0.000000e+00 1.000000e+00
    outer loop
      vertex 1.346850e+02 -3.605000e+01 0.000000e+00
      vertex 1.530000e+02 -4.500000e+01 0.000000e+00
      vertex 1.348640e+02 -3.568630e+01 0.000000e+00
    endloop
  endfacet
  facet normal -0.000000e+00 0.000000e+00 1.000000e+00
    outer loop
      vertex 1.348640e+02 -3.568630e+01 0.000000e+00
      vertex 1.530000e+02 -4.500000e+01 0.000000e+00
      vertex 1.349940e+02 -3.530230e+01 0.000000e+00
    endloop
  endfacet
  facet normal -0.000000e+00 0.000000e+00 1.000000e+00
    outer loop
      vertex 1.349940e+02 -3.530230e+01 0.000000e+00
      vertex 1.530000e+02 -4.500000e+01 0.000000e+00
      vertex 1.350730e+02 -3.490460e+01 0.000000e+00
    endloop
  endfacet
  facet normal 0.000000e+00 0.000000e+00 1.000000e+00
    outer loop
      vertex 1.530000e+02 -4.500000e+01 0.000000e+00
      vertex 1.351000e+02 -3.450000e+01 0.000000e+00
      vertex 1.350730e+02 -3.490460e+01 0.000000e+00
    endloop
  endfacet
  facet normal 0.000000e+00 0.000000e+00 1.000000e+00
    outer loop
      vertex 1.530000e+02 -4.500000e+01 0.000000e+00
      vertex 1.350730e+02 -3.409540e+01 0.000000e+00
      vertex 1.351000e+02 -3.450000e+01 0.000000e+00
    endloop
  endfacet
  facet normal 0.000000e+00 0.000000e+00 -1.000000e+00
    outer loop
      vertex 1.060730e+02 -3.490460e+01 -4.000000e+00
      vertex 1.289270e+02 -3.490460e+01 -4.000000e+00
      vertex 1.290060e+02 -3.530230e+01 -4.000000e+00
    endloop
  endfacet
  facet normal 0.000000e+00 0.000000e+00 -1.000000e+00
    outer loop
      vertex 1.061000e+02 -3.450000e+01 -4.000000e+00
      vertex 1.289000e+02 -3.450000e+01 -4.000000e+00
      vertex 1.289270e+02 -3.490460e+01 -4.000000e+00
    endloop
  endfacet
  facet normal -0.000000e+00 0.000000e+00 1.000000e+00
    outer loop
      vertex 1.060730e+02 -3.490460e+01 0.000000e+00
      vertex 1.290060e+02 -3.530230e+01 0.000000e+00
      vertex 1.289270e+02 -3.490460e+01 0.000000e+00
    endloop
  endfacet
  facet normal -0.000000e+00 0.000000e+00 1.000000e+00
    outer loop
      vertex 1.061000e+02 -3.450000e+01 0.000000e+00
      vertex 1.289270e+02 -3.490460e+01 0.000000e+00
      vertex 1.289000e+02 -3.450000e+01 0.000000e+00
    endloop
  endfacet
  facet normal 0.000000e+00 0.000000e+00 1.000000e+00
    outer loop
      vertex 1.061000e+02 -3.450000e+01 0.000000e+00
      vertex 1.289000e+02 -3.450000e+01 0.000000e+00
      vertex 1.289270e+02 -3.409540e+01 0.000000e+00
    endloop
  endfacet
  facet normal 0.000000e+00 0.000000e+00 1.000000e+00
    outer loop
      vertex 1.061000e+02 -3.450000e+01 0.000000e+00
      vertex 1.289270e+02 -3.409540e+01 0.000000e+00
      vertex 1.290060e+02 -3.369770e+01 0.000000e+00
    endloop
  endfacet
  facet normal 0.000000e+00 0.000000e+00 1.000000e+00
    outer loop
      vertex 1.061000e+02 -3.450000e+01 0.000000e+00
      vertex 1.290060e+02 -3.369770e+01 0.000000e+00
      vertex 1.291360e+02 -3.331370e+01 0.000000e+00
    endloop
  endfacet
  facet normal 0.000000e+00 0.000000e+00 1.000000e+00
    outer loop
      vertex 1.061000e+02 -3.450000e+01 0.000000e+00
      vertex 1.291360e+02 -3.331370e+01 0.000000e+00
      vertex 1.293150e+02 -3.295000e+01 0.000000e+00
    endloop
  endfacet
  facet normal 9.808385e-01 1.948224e-01 -0.000000e+00
    outer loop
      vertex 1.290060e+02 -3.530230e+01 -4.000000e+00
      vertex 1.289270e+02 -3.490460e+01 -4.000000e+00
      vertex 1.290060e+02 -3.530230e+01 0.000000e+00
    endloop
  endfacet
  facet normal 9.977795e-01 6.660455e-02 -0.000000e+00
    outer loop
      vertex 1.289270e+02 -3.490460e+01 -4.000000e+00
      vertex 1.289000e+02 -3.450000e+01 -4.000000e+00
      vertex 1.289270e+02 -3.490460e+01 0.000000e+00
    endloop
  endfacet
  facet normal 9.977795e-01 -6.660455e-02 0.000000e+00
    outer loop
      vertex 1.289000e+02 -3.450000e+01 -4.000000e+00
      vertex 1.289270e+02 -3.409540e+01 -4.000000e+00
      vertex 1.289000e+02 -3.450000e+01 0.000000e+00
    endloop
  endfacet
  facet normal 9.808385e-01 -1.948224e-01 0.000000e+00
    outer loop
      vertex 1.289270e+02 -3.409540e+01 -4.000000e+00
      vertex 1.290060e+02 -3.369770e+01 -4.000000e+00
      vertex 1.289270e+02 -3.409540e+01 0.000000e+00
    endloop
  endfacet
  facet normal 9.471890e-01 -3.206759e-01 0.000000e+00
    outer loop
      vertex 1.290060e+02 -3.369770e+01 -4.000000e+00
      vertex 1.291360e+02 -3.331370e+01 -4.000000e+00
      vertex 1.290060e+02 -3.369770e+01 0.000000e+00
    endloop
  endfacet
  facet normal 8.972214e-01 -4.415810e-01 0.000000e+00
    outer loop
      vertex 1.291360e+02 -3.331370e+01 -4.000000e+00
      vertex 1.293150e+02 -3.295000e+01 -4.000000e+00
      vertex 1.291360e+02 -3.331370e+01 0.000000e+00
    endloop
  endfacet
  facet normal 8.306859e-01 -5.567414e-01 0.000000e+00
    outer loop
      vertex 1.293150e+02 -3.295000e+01 -4.000000e+00
      vertex 1.295410e+02 -3.261280e+01 -4.000000e+00
      vertex 1.293150e+02 -3.295000e+01 0.000000e+00
    endloop
  endfacet
  facet normal 7.522138e-01 -6.589191e-01 0.000000e+00
    outer loop
      vertex 1.295410e+02 -3.261280e+01 -4.000000e+00
      vertex 1.298080e+02 -3.230800e+01 -4.000000e+00
      vertex 1.295410e+02 -3.261280e+01 0.000000e+00
    endloop
  endfacet
  facet normal -9.808385e-01 1.948224e-01 0.000000e+00
    outer loop
      vertex 1.349940e+02 -3.530230e+01 -4.000000e+00
      vertex 1.350730e+02 -3.490460e+01 0.000000e+00
      vertex 1.350730e+02 -3.490460e+01 -4.000000e+00
    endloop
  endfacet
  facet normal -9.977795e-01 6.660455e-02 0.000000e+00
    outer loop
      vertex 1.350730e+02 -3.490460e+01 -4.000000e+00
      vertex 1.351000e+02 -3.450000e+01 0.000000e+00
      vertex 1.351000e+02 -3.450000e+01 -4.000000e+00
    endloop
  endfacet
  facet normal -9.977795e-01 -6.660455e-02 0.000000e+00
    outer loop
      vertex 1.351000e+02 -3.450000e+01 -4.000000e+00
      vertex 1.350730e+02 -3.409540e+01 0.000000e+00
      vertex 1.350730e+02 -3.409540e+01 -4.000000e+00
    endloop
  endfacet
  facet normal -9.808385e-01 -1.948224e-01 0.000000e+00
    outer loop
      vertex 1.350730e+02 -3.409540e+01 -4.000000e+00
      vertex 1.349940e+02 -3.369770e+01 0.000000e+00
      vertex 1.349940e+02 -3.369770e+01 -4.000000e+00
    endloop
  endfacet
  facet normal -9.471890e-01 -3.206759e-01 0.000000e+00
    outer loop
      vertex 1.349940e+02 -3.369770e+01 -4.000000e+00
      vertex 1.348640e+02 -3.331370e+01 0.000000e+00
      vertex 1.348640e+02 -3.331370e+01 -4.000000e+00
    endloop
  endfacet
  facet normal -8.972214e-01 -4.415810e-01 0.000000e+00
    outer loop
      vertex 1.348640e+02 -3.331370e+01 -4.000000e+00
      vertex 1.346850e+02 -3.295000e+01 0.000000e+00
      vertex 1.346850e+02 -3.295000e+01 -4.000000e+00
    endloop
  endfacet
  facet normal -7.522138e-01 -6.589191e-01 0.000000e+00
    outer loop
      vertex 1.344590e+02 -3.261280e+01 -4.000000e+00
      vertex 1.341920e+02 -3.230800e+01 0.000000e+00
      vertex 1.341920e+02 -3.230800e+01 -4.000000e+00
    endloop
  endfacet
  facet normal -8.306859e-01 -5.567414e-01 0.000000e+00
    outer loop
      vertex 1.346850e+02 -3.295000e+01 -4.000000e+00
      vertex 1.344590e+02 -3.261280e+01 0.000000e+00
      vertex 1.344590e+02 -3.261280e+01 -4.000000e+00
    endloop
  endfacet
  facet normal 9.808385e-01 1.948224e-01 0.000000e+00
    outer loop
      vertex 1.290060e+02 -3.530230e+01 0.000000e+00
      vertex 1.289270e+02 -3.490460e+01 -4.000000e+00
      vertex 1.289270e+02 -3.490460e+01 0.000000e+00
    endloop
  endfacet
  facet normal 9.977795e-01 6.660455e-02 -0.000000e+00
    outer loop
      vertex 1.289000e+02 -3.450000e+01 -4.000000e+00
      vertex 1.289000e+02 -3.450000e+01 0.000000e+00
      vertex 1.289270e+02 -3.490460e+01 0.000000e+00
    endloop
  endfacet
  facet normal 9.977795e-01 -6.660455e-02 0.000000e+00
    outer loop
      vertex 1.289270e+02 -3.409540e+01 -4.000000e+00
      vertex 1.289270e+02 -3.409540e+01 0.000000e+00
      vertex 1.289000e+02 -3.450000e+01 0.000000e+00
    endloop
  endfacet
  facet normal 9.808385e-01 -1.948224e-01 0.000000e+00
    outer loop
      vertex 1.290060e+02 -3.369770e+01 -4.000000e+00
      vertex 1.290060e+02 -3.369770e+01 0.000000e+00
      vertex 1.289270e+02 -3.409540e+01 0.000000e+00
    endloop
  endfacet
  facet normal 9.471890e-01 -3.206759e-01 0.000000e+00
    outer loop
      vertex 1.291360e+02 -3.331370e+01 -4.000000e+00
      vertex 1.291360e+02 -3.331370e+01 0.000000e+00
      vertex 1.290060e+02 -3.369770e+01 0.000000e+00
    endloop
  endfacet
  facet normal 8.972214e-01 -4.415810e-01 0.000000e+00
    outer loop
      vertex 1.293150e+02 -3.295000e+01 -4.000000e+00
      vertex 1.293150e+02 -3.295000e+01 0.000000e+00
      vertex 1.291360e+02 -3.331370e+01 0.000000e+00
    endloop
  endfacet
  facet normal 8.306859e-01 -5.567414e-01 0.000000e+00
    outer loop
      vertex 1.295410e+02 -3.261280e+01 -4.000000e+00
      vertex 1.295410e+02 -3.261280e+01 0.000000e+00
      vertex 1.293150e+02 -3.295000e+01 0.000000e+00
    endloop
  endfacet
  facet normal 7.522138e-01 -6.589191e-01 0.000000e+00
    outer loop
      vertex 1.298080e+02 -3.230800e+01 -4.000000e+00
      vertex 1.298080e+02 -3.230800e+01 0.000000e+00
      vertex 1.295410e+02 -3.261280e+01 0.000000e+00
    endloop
  endfacet
  facet normal -9.808385e-01 1.948224e-01 0.000000e+00
    outer loop
      vertex 1.349940e+02 -3.530230e+01 -4.000000e+00
      vertex 1.349940e+02 -3.530230e+01 0.000000e+00
      vertex 1.350730e+02 -3.490460e+01 0.000000e+00
    endloop
  endfacet
  facet normal -9.977795e-01 6.660455e-02 0.000000e+00
    outer loop
      vertex 1.350730e+02 -3.490460e+01 -4.000000e+00
      vertex 1.350730e+02 -3.490460e+01 0.000000e+00
      vertex 1.351000e+02 -3.450000e+01 0.000000e+00
    endloop
  endfacet
  facet normal -9.977795e-01 -6.660455e-02 0.000000e+00
    outer loop
      vertex 1.351000e+02 -3.450000e+01 -4.000000e+00
      vertex 1.351000e+02 -3.450000e+01 0.000000e+00
      vertex 1.350730e+02 -3.409540e+01 0.000000e+00
    endloop
  endfacet
  facet normal -9.808385e-01 -1.948224e-01 0.000000e+00
    outer loop
      vertex 1.350730e+02 -3.409540e+01 -4.000000e+00
      vertex 1.350730e+02 -3.409540e+01 0.000000e+00
      vertex 1.349940e+02 -3.369770e+01 0.000000e+00
    endloop
  endfacet
  facet normal -9.471890e-01 -3.206759e-01 0.000000e+00
    outer loop
      vertex 1.349940e+02 -3.369770e+01 -4.000000e+00
      vertex 1.349940e+02 -3.369770e+01 0.000000e+00
      vertex 1.348640e+02 -3.331370e+01 0.000000e+00
    endloop
  endfacet
  facet normal -8.972214e-01 -4.415810e-01 0.000000e+00
    outer loop
      vertex 1.348640e+02 -3.331370e+01 -4.000000e+00
      vertex 1.348640e+02 -3.331370e+01 0.000000e+00
      vertex 1.346850e+02 -3.295000e+01 0.000000e+00
    endloop
  endfacet
  facet normal -7.522138e-01 -6.589191e-01 0.000000e+00
    outer loop
      vertex 1.344590e+02 -3.261280e+01 -4.000000e+00
      vertex 1.344590e+02 -3.261280e+01 0.000000e+00
      vertex 1.341920e+02 -3.230800e+01 0.000000e+00
    endloop
  endfacet
  facet normal -8.306859e-01 -5.567414e-01 0.000000e+00
    outer loop
      vertex 1.346850e+02 -3.295000e+01 -4.000000e+00
      vertex 1.346850e+02 -3.295000e+01 0.000000e+00
      vertex 1.344590e+02 -3.261280e+01 0.000000e+00
    endloop
  endfacet
  facet normal 6.592260e-01 -7.519448e-01 0.000000e+00
    outer loop
      vertex 1.298080e+02 -3.230800e+01 -4.000000e+00
      vertex 1.301130e+02 -3.204060e+01 -4.000000e+00
      vertex 1.301130e+02 -3.204060e+01 0.000000e+00
    endloop
  endfacet
  facet normal 5.557921e-01 -8.313214e-01 0.000000e+00
    outer loop
      vertex 1.301130e+02 -3.204060e+01 -4.000000e+00
      vertex 1.304500e+02 -3.181530e+01 -4.000000e+00
      vertex 1.304500e+02 -3.181530e+01 0.000000e+00
    endloop
  endfacet
  facet normal 4.418845e-01 -8.970719e-01 0.000000e+00
    outer loop
      vertex 1.304500e+02 -3.181530e+01 -4.000000e+00
      vertex 1.308140e+02 -3.163600e+01 -4.000000e+00
      vertex 1.308140e+02 -3.163600e+01 0.000000e+00
    endloop
  endfacet
  facet normal -3.215464e-01 -9.468938e-01 0.000000e+00
    outer loop
      vertex 1.331860e+02 -3.163600e+01 -4.000000e+00
      vertex 1.331860e+02 -3.163600e+01 0.000000e+00
      vertex 1.328020e+02 -3.150560e+01 -4.000000e+00
    endloop
  endfacet
  facet normal 3.215464e-01 -9.468938e-01 0.000000e+00
    outer loop
      vertex 1.308140e+02 -3.163600e+01 -4.000000e+00
      vertex 1.311980e+02 -3.150560e+01 -4.000000e+00
      vertex 1.311980e+02 -3.150560e+01 0.000000e+00
    endloop
  endfacet
  facet normal 1.954012e-01 -9.807234e-01 0.000000e+00
    outer loop
      vertex 1.311980e+02 -3.150560e+01 -4.000000e+00
      vertex 1.315950e+02 -3.142650e+01 -4.000000e+00
      vertex 1.315950e+02 -3.142650e+01 0.000000e+00
    endloop
  endfacet
  facet normal 6.529440e-02 -9.978660e-01 0.000000e+00
    outer loop
      vertex 1.315950e+02 -3.142650e+01 -4.000000e+00
      vertex 1.320000e+02 -3.140000e+01 -4.000000e+00
      vertex 1.320000e+02 -3.140000e+01 0.000000e+00
    endloop
  endfacet
  facet normal -6.529440e-02 -9.978660e-01 0.000000e+00
    outer loop
      vertex 1.320000e+02 -3.140000e+01 -4.000000e+00
      vertex 1.324050e+02 -3.142650e+01 -4.000000e+00
      vertex 1.324050e+02 -3.142650e+01 0.000000e+00
    endloop
  endfacet
  facet normal -1.954012e-01 -9.807234e-01 0.000000e+00
    outer loop
      vertex 1.324050e+02 -3.142650e+01 -4.000000e+00
      vertex 1.328020e+02 -3.150560e+01 -4.000000e+00
      vertex 1.328020e+02 -3.150560e+01 0.000000e+00
    endloop
  endfacet
  facet normal -5.557921e-01 -8.313214e-01 0.000000e+00
    outer loop
      vertex 1.338870e+02 -3.204060e+01 -4.000000e+00
      vertex 1.338870e+02 -3.204060e+01 0.000000e+00
      vertex 1.335500e+02 -3.181530e+01 -4.000000e+00
    endloop
  endfacet
  facet normal -6.592260e-01 -7.519448e-01 0.000000e+00
    outer loop
      vertex 1.341920e+02 -3.230800e+01 -4.000000e+00
      vertex 1.341920e+02 -3.230800e+01 0.000000e+00
      vertex 1.338870e+02 -3.204060e+01 -4.000000e+00
    endloop
  endfacet
  facet normal -4.418845e-01 -8.970719e-01 0.000000e+00
    outer loop
      vertex 1.331860e+02 -3.163600e+01 -4.000000e+00
      vertex 1.335500e+02 -3.181530e+01 -4.000000e+00
      vertex 1.335500e+02 -3.181530e+01 0.000000e+00
    endloop
  endfacet
  facet normal 6.592260e-01 -7.519448e-01 0.000000e+00
    outer loop
      vertex 1.298080e+02 -3.230800e+01 -4.000000e+00
      vertex 1.301130e+02 -3.204060e+01 0.000000e+00
      vertex 1.298080e+02 -3.230800e+01 0.000000e+00
    endloop
  endfacet
  facet normal 5.557921e-01 -8.313214e-01 0.000000e+00
    outer loop
      vertex 1.301130e+02 -3.204060e+01 -4.000000e+00
      vertex 1.304500e+02 -3.181530e+01 0.000000e+00
      vertex 1.301130e+02 -3.204060e+01 0.000000e+00
    endloop
  endfacet
  facet normal 4.418845e-01 -8.970719e-01 0.000000e+00
    outer loop
      vertex 1.304500e+02 -3.181530e+01 -4.000000e+00
      vertex 1.308140e+02 -3.163600e+01 0.000000e+00
      vertex 1.304500e+02 -3.181530e+01 0.000000e+00
    endloop
  endfacet
  facet normal 3.215464e-01 -9.468938e-01 0.000000e+00
    outer loop
      vertex 1.308140e+02 -3.163600e+01 -4.000000e+00
      vertex 1.311980e+02 -3.150560e+01 0.000000e+00
      vertex 1.308140e+02 -3.163600e+01 0.000000e+00
    endloop
  endfacet
  facet normal 1.954012e-01 -9.807234e-01 0.000000e+00
    outer loop
      vertex 1.311980e+02 -3.150560e+01 -4.000000e+00
      vertex 1.315950e+02 -3.142650e+01 0.000000e+00
      vertex 1.311980e+02 -3.150560e+01 0.000000e+00
    endloop
  endfacet
  facet normal 6.529440e-02 -9.978660e-01 0.000000e+00
    outer loop
      vertex 1.315950e+02 -3.142650e+01 -4.000000e+00
      vertex 1.320000e+02 -3.140000e+01 0.000000e+00
      vertex 1.315950e+02 -3.142650e+01 0.000000e+00
    endloop
  endfacet
  facet normal -6.529440e-02 -9.978660e-01 0.000000e+00
    outer loop
      vertex 1.320000e+02 -3.140000e+01 -4.000000e+00
      vertex 1.324050e+02 -3.142650e+01 0.000000e+00
      vertex 1.320000e+02 -3.140000e+01 0.000000e+00
    endloop
  endfacet
  facet normal -1.954012e-01 -9.807234e-01 0.000000e+00
    outer loop
      vertex 1.324050e+02 -3.142650e+01 -4.000000e+00
      vertex 1.328020e+02 -3.150560e+01 0.000000e+00
      vertex 1.324050e+02 -3.142650e+01 0.000000e+00
    endloop
  endfacet
  facet normal -3.215464e-01 -9.468938e-01 0.000000e+00
    outer loop
      vertex 1.328020e+02 -3.150560e+01 -4.000000e+00
      vertex 1.331860e+02 -3.163600e+01 0.000000e+00
      vertex 1.328020e+02 -3.150560e+01 0.000000e+00
    endloop
  endfacet
  facet normal -6.592260e-01 -7.519448e-01 0.000000e+00
    outer loop
      vertex 1.338870e+02 -3.204060e+01 -4.000000e+00
      vertex 1.341920e+02 -3.230800e+01 0.000000e+00
      vertex 1.338870e+02 -3.204060e+01 0.000000e+00
    endloop
  endfacet
  facet normal -5.557921e-01 -8.313214e-01 0.000000e+00
    outer loop
      vertex 1.335500e+02 -3.181530e+01 -4.000000e+00
      vertex 1.338870e+02 -3.204060e+01 0.000000e+00
      vertex 1.335500e+02 -3.181530e+01 0.000000e+00
    endloop
  endfacet
  facet normal -4.418845e-01 -8.970719e-01 0.000000e+00
    outer loop
      vertex 1.331860e+02 -3.163600e+01 -4.000000e+00
      vertex 1.335500e+02 -3.181530e+01 0.000000e+00
      vertex 1.331860e+02 -3.163600e+01 0.000000e+00
    endloop
  endfacet
  facet normal 0.000000e+00 0.000000e+00 -1.000000e+00
    outer loop
      vertex 1.056850e+02 -3.295000e+01 -4.000000e+00
      vertex 1.218770e+02 -1.352300e+01 -4.000000e+00
      vertex 1.289000e+02 -3.450000e+01 -4.000000e+00
    endloop
  endfacet
  facet normal 0.000000e+00 0.000000e+00 -1.000000e+00
    outer loop
      vertex 1.289000e+02 -3.450000e+01 -4.000000e+00
      vertex 1.273270e+02 -1.388020e+01 -4.000000e+00
      vertex 1.289270e+02 -3.409540e+01 -4.000000e+00
    endloop
  endfacet
  facet normal 0.000000e+00 0.000000e+00 -1.000000e+00
    outer loop
      vertex 1.289270e+02 -3.409540e+01 -4.000000e+00
      vertex 1.273270e+02 -1.388020e+01 -4.000000e+00
      vertex 1.290060e+02 -3.369770e+01 -4.000000e+00
    endloop
  endfacet
  facet normal 0.000000e+00 0.000000e+00 -1.000000e+00
    outer loop
      vertex 1.290060e+02 -3.369770e+01 -4.000000e+00
      vertex 1.273270e+02 -1.388020e+01 -4.000000e+00
      vertex 1.291360e+02 -3.331370e+01 -4.000000e+00
    endloop
  endfacet
  facet normal 0.000000e+00 0.000000e+00 -1.000000e+00
    outer loop
      vertex 1.291360e+02 -3.331370e+01 -4.000000e+00
      vertex 1.273270e+02 -1.388020e+01 -4.000000e+00
      vertex 1.293150e+02 -3.295000e+01 -4.000000e+00
    endloop
  endfacet
  facet normal 0.000000e+00 0.000000e+00 -1.000000e+00
    outer loop
      vertex 1.293150e+02 -3.295000e+01 -4.000000e+00
      vertex 1.273270e+02 -1.388020e+01 -4.000000e+00
      vertex 1.295410e+02 -3.261280e+01 -4.000000e+00
    endloop
  endfacet
  facet normal 0.000000e+00 0.000000e+00 -1.000000e+00
    outer loop
      vertex 1.295410e+02 -3.261280e+01 -4.000000e+00
      vertex 1.273270e+02 -1.388020e+01 -4.000000e+00
      vertex 1.298080e+02 -3.230800e+01 -4.000000e+00
    endloop
  endfacet
  facet normal 0.000000e+00 0.000000e+00 -1.000000e+00
    outer loop
      vertex 1.298080e+02 -3.230800e+01 -4.000000e+00
      vertex 1.273270e+02 -1.388020e+01 -4.000000e+00
      vertex 1.301130e+02 -3.204060e+01 -4.000000e+00
    endloop
  endfacet
  facet normal 0.000000e+00 0.000000e+00 -1.000000e+00
    outer loop
      vertex 1.301130e+02 -3.204060e+01 -4.000000e+00
      vertex 1.273270e+02 -1.388020e+01 -4.000000e+00
      vertex 1.304500e+02 -3.181530e+01 -4.000000e+00
    endloop
  endfacet
  facet normal 0.000000e+00 0.000000e+00 -1.000000e+00
    outer loop
      vertex 1.304500e+02 -3.181530e+01 -4.000000e+00
      vertex 1.273270e+02 -1.388020e+01 -4.000000e+00
      vertex 1.308140e+02 -3.163600e+01 -4.000000e+00
    endloop
  endfacet
  facet normal 0.000000e+00 0.000000e+00 -1.000000e+00
    outer loop
      vertex 1.308140e+02 -3.163600e+01 -4.000000e+00
      vertex 1.273270e+02 -1.388020e+01 -4.000000e+00
      vertex 1.311980e+02 -3.150560e+01 -4.000000e+00
    endloop
  endfacet
  facet normal 0.000000e+00 0.000000e+00 -1.000000e+00
    outer loop
      vertex 1.311980e+02 -3.150560e+01 -4.000000e+00
      vertex 1.273270e+02 -1.388020e+01 -4.000000e+00
      vertex 1.315950e+02 -3.142650e+01 -4.000000e+00
    endloop
  endfacet
  facet normal 0.000000e+00 0.000000e+00 -1.000000e+00
    outer loop
      vertex 1.315950e+02 -3.142650e+01 -4.000000e+00
      vertex 1.291230e+02 -1.352300e+01 -4.000000e+00
      vertex 1.320000e+02 -3.140000e+01 -4.000000e+00
    endloop
  endfacet
  facet normal 0.000000e+00 0.000000e+00 -1.000000e+00
    outer loop
      vertex 1.320000e+02 -3.140000e+01 -4.000000e+00
      vertex 1.291230e+02 -1.352300e+01 -4.000000e+00
      vertex 1.324050e+02 -3.142650e+01 -4.000000e+00
    endloop
  endfacet
  facet normal 0.000000e+00 0.000000e+00 -1.000000e+00
    outer loop
      vertex 1.324050e+02 -3.142650e+01 -4.000000e+00
      vertex 1.308580e+02 -1.293430e+01 -4.000000e+00
      vertex 1.328020e+02 -3.150560e+01 -4.000000e+00
    endloop
  endfacet
  facet normal 0.000000e+00 0.000000e+00 -1.000000e+00
    outer loop
      vertex 1.331860e+02 -3.163600e+01 -4.000000e+00
      vertex 1.325000e+02 -1.212440e+01 -4.000000e+00
      vertex 1.335500e+02 -3.181530e+01 -4.000000e+00
    endloop
  endfacet
  facet normal 0.000000e+00 0.000000e+00 -1.000000e+00
    outer loop
      vertex 1.331860e+02 -3.163600e+01 -4.000000e+00
      vertex 1.328020e+02 -3.150560e+01 -4.000000e+00
      vertex 1.325000e+02 -1.212440e+01 -4.000000e+00
    endloop
  endfacet
  facet normal 0.000000e+00 0.000000e+00 -1.000000e+00
    outer loop
      vertex 1.341920e+02 -3.230800e+01 -4.000000e+00
      vertex 1.338870e+02 -3.204060e+01 -4.000000e+00
      vertex 1.340230e+02 -1.110690e+01 -4.000000e+00
    endloop
  endfacet
  facet normal 0.000000e+00 0.000000e+00 -1.000000e+00
    outer loop
      vertex 1.338870e+02 -3.204060e+01 -4.000000e+00
      vertex 1.335500e+02 -3.181530e+01 -4.000000e+00
      vertex 1.340230e+02 -1.110690e+01 -4.000000e+00
    endloop
  endfacet
  facet normal 0.000000e+00 0.000000e+00 -1.000000e+00
    outer loop
      vertex 1.344590e+02 -3.261280e+01 -4.000000e+00
      vertex 1.341920e+02 -3.230800e+01 -4.000000e+00
      vertex 1.353990e+02 -9.899490e+00 -4.000000e+00
    endloop
  endfacet
  facet normal 0.000000e+00 0.000000e+00 -1.000000e+00
    outer loop
      vertex 1.346850e+02 -3.295000e+01 -4.000000e+00
      vertex 1.344590e+02 -3.261280e+01 -4.000000e+00
      vertex 1.366070e+02 -8.522660e+00 -4.000000e+00
    endloop
  endfacet
  facet normal 0.000000e+00 0.000000e+00 1.000000e+00
    outer loop
      vertex 1.061000e+02 -3.450000e+01 0.000000e+00
      vertex 1.293150e+02 -3.295000e+01 0.000000e+00
      vertex 1.218770e+02 -1.352300e+01 0.000000e+00
    endloop
  endfacet
  facet normal 0.000000e+00 -0.000000e+00 1.000000e+00
    outer loop
      vertex 1.293150e+02 -3.295000e+01 0.000000e+00
      vertex 1.295410e+02 -3.261280e+01 0.000000e+00
      vertex 1.218770e+02 -1.352300e+01 0.000000e+00
    endloop
  endfacet
  facet normal 0.000000e+00 -0.000000e+00 1.000000e+00
    outer loop
      vertex 1.295410e+02 -3.261280e+01 0.000000e+00
      vertex 1.298080e+02 -3.230800e+01 0.000000e+00
      vertex 1.236730e+02 -1.388020e+01 0.000000e+00
    endloop
  endfacet
  facet normal 0.000000e+00 -0.000000e+00 1.000000e+00
    outer loop
      vertex 1.298080e+02 -3.230800e+01 0.000000e+00
      vertex 1.301130e+02 -3.204060e+01 0.000000e+00
      vertex 1.236730e+02 -1.388020e+01 0.000000e+00
    endloop
  endfacet
  facet normal 0.000000e+00 -0.000000e+00 1.000000e+00
    outer loop
      vertex 1.301130e+02 -3.204060e+01 0.000000e+00
      vertex 1.304500e+02 -3.181530e+01 0.000000e+00
      vertex 1.255000e+02 -1.400000e+01 0.000000e+00
    endloop
  endfacet
  facet normal 0.000000e+00 -0.000000e+00 1.000000e+00
    outer loop
      vertex 1.304500e+02 -3.181530e+01 0.000000e+00
      vertex 1.308140e+02 -3.163600e+01 0.000000e+00
      vertex 1.255000e+02 -1.400000e+01 0.000000e+00
    endloop
  endfacet
  facet normal 0.000000e+00 -0.000000e+00 1.000000e+00
    outer loop
      vertex 1.308140e+02 -3.163600e+01 0.000000e+00
      vertex 1.311980e+02 -3.150560e+01 0.000000e+00
      vertex 1.273270e+02 -1.388020e+01 0.000000e+00
    endloop
  endfacet
  facet normal 0.000000e+00 -0.000000e+00 1.000000e+00
    outer loop
      vertex 1.311980e+02 -3.150560e+01 0.000000e+00
      vertex 1.315950e+02 -3.142650e+01 0.000000e+00
      vertex 1.273270e+02 -1.388020e+01 0.000000e+00
    endloop
  endfacet
  facet normal 0.000000e+00 -0.000000e+00 1.000000e+00
    outer loop
      vertex 1.315950e+02 -3.142650e+01 0.000000e+00
      vertex 1.320000e+02 -3.140000e+01 0.000000e+00
      vertex 1.291230e+02 -1.352300e+01 0.000000e+00
    endloop
  endfacet
  facet normal -0.000000e+00 -0.000000e+00 1.000000e+00
    outer loop
      vertex 1.320000e+02 -3.140000e+01 0.000000e+00
      vertex 1.324050e+02 -3.142650e+01 0.000000e+00
      vertex 1.291230e+02 -1.352300e+01 0.000000e+00
    endloop
  endfacet
  facet normal -0.000000e+00 -0.000000e+00 1.000000e+00
    outer loop
      vertex 1.324050e+02 -3.142650e+01 0.000000e+00
      vertex 1.328020e+02 -3.150560e+01 0.000000e+00
      vertex 1.308580e+02 -1.293430e+01 0.000000e+00
    endloop
  endfacet
  facet normal -0.000000e+00 -0.000000e+00 1.000000e+00
    outer loop
      vertex 1.331860e+02 -3.163600e+01 0.000000e+00
      vertex 1.335500e+02 -3.181530e+01 0.000000e+00
      vertex 1.325000e+02 -1.212440e+01 0.000000e+00
    endloop
  endfacet
  facet normal 0.000000e+00 0.000000e+00 1.000000e+00
    outer loop
      vertex 1.331860e+02 -3.163600e+01 0.000000e+00
      vertex 1.325000e+02 -1.212440e+01 0.000000e+00
      vertex 1.328020e+02 -3.150560e+01 0.000000e+00
    endloop
  endfacet
  facet normal 0.000000e+00 0.000000e+00 1.000000e+00
    outer loop
      vertex 1.341920e+02 -3.230800e+01 0.000000e+00
      vertex 1.340230e+02 -1.110690e+01 0.000000e+00
      vertex 1.338870e+02 -3.204060e+01 0.000000e+00
    endloop
  endfacet
  facet normal 0.000000e+00 -0.000000e+00 1.000000e+00
    outer loop
      vertex 1.338870e+02 -3.204060e+01 0.000000e+00
      vertex 1.340230e+02 -1.110690e+01 0.000000e+00
      vertex 1.335500e+02 -3.181530e+01 0.000000e+00
    endloop
  endfacet
  facet normal 0.000000e+00 -0.000000e+00 1.000000e+00
    outer loop
      vertex 1.350730e+02 -3.409540e+01 0.000000e+00
      vertex 1.366070e+02 -8.522660e+00 0.000000e+00
      vertex 1.349940e+02 -3.369770e+01 0.000000e+00
    endloop
  endfacet
  facet normal 0.000000e+00 -0.000000e+00 1.000000e+00
    outer loop
      vertex 1.349940e+02 -3.369770e+01 0.000000e+00
      vertex 1.366070e+02 -8.522660e+00 0.000000e+00
      vertex 1.348640e+02 -3.331370e+01 0.000000e+00
    endloop
  endfacet
  facet normal 0.000000e+00 -0.000000e+00 1.000000e+00
    outer loop
      vertex 1.344590e+02 -3.261280e+01 0.000000e+00
      vertex 1.353990e+02 -9.899490e+00 0.000000e+00
      vertex 1.341920e+02 -3.230800e+01 0.000000e+00
    endloop
  endfacet
  facet normal 0.000000e+00 -0.000000e+00 1.000000e+00
    outer loop
      vertex 1.348640e+02 -3.331370e+01 0.000000e+00
      vertex 1.366070e+02 -8.522660e+00 0.000000e+00
      vertex 1.346850e+02 -3.295000e+01 0.000000e+00
    endloop
  endfacet
  facet normal 0.000000e+00 -0.000000e+00 1.000000e+00
    outer loop
      vertex 1.346850e+02 -3.295000e+01 0.000000e+00
      vertex 1.366070e+02 -8.522660e+00 0.000000e+00
      vertex 1.344590e+02 -3.261280e+01 0.000000e+00
    endloop
  endfacet
  facet normal 0.000000e+00 0.000000e+00 -1.000000e+00
    outer loop
      vertex 1.550000e+02 -4.300000e+01 -4.000000e+00
      vertex 1.346850e+02 -3.295000e+01 -4.000000e+00
      vertex 1.366070e+02 -8.522660e+00 -4.000000e+00
    endloop
  endfacet
  facet normal 0.000000e+00 0.000000e+00 1.000000e+00
    outer loop
      vertex 1.530000e+02 -4.500000e+01 0.000000e+00
      vertex 1.366070e+02 -8.522660e+00 0.000000e+00
      vertex 1.350730e+02 -3.409540e+01 0.000000e+00
    endloop
  endfacet
  facet normal 0.000000e+00 0.000000e+00 -1.000000e+00
    outer loop
      vertex 5.576100e+01 -3.350830e+01 -4.000000e+00
      vertex 1.116200e+02 -1.827370e+00 -4.000000e+00
      vertex 1.008080e+02 -3.230800e+01 -4.000000e+00
    endloop
  endfacet
  facet normal 0.000000e+00 0.000000e+00 1.000000e+00
    outer loop
      vertex 5.625000e+01 -3.450000e+01 0.000000e+00
      vertex 1.008080e+02 -3.230800e+01 0.000000e+00
      vertex 1.115000e+02 0.000000e+00 0.000000e+00
    endloop
  endfacet
  facet normal 0.000000e+00 0.000000e+00 -1.000000e+00
    outer loop
      vertex 5.576100e+01 -3.350830e+01 -4.000000e+00
      vertex 1.115000e+02 0.000000e+00 -4.000000e+00
      vertex 1.116200e+02 -1.827370e+00 -4.000000e+00
    endloop
  endfacet
  facet normal 0.000000e+00 0.000000e+00 -1.000000e+00
    outer loop
      vertex 1.014500e+02 -3.181530e+01 -4.000000e+00
      vertex 1.125660e+02 -5.357570e+00 -4.000000e+00
      vertex 1.018140e+02 -3.163600e+01 -4.000000e+00
    endloop
  endfacet
  facet normal 0.000000e+00 0.000000e+00 -1.000000e+00
    outer loop
      vertex 1.021980e+02 -3.150560e+01 -4.000000e+00
      vertex 1.133760e+02 -7.000000e+00 -4.000000e+00
      vertex 1.025950e+02 -3.142650e+01 -4.000000e+00
    endloop
  endfacet
  facet normal 0.000000e+00 0.000000e+00 -1.000000e+00
    outer loop
      vertex 1.018140e+02 -3.163600e+01 -4.000000e+00
      vertex 1.125660e+02 -5.357570e+00 -4.000000e+00
      vertex 1.021980e+02 -3.150560e+01 -4.000000e+00
    endloop
  endfacet
  facet normal 0.000000e+00 0.000000e+00 -1.000000e+00
    outer loop
      vertex 1.011130e+02 -3.204060e+01 -4.000000e+00
      vertex 1.119770e+02 -3.623470e+00 -4.000000e+00
      vertex 1.014500e+02 -3.181530e+01 -4.000000e+00
    endloop
  endfacet
  facet normal 0.000000e+00 0.000000e+00 -1.000000e+00
    outer loop
      vertex 1.008080e+02 -3.230800e+01 -4.000000e+00
      vertex 1.116200e+02 -1.827370e+00 -4.000000e+00
      vertex 1.011130e+02 -3.204060e+01 -4.000000e+00
    endloop
  endfacet
  facet normal 0.000000e+00 0.000000e+00 -1.000000e+00
    outer loop
      vertex 1.051920e+02 -3.230800e+01 -4.000000e+00
      vertex 1.185000e+02 -1.212440e+01 -4.000000e+00
      vertex 1.201420e+02 -1.293430e+01 -4.000000e+00
    endloop
  endfacet
  facet normal 0.000000e+00 0.000000e+00 -1.000000e+00
    outer loop
      vertex 1.056850e+02 -3.295000e+01 -4.000000e+00
      vertex 1.201420e+02 -1.293430e+01 -4.000000e+00
      vertex 1.218770e+02 -1.352300e+01 -4.000000e+00
    endloop
  endfacet
  facet normal 0.000000e+00 0.000000e+00 -1.000000e+00
    outer loop
      vertex 1.045500e+02 -3.181530e+01 -4.000000e+00
      vertex 1.169770e+02 -1.110690e+01 -4.000000e+00
      vertex 1.185000e+02 -1.212440e+01 -4.000000e+00
    endloop
  endfacet
  facet normal 0.000000e+00 0.000000e+00 1.000000e+00
    outer loop
      vertex 1.008080e+02 -3.230800e+01 0.000000e+00
      vertex 1.011130e+02 -3.204060e+01 0.000000e+00
      vertex 1.115000e+02 0.000000e+00 0.000000e+00
    endloop
  endfacet
  facet normal 0.000000e+00 0.000000e+00 1.000000e+00
    outer loop
      vertex 1.011130e+02 -3.204060e+01 0.000000e+00
      vertex 1.014500e+02 -3.181530e+01 0.000000e+00
      vertex 1.115000e+02 0.000000e+00 0.000000e+00
    endloop
  endfacet
  facet normal 0.000000e+00 0.000000e+00 1.000000e+00
    outer loop
      vertex 1.014500e+02 -3.181530e+01 0.000000e+00
      vertex 1.018140e+02 -3.163600e+01 0.000000e+00
      vertex 1.115000e+02 0.000000e+00 0.000000e+00
    endloop
  endfacet
  facet normal 0.000000e+00 0.000000e+00 1.000000e+00
    outer loop
      vertex 1.018140e+02 -3.163600e+01 0.000000e+00
      vertex 1.021980e+02 -3.150560e+01 0.000000e+00
      vertex 1.115000e+02 0.000000e+00 0.000000e+00
    endloop
  endfacet
  facet normal 0.000000e+00 0.000000e+00 1.000000e+00
    outer loop
      vertex 1.021980e+02 -3.150560e+01 0.000000e+00
      vertex 1.025950e+02 -3.142650e+01 0.000000e+00
      vertex 1.115000e+02 0.000000e+00 0.000000e+00
    endloop
  endfacet
  facet normal 0.000000e+00 0.000000e+00 1.000000e+00
    outer loop
      vertex 1.025950e+02 -3.142650e+01 0.000000e+00
      vertex 1.030000e+02 -3.140000e+01 0.000000e+00
      vertex 1.115000e+02 0.000000e+00 0.000000e+00
    endloop
  endfacet
  facet normal -0.000000e+00 0.000000e+00 1.000000e+00
    outer loop
      vertex 1.034050e+02 -3.142650e+01 0.000000e+00
      vertex 1.038020e+02 -3.150560e+01 0.000000e+00
      vertex 1.115000e+02 0.000000e+00 0.000000e+00
    endloop
  endfacet
  facet normal -0.000000e+00 0.000000e+00 1.000000e+00
    outer loop
      vertex 1.030000e+02 -3.140000e+01 0.000000e+00
      vertex 1.034050e+02 -3.142650e+01 0.000000e+00
      vertex 1.115000e+02 0.000000e+00 0.000000e+00
    endloop
  endfacet
  facet normal -0.000000e+00 0.000000e+00 1.000000e+00
    outer loop
      vertex 1.038020e+02 -3.150560e+01 0.000000e+00
      vertex 1.041860e+02 -3.163600e+01 0.000000e+00
      vertex 1.115000e+02 0.000000e+00 0.000000e+00
    endloop
  endfacet
  facet normal 0.000000e+00 -0.000000e+00 1.000000e+00
    outer loop
      vertex 1.061000e+02 -3.450000e+01 0.000000e+00
      vertex 1.115000e+02 0.000000e+00 0.000000e+00
      vertex 1.060730e+02 -3.409540e+01 0.000000e+00
    endloop
  endfacet
  facet normal 0.000000e+00 -0.000000e+00 1.000000e+00
    outer loop
      vertex 1.058640e+02 -3.331370e+01 0.000000e+00
      vertex 1.115000e+02 0.000000e+00 0.000000e+00
      vertex 1.056850e+02 -3.295000e+01 0.000000e+00
    endloop
  endfacet
  facet normal 0.000000e+00 -0.000000e+00 1.000000e+00
    outer loop
      vertex 1.060730e+02 -3.409540e+01 0.000000e+00
      vertex 1.115000e+02 0.000000e+00 0.000000e+00
      vertex 1.059940e+02 -3.369770e+01 0.000000e+00
    endloop
  endfacet
  facet normal 0.000000e+00 -0.000000e+00 1.000000e+00
    outer loop
      vertex 1.059940e+02 -3.369770e+01 0.000000e+00
      vertex 1.115000e+02 0.000000e+00 0.000000e+00
      vertex 1.058640e+02 -3.331370e+01 0.000000e+00
    endloop
  endfacet
  facet normal 0.000000e+00 -0.000000e+00 1.000000e+00
    outer loop
      vertex 1.056850e+02 -3.295000e+01 0.000000e+00
      vertex 1.115000e+02 0.000000e+00 0.000000e+00
      vertex 1.054590e+02 -3.261280e+01 0.000000e+00
    endloop
  endfacet
  facet normal 0.000000e+00 -0.000000e+00 1.000000e+00
    outer loop
      vertex 1.054590e+02 -3.261280e+01 0.000000e+00
      vertex 1.115000e+02 0.000000e+00 0.000000e+00
      vertex 1.051920e+02 -3.230800e+01 0.000000e+00
    endloop
  endfacet
  facet normal 0.000000e+00 -0.000000e+00 1.000000e+00
    outer loop
      vertex 1.051920e+02 -3.230800e+01 0.000000e+00
      vertex 1.115000e+02 0.000000e+00 0.000000e+00
      vertex 1.048870e+02 -3.204060e+01 0.000000e+00
    endloop
  endfacet
  facet normal 0.000000e+00 -0.000000e+00 1.000000e+00
    outer loop
      vertex 1.045500e+02 -3.181530e+01 0.000000e+00
      vertex 1.115000e+02 0.000000e+00 0.000000e+00
      vertex 1.041860e+02 -3.163600e+01 0.000000e+00
    endloop
  endfacet
  facet normal 0.000000e+00 -0.000000e+00 1.000000e+00
    outer loop
      vertex 1.048870e+02 -3.204060e+01 0.000000e+00
      vertex 1.115000e+02 0.000000e+00 0.000000e+00
      vertex 1.045500e+02 -3.181530e+01 0.000000e+00
    endloop
  endfacet
  facet normal 0.000000e+00 0.000000e+00 1.000000e+00
    outer loop
      vertex 1.061000e+02 -3.450000e+01 0.000000e+00
      vertex 1.201420e+02 -1.293430e+01 0.000000e+00
      vertex 1.185000e+02 -1.212440e+01 0.000000e+00
    endloop
  endfacet
  facet normal 0.000000e+00 0.000000e+00 1.000000e+00
    outer loop
      vertex 1.061000e+02 -3.450000e+01 0.000000e+00
      vertex 1.218770e+02 -1.352300e+01 0.000000e+00
      vertex 1.201420e+02 -1.293430e+01 0.000000e+00
    endloop
  endfacet
  facet normal 0.000000e+00 0.000000e+00 1.000000e+00
    outer loop
      vertex 1.061000e+02 -3.450000e+01 0.000000e+00
      vertex 1.185000e+02 -1.212440e+01 0.000000e+00
      vertex 1.169770e+02 -1.110690e+01 0.000000e+00
    endloop
  endfacet
  facet normal 0.000000e+00 0.000000e+00 1.000000e+00
    outer loop
      vertex 1.061000e+02 -3.450000e+01 0.000000e+00
      vertex 1.169770e+02 -1.110690e+01 0.000000e+00
      vertex 1.156010e+02 -9.899490e+00 0.000000e+00
    endloop
  endfacet
  facet normal 0.000000e+00 0.000000e+00 1.000000e+00
    outer loop
      vertex 1.061000e+02 -3.450000e+01 0.000000e+00
      vertex 1.156010e+02 -9.899490e+00 0.000000e+00
      vertex 1.143930e+02 -8.522660e+00 0.000000e+00
    endloop
  endfacet
  facet normal 0.000000e+00 0.000000e+00 -1.000000e+00
    outer loop
      vertex 1.034050e+02 -3.142650e+01 -4.000000e+00
      vertex 1.143930e+02 -8.522660e+00 -4.000000e+00
      vertex 1.156010e+02 -9.899490e+00 -4.000000e+00
    endloop
  endfacet
  facet normal 0.000000e+00 0.000000e+00 -1.000000e+00
    outer loop
      vertex 1.025950e+02 -3.142650e+01 -4.000000e+00
      vertex 1.133760e+02 -7.000000e+00 -4.000000e+00
      vertex 1.143930e+02 -8.522660e+00 -4.000000e+00
    endloop
  endfacet
  facet normal 0.000000e+00 0.000000e+00 -1.000000e+00
    outer loop
      vertex 1.041860e+02 -3.163600e+01 -4.000000e+00
      vertex 1.156010e+02 -9.899490e+00 -4.000000e+00
      vertex 1.169770e+02 -1.110690e+01 -4.000000e+00
    endloop
  endfacet
  facet normal 0.000000e+00 0.000000e+00 -1.000000e+00
    outer loop
      vertex 1.014500e+02 -3.181530e+01 -4.000000e+00
      vertex 1.119770e+02 -3.623470e+00 -4.000000e+00
      vertex 1.125660e+02 -5.357570e+00 -4.000000e+00
    endloop
  endfacet
  facet normal 0.000000e+00 0.000000e+00 -1.000000e+00
    outer loop
      vertex 1.021980e+02 -3.150560e+01 -4.000000e+00
      vertex 1.125660e+02 -5.357570e+00 -4.000000e+00
      vertex 1.133760e+02 -7.000000e+00 -4.000000e+00
    endloop
  endfacet
  facet normal 0.000000e+00 0.000000e+00 -1.000000e+00
    outer loop
      vertex 1.011130e+02 -3.204060e+01 -4.000000e+00
      vertex 1.116200e+02 -1.827370e+00 -4.000000e+00
      vertex 1.119770e+02 -3.623470e+00 -4.000000e+00
    endloop
  endfacet
  facet normal 0.000000e+00 0.000000e+00 1.000000e+00
    outer loop
      vertex 1.061000e+02 -3.450000e+01 0.000000e+00
      vertex 1.143930e+02 -8.522660e+00 0.000000e+00
      vertex 1.133760e+02 -7.000000e+00 0.000000e+00
    endloop
  endfacet
  facet normal 0.000000e+00 0.000000e+00 1.000000e+00
    outer loop
      vertex 1.061000e+02 -3.450000e+01 0.000000e+00
      vertex 1.133760e+02 -7.000000e+00 0.000000e+00
      vertex 1.125660e+02 -5.357570e+00 0.000000e+00
    endloop
  endfacet
  facet normal 0.000000e+00 0.000000e+00 1.000000e+00
    outer loop
      vertex 1.061000e+02 -3.450000e+01 0.000000e+00
      vertex 1.125660e+02 -5.357570e+00 0.000000e+00
      vertex 1.119770e+02 -3.623470e+00 0.000000e+00
    endloop
  endfacet
  facet normal 0.000000e+00 0.000000e+00 1.000000e+00
    outer loop
      vertex 1.061000e+02 -3.450000e+01 0.000000e+00
      vertex 1.119770e+02 -3.623470e+00 0.000000e+00
      vertex 1.116200e+02 -1.827370e+00 0.000000e+00
    endloop
  endfacet
  facet normal 0.000000e+00 0.000000e+00 1.000000e+00
    outer loop
      vertex 1.061000e+02 -3.450000e+01 0.000000e+00
      vertex 1.116200e+02 -1.827370e+00 0.000000e+00
      vertex 1.115000e+02 0.000000e+00 0.000000e+00
    endloop
  endfacet
  facet normal 6.595591e-01 7.516527e-01 -0.000000e+00
    outer loop
      vertex 1.156010e+02 -9.899490e+00 -4.000000e+00
      vertex 1.156010e+02 -9.899490e+00 0.000000e+00
      vertex 1.169770e+02 -1.110690e+01 -4.000000e+00
    endloop
  endfacet
  facet normal 7.516902e-01 6.595163e-01 -0.000000e+00
    outer loop
      vertex 1.156010e+02 -9.899490e+00 -4.000000e+00
      vertex 1.143930e+02 -8.522660e+00 -4.000000e+00
      vertex 1.156010e+02 -9.899490e+00 0.000000e+00
    endloop
  endfacet
  facet normal 7.516902e-01 6.595163e-01 -0.000000e+00
    outer loop
      vertex 1.143930e+02 -8.522660e+00 -4.000000e+00
      vertex 1.143930e+02 -8.522660e+00 0.000000e+00
      vertex 1.156010e+02 -9.899490e+00 0.000000e+00
    endloop
  endfacet
  facet normal 8.315732e-01 5.554151e-01 -0.000000e+00
    outer loop
      vertex 1.143930e+02 -8.522660e+00 -4.000000e+00
      vertex 1.133760e+02 -7.000000e+00 -4.000000e+00
      vertex 1.143930e+02 -8.522660e+00 0.000000e+00
    endloop
  endfacet
  facet normal 8.968639e-01 4.423066e-01 -0.000000e+00
    outer loop
      vertex 1.133760e+02 -7.000000e+00 -4.000000e+00
      vertex 1.125660e+02 -5.357570e+00 -4.000000e+00
      vertex 1.133760e+02 -7.000000e+00 0.000000e+00
    endloop
  endfacet
  facet normal 8.315732e-01 5.554151e-01 -0.000000e+00
    outer loop
      vertex 1.133760e+02 -7.000000e+00 -4.000000e+00
      vertex 1.133760e+02 -7.000000e+00 0.000000e+00
      vertex 1.143930e+02 -8.522660e+00 0.000000e+00
    endloop
  endfacet
  facet normal 8.968639e-01 4.423066e-01 0.000000e+00
    outer loop
      vertex 1.133760e+02 -7.000000e+00 0.000000e+00
      vertex 1.125660e+02 -5.357570e+00 -4.000000e+00
      vertex 1.125660e+02 -5.357570e+00 0.000000e+00
    endloop
  endfacet
  facet normal 9.468708e-01 3.216142e-01 -0.000000e+00
    outer loop
      vertex 1.125660e+02 -5.357570e+00 -4.000000e+00
      vertex 1.119770e+02 -3.623470e+00 -4.000000e+00
      vertex 1.125660e+02 -5.357570e+00 0.000000e+00
    endloop
  endfacet
  facet normal 9.808137e-01 1.949475e-01 -0.000000e+00
    outer loop
      vertex 1.119770e+02 -3.623470e+00 -4.000000e+00
      vertex 1.116200e+02 -1.827370e+00 -4.000000e+00
      vertex 1.119770e+02 -3.623470e+00 0.000000e+00
    endloop
  endfacet
  facet normal 9.468708e-01 3.216142e-01 -0.000000e+00
    outer loop
      vertex 1.119770e+02 -3.623470e+00 -4.000000e+00
      vertex 1.119770e+02 -3.623470e+00 0.000000e+00
      vertex 1.125660e+02 -5.357570e+00 0.000000e+00
    endloop
  endfacet
  facet normal 9.978507e-01 6.552850e-02 -0.000000e+00
    outer loop
      vertex 1.116200e+02 -1.827370e+00 -4.000000e+00
      vertex 1.115000e+02 0.000000e+00 -4.000000e+00
      vertex 1.116200e+02 -1.827370e+00 0.000000e+00
    endloop
  endfacet
  facet normal 9.808137e-01 1.949475e-01 -0.000000e+00
    outer loop
      vertex 1.116200e+02 -1.827370e+00 -4.000000e+00
      vertex 1.116200e+02 -1.827370e+00 0.000000e+00
      vertex 1.119770e+02 -3.623470e+00 0.000000e+00
    endloop
  endfacet
  facet normal 9.978507e-01 6.552850e-02 0.000000e+00
    outer loop
      vertex 1.116200e+02 -1.827370e+00 0.000000e+00
      vertex 1.115000e+02 0.000000e+00 -4.000000e+00
      vertex 1.115000e+02 0.000000e+00 0.000000e+00
    endloop
  endfacet
  facet normal 0.000000e+00 0.000000e+00 -1.000000e+00
    outer loop
      vertex 1.289000e+02 -3.450000e+01 -4.000000e+00
      vertex 1.218770e+02 -1.352300e+01 -4.000000e+00
      vertex 1.236730e+02 -1.388020e+01 -4.000000e+00
    endloop
  endfacet
  facet normal 0.000000e+00 0.000000e+00 -1.000000e+00
    outer loop
      vertex 1.289000e+02 -3.450000e+01 -4.000000e+00
      vertex 1.236730e+02 -1.388020e+01 -4.000000e+00
      vertex 1.255000e+02 -1.400000e+01 -4.000000e+00
    endloop
  endfacet
  facet normal 0.000000e+00 0.000000e+00 -1.000000e+00
    outer loop
      vertex 1.289000e+02 -3.450000e+01 -4.000000e+00
      vertex 1.255000e+02 -1.400000e+01 -4.000000e+00
      vertex 1.273270e+02 -1.388020e+01 -4.000000e+00
    endloop
  endfacet
  facet normal 0.000000e+00 0.000000e+00 -1.000000e+00
    outer loop
      vertex 1.315950e+02 -3.142650e+01 -4.000000e+00
      vertex 1.273270e+02 -1.388020e+01 -4.000000e+00
      vertex 1.291230e+02 -1.352300e+01 -4.000000e+00
    endloop
  endfacet
  facet normal 0.000000e+00 0.000000e+00 -1.000000e+00
    outer loop
      vertex 1.324050e+02 -3.142650e+01 -4.000000e+00
      vertex 1.291230e+02 -1.352300e+01 -4.000000e+00
      vertex 1.308580e+02 -1.293430e+01 -4.000000e+00
    endloop
  endfacet
  facet normal 0.000000e+00 0.000000e+00 -1.000000e+00
    outer loop
      vertex 1.328020e+02 -3.150560e+01 -4.000000e+00
      vertex 1.308580e+02 -1.293430e+01 -4.000000e+00
      vertex 1.325000e+02 -1.212440e+01 -4.000000e+00
    endloop
  endfacet
  facet normal 0.000000e+00 0.000000e+00 -1.000000e+00
    outer loop
      vertex 1.335500e+02 -3.181530e+01 -4.000000e+00
      vertex 1.325000e+02 -1.212440e+01 -4.000000e+00
      vertex 1.340230e+02 -1.110690e+01 -4.000000e+00
    endloop
  endfacet
  facet normal 0.000000e+00 0.000000e+00 -1.000000e+00
    outer loop
      vertex 1.341920e+02 -3.230800e+01 -4.000000e+00
      vertex 1.340230e+02 -1.110690e+01 -4.000000e+00
      vertex 1.353990e+02 -9.899490e+00 -4.000000e+00
    endloop
  endfacet
  facet normal 0.000000e+00 0.000000e+00 1.000000e+00
    outer loop
      vertex 1.295410e+02 -3.261280e+01 0.000000e+00
      vertex 1.236730e+02 -1.388020e+01 0.000000e+00
      vertex 1.218770e+02 -1.352300e+01 0.000000e+00
    endloop
  endfacet
  facet normal 0.000000e+00 0.000000e+00 1.000000e+00
    outer loop
      vertex 1.301130e+02 -3.204060e+01 0.000000e+00
      vertex 1.255000e+02 -1.400000e+01 0.000000e+00
      vertex 1.236730e+02 -1.388020e+01 0.000000e+00
    endloop
  endfacet
  facet normal 0.000000e+00 0.000000e+00 1.000000e+00
    outer loop
      vertex 1.308140e+02 -3.163600e+01 0.000000e+00
      vertex 1.273270e+02 -1.388020e+01 0.000000e+00
      vertex 1.255000e+02 -1.400000e+01 0.000000e+00
    endloop
  endfacet
  facet normal 0.000000e+00 0.000000e+00 1.000000e+00
    outer loop
      vertex 1.315950e+02 -3.142650e+01 0.000000e+00
      vertex 1.291230e+02 -1.352300e+01 0.000000e+00
      vertex 1.273270e+02 -1.388020e+01 0.000000e+00
    endloop
  endfacet
  facet normal 0.000000e+00 0.000000e+00 1.000000e+00
    outer loop
      vertex 1.324050e+02 -3.142650e+01 0.000000e+00
      vertex 1.308580e+02 -1.293430e+01 0.000000e+00
      vertex 1.291230e+02 -1.352300e+01 0.000000e+00
    endloop
  endfacet
  facet normal 0.000000e+00 0.000000e+00 1.000000e+00
    outer loop
      vertex 1.328020e+02 -3.150560e+01 0.000000e+00
      vertex 1.325000e+02 -1.212440e+01 0.000000e+00
      vertex 1.308580e+02 -1.293430e+01 0.000000e+00
    endloop
  endfacet
  facet normal 0.000000e+00 -0.000000e+00 1.000000e+00
    outer loop
      vertex 1.335500e+02 -3.181530e+01 0.000000e+00
      vertex 1.340230e+02 -1.110690e+01 0.000000e+00
      vertex 1.325000e+02 -1.212440e+01 0.000000e+00
    endloop
  endfacet
  facet normal 0.000000e+00 -0.000000e+00 1.000000e+00
    outer loop
      vertex 1.341920e+02 -3.230800e+01 0.000000e+00
      vertex 1.353990e+02 -9.899490e+00 0.000000e+00
      vertex 1.340230e+02 -1.110690e+01 0.000000e+00
    endloop
  endfacet
  facet normal 0.000000e+00 0.000000e+00 -1.000000e+00
    outer loop
      vertex 1.344590e+02 -3.261280e+01 -4.000000e+00
      vertex 1.353990e+02 -9.899490e+00 -4.000000e+00
      vertex 1.366070e+02 -8.522660e+00 -4.000000e+00
    endloop
  endfacet
  facet normal 3.213151e-01 9.469723e-01 -0.000000e+00
    outer loop
      vertex 1.201420e+02 -1.293430e+01 -4.000000e+00
      vertex 1.201420e+02 -1.293430e+01 0.000000e+00
      vertex 1.218770e+02 -1.352300e+01 -4.000000e+00
    endloop
  endfacet
  facet normal 4.423574e-01 8.968389e-01 -0.000000e+00
    outer loop
      vertex 1.185000e+02 -1.212440e+01 -4.000000e+00
      vertex 1.185000e+02 -1.212440e+01 0.000000e+00
      vertex 1.201420e+02 -1.293430e+01 -4.000000e+00
    endloop
  endfacet
  facet normal 1.950664e-01 9.807900e-01 -0.000000e+00
    outer loop
      vertex 1.218770e+02 -1.352300e+01 -4.000000e+00
      vertex 1.218770e+02 -1.352300e+01 0.000000e+00
      vertex 1.236730e+02 -1.388020e+01 -4.000000e+00
    endloop
  endfacet
  facet normal 6.543113e-02 9.978571e-01 0.000000e+00
    outer loop
      vertex 1.255000e+02 -1.400000e+01 -4.000000e+00
      vertex 1.236730e+02 -1.388020e+01 -4.000000e+00
      vertex 1.236730e+02 -1.388020e+01 0.000000e+00
    endloop
  endfacet
  facet normal 5.555182e-01 8.315044e-01 -0.000000e+00
    outer loop
      vertex 1.185000e+02 -1.212440e+01 -4.000000e+00
      vertex 1.169770e+02 -1.110690e+01 0.000000e+00
      vertex 1.185000e+02 -1.212440e+01 0.000000e+00
    endloop
  endfacet
  facet normal 4.423574e-01 8.968389e-01 -0.000000e+00
    outer loop
      vertex 1.201420e+02 -1.293430e+01 -4.000000e+00
      vertex 1.185000e+02 -1.212440e+01 0.000000e+00
      vertex 1.201420e+02 -1.293430e+01 0.000000e+00
    endloop
  endfacet
  facet normal 3.213151e-01 9.469723e-01 -0.000000e+00
    outer loop
      vertex 1.218770e+02 -1.352300e+01 -4.000000e+00
      vertex 1.201420e+02 -1.293430e+01 0.000000e+00
      vertex 1.218770e+02 -1.352300e+01 0.000000e+00
    endloop
  endfacet
  facet normal 1.950664e-01 9.807900e-01 -0.000000e+00
    outer loop
      vertex 1.236730e+02 -1.388020e+01 -4.000000e+00
      vertex 1.218770e+02 -1.352300e+01 0.000000e+00
      vertex 1.236730e+02 -1.388020e+01 0.000000e+00
    endloop
  endfacet
  facet normal 6.543113e-02 9.978571e-01 -0.000000e+00
    outer loop
      vertex 1.255000e+02 -1.400000e+01 -4.000000e+00
      vertex 1.236730e+02 -1.388020e+01 0.000000e+00
      vertex 1.255000e+02 -1.400000e+01 0.000000e+00
    endloop
  endfacet
  facet normal 0.000000e+00 0.000000e+00 1.000000e+00
    outer loop
      vertex 1.344590e+02 -3.261280e+01 0.000000e+00
      vertex 1.366070e+02 -8.522660e+00 0.000000e+00
      vertex 1.353990e+02 -9.899490e+00 0.000000e+00
    endloop
  endfacet
  facet normal -6.543113e-02 9.978571e-01 0.000000e+00
    outer loop
      vertex 1.255000e+02 -1.400000e+01 -4.000000e+00
      vertex 1.255000e+02 -1.400000e+01 0.000000e+00
      vertex 1.273270e+02 -1.388020e+01 -4.000000e+00
    endloop
  endfacet
  facet normal -1.950664e-01 9.807900e-01 0.000000e+00
    outer loop
      vertex 1.273270e+02 -1.388020e+01 -4.000000e+00
      vertex 1.273270e+02 -1.388020e+01 0.000000e+00
      vertex 1.291230e+02 -1.352300e+01 -4.000000e+00
    endloop
  endfacet
  facet normal -3.213151e-01 9.469723e-01 0.000000e+00
    outer loop
      vertex 1.291230e+02 -1.352300e+01 -4.000000e+00
      vertex 1.291230e+02 -1.352300e+01 0.000000e+00
      vertex 1.308580e+02 -1.293430e+01 -4.000000e+00
    endloop
  endfacet
  facet normal -4.423574e-01 8.968389e-01 0.000000e+00
    outer loop
      vertex 1.308580e+02 -1.293430e+01 -4.000000e+00
      vertex 1.308580e+02 -1.293430e+01 0.000000e+00
      vertex 1.325000e+02 -1.212440e+01 -4.000000e+00
    endloop
  endfacet
  facet normal -5.555201e-01 8.315031e-01 0.000000e+00
    outer loop
      vertex 1.325000e+02 -1.212440e+01 -4.000000e+00
      vertex 1.325000e+02 -1.212440e+01 0.000000e+00
      vertex 1.340230e+02 -1.110690e+01 -4.000000e+00
    endloop
  endfacet
  facet normal -6.543113e-02 9.978571e-01 0.000000e+00
    outer loop
      vertex 1.273270e+02 -1.388020e+01 -4.000000e+00
      vertex 1.255000e+02 -1.400000e+01 0.000000e+00
      vertex 1.273270e+02 -1.388020e+01 0.000000e+00
    endloop
  endfacet
  facet normal -1.950664e-01 9.807900e-01 0.000000e+00
    outer loop
      vertex 1.291230e+02 -1.352300e+01 -4.000000e+00
      vertex 1.273270e+02 -1.388020e+01 0.000000e+00
      vertex 1.291230e+02 -1.352300e+01 0.000000e+00
    endloop
  endfacet
  facet normal -3.213151e-01 9.469723e-01 0.000000e+00
    outer loop
      vertex 1.308580e+02 -1.293430e+01 -4.000000e+00
      vertex 1.291230e+02 -1.352300e+01 0.000000e+00
      vertex 1.308580e+02 -1.293430e+01 0.000000e+00
    endloop
  endfacet
  facet normal -4.423574e-01 8.968389e-01 0.000000e+00
    outer loop
      vertex 1.325000e+02 -1.212440e+01 -4.000000e+00
      vertex 1.308580e+02 -1.293430e+01 0.000000e+00
      vertex 1.325000e+02 -1.212440e+01 0.000000e+00
    endloop
  endfacet
  facet normal 0.000000e+00 0.000000e+00 -1.000000e+00
    outer loop
      vertex 1.550000e+02 -4.300000e+01 -4.000000e+00
      vertex 1.366070e+02 -8.522660e+00 -4.000000e+00
      vertex 1.376240e+02 -7.000000e+00 -4.000000e+00
    endloop
  endfacet
  facet normal 0.000000e+00 0.000000e+00 -1.000000e+00
    outer loop
      vertex 1.550000e+02 -4.300000e+01 -4.000000e+00
      vertex 1.376240e+02 -7.000000e+00 -4.000000e+00
      vertex 1.384340e+02 -5.357570e+00 -4.000000e+00
    endloop
  endfacet
  facet normal 0.000000e+00 0.000000e+00 1.000000e+00
    outer loop
      vertex 1.530000e+02 -4.500000e+01 0.000000e+00
      vertex 1.376240e+02 -7.000000e+00 0.000000e+00
      vertex 1.366070e+02 -8.522660e+00 0.000000e+00
    endloop
  endfacet
  facet normal 0.000000e+00 0.000000e+00 1.000000e+00
    outer loop
      vertex 1.530000e+02 -4.500000e+01 0.000000e+00
      vertex 1.384340e+02 -5.357570e+00 0.000000e+00
      vertex 1.376240e+02 -7.000000e+00 0.000000e+00
    endloop
  endfacet
  facet normal 0.000000e+00 0.000000e+00 1.000000e+00
    outer loop
      vertex 1.530000e+02 -4.500000e+01 0.000000e+00
      vertex 1.390230e+02 -3.623470e+00 0.000000e+00
      vertex 1.384340e+02 -5.357570e+00 0.000000e+00
    endloop
  endfacet
  facet normal 0.000000e+00 0.000000e+00 -1.000000e+00
    outer loop
      vertex 1.550000e+02 -4.300000e+01 -4.000000e+00
      vertex 1.384340e+02 -5.357570e+00 -4.000000e+00
      vertex 1.390230e+02 -3.623470e+00 -4.000000e+00
    endloop
  endfacet
  facet normal 0.000000e+00 0.000000e+00 -1.000000e+00
    outer loop
      vertex 1.550000e+02 -4.300000e+01 -4.000000e+00
      vertex 1.390230e+02 -3.623470e+00 -4.000000e+00
      vertex 1.393800e+02 -1.827370e+00 -4.000000e+00
    endloop
  endfacet
  facet normal 0.000000e+00 0.000000e+00 -1.000000e+00
    outer loop
      vertex 1.550000e+02 -4.300000e+01 -4.000000e+00
      vertex 1.393800e+02 -1.827370e+00 -4.000000e+00
      vertex 1.395000e+02 0.000000e+00 -4.000000e+00
    endloop
  endfacet
  facet normal 0.000000e+00 0.000000e+00 1.000000e+00
    outer loop
      vertex 1.530000e+02 -4.500000e+01 0.000000e+00
      vertex 1.393800e+02 -1.827370e+00 0.000000e+00
      vertex 1.390230e+02 -3.623470e+00 0.000000e+00
    endloop
  endfacet
  facet normal 0.000000e+00 0.000000e+00 1.000000e+00
    outer loop
      vertex 1.530000e+02 -4.500000e+01 0.000000e+00
      vertex 1.395000e+02 0.000000e+00 0.000000e+00
      vertex 1.393800e+02 -1.827370e+00 0.000000e+00
    endloop
  endfacet
  facet normal 7.071068e-01 -0.000000e+00 7.071068e-01
    outer loop
      vertex 1.550000e+02 -4.500000e+01 -2.000000e+00
      vertex 1.550000e+02 4.500000e+01 -2.000000e+00
      vertex 1.530000e+02 -4.500000e+01 0.000000e+00
    endloop
  endfacet
  facet normal 1.000000e+00 0.000000e+00 -0.000000e+00
    outer loop
      vertex 1.550000e+02 -4.300000e+01 -4.000000e+00
      vertex 1.550000e+02 4.500000e+01 -2.000000e+00
      vertex 1.550000e+02 -4.500000e+01 -2.000000e+00
    endloop
  endfacet
  facet normal 5.555182e-01 8.315044e-01 0.000000e+00
    outer loop
      vertex 1.185000e+02 -1.212440e+01 -4.000000e+00
      vertex 1.169770e+02 -1.110690e+01 -4.000000e+00
      vertex 1.169770e+02 -1.110690e+01 0.000000e+00
    endloop
  endfacet
  facet normal 6.595591e-01 7.516527e-01 0.000000e+00
    outer loop
      vertex 1.156010e+02 -9.899490e+00 0.000000e+00
      vertex 1.169770e+02 -1.110690e+01 0.000000e+00
      vertex 1.169770e+02 -1.110690e+01 -4.000000e+00
    endloop
  endfacet
  facet normal -6.595570e-01 7.516545e-01 0.000000e+00
    outer loop
      vertex 1.340230e+02 -1.110690e+01 -4.000000e+00
      vertex 1.340230e+02 -1.110690e+01 0.000000e+00
      vertex 1.353990e+02 -9.899490e+00 -4.000000e+00
    endloop
  endfacet
  facet normal -5.555201e-01 8.315031e-01 0.000000e+00
    outer loop
      vertex 1.325000e+02 -1.212440e+01 0.000000e+00
      vertex 1.340230e+02 -1.110690e+01 0.000000e+00
      vertex 1.340230e+02 -1.110690e+01 -4.000000e+00
    endloop
  endfacet
  facet normal -6.595570e-01 7.516545e-01 0.000000e+00
    outer loop
      vertex 1.353990e+02 -9.899490e+00 -4.000000e+00
      vertex 1.340230e+02 -1.110690e+01 0.000000e+00
      vertex 1.353990e+02 -9.899490e+00 0.000000e+00
    endloop
  endfacet
  facet normal -7.516923e-01 6.595140e-01 0.000000e+00
    outer loop
      vertex 1.353990e+02 -9.899490e+00 -4.000000e+00
      vertex 1.366070e+02 -8.522660e+00 0.000000e+00
      vertex 1.366070e+02 -8.522660e+00 -4.000000e+00
    endloop
  endfacet
  facet normal -7.516923e-01 6.595140e-01 0.000000e+00
    outer loop
      vertex 1.353990e+02 -9.899490e+00 -4.000000e+00
      vertex 1.353990e+02 -9.899490e+00 0.000000e+00
      vertex 1.366070e+02 -8.522660e+00 0.000000e+00
    endloop
  endfacet
  facet normal -8.315732e-01 5.554151e-01 0.000000e+00
    outer loop
      vertex 1.366070e+02 -8.522660e+00 -4.000000e+00
      vertex 1.376240e+02 -7.000000e+00 0.000000e+00
      vertex 1.376240e+02 -7.000000e+00 -4.000000e+00
    endloop
  endfacet
  facet normal -8.968606e-01 4.423133e-01 0.000000e+00
    outer loop
      vertex 1.376240e+02 -7.000000e+00 -4.000000e+00
      vertex 1.384340e+02 -5.357570e+00 0.000000e+00
      vertex 1.384340e+02 -5.357570e+00 -4.000000e+00
    endloop
  endfacet
  facet normal -8.315732e-01 5.554151e-01 0.000000e+00
    outer loop
      vertex 1.366070e+02 -8.522660e+00 -4.000000e+00
      vertex 1.366070e+02 -8.522660e+00 0.000000e+00
      vertex 1.376240e+02 -7.000000e+00 0.000000e+00
    endloop
  endfacet
  facet normal -8.968606e-01 4.423133e-01 0.000000e+00
    outer loop
      vertex 1.376240e+02 -7.000000e+00 -4.000000e+00
      vertex 1.376240e+02 -7.000000e+00 0.000000e+00
      vertex 1.384340e+02 -5.357570e+00 0.000000e+00
    endloop
  endfacet
  facet normal -9.468733e-01 3.216067e-01 0.000000e+00
    outer loop
      vertex 1.384340e+02 -5.357570e+00 -4.000000e+00
      vertex 1.390230e+02 -3.623470e+00 0.000000e+00
      vertex 1.390230e+02 -3.623470e+00 -4.000000e+00
    endloop
  endfacet
  facet normal -9.468733e-01 3.216067e-01 0.000000e+00
    outer loop
      vertex 1.384340e+02 -5.357570e+00 -4.000000e+00
      vertex 1.384340e+02 -5.357570e+00 0.000000e+00
      vertex 1.390230e+02 -3.623470e+00 0.000000e+00
    endloop
  endfacet
  facet normal -9.808121e-01 1.949555e-01 0.000000e+00
    outer loop
      vertex 1.390230e+02 -3.623470e+00 -4.000000e+00
      vertex 1.390230e+02 -3.623470e+00 0.000000e+00
      vertex 1.393800e+02 -1.827370e+00 0.000000e+00
    endloop
  endfacet
  facet normal -9.808121e-01 1.949555e-01 0.000000e+00
    outer loop
      vertex 1.390230e+02 -3.623470e+00 -4.000000e+00
      vertex 1.393800e+02 -1.827370e+00 0.000000e+00
      vertex 1.393800e+02 -1.827370e+00 -4.000000e+00
    endloop
  endfacet
  facet normal -9.978510e-01 6.552436e-02 0.000000e+00
    outer loop
      vertex 1.393800e+02 -1.827370e+00 -4.000000e+00
      vertex 1.395000e+02 0.000000e+00 0.000000e+00
      vertex 1.395000e+02 0.000000e+00 -4.000000e+00
    endloop
  endfacet
  facet normal -9.978510e-01 6.552436e-02 0.000000e+00
    outer loop
      vertex 1.393800e+02 -1.827370e+00 -4.000000e+00
      vertex 1.393800e+02 -1.827370e+00 0.000000e+00
      vertex 1.395000e+02 0.000000e+00 0.000000e+00
    endloop
  endfacet
  facet normal 0.000000e+00 0.000000e+00 -1.000000e+00
    outer loop
      vertex -1.110000e+02 0.000000e+00 -6.000000e+01
      vertex 1.116200e+02 1.827370e+00 -6.000000e+01
      vertex 1.115000e+02 0.000000e+00 -6.000000e+01
    endloop
  endfacet
  facet normal 0.000000e+00 0.000000e+00 -1.000000e+00
    outer loop
      vertex -1.111200e+02 1.827370e+00 -6.000000e+01
      vertex 1.119770e+02 3.623470e+00 -6.000000e+01
      vertex 1.116200e+02 1.827370e+00 -6.000000e+01
    endloop
  endfacet
  facet normal 0.000000e+00 0.000000e+00 -1.000000e+00
    outer loop
      vertex -1.114770e+02 3.623470e+00 -6.000000e+01
      vertex 1.125660e+02 5.357570e+00 -6.000000e+01
      vertex 1.119770e+02 3.623470e+00 -6.000000e+01
    endloop
  endfacet
  facet normal 0.000000e+00 0.000000e+00 1.000000e+00
    outer loop
      vertex -1.110000e+02 0.000000e+00 -5.600000e+01
      vertex 1.115000e+02 0.000000e+00 -5.600000e+01
      vertex 1.116200e+02 1.827370e+00 -5.600000e+01
    endloop
  endfacet
  facet normal 0.000000e+00 0.000000e+00 1.000000e+00
    outer loop
      vertex -1.111200e+02 1.827370e+00 -5.600000e+01
      vertex 1.116200e+02 1.827370e+00 -5.600000e+01
      vertex 1.119770e+02 3.623470e+00 -5.600000e+01
    endloop
  endfacet
  facet normal 0.000000e+00 0.000000e+00 1.000000e+00
    outer loop
      vertex -1.114770e+02 3.623470e+00 -5.600000e+01
      vertex 1.119770e+02 3.623470e+00 -5.600000e+01
      vertex 1.125660e+02 5.357570e+00 -5.600000e+01
    endloop
  endfacet
  facet normal 0.000000e+00 0.000000e+00 -1.000000e+00
    outer loop
      vertex -1.120660e+02 5.357570e+00 -6.000000e+01
      vertex 1.133760e+02 7.000000e+00 -6.000000e+01
      vertex 1.125660e+02 5.357570e+00 -6.000000e+01
    endloop
  endfacet
  facet normal 0.000000e+00 0.000000e+00 -1.000000e+00
    outer loop
      vertex -1.128760e+02 7.000000e+00 -6.000000e+01
      vertex 1.143930e+02 8.522660e+00 -6.000000e+01
      vertex 1.133760e+02 7.000000e+00 -6.000000e+01
    endloop
  endfacet
  facet normal 0.000000e+00 0.000000e+00 -1.000000e+00
    outer loop
      vertex -1.138930e+02 8.522660e+00 -6.000000e+01
      vertex 1.156010e+02 9.899490e+00 -6.000000e+01
      vertex 1.143930e+02 8.522660e+00 -6.000000e+01
    endloop
  endfacet
  facet normal 0.000000e+00 0.000000e+00 -1.000000e+00
    outer loop
      vertex -1.164770e+02 1.110690e+01 -6.000000e+01
      vertex 1.169770e+02 1.110690e+01 -6.000000e+01
      vertex 1.156010e+02 9.899490e+00 -6.000000e+01
    endloop
  endfacet
  facet normal 0.000000e+00 0.000000e+00 1.000000e+00
    outer loop
      vertex -1.120660e+02 5.357570e+00 -5.600000e+01
      vertex 1.125660e+02 5.357570e+00 -5.600000e+01
      vertex 1.133760e+02 7.000000e+00 -5.600000e+01
    endloop
  endfacet
  facet normal 0.000000e+00 0.000000e+00 1.000000e+00
    outer loop
      vertex -1.128760e+02 7.000000e+00 -5.600000e+01
      vertex 1.133760e+02 7.000000e+00 -5.600000e+01
      vertex 1.143930e+02 8.522660e+00 -5.600000e+01
    endloop
  endfacet
  facet normal 0.000000e+00 0.000000e+00 1.000000e+00
    outer loop
      vertex -1.138930e+02 8.522660e+00 -5.600000e+01
      vertex 1.143930e+02 8.522660e+00 -5.600000e+01
      vertex 1.156010e+02 9.899490e+00 -5.600000e+01
    endloop
  endfacet
  facet normal 0.000000e+00 0.000000e+00 1.000000e+00
    outer loop
      vertex -1.151010e+02 9.899490e+00 -5.600000e+01
      vertex 1.156010e+02 9.899490e+00 -5.600000e+01
      vertex 1.169770e+02 1.110690e+01 -5.600000e+01
    endloop
  endfacet
  facet normal 0.000000e+00 0.000000e+00 -1.000000e+00
    outer loop
      vertex -1.164770e+02 1.110690e+01 -6.000000e+01
      vertex 1.530000e+02 4.500000e+01 -6.000000e+01
      vertex 1.169770e+02 1.110690e+01 -6.000000e+01
    endloop
  endfacet
  facet normal 0.000000e+00 0.000000e+00 1.000000e+00
    outer loop
      vertex -1.164770e+02 1.110690e+01 -5.600000e+01
      vertex 1.169770e+02 1.110690e+01 -5.600000e+01
      vertex 1.550000e+02 4.300000e+01 -5.600000e+01
    endloop
  endfacet
  facet normal 0.000000e+00 7.071068e-01 -7.071068e-01
    outer loop
      vertex -1.530000e+02 4.700000e+01 -5.800000e+01
      vertex 1.530000e+02 4.700000e+01 -5.800000e+01
      vertex 1.530000e+02 4.500000e+01 -6.000000e+01
    endloop
  endfacet
  facet normal 0.000000e+00 -1.000000e+00 0.000000e+00
    outer loop
      vertex -1.550000e+02 4.300000e+01 -5.600000e+01
      vertex 1.550000e+02 4.300000e+01 -5.600000e+01
      vertex 1.550000e+02 4.300000e+01 -4.000000e+00
    endloop
  endfacet
  facet normal 9.978507e-01 -6.552850e-02 0.000000e+00
    outer loop
      vertex 1.115000e+02 0.000000e+00 -6.000000e+01
      vertex 1.116200e+02 1.827370e+00 -6.000000e+01
      vertex 1.115000e+02 0.000000e+00 -5.600000e+01
    endloop
  endfacet
  facet normal 9.808137e-01 -1.949475e-01 0.000000e+00
    outer loop
      vertex 1.116200e+02 1.827370e+00 -6.000000e+01
      vertex 1.119770e+02 3.623470e+00 -6.000000e+01
      vertex 1.116200e+02 1.827370e+00 -5.600000e+01
    endloop
  endfacet
  facet normal 9.978507e-01 -6.552850e-02 0.000000e+00
    outer loop
      vertex 1.116200e+02 1.827370e+00 -6.000000e+01
      vertex 1.116200e+02 1.827370e+00 -5.600000e+01
      vertex 1.115000e+02 0.000000e+00 -5.600000e+01
    endloop
  endfacet
  facet normal 9.468708e-01 -3.216142e-01 0.000000e+00
    outer loop
      vertex 1.119770e+02 3.623470e+00 -6.000000e+01
      vertex 1.125660e+02 5.357570e+00 -6.000000e+01
      vertex 1.119770e+02 3.623470e+00 -5.600000e+01
    endloop
  endfacet
  facet normal 9.808137e-01 -1.949475e-01 0.000000e+00
    outer loop
      vertex 1.119770e+02 3.623470e+00 -6.000000e+01
      vertex 1.119770e+02 3.623470e+00 -5.600000e+01
      vertex 1.116200e+02 1.827370e+00 -5.600000e+01
    endloop
  endfacet
  facet normal 9.468708e-01 -3.216142e-01 0.000000e+00
    outer loop
      vertex 1.125660e+02 5.357570e+00 -6.000000e+01
      vertex 1.125660e+02 5.357570e+00 -5.600000e+01
      vertex 1.119770e+02 3.623470e+00 -5.600000e+01
    endloop
  endfacet
  facet normal 8.968639e-01 -4.423066e-01 0.000000e+00
    outer loop
      vertex 1.125660e+02 5.357570e+00 -6.000000e+01
      vertex 1.133760e+02 7.000000e+00 -6.000000e+01
      vertex 1.125660e+02 5.357570e+00 -5.600000e+01
    endloop
  endfacet
  facet normal 8.315732e-01 -5.554151e-01 0.000000e+00
    outer loop
      vertex 1.133760e+02 7.000000e+00 -6.000000e+01
      vertex 1.143930e+02 8.522660e+00 -6.000000e+01
      vertex 1.133760e+02 7.000000e+00 -5.600000e+01
    endloop
  endfacet
  facet normal 8.968639e-01 -4.423066e-01 0.000000e+00
    outer loop
      vertex 1.125660e+02 5.357570e+00 -5.600000e+01
      vertex 1.133760e+02 7.000000e+00 -6.000000e+01
      vertex 1.133760e+02 7.000000e+00 -5.600000e+01
    endloop
  endfacet
  facet normal 8.315732e-01 -5.554151e-01 0.000000e+00
    outer loop
      vertex 1.143930e+02 8.522660e+00 -6.000000e+01
      vertex 1.143930e+02 8.522660e+00 -5.600000e+01
      vertex 1.133760e+02 7.000000e+00 -5.600000e+01
    endloop
  endfacet
  facet normal 7.516902e-01 -6.595163e-01 0.000000e+00
    outer loop
      vertex 1.143930e+02 8.522660e+00 -6.000000e+01
      vertex 1.156010e+02 9.899490e+00 -6.000000e+01
      vertex 1.143930e+02 8.522660e+00 -5.600000e+01
    endloop
  endfacet
  facet normal 7.516902e-01 -6.595163e-01 0.000000e+00
    outer loop
      vertex 1.156010e+02 9.899490e+00 -6.000000e+01
      vertex 1.156010e+02 9.899490e+00 -5.600000e+01
      vertex 1.143930e+02 8.522660e+00 -5.600000e+01
    endloop
  endfacet
  facet normal 6.595591e-01 -7.516527e-01 0.000000e+00
    outer loop
      vertex 1.156010e+02 9.899490e+00 -6.000000e+01
      vertex 1.169770e+02 1.110690e+01 -5.600000e+01
      vertex 1.156010e+02 9.899490e+00 -5.600000e+01
    endloop
  endfacet
  facet normal 6.595591e-01 -7.516527e-01 0.000000e+00
    outer loop
      vertex 1.156010e+02 9.899490e+00 -6.000000e+01
      vertex 1.169770e+02 1.110690e+01 -6.000000e+01
      vertex 1.169770e+02 1.110690e+01 -5.600000e+01
    endloop
  endfacet
  facet normal 5.555182e-01 -8.315044e-01 0.000000e+00
    outer loop
      vertex 1.169770e+02 1.110690e+01 -6.000000e+01
      vertex 1.185000e+02 1.212440e+01 -5.600000e+01
      vertex 1.169770e+02 1.110690e+01 -5.600000e+01
    endloop
  endfacet
  facet normal -6.595570e-01 -7.516545e-01 0.000000e+00
    outer loop
      vertex 1.353990e+02 9.899490e+00 -6.000000e+01
      vertex 1.353990e+02 9.899490e+00 -5.600000e+01
      vertex 1.340230e+02 1.110690e+01 -6.000000e+01
    endloop
  endfacet
  facet normal -5.555201e-01 -8.315031e-01 0.000000e+00
    outer loop
      vertex 1.340230e+02 1.110690e+01 -6.000000e+01
      vertex 1.340230e+02 1.110690e+01 -5.600000e+01
      vertex 1.325000e+02 1.212440e+01 -6.000000e+01
    endloop
  endfacet
  facet normal -6.595570e-01 -7.516545e-01 0.000000e+00
    outer loop
      vertex 1.340230e+02 1.110690e+01 -6.000000e+01
      vertex 1.353990e+02 9.899490e+00 -5.600000e+01
      vertex 1.340230e+02 1.110690e+01 -5.600000e+01
    endloop
  endfacet
  facet normal -9.978510e-01 -6.552436e-02 0.000000e+00
    outer loop
      vertex 1.395000e+02 0.000000e+00 -6.000000e+01
      vertex 1.393800e+02 1.827370e+00 -5.600000e+01
      vertex 1.393800e+02 1.827370e+00 -6.000000e+01
    endloop
  endfacet
  facet normal -9.978510e-01 -6.552436e-02 0.000000e+00
    outer loop
      vertex 1.395000e+02 0.000000e+00 -6.000000e+01
      vertex 1.395000e+02 0.000000e+00 -5.600000e+01
      vertex 1.393800e+02 1.827370e+00 -5.600000e+01
    endloop
  endfacet
  facet normal -9.808121e-01 -1.949555e-01 0.000000e+00
    outer loop
      vertex 1.393800e+02 1.827370e+00 -6.000000e+01
      vertex 1.393800e+02 1.827370e+00 -5.600000e+01
      vertex 1.390230e+02 3.623470e+00 -5.600000e+01
    endloop
  endfacet
  facet normal -9.808121e-01 -1.949555e-01 0.000000e+00
    outer loop
      vertex 1.393800e+02 1.827370e+00 -6.000000e+01
      vertex 1.390230e+02 3.623470e+00 -5.600000e+01
      vertex 1.390230e+02 3.623470e+00 -6.000000e+01
    endloop
  endfacet
  facet normal -9.468733e-01 -3.216067e-01 0.000000e+00
    outer loop
      vertex 1.390230e+02 3.623470e+00 -6.000000e+01
      vertex 1.384340e+02 5.357570e+00 -5.600000e+01
      vertex 1.384340e+02 5.357570e+00 -6.000000e+01
    endloop
  endfacet
  facet normal -9.468733e-01 -3.216067e-01 0.000000e+00
    outer loop
      vertex 1.390230e+02 3.623470e+00 -6.000000e+01
      vertex 1.390230e+02 3.623470e+00 -5.600000e+01
      vertex 1.384340e+02 5.357570e+00 -5.600000e+01
    endloop
  endfacet
  facet normal 0.000000e+00 0.000000e+00 -1.000000e+00
    outer loop
      vertex 1.530000e+02 -4.500000e+01 -6.000000e+01
      vertex 1.395000e+02 0.000000e+00 -6.000000e+01
      vertex 1.530000e+02 4.500000e+01 -6.000000e+01
    endloop
  endfacet
  facet normal 0.000000e+00 -0.000000e+00 1.000000e+00
    outer loop
      vertex 1.550000e+02 -4.300000e+01 -5.600000e+01
      vertex 1.550000e+02 4.300000e+01 -5.600000e+01
      vertex 1.395000e+02 0.000000e+00 -5.600000e+01
    endloop
  endfacet
  facet normal -8.968606e-01 -4.423133e-01 0.000000e+00
    outer loop
      vertex 1.384340e+02 5.357570e+00 -6.000000e+01
      vertex 1.376240e+02 7.000000e+00 -5.600000e+01
      vertex 1.376240e+02 7.000000e+00 -6.000000e+01
    endloop
  endfacet
  facet normal -8.315732e-01 -5.554151e-01 0.000000e+00
    outer loop
      vertex 1.376240e+02 7.000000e+00 -6.000000e+01
      vertex 1.366070e+02 8.522660e+00 -5.600000e+01
      vertex 1.366070e+02 8.522660e+00 -6.000000e+01
    endloop
  endfacet
  facet normal -8.968606e-01 -4.423133e-01 0.000000e+00
    outer loop
      vertex 1.384340e+02 5.357570e+00 -6.000000e+01
      vertex 1.384340e+02 5.357570e+00 -5.600000e+01
      vertex 1.376240e+02 7.000000e+00 -5.600000e+01
    endloop
  endfacet
  facet normal -8.315732e-01 -5.554151e-01 0.000000e+00
    outer loop
      vertex 1.376240e+02 7.000000e+00 -6.000000e+01
      vertex 1.376240e+02 7.000000e+00 -5.600000e+01
      vertex 1.366070e+02 8.522660e+00 -5.600000e+01
    endloop
  endfacet
  facet normal -7.516923e-01 -6.595140e-01 0.000000e+00
    outer loop
      vertex 1.353990e+02 9.899490e+00 -6.000000e+01
      vertex 1.366070e+02 8.522660e+00 -6.000000e+01
      vertex 1.353990e+02 9.899490e+00 -5.600000e+01
    endloop
  endfacet
  facet normal -7.516923e-01 -6.595140e-01 0.000000e+00
    outer loop
      vertex 1.353990e+02 9.899490e+00 -5.600000e+01
      vertex 1.366070e+02 8.522660e+00 -6.000000e+01
      vertex 1.366070e+02 8.522660e+00 -5.600000e+01
    endloop
  endfacet
  facet normal 5.555182e-01 -8.315044e-01 0.000000e+00
    outer loop
      vertex 1.169770e+02 1.110690e+01 -6.000000e+01
      vertex 1.185000e+02 1.212440e+01 -6.000000e+01
      vertex 1.185000e+02 1.212440e+01 -5.600000e+01
    endloop
  endfacet
  facet normal 4.423574e-01 -8.968389e-01 0.000000e+00
    outer loop
      vertex 1.185000e+02 1.212440e+01 -6.000000e+01
      vertex 1.201420e+02 1.293430e+01 -6.000000e+01
      vertex 1.201420e+02 1.293430e+01 -5.600000e+01
    endloop
  endfacet
  facet normal 3.213151e-01 -9.469723e-01 0.000000e+00
    outer loop
      vertex 1.201420e+02 1.293430e+01 -6.000000e+01
      vertex 1.218770e+02 1.352300e+01 -6.000000e+01
      vertex 1.218770e+02 1.352300e+01 -5.600000e+01
    endloop
  endfacet
  facet normal 1.950664e-01 -9.807900e-01 0.000000e+00
    outer loop
      vertex 1.218770e+02 1.352300e+01 -6.000000e+01
      vertex 1.236730e+02 1.388020e+01 -6.000000e+01
      vertex 1.236730e+02 1.388020e+01 -5.600000e+01
    endloop
  endfacet
  facet normal 6.543113e-02 -9.978571e-01 0.000000e+00
    outer loop
      vertex 1.236730e+02 1.388020e+01 -6.000000e+01
      vertex 1.255000e+02 1.400000e+01 -6.000000e+01
      vertex 1.255000e+02 1.400000e+01 -5.600000e+01
    endloop
  endfacet
  facet normal 4.423574e-01 -8.968389e-01 0.000000e+00
    outer loop
      vertex 1.185000e+02 1.212440e+01 -6.000000e+01
      vertex 1.201420e+02 1.293430e+01 -5.600000e+01
      vertex 1.185000e+02 1.212440e+01 -5.600000e+01
    endloop
  endfacet
  facet normal 3.213151e-01 -9.469723e-01 0.000000e+00
    outer loop
      vertex 1.201420e+02 1.293430e+01 -6.000000e+01
      vertex 1.218770e+02 1.352300e+01 -5.600000e+01
      vertex 1.201420e+02 1.293430e+01 -5.600000e+01
    endloop
  endfacet
  facet normal 1.950664e-01 -9.807900e-01 0.000000e+00
    outer loop
      vertex 1.218770e+02 1.352300e+01 -6.000000e+01
      vertex 1.236730e+02 1.388020e+01 -5.600000e+01
      vertex 1.218770e+02 1.352300e+01 -5.600000e+01
    endloop
  endfacet
  facet normal 6.543113e-02 -9.978571e-01 0.000000e+00
    outer loop
      vertex 1.236730e+02 1.388020e+01 -6.000000e+01
      vertex 1.255000e+02 1.400000e+01 -5.600000e+01
      vertex 1.236730e+02 1.388020e+01 -5.600000e+01
    endloop
  endfacet
  facet normal -3.213151e-01 -9.469723e-01 0.000000e+00
    outer loop
      vertex 1.291230e+02 1.352300e+01 -6.000000e+01
      vertex 1.308580e+02 1.293430e+01 -6.000000e+01
      vertex 1.308580e+02 1.293430e+01 -5.600000e+01
    endloop
  endfacet
  facet normal -6.543113e-02 -9.978571e-01 0.000000e+00
    outer loop
      vertex 1.255000e+02 1.400000e+01 -6.000000e+01
      vertex 1.273270e+02 1.388020e+01 -6.000000e+01
      vertex 1.273270e+02 1.388020e+01 -5.600000e+01
    endloop
  endfacet
  facet normal -1.950664e-01 -9.807900e-01 0.000000e+00
    outer loop
      vertex 1.273270e+02 1.388020e+01 -6.000000e+01
      vertex 1.291230e+02 1.352300e+01 -6.000000e+01
      vertex 1.291230e+02 1.352300e+01 -5.600000e+01
    endloop
  endfacet
  facet normal -4.423574e-01 -8.968389e-01 0.000000e+00
    outer loop
      vertex 1.325000e+02 1.212440e+01 -6.000000e+01
      vertex 1.325000e+02 1.212440e+01 -5.600000e+01
      vertex 1.308580e+02 1.293430e+01 -6.000000e+01
    endloop
  endfacet
  facet normal -1.950664e-01 -9.807900e-01 0.000000e+00
    outer loop
      vertex 1.273270e+02 1.388020e+01 -6.000000e+01
      vertex 1.291230e+02 1.352300e+01 -5.600000e+01
      vertex 1.273270e+02 1.388020e+01 -5.600000e+01
    endloop
  endfacet
  facet normal -6.543113e-02 -9.978571e-01 0.000000e+00
    outer loop
      vertex 1.255000e+02 1.400000e+01 -6.000000e+01
      vertex 1.273270e+02 1.388020e+01 -5.600000e+01
      vertex 1.255000e+02 1.400000e+01 -5.600000e+01
    endloop
  endfacet
  facet normal -3.213151e-01 -9.469723e-01 0.000000e+00
    outer loop
      vertex 1.291230e+02 1.352300e+01 -6.000000e+01
      vertex 1.308580e+02 1.293430e+01 -5.600000e+01
      vertex 1.291230e+02 1.352300e+01 -5.600000e+01
    endloop
  endfacet
  facet normal -5.555201e-01 -8.315031e-01 0.000000e+00
    outer loop
      vertex 1.340230e+02 1.110690e+01 -5.600000e+01
      vertex 1.325000e+02 1.212440e+01 -5.600000e+01
      vertex 1.325000e+02 1.212440e+01 -6.000000e+01
    endloop
  endfacet
  facet normal -4.423574e-01 -8.968389e-01 0.000000e+00
    outer loop
      vertex 1.308580e+02 1.293430e+01 -6.000000e+01
      vertex 1.325000e+02 1.212440e+01 -5.600000e+01
      vertex 1.308580e+02 1.293430e+01 -5.600000e+01
    endloop
  endfacet
  facet normal 0.000000e+00 0.000000e+00 -1.000000e+00
    outer loop
      vertex 1.169770e+02 1.110690e+01 -6.000000e+01
      vertex 1.530000e+02 4.500000e+01 -6.000000e+01
      vertex 1.185000e+02 1.212440e+01 -6.000000e+01
    endloop
  endfacet
  facet normal 0.000000e+00 0.000000e+00 -1.000000e+00
    outer loop
      vertex 1.185000e+02 1.212440e+01 -6.000000e+01
      vertex 1.530000e+02 4.500000e+01 -6.000000e+01
      vertex 1.201420e+02 1.293430e+01 -6.000000e+01
    endloop
  endfacet
  facet normal 0.000000e+00 0.000000e+00 1.000000e+00
    outer loop
      vertex 1.169770e+02 1.110690e+01 -5.600000e+01
      vertex 1.185000e+02 1.212440e+01 -5.600000e+01
      vertex 1.550000e+02 4.300000e+01 -5.600000e+01
    endloop
  endfacet
  facet normal 0.000000e+00 0.000000e+00 1.000000e+00
    outer loop
      vertex 1.185000e+02 1.212440e+01 -5.600000e+01
      vertex 1.201420e+02 1.293430e+01 -5.600000e+01
      vertex 1.550000e+02 4.300000e+01 -5.600000e+01
    endloop
  endfacet
  facet normal 0.000000e+00 0.000000e+00 1.000000e+00
    outer loop
      vertex 1.201420e+02 1.293430e+01 -5.600000e+01
      vertex 1.218770e+02 1.352300e+01 -5.600000e+01
      vertex 1.550000e+02 4.300000e+01 -5.600000e+01
    endloop
  endfacet
  facet normal 0.000000e+00 0.000000e+00 1.000000e+00
    outer loop
      vertex 1.218770e+02 1.352300e+01 -5.600000e+01
      vertex 1.236730e+02 1.388020e+01 -5.600000e+01
      vertex 1.550000e+02 4.300000e+01 -5.600000e+01
    endloop
  endfacet
  facet normal 0.000000e+00 0.000000e+00 -1.000000e+00
    outer loop
      vertex 1.395000e+02 0.000000e+00 -6.000000e+01
      vertex 1.393800e+02 1.827370e+00 -6.000000e+01
      vertex 1.530000e+02 4.500000e+01 -6.000000e+01
    endloop
  endfacet
  facet normal 0.000000e+00 0.000000e+00 -1.000000e+00
    outer loop
      vertex 1.393800e+02 1.827370e+00 -6.000000e+01
      vertex 1.390230e+02 3.623470e+00 -6.000000e+01
      vertex 1.530000e+02 4.500000e+01 -6.000000e+01
    endloop
  endfacet
  facet normal 7.071068e-01 0.000000e+00 -7.071068e-01
    outer loop
      vertex 1.550000e+02 -4.500000e+01 -5.800000e+01
      vertex 1.530000e+02 4.500000e+01 -6.000000e+01
      vertex 1.550000e+02 4.500000e+01 -5.800000e+01
    endloop
  endfacet
  facet normal 1.000000e+00 -0.000000e+00 0.000000e+00
    outer loop
      vertex 1.550000e+02 -4.300000e+01 -5.600000e+01
      vertex 1.550000e+02 4.500000e+01 -5.800000e+01
      vertex 1.550000e+02 4.300000e+01 -5.600000e+01
    endloop
  endfacet
  facet normal 0.000000e+00 -0.000000e+00 1.000000e+00
    outer loop
      vertex 1.395000e+02 0.000000e+00 -5.600000e+01
      vertex 1.550000e+02 4.300000e+01 -5.600000e+01
      vertex 1.393800e+02 1.827370e+00 -5.600000e+01
    endloop
  endfacet
  facet normal 0.000000e+00 -0.000000e+00 1.000000e+00
    outer loop
      vertex 1.393800e+02 1.827370e+00 -5.600000e+01
      vertex 1.550000e+02 4.300000e+01 -5.600000e+01
      vertex 1.390230e+02 3.623470e+00 -5.600000e+01
    endloop
  endfacet
  facet normal 0.000000e+00 -0.000000e+00 1.000000e+00
    outer loop
      vertex 1.390230e+02 3.623470e+00 -5.600000e+01
      vertex 1.550000e+02 4.300000e+01 -5.600000e+01
      vertex 1.384340e+02 5.357570e+00 -5.600000e+01
    endloop
  endfacet
  facet normal 0.000000e+00 0.000000e+00 -1.000000e+00
    outer loop
      vertex 1.390230e+02 3.623470e+00 -6.000000e+01
      vertex 1.384340e+02 5.357570e+00 -6.000000e+01
      vertex 1.530000e+02 4.500000e+01 -6.000000e+01
    endloop
  endfacet
  facet normal 0.000000e+00 0.000000e+00 -1.000000e+00
    outer loop
      vertex 1.376240e+02 7.000000e+00 -6.000000e+01
      vertex 1.366070e+02 8.522660e+00 -6.000000e+01
      vertex 1.530000e+02 4.500000e+01 -6.000000e+01
    endloop
  endfacet
  facet normal 0.000000e+00 0.000000e+00 -1.000000e+00
    outer loop
      vertex 1.384340e+02 5.357570e+00 -6.000000e+01
      vertex 1.376240e+02 7.000000e+00 -6.000000e+01
      vertex 1.530000e+02 4.500000e+01 -6.000000e+01
    endloop
  endfacet
  facet normal 0.000000e+00 0.000000e+00 -1.000000e+00
    outer loop
      vertex 1.340230e+02 1.110690e+01 -6.000000e+01
      vertex 1.325000e+02 1.212440e+01 -6.000000e+01
      vertex 1.530000e+02 4.500000e+01 -6.000000e+01
    endloop
  endfacet
  facet normal 0.000000e+00 0.000000e+00 -1.000000e+00
    outer loop
      vertex 1.325000e+02 1.212440e+01 -6.000000e+01
      vertex 1.308580e+02 1.293430e+01 -6.000000e+01
      vertex 1.530000e+02 4.500000e+01 -6.000000e+01
    endloop
  endfacet
  facet normal 0.000000e+00 0.000000e+00 -1.000000e+00
    outer loop
      vertex 1.353990e+02 9.899490e+00 -6.000000e+01
      vertex 1.530000e+02 4.500000e+01 -6.000000e+01
      vertex 1.366070e+02 8.522660e+00 -6.000000e+01
    endloop
  endfacet
  facet normal 0.000000e+00 0.000000e+00 -1.000000e+00
    outer loop
      vertex 1.353990e+02 9.899490e+00 -6.000000e+01
      vertex 1.340230e+02 1.110690e+01 -6.000000e+01
      vertex 1.530000e+02 4.500000e+01 -6.000000e+01
    endloop
  endfacet
  facet normal 0.000000e+00 -0.000000e+00 1.000000e+00
    outer loop
      vertex 1.384340e+02 5.357570e+00 -5.600000e+01
      vertex 1.550000e+02 4.300000e+01 -5.600000e+01
      vertex 1.376240e+02 7.000000e+00 -5.600000e+01
    endloop
  endfacet
  facet normal -0.000000e+00 0.000000e+00 1.000000e+00
    outer loop
      vertex 1.353990e+02 9.899490e+00 -5.600000e+01
      vertex 1.366070e+02 8.522660e+00 -5.600000e+01
      vertex 1.550000e+02 4.300000e+01 -5.600000e+01
    endloop
  endfacet
  facet normal 0.000000e+00 -0.000000e+00 1.000000e+00
    outer loop
      vertex 1.376240e+02 7.000000e+00 -5.600000e+01
      vertex 1.550000e+02 4.300000e+01 -5.600000e+01
      vertex 1.366070e+02 8.522660e+00 -5.600000e+01
    endloop
  endfacet
  facet normal -0.000000e+00 0.000000e+00 1.000000e+00
    outer loop
      vertex 1.273270e+02 1.388020e+01 -5.600000e+01
      vertex 1.291230e+02 1.352300e+01 -5.600000e+01
      vertex 1.550000e+02 4.300000e+01 -5.600000e+01
    endloop
  endfacet
  facet normal 0.000000e+00 -0.000000e+00 1.000000e+00
    outer loop
      vertex 1.325000e+02 1.212440e+01 -5.600000e+01
      vertex 1.550000e+02 4.300000e+01 -5.600000e+01
      vertex 1.308580e+02 1.293430e+01 -5.600000e+01
    endloop
  endfacet
  facet normal -0.000000e+00 0.000000e+00 1.000000e+00
    outer loop
      vertex 1.291230e+02 1.352300e+01 -5.600000e+01
      vertex 1.308580e+02 1.293430e+01 -5.600000e+01
      vertex 1.550000e+02 4.300000e+01 -5.600000e+01
    endloop
  endfacet
  facet normal 0.000000e+00 -0.000000e+00 1.000000e+00
    outer loop
      vertex 1.353990e+02 9.899490e+00 -5.600000e+01
      vertex 1.550000e+02 4.300000e+01 -5.600000e+01
      vertex 1.340230e+02 1.110690e+01 -5.600000e+01
    endloop
  endfacet
  facet normal 0.000000e+00 -0.000000e+00 1.000000e+00
    outer loop
      vertex 1.340230e+02 1.110690e+01 -5.600000e+01
      vertex 1.550000e+02 4.300000e+01 -5.600000e+01
      vertex 1.325000e+02 1.212440e+01 -5.600000e+01
    endloop
  endfacet
  facet normal 0.000000e+00 0.000000e+00 -1.000000e+00
    outer loop
      vertex 1.201420e+02 1.293430e+01 -6.000000e+01
      vertex 1.530000e+02 4.500000e+01 -6.000000e+01
      vertex 1.218770e+02 1.352300e+01 -6.000000e+01
    endloop
  endfacet
  facet normal 0.000000e+00 0.000000e+00 -1.000000e+00
    outer loop
      vertex 1.218770e+02 1.352300e+01 -6.000000e+01
      vertex 1.530000e+02 4.500000e+01 -6.000000e+01
      vertex 1.236730e+02 1.388020e+01 -6.000000e+01
    endloop
  endfacet
  facet normal 0.000000e+00 0.000000e+00 -1.000000e+00
    outer loop
      vertex 1.236730e+02 1.388020e+01 -6.000000e+01
      vertex 1.530000e+02 4.500000e+01 -6.000000e+01
      vertex 1.255000e+02 1.400000e+01 -6.000000e+01
    endloop
  endfacet
  facet normal 0.000000e+00 0.000000e+00 -1.000000e+00
    outer loop
      vertex 1.255000e+02 1.400000e+01 -6.000000e+01
      vertex 1.530000e+02 4.500000e+01 -6.000000e+01
      vertex 1.273270e+02 1.388020e+01 -6.000000e+01
    endloop
  endfacet
  facet normal 0.000000e+00 0.000000e+00 1.000000e+00
    outer loop
      vertex 1.236730e+02 1.388020e+01 -5.600000e+01
      vertex 1.255000e+02 1.400000e+01 -5.600000e+01
      vertex 1.550000e+02 4.300000e+01 -5.600000e+01
    endloop
  endfacet
  facet normal 0.000000e+00 0.000000e+00 -1.000000e+00
    outer loop
      vertex 1.273270e+02 1.388020e+01 -6.000000e+01
      vertex 1.530000e+02 4.500000e+01 -6.000000e+01
      vertex 1.291230e+02 1.352300e+01 -6.000000e+01
    endloop
  endfacet
  facet normal 0.000000e+00 0.000000e+00 -1.000000e+00
    outer loop
      vertex 1.291230e+02 1.352300e+01 -6.000000e+01
      vertex 1.530000e+02 4.500000e+01 -6.000000e+01
      vertex 1.308580e+02 1.293430e+01 -6.000000e+01
    endloop
  endfacet
  facet normal -0.000000e+00 0.000000e+00 1.000000e+00
    outer loop
      vertex 1.255000e+02 1.400000e+01 -5.600000e+01
      vertex 1.273270e+02 1.388020e+01 -5.600000e+01
      vertex 1.550000e+02 4.300000e+01 -5.600000e+01
    endloop
  endfacet
  facet normal 5.773503e-01 5.773503e-01 -5.773503e-01
    outer loop
      vertex 1.530000e+02 4.500000e+01 -6.000000e+01
      vertex 1.530000e+02 4.700000e+01 -5.800000e+01
      vertex 1.550000e+02 4.500000e+01 -5.800000e+01
    endloop
  endfacet
  facet normal 1.000000e+00 0.000000e+00 0.000000e+00
    outer loop
      vertex 1.550000e+02 4.500000e+01 -5.800000e+01
      vertex 1.550000e+02 4.300000e+01 -4.000000e+00
      vertex 1.550000e+02 4.300000e+01 -5.600000e+01
    endloop
  endfacet
  facet normal 7.071068e-01 7.071068e-01 -0.000000e+00
    outer loop
      vertex 1.550000e+02 4.500000e+01 -5.800000e+01
      vertex 1.530000e+02 4.700000e+01 -5.800000e+01
      vertex 1.550000e+02 4.500000e+01 -2.000000e+00
    endloop
  endfacet
  facet normal -0.000000e+00 0.000000e+00 1.000000e+00
    outer loop
      vertex -5.391750e+01 3.387500e+01 0.000000e+00
      vertex 5.391750e+01 -3.387500e+01 0.000000e+00
      vertex 5.391750e+01 3.387500e+01 0.000000e+00
    endloop
  endfacet
  facet normal 0.000000e+00 0.000000e+00 -1.000000e+00
    outer loop
      vertex 5.411610e+01 -3.361610e+01 -4.000000e+00
      vertex 5.411610e+01 3.361610e+01 -4.000000e+00
      vertex 5.423900e+01 3.350830e+01 -4.000000e+00
    endloop
  endfacet
  facet normal 0.000000e+00 0.000000e+00 -1.000000e+00
    outer loop
      vertex 5.437500e+01 -3.341750e+01 -4.000000e+00
      vertex 5.437500e+01 3.341750e+01 -4.000000e+00
      vertex 5.452160e+01 3.334510e+01 -4.000000e+00
    endloop
  endfacet
  facet normal 0.000000e+00 0.000000e+00 -1.000000e+00
    outer loop
      vertex 5.423900e+01 -3.350830e+01 -4.000000e+00
      vertex 5.423900e+01 3.350830e+01 -4.000000e+00
      vertex 5.437500e+01 3.341750e+01 -4.000000e+00
    endloop
  endfacet
  facet normal 0.000000e+00 0.000000e+00 -1.000000e+00
    outer loop
      vertex 5.400830e+01 -3.373900e+01 -4.000000e+00
      vertex 5.400830e+01 3.373900e+01 -4.000000e+00
      vertex 5.411610e+01 3.361610e+01 -4.000000e+00
    endloop
  endfacet
  facet normal 0.000000e+00 0.000000e+00 -1.000000e+00
    outer loop
      vertex 5.391750e+01 -3.387500e+01 -4.000000e+00
      vertex 5.391750e+01 3.387500e+01 -4.000000e+00
      vertex 5.400830e+01 3.373900e+01 -4.000000e+00
    endloop
  endfacet
  facet normal 0.000000e+00 0.000000e+00 -1.000000e+00
    outer loop
      vertex 5.467650e+01 -3.329260e+01 -4.000000e+00
      vertex 5.467650e+01 3.329260e+01 -4.000000e+00
      vertex 5.483680e+01 3.326070e+01 -4.000000e+00
    endloop
  endfacet
  facet normal 0.000000e+00 0.000000e+00 -1.000000e+00
    outer loop
      vertex 5.452160e+01 -3.334510e+01 -4.000000e+00
      vertex 5.452160e+01 3.334510e+01 -4.000000e+00
      vertex 5.467650e+01 3.329260e+01 -4.000000e+00
    endloop
  endfacet
  facet normal 0.000000e+00 0.000000e+00 -1.000000e+00
    outer loop
      vertex 5.500000e+01 -3.325000e+01 -4.000000e+00
      vertex 5.500000e+01 3.325000e+01 -4.000000e+00
      vertex 5.516320e+01 3.326070e+01 -4.000000e+00
    endloop
  endfacet
  facet normal 0.000000e+00 0.000000e+00 -1.000000e+00
    outer loop
      vertex 5.483680e+01 -3.326070e+01 -4.000000e+00
      vertex 5.483680e+01 3.326070e+01 -4.000000e+00
      vertex 5.500000e+01 3.325000e+01 -4.000000e+00
    endloop
  endfacet
  facet normal 0.000000e+00 0.000000e+00 -1.000000e+00
    outer loop
      vertex 5.516320e+01 -3.326070e+01 -4.000000e+00
      vertex 5.516320e+01 3.326070e+01 -4.000000e+00
      vertex 5.532350e+01 3.329260e+01 -4.000000e+00
    endloop
  endfacet
  facet normal 0.000000e+00 0.000000e+00 -1.000000e+00
    outer loop
      vertex 5.532350e+01 -3.329260e+01 -4.000000e+00
      vertex 5.532350e+01 3.329260e+01 -4.000000e+00
      vertex 5.547840e+01 3.334510e+01 -4.000000e+00
    endloop
  endfacet
  facet normal 0.000000e+00 0.000000e+00 -1.000000e+00
    outer loop
      vertex 5.547840e+01 -3.334510e+01 -4.000000e+00
      vertex 5.547840e+01 3.334510e+01 -4.000000e+00
      vertex 5.562500e+01 3.341750e+01 -4.000000e+00
    endloop
  endfacet
  facet normal 0.000000e+00 -0.000000e+00 1.000000e+00
    outer loop
      vertex 5.452160e+01 -3.334510e+01 0.000000e+00
      vertex 5.452160e+01 3.334510e+01 0.000000e+00
      vertex 5.437500e+01 3.341750e+01 0.000000e+00
    endloop
  endfacet
  facet normal 0.000000e+00 -0.000000e+00 1.000000e+00
    outer loop
      vertex 5.437500e+01 -3.341750e+01 0.000000e+00
      vertex 5.437500e+01 3.341750e+01 0.000000e+00
      vertex 5.423900e+01 3.350830e+01 0.000000e+00
    endloop
  endfacet
  facet normal 0.000000e+00 -0.000000e+00 1.000000e+00
    outer loop
      vertex 5.411610e+01 -3.361610e+01 0.000000e+00
      vertex 5.411610e+01 3.361610e+01 0.000000e+00
      vertex 5.400830e+01 3.373900e+01 0.000000e+00
    endloop
  endfacet
  facet normal 0.000000e+00 -0.000000e+00 1.000000e+00
    outer loop
      vertex 5.400830e+01 -3.373900e+01 0.000000e+00
      vertex 5.400830e+01 3.373900e+01 0.000000e+00
      vertex 5.391750e+01 3.387500e+01 0.000000e+00
    endloop
  endfacet
  facet normal 0.000000e+00 -0.000000e+00 1.000000e+00
    outer loop
      vertex 5.423900e+01 -3.350830e+01 0.000000e+00
      vertex 5.423900e+01 3.350830e+01 0.000000e+00
      vertex 5.411610e+01 3.361610e+01 0.000000e+00
    endloop
  endfacet
  facet normal 0.000000e+00 -0.000000e+00 1.000000e+00
    outer loop
      vertex 5.483680e+01 -3.326070e+01 0.000000e+00
      vertex 5.483680e+01 3.326070e+01 0.000000e+00
      vertex 5.467650e+01 3.329260e+01 0.000000e+00
    endloop
  endfacet
  facet normal 0.000000e+00 -0.000000e+00 1.000000e+00
    outer loop
      vertex 5.467650e+01 -3.329260e+01 0.000000e+00
      vertex 5.467650e+01 3.329260e+01 0.000000e+00
      vertex 5.452160e+01 3.334510e+01 0.000000e+00
    endloop
  endfacet
  facet normal 0.000000e+00 -0.000000e+00 1.000000e+00
    outer loop
      vertex 5.500000e+01 -3.325000e+01 0.000000e+00
      vertex 5.500000e+01 3.325000e+01 0.000000e+00
      vertex 5.483680e+01 3.326070e+01 0.000000e+00
    endloop
  endfacet
  facet normal 0.000000e+00 -0.000000e+00 1.000000e+00
    outer loop
      vertex 5.532350e+01 -3.329260e+01 0.000000e+00
      vertex 5.532350e+01 3.329260e+01 0.000000e+00
      vertex 5.516320e+01 3.326070e+01 0.000000e+00
    endloop
  endfacet
  facet normal 0.000000e+00 -0.000000e+00 1.000000e+00
    outer loop
      vertex 5.516320e+01 -3.326070e+01 0.000000e+00
      vertex 5.516320e+01 3.326070e+01 0.000000e+00
      vertex 5.500000e+01 3.325000e+01 0.000000e+00
    endloop
  endfacet
  facet normal 0.000000e+00 -0.000000e+00 1.000000e+00
    outer loop
      vertex 5.547840e+01 -3.334510e+01 0.000000e+00
      vertex 5.547840e+01 3.334510e+01 0.000000e+00
      vertex 5.532350e+01 3.329260e+01 0.000000e+00
    endloop
  endfacet
  facet normal 0.000000e+00 -0.000000e+00 1.000000e+00
    outer loop
      vertex 5.562500e+01 -3.341750e+01 0.000000e+00
      vertex 5.562500e+01 3.341750e+01 0.000000e+00
      vertex 5.547840e+01 3.334510e+01 0.000000e+00
    endloop
  endfacet
  facet normal 0.000000e+00 0.000000e+00 -1.000000e+00
    outer loop
      vertex 5.562500e+01 -3.341750e+01 -4.000000e+00
      vertex 5.562500e+01 3.341750e+01 -4.000000e+00
      vertex 1.115000e+02 0.000000e+00 -4.000000e+00
    endloop
  endfacet
  facet normal 0.000000e+00 0.000000e+00 1.000000e+00
    outer loop
      vertex 5.562500e+01 -3.341750e+01 0.000000e+00
      vertex 1.115000e+02 0.000000e+00 0.000000e+00
      vertex 5.562500e+01 3.341750e+01 0.000000e+00
    endloop
  endfacet
  facet normal 0.000000e+00 0.000000e+00 -1.000000e+00
    outer loop
      vertex 5.576100e+01 3.350830e+01 -4.000000e+00
      vertex 5.588390e+01 3.361610e+01 -4.000000e+00
      vertex 1.115000e+02 0.000000e+00 -4.000000e+00
    endloop
  endfacet
  facet normal 0.000000e+00 0.000000e+00 -1.000000e+00
    outer loop
      vertex 5.562500e+01 3.341750e+01 -4.000000e+00
      vertex 5.576100e+01 3.350830e+01 -4.000000e+00
      vertex 1.115000e+02 0.000000e+00 -4.000000e+00
    endloop
  endfacet
  facet normal 0.000000e+00 0.000000e+00 -1.000000e+00
    outer loop
      vertex 5.588390e+01 3.361610e+01 -4.000000e+00
      vertex 5.599170e+01 3.373900e+01 -4.000000e+00
      vertex 1.115000e+02 0.000000e+00 -4.000000e+00
    endloop
  endfacet
  facet normal 0.000000e+00 0.000000e+00 -1.000000e+00
    outer loop
      vertex 5.599170e+01 3.373900e+01 -4.000000e+00
      vertex 5.608250e+01 3.387500e+01 -4.000000e+00
      vertex 1.115000e+02 0.000000e+00 -4.000000e+00
    endloop
  endfacet
  facet normal 0.000000e+00 0.000000e+00 -1.000000e+00
    outer loop
      vertex 5.608250e+01 3.387500e+01 -4.000000e+00
      vertex 5.615490e+01 3.402160e+01 -4.000000e+00
      vertex 1.115000e+02 0.000000e+00 -4.000000e+00
    endloop
  endfacet
  facet normal 0.000000e+00 0.000000e+00 -1.000000e+00
    outer loop
      vertex 5.615490e+01 3.402160e+01 -4.000000e+00
      vertex 5.620740e+01 3.417650e+01 -4.000000e+00
      vertex 1.115000e+02 0.000000e+00 -4.000000e+00
    endloop
  endfacet
  facet normal 0.000000e+00 0.000000e+00 -1.000000e+00
    outer loop
      vertex 5.620740e+01 3.417650e+01 -4.000000e+00
      vertex 5.623930e+01 3.433680e+01 -4.000000e+00
      vertex 1.115000e+02 0.000000e+00 -4.000000e+00
    endloop
  endfacet
  facet normal 0.000000e+00 0.000000e+00 -1.000000e+00
    outer loop
      vertex 5.623930e+01 3.433680e+01 -4.000000e+00
      vertex 5.625000e+01 3.450000e+01 -4.000000e+00
      vertex 1.115000e+02 0.000000e+00 -4.000000e+00
    endloop
  endfacet
  facet normal -0.000000e+00 0.000000e+00 1.000000e+00
    outer loop
      vertex 5.562500e+01 3.341750e+01 0.000000e+00
      vertex 1.115000e+02 0.000000e+00 0.000000e+00
      vertex 5.576100e+01 3.350830e+01 0.000000e+00
    endloop
  endfacet
  facet normal -0.000000e+00 1.000000e+00 0.000000e+00
    outer loop
      vertex -1.530000e+02 4.700000e+01 -2.000000e+00
      vertex 1.530000e+02 4.700000e+01 -2.000000e+00
      vertex 1.530000e+02 4.700000e+01 -5.800000e+01
    endloop
  endfacet
  facet normal 0.000000e+00 0.000000e+00 -1.000000e+00
    outer loop
      vertex -5.375000e+01 3.450000e+01 -4.000000e+00
      vertex 5.384510e+01 3.402160e+01 -4.000000e+00
      vertex 5.391750e+01 3.387500e+01 -4.000000e+00
    endloop
  endfacet
  facet normal 0.000000e+00 0.000000e+00 -1.000000e+00
    outer loop
      vertex -5.375000e+01 3.450000e+01 -4.000000e+00
      vertex 5.379260e+01 3.417650e+01 -4.000000e+00
      vertex 5.384510e+01 3.402160e+01 -4.000000e+00
    endloop
  endfacet
  facet normal 0.000000e+00 0.000000e+00 -1.000000e+00
    outer loop
      vertex -5.375000e+01 3.450000e+01 -4.000000e+00
      vertex 5.376070e+01 3.433680e+01 -4.000000e+00
      vertex 5.379260e+01 3.417650e+01 -4.000000e+00
    endloop
  endfacet
  facet normal 0.000000e+00 0.000000e+00 -1.000000e+00
    outer loop
      vertex -5.375000e+01 3.450000e+01 -4.000000e+00
      vertex 5.375000e+01 3.450000e+01 -4.000000e+00
      vertex 5.376070e+01 3.433680e+01 -4.000000e+00
    endloop
  endfacet
  facet normal 0.000000e+00 0.000000e+00 -1.000000e+00
    outer loop
      vertex -5.375000e+01 3.450000e+01 -4.000000e+00
      vertex 5.376070e+01 3.466320e+01 -4.000000e+00
      vertex 5.375000e+01 3.450000e+01 -4.000000e+00
    endloop
  endfacet
  facet normal 0.000000e+00 0.000000e+00 -1.000000e+00
    outer loop
      vertex -5.376070e+01 3.466320e+01 -4.000000e+00
      vertex 5.379260e+01 3.482350e+01 -4.000000e+00
      vertex 5.376070e+01 3.466320e+01 -4.000000e+00
    endloop
  endfacet
  facet normal 0.000000e+00 0.000000e+00 -1.000000e+00
    outer loop
      vertex -5.379260e+01 3.482350e+01 -4.000000e+00
      vertex 5.384510e+01 3.497840e+01 -4.000000e+00
      vertex 5.379260e+01 3.482350e+01 -4.000000e+00
    endloop
  endfacet
  facet normal 0.000000e+00 0.000000e+00 -1.000000e+00
    outer loop
      vertex -5.384510e+01 3.497840e+01 -4.000000e+00
      vertex 5.391750e+01 3.512500e+01 -4.000000e+00
      vertex 5.384510e+01 3.497840e+01 -4.000000e+00
    endloop
  endfacet
  facet normal 0.000000e+00 0.000000e+00 -1.000000e+00
    outer loop
      vertex -5.391750e+01 3.512500e+01 -4.000000e+00
      vertex 5.400830e+01 3.526100e+01 -4.000000e+00
      vertex 5.391750e+01 3.512500e+01 -4.000000e+00
    endloop
  endfacet
  facet normal -0.000000e+00 0.000000e+00 1.000000e+00
    outer loop
      vertex -5.384510e+01 3.402160e+01 0.000000e+00
      vertex 5.391750e+01 3.387500e+01 0.000000e+00
      vertex 5.384510e+01 3.402160e+01 0.000000e+00
    endloop
  endfacet
  facet normal -0.000000e+00 0.000000e+00 1.000000e+00
    outer loop
      vertex -5.379260e+01 3.417650e+01 0.000000e+00
      vertex 5.384510e+01 3.402160e+01 0.000000e+00
      vertex 5.379260e+01 3.417650e+01 0.000000e+00
    endloop
  endfacet
  facet normal -0.000000e+00 0.000000e+00 1.000000e+00
    outer loop
      vertex -5.376070e+01 3.433680e+01 0.000000e+00
      vertex 5.379260e+01 3.417650e+01 0.000000e+00
      vertex 5.376070e+01 3.433680e+01 0.000000e+00
    endloop
  endfacet
  facet normal -0.000000e+00 0.000000e+00 1.000000e+00
    outer loop
      vertex -5.375000e+01 3.450000e+01 0.000000e+00
      vertex 5.376070e+01 3.433680e+01 0.000000e+00
      vertex 5.375000e+01 3.450000e+01 0.000000e+00
    endloop
  endfacet
  facet normal 0.000000e+00 0.000000e+00 1.000000e+00
    outer loop
      vertex -5.375000e+01 3.450000e+01 0.000000e+00
      vertex 5.375000e+01 3.450000e+01 0.000000e+00
      vertex 5.376070e+01 3.466320e+01 0.000000e+00
    endloop
  endfacet
  facet normal 0.000000e+00 0.000000e+00 1.000000e+00
    outer loop
      vertex -5.376070e+01 3.466320e+01 0.000000e+00
      vertex 5.376070e+01 3.466320e+01 0.000000e+00
      vertex 5.379260e+01 3.482350e+01 0.000000e+00
    endloop
  endfacet
  facet normal 0.000000e+00 0.000000e+00 1.000000e+00
    outer loop
      vertex -5.379260e+01 3.482350e+01 0.000000e+00
      vertex 5.379260e+01 3.482350e+01 0.000000e+00
      vertex 5.384510e+01 3.497840e+01 0.000000e+00
    endloop
  endfacet
  facet normal 0.000000e+00 0.000000e+00 1.000000e+00
    outer loop
      vertex -5.384510e+01 3.497840e+01 0.000000e+00
      vertex 5.384510e+01 3.497840e+01 0.000000e+00
      vertex 5.391750e+01 3.512500e+01 0.000000e+00
    endloop
  endfacet
  facet normal 0.000000e+00 0.000000e+00 1.000000e+00
    outer loop
      vertex -5.391750e+01 3.512500e+01 0.000000e+00
      vertex 5.391750e+01 3.512500e+01 0.000000e+00
      vertex 5.400830e+01 3.526100e+01 0.000000e+00
    endloop
  endfacet
  facet normal 0.000000e+00 0.000000e+00 -1.000000e+00
    outer loop
      vertex -5.400830e+01 3.526100e+01 -4.000000e+00
      vertex 5.411610e+01 3.538390e+01 -4.000000e+00
      vertex 5.400830e+01 3.526100e+01 -4.000000e+00
    endloop
  endfacet
  facet normal 0.000000e+00 0.000000e+00 -1.000000e+00
    outer loop
      vertex -5.411610e+01 3.538390e+01 -4.000000e+00
      vertex 5.423900e+01 3.549170e+01 -4.000000e+00
      vertex 5.411610e+01 3.538390e+01 -4.000000e+00
    endloop
  endfacet
  facet normal 0.000000e+00 0.000000e+00 -1.000000e+00
    outer loop
      vertex -5.423900e+01 3.549170e+01 -4.000000e+00
      vertex 5.437500e+01 3.558250e+01 -4.000000e+00
      vertex 5.423900e+01 3.549170e+01 -4.000000e+00
    endloop
  endfacet
  facet normal 0.000000e+00 0.000000e+00 -1.000000e+00
    outer loop
      vertex -5.437500e+01 3.558250e+01 -4.000000e+00
      vertex 5.452160e+01 3.565490e+01 -4.000000e+00
      vertex 5.437500e+01 3.558250e+01 -4.000000e+00
    endloop
  endfacet
  facet normal 0.000000e+00 0.000000e+00 -1.000000e+00
    outer loop
      vertex -5.452160e+01 3.565490e+01 -4.000000e+00
      vertex 5.467650e+01 3.570740e+01 -4.000000e+00
      vertex 5.452160e+01 3.565490e+01 -4.000000e+00
    endloop
  endfacet
  facet normal 0.000000e+00 0.000000e+00 -1.000000e+00
    outer loop
      vertex -5.500000e+01 3.575000e+01 -4.000000e+00
      vertex 5.500000e+01 3.575000e+01 -4.000000e+00
      vertex 5.483680e+01 3.573930e+01 -4.000000e+00
    endloop
  endfacet
  facet normal 0.000000e+00 0.000000e+00 -1.000000e+00
    outer loop
      vertex -5.467650e+01 3.570740e+01 -4.000000e+00
      vertex 5.483680e+01 3.573930e+01 -4.000000e+00
      vertex 5.467650e+01 3.570740e+01 -4.000000e+00
    endloop
  endfacet
  facet normal 0.000000e+00 0.000000e+00 1.000000e+00
    outer loop
      vertex -5.400830e+01 3.526100e+01 0.000000e+00
      vertex 5.400830e+01 3.526100e+01 0.000000e+00
      vertex 5.411610e+01 3.538390e+01 0.000000e+00
    endloop
  endfacet
  facet normal 0.000000e+00 0.000000e+00 1.000000e+00
    outer loop
      vertex -5.411610e+01 3.538390e+01 0.000000e+00
      vertex 5.411610e+01 3.538390e+01 0.000000e+00
      vertex 5.423900e+01 3.549170e+01 0.000000e+00
    endloop
  endfacet
  facet normal 0.000000e+00 0.000000e+00 1.000000e+00
    outer loop
      vertex -5.423900e+01 3.549170e+01 0.000000e+00
      vertex 5.423900e+01 3.549170e+01 0.000000e+00
      vertex 5.437500e+01 3.558250e+01 0.000000e+00
    endloop
  endfacet
  facet normal 0.000000e+00 0.000000e+00 1.000000e+00
    outer loop
      vertex -5.437500e+01 3.558250e+01 0.000000e+00
      vertex 5.437500e+01 3.558250e+01 0.000000e+00
      vertex 5.452160e+01 3.565490e+01 0.000000e+00
    endloop
  endfacet
  facet normal 0.000000e+00 0.000000e+00 1.000000e+00
    outer loop
      vertex -5.452160e+01 3.565490e+01 0.000000e+00
      vertex 5.452160e+01 3.565490e+01 0.000000e+00
      vertex 5.467650e+01 3.570740e+01 0.000000e+00
    endloop
  endfacet
  facet normal 0.000000e+00 0.000000e+00 1.000000e+00
    outer loop
      vertex -5.467650e+01 3.570740e+01 0.000000e+00
      vertex 5.467650e+01 3.570740e+01 0.000000e+00
      vertex 5.483680e+01 3.573930e+01 0.000000e+00
    endloop
  endfacet
  facet normal -0.000000e+00 0.000000e+00 1.000000e+00
    outer loop
      vertex -5.500000e+01 3.575000e+01 0.000000e+00
      vertex 5.483680e+01 3.573930e+01 0.000000e+00
      vertex 5.500000e+01 3.575000e+01 0.000000e+00
    endloop
  endfacet
  facet normal 4.428032e-01 8.966188e-01 -0.000000e+00
    outer loop
      vertex 5.437500e+01 3.341750e+01 -4.000000e+00
      vertex 5.437500e+01 3.341750e+01 0.000000e+00
      vertex 5.452160e+01 3.334510e+01 -4.000000e+00
    endloop
  endfacet
  facet normal 6.594177e-01 7.517768e-01 0.000000e+00
    outer loop
      vertex 5.423900e+01 3.350830e+01 -4.000000e+00
      vertex 5.411610e+01 3.361610e+01 -4.000000e+00
      vertex 5.411610e+01 3.361610e+01 0.000000e+00
    endloop
  endfacet
  facet normal 5.552653e-01 8.316733e-01 0.000000e+00
    outer loop
      vertex 5.437500e+01 3.341750e+01 -4.000000e+00
      vertex 5.423900e+01 3.350830e+01 -4.000000e+00
      vertex 5.423900e+01 3.350830e+01 0.000000e+00
    endloop
  endfacet
  facet normal 7.517768e-01 6.594177e-01 -0.000000e+00
    outer loop
      vertex 5.411610e+01 3.361610e+01 -4.000000e+00
      vertex 5.400830e+01 3.373900e+01 -4.000000e+00
      vertex 5.411610e+01 3.361610e+01 0.000000e+00
    endloop
  endfacet
  facet normal 1.951645e-01 9.807705e-01 -0.000000e+00
    outer loop
      vertex 5.467650e+01 3.329260e+01 -4.000000e+00
      vertex 5.467650e+01 3.329260e+01 0.000000e+00
      vertex 5.483680e+01 3.326070e+01 -4.000000e+00
    endloop
  endfacet
  facet normal 3.210028e-01 9.470783e-01 0.000000e+00
    outer loop
      vertex 5.467650e+01 3.329260e+01 -4.000000e+00
      vertex 5.452160e+01 3.334510e+01 -4.000000e+00
      vertex 5.452160e+01 3.334510e+01 0.000000e+00
    endloop
  endfacet
  facet normal -6.542449e-02 9.978575e-01 0.000000e+00
    outer loop
      vertex 5.500000e+01 3.325000e+01 -4.000000e+00
      vertex 5.500000e+01 3.325000e+01 0.000000e+00
      vertex 5.516320e+01 3.326070e+01 -4.000000e+00
    endloop
  endfacet
  facet normal 6.542449e-02 9.978575e-01 0.000000e+00
    outer loop
      vertex 5.500000e+01 3.325000e+01 -4.000000e+00
      vertex 5.483680e+01 3.326070e+01 -4.000000e+00
      vertex 5.483680e+01 3.326070e+01 0.000000e+00
    endloop
  endfacet
  facet normal -1.951645e-01 9.807705e-01 0.000000e+00
    outer loop
      vertex 5.532350e+01 3.329260e+01 -4.000000e+00
      vertex 5.516320e+01 3.326070e+01 -4.000000e+00
      vertex 5.516320e+01 3.326070e+01 0.000000e+00
    endloop
  endfacet
  facet normal -3.210028e-01 9.470783e-01 0.000000e+00
    outer loop
      vertex 5.532350e+01 3.329260e+01 -4.000000e+00
      vertex 5.532350e+01 3.329260e+01 0.000000e+00
      vertex 5.547840e+01 3.334510e+01 -4.000000e+00
    endloop
  endfacet
  facet normal -4.428032e-01 8.966188e-01 0.000000e+00
    outer loop
      vertex 5.547840e+01 3.334510e+01 -4.000000e+00
      vertex 5.547840e+01 3.334510e+01 0.000000e+00
      vertex 5.562500e+01 3.341750e+01 -4.000000e+00
    endloop
  endfacet
  facet normal -5.552653e-01 8.316733e-01 0.000000e+00
    outer loop
      vertex 5.562500e+01 3.341750e+01 -4.000000e+00
      vertex 5.562500e+01 3.341750e+01 0.000000e+00
      vertex 5.576100e+01 3.350830e+01 -4.000000e+00
    endloop
  endfacet
  facet normal -6.594177e-01 7.517768e-01 0.000000e+00
    outer loop
      vertex 5.576100e+01 3.350830e+01 -4.000000e+00
      vertex 5.576100e+01 3.350830e+01 0.000000e+00
      vertex 5.588390e+01 3.361610e+01 -4.000000e+00
    endloop
  endfacet
  facet normal -7.517768e-01 6.594177e-01 0.000000e+00
    outer loop
      vertex 5.588390e+01 3.361610e+01 -4.000000e+00
      vertex 5.599170e+01 3.373900e+01 0.000000e+00
      vertex 5.599170e+01 3.373900e+01 -4.000000e+00
    endloop
  endfacet
  facet normal 9.470783e-01 3.210028e-01 -0.000000e+00
    outer loop
      vertex 5.384510e+01 3.402160e+01 -4.000000e+00
      vertex 5.379260e+01 3.417650e+01 -4.000000e+00
      vertex 5.384510e+01 3.402160e+01 0.000000e+00
    endloop
  endfacet
  facet normal 8.316733e-01 5.552653e-01 -0.000000e+00
    outer loop
      vertex 5.400830e+01 3.373900e+01 -4.000000e+00
      vertex 5.391750e+01 3.387500e+01 -4.000000e+00
      vertex 5.400830e+01 3.373900e+01 0.000000e+00
    endloop
  endfacet
  facet normal 8.966188e-01 4.428032e-01 0.000000e+00
    outer loop
      vertex 5.384510e+01 3.402160e+01 -4.000000e+00
      vertex 5.391750e+01 3.387500e+01 0.000000e+00
      vertex 5.391750e+01 3.387500e+01 -4.000000e+00
    endloop
  endfacet
  facet normal 9.807705e-01 1.951645e-01 -0.000000e+00
    outer loop
      vertex 5.379260e+01 3.417650e+01 -4.000000e+00
      vertex 5.376070e+01 3.433680e+01 -4.000000e+00
      vertex 5.379260e+01 3.417650e+01 0.000000e+00
    endloop
  endfacet
  facet normal 9.978575e-01 6.542449e-02 -0.000000e+00
    outer loop
      vertex 5.376070e+01 3.433680e+01 -4.000000e+00
      vertex 5.375000e+01 3.450000e+01 -4.000000e+00
      vertex 5.376070e+01 3.433680e+01 0.000000e+00
    endloop
  endfacet
  facet normal 9.978575e-01 -6.542449e-02 0.000000e+00
    outer loop
      vertex 5.375000e+01 3.450000e+01 -4.000000e+00
      vertex 5.376070e+01 3.466320e+01 -4.000000e+00
      vertex 5.375000e+01 3.450000e+01 0.000000e+00
    endloop
  endfacet
  facet normal 9.807705e-01 -1.951645e-01 0.000000e+00
    outer loop
      vertex 5.376070e+01 3.466320e+01 -4.000000e+00
      vertex 5.379260e+01 3.482350e+01 -4.000000e+00
      vertex 5.376070e+01 3.466320e+01 0.000000e+00
    endloop
  endfacet
  facet normal 9.470783e-01 -3.210028e-01 0.000000e+00
    outer loop
      vertex 5.379260e+01 3.482350e+01 -4.000000e+00
      vertex 5.384510e+01 3.497840e+01 -4.000000e+00
      vertex 5.379260e+01 3.482350e+01 0.000000e+00
    endloop
  endfacet
  facet normal 8.966188e-01 -4.428032e-01 0.000000e+00
    outer loop
      vertex 5.384510e+01 3.497840e+01 -4.000000e+00
      vertex 5.391750e+01 3.512500e+01 -4.000000e+00
      vertex 5.384510e+01 3.497840e+01 0.000000e+00
    endloop
  endfacet
  facet normal 8.316733e-01 -5.552653e-01 0.000000e+00
    outer loop
      vertex 5.391750e+01 3.512500e+01 -4.000000e+00
      vertex 5.400830e+01 3.526100e+01 -4.000000e+00
      vertex 5.391750e+01 3.512500e+01 0.000000e+00
    endloop
  endfacet
  facet normal -8.316733e-01 5.552653e-01 0.000000e+00
    outer loop
      vertex 5.599170e+01 3.373900e+01 -4.000000e+00
      vertex 5.608250e+01 3.387500e+01 0.000000e+00
      vertex 5.608250e+01 3.387500e+01 -4.000000e+00
    endloop
  endfacet
  facet normal -8.966188e-01 4.428032e-01 0.000000e+00
    outer loop
      vertex 5.608250e+01 3.387500e+01 -4.000000e+00
      vertex 5.615490e+01 3.402160e+01 0.000000e+00
      vertex 5.615490e+01 3.402160e+01 -4.000000e+00
    endloop
  endfacet
  facet normal -9.470783e-01 3.210028e-01 0.000000e+00
    outer loop
      vertex 5.615490e+01 3.402160e+01 -4.000000e+00
      vertex 5.620740e+01 3.417650e+01 0.000000e+00
      vertex 5.620740e+01 3.417650e+01 -4.000000e+00
    endloop
  endfacet
  facet normal -9.807705e-01 1.951645e-01 0.000000e+00
    outer loop
      vertex 5.620740e+01 3.417650e+01 -4.000000e+00
      vertex 5.623930e+01 3.433680e+01 0.000000e+00
      vertex 5.623930e+01 3.433680e+01 -4.000000e+00
    endloop
  endfacet
  facet normal -9.978575e-01 6.542449e-02 0.000000e+00
    outer loop
      vertex 5.623930e+01 3.433680e+01 -4.000000e+00
      vertex 5.625000e+01 3.450000e+01 0.000000e+00
      vertex 5.625000e+01 3.450000e+01 -4.000000e+00
    endloop
  endfacet
  facet normal -9.978575e-01 -6.542449e-02 0.000000e+00
    outer loop
      vertex 5.625000e+01 3.450000e+01 -4.000000e+00
      vertex 5.623930e+01 3.466320e+01 0.000000e+00
      vertex 5.623930e+01 3.466320e+01 -4.000000e+00
    endloop
  endfacet
  facet normal -9.807705e-01 -1.951645e-01 0.000000e+00
    outer loop
      vertex 5.623930e+01 3.466320e+01 -4.000000e+00
      vertex 5.620740e+01 3.482350e+01 0.000000e+00
      vertex 5.620740e+01 3.482350e+01 -4.000000e+00
    endloop
  endfacet
  facet normal -9.470783e-01 -3.210028e-01 0.000000e+00
    outer loop
      vertex 5.620740e+01 3.482350e+01 -4.000000e+00
      vertex 5.615490e+01 3.497840e+01 0.000000e+00
      vertex 5.615490e+01 3.497840e+01 -4.000000e+00
    endloop
  endfacet
  facet normal -8.966188e-01 -4.428032e-01 0.000000e+00
    outer loop
      vertex 5.615490e+01 3.497840e+01 -4.000000e+00
      vertex 5.608250e+01 3.512500e+01 0.000000e+00
      vertex 5.608250e+01 3.512500e+01 -4.000000e+00
    endloop
  endfacet
  facet normal -8.316733e-01 -5.552653e-01 0.000000e+00
    outer loop
      vertex 5.608250e+01 3.512500e+01 -4.000000e+00
      vertex 5.599170e+01 3.526100e+01 0.000000e+00
      vertex 5.599170e+01 3.526100e+01 -4.000000e+00
    endloop
  endfacet
  facet normal 4.428032e-01 8.966188e-01 -0.000000e+00
    outer loop
      vertex 5.452160e+01 3.334510e+01 -4.000000e+00
      vertex 5.437500e+01 3.341750e+01 0.000000e+00
      vertex 5.452160e+01 3.334510e+01 0.000000e+00
    endloop
  endfacet
  facet normal 5.552653e-01 8.316733e-01 -0.000000e+00
    outer loop
      vertex 5.437500e+01 3.341750e+01 -4.000000e+00
      vertex 5.423900e+01 3.350830e+01 0.000000e+00
      vertex 5.437500e+01 3.341750e+01 0.000000e+00
    endloop
  endfacet
  facet normal 6.594177e-01 7.517768e-01 -0.000000e+00
    outer loop
      vertex 5.423900e+01 3.350830e+01 -4.000000e+00
      vertex 5.411610e+01 3.361610e+01 0.000000e+00
      vertex 5.423900e+01 3.350830e+01 0.000000e+00
    endloop
  endfacet
  facet normal 7.517768e-01 6.594177e-01 -0.000000e+00
    outer loop
      vertex 5.400830e+01 3.373900e+01 -4.000000e+00
      vertex 5.400830e+01 3.373900e+01 0.000000e+00
      vertex 5.411610e+01 3.361610e+01 0.000000e+00
    endloop
  endfacet
  facet normal 3.210028e-01 9.470783e-01 -0.000000e+00
    outer loop
      vertex 5.467650e+01 3.329260e+01 -4.000000e+00
      vertex 5.452160e+01 3.334510e+01 0.000000e+00
      vertex 5.467650e+01 3.329260e+01 0.000000e+00
    endloop
  endfacet
  facet normal 1.951645e-01 9.807705e-01 -0.000000e+00
    outer loop
      vertex 5.483680e+01 3.326070e+01 -4.000000e+00
      vertex 5.467650e+01 3.329260e+01 0.000000e+00
      vertex 5.483680e+01 3.326070e+01 0.000000e+00
    endloop
  endfacet
  facet normal 6.542449e-02 9.978575e-01 -0.000000e+00
    outer loop
      vertex 5.500000e+01 3.325000e+01 -4.000000e+00
      vertex 5.483680e+01 3.326070e+01 0.000000e+00
      vertex 5.500000e+01 3.325000e+01 0.000000e+00
    endloop
  endfacet
  facet normal -1.951645e-01 9.807705e-01 0.000000e+00
    outer loop
      vertex 5.532350e+01 3.329260e+01 -4.000000e+00
      vertex 5.516320e+01 3.326070e+01 0.000000e+00
      vertex 5.532350e+01 3.329260e+01 0.000000e+00
    endloop
  endfacet
  facet normal -6.542449e-02 9.978575e-01 0.000000e+00
    outer loop
      vertex 5.516320e+01 3.326070e+01 -4.000000e+00
      vertex 5.500000e+01 3.325000e+01 0.000000e+00
      vertex 5.516320e+01 3.326070e+01 0.000000e+00
    endloop
  endfacet
  facet normal -3.210028e-01 9.470783e-01 0.000000e+00
    outer loop
      vertex 5.547840e+01 3.334510e+01 -4.000000e+00
      vertex 5.532350e+01 3.329260e+01 0.000000e+00
      vertex 5.547840e+01 3.334510e+01 0.000000e+00
    endloop
  endfacet
  facet normal -4.428032e-01 8.966188e-01 0.000000e+00
    outer loop
      vertex 5.562500e+01 3.341750e+01 -4.000000e+00
      vertex 5.547840e+01 3.334510e+01 0.000000e+00
      vertex 5.562500e+01 3.341750e+01 0.000000e+00
    endloop
  endfacet
  facet normal -5.552653e-01 8.316733e-01 0.000000e+00
    outer loop
      vertex 5.576100e+01 3.350830e+01 -4.000000e+00
      vertex 5.562500e+01 3.341750e+01 0.000000e+00
      vertex 5.576100e+01 3.350830e+01 0.000000e+00
    endloop
  endfacet
  facet normal -6.594177e-01 7.517768e-01 0.000000e+00
    outer loop
      vertex 5.588390e+01 3.361610e+01 -4.000000e+00
      vertex 5.576100e+01 3.350830e+01 0.000000e+00
      vertex 5.588390e+01 3.361610e+01 0.000000e+00
    endloop
  endfacet
  facet normal -7.517768e-01 6.594177e-01 0.000000e+00
    outer loop
      vertex 5.588390e+01 3.361610e+01 -4.000000e+00
      vertex 5.588390e+01 3.361610e+01 0.000000e+00
      vertex 5.599170e+01 3.373900e+01 0.000000e+00
    endloop
  endfacet
  facet normal 8.966188e-01 4.428032e-01 -0.000000e+00
    outer loop
      vertex 5.384510e+01 3.402160e+01 -4.000000e+00
      vertex 5.384510e+01 3.402160e+01 0.000000e+00
      vertex 5.391750e+01 3.387500e+01 0.000000e+00
    endloop
  endfacet
  facet normal 9.470783e-01 3.210028e-01 -0.000000e+00
    outer loop
      vertex 5.379260e+01 3.417650e+01 -4.000000e+00
      vertex 5.379260e+01 3.417650e+01 0.000000e+00
      vertex 5.384510e+01 3.402160e+01 0.000000e+00
    endloop
  endfacet
  facet normal 8.316733e-01 5.552653e-01 -0.000000e+00
    outer loop
      vertex 5.391750e+01 3.387500e+01 -4.000000e+00
      vertex 5.391750e+01 3.387500e+01 0.000000e+00
      vertex 5.400830e+01 3.373900e+01 0.000000e+00
    endloop
  endfacet
  facet normal 9.807705e-01 1.951645e-01 -0.000000e+00
    outer loop
      vertex 5.376070e+01 3.433680e+01 -4.000000e+00
      vertex 5.376070e+01 3.433680e+01 0.000000e+00
      vertex 5.379260e+01 3.417650e+01 0.000000e+00
    endloop
  endfacet
  facet normal 9.978575e-01 6.542449e-02 -0.000000e+00
    outer loop
      vertex 5.375000e+01 3.450000e+01 -4.000000e+00
      vertex 5.375000e+01 3.450000e+01 0.000000e+00
      vertex 5.376070e+01 3.433680e+01 0.000000e+00
    endloop
  endfacet
  facet normal 9.978575e-01 -6.542449e-02 0.000000e+00
    outer loop
      vertex 5.376070e+01 3.466320e+01 -4.000000e+00
      vertex 5.376070e+01 3.466320e+01 0.000000e+00
      vertex 5.375000e+01 3.450000e+01 0.000000e+00
    endloop
  endfacet
  facet normal 9.807705e-01 -1.951645e-01 0.000000e+00
    outer loop
      vertex 5.379260e+01 3.482350e+01 -4.000000e+00
      vertex 5.379260e+01 3.482350e+01 0.000000e+00
      vertex 5.376070e+01 3.466320e+01 0.000000e+00
    endloop
  endfacet
  facet normal 9.470783e-01 -3.210028e-01 0.000000e+00
    outer loop
      vertex 5.384510e+01 3.497840e+01 -4.000000e+00
      vertex 5.384510e+01 3.497840e+01 0.000000e+00
      vertex 5.379260e+01 3.482350e+01 0.000000e+00
    endloop
  endfacet
  facet normal 8.966188e-01 -4.428032e-01 0.000000e+00
    outer loop
      vertex 5.391750e+01 3.512500e+01 -4.000000e+00
      vertex 5.391750e+01 3.512500e+01 0.000000e+00
      vertex 5.384510e+01 3.497840e+01 0.000000e+00
    endloop
  endfacet
  facet normal 8.316733e-01 -5.552653e-01 0.000000e+00
    outer loop
      vertex 5.391750e+01 3.512500e+01 0.000000e+00
      vertex 5.400830e+01 3.526100e+01 -4.000000e+00
      vertex 5.400830e+01 3.526100e+01 0.000000e+00
    endloop
  endfacet
  facet normal -8.316733e-01 5.552653e-01 0.000000e+00
    outer loop
      vertex 5.599170e+01 3.373900e+01 -4.000000e+00
      vertex 5.599170e+01 3.373900e+01 0.000000e+00
      vertex 5.608250e+01 3.387500e+01 0.000000e+00
    endloop
  endfacet
  facet normal -8.966188e-01 4.428032e-01 0.000000e+00
    outer loop
      vertex 5.608250e+01 3.387500e+01 -4.000000e+00
      vertex 5.608250e+01 3.387500e+01 0.000000e+00
      vertex 5.615490e+01 3.402160e+01 0.000000e+00
    endloop
  endfacet
  facet normal -9.470783e-01 3.210028e-01 0.000000e+00
    outer loop
      vertex 5.615490e+01 3.402160e+01 -4.000000e+00
      vertex 5.615490e+01 3.402160e+01 0.000000e+00
      vertex 5.620740e+01 3.417650e+01 0.000000e+00
    endloop
  endfacet
  facet normal -9.807705e-01 1.951645e-01 0.000000e+00
    outer loop
      vertex 5.620740e+01 3.417650e+01 -4.000000e+00
      vertex 5.620740e+01 3.417650e+01 0.000000e+00
      vertex 5.623930e+01 3.433680e+01 0.000000e+00
    endloop
  endfacet
  facet normal -9.978575e-01 6.542449e-02 0.000000e+00
    outer loop
      vertex 5.623930e+01 3.433680e+01 -4.000000e+00
      vertex 5.623930e+01 3.433680e+01 0.000000e+00
      vertex 5.625000e+01 3.450000e+01 0.000000e+00
    endloop
  endfacet
  facet normal -9.978575e-01 -6.542449e-02 0.000000e+00
    outer loop
      vertex 5.625000e+01 3.450000e+01 -4.000000e+00
      vertex 5.625000e+01 3.450000e+01 0.000000e+00
      vertex 5.623930e+01 3.466320e+01 0.000000e+00
    endloop
  endfacet
  facet normal -9.807705e-01 -1.951645e-01 0.000000e+00
    outer loop
      vertex 5.623930e+01 3.466320e+01 -4.000000e+00
      vertex 5.623930e+01 3.466320e+01 0.000000e+00
      vertex 5.620740e+01 3.482350e+01 0.000000e+00
    endloop
  endfacet
  facet normal -9.470783e-01 -3.210028e-01 0.000000e+00
    outer loop
      vertex 5.620740e+01 3.482350e+01 -4.000000e+00
      vertex 5.620740e+01 3.482350e+01 0.000000e+00
      vertex 5.615490e+01 3.497840e+01 0.000000e+00
    endloop
  endfacet
  facet normal -8.966188e-01 -4.428032e-01 0.000000e+00
    outer loop
      vertex 5.615490e+01 3.497840e+01 -4.000000e+00
      vertex 5.615490e+01 3.497840e+01 0.000000e+00
      vertex 5.608250e+01 3.512500e+01 0.000000e+00
    endloop
  endfacet
  facet normal -8.316733e-01 -5.552653e-01 0.000000e+00
    outer loop
      vertex 5.608250e+01 3.512500e+01 -4.000000e+00
      vertex 5.608250e+01 3.512500e+01 0.000000e+00
      vertex 5.599170e+01 3.526100e+01 0.000000e+00
    endloop
  endfacet
  facet normal 0.000000e+00 0.000000e+00 -1.000000e+00
    outer loop
      vertex 5.625000e+01 3.450000e+01 -4.000000e+00
      vertex 5.623930e+01 3.466320e+01 -4.000000e+00
      vertex 9.992650e+01 3.490460e+01 -4.000000e+00
    endloop
  endfacet
  facet normal 0.000000e+00 0.000000e+00 -1.000000e+00
    outer loop
      vertex 5.623930e+01 3.466320e+01 -4.000000e+00
      vertex 5.620740e+01 3.482350e+01 -4.000000e+00
      vertex 9.992650e+01 3.490460e+01 -4.000000e+00
    endloop
  endfacet
  facet normal 0.000000e+00 0.000000e+00 -1.000000e+00
    outer loop
      vertex 5.620740e+01 3.482350e+01 -4.000000e+00
      vertex 5.615490e+01 3.497840e+01 -4.000000e+00
      vertex 1.000060e+02 3.530230e+01 -4.000000e+00
    endloop
  endfacet
  facet normal -0.000000e+00 0.000000e+00 1.000000e+00
    outer loop
      vertex 5.576100e+01 3.350830e+01 0.000000e+00
      vertex 1.008080e+02 3.230800e+01 0.000000e+00
      vertex 5.588390e+01 3.361610e+01 0.000000e+00
    endloop
  endfacet
  facet normal -0.000000e+00 0.000000e+00 1.000000e+00
    outer loop
      vertex 5.588390e+01 3.361610e+01 0.000000e+00
      vertex 1.005410e+02 3.261280e+01 0.000000e+00
      vertex 5.599170e+01 3.373900e+01 0.000000e+00
    endloop
  endfacet
  facet normal -0.000000e+00 0.000000e+00 1.000000e+00
    outer loop
      vertex 5.599170e+01 3.373900e+01 0.000000e+00
      vertex 1.003150e+02 3.295000e+01 0.000000e+00
      vertex 5.608250e+01 3.387500e+01 0.000000e+00
    endloop
  endfacet
  facet normal -0.000000e+00 0.000000e+00 1.000000e+00
    outer loop
      vertex 5.608250e+01 3.387500e+01 0.000000e+00
      vertex 1.001360e+02 3.331370e+01 0.000000e+00
      vertex 5.615490e+01 3.402160e+01 0.000000e+00
    endloop
  endfacet
  facet normal -0.000000e+00 0.000000e+00 1.000000e+00
    outer loop
      vertex 5.615490e+01 3.402160e+01 0.000000e+00
      vertex 1.000060e+02 3.369770e+01 0.000000e+00
      vertex 5.620740e+01 3.417650e+01 0.000000e+00
    endloop
  endfacet
  facet normal -0.000000e+00 0.000000e+00 1.000000e+00
    outer loop
      vertex 5.620740e+01 3.417650e+01 0.000000e+00
      vertex 9.992650e+01 3.409540e+01 0.000000e+00
      vertex 5.623930e+01 3.433680e+01 0.000000e+00
    endloop
  endfacet
  facet normal -0.000000e+00 0.000000e+00 1.000000e+00
    outer loop
      vertex 5.623930e+01 3.433680e+01 0.000000e+00
      vertex 9.992650e+01 3.409540e+01 0.000000e+00
      vertex 5.625000e+01 3.450000e+01 0.000000e+00
    endloop
  endfacet
  facet normal 0.000000e+00 -0.000000e+00 1.000000e+00
    outer loop
      vertex 5.625000e+01 3.450000e+01 0.000000e+00
      vertex 9.992650e+01 3.490460e+01 0.000000e+00
      vertex 5.623930e+01 3.466320e+01 0.000000e+00
    endloop
  endfacet
  facet normal 0.000000e+00 -0.000000e+00 1.000000e+00
    outer loop
      vertex 5.623930e+01 3.466320e+01 0.000000e+00
      vertex 9.992650e+01 3.490460e+01 0.000000e+00
      vertex 5.620740e+01 3.482350e+01 0.000000e+00
    endloop
  endfacet
  facet normal 0.000000e+00 -0.000000e+00 1.000000e+00
    outer loop
      vertex 5.620740e+01 3.482350e+01 0.000000e+00
      vertex 1.000060e+02 3.530230e+01 0.000000e+00
      vertex 5.615490e+01 3.497840e+01 0.000000e+00
    endloop
  endfacet
  facet normal 0.000000e+00 0.000000e+00 -1.000000e+00
    outer loop
      vertex -5.500000e+01 3.575000e+01 -4.000000e+00
      vertex 1.550000e+02 4.300000e+01 -4.000000e+00
      vertex 5.500000e+01 3.575000e+01 -4.000000e+00
    endloop
  endfacet
  facet normal 7.517768e-01 -6.594177e-01 0.000000e+00
    outer loop
      vertex 5.400830e+01 3.526100e+01 -4.000000e+00
      vertex 5.411610e+01 3.538390e+01 -4.000000e+00
      vertex 5.400830e+01 3.526100e+01 0.000000e+00
    endloop
  endfacet
  facet normal 6.594177e-01 -7.517768e-01 0.000000e+00
    outer loop
      vertex 5.411610e+01 3.538390e+01 -4.000000e+00
      vertex 5.423900e+01 3.549170e+01 -4.000000e+00
      vertex 5.423900e+01 3.549170e+01 0.000000e+00
    endloop
  endfacet
  facet normal 5.552653e-01 -8.316733e-01 0.000000e+00
    outer loop
      vertex 5.423900e+01 3.549170e+01 -4.000000e+00
      vertex 5.437500e+01 3.558250e+01 -4.000000e+00
      vertex 5.437500e+01 3.558250e+01 0.000000e+00
    endloop
  endfacet
  facet normal 4.428032e-01 -8.966188e-01 0.000000e+00
    outer loop
      vertex 5.437500e+01 3.558250e+01 -4.000000e+00
      vertex 5.452160e+01 3.565490e+01 -4.000000e+00
      vertex 5.452160e+01 3.565490e+01 0.000000e+00
    endloop
  endfacet
  facet normal -4.428032e-01 -8.966188e-01 0.000000e+00
    outer loop
      vertex 5.562500e+01 3.558250e+01 -4.000000e+00
      vertex 5.562500e+01 3.558250e+01 0.000000e+00
      vertex 5.547840e+01 3.565490e+01 -4.000000e+00
    endloop
  endfacet
  facet normal 3.210028e-01 -9.470783e-01 0.000000e+00
    outer loop
      vertex 5.452160e+01 3.565490e+01 -4.000000e+00
      vertex 5.467650e+01 3.570740e+01 -4.000000e+00
      vertex 5.467650e+01 3.570740e+01 0.000000e+00
    endloop
  endfacet
  facet normal 1.951645e-01 -9.807705e-01 0.000000e+00
    outer loop
      vertex 5.467650e+01 3.570740e+01 -4.000000e+00
      vertex 5.483680e+01 3.573930e+01 -4.000000e+00
      vertex 5.483680e+01 3.573930e+01 0.000000e+00
    endloop
  endfacet
  facet normal 6.542449e-02 -9.978575e-01 0.000000e+00
    outer loop
      vertex 5.500000e+01 3.575000e+01 -4.000000e+00
      vertex 5.500000e+01 3.575000e+01 0.000000e+00
      vertex 5.483680e+01 3.573930e+01 -4.000000e+00
    endloop
  endfacet
  facet normal -6.542449e-02 -9.978575e-01 0.000000e+00
    outer loop
      vertex 5.500000e+01 3.575000e+01 -4.000000e+00
      vertex 5.516320e+01 3.573930e+01 -4.000000e+00
      vertex 5.516320e+01 3.573930e+01 0.000000e+00
    endloop
  endfacet
  facet normal -1.951645e-01 -9.807705e-01 0.000000e+00
    outer loop
      vertex 5.532350e+01 3.570740e+01 -4.000000e+00
      vertex 5.532350e+01 3.570740e+01 0.000000e+00
      vertex 5.516320e+01 3.573930e+01 -4.000000e+00
    endloop
  endfacet
  facet normal -3.210028e-01 -9.470783e-01 0.000000e+00
    outer loop
      vertex 5.532350e+01 3.570740e+01 -4.000000e+00
      vertex 5.547840e+01 3.565490e+01 -4.000000e+00
      vertex 5.547840e+01 3.565490e+01 0.000000e+00
    endloop
  endfacet
  facet normal -6.594177e-01 -7.517768e-01 0.000000e+00
    outer loop
      vertex 5.588390e+01 3.538390e+01 -4.000000e+00
      vertex 5.588390e+01 3.538390e+01 0.000000e+00
      vertex 5.576100e+01 3.549170e+01 -4.000000e+00
    endloop
  endfacet
  facet normal -7.517768e-01 -6.594177e-01 0.000000e+00
    outer loop
      vertex 5.599170e+01 3.526100e+01 -4.000000e+00
      vertex 5.588390e+01 3.538390e+01 0.000000e+00
      vertex 5.588390e+01 3.538390e+01 -4.000000e+00
    endloop
  endfacet
  facet normal -5.552653e-01 -8.316733e-01 0.000000e+00
    outer loop
      vertex 5.562500e+01 3.558250e+01 -4.000000e+00
      vertex 5.576100e+01 3.549170e+01 -4.000000e+00
      vertex 5.576100e+01 3.549170e+01 0.000000e+00
    endloop
  endfacet
  facet normal 7.517768e-01 -6.594177e-01 0.000000e+00
    outer loop
      vertex 5.411610e+01 3.538390e+01 -4.000000e+00
      vertex 5.411610e+01 3.538390e+01 0.000000e+00
      vertex 5.400830e+01 3.526100e+01 0.000000e+00
    endloop
  endfacet
  facet normal 6.594177e-01 -7.517768e-01 0.000000e+00
    outer loop
      vertex 5.411610e+01 3.538390e+01 -4.000000e+00
      vertex 5.423900e+01 3.549170e+01 0.000000e+00
      vertex 5.411610e+01 3.538390e+01 0.000000e+00
    endloop
  endfacet
  facet normal 5.552653e-01 -8.316733e-01 0.000000e+00
    outer loop
      vertex 5.423900e+01 3.549170e+01 -4.000000e+00
      vertex 5.437500e+01 3.558250e+01 0.000000e+00
      vertex 5.423900e+01 3.549170e+01 0.000000e+00
    endloop
  endfacet
  facet normal 4.428032e-01 -8.966188e-01 0.000000e+00
    outer loop
      vertex 5.437500e+01 3.558250e+01 -4.000000e+00
      vertex 5.452160e+01 3.565490e+01 0.000000e+00
      vertex 5.437500e+01 3.558250e+01 0.000000e+00
    endloop
  endfacet
  facet normal -5.552653e-01 -8.316733e-01 0.000000e+00
    outer loop
      vertex 5.562500e+01 3.558250e+01 -4.000000e+00
      vertex 5.576100e+01 3.549170e+01 0.000000e+00
      vertex 5.562500e+01 3.558250e+01 0.000000e+00
    endloop
  endfacet
  facet normal 3.210028e-01 -9.470783e-01 0.000000e+00
    outer loop
      vertex 5.452160e+01 3.565490e+01 -4.000000e+00
      vertex 5.467650e+01 3.570740e+01 0.000000e+00
      vertex 5.452160e+01 3.565490e+01 0.000000e+00
    endloop
  endfacet
  facet normal 1.951645e-01 -9.807705e-01 0.000000e+00
    outer loop
      vertex 5.467650e+01 3.570740e+01 -4.000000e+00
      vertex 5.483680e+01 3.573930e+01 0.000000e+00
      vertex 5.467650e+01 3.570740e+01 0.000000e+00
    endloop
  endfacet
  facet normal -6.542449e-02 -9.978575e-01 0.000000e+00
    outer loop
      vertex 5.500000e+01 3.575000e+01 -4.000000e+00
      vertex 5.516320e+01 3.573930e+01 0.000000e+00
      vertex 5.500000e+01 3.575000e+01 0.000000e+00
    endloop
  endfacet
  facet normal 6.542449e-02 -9.978575e-01 0.000000e+00
    outer loop
      vertex 5.483680e+01 3.573930e+01 -4.000000e+00
      vertex 5.500000e+01 3.575000e+01 0.000000e+00
      vertex 5.483680e+01 3.573930e+01 0.000000e+00
    endloop
  endfacet
  facet normal -3.210028e-01 -9.470783e-01 0.000000e+00
    outer loop
      vertex 5.532350e+01 3.570740e+01 -4.000000e+00
      vertex 5.547840e+01 3.565490e+01 0.000000e+00
      vertex 5.532350e+01 3.570740e+01 0.000000e+00
    endloop
  endfacet
  facet normal -1.951645e-01 -9.807705e-01 0.000000e+00
    outer loop
      vertex 5.516320e+01 3.573930e+01 -4.000000e+00
      vertex 5.532350e+01 3.570740e+01 0.000000e+00
      vertex 5.516320e+01 3.573930e+01 0.000000e+00
    endloop
  endfacet
  facet normal -4.428032e-01 -8.966188e-01 0.000000e+00
    outer loop
      vertex 5.547840e+01 3.565490e+01 -4.000000e+00
      vertex 5.562500e+01 3.558250e+01 0.000000e+00
      vertex 5.547840e+01 3.565490e+01 0.000000e+00
    endloop
  endfacet
  facet normal -7.517768e-01 -6.594177e-01 0.000000e+00
    outer loop
      vertex 5.599170e+01 3.526100e+01 -4.000000e+00
      vertex 5.599170e+01 3.526100e+01 0.000000e+00
      vertex 5.588390e+01 3.538390e+01 0.000000e+00
    endloop
  endfacet
  facet normal -6.594177e-01 -7.517768e-01 0.000000e+00
    outer loop
      vertex 5.576100e+01 3.549170e+01 -4.000000e+00
      vertex 5.588390e+01 3.538390e+01 0.000000e+00
      vertex 5.576100e+01 3.549170e+01 0.000000e+00
    endloop
  endfacet
  facet normal 0.000000e+00 0.000000e+00 1.000000e+00
    outer loop
      vertex -5.500000e+01 3.575000e+01 0.000000e+00
      vertex 5.500000e+01 3.575000e+01 0.000000e+00
      vertex 1.530000e+02 4.500000e+01 0.000000e+00
    endloop
  endfacet
  facet normal -0.000000e+00 7.071068e-01 7.071068e-01
    outer loop
      vertex -1.530000e+02 4.500000e+01 0.000000e+00
      vertex 1.530000e+02 4.500000e+01 0.000000e+00
      vertex 1.530000e+02 4.700000e+01 -2.000000e+00
    endloop
  endfacet
  facet normal 0.000000e+00 0.000000e+00 -1.000000e+00
    outer loop
      vertex 5.615490e+01 3.497840e+01 -4.000000e+00
      vertex 5.608250e+01 3.512500e+01 -4.000000e+00
      vertex 1.001360e+02 3.568630e+01 -4.000000e+00
    endloop
  endfacet
  facet normal 0.000000e+00 0.000000e+00 -1.000000e+00
    outer loop
      vertex 5.608250e+01 3.512500e+01 -4.000000e+00
      vertex 5.599170e+01 3.526100e+01 -4.000000e+00
      vertex 1.003150e+02 3.605000e+01 -4.000000e+00
    endloop
  endfacet
  facet normal 0.000000e+00 0.000000e+00 -1.000000e+00
    outer loop
      vertex 5.599170e+01 3.526100e+01 -4.000000e+00
      vertex 5.588390e+01 3.538390e+01 -4.000000e+00
      vertex 1.005410e+02 3.638720e+01 -4.000000e+00
    endloop
  endfacet
  facet normal 0.000000e+00 0.000000e+00 -1.000000e+00
    outer loop
      vertex 5.588390e+01 3.538390e+01 -4.000000e+00
      vertex 5.576100e+01 3.549170e+01 -4.000000e+00
      vertex 1.008080e+02 3.669200e+01 -4.000000e+00
    endloop
  endfacet
  facet normal 0.000000e+00 0.000000e+00 -1.000000e+00
    outer loop
      vertex 5.562500e+01 3.558250e+01 -4.000000e+00
      vertex 1.011130e+02 3.695940e+01 -4.000000e+00
      vertex 5.576100e+01 3.549170e+01 -4.000000e+00
    endloop
  endfacet
  facet normal 0.000000e+00 0.000000e+00 -1.000000e+00
    outer loop
      vertex 5.562500e+01 3.558250e+01 -4.000000e+00
      vertex 5.547840e+01 3.565490e+01 -4.000000e+00
      vertex 1.014500e+02 3.718470e+01 -4.000000e+00
    endloop
  endfacet
  facet normal 0.000000e+00 0.000000e+00 -1.000000e+00
    outer loop
      vertex 5.532350e+01 3.570740e+01 -4.000000e+00
      vertex 1.018140e+02 3.736400e+01 -4.000000e+00
      vertex 5.547840e+01 3.565490e+01 -4.000000e+00
    endloop
  endfacet
  facet normal 0.000000e+00 0.000000e+00 -1.000000e+00
    outer loop
      vertex 5.532350e+01 3.570740e+01 -4.000000e+00
      vertex 5.516320e+01 3.573930e+01 -4.000000e+00
      vertex 1.021980e+02 3.749440e+01 -4.000000e+00
    endloop
  endfacet
  facet normal 0.000000e+00 0.000000e+00 -1.000000e+00
    outer loop
      vertex 5.500000e+01 3.575000e+01 -4.000000e+00
      vertex 1.025950e+02 3.757350e+01 -4.000000e+00
      vertex 5.516320e+01 3.573930e+01 -4.000000e+00
    endloop
  endfacet
  facet normal 0.000000e+00 -0.000000e+00 1.000000e+00
    outer loop
      vertex 5.615490e+01 3.497840e+01 0.000000e+00
      vertex 1.001360e+02 3.568630e+01 0.000000e+00
      vertex 5.608250e+01 3.512500e+01 0.000000e+00
    endloop
  endfacet
  facet normal 0.000000e+00 -0.000000e+00 1.000000e+00
    outer loop
      vertex 5.608250e+01 3.512500e+01 0.000000e+00
      vertex 1.003150e+02 3.605000e+01 0.000000e+00
      vertex 5.599170e+01 3.526100e+01 0.000000e+00
    endloop
  endfacet
  facet normal 0.000000e+00 -0.000000e+00 1.000000e+00
    outer loop
      vertex 5.599170e+01 3.526100e+01 0.000000e+00
      vertex 1.005410e+02 3.638720e+01 0.000000e+00
      vertex 5.588390e+01 3.538390e+01 0.000000e+00
    endloop
  endfacet
  facet normal 0.000000e+00 -0.000000e+00 1.000000e+00
    outer loop
      vertex 5.588390e+01 3.538390e+01 0.000000e+00
      vertex 1.008080e+02 3.669200e+01 0.000000e+00
      vertex 5.576100e+01 3.549170e+01 0.000000e+00
    endloop
  endfacet
  facet normal -0.000000e+00 0.000000e+00 1.000000e+00
    outer loop
      vertex 5.562500e+01 3.558250e+01 0.000000e+00
      vertex 5.576100e+01 3.549170e+01 0.000000e+00
      vertex 1.011130e+02 3.695940e+01 0.000000e+00
    endloop
  endfacet
  facet normal 0.000000e+00 -0.000000e+00 1.000000e+00
    outer loop
      vertex 5.562500e+01 3.558250e+01 0.000000e+00
      vertex 1.014500e+02 3.718470e+01 0.000000e+00
      vertex 5.547840e+01 3.565490e+01 0.000000e+00
    endloop
  endfacet
  facet normal -0.000000e+00 0.000000e+00 1.000000e+00
    outer loop
      vertex 5.532350e+01 3.570740e+01 0.000000e+00
      vertex 5.547840e+01 3.565490e+01 0.000000e+00
      vertex 1.018140e+02 3.736400e+01 0.000000e+00
    endloop
  endfacet
  facet normal 0.000000e+00 -0.000000e+00 1.000000e+00
    outer loop
      vertex 5.532350e+01 3.570740e+01 0.000000e+00
      vertex 1.021980e+02 3.749440e+01 0.000000e+00
      vertex 5.516320e+01 3.573930e+01 0.000000e+00
    endloop
  endfacet
  facet normal -0.000000e+00 0.000000e+00 1.000000e+00
    outer loop
      vertex 5.500000e+01 3.575000e+01 0.000000e+00
      vertex 5.516320e+01 3.573930e+01 0.000000e+00
      vertex 1.025950e+02 3.757350e+01 0.000000e+00
    endloop
  endfacet
  facet normal 9.978507e-01 -6.552850e-02 0.000000e+00
    outer loop
      vertex 1.115000e+02 0.000000e+00 -4.000000e+00
      vertex 1.116200e+02 1.827370e+00 -4.000000e+00
      vertex 1.115000e+02 0.000000e+00 0.000000e+00
    endloop
  endfacet
  facet normal 9.808137e-01 -1.949475e-01 0.000000e+00
    outer loop
      vertex 1.116200e+02 1.827370e+00 -4.000000e+00
      vertex 1.119770e+02 3.623470e+00 -4.000000e+00
      vertex 1.116200e+02 1.827370e+00 0.000000e+00
    endloop
  endfacet
  facet normal 9.978507e-01 -6.552850e-02 0.000000e+00
    outer loop
      vertex 1.116200e+02 1.827370e+00 -4.000000e+00
      vertex 1.116200e+02 1.827370e+00 0.000000e+00
      vertex 1.115000e+02 0.000000e+00 0.000000e+00
    endloop
  endfacet
  facet normal 9.468708e-01 -3.216142e-01 0.000000e+00
    outer loop
      vertex 1.119770e+02 3.623470e+00 -4.000000e+00
      vertex 1.125660e+02 5.357570e+00 -4.000000e+00
      vertex 1.119770e+02 3.623470e+00 0.000000e+00
    endloop
  endfacet
  facet normal 9.808137e-01 -1.949475e-01 0.000000e+00
    outer loop
      vertex 1.119770e+02 3.623470e+00 -4.000000e+00
      vertex 1.119770e+02 3.623470e+00 0.000000e+00
      vertex 1.116200e+02 1.827370e+00 0.000000e+00
    endloop
  endfacet
  facet normal 9.468708e-01 -3.216142e-01 0.000000e+00
    outer loop
      vertex 1.125660e+02 5.357570e+00 -4.000000e+00
      vertex 1.125660e+02 5.357570e+00 0.000000e+00
      vertex 1.119770e+02 3.623470e+00 0.000000e+00
    endloop
  endfacet
  facet normal 8.968639e-01 -4.423066e-01 0.000000e+00
    outer loop
      vertex 1.125660e+02 5.357570e+00 -4.000000e+00
      vertex 1.133760e+02 7.000000e+00 -4.000000e+00
      vertex 1.125660e+02 5.357570e+00 0.000000e+00
    endloop
  endfacet
  facet normal 8.315732e-01 -5.554151e-01 0.000000e+00
    outer loop
      vertex 1.133760e+02 7.000000e+00 -4.000000e+00
      vertex 1.143930e+02 8.522660e+00 -4.000000e+00
      vertex 1.133760e+02 7.000000e+00 0.000000e+00
    endloop
  endfacet
  facet normal 8.968639e-01 -4.423066e-01 0.000000e+00
    outer loop
      vertex 1.125660e+02 5.357570e+00 0.000000e+00
      vertex 1.133760e+02 7.000000e+00 -4.000000e+00
      vertex 1.133760e+02 7.000000e+00 0.000000e+00
    endloop
  endfacet
  facet normal 8.315732e-01 -5.554151e-01 0.000000e+00
    outer loop
      vertex 1.143930e+02 8.522660e+00 -4.000000e+00
      vertex 1.143930e+02 8.522660e+00 0.000000e+00
      vertex 1.133760e+02 7.000000e+00 0.000000e+00
    endloop
  endfacet
  facet normal 7.516902e-01 -6.595163e-01 0.000000e+00
    outer loop
      vertex 1.143930e+02 8.522660e+00 -4.000000e+00
      vertex 1.156010e+02 9.899490e+00 -4.000000e+00
      vertex 1.143930e+02 8.522660e+00 0.000000e+00
    endloop
  endfacet
  facet normal 7.516902e-01 -6.595163e-01 0.000000e+00
    outer loop
      vertex 1.156010e+02 9.899490e+00 -4.000000e+00
      vertex 1.156010e+02 9.899490e+00 0.000000e+00
      vertex 1.143930e+02 8.522660e+00 0.000000e+00
    endloop
  endfacet
  facet normal 6.595591e-01 -7.516527e-01 0.000000e+00
    outer loop
      vertex 1.156010e+02 9.899490e+00 -4.000000e+00
      vertex 1.169770e+02 1.110690e+01 0.000000e+00
      vertex 1.156010e+02 9.899490e+00 0.000000e+00
    endloop
  endfacet
  facet normal 0.000000e+00 0.000000e+00 1.000000e+00
    outer loop
      vertex 5.576100e+01 3.350830e+01 0.000000e+00
      vertex 1.115000e+02 0.000000e+00 0.000000e+00
      vertex 1.116200e+02 1.827370e+00 0.000000e+00
    endloop
  endfacet
  facet normal 0.000000e+00 0.000000e+00 -1.000000e+00
    outer loop
      vertex 5.625000e+01 3.450000e+01 -4.000000e+00
      vertex 1.008080e+02 3.230800e+01 -4.000000e+00
      vertex 1.115000e+02 0.000000e+00 -4.000000e+00
    endloop
  endfacet
  facet normal 0.000000e+00 0.000000e+00 1.000000e+00
    outer loop
      vertex 5.576100e+01 3.350830e+01 0.000000e+00
      vertex 1.116200e+02 1.827370e+00 0.000000e+00
      vertex 1.008080e+02 3.230800e+01 0.000000e+00
    endloop
  endfacet
  facet normal 0.000000e+00 0.000000e+00 -1.000000e+00
    outer loop
      vertex 1.115000e+02 0.000000e+00 -4.000000e+00
      vertex 1.061000e+02 3.450000e+01 -4.000000e+00
      vertex 1.116200e+02 1.827370e+00 -4.000000e+00
    endloop
  endfacet
  facet normal 0.000000e+00 0.000000e+00 -1.000000e+00
    outer loop
      vertex 1.116200e+02 1.827370e+00 -4.000000e+00
      vertex 1.061000e+02 3.450000e+01 -4.000000e+00
      vertex 1.119770e+02 3.623470e+00 -4.000000e+00
    endloop
  endfacet
  facet normal 0.000000e+00 0.000000e+00 -1.000000e+00
    outer loop
      vertex 1.119770e+02 3.623470e+00 -4.000000e+00
      vertex 1.061000e+02 3.450000e+01 -4.000000e+00
      vertex 1.125660e+02 5.357570e+00 -4.000000e+00
    endloop
  endfacet
  facet normal 0.000000e+00 0.000000e+00 -1.000000e+00
    outer loop
      vertex 1.125660e+02 5.357570e+00 -4.000000e+00
      vertex 1.061000e+02 3.450000e+01 -4.000000e+00
      vertex 1.133760e+02 7.000000e+00 -4.000000e+00
    endloop
  endfacet
  facet normal 0.000000e+00 0.000000e+00 -1.000000e+00
    outer loop
      vertex 1.133760e+02 7.000000e+00 -4.000000e+00
      vertex 1.061000e+02 3.450000e+01 -4.000000e+00
      vertex 1.143930e+02 8.522660e+00 -4.000000e+00
    endloop
  endfacet
  facet normal 0.000000e+00 -0.000000e+00 1.000000e+00
    outer loop
      vertex 1.116200e+02 1.827370e+00 0.000000e+00
      vertex 1.119770e+02 3.623470e+00 0.000000e+00
      vertex 1.011130e+02 3.204060e+01 0.000000e+00
    endloop
  endfacet
  facet normal 0.000000e+00 -0.000000e+00 1.000000e+00
    outer loop
      vertex 1.119770e+02 3.623470e+00 0.000000e+00
      vertex 1.125660e+02 5.357570e+00 0.000000e+00
      vertex 1.014500e+02 3.181530e+01 0.000000e+00
    endloop
  endfacet
  facet normal 0.000000e+00 -0.000000e+00 1.000000e+00
    outer loop
      vertex 1.125660e+02 5.357570e+00 0.000000e+00
      vertex 1.133760e+02 7.000000e+00 0.000000e+00
      vertex 1.021980e+02 3.150560e+01 0.000000e+00
    endloop
  endfacet
  facet normal 0.000000e+00 -0.000000e+00 1.000000e+00
    outer loop
      vertex 1.133760e+02 7.000000e+00 0.000000e+00
      vertex 1.143930e+02 8.522660e+00 0.000000e+00
      vertex 1.025950e+02 3.142650e+01 0.000000e+00
    endloop
  endfacet
  facet normal 0.000000e+00 -0.000000e+00 1.000000e+00
    outer loop
      vertex 1.143930e+02 8.522660e+00 0.000000e+00
      vertex 1.156010e+02 9.899490e+00 0.000000e+00
      vertex 1.034050e+02 3.142650e+01 0.000000e+00
    endloop
  endfacet
  facet normal 0.000000e+00 -0.000000e+00 1.000000e+00
    outer loop
      vertex 1.156010e+02 9.899490e+00 0.000000e+00
      vertex 1.169770e+02 1.110690e+01 0.000000e+00
      vertex 1.041860e+02 3.163600e+01 0.000000e+00
    endloop
  endfacet
  facet normal 0.000000e+00 0.000000e+00 -1.000000e+00
    outer loop
      vertex 1.115000e+02 0.000000e+00 -4.000000e+00
      vertex 1.011130e+02 3.204060e+01 -4.000000e+00
      vertex 1.014500e+02 3.181530e+01 -4.000000e+00
    endloop
  endfacet
  facet normal 0.000000e+00 0.000000e+00 -1.000000e+00
    outer loop
      vertex 1.115000e+02 0.000000e+00 -4.000000e+00
      vertex 1.018140e+02 3.163600e+01 -4.000000e+00
      vertex 1.021980e+02 3.150560e+01 -4.000000e+00
    endloop
  endfacet
  facet normal 0.000000e+00 0.000000e+00 -1.000000e+00
    outer loop
      vertex 1.115000e+02 0.000000e+00 -4.000000e+00
      vertex 1.014500e+02 3.181530e+01 -4.000000e+00
      vertex 1.018140e+02 3.163600e+01 -4.000000e+00
    endloop
  endfacet
  facet normal 0.000000e+00 0.000000e+00 -1.000000e+00
    outer loop
      vertex 1.115000e+02 0.000000e+00 -4.000000e+00
      vertex 1.021980e+02 3.150560e+01 -4.000000e+00
      vertex 1.025950e+02 3.142650e+01 -4.000000e+00
    endloop
  endfacet
  facet normal 0.000000e+00 0.000000e+00 -1.000000e+00
    outer loop
      vertex 1.115000e+02 0.000000e+00 -4.000000e+00
      vertex 1.025950e+02 3.142650e+01 -4.000000e+00
      vertex 1.030000e+02 3.140000e+01 -4.000000e+00
    endloop
  endfacet
  facet normal 0.000000e+00 0.000000e+00 -1.000000e+00
    outer loop
      vertex 1.115000e+02 0.000000e+00 -4.000000e+00
      vertex 1.034050e+02 3.142650e+01 -4.000000e+00
      vertex 1.038020e+02 3.150560e+01 -4.000000e+00
    endloop
  endfacet
  facet normal 0.000000e+00 0.000000e+00 -1.000000e+00
    outer loop
      vertex 1.115000e+02 0.000000e+00 -4.000000e+00
      vertex 1.030000e+02 3.140000e+01 -4.000000e+00
      vertex 1.034050e+02 3.142650e+01 -4.000000e+00
    endloop
  endfacet
  facet normal 0.000000e+00 0.000000e+00 -1.000000e+00
    outer loop
      vertex 1.115000e+02 0.000000e+00 -4.000000e+00
      vertex 1.038020e+02 3.150560e+01 -4.000000e+00
      vertex 1.041860e+02 3.163600e+01 -4.000000e+00
    endloop
  endfacet
  facet normal 0.000000e+00 0.000000e+00 -1.000000e+00
    outer loop
      vertex 1.115000e+02 0.000000e+00 -4.000000e+00
      vertex 1.008080e+02 3.230800e+01 -4.000000e+00
      vertex 1.011130e+02 3.204060e+01 -4.000000e+00
    endloop
  endfacet
  facet normal 0.000000e+00 0.000000e+00 -1.000000e+00
    outer loop
      vertex 1.143930e+02 8.522660e+00 -4.000000e+00
      vertex 1.061000e+02 3.450000e+01 -4.000000e+00
      vertex 1.156010e+02 9.899490e+00 -4.000000e+00
    endloop
  endfacet
  facet normal 0.000000e+00 0.000000e+00 -1.000000e+00
    outer loop
      vertex 1.156010e+02 9.899490e+00 -4.000000e+00
      vertex 1.061000e+02 3.450000e+01 -4.000000e+00
      vertex 1.169770e+02 1.110690e+01 -4.000000e+00
    endloop
  endfacet
  facet normal 0.000000e+00 0.000000e+00 -1.000000e+00
    outer loop
      vertex 1.169770e+02 1.110690e+01 -4.000000e+00
      vertex 1.061000e+02 3.450000e+01 -4.000000e+00
      vertex 1.185000e+02 1.212440e+01 -4.000000e+00
    endloop
  endfacet
  facet normal 0.000000e+00 0.000000e+00 -1.000000e+00
    outer loop
      vertex 1.185000e+02 1.212440e+01 -4.000000e+00
      vertex 1.061000e+02 3.450000e+01 -4.000000e+00
      vertex 1.201420e+02 1.293430e+01 -4.000000e+00
    endloop
  endfacet
  facet normal 0.000000e+00 0.000000e+00 -1.000000e+00
    outer loop
      vertex 1.201420e+02 1.293430e+01 -4.000000e+00
      vertex 1.061000e+02 3.450000e+01 -4.000000e+00
      vertex 1.218770e+02 1.352300e+01 -4.000000e+00
    endloop
  endfacet
  facet normal 0.000000e+00 0.000000e+00 -1.000000e+00
    outer loop
      vertex 1.115000e+02 0.000000e+00 -4.000000e+00
      vertex 1.041860e+02 3.163600e+01 -4.000000e+00
      vertex 1.045500e+02 3.181530e+01 -4.000000e+00
    endloop
  endfacet
  facet normal 0.000000e+00 0.000000e+00 -1.000000e+00
    outer loop
      vertex 1.115000e+02 0.000000e+00 -4.000000e+00
      vertex 1.045500e+02 3.181530e+01 -4.000000e+00
      vertex 1.048870e+02 3.204060e+01 -4.000000e+00
    endloop
  endfacet
  facet normal 0.000000e+00 0.000000e+00 -1.000000e+00
    outer loop
      vertex 1.115000e+02 0.000000e+00 -4.000000e+00
      vertex 1.048870e+02 3.204060e+01 -4.000000e+00
      vertex 1.051920e+02 3.230800e+01 -4.000000e+00
    endloop
  endfacet
  facet normal 0.000000e+00 0.000000e+00 -1.000000e+00
    outer loop
      vertex 1.115000e+02 0.000000e+00 -4.000000e+00
      vertex 1.051920e+02 3.230800e+01 -4.000000e+00
      vertex 1.054590e+02 3.261280e+01 -4.000000e+00
    endloop
  endfacet
  facet normal 0.000000e+00 0.000000e+00 -1.000000e+00
    outer loop
      vertex 1.115000e+02 0.000000e+00 -4.000000e+00
      vertex 1.054590e+02 3.261280e+01 -4.000000e+00
      vertex 1.056850e+02 3.295000e+01 -4.000000e+00
    endloop
  endfacet
  facet normal 0.000000e+00 0.000000e+00 -1.000000e+00
    outer loop
      vertex 1.115000e+02 0.000000e+00 -4.000000e+00
      vertex 1.056850e+02 3.295000e+01 -4.000000e+00
      vertex 1.058640e+02 3.331370e+01 -4.000000e+00
    endloop
  endfacet
  facet normal 0.000000e+00 0.000000e+00 -1.000000e+00
    outer loop
      vertex 1.115000e+02 0.000000e+00 -4.000000e+00
      vertex 1.058640e+02 3.331370e+01 -4.000000e+00
      vertex 1.059940e+02 3.369770e+01 -4.000000e+00
    endloop
  endfacet
  facet normal 0.000000e+00 0.000000e+00 -1.000000e+00
    outer loop
      vertex 1.115000e+02 0.000000e+00 -4.000000e+00
      vertex 1.059940e+02 3.369770e+01 -4.000000e+00
      vertex 1.060730e+02 3.409540e+01 -4.000000e+00
    endloop
  endfacet
  facet normal 0.000000e+00 0.000000e+00 -1.000000e+00
    outer loop
      vertex 1.115000e+02 0.000000e+00 -4.000000e+00
      vertex 1.060730e+02 3.409540e+01 -4.000000e+00
      vertex 1.061000e+02 3.450000e+01 -4.000000e+00
    endloop
  endfacet
  facet normal 0.000000e+00 0.000000e+00 1.000000e+00
    outer loop
      vertex 1.116200e+02 1.827370e+00 0.000000e+00
      vertex 1.011130e+02 3.204060e+01 0.000000e+00
      vertex 1.008080e+02 3.230800e+01 0.000000e+00
    endloop
  endfacet
  facet normal 0.000000e+00 0.000000e+00 1.000000e+00
    outer loop
      vertex 1.119770e+02 3.623470e+00 0.000000e+00
      vertex 1.014500e+02 3.181530e+01 0.000000e+00
      vertex 1.011130e+02 3.204060e+01 0.000000e+00
    endloop
  endfacet
  facet normal 0.000000e+00 0.000000e+00 1.000000e+00
    outer loop
      vertex 1.125660e+02 5.357570e+00 0.000000e+00
      vertex 1.018140e+02 3.163600e+01 0.000000e+00
      vertex 1.014500e+02 3.181530e+01 0.000000e+00
    endloop
  endfacet
  facet normal 0.000000e+00 0.000000e+00 1.000000e+00
    outer loop
      vertex 1.125660e+02 5.357570e+00 0.000000e+00
      vertex 1.021980e+02 3.150560e+01 0.000000e+00
      vertex 1.018140e+02 3.163600e+01 0.000000e+00
    endloop
  endfacet
  facet normal 0.000000e+00 0.000000e+00 1.000000e+00
    outer loop
      vertex 1.133760e+02 7.000000e+00 0.000000e+00
      vertex 1.025950e+02 3.142650e+01 0.000000e+00
      vertex 1.021980e+02 3.150560e+01 0.000000e+00
    endloop
  endfacet
  facet normal 0.000000e+00 -0.000000e+00 1.000000e+00
    outer loop
      vertex 1.169770e+02 1.110690e+01 0.000000e+00
      vertex 1.185000e+02 1.212440e+01 0.000000e+00
      vertex 1.045500e+02 3.181530e+01 0.000000e+00
    endloop
  endfacet
  facet normal 0.000000e+00 -0.000000e+00 1.000000e+00
    outer loop
      vertex 1.185000e+02 1.212440e+01 0.000000e+00
      vertex 1.201420e+02 1.293430e+01 0.000000e+00
      vertex 1.051920e+02 3.230800e+01 0.000000e+00
    endloop
  endfacet
  facet normal 0.000000e+00 -0.000000e+00 1.000000e+00
    outer loop
      vertex 1.201420e+02 1.293430e+01 0.000000e+00
      vertex 1.218770e+02 1.352300e+01 0.000000e+00
      vertex 1.056850e+02 3.295000e+01 0.000000e+00
    endloop
  endfacet
  facet normal 6.595591e-01 -7.516527e-01 0.000000e+00
    outer loop
      vertex 1.156010e+02 9.899490e+00 -4.000000e+00
      vertex 1.169770e+02 1.110690e+01 -4.000000e+00
      vertex 1.169770e+02 1.110690e+01 0.000000e+00
    endloop
  endfacet
  facet normal 5.555182e-01 -8.315044e-01 0.000000e+00
    outer loop
      vertex 1.169770e+02 1.110690e+01 -4.000000e+00
      vertex 1.185000e+02 1.212440e+01 0.000000e+00
      vertex 1.169770e+02 1.110690e+01 0.000000e+00
    endloop
  endfacet
  facet normal -6.595570e-01 -7.516545e-01 0.000000e+00
    outer loop
      vertex 1.353990e+02 9.899490e+00 -4.000000e+00
      vertex 1.353990e+02 9.899490e+00 0.000000e+00
      vertex 1.340230e+02 1.110690e+01 -4.000000e+00
    endloop
  endfacet
  facet normal -5.555201e-01 -8.315031e-01 0.000000e+00
    outer loop
      vertex 1.340230e+02 1.110690e+01 -4.000000e+00
      vertex 1.340230e+02 1.110690e+01 0.000000e+00
      vertex 1.325000e+02 1.212440e+01 -4.000000e+00
    endloop
  endfacet
  facet normal -6.595570e-01 -7.516545e-01 0.000000e+00
    outer loop
      vertex 1.340230e+02 1.110690e+01 -4.000000e+00
      vertex 1.353990e+02 9.899490e+00 0.000000e+00
      vertex 1.340230e+02 1.110690e+01 0.000000e+00
    endloop
  endfacet
  facet normal 0.000000e+00 0.000000e+00 -1.000000e+00
    outer loop
      vertex 1.550000e+02 -4.300000e+01 -4.000000e+00
      vertex 1.395000e+02 0.000000e+00 -4.000000e+00
      vertex 1.550000e+02 4.300000e+01 -4.000000e+00
    endloop
  endfacet
  facet normal -9.978510e-01 -6.552436e-02 0.000000e+00
    outer loop
      vertex 1.395000e+02 0.000000e+00 -4.000000e+00
      vertex 1.393800e+02 1.827370e+00 0.000000e+00
      vertex 1.393800e+02 1.827370e+00 -4.000000e+00
    endloop
  endfacet
  facet normal -9.978510e-01 -6.552436e-02 0.000000e+00
    outer loop
      vertex 1.395000e+02 0.000000e+00 -4.000000e+00
      vertex 1.395000e+02 0.000000e+00 0.000000e+00
      vertex 1.393800e+02 1.827370e+00 0.000000e+00
    endloop
  endfacet
  facet normal -9.808121e-01 -1.949555e-01 0.000000e+00
    outer loop
      vertex 1.393800e+02 1.827370e+00 -4.000000e+00
      vertex 1.393800e+02 1.827370e+00 0.000000e+00
      vertex 1.390230e+02 3.623470e+00 0.000000e+00
    endloop
  endfacet
  facet normal -9.808121e-01 -1.949555e-01 0.000000e+00
    outer loop
      vertex 1.393800e+02 1.827370e+00 -4.000000e+00
      vertex 1.390230e+02 3.623470e+00 0.000000e+00
      vertex 1.390230e+02 3.623470e+00 -4.000000e+00
    endloop
  endfacet
  facet normal -9.468733e-01 -3.216067e-01 0.000000e+00
    outer loop
      vertex 1.390230e+02 3.623470e+00 -4.000000e+00
      vertex 1.384340e+02 5.357570e+00 0.000000e+00
      vertex 1.384340e+02 5.357570e+00 -4.000000e+00
    endloop
  endfacet
  facet normal -9.468733e-01 -3.216067e-01 0.000000e+00
    outer loop
      vertex 1.390230e+02 3.623470e+00 -4.000000e+00
      vertex 1.390230e+02 3.623470e+00 0.000000e+00
      vertex 1.384340e+02 5.357570e+00 0.000000e+00
    endloop
  endfacet
  facet normal 0.000000e+00 -0.000000e+00 1.000000e+00
    outer loop
      vertex 1.530000e+02 -4.500000e+01 0.000000e+00
      vertex 1.530000e+02 4.500000e+01 0.000000e+00
      vertex 1.395000e+02 0.000000e+00 0.000000e+00
    endloop
  endfacet
  facet normal -8.968606e-01 -4.423133e-01 0.000000e+00
    outer loop
      vertex 1.384340e+02 5.357570e+00 -4.000000e+00
      vertex 1.376240e+02 7.000000e+00 0.000000e+00
      vertex 1.376240e+02 7.000000e+00 -4.000000e+00
    endloop
  endfacet
  facet normal -8.315732e-01 -5.554151e-01 0.000000e+00
    outer loop
      vertex 1.376240e+02 7.000000e+00 -4.000000e+00
      vertex 1.366070e+02 8.522660e+00 0.000000e+00
      vertex 1.366070e+02 8.522660e+00 -4.000000e+00
    endloop
  endfacet
  facet normal -8.968606e-01 -4.423133e-01 0.000000e+00
    outer loop
      vertex 1.384340e+02 5.357570e+00 -4.000000e+00
      vertex 1.384340e+02 5.357570e+00 0.000000e+00
      vertex 1.376240e+02 7.000000e+00 0.000000e+00
    endloop
  endfacet
  facet normal -8.315732e-01 -5.554151e-01 0.000000e+00
    outer loop
      vertex 1.376240e+02 7.000000e+00 -4.000000e+00
      vertex 1.376240e+02 7.000000e+00 0.000000e+00
      vertex 1.366070e+02 8.522660e+00 0.000000e+00
    endloop
  endfacet
  facet normal -7.516923e-01 -6.595140e-01 0.000000e+00
    outer loop
      vertex 1.353990e+02 9.899490e+00 -4.000000e+00
      vertex 1.366070e+02 8.522660e+00 -4.000000e+00
      vertex 1.353990e+02 9.899490e+00 0.000000e+00
    endloop
  endfacet
  facet normal -7.516923e-01 -6.595140e-01 0.000000e+00
    outer loop
      vertex 1.353990e+02 9.899490e+00 0.000000e+00
      vertex 1.366070e+02 8.522660e+00 -4.000000e+00
      vertex 1.366070e+02 8.522660e+00 0.000000e+00
    endloop
  endfacet
  facet normal 0.000000e+00 0.000000e+00 -1.000000e+00
    outer loop
      vertex 1.353990e+02 9.899490e+00 -4.000000e+00
      vertex 1.344590e+02 3.261280e+01 -4.000000e+00
      vertex 1.366070e+02 8.522660e+00 -4.000000e+00
    endloop
  endfacet
  facet normal 5.555182e-01 -8.315044e-01 0.000000e+00
    outer loop
      vertex 1.169770e+02 1.110690e+01 -4.000000e+00
      vertex 1.185000e+02 1.212440e+01 -4.000000e+00
      vertex 1.185000e+02 1.212440e+01 0.000000e+00
    endloop
  endfacet
  facet normal 4.423574e-01 -8.968389e-01 0.000000e+00
    outer loop
      vertex 1.185000e+02 1.212440e+01 -4.000000e+00
      vertex 1.201420e+02 1.293430e+01 -4.000000e+00
      vertex 1.201420e+02 1.293430e+01 0.000000e+00
    endloop
  endfacet
  facet normal 3.213151e-01 -9.469723e-01 0.000000e+00
    outer loop
      vertex 1.201420e+02 1.293430e+01 -4.000000e+00
      vertex 1.218770e+02 1.352300e+01 -4.000000e+00
      vertex 1.218770e+02 1.352300e+01 0.000000e+00
    endloop
  endfacet
  facet normal 1.950664e-01 -9.807900e-01 0.000000e+00
    outer loop
      vertex 1.218770e+02 1.352300e+01 -4.000000e+00
      vertex 1.236730e+02 1.388020e+01 -4.000000e+00
      vertex 1.236730e+02 1.388020e+01 0.000000e+00
    endloop
  endfacet
  facet normal 6.543113e-02 -9.978571e-01 0.000000e+00
    outer loop
      vertex 1.236730e+02 1.388020e+01 -4.000000e+00
      vertex 1.255000e+02 1.400000e+01 -4.000000e+00
      vertex 1.255000e+02 1.400000e+01 0.000000e+00
    endloop
  endfacet
  facet normal 4.423574e-01 -8.968389e-01 0.000000e+00
    outer loop
      vertex 1.185000e+02 1.212440e+01 -4.000000e+00
      vertex 1.201420e+02 1.293430e+01 0.000000e+00
      vertex 1.185000e+02 1.212440e+01 0.000000e+00
    endloop
  endfacet
  facet normal 3.213151e-01 -9.469723e-01 0.000000e+00
    outer loop
      vertex 1.201420e+02 1.293430e+01 -4.000000e+00
      vertex 1.218770e+02 1.352300e+01 0.000000e+00
      vertex 1.201420e+02 1.293430e+01 0.000000e+00
    endloop
  endfacet
  facet normal 1.950664e-01 -9.807900e-01 0.000000e+00
    outer loop
      vertex 1.218770e+02 1.352300e+01 -4.000000e+00
      vertex 1.236730e+02 1.388020e+01 0.000000e+00
      vertex 1.218770e+02 1.352300e+01 0.000000e+00
    endloop
  endfacet
  facet normal 6.543113e-02 -9.978571e-01 0.000000e+00
    outer loop
      vertex 1.236730e+02 1.388020e+01 -4.000000e+00
      vertex 1.255000e+02 1.400000e+01 0.000000e+00
      vertex 1.236730e+02 1.388020e+01 0.000000e+00
    endloop
  endfacet
  facet normal -3.213151e-01 -9.469723e-01 0.000000e+00
    outer loop
      vertex 1.291230e+02 1.352300e+01 -4.000000e+00
      vertex 1.308580e+02 1.293430e+01 -4.000000e+00
      vertex 1.308580e+02 1.293430e+01 0.000000e+00
    endloop
  endfacet
  facet normal -6.543113e-02 -9.978571e-01 0.000000e+00
    outer loop
      vertex 1.255000e+02 1.400000e+01 -4.000000e+00
      vertex 1.273270e+02 1.388020e+01 -4.000000e+00
      vertex 1.273270e+02 1.388020e+01 0.000000e+00
    endloop
  endfacet
  facet normal -1.950664e-01 -9.807900e-01 0.000000e+00
    outer loop
      vertex 1.273270e+02 1.388020e+01 -4.000000e+00
      vertex 1.291230e+02 1.352300e+01 -4.000000e+00
      vertex 1.291230e+02 1.352300e+01 0.000000e+00
    endloop
  endfacet
  facet normal -4.423574e-01 -8.968389e-01 0.000000e+00
    outer loop
      vertex 1.325000e+02 1.212440e+01 -4.000000e+00
      vertex 1.325000e+02 1.212440e+01 0.000000e+00
      vertex 1.308580e+02 1.293430e+01 -4.000000e+00
    endloop
  endfacet
  facet normal -1.950664e-01 -9.807900e-01 0.000000e+00
    outer loop
      vertex 1.273270e+02 1.388020e+01 -4.000000e+00
      vertex 1.291230e+02 1.352300e+01 0.000000e+00
      vertex 1.273270e+02 1.388020e+01 0.000000e+00
    endloop
  endfacet
  facet normal -6.543113e-02 -9.978571e-01 0.000000e+00
    outer loop
      vertex 1.255000e+02 1.400000e+01 -4.000000e+00
      vertex 1.273270e+02 1.388020e+01 0.000000e+00
      vertex 1.255000e+02 1.400000e+01 0.000000e+00
    endloop
  endfacet
  facet normal -3.213151e-01 -9.469723e-01 0.000000e+00
    outer loop
      vertex 1.291230e+02 1.352300e+01 -4.000000e+00
      vertex 1.308580e+02 1.293430e+01 0.000000e+00
      vertex 1.291230e+02 1.352300e+01 0.000000e+00
    endloop
  endfacet
  facet normal -5.555201e-01 -8.315031e-01 0.000000e+00
    outer loop
      vertex 1.340230e+02 1.110690e+01 0.000000e+00
      vertex 1.325000e+02 1.212440e+01 0.000000e+00
      vertex 1.325000e+02 1.212440e+01 -4.000000e+00
    endloop
  endfacet
  facet normal -4.423574e-01 -8.968389e-01 0.000000e+00
    outer loop
      vertex 1.308580e+02 1.293430e+01 -4.000000e+00
      vertex 1.325000e+02 1.212440e+01 0.000000e+00
      vertex 1.308580e+02 1.293430e+01 0.000000e+00
    endloop
  endfacet
  facet normal -0.000000e+00 -0.000000e+00 1.000000e+00
    outer loop
      vertex 1.353990e+02 9.899490e+00 0.000000e+00
      vertex 1.366070e+02 8.522660e+00 0.000000e+00
      vertex 1.344590e+02 3.261280e+01 0.000000e+00
    endloop
  endfacet
  facet normal 0.000000e+00 0.000000e+00 -1.000000e+00
    outer loop
      vertex 1.218770e+02 1.352300e+01 -4.000000e+00
      vertex 1.295410e+02 3.261280e+01 -4.000000e+00
      vertex 1.236730e+02 1.388020e+01 -4.000000e+00
    endloop
  endfacet
  facet normal 0.000000e+00 0.000000e+00 -1.000000e+00
    outer loop
      vertex 1.236730e+02 1.388020e+01 -4.000000e+00
      vertex 1.301130e+02 3.204060e+01 -4.000000e+00
      vertex 1.255000e+02 1.400000e+01 -4.000000e+00
    endloop
  endfacet
  facet normal 0.000000e+00 0.000000e+00 -1.000000e+00
    outer loop
      vertex 1.255000e+02 1.400000e+01 -4.000000e+00
      vertex 1.308140e+02 3.163600e+01 -4.000000e+00
      vertex 1.273270e+02 1.388020e+01 -4.000000e+00
    endloop
  endfacet
  facet normal 0.000000e+00 0.000000e+00 -1.000000e+00
    outer loop
      vertex 1.273270e+02 1.388020e+01 -4.000000e+00
      vertex 1.315950e+02 3.142650e+01 -4.000000e+00
      vertex 1.291230e+02 1.352300e+01 -4.000000e+00
    endloop
  endfacet
  facet normal 0.000000e+00 0.000000e+00 -1.000000e+00
    outer loop
      vertex 1.325000e+02 1.212440e+01 -4.000000e+00
      vertex 1.308580e+02 1.293430e+01 -4.000000e+00
      vertex 1.328020e+02 3.150560e+01 -4.000000e+00
    endloop
  endfacet
  facet normal 0.000000e+00 0.000000e+00 -1.000000e+00
    outer loop
      vertex 1.340230e+02 1.110690e+01 -4.000000e+00
      vertex 1.325000e+02 1.212440e+01 -4.000000e+00
      vertex 1.335500e+02 3.181530e+01 -4.000000e+00
    endloop
  endfacet
  facet normal 0.000000e+00 0.000000e+00 -1.000000e+00
    outer loop
      vertex 1.353990e+02 9.899490e+00 -4.000000e+00
      vertex 1.340230e+02 1.110690e+01 -4.000000e+00
      vertex 1.341920e+02 3.230800e+01 -4.000000e+00
    endloop
  endfacet
  facet normal 0.000000e+00 0.000000e+00 -1.000000e+00
    outer loop
      vertex 1.291230e+02 1.352300e+01 -4.000000e+00
      vertex 1.324050e+02 3.142650e+01 -4.000000e+00
      vertex 1.308580e+02 1.293430e+01 -4.000000e+00
    endloop
  endfacet
  facet normal 0.000000e+00 0.000000e+00 1.000000e+00
    outer loop
      vertex 1.218770e+02 1.352300e+01 0.000000e+00
      vertex 1.236730e+02 1.388020e+01 0.000000e+00
      vertex 1.289000e+02 3.450000e+01 0.000000e+00
    endloop
  endfacet
  facet normal -0.000000e+00 0.000000e+00 1.000000e+00
    outer loop
      vertex 1.273270e+02 1.388020e+01 0.000000e+00
      vertex 1.291230e+02 1.352300e+01 0.000000e+00
      vertex 1.315950e+02 3.142650e+01 0.000000e+00
    endloop
  endfacet
  facet normal 0.000000e+00 -0.000000e+00 1.000000e+00
    outer loop
      vertex 1.325000e+02 1.212440e+01 0.000000e+00
      vertex 1.328020e+02 3.150560e+01 0.000000e+00
      vertex 1.308580e+02 1.293430e+01 0.000000e+00
    endloop
  endfacet
  facet normal 0.000000e+00 0.000000e+00 1.000000e+00
    outer loop
      vertex 1.340230e+02 1.110690e+01 0.000000e+00
      vertex 1.335500e+02 3.181530e+01 0.000000e+00
      vertex 1.325000e+02 1.212440e+01 0.000000e+00
    endloop
  endfacet
  facet normal 0.000000e+00 0.000000e+00 1.000000e+00
    outer loop
      vertex 1.353990e+02 9.899490e+00 0.000000e+00
      vertex 1.341920e+02 3.230800e+01 0.000000e+00
      vertex 1.340230e+02 1.110690e+01 0.000000e+00
    endloop
  endfacet
  facet normal -0.000000e+00 0.000000e+00 1.000000e+00
    outer loop
      vertex 1.291230e+02 1.352300e+01 0.000000e+00
      vertex 1.308580e+02 1.293430e+01 0.000000e+00
      vertex 1.324050e+02 3.142650e+01 0.000000e+00
    endloop
  endfacet
  facet normal 0.000000e+00 0.000000e+00 1.000000e+00
    outer loop
      vertex 1.236730e+02 1.388020e+01 0.000000e+00
      vertex 1.255000e+02 1.400000e+01 0.000000e+00
      vertex 1.289000e+02 3.450000e+01 0.000000e+00
    endloop
  endfacet
  facet normal -0.000000e+00 0.000000e+00 1.000000e+00
    outer loop
      vertex 1.255000e+02 1.400000e+01 0.000000e+00
      vertex 1.273270e+02 1.388020e+01 0.000000e+00
      vertex 1.289000e+02 3.450000e+01 0.000000e+00
    endloop
  endfacet
  facet normal 0.000000e+00 0.000000e+00 -1.000000e+00
    outer loop
      vertex 1.395000e+02 0.000000e+00 -4.000000e+00
      vertex 1.393800e+02 1.827370e+00 -4.000000e+00
      vertex 1.550000e+02 4.300000e+01 -4.000000e+00
    endloop
  endfacet
  facet normal 0.000000e+00 0.000000e+00 -1.000000e+00
    outer loop
      vertex 1.393800e+02 1.827370e+00 -4.000000e+00
      vertex 1.390230e+02 3.623470e+00 -4.000000e+00
      vertex 1.550000e+02 4.300000e+01 -4.000000e+00
    endloop
  endfacet
  facet normal 0.000000e+00 0.000000e+00 -1.000000e+00
    outer loop
      vertex 1.390230e+02 3.623470e+00 -4.000000e+00
      vertex 1.384340e+02 5.357570e+00 -4.000000e+00
      vertex 1.550000e+02 4.300000e+01 -4.000000e+00
    endloop
  endfacet
  facet normal 0.000000e+00 -0.000000e+00 1.000000e+00
    outer loop
      vertex 1.395000e+02 0.000000e+00 0.000000e+00
      vertex 1.530000e+02 4.500000e+01 0.000000e+00
      vertex 1.393800e+02 1.827370e+00 0.000000e+00
    endloop
  endfacet
  facet normal 0.000000e+00 -0.000000e+00 1.000000e+00
    outer loop
      vertex 1.393800e+02 1.827370e+00 0.000000e+00
      vertex 1.530000e+02 4.500000e+01 0.000000e+00
      vertex 1.390230e+02 3.623470e+00 0.000000e+00
    endloop
  endfacet
  facet normal 1.000000e+00 0.000000e+00 0.000000e+00
    outer loop
      vertex 1.550000e+02 -4.300000e+01 -4.000000e+00
      vertex 1.550000e+02 4.300000e+01 -4.000000e+00
      vertex 1.550000e+02 4.500000e+01 -2.000000e+00
    endloop
  endfacet
  facet normal 7.071068e-01 -0.000000e+00 7.071068e-01
    outer loop
      vertex 1.530000e+02 -4.500000e+01 0.000000e+00
      vertex 1.550000e+02 4.500000e+01 -2.000000e+00
      vertex 1.530000e+02 4.500000e+01 0.000000e+00
    endloop
  endfacet
  facet normal 0.000000e+00 0.000000e+00 -1.000000e+00
    outer loop
      vertex 1.384340e+02 5.357570e+00 -4.000000e+00
      vertex 1.376240e+02 7.000000e+00 -4.000000e+00
      vertex 1.550000e+02 4.300000e+01 -4.000000e+00
    endloop
  endfacet
  facet normal 0.000000e+00 0.000000e+00 -1.000000e+00
    outer loop
      vertex 1.376240e+02 7.000000e+00 -4.000000e+00
      vertex 1.366070e+02 8.522660e+00 -4.000000e+00
      vertex 1.550000e+02 4.300000e+01 -4.000000e+00
    endloop
  endfacet
  facet normal 0.000000e+00 -0.000000e+00 1.000000e+00
    outer loop
      vertex 1.390230e+02 3.623470e+00 0.000000e+00
      vertex 1.530000e+02 4.500000e+01 0.000000e+00
      vertex 1.384340e+02 5.357570e+00 0.000000e+00
    endloop
  endfacet
  facet normal 0.000000e+00 -0.000000e+00 1.000000e+00
    outer loop
      vertex 1.376240e+02 7.000000e+00 0.000000e+00
      vertex 1.530000e+02 4.500000e+01 0.000000e+00
      vertex 1.366070e+02 8.522660e+00 0.000000e+00
    endloop
  endfacet
  facet normal 0.000000e+00 -0.000000e+00 1.000000e+00
    outer loop
      vertex 1.384340e+02 5.357570e+00 0.000000e+00
      vertex 1.530000e+02 4.500000e+01 0.000000e+00
      vertex 1.376240e+02 7.000000e+00 0.000000e+00
    endloop
  endfacet
  facet normal 1.000000e+00 0.000000e+00 -0.000000e+00
    outer loop
      vertex 1.550000e+02 4.500000e+01 -5.800000e+01
      vertex 1.550000e+02 4.500000e+01 -2.000000e+00
      vertex 1.550000e+02 4.300000e+01 -4.000000e+00
    endloop
  endfacet
  facet normal 7.071068e-01 7.071068e-01 -0.000000e+00
    outer loop
      vertex 1.530000e+02 4.700000e+01 -5.800000e+01
      vertex 1.530000e+02 4.700000e+01 -2.000000e+00
      vertex 1.550000e+02 4.500000e+01 -2.000000e+00
    endloop
  endfacet
  facet normal 0.000000e+00 0.000000e+00 -1.000000e+00
    outer loop
      vertex 5.625000e+01 3.450000e+01 -4.000000e+00
      vertex 1.005410e+02 3.261280e+01 -4.000000e+00
      vertex 1.008080e+02 3.230800e+01 -4.000000e+00
    endloop
  endfacet
  facet normal 0.000000e+00 0.000000e+00 -1.000000e+00
    outer loop
      vertex 5.625000e+01 3.450000e+01 -4.000000e+00
      vertex 1.003150e+02 3.295000e+01 -4.000000e+00
      vertex 1.005410e+02 3.261280e+01 -4.000000e+00
    endloop
  endfacet
  facet normal 0.000000e+00 0.000000e+00 -1.000000e+00
    outer loop
      vertex 5.625000e+01 3.450000e+01 -4.000000e+00
      vertex 1.001360e+02 3.331370e+01 -4.000000e+00
      vertex 1.003150e+02 3.295000e+01 -4.000000e+00
    endloop
  endfacet
  facet normal 0.000000e+00 0.000000e+00 -1.000000e+00
    outer loop
      vertex 5.625000e+01 3.450000e+01 -4.000000e+00
      vertex 1.000060e+02 3.369770e+01 -4.000000e+00
      vertex 1.001360e+02 3.331370e+01 -4.000000e+00
    endloop
  endfacet
  facet normal 0.000000e+00 0.000000e+00 -1.000000e+00
    outer loop
      vertex 5.625000e+01 3.450000e+01 -4.000000e+00
      vertex 9.992650e+01 3.409540e+01 -4.000000e+00
      vertex 1.000060e+02 3.369770e+01 -4.000000e+00
    endloop
  endfacet
  facet normal 0.000000e+00 0.000000e+00 -1.000000e+00
    outer loop
      vertex 5.625000e+01 3.450000e+01 -4.000000e+00
      vertex 9.990000e+01 3.450000e+01 -4.000000e+00
      vertex 9.992650e+01 3.409540e+01 -4.000000e+00
    endloop
  endfacet
  facet normal 0.000000e+00 0.000000e+00 -1.000000e+00
    outer loop
      vertex 5.625000e+01 3.450000e+01 -4.000000e+00
      vertex 9.992650e+01 3.490460e+01 -4.000000e+00
      vertex 9.990000e+01 3.450000e+01 -4.000000e+00
    endloop
  endfacet
  facet normal 0.000000e+00 0.000000e+00 -1.000000e+00
    outer loop
      vertex 5.620740e+01 3.482350e+01 -4.000000e+00
      vertex 1.000060e+02 3.530230e+01 -4.000000e+00
      vertex 9.992650e+01 3.490460e+01 -4.000000e+00
    endloop
  endfacet
  facet normal 0.000000e+00 0.000000e+00 1.000000e+00
    outer loop
      vertex 5.588390e+01 3.361610e+01 0.000000e+00
      vertex 1.008080e+02 3.230800e+01 0.000000e+00
      vertex 1.005410e+02 3.261280e+01 0.000000e+00
    endloop
  endfacet
  facet normal 0.000000e+00 0.000000e+00 1.000000e+00
    outer loop
      vertex 5.599170e+01 3.373900e+01 0.000000e+00
      vertex 1.005410e+02 3.261280e+01 0.000000e+00
      vertex 1.003150e+02 3.295000e+01 0.000000e+00
    endloop
  endfacet
  facet normal 0.000000e+00 0.000000e+00 1.000000e+00
    outer loop
      vertex 5.608250e+01 3.387500e+01 0.000000e+00
      vertex 1.003150e+02 3.295000e+01 0.000000e+00
      vertex 1.001360e+02 3.331370e+01 0.000000e+00
    endloop
  endfacet
  facet normal 0.000000e+00 0.000000e+00 1.000000e+00
    outer loop
      vertex 5.615490e+01 3.402160e+01 0.000000e+00
      vertex 1.001360e+02 3.331370e+01 0.000000e+00
      vertex 1.000060e+02 3.369770e+01 0.000000e+00
    endloop
  endfacet
  facet normal 0.000000e+00 0.000000e+00 1.000000e+00
    outer loop
      vertex 5.620740e+01 3.417650e+01 0.000000e+00
      vertex 1.000060e+02 3.369770e+01 0.000000e+00
      vertex 9.992650e+01 3.409540e+01 0.000000e+00
    endloop
  endfacet
  facet normal -0.000000e+00 0.000000e+00 1.000000e+00
    outer loop
      vertex 5.625000e+01 3.450000e+01 0.000000e+00
      vertex 9.992650e+01 3.409540e+01 0.000000e+00
      vertex 9.990000e+01 3.450000e+01 0.000000e+00
    endloop
  endfacet
  facet normal 0.000000e+00 0.000000e+00 1.000000e+00
    outer loop
      vertex 5.625000e+01 3.450000e+01 0.000000e+00
      vertex 9.990000e+01 3.450000e+01 0.000000e+00
      vertex 9.992650e+01 3.490460e+01 0.000000e+00
    endloop
  endfacet
  facet normal 0.000000e+00 0.000000e+00 1.000000e+00
    outer loop
      vertex 5.620740e+01 3.482350e+01 0.000000e+00
      vertex 9.992650e+01 3.490460e+01 0.000000e+00
      vertex 1.000060e+02 3.530230e+01 0.000000e+00
    endloop
  endfacet
  facet normal 0.000000e+00 0.000000e+00 1.000000e+00
    outer loop
      vertex 1.143930e+02 8.522660e+00 0.000000e+00
      vertex 1.030000e+02 3.140000e+01 0.000000e+00
      vertex 1.025950e+02 3.142650e+01 0.000000e+00
    endloop
  endfacet
  facet normal 0.000000e+00 0.000000e+00 1.000000e+00
    outer loop
      vertex 1.143930e+02 8.522660e+00 0.000000e+00
      vertex 1.034050e+02 3.142650e+01 0.000000e+00
      vertex 1.030000e+02 3.140000e+01 0.000000e+00
    endloop
  endfacet
  facet normal 0.000000e+00 0.000000e+00 1.000000e+00
    outer loop
      vertex 1.156010e+02 9.899490e+00 0.000000e+00
      vertex 1.038020e+02 3.150560e+01 0.000000e+00
      vertex 1.034050e+02 3.142650e+01 0.000000e+00
    endloop
  endfacet
  facet normal 0.000000e+00 0.000000e+00 1.000000e+00
    outer loop
      vertex 1.156010e+02 9.899490e+00 0.000000e+00
      vertex 1.041860e+02 3.163600e+01 0.000000e+00
      vertex 1.038020e+02 3.150560e+01 0.000000e+00
    endloop
  endfacet
  facet normal 0.000000e+00 0.000000e+00 1.000000e+00
    outer loop
      vertex 1.169770e+02 1.110690e+01 0.000000e+00
      vertex 1.045500e+02 3.181530e+01 0.000000e+00
      vertex 1.041860e+02 3.163600e+01 0.000000e+00
    endloop
  endfacet
  facet normal 0.000000e+00 0.000000e+00 1.000000e+00
    outer loop
      vertex 1.185000e+02 1.212440e+01 0.000000e+00
      vertex 1.048870e+02 3.204060e+01 0.000000e+00
      vertex 1.045500e+02 3.181530e+01 0.000000e+00
    endloop
  endfacet
  facet normal 0.000000e+00 0.000000e+00 1.000000e+00
    outer loop
      vertex 1.185000e+02 1.212440e+01 0.000000e+00
      vertex 1.051920e+02 3.230800e+01 0.000000e+00
      vertex 1.048870e+02 3.204060e+01 0.000000e+00
    endloop
  endfacet
  facet normal 0.000000e+00 0.000000e+00 1.000000e+00
    outer loop
      vertex 1.201420e+02 1.293430e+01 0.000000e+00
      vertex 1.054590e+02 3.261280e+01 0.000000e+00
      vertex 1.051920e+02 3.230800e+01 0.000000e+00
    endloop
  endfacet
  facet normal 0.000000e+00 0.000000e+00 1.000000e+00
    outer loop
      vertex 1.201420e+02 1.293430e+01 0.000000e+00
      vertex 1.056850e+02 3.295000e+01 0.000000e+00
      vertex 1.054590e+02 3.261280e+01 0.000000e+00
    endloop
  endfacet
  facet normal 0.000000e+00 0.000000e+00 -1.000000e+00
    outer loop
      vertex 1.061000e+02 3.450000e+01 -4.000000e+00
      vertex 1.060730e+02 3.490460e+01 -4.000000e+00
      vertex 1.289270e+02 3.490460e+01 -4.000000e+00
    endloop
  endfacet
  facet normal 0.000000e+00 0.000000e+00 -1.000000e+00
    outer loop
      vertex 1.060730e+02 3.490460e+01 -4.000000e+00
      vertex 1.059940e+02 3.530230e+01 -4.000000e+00
      vertex 1.290060e+02 3.530230e+01 -4.000000e+00
    endloop
  endfacet
  facet normal 4.418771e-01 8.970756e-01 -0.000000e+00
    outer loop
      vertex 1.014500e+02 3.181530e+01 -4.000000e+00
      vertex 1.014500e+02 3.181530e+01 0.000000e+00
      vertex 1.018140e+02 3.163600e+01 -4.000000e+00
    endloop
  endfacet
  facet normal 6.592354e-01 7.519367e-01 0.000000e+00
    outer loop
      vertex 1.011130e+02 3.204060e+01 -4.000000e+00
      vertex 1.008080e+02 3.230800e+01 -4.000000e+00
      vertex 1.008080e+02 3.230800e+01 0.000000e+00
    endloop
  endfacet
  facet normal 5.557834e-01 8.313272e-01 0.000000e+00
    outer loop
      vertex 1.014500e+02 3.181530e+01 -4.000000e+00
      vertex 1.011130e+02 3.204060e+01 -4.000000e+00
      vertex 1.011130e+02 3.204060e+01 0.000000e+00
    endloop
  endfacet
  facet normal 1.954012e-01 9.807234e-01 -0.000000e+00
    outer loop
      vertex 1.021980e+02 3.150560e+01 -4.000000e+00
      vertex 1.021980e+02 3.150560e+01 0.000000e+00
      vertex 1.025950e+02 3.142650e+01 -4.000000e+00
    endloop
  endfacet
  facet normal 6.529440e-02 9.978660e-01 -0.000000e+00
    outer loop
      vertex 1.025950e+02 3.142650e+01 -4.000000e+00
      vertex 1.025950e+02 3.142650e+01 0.000000e+00
      vertex 1.030000e+02 3.140000e+01 -4.000000e+00
    endloop
  endfacet
  facet normal -6.529440e-02 9.978660e-01 0.000000e+00
    outer loop
      vertex 1.030000e+02 3.140000e+01 -4.000000e+00
      vertex 1.030000e+02 3.140000e+01 0.000000e+00
      vertex 1.034050e+02 3.142650e+01 -4.000000e+00
    endloop
  endfacet
  facet normal -1.954012e-01 9.807234e-01 0.000000e+00
    outer loop
      vertex 1.034050e+02 3.142650e+01 -4.000000e+00
      vertex 1.034050e+02 3.142650e+01 0.000000e+00
      vertex 1.038020e+02 3.150560e+01 -4.000000e+00
    endloop
  endfacet
  facet normal -3.215521e-01 9.468919e-01 0.000000e+00
    outer loop
      vertex 1.038020e+02 3.150560e+01 -4.000000e+00
      vertex 1.038020e+02 3.150560e+01 0.000000e+00
      vertex 1.041860e+02 3.163600e+01 -4.000000e+00
    endloop
  endfacet
  facet normal 3.215521e-01 9.468919e-01 0.000000e+00
    outer loop
      vertex 1.021980e+02 3.150560e+01 -4.000000e+00
      vertex 1.018140e+02 3.163600e+01 -4.000000e+00
      vertex 1.018140e+02 3.163600e+01 0.000000e+00
    endloop
  endfacet
  facet normal -4.418771e-01 8.970756e-01 0.000000e+00
    outer loop
      vertex 1.041860e+02 3.163600e+01 -4.000000e+00
      vertex 1.041860e+02 3.163600e+01 0.000000e+00
      vertex 1.045500e+02 3.181530e+01 -4.000000e+00
    endloop
  endfacet
  facet normal -5.557834e-01 8.313272e-01 0.000000e+00
    outer loop
      vertex 1.045500e+02 3.181530e+01 -4.000000e+00
      vertex 1.045500e+02 3.181530e+01 0.000000e+00
      vertex 1.048870e+02 3.204060e+01 -4.000000e+00
    endloop
  endfacet
  facet normal -6.592354e-01 7.519367e-01 0.000000e+00
    outer loop
      vertex 1.048870e+02 3.204060e+01 -4.000000e+00
      vertex 1.048870e+02 3.204060e+01 0.000000e+00
      vertex 1.051920e+02 3.230800e+01 -4.000000e+00
    endloop
  endfacet
  facet normal 4.418771e-01 8.970756e-01 -0.000000e+00
    outer loop
      vertex 1.018140e+02 3.163600e+01 -4.000000e+00
      vertex 1.014500e+02 3.181530e+01 0.000000e+00
      vertex 1.018140e+02 3.163600e+01 0.000000e+00
    endloop
  endfacet
  facet normal 5.557834e-01 8.313272e-01 -0.000000e+00
    outer loop
      vertex 1.014500e+02 3.181530e+01 -4.000000e+00
      vertex 1.011130e+02 3.204060e+01 0.000000e+00
      vertex 1.014500e+02 3.181530e+01 0.000000e+00
    endloop
  endfacet
  facet normal 6.592354e-01 7.519367e-01 -0.000000e+00
    outer loop
      vertex 1.011130e+02 3.204060e+01 -4.000000e+00
      vertex 1.008080e+02 3.230800e+01 0.000000e+00
      vertex 1.011130e+02 3.204060e+01 0.000000e+00
    endloop
  endfacet
  facet normal 3.215521e-01 9.468919e-01 -0.000000e+00
    outer loop
      vertex 1.021980e+02 3.150560e+01 -4.000000e+00
      vertex 1.018140e+02 3.163600e+01 0.000000e+00
      vertex 1.021980e+02 3.150560e+01 0.000000e+00
    endloop
  endfacet
  facet normal 1.954012e-01 9.807234e-01 -0.000000e+00
    outer loop
      vertex 1.025950e+02 3.142650e+01 -4.000000e+00
      vertex 1.021980e+02 3.150560e+01 0.000000e+00
      vertex 1.025950e+02 3.142650e+01 0.000000e+00
    endloop
  endfacet
  facet normal 6.529440e-02 9.978660e-01 -0.000000e+00
    outer loop
      vertex 1.030000e+02 3.140000e+01 -4.000000e+00
      vertex 1.025950e+02 3.142650e+01 0.000000e+00
      vertex 1.030000e+02 3.140000e+01 0.000000e+00
    endloop
  endfacet
  facet normal -6.529440e-02 9.978660e-01 0.000000e+00
    outer loop
      vertex 1.034050e+02 3.142650e+01 -4.000000e+00
      vertex 1.030000e+02 3.140000e+01 0.000000e+00
      vertex 1.034050e+02 3.142650e+01 0.000000e+00
    endloop
  endfacet
  facet normal -1.954012e-01 9.807234e-01 0.000000e+00
    outer loop
      vertex 1.038020e+02 3.150560e+01 -4.000000e+00
      vertex 1.034050e+02 3.142650e+01 0.000000e+00
      vertex 1.038020e+02 3.150560e+01 0.000000e+00
    endloop
  endfacet
  facet normal -3.215521e-01 9.468919e-01 0.000000e+00
    outer loop
      vertex 1.041860e+02 3.163600e+01 -4.000000e+00
      vertex 1.038020e+02 3.150560e+01 0.000000e+00
      vertex 1.041860e+02 3.163600e+01 0.000000e+00
    endloop
  endfacet
  facet normal -4.418771e-01 8.970756e-01 0.000000e+00
    outer loop
      vertex 1.045500e+02 3.181530e+01 -4.000000e+00
      vertex 1.041860e+02 3.163600e+01 0.000000e+00
      vertex 1.045500e+02 3.181530e+01 0.000000e+00
    endloop
  endfacet
  facet normal -5.557834e-01 8.313272e-01 0.000000e+00
    outer loop
      vertex 1.048870e+02 3.204060e+01 -4.000000e+00
      vertex 1.045500e+02 3.181530e+01 0.000000e+00
      vertex 1.048870e+02 3.204060e+01 0.000000e+00
    endloop
  endfacet
  facet normal -6.592354e-01 7.519367e-01 0.000000e+00
    outer loop
      vertex 1.051920e+02 3.230800e+01 -4.000000e+00
      vertex 1.048870e+02 3.204060e+01 0.000000e+00
      vertex 1.051920e+02 3.230800e+01 0.000000e+00
    endloop
  endfacet
  facet normal 8.306859e-01 5.567414e-01 0.000000e+00
    outer loop
      vertex 1.003150e+02 3.295000e+01 -4.000000e+00
      vertex 1.005410e+02 3.261280e+01 0.000000e+00
      vertex 1.005410e+02 3.261280e+01 -4.000000e+00
    endloop
  endfacet
  facet normal 7.522138e-01 6.589191e-01 -0.000000e+00
    outer loop
      vertex 1.008080e+02 3.230800e+01 -4.000000e+00
      vertex 1.005410e+02 3.261280e+01 -4.000000e+00
      vertex 1.008080e+02 3.230800e+01 0.000000e+00
    endloop
  endfacet
  facet normal 8.972214e-01 4.415810e-01 -0.000000e+00
    outer loop
      vertex 1.003150e+02 3.295000e+01 -4.000000e+00
      vertex 1.001360e+02 3.331370e+01 -4.000000e+00
      vertex 1.003150e+02 3.295000e+01 0.000000e+00
    endloop
  endfacet
  facet normal 9.471890e-01 3.206759e-01 -0.000000e+00
    outer loop
      vertex 1.001360e+02 3.331370e+01 -4.000000e+00
      vertex 1.000060e+02 3.369770e+01 -4.000000e+00
      vertex 1.001360e+02 3.331370e+01 0.000000e+00
    endloop
  endfacet
  facet normal 9.806006e-01 1.960166e-01 -0.000000e+00
    outer loop
      vertex 1.000060e+02 3.369770e+01 -4.000000e+00
      vertex 9.992650e+01 3.409540e+01 -4.000000e+00
      vertex 1.000060e+02 3.369770e+01 0.000000e+00
    endloop
  endfacet
  facet normal 9.978624e-01 6.534939e-02 -0.000000e+00
    outer loop
      vertex 9.992650e+01 3.409540e+01 -4.000000e+00
      vertex 9.990000e+01 3.450000e+01 -4.000000e+00
      vertex 9.992650e+01 3.409540e+01 0.000000e+00
    endloop
  endfacet
  facet normal 9.978624e-01 -6.534939e-02 0.000000e+00
    outer loop
      vertex 9.990000e+01 3.450000e+01 -4.000000e+00
      vertex 9.992650e+01 3.490460e+01 -4.000000e+00
      vertex 9.990000e+01 3.450000e+01 0.000000e+00
    endloop
  endfacet
  facet normal 9.806006e-01 -1.960166e-01 0.000000e+00
    outer loop
      vertex 9.992650e+01 3.490460e+01 -4.000000e+00
      vertex 1.000060e+02 3.530230e+01 -4.000000e+00
      vertex 9.992650e+01 3.490460e+01 0.000000e+00
    endloop
  endfacet
  facet normal -7.522138e-01 6.589191e-01 0.000000e+00
    outer loop
      vertex 1.051920e+02 3.230800e+01 -4.000000e+00
      vertex 1.054590e+02 3.261280e+01 0.000000e+00
      vertex 1.054590e+02 3.261280e+01 -4.000000e+00
    endloop
  endfacet
  facet normal -8.306859e-01 5.567414e-01 0.000000e+00
    outer loop
      vertex 1.054590e+02 3.261280e+01 -4.000000e+00
      vertex 1.056850e+02 3.295000e+01 0.000000e+00
      vertex 1.056850e+02 3.295000e+01 -4.000000e+00
    endloop
  endfacet
  facet normal -8.972214e-01 4.415810e-01 0.000000e+00
    outer loop
      vertex 1.056850e+02 3.295000e+01 -4.000000e+00
      vertex 1.058640e+02 3.331370e+01 0.000000e+00
      vertex 1.058640e+02 3.331370e+01 -4.000000e+00
    endloop
  endfacet
  facet normal -9.471890e-01 3.206759e-01 0.000000e+00
    outer loop
      vertex 1.058640e+02 3.331370e+01 -4.000000e+00
      vertex 1.059940e+02 3.369770e+01 0.000000e+00
      vertex 1.059940e+02 3.369770e+01 -4.000000e+00
    endloop
  endfacet
  facet normal -9.808385e-01 1.948224e-01 0.000000e+00
    outer loop
      vertex 1.059940e+02 3.369770e+01 -4.000000e+00
      vertex 1.060730e+02 3.409540e+01 0.000000e+00
      vertex 1.060730e+02 3.409540e+01 -4.000000e+00
    endloop
  endfacet
  facet normal -9.977807e-01 6.658582e-02 0.000000e+00
    outer loop
      vertex 1.060730e+02 3.409540e+01 -4.000000e+00
      vertex 1.061000e+02 3.450000e+01 0.000000e+00
      vertex 1.061000e+02 3.450000e+01 -4.000000e+00
    endloop
  endfacet
  facet normal -9.977807e-01 -6.658582e-02 0.000000e+00
    outer loop
      vertex 1.061000e+02 3.450000e+01 -4.000000e+00
      vertex 1.060730e+02 3.490460e+01 0.000000e+00
      vertex 1.060730e+02 3.490460e+01 -4.000000e+00
    endloop
  endfacet
  facet normal -9.808385e-01 -1.948224e-01 0.000000e+00
    outer loop
      vertex 1.060730e+02 3.490460e+01 -4.000000e+00
      vertex 1.059940e+02 3.530230e+01 0.000000e+00
      vertex 1.059940e+02 3.530230e+01 -4.000000e+00
    endloop
  endfacet
  facet normal 8.306859e-01 5.567414e-01 -0.000000e+00
    outer loop
      vertex 1.003150e+02 3.295000e+01 -4.000000e+00
      vertex 1.003150e+02 3.295000e+01 0.000000e+00
      vertex 1.005410e+02 3.261280e+01 0.000000e+00
    endloop
  endfacet
  facet normal 7.522138e-01 6.589191e-01 -0.000000e+00
    outer loop
      vertex 1.005410e+02 3.261280e+01 -4.000000e+00
      vertex 1.005410e+02 3.261280e+01 0.000000e+00
      vertex 1.008080e+02 3.230800e+01 0.000000e+00
    endloop
  endfacet
  facet normal 8.972214e-01 4.415810e-01 -0.000000e+00
    outer loop
      vertex 1.001360e+02 3.331370e+01 -4.000000e+00
      vertex 1.001360e+02 3.331370e+01 0.000000e+00
      vertex 1.003150e+02 3.295000e+01 0.000000e+00
    endloop
  endfacet
  facet normal 9.471890e-01 3.206759e-01 -0.000000e+00
    outer loop
      vertex 1.000060e+02 3.369770e+01 -4.000000e+00
      vertex 1.000060e+02 3.369770e+01 0.000000e+00
      vertex 1.001360e+02 3.331370e+01 0.000000e+00
    endloop
  endfacet
  facet normal 9.806006e-01 1.960166e-01 -0.000000e+00
    outer loop
      vertex 9.992650e+01 3.409540e+01 -4.000000e+00
      vertex 9.992650e+01 3.409540e+01 0.000000e+00
      vertex 1.000060e+02 3.369770e+01 0.000000e+00
    endloop
  endfacet
  facet normal 9.978624e-01 6.534939e-02 -0.000000e+00
    outer loop
      vertex 9.990000e+01 3.450000e+01 -4.000000e+00
      vertex 9.990000e+01 3.450000e+01 0.000000e+00
      vertex 9.992650e+01 3.409540e+01 0.000000e+00
    endloop
  endfacet
  facet normal 9.978624e-01 -6.534939e-02 0.000000e+00
    outer loop
      vertex 9.992650e+01 3.490460e+01 -4.000000e+00
      vertex 9.992650e+01 3.490460e+01 0.000000e+00
      vertex 9.990000e+01 3.450000e+01 0.000000e+00
    endloop
  endfacet
  facet normal 9.806006e-01 -1.960166e-01 0.000000e+00
    outer loop
      vertex 9.992650e+01 3.490460e+01 0.000000e+00
      vertex 1.000060e+02 3.530230e+01 -4.000000e+00
      vertex 1.000060e+02 3.530230e+01 0.000000e+00
    endloop
  endfacet
  facet normal -7.522138e-01 6.589191e-01 0.000000e+00
    outer loop
      vertex 1.051920e+02 3.230800e+01 -4.000000e+00
      vertex 1.051920e+02 3.230800e+01 0.000000e+00
      vertex 1.054590e+02 3.261280e+01 0.000000e+00
    endloop
  endfacet
  facet normal -8.306859e-01 5.567414e-01 0.000000e+00
    outer loop
      vertex 1.054590e+02 3.261280e+01 -4.000000e+00
      vertex 1.054590e+02 3.261280e+01 0.000000e+00
      vertex 1.056850e+02 3.295000e+01 0.000000e+00
    endloop
  endfacet
  facet normal -8.972214e-01 4.415810e-01 0.000000e+00
    outer loop
      vertex 1.056850e+02 3.295000e+01 -4.000000e+00
      vertex 1.056850e+02 3.295000e+01 0.000000e+00
      vertex 1.058640e+02 3.331370e+01 0.000000e+00
    endloop
  endfacet
  facet normal -9.471890e-01 3.206759e-01 0.000000e+00
    outer loop
      vertex 1.058640e+02 3.331370e+01 -4.000000e+00
      vertex 1.058640e+02 3.331370e+01 0.000000e+00
      vertex 1.059940e+02 3.369770e+01 0.000000e+00
    endloop
  endfacet
  facet normal -9.808385e-01 1.948224e-01 0.000000e+00
    outer loop
      vertex 1.059940e+02 3.369770e+01 -4.000000e+00
      vertex 1.059940e+02 3.369770e+01 0.000000e+00
      vertex 1.060730e+02 3.409540e+01 0.000000e+00
    endloop
  endfacet
  facet normal -9.977807e-01 6.658582e-02 0.000000e+00
    outer loop
      vertex 1.060730e+02 3.409540e+01 -4.000000e+00
      vertex 1.060730e+02 3.409540e+01 0.000000e+00
      vertex 1.061000e+02 3.450000e+01 0.000000e+00
    endloop
  endfacet
  facet normal -9.977807e-01 -6.658582e-02 0.000000e+00
    outer loop
      vertex 1.061000e+02 3.450000e+01 -4.000000e+00
      vertex 1.061000e+02 3.450000e+01 0.000000e+00
      vertex 1.060730e+02 3.490460e+01 0.000000e+00
    endloop
  endfacet
  facet normal -9.808385e-01 -1.948224e-01 0.000000e+00
    outer loop
      vertex 1.060730e+02 3.490460e+01 -4.000000e+00
      vertex 1.060730e+02 3.490460e+01 0.000000e+00
      vertex 1.059940e+02 3.530230e+01 0.000000e+00
    endloop
  endfacet
  facet normal 0.000000e+00 0.000000e+00 1.000000e+00
    outer loop
      vertex 1.056850e+02 3.295000e+01 0.000000e+00
      vertex 1.289000e+02 3.450000e+01 0.000000e+00
      vertex 1.058640e+02 3.331370e+01 0.000000e+00
    endloop
  endfacet
  facet normal 0.000000e+00 0.000000e+00 1.000000e+00
    outer loop
      vertex 1.058640e+02 3.331370e+01 0.000000e+00
      vertex 1.289000e+02 3.450000e+01 0.000000e+00
      vertex 1.059940e+02 3.369770e+01 0.000000e+00
    endloop
  endfacet
  facet normal 0.000000e+00 0.000000e+00 1.000000e+00
    outer loop
      vertex 1.059940e+02 3.369770e+01 0.000000e+00
      vertex 1.289000e+02 3.450000e+01 0.000000e+00
      vertex 1.060730e+02 3.409540e+01 0.000000e+00
    endloop
  endfacet
  facet normal 0.000000e+00 0.000000e+00 1.000000e+00
    outer loop
      vertex 1.060730e+02 3.409540e+01 0.000000e+00
      vertex 1.289000e+02 3.450000e+01 0.000000e+00
      vertex 1.061000e+02 3.450000e+01 0.000000e+00
    endloop
  endfacet
  facet normal 0.000000e+00 -0.000000e+00 1.000000e+00
    outer loop
      vertex 1.061000e+02 3.450000e+01 0.000000e+00
      vertex 1.289270e+02 3.490460e+01 0.000000e+00
      vertex 1.060730e+02 3.490460e+01 0.000000e+00
    endloop
  endfacet
  facet normal 0.000000e+00 -0.000000e+00 1.000000e+00
    outer loop
      vertex 1.060730e+02 3.490460e+01 0.000000e+00
      vertex 1.290060e+02 3.530230e+01 0.000000e+00
      vertex 1.059940e+02 3.530230e+01 0.000000e+00
    endloop
  endfacet
  facet normal 0.000000e+00 0.000000e+00 -1.000000e+00
    outer loop
      vertex 5.615490e+01 3.497840e+01 -4.000000e+00
      vertex 1.001360e+02 3.568630e+01 -4.000000e+00
      vertex 1.000060e+02 3.530230e+01 -4.000000e+00
    endloop
  endfacet
  facet normal 0.000000e+00 0.000000e+00 -1.000000e+00
    outer loop
      vertex 5.608250e+01 3.512500e+01 -4.000000e+00
      vertex 1.003150e+02 3.605000e+01 -4.000000e+00
      vertex 1.001360e+02 3.568630e+01 -4.000000e+00
    endloop
  endfacet
  facet normal 0.000000e+00 0.000000e+00 -1.000000e+00
    outer loop
      vertex 5.599170e+01 3.526100e+01 -4.000000e+00
      vertex 1.005410e+02 3.638720e+01 -4.000000e+00
      vertex 1.003150e+02 3.605000e+01 -4.000000e+00
    endloop
  endfacet
  facet normal 0.000000e+00 0.000000e+00 -1.000000e+00
    outer loop
      vertex 5.588390e+01 3.538390e+01 -4.000000e+00
      vertex 1.008080e+02 3.669200e+01 -4.000000e+00
      vertex 1.005410e+02 3.638720e+01 -4.000000e+00
    endloop
  endfacet
  facet normal 0.000000e+00 0.000000e+00 -1.000000e+00
    outer loop
      vertex 5.576100e+01 3.549170e+01 -4.000000e+00
      vertex 1.011130e+02 3.695940e+01 -4.000000e+00
      vertex 1.008080e+02 3.669200e+01 -4.000000e+00
    endloop
  endfacet
  facet normal 0.000000e+00 0.000000e+00 -1.000000e+00
    outer loop
      vertex 5.562500e+01 3.558250e+01 -4.000000e+00
      vertex 1.014500e+02 3.718470e+01 -4.000000e+00
      vertex 1.011130e+02 3.695940e+01 -4.000000e+00
    endloop
  endfacet
  facet normal 0.000000e+00 0.000000e+00 -1.000000e+00
    outer loop
      vertex 5.547840e+01 3.565490e+01 -4.000000e+00
      vertex 1.018140e+02 3.736400e+01 -4.000000e+00
      vertex 1.014500e+02 3.718470e+01 -4.000000e+00
    endloop
  endfacet
  facet normal 0.000000e+00 0.000000e+00 -1.000000e+00
    outer loop
      vertex 5.532350e+01 3.570740e+01 -4.000000e+00
      vertex 1.021980e+02 3.749440e+01 -4.000000e+00
      vertex 1.018140e+02 3.736400e+01 -4.000000e+00
    endloop
  endfacet
  facet normal 0.000000e+00 0.000000e+00 -1.000000e+00
    outer loop
      vertex 5.516320e+01 3.573930e+01 -4.000000e+00
      vertex 1.025950e+02 3.757350e+01 -4.000000e+00
      vertex 1.021980e+02 3.749440e+01 -4.000000e+00
    endloop
  endfacet
  facet normal 0.000000e+00 0.000000e+00 1.000000e+00
    outer loop
      vertex 5.615490e+01 3.497840e+01 0.000000e+00
      vertex 1.000060e+02 3.530230e+01 0.000000e+00
      vertex 1.001360e+02 3.568630e+01 0.000000e+00
    endloop
  endfacet
  facet normal 0.000000e+00 0.000000e+00 1.000000e+00
    outer loop
      vertex 5.608250e+01 3.512500e+01 0.000000e+00
      vertex 1.001360e+02 3.568630e+01 0.000000e+00
      vertex 1.003150e+02 3.605000e+01 0.000000e+00
    endloop
  endfacet
  facet normal 0.000000e+00 0.000000e+00 1.000000e+00
    outer loop
      vertex 5.599170e+01 3.526100e+01 0.000000e+00
      vertex 1.003150e+02 3.605000e+01 0.000000e+00
      vertex 1.005410e+02 3.638720e+01 0.000000e+00
    endloop
  endfacet
  facet normal 0.000000e+00 0.000000e+00 1.000000e+00
    outer loop
      vertex 5.588390e+01 3.538390e+01 0.000000e+00
      vertex 1.005410e+02 3.638720e+01 0.000000e+00
      vertex 1.008080e+02 3.669200e+01 0.000000e+00
    endloop
  endfacet
  facet normal 0.000000e+00 0.000000e+00 1.000000e+00
    outer loop
      vertex 5.576100e+01 3.549170e+01 0.000000e+00
      vertex 1.008080e+02 3.669200e+01 0.000000e+00
      vertex 1.011130e+02 3.695940e+01 0.000000e+00
    endloop
  endfacet
  facet normal 0.000000e+00 0.000000e+00 1.000000e+00
    outer loop
      vertex 5.562500e+01 3.558250e+01 0.000000e+00
      vertex 1.011130e+02 3.695940e+01 0.000000e+00
      vertex 1.014500e+02 3.718470e+01 0.000000e+00
    endloop
  endfacet
  facet normal 0.000000e+00 0.000000e+00 1.000000e+00
    outer loop
      vertex 5.547840e+01 3.565490e+01 0.000000e+00
      vertex 1.014500e+02 3.718470e+01 0.000000e+00
      vertex 1.018140e+02 3.736400e+01 0.000000e+00
    endloop
  endfacet
  facet normal 0.000000e+00 0.000000e+00 1.000000e+00
    outer loop
      vertex 5.532350e+01 3.570740e+01 0.000000e+00
      vertex 1.018140e+02 3.736400e+01 0.000000e+00
      vertex 1.021980e+02 3.749440e+01 0.000000e+00
    endloop
  endfacet
  facet normal 0.000000e+00 0.000000e+00 1.000000e+00
    outer loop
      vertex 5.516320e+01 3.573930e+01 0.000000e+00
      vertex 1.021980e+02 3.749440e+01 0.000000e+00
      vertex 1.025950e+02 3.757350e+01 0.000000e+00
    endloop
  endfacet
  facet normal 0.000000e+00 0.000000e+00 -1.000000e+00
    outer loop
      vertex 5.500000e+01 3.575000e+01 -4.000000e+00
      vertex 1.550000e+02 4.300000e+01 -4.000000e+00
      vertex 1.025950e+02 3.757350e+01 -4.000000e+00
    endloop
  endfacet
  facet normal 0.000000e+00 0.000000e+00 -1.000000e+00
    outer loop
      vertex 1.059940e+02 3.530230e+01 -4.000000e+00
      vertex 1.058640e+02 3.568630e+01 -4.000000e+00
      vertex 1.291360e+02 3.568630e+01 -4.000000e+00
    endloop
  endfacet
  facet normal 0.000000e+00 0.000000e+00 -1.000000e+00
    outer loop
      vertex 1.058640e+02 3.568630e+01 -4.000000e+00
      vertex 1.056850e+02 3.605000e+01 -4.000000e+00
      vertex 1.293150e+02 3.605000e+01 -4.000000e+00
    endloop
  endfacet
  facet normal 0.000000e+00 0.000000e+00 -1.000000e+00
    outer loop
      vertex 1.056850e+02 3.605000e+01 -4.000000e+00
      vertex 1.054590e+02 3.638720e+01 -4.000000e+00
      vertex 1.295410e+02 3.638720e+01 -4.000000e+00
    endloop
  endfacet
  facet normal 0.000000e+00 0.000000e+00 -1.000000e+00
    outer loop
      vertex 1.051920e+02 3.669200e+01 -4.000000e+00
      vertex 1.298080e+02 3.669200e+01 -4.000000e+00
      vertex 1.054590e+02 3.638720e+01 -4.000000e+00
    endloop
  endfacet
  facet normal 0.000000e+00 0.000000e+00 -1.000000e+00
    outer loop
      vertex 1.051920e+02 3.669200e+01 -4.000000e+00
      vertex 1.048870e+02 3.695940e+01 -4.000000e+00
      vertex 1.301130e+02 3.695940e+01 -4.000000e+00
    endloop
  endfacet
  facet normal 0.000000e+00 0.000000e+00 -1.000000e+00
    outer loop
      vertex 1.045500e+02 3.718470e+01 -4.000000e+00
      vertex 1.041860e+02 3.736400e+01 -4.000000e+00
      vertex 1.308140e+02 3.736400e+01 -4.000000e+00
    endloop
  endfacet
  facet normal 0.000000e+00 0.000000e+00 -1.000000e+00
    outer loop
      vertex 1.038020e+02 3.749440e+01 -4.000000e+00
      vertex 1.311980e+02 3.749440e+01 -4.000000e+00
      vertex 1.041860e+02 3.736400e+01 -4.000000e+00
    endloop
  endfacet
  facet normal 0.000000e+00 0.000000e+00 -1.000000e+00
    outer loop
      vertex 1.048870e+02 3.695940e+01 -4.000000e+00
      vertex 1.045500e+02 3.718470e+01 -4.000000e+00
      vertex 1.304500e+02 3.718470e+01 -4.000000e+00
    endloop
  endfacet
  facet normal 0.000000e+00 0.000000e+00 -1.000000e+00
    outer loop
      vertex 1.034050e+02 3.757350e+01 -4.000000e+00
      vertex 1.311980e+02 3.749440e+01 -4.000000e+00
      vertex 1.038020e+02 3.749440e+01 -4.000000e+00
    endloop
  endfacet
  facet normal 9.471890e-01 -3.206759e-01 0.000000e+00
    outer loop
      vertex 1.000060e+02 3.530230e+01 -4.000000e+00
      vertex 1.001360e+02 3.568630e+01 -4.000000e+00
      vertex 1.000060e+02 3.530230e+01 0.000000e+00
    endloop
  endfacet
  facet normal 8.972214e-01 -4.415810e-01 0.000000e+00
    outer loop
      vertex 1.001360e+02 3.568630e+01 -4.000000e+00
      vertex 1.003150e+02 3.605000e+01 -4.000000e+00
      vertex 1.001360e+02 3.568630e+01 0.000000e+00
    endloop
  endfacet
  facet normal 8.306859e-01 -5.567414e-01 0.000000e+00
    outer loop
      vertex 1.003150e+02 3.605000e+01 -4.000000e+00
      vertex 1.005410e+02 3.638720e+01 -4.000000e+00
      vertex 1.003150e+02 3.605000e+01 0.000000e+00
    endloop
  endfacet
  facet normal 7.522138e-01 -6.589191e-01 0.000000e+00
    outer loop
      vertex 1.005410e+02 3.638720e+01 -4.000000e+00
      vertex 1.008080e+02 3.669200e+01 -4.000000e+00
      vertex 1.005410e+02 3.638720e+01 0.000000e+00
    endloop
  endfacet
  facet normal 6.592354e-01 -7.519367e-01 0.000000e+00
    outer loop
      vertex 1.008080e+02 3.669200e+01 -4.000000e+00
      vertex 1.011130e+02 3.695940e+01 -4.000000e+00
      vertex 1.011130e+02 3.695940e+01 0.000000e+00
    endloop
  endfacet
  facet normal 5.557834e-01 -8.313272e-01 0.000000e+00
    outer loop
      vertex 1.011130e+02 3.695940e+01 -4.000000e+00
      vertex 1.014500e+02 3.718470e+01 -4.000000e+00
      vertex 1.014500e+02 3.718470e+01 0.000000e+00
    endloop
  endfacet
  facet normal 4.418733e-01 -8.970775e-01 0.000000e+00
    outer loop
      vertex 1.014500e+02 3.718470e+01 -4.000000e+00
      vertex 1.018140e+02 3.736400e+01 -4.000000e+00
      vertex 1.018140e+02 3.736400e+01 0.000000e+00
    endloop
  endfacet
  facet normal -9.471890e-01 -3.206759e-01 0.000000e+00
    outer loop
      vertex 1.059940e+02 3.530230e+01 -4.000000e+00
      vertex 1.058640e+02 3.568630e+01 0.000000e+00
      vertex 1.058640e+02 3.568630e+01 -4.000000e+00
    endloop
  endfacet
  facet normal -8.972214e-01 -4.415810e-01 0.000000e+00
    outer loop
      vertex 1.058640e+02 3.568630e+01 -4.000000e+00
      vertex 1.056850e+02 3.605000e+01 0.000000e+00
      vertex 1.056850e+02 3.605000e+01 -4.000000e+00
    endloop
  endfacet
  facet normal -7.522138e-01 -6.589191e-01 0.000000e+00
    outer loop
      vertex 1.051920e+02 3.669200e+01 -4.000000e+00
      vertex 1.054590e+02 3.638720e+01 -4.000000e+00
      vertex 1.051920e+02 3.669200e+01 0.000000e+00
    endloop
  endfacet
  facet normal -8.306859e-01 -5.567414e-01 0.000000e+00
    outer loop
      vertex 1.056850e+02 3.605000e+01 -4.000000e+00
      vertex 1.054590e+02 3.638720e+01 0.000000e+00
      vertex 1.054590e+02 3.638720e+01 -4.000000e+00
    endloop
  endfacet
  facet normal 3.215563e-01 -9.468905e-01 0.000000e+00
    outer loop
      vertex 1.018140e+02 3.736400e+01 -4.000000e+00
      vertex 1.021980e+02 3.749440e+01 -4.000000e+00
      vertex 1.021980e+02 3.749440e+01 0.000000e+00
    endloop
  endfacet
  facet normal -3.215563e-01 -9.468905e-01 0.000000e+00
    outer loop
      vertex 1.038020e+02 3.749440e+01 -4.000000e+00
      vertex 1.041860e+02 3.736400e+01 -4.000000e+00
      vertex 1.041860e+02 3.736400e+01 0.000000e+00
    endloop
  endfacet
  facet normal 1.954057e-01 -9.807225e-01 0.000000e+00
    outer loop
      vertex 1.021980e+02 3.749440e+01 -4.000000e+00
      vertex 1.025950e+02 3.757350e+01 -4.000000e+00
      vertex 1.025950e+02 3.757350e+01 0.000000e+00
    endloop
  endfacet
  facet normal 6.528504e-02 -9.978667e-01 0.000000e+00
    outer loop
      vertex 1.025950e+02 3.757350e+01 -4.000000e+00
      vertex 1.030000e+02 3.760000e+01 -4.000000e+00
      vertex 1.030000e+02 3.760000e+01 0.000000e+00
    endloop
  endfacet
  facet normal -6.528504e-02 -9.978667e-01 0.000000e+00
    outer loop
      vertex 1.030000e+02 3.760000e+01 -4.000000e+00
      vertex 1.034050e+02 3.757350e+01 -4.000000e+00
      vertex 1.034050e+02 3.757350e+01 0.000000e+00
    endloop
  endfacet
  facet normal -1.954057e-01 -9.807225e-01 0.000000e+00
    outer loop
      vertex 1.034050e+02 3.757350e+01 -4.000000e+00
      vertex 1.038020e+02 3.749440e+01 -4.000000e+00
      vertex 1.038020e+02 3.749440e+01 0.000000e+00
    endloop
  endfacet
  facet normal -6.592354e-01 -7.519367e-01 0.000000e+00
    outer loop
      vertex 1.051920e+02 3.669200e+01 -4.000000e+00
      vertex 1.051920e+02 3.669200e+01 0.000000e+00
      vertex 1.048870e+02 3.695940e+01 -4.000000e+00
    endloop
  endfacet
  facet normal -5.557834e-01 -8.313272e-01 0.000000e+00
    outer loop
      vertex 1.048870e+02 3.695940e+01 -4.000000e+00
      vertex 1.048870e+02 3.695940e+01 0.000000e+00
      vertex 1.045500e+02 3.718470e+01 -4.000000e+00
    endloop
  endfacet
  facet normal -4.418733e-01 -8.970775e-01 0.000000e+00
    outer loop
      vertex 1.045500e+02 3.718470e+01 -4.000000e+00
      vertex 1.045500e+02 3.718470e+01 0.000000e+00
      vertex 1.041860e+02 3.736400e+01 -4.000000e+00
    endloop
  endfacet
  facet normal 9.471890e-01 -3.206759e-01 0.000000e+00
    outer loop
      vertex 1.001360e+02 3.568630e+01 -4.000000e+00
      vertex 1.001360e+02 3.568630e+01 0.000000e+00
      vertex 1.000060e+02 3.530230e+01 0.000000e+00
    endloop
  endfacet
  facet normal 8.972214e-01 -4.415810e-01 0.000000e+00
    outer loop
      vertex 1.003150e+02 3.605000e+01 -4.000000e+00
      vertex 1.003150e+02 3.605000e+01 0.000000e+00
      vertex 1.001360e+02 3.568630e+01 0.000000e+00
    endloop
  endfacet
  facet normal 8.306859e-01 -5.567414e-01 0.000000e+00
    outer loop
      vertex 1.005410e+02 3.638720e+01 -4.000000e+00
      vertex 1.005410e+02 3.638720e+01 0.000000e+00
      vertex 1.003150e+02 3.605000e+01 0.000000e+00
    endloop
  endfacet
  facet normal 7.522138e-01 -6.589191e-01 0.000000e+00
    outer loop
      vertex 1.008080e+02 3.669200e+01 -4.000000e+00
      vertex 1.008080e+02 3.669200e+01 0.000000e+00
      vertex 1.005410e+02 3.638720e+01 0.000000e+00
    endloop
  endfacet
  facet normal 6.592354e-01 -7.519367e-01 0.000000e+00
    outer loop
      vertex 1.008080e+02 3.669200e+01 -4.000000e+00
      vertex 1.011130e+02 3.695940e+01 0.000000e+00
      vertex 1.008080e+02 3.669200e+01 0.000000e+00
    endloop
  endfacet
  facet normal 5.557834e-01 -8.313272e-01 0.000000e+00
    outer loop
      vertex 1.011130e+02 3.695940e+01 -4.000000e+00
      vertex 1.014500e+02 3.718470e+01 0.000000e+00
      vertex 1.011130e+02 3.695940e+01 0.000000e+00
    endloop
  endfacet
  facet normal 4.418733e-01 -8.970775e-01 0.000000e+00
    outer loop
      vertex 1.014500e+02 3.718470e+01 -4.000000e+00
      vertex 1.018140e+02 3.736400e+01 0.000000e+00
      vertex 1.014500e+02 3.718470e+01 0.000000e+00
    endloop
  endfacet
  facet normal -9.471890e-01 -3.206759e-01 0.000000e+00
    outer loop
      vertex 1.059940e+02 3.530230e+01 -4.000000e+00
      vertex 1.059940e+02 3.530230e+01 0.000000e+00
      vertex 1.058640e+02 3.568630e+01 0.000000e+00
    endloop
  endfacet
  facet normal -8.972214e-01 -4.415810e-01 0.000000e+00
    outer loop
      vertex 1.058640e+02 3.568630e+01 -4.000000e+00
      vertex 1.058640e+02 3.568630e+01 0.000000e+00
      vertex 1.056850e+02 3.605000e+01 0.000000e+00
    endloop
  endfacet
  facet normal -8.306859e-01 -5.567414e-01 0.000000e+00
    outer loop
      vertex 1.056850e+02 3.605000e+01 -4.000000e+00
      vertex 1.056850e+02 3.605000e+01 0.000000e+00
      vertex 1.054590e+02 3.638720e+01 0.000000e+00
    endloop
  endfacet
  facet normal -7.522138e-01 -6.589191e-01 0.000000e+00
    outer loop
      vertex 1.054590e+02 3.638720e+01 -4.000000e+00
      vertex 1.054590e+02 3.638720e+01 0.000000e+00
      vertex 1.051920e+02 3.669200e+01 0.000000e+00
    endloop
  endfacet
  facet normal 3.215563e-01 -9.468905e-01 0.000000e+00
    outer loop
      vertex 1.018140e+02 3.736400e+01 -4.000000e+00
      vertex 1.021980e+02 3.749440e+01 0.000000e+00
      vertex 1.018140e+02 3.736400e+01 0.000000e+00
    endloop
  endfacet
  facet normal -3.215563e-01 -9.468905e-01 0.000000e+00
    outer loop
      vertex 1.038020e+02 3.749440e+01 -4.000000e+00
      vertex 1.041860e+02 3.736400e+01 0.000000e+00
      vertex 1.038020e+02 3.749440e+01 0.000000e+00
    endloop
  endfacet
  facet normal 1.954057e-01 -9.807225e-01 0.000000e+00
    outer loop
      vertex 1.021980e+02 3.749440e+01 -4.000000e+00
      vertex 1.025950e+02 3.757350e+01 0.000000e+00
      vertex 1.021980e+02 3.749440e+01 0.000000e+00
    endloop
  endfacet
  facet normal 6.528504e-02 -9.978667e-01 0.000000e+00
    outer loop
      vertex 1.025950e+02 3.757350e+01 -4.000000e+00
      vertex 1.030000e+02 3.760000e+01 0.000000e+00
      vertex 1.025950e+02 3.757350e+01 0.000000e+00
    endloop
  endfacet
  facet normal -6.528504e-02 -9.978667e-01 0.000000e+00
    outer loop
      vertex 1.030000e+02 3.760000e+01 -4.000000e+00
      vertex 1.034050e+02 3.757350e+01 0.000000e+00
      vertex 1.030000e+02 3.760000e+01 0.000000e+00
    endloop
  endfacet
  facet normal -1.954057e-01 -9.807225e-01 0.000000e+00
    outer loop
      vertex 1.034050e+02 3.757350e+01 -4.000000e+00
      vertex 1.038020e+02 3.749440e+01 0.000000e+00
      vertex 1.034050e+02 3.757350e+01 0.000000e+00
    endloop
  endfacet
  facet normal -6.592354e-01 -7.519367e-01 0.000000e+00
    outer loop
      vertex 1.048870e+02 3.695940e+01 -4.000000e+00
      vertex 1.051920e+02 3.669200e+01 0.000000e+00
      vertex 1.048870e+02 3.695940e+01 0.000000e+00
    endloop
  endfacet
  facet normal -5.557834e-01 -8.313272e-01 0.000000e+00
    outer loop
      vertex 1.045500e+02 3.718470e+01 -4.000000e+00
      vertex 1.048870e+02 3.695940e+01 0.000000e+00
      vertex 1.045500e+02 3.718470e+01 0.000000e+00
    endloop
  endfacet
  facet normal -4.418733e-01 -8.970775e-01 0.000000e+00
    outer loop
      vertex 1.041860e+02 3.736400e+01 -4.000000e+00
      vertex 1.045500e+02 3.718470e+01 0.000000e+00
      vertex 1.041860e+02 3.736400e+01 0.000000e+00
    endloop
  endfacet
  facet normal 0.000000e+00 0.000000e+00 1.000000e+00
    outer loop
      vertex 5.500000e+01 3.575000e+01 0.000000e+00
      vertex 1.025950e+02 3.757350e+01 0.000000e+00
      vertex 1.530000e+02 4.500000e+01 0.000000e+00
    endloop
  endfacet
  facet normal 0.000000e+00 -0.000000e+00 1.000000e+00
    outer loop
      vertex 1.059940e+02 3.530230e+01 0.000000e+00
      vertex 1.291360e+02 3.568630e+01 0.000000e+00
      vertex 1.058640e+02 3.568630e+01 0.000000e+00
    endloop
  endfacet
  facet normal 0.000000e+00 -0.000000e+00 1.000000e+00
    outer loop
      vertex 1.058640e+02 3.568630e+01 0.000000e+00
      vertex 1.293150e+02 3.605000e+01 0.000000e+00
      vertex 1.056850e+02 3.605000e+01 0.000000e+00
    endloop
  endfacet
  facet normal 0.000000e+00 -0.000000e+00 1.000000e+00
    outer loop
      vertex 1.056850e+02 3.605000e+01 0.000000e+00
      vertex 1.295410e+02 3.638720e+01 0.000000e+00
      vertex 1.054590e+02 3.638720e+01 0.000000e+00
    endloop
  endfacet
  facet normal -0.000000e+00 0.000000e+00 1.000000e+00
    outer loop
      vertex 1.051920e+02 3.669200e+01 0.000000e+00
      vertex 1.054590e+02 3.638720e+01 0.000000e+00
      vertex 1.298080e+02 3.669200e+01 0.000000e+00
    endloop
  endfacet
  facet normal 0.000000e+00 -0.000000e+00 1.000000e+00
    outer loop
      vertex 1.051920e+02 3.669200e+01 0.000000e+00
      vertex 1.301130e+02 3.695940e+01 0.000000e+00
      vertex 1.048870e+02 3.695940e+01 0.000000e+00
    endloop
  endfacet
  facet normal 0.000000e+00 -0.000000e+00 1.000000e+00
    outer loop
      vertex 1.045500e+02 3.718470e+01 0.000000e+00
      vertex 1.308140e+02 3.736400e+01 0.000000e+00
      vertex 1.041860e+02 3.736400e+01 0.000000e+00
    endloop
  endfacet
  facet normal 0.000000e+00 0.000000e+00 1.000000e+00
    outer loop
      vertex 1.038020e+02 3.749440e+01 0.000000e+00
      vertex 1.041860e+02 3.736400e+01 0.000000e+00
      vertex 1.308140e+02 3.736400e+01 0.000000e+00
    endloop
  endfacet
  facet normal 0.000000e+00 -0.000000e+00 1.000000e+00
    outer loop
      vertex 1.048870e+02 3.695940e+01 0.000000e+00
      vertex 1.304500e+02 3.718470e+01 0.000000e+00
      vertex 1.045500e+02 3.718470e+01 0.000000e+00
    endloop
  endfacet
  facet normal 0.000000e+00 0.000000e+00 1.000000e+00
    outer loop
      vertex 1.034050e+02 3.757350e+01 0.000000e+00
      vertex 1.038020e+02 3.749440e+01 0.000000e+00
      vertex 1.311980e+02 3.749440e+01 0.000000e+00
    endloop
  endfacet
  facet normal 0.000000e+00 0.000000e+00 -1.000000e+00
    outer loop
      vertex 1.218770e+02 1.352300e+01 -4.000000e+00
      vertex 1.061000e+02 3.450000e+01 -4.000000e+00
      vertex 1.293150e+02 3.295000e+01 -4.000000e+00
    endloop
  endfacet
  facet normal 0.000000e+00 0.000000e+00 -1.000000e+00
    outer loop
      vertex 1.218770e+02 1.352300e+01 -4.000000e+00
      vertex 1.293150e+02 3.295000e+01 -4.000000e+00
      vertex 1.295410e+02 3.261280e+01 -4.000000e+00
    endloop
  endfacet
  facet normal 0.000000e+00 0.000000e+00 -1.000000e+00
    outer loop
      vertex 1.236730e+02 1.388020e+01 -4.000000e+00
      vertex 1.295410e+02 3.261280e+01 -4.000000e+00
      vertex 1.298080e+02 3.230800e+01 -4.000000e+00
    endloop
  endfacet
  facet normal 0.000000e+00 0.000000e+00 -1.000000e+00
    outer loop
      vertex 1.236730e+02 1.388020e+01 -4.000000e+00
      vertex 1.298080e+02 3.230800e+01 -4.000000e+00
      vertex 1.301130e+02 3.204060e+01 -4.000000e+00
    endloop
  endfacet
  facet normal 0.000000e+00 0.000000e+00 -1.000000e+00
    outer loop
      vertex 1.273270e+02 1.388020e+01 -4.000000e+00
      vertex 1.308140e+02 3.163600e+01 -4.000000e+00
      vertex 1.311980e+02 3.150560e+01 -4.000000e+00
    endloop
  endfacet
  facet normal 0.000000e+00 0.000000e+00 -1.000000e+00
    outer loop
      vertex 1.273270e+02 1.388020e+01 -4.000000e+00
      vertex 1.311980e+02 3.150560e+01 -4.000000e+00
      vertex 1.315950e+02 3.142650e+01 -4.000000e+00
    endloop
  endfacet
  facet normal 0.000000e+00 0.000000e+00 -1.000000e+00
    outer loop
      vertex 1.255000e+02 1.400000e+01 -4.000000e+00
      vertex 1.304500e+02 3.181530e+01 -4.000000e+00
      vertex 1.308140e+02 3.163600e+01 -4.000000e+00
    endloop
  endfacet
  facet normal 0.000000e+00 0.000000e+00 -1.000000e+00
    outer loop
      vertex 1.255000e+02 1.400000e+01 -4.000000e+00
      vertex 1.301130e+02 3.204060e+01 -4.000000e+00
      vertex 1.304500e+02 3.181530e+01 -4.000000e+00
    endloop
  endfacet
  facet normal 0.000000e+00 0.000000e+00 -1.000000e+00
    outer loop
      vertex 1.353990e+02 9.899490e+00 -4.000000e+00
      vertex 1.341920e+02 3.230800e+01 -4.000000e+00
      vertex 1.344590e+02 3.261280e+01 -4.000000e+00
    endloop
  endfacet
  facet normal 0.000000e+00 0.000000e+00 -1.000000e+00
    outer loop
      vertex 1.366070e+02 8.522660e+00 -4.000000e+00
      vertex 1.344590e+02 3.261280e+01 -4.000000e+00
      vertex 1.346850e+02 3.295000e+01 -4.000000e+00
    endloop
  endfacet
  facet normal 0.000000e+00 0.000000e+00 -1.000000e+00
    outer loop
      vertex 1.366070e+02 8.522660e+00 -4.000000e+00
      vertex 1.346850e+02 3.295000e+01 -4.000000e+00
      vertex 1.348640e+02 3.331370e+01 -4.000000e+00
    endloop
  endfacet
  facet normal 0.000000e+00 0.000000e+00 -1.000000e+00
    outer loop
      vertex 1.291230e+02 1.352300e+01 -4.000000e+00
      vertex 1.315950e+02 3.142650e+01 -4.000000e+00
      vertex 1.320000e+02 3.140000e+01 -4.000000e+00
    endloop
  endfacet
  facet normal 0.000000e+00 0.000000e+00 -1.000000e+00
    outer loop
      vertex 1.291230e+02 1.352300e+01 -4.000000e+00
      vertex 1.320000e+02 3.140000e+01 -4.000000e+00
      vertex 1.324050e+02 3.142650e+01 -4.000000e+00
    endloop
  endfacet
  facet normal 0.000000e+00 0.000000e+00 -1.000000e+00
    outer loop
      vertex 1.308580e+02 1.293430e+01 -4.000000e+00
      vertex 1.324050e+02 3.142650e+01 -4.000000e+00
      vertex 1.328020e+02 3.150560e+01 -4.000000e+00
    endloop
  endfacet
  facet normal 0.000000e+00 0.000000e+00 -1.000000e+00
    outer loop
      vertex 1.325000e+02 1.212440e+01 -4.000000e+00
      vertex 1.328020e+02 3.150560e+01 -4.000000e+00
      vertex 1.331860e+02 3.163600e+01 -4.000000e+00
    endloop
  endfacet
  facet normal 0.000000e+00 0.000000e+00 -1.000000e+00
    outer loop
      vertex 1.325000e+02 1.212440e+01 -4.000000e+00
      vertex 1.331860e+02 3.163600e+01 -4.000000e+00
      vertex 1.335500e+02 3.181530e+01 -4.000000e+00
    endloop
  endfacet
  facet normal 0.000000e+00 0.000000e+00 -1.000000e+00
    outer loop
      vertex 1.340230e+02 1.110690e+01 -4.000000e+00
      vertex 1.335500e+02 3.181530e+01 -4.000000e+00
      vertex 1.338870e+02 3.204060e+01 -4.000000e+00
    endloop
  endfacet
  facet normal 0.000000e+00 0.000000e+00 -1.000000e+00
    outer loop
      vertex 1.340230e+02 1.110690e+01 -4.000000e+00
      vertex 1.338870e+02 3.204060e+01 -4.000000e+00
      vertex 1.341920e+02 3.230800e+01 -4.000000e+00
    endloop
  endfacet
  facet normal 0.000000e+00 0.000000e+00 -1.000000e+00
    outer loop
      vertex 1.366070e+02 8.522660e+00 -4.000000e+00
      vertex 1.348640e+02 3.331370e+01 -4.000000e+00
      vertex 1.349940e+02 3.369770e+01 -4.000000e+00
    endloop
  endfacet
  facet normal 0.000000e+00 0.000000e+00 -1.000000e+00
    outer loop
      vertex 1.366070e+02 8.522660e+00 -4.000000e+00
      vertex 1.349940e+02 3.369770e+01 -4.000000e+00
      vertex 1.350730e+02 3.409540e+01 -4.000000e+00
    endloop
  endfacet
  facet normal 0.000000e+00 -0.000000e+00 1.000000e+00
    outer loop
      vertex 1.218770e+02 1.352300e+01 0.000000e+00
      vertex 1.289000e+02 3.450000e+01 0.000000e+00
      vertex 1.056850e+02 3.295000e+01 0.000000e+00
    endloop
  endfacet
  facet normal 0.000000e+00 0.000000e+00 1.000000e+00
    outer loop
      vertex 1.273270e+02 1.388020e+01 0.000000e+00
      vertex 1.311980e+02 3.150560e+01 0.000000e+00
      vertex 1.308140e+02 3.163600e+01 0.000000e+00
    endloop
  endfacet
  facet normal 0.000000e+00 0.000000e+00 1.000000e+00
    outer loop
      vertex 1.273270e+02 1.388020e+01 0.000000e+00
      vertex 1.315950e+02 3.142650e+01 0.000000e+00
      vertex 1.311980e+02 3.150560e+01 0.000000e+00
    endloop
  endfacet
  facet normal 0.000000e+00 0.000000e+00 1.000000e+00
    outer loop
      vertex 1.273270e+02 1.388020e+01 0.000000e+00
      vertex 1.308140e+02 3.163600e+01 0.000000e+00
      vertex 1.304500e+02 3.181530e+01 0.000000e+00
    endloop
  endfacet
  facet normal 0.000000e+00 0.000000e+00 1.000000e+00
    outer loop
      vertex 1.273270e+02 1.388020e+01 0.000000e+00
      vertex 1.304500e+02 3.181530e+01 0.000000e+00
      vertex 1.301130e+02 3.204060e+01 0.000000e+00
    endloop
  endfacet
  facet normal 0.000000e+00 0.000000e+00 1.000000e+00
    outer loop
      vertex 1.273270e+02 1.388020e+01 0.000000e+00
      vertex 1.298080e+02 3.230800e+01 0.000000e+00
      vertex 1.295410e+02 3.261280e+01 0.000000e+00
    endloop
  endfacet
  facet normal 0.000000e+00 0.000000e+00 1.000000e+00
    outer loop
      vertex 1.273270e+02 1.388020e+01 0.000000e+00
      vertex 1.301130e+02 3.204060e+01 0.000000e+00
      vertex 1.298080e+02 3.230800e+01 0.000000e+00
    endloop
  endfacet
  facet normal 0.000000e+00 0.000000e+00 1.000000e+00
    outer loop
      vertex 1.353990e+02 9.899490e+00 0.000000e+00
      vertex 1.344590e+02 3.261280e+01 0.000000e+00
      vertex 1.341920e+02 3.230800e+01 0.000000e+00
    endloop
  endfacet
  facet normal 0.000000e+00 0.000000e+00 1.000000e+00
    outer loop
      vertex 1.366070e+02 8.522660e+00 0.000000e+00
      vertex 1.346850e+02 3.295000e+01 0.000000e+00
      vertex 1.344590e+02 3.261280e+01 0.000000e+00
    endloop
  endfacet
  facet normal 0.000000e+00 0.000000e+00 1.000000e+00
    outer loop
      vertex 1.291230e+02 1.352300e+01 0.000000e+00
      vertex 1.320000e+02 3.140000e+01 0.000000e+00
      vertex 1.315950e+02 3.142650e+01 0.000000e+00
    endloop
  endfacet
  facet normal 0.000000e+00 0.000000e+00 1.000000e+00
    outer loop
      vertex 1.291230e+02 1.352300e+01 0.000000e+00
      vertex 1.324050e+02 3.142650e+01 0.000000e+00
      vertex 1.320000e+02 3.140000e+01 0.000000e+00
    endloop
  endfacet
  facet normal 0.000000e+00 0.000000e+00 1.000000e+00
    outer loop
      vertex 1.308580e+02 1.293430e+01 0.000000e+00
      vertex 1.328020e+02 3.150560e+01 0.000000e+00
      vertex 1.324050e+02 3.142650e+01 0.000000e+00
    endloop
  endfacet
  facet normal 0.000000e+00 0.000000e+00 1.000000e+00
    outer loop
      vertex 1.325000e+02 1.212440e+01 0.000000e+00
      vertex 1.331860e+02 3.163600e+01 0.000000e+00
      vertex 1.328020e+02 3.150560e+01 0.000000e+00
    endloop
  endfacet
  facet normal 0.000000e+00 0.000000e+00 1.000000e+00
    outer loop
      vertex 1.325000e+02 1.212440e+01 0.000000e+00
      vertex 1.335500e+02 3.181530e+01 0.000000e+00
      vertex 1.331860e+02 3.163600e+01 0.000000e+00
    endloop
  endfacet
  facet normal 0.000000e+00 0.000000e+00 1.000000e+00
    outer loop
      vertex 1.340230e+02 1.110690e+01 0.000000e+00
      vertex 1.338870e+02 3.204060e+01 0.000000e+00
      vertex 1.335500e+02 3.181530e+01 0.000000e+00
    endloop
  endfacet
  facet normal 0.000000e+00 -0.000000e+00 1.000000e+00
    outer loop
      vertex 1.340230e+02 1.110690e+01 0.000000e+00
      vertex 1.341920e+02 3.230800e+01 0.000000e+00
      vertex 1.338870e+02 3.204060e+01 0.000000e+00
    endloop
  endfacet
  facet normal 0.000000e+00 0.000000e+00 1.000000e+00
    outer loop
      vertex 1.273270e+02 1.388020e+01 0.000000e+00
      vertex 1.295410e+02 3.261280e+01 0.000000e+00
      vertex 1.293150e+02 3.295000e+01 0.000000e+00
    endloop
  endfacet
  facet normal 0.000000e+00 0.000000e+00 1.000000e+00
    outer loop
      vertex 1.273270e+02 1.388020e+01 0.000000e+00
      vertex 1.293150e+02 3.295000e+01 0.000000e+00
      vertex 1.291360e+02 3.331370e+01 0.000000e+00
    endloop
  endfacet
  facet normal 0.000000e+00 0.000000e+00 1.000000e+00
    outer loop
      vertex 1.273270e+02 1.388020e+01 0.000000e+00
      vertex 1.291360e+02 3.331370e+01 0.000000e+00
      vertex 1.290060e+02 3.369770e+01 0.000000e+00
    endloop
  endfacet
  facet normal 0.000000e+00 0.000000e+00 1.000000e+00
    outer loop
      vertex 1.273270e+02 1.388020e+01 0.000000e+00
      vertex 1.290060e+02 3.369770e+01 0.000000e+00
      vertex 1.289270e+02 3.409540e+01 0.000000e+00
    endloop
  endfacet
  facet normal 0.000000e+00 0.000000e+00 1.000000e+00
    outer loop
      vertex 1.273270e+02 1.388020e+01 0.000000e+00
      vertex 1.289270e+02 3.409540e+01 0.000000e+00
      vertex 1.289000e+02 3.450000e+01 0.000000e+00
    endloop
  endfacet
  facet normal 0.000000e+00 0.000000e+00 -1.000000e+00
    outer loop
      vertex 1.061000e+02 3.450000e+01 -4.000000e+00
      vertex 1.291360e+02 3.331370e+01 -4.000000e+00
      vertex 1.293150e+02 3.295000e+01 -4.000000e+00
    endloop
  endfacet
  facet normal 0.000000e+00 0.000000e+00 -1.000000e+00
    outer loop
      vertex 1.061000e+02 3.450000e+01 -4.000000e+00
      vertex 1.290060e+02 3.369770e+01 -4.000000e+00
      vertex 1.291360e+02 3.331370e+01 -4.000000e+00
    endloop
  endfacet
  facet normal 0.000000e+00 0.000000e+00 -1.000000e+00
    outer loop
      vertex 1.061000e+02 3.450000e+01 -4.000000e+00
      vertex 1.289270e+02 3.409540e+01 -4.000000e+00
      vertex 1.290060e+02 3.369770e+01 -4.000000e+00
    endloop
  endfacet
  facet normal 0.000000e+00 0.000000e+00 -1.000000e+00
    outer loop
      vertex 1.061000e+02 3.450000e+01 -4.000000e+00
      vertex 1.289000e+02 3.450000e+01 -4.000000e+00
      vertex 1.289270e+02 3.409540e+01 -4.000000e+00
    endloop
  endfacet
  facet normal 0.000000e+00 0.000000e+00 -1.000000e+00
    outer loop
      vertex 1.061000e+02 3.450000e+01 -4.000000e+00
      vertex 1.289270e+02 3.490460e+01 -4.000000e+00
      vertex 1.289000e+02 3.450000e+01 -4.000000e+00
    endloop
  endfacet
  facet normal 0.000000e+00 0.000000e+00 -1.000000e+00
    outer loop
      vertex 1.060730e+02 3.490460e+01 -4.000000e+00
      vertex 1.290060e+02 3.530230e+01 -4.000000e+00
      vertex 1.289270e+02 3.490460e+01 -4.000000e+00
    endloop
  endfacet
  facet normal 0.000000e+00 0.000000e+00 1.000000e+00
    outer loop
      vertex 1.061000e+02 3.450000e+01 0.000000e+00
      vertex 1.289000e+02 3.450000e+01 0.000000e+00
      vertex 1.289270e+02 3.490460e+01 0.000000e+00
    endloop
  endfacet
  facet normal 0.000000e+00 0.000000e+00 1.000000e+00
    outer loop
      vertex 1.060730e+02 3.490460e+01 0.000000e+00
      vertex 1.289270e+02 3.490460e+01 0.000000e+00
      vertex 1.290060e+02 3.530230e+01 0.000000e+00
    endloop
  endfacet
  facet normal 4.418845e-01 8.970719e-01 -0.000000e+00
    outer loop
      vertex 1.304500e+02 3.181530e+01 -4.000000e+00
      vertex 1.304500e+02 3.181530e+01 0.000000e+00
      vertex 1.308140e+02 3.163600e+01 -4.000000e+00
    endloop
  endfacet
  facet normal 6.592260e-01 7.519448e-01 0.000000e+00
    outer loop
      vertex 1.301130e+02 3.204060e+01 -4.000000e+00
      vertex 1.298080e+02 3.230800e+01 -4.000000e+00
      vertex 1.298080e+02 3.230800e+01 0.000000e+00
    endloop
  endfacet
  facet normal 5.557921e-01 8.313214e-01 0.000000e+00
    outer loop
      vertex 1.304500e+02 3.181530e+01 -4.000000e+00
      vertex 1.301130e+02 3.204060e+01 -4.000000e+00
      vertex 1.301130e+02 3.204060e+01 0.000000e+00
    endloop
  endfacet
  facet normal 1.954012e-01 9.807234e-01 -0.000000e+00
    outer loop
      vertex 1.311980e+02 3.150560e+01 -4.000000e+00
      vertex 1.311980e+02 3.150560e+01 0.000000e+00
      vertex 1.315950e+02 3.142650e+01 -4.000000e+00
    endloop
  endfacet
  facet normal 6.529440e-02 9.978660e-01 -0.000000e+00
    outer loop
      vertex 1.315950e+02 3.142650e+01 -4.000000e+00
      vertex 1.315950e+02 3.142650e+01 0.000000e+00
      vertex 1.320000e+02 3.140000e+01 -4.000000e+00
    endloop
  endfacet
  facet normal -6.529440e-02 9.978660e-01 0.000000e+00
    outer loop
      vertex 1.320000e+02 3.140000e+01 -4.000000e+00
      vertex 1.320000e+02 3.140000e+01 0.000000e+00
      vertex 1.324050e+02 3.142650e+01 -4.000000e+00
    endloop
  endfacet
  facet normal -1.954012e-01 9.807234e-01 0.000000e+00
    outer loop
      vertex 1.324050e+02 3.142650e+01 -4.000000e+00
      vertex 1.324050e+02 3.142650e+01 0.000000e+00
      vertex 1.328020e+02 3.150560e+01 -4.000000e+00
    endloop
  endfacet
  facet normal -3.215464e-01 9.468938e-01 0.000000e+00
    outer loop
      vertex 1.328020e+02 3.150560e+01 -4.000000e+00
      vertex 1.328020e+02 3.150560e+01 0.000000e+00
      vertex 1.331860e+02 3.163600e+01 -4.000000e+00
    endloop
  endfacet
  facet normal 3.215464e-01 9.468938e-01 0.000000e+00
    outer loop
      vertex 1.311980e+02 3.150560e+01 -4.000000e+00
      vertex 1.308140e+02 3.163600e+01 -4.000000e+00
      vertex 1.308140e+02 3.163600e+01 0.000000e+00
    endloop
  endfacet
  facet normal -4.418845e-01 8.970719e-01 0.000000e+00
    outer loop
      vertex 1.331860e+02 3.163600e+01 -4.000000e+00
      vertex 1.331860e+02 3.163600e+01 0.000000e+00
      vertex 1.335500e+02 3.181530e+01 -4.000000e+00
    endloop
  endfacet
  facet normal -5.557921e-01 8.313214e-01 0.000000e+00
    outer loop
      vertex 1.335500e+02 3.181530e+01 -4.000000e+00
      vertex 1.335500e+02 3.181530e+01 0.000000e+00
      vertex 1.338870e+02 3.204060e+01 -4.000000e+00
    endloop
  endfacet
  facet normal -6.592260e-01 7.519448e-01 0.000000e+00
    outer loop
      vertex 1.338870e+02 3.204060e+01 -4.000000e+00
      vertex 1.338870e+02 3.204060e+01 0.000000e+00
      vertex 1.341920e+02 3.230800e+01 -4.000000e+00
    endloop
  endfacet
  facet normal 4.418845e-01 8.970719e-01 -0.000000e+00
    outer loop
      vertex 1.308140e+02 3.163600e+01 -4.000000e+00
      vertex 1.304500e+02 3.181530e+01 0.000000e+00
      vertex 1.308140e+02 3.163600e+01 0.000000e+00
    endloop
  endfacet
  facet normal 5.557921e-01 8.313214e-01 -0.000000e+00
    outer loop
      vertex 1.304500e+02 3.181530e+01 -4.000000e+00
      vertex 1.301130e+02 3.204060e+01 0.000000e+00
      vertex 1.304500e+02 3.181530e+01 0.000000e+00
    endloop
  endfacet
  facet normal 6.592260e-01 7.519448e-01 -0.000000e+00
    outer loop
      vertex 1.301130e+02 3.204060e+01 -4.000000e+00
      vertex 1.298080e+02 3.230800e+01 0.000000e+00
      vertex 1.301130e+02 3.204060e+01 0.000000e+00
    endloop
  endfacet
  facet normal 3.215464e-01 9.468938e-01 -0.000000e+00
    outer loop
      vertex 1.311980e+02 3.150560e+01 -4.000000e+00
      vertex 1.308140e+02 3.163600e+01 0.000000e+00
      vertex 1.311980e+02 3.150560e+01 0.000000e+00
    endloop
  endfacet
  facet normal 1.954012e-01 9.807234e-01 -0.000000e+00
    outer loop
      vertex 1.315950e+02 3.142650e+01 -4.000000e+00
      vertex 1.311980e+02 3.150560e+01 0.000000e+00
      vertex 1.315950e+02 3.142650e+01 0.000000e+00
    endloop
  endfacet
  facet normal 6.529440e-02 9.978660e-01 -0.000000e+00
    outer loop
      vertex 1.320000e+02 3.140000e+01 -4.000000e+00
      vertex 1.315950e+02 3.142650e+01 0.000000e+00
      vertex 1.320000e+02 3.140000e+01 0.000000e+00
    endloop
  endfacet
  facet normal -6.529440e-02 9.978660e-01 0.000000e+00
    outer loop
      vertex 1.324050e+02 3.142650e+01 -4.000000e+00
      vertex 1.320000e+02 3.140000e+01 0.000000e+00
      vertex 1.324050e+02 3.142650e+01 0.000000e+00
    endloop
  endfacet
  facet normal -1.954012e-01 9.807234e-01 0.000000e+00
    outer loop
      vertex 1.328020e+02 3.150560e+01 -4.000000e+00
      vertex 1.324050e+02 3.142650e+01 0.000000e+00
      vertex 1.328020e+02 3.150560e+01 0.000000e+00
    endloop
  endfacet
  facet normal -3.215464e-01 9.468938e-01 0.000000e+00
    outer loop
      vertex 1.331860e+02 3.163600e+01 -4.000000e+00
      vertex 1.328020e+02 3.150560e+01 0.000000e+00
      vertex 1.331860e+02 3.163600e+01 0.000000e+00
    endloop
  endfacet
  facet normal -4.418845e-01 8.970719e-01 0.000000e+00
    outer loop
      vertex 1.335500e+02 3.181530e+01 -4.000000e+00
      vertex 1.331860e+02 3.163600e+01 0.000000e+00
      vertex 1.335500e+02 3.181530e+01 0.000000e+00
    endloop
  endfacet
  facet normal -5.557921e-01 8.313214e-01 0.000000e+00
    outer loop
      vertex 1.338870e+02 3.204060e+01 -4.000000e+00
      vertex 1.335500e+02 3.181530e+01 0.000000e+00
      vertex 1.338870e+02 3.204060e+01 0.000000e+00
    endloop
  endfacet
  facet normal -6.592260e-01 7.519448e-01 0.000000e+00
    outer loop
      vertex 1.341920e+02 3.230800e+01 -4.000000e+00
      vertex 1.338870e+02 3.204060e+01 0.000000e+00
      vertex 1.341920e+02 3.230800e+01 0.000000e+00
    endloop
  endfacet
  facet normal 8.306859e-01 5.567414e-01 -0.000000e+00
    outer loop
      vertex 1.295410e+02 3.261280e+01 -4.000000e+00
      vertex 1.293150e+02 3.295000e+01 -4.000000e+00
      vertex 1.295410e+02 3.261280e+01 0.000000e+00
    endloop
  endfacet
  facet normal 7.522138e-01 6.589191e-01 -0.000000e+00
    outer loop
      vertex 1.298080e+02 3.230800e+01 -4.000000e+00
      vertex 1.295410e+02 3.261280e+01 -4.000000e+00
      vertex 1.298080e+02 3.230800e+01 0.000000e+00
    endloop
  endfacet
  facet normal 8.972214e-01 4.415810e-01 -0.000000e+00
    outer loop
      vertex 1.293150e+02 3.295000e+01 -4.000000e+00
      vertex 1.291360e+02 3.331370e+01 -4.000000e+00
      vertex 1.293150e+02 3.295000e+01 0.000000e+00
    endloop
  endfacet
  facet normal 9.471890e-01 3.206759e-01 -0.000000e+00
    outer loop
      vertex 1.291360e+02 3.331370e+01 -4.000000e+00
      vertex 1.290060e+02 3.369770e+01 -4.000000e+00
      vertex 1.291360e+02 3.331370e+01 0.000000e+00
    endloop
  endfacet
  facet normal 9.808385e-01 1.948224e-01 -0.000000e+00
    outer loop
      vertex 1.290060e+02 3.369770e+01 -4.000000e+00
      vertex 1.289270e+02 3.409540e+01 -4.000000e+00
      vertex 1.290060e+02 3.369770e+01 0.000000e+00
    endloop
  endfacet
  facet normal 9.977795e-01 6.660455e-02 -0.000000e+00
    outer loop
      vertex 1.289270e+02 3.409540e+01 -4.000000e+00
      vertex 1.289000e+02 3.450000e+01 -4.000000e+00
      vertex 1.289270e+02 3.409540e+01 0.000000e+00
    endloop
  endfacet
  facet normal 9.977795e-01 -6.660455e-02 0.000000e+00
    outer loop
      vertex 1.289000e+02 3.450000e+01 -4.000000e+00
      vertex 1.289270e+02 3.490460e+01 -4.000000e+00
      vertex 1.289000e+02 3.450000e+01 0.000000e+00
    endloop
  endfacet
  facet normal 9.808385e-01 -1.948224e-01 0.000000e+00
    outer loop
      vertex 1.289270e+02 3.490460e+01 -4.000000e+00
      vertex 1.290060e+02 3.530230e+01 -4.000000e+00
      vertex 1.289270e+02 3.490460e+01 0.000000e+00
    endloop
  endfacet
  facet normal -7.522138e-01 6.589191e-01 0.000000e+00
    outer loop
      vertex 1.341920e+02 3.230800e+01 -4.000000e+00
      vertex 1.344590e+02 3.261280e+01 0.000000e+00
      vertex 1.344590e+02 3.261280e+01 -4.000000e+00
    endloop
  endfacet
  facet normal -8.306859e-01 5.567414e-01 0.000000e+00
    outer loop
      vertex 1.344590e+02 3.261280e+01 -4.000000e+00
      vertex 1.346850e+02 3.295000e+01 0.000000e+00
      vertex 1.346850e+02 3.295000e+01 -4.000000e+00
    endloop
  endfacet
  facet normal -8.972214e-01 4.415810e-01 0.000000e+00
    outer loop
      vertex 1.346850e+02 3.295000e+01 -4.000000e+00
      vertex 1.348640e+02 3.331370e+01 0.000000e+00
      vertex 1.348640e+02 3.331370e+01 -4.000000e+00
    endloop
  endfacet
  facet normal -9.471890e-01 3.206759e-01 0.000000e+00
    outer loop
      vertex 1.348640e+02 3.331370e+01 -4.000000e+00
      vertex 1.349940e+02 3.369770e+01 0.000000e+00
      vertex 1.349940e+02 3.369770e+01 -4.000000e+00
    endloop
  endfacet
  facet normal -9.808385e-01 1.948224e-01 0.000000e+00
    outer loop
      vertex 1.349940e+02 3.369770e+01 -4.000000e+00
      vertex 1.350730e+02 3.409540e+01 0.000000e+00
      vertex 1.350730e+02 3.409540e+01 -4.000000e+00
    endloop
  endfacet
  facet normal -9.977795e-01 6.660455e-02 0.000000e+00
    outer loop
      vertex 1.350730e+02 3.409540e+01 -4.000000e+00
      vertex 1.351000e+02 3.450000e+01 0.000000e+00
      vertex 1.351000e+02 3.450000e+01 -4.000000e+00
    endloop
  endfacet
  facet normal -9.977795e-01 -6.660455e-02 0.000000e+00
    outer loop
      vertex 1.351000e+02 3.450000e+01 -4.000000e+00
      vertex 1.350730e+02 3.490460e+01 0.000000e+00
      vertex 1.350730e+02 3.490460e+01 -4.000000e+00
    endloop
  endfacet
  facet normal -9.808385e-01 -1.948224e-01 0.000000e+00
    outer loop
      vertex 1.350730e+02 3.490460e+01 -4.000000e+00
      vertex 1.349940e+02 3.530230e+01 0.000000e+00
      vertex 1.349940e+02 3.530230e+01 -4.000000e+00
    endloop
  endfacet
  facet normal 8.306859e-01 5.567414e-01 -0.000000e+00
    outer loop
      vertex 1.293150e+02 3.295000e+01 -4.000000e+00
      vertex 1.293150e+02 3.295000e+01 0.000000e+00
      vertex 1.295410e+02 3.261280e+01 0.000000e+00
    endloop
  endfacet
  facet normal 7.522138e-01 6.589191e-01 -0.000000e+00
    outer loop
      vertex 1.295410e+02 3.261280e+01 -4.000000e+00
      vertex 1.295410e+02 3.261280e+01 0.000000e+00
      vertex 1.298080e+02 3.230800e+01 0.000000e+00
    endloop
  endfacet
  facet normal 8.972214e-01 4.415810e-01 -0.000000e+00
    outer loop
      vertex 1.291360e+02 3.331370e+01 -4.000000e+00
      vertex 1.291360e+02 3.331370e+01 0.000000e+00
      vertex 1.293150e+02 3.295000e+01 0.000000e+00
    endloop
  endfacet
  facet normal 9.471890e-01 3.206759e-01 -0.000000e+00
    outer loop
      vertex 1.290060e+02 3.369770e+01 -4.000000e+00
      vertex 1.290060e+02 3.369770e+01 0.000000e+00
      vertex 1.291360e+02 3.331370e+01 0.000000e+00
    endloop
  endfacet
  facet normal 9.808385e-01 1.948224e-01 -0.000000e+00
    outer loop
      vertex 1.289270e+02 3.409540e+01 -4.000000e+00
      vertex 1.289270e+02 3.409540e+01 0.000000e+00
      vertex 1.290060e+02 3.369770e+01 0.000000e+00
    endloop
  endfacet
  facet normal 9.977795e-01 6.660455e-02 -0.000000e+00
    outer loop
      vertex 1.289000e+02 3.450000e+01 -4.000000e+00
      vertex 1.289000e+02 3.450000e+01 0.000000e+00
      vertex 1.289270e+02 3.409540e+01 0.000000e+00
    endloop
  endfacet
  facet normal 9.977795e-01 -6.660455e-02 0.000000e+00
    outer loop
      vertex 1.289270e+02 3.490460e+01 -4.000000e+00
      vertex 1.289270e+02 3.490460e+01 0.000000e+00
      vertex 1.289000e+02 3.450000e+01 0.000000e+00
    endloop
  endfacet
  facet normal 9.808385e-01 -1.948224e-01 0.000000e+00
    outer loop
      vertex 1.289270e+02 3.490460e+01 0.000000e+00
      vertex 1.290060e+02 3.530230e+01 -4.000000e+00
      vertex 1.290060e+02 3.530230e+01 0.000000e+00
    endloop
  endfacet
  facet normal -7.522138e-01 6.589191e-01 0.000000e+00
    outer loop
      vertex 1.341920e+02 3.230800e+01 -4.000000e+00
      vertex 1.341920e+02 3.230800e+01 0.000000e+00
      vertex 1.344590e+02 3.261280e+01 0.000000e+00
    endloop
  endfacet
  facet normal -8.306859e-01 5.567414e-01 0.000000e+00
    outer loop
      vertex 1.344590e+02 3.261280e+01 -4.000000e+00
      vertex 1.344590e+02 3.261280e+01 0.000000e+00
      vertex 1.346850e+02 3.295000e+01 0.000000e+00
    endloop
  endfacet
  facet normal -8.972214e-01 4.415810e-01 0.000000e+00
    outer loop
      vertex 1.346850e+02 3.295000e+01 -4.000000e+00
      vertex 1.346850e+02 3.295000e+01 0.000000e+00
      vertex 1.348640e+02 3.331370e+01 0.000000e+00
    endloop
  endfacet
  facet normal -9.471890e-01 3.206759e-01 0.000000e+00
    outer loop
      vertex 1.348640e+02 3.331370e+01 -4.000000e+00
      vertex 1.348640e+02 3.331370e+01 0.000000e+00
      vertex 1.349940e+02 3.369770e+01 0.000000e+00
    endloop
  endfacet
  facet normal -9.808385e-01 1.948224e-01 0.000000e+00
    outer loop
      vertex 1.349940e+02 3.369770e+01 -4.000000e+00
      vertex 1.349940e+02 3.369770e+01 0.000000e+00
      vertex 1.350730e+02 3.409540e+01 0.000000e+00
    endloop
  endfacet
  facet normal -9.977795e-01 6.660455e-02 0.000000e+00
    outer loop
      vertex 1.350730e+02 3.409540e+01 -4.000000e+00
      vertex 1.350730e+02 3.409540e+01 0.000000e+00
      vertex 1.351000e+02 3.450000e+01 0.000000e+00
    endloop
  endfacet
  facet normal -9.977795e-01 -6.660455e-02 0.000000e+00
    outer loop
      vertex 1.351000e+02 3.450000e+01 -4.000000e+00
      vertex 1.351000e+02 3.450000e+01 0.000000e+00
      vertex 1.350730e+02 3.490460e+01 0.000000e+00
    endloop
  endfacet
  facet normal -9.808385e-01 -1.948224e-01 0.000000e+00
    outer loop
      vertex 1.350730e+02 3.490460e+01 -4.000000e+00
      vertex 1.350730e+02 3.490460e+01 0.000000e+00
      vertex 1.349940e+02 3.530230e+01 0.000000e+00
    endloop
  endfacet
  facet normal 0.000000e+00 0.000000e+00 -1.000000e+00
    outer loop
      vertex 1.366070e+02 8.522660e+00 -4.000000e+00
      vertex 1.350730e+02 3.409540e+01 -4.000000e+00
      vertex 1.550000e+02 4.300000e+01 -4.000000e+00
    endloop
  endfacet
  facet normal 0.000000e+00 -0.000000e+00 1.000000e+00
    outer loop
      vertex 1.366070e+02 8.522660e+00 0.000000e+00
      vertex 1.530000e+02 4.500000e+01 0.000000e+00
      vertex 1.346850e+02 3.295000e+01 0.000000e+00
    endloop
  endfacet
  facet normal 0.000000e+00 0.000000e+00 -1.000000e+00
    outer loop
      vertex 1.059940e+02 3.530230e+01 -4.000000e+00
      vertex 1.291360e+02 3.568630e+01 -4.000000e+00
      vertex 1.290060e+02 3.530230e+01 -4.000000e+00
    endloop
  endfacet
  facet normal 0.000000e+00 0.000000e+00 -1.000000e+00
    outer loop
      vertex 1.058640e+02 3.568630e+01 -4.000000e+00
      vertex 1.293150e+02 3.605000e+01 -4.000000e+00
      vertex 1.291360e+02 3.568630e+01 -4.000000e+00
    endloop
  endfacet
  facet normal 0.000000e+00 0.000000e+00 -1.000000e+00
    outer loop
      vertex 1.056850e+02 3.605000e+01 -4.000000e+00
      vertex 1.295410e+02 3.638720e+01 -4.000000e+00
      vertex 1.293150e+02 3.605000e+01 -4.000000e+00
    endloop
  endfacet
  facet normal 0.000000e+00 0.000000e+00 -1.000000e+00
    outer loop
      vertex 1.054590e+02 3.638720e+01 -4.000000e+00
      vertex 1.298080e+02 3.669200e+01 -4.000000e+00
      vertex 1.295410e+02 3.638720e+01 -4.000000e+00
    endloop
  endfacet
  facet normal 0.000000e+00 0.000000e+00 -1.000000e+00
    outer loop
      vertex 1.051920e+02 3.669200e+01 -4.000000e+00
      vertex 1.301130e+02 3.695940e+01 -4.000000e+00
      vertex 1.298080e+02 3.669200e+01 -4.000000e+00
    endloop
  endfacet
  facet normal 0.000000e+00 0.000000e+00 -1.000000e+00
    outer loop
      vertex 1.048870e+02 3.695940e+01 -4.000000e+00
      vertex 1.304500e+02 3.718470e+01 -4.000000e+00
      vertex 1.301130e+02 3.695940e+01 -4.000000e+00
    endloop
  endfacet
  facet normal 0.000000e+00 0.000000e+00 -1.000000e+00
    outer loop
      vertex 1.045500e+02 3.718470e+01 -4.000000e+00
      vertex 1.308140e+02 3.736400e+01 -4.000000e+00
      vertex 1.304500e+02 3.718470e+01 -4.000000e+00
    endloop
  endfacet
  facet normal 0.000000e+00 0.000000e+00 -1.000000e+00
    outer loop
      vertex 1.041860e+02 3.736400e+01 -4.000000e+00
      vertex 1.311980e+02 3.749440e+01 -4.000000e+00
      vertex 1.308140e+02 3.736400e+01 -4.000000e+00
    endloop
  endfacet
  facet normal 0.000000e+00 0.000000e+00 -1.000000e+00
    outer loop
      vertex 1.034050e+02 3.757350e+01 -4.000000e+00
      vertex 1.315950e+02 3.757350e+01 -4.000000e+00
      vertex 1.311980e+02 3.749440e+01 -4.000000e+00
    endloop
  endfacet
  facet normal 0.000000e+00 0.000000e+00 -1.000000e+00
    outer loop
      vertex 1.030000e+02 3.760000e+01 -4.000000e+00
      vertex 1.550000e+02 4.300000e+01 -4.000000e+00
      vertex 1.034050e+02 3.757350e+01 -4.000000e+00
    endloop
  endfacet
  facet normal 0.000000e+00 0.000000e+00 -1.000000e+00
    outer loop
      vertex 1.025950e+02 3.757350e+01 -4.000000e+00
      vertex 1.550000e+02 4.300000e+01 -4.000000e+00
      vertex 1.030000e+02 3.760000e+01 -4.000000e+00
    endloop
  endfacet
  facet normal 0.000000e+00 0.000000e+00 -1.000000e+00
    outer loop
      vertex 1.034050e+02 3.757350e+01 -4.000000e+00
      vertex 1.550000e+02 4.300000e+01 -4.000000e+00
      vertex 1.315950e+02 3.757350e+01 -4.000000e+00
    endloop
  endfacet
  facet normal 0.000000e+00 0.000000e+00 1.000000e+00
    outer loop
      vertex 1.059940e+02 3.530230e+01 0.000000e+00
      vertex 1.290060e+02 3.530230e+01 0.000000e+00
      vertex 1.291360e+02 3.568630e+01 0.000000e+00
    endloop
  endfacet
  facet normal 0.000000e+00 0.000000e+00 1.000000e+00
    outer loop
      vertex 1.058640e+02 3.568630e+01 0.000000e+00
      vertex 1.291360e+02 3.568630e+01 0.000000e+00
      vertex 1.293150e+02 3.605000e+01 0.000000e+00
    endloop
  endfacet
  facet normal 0.000000e+00 0.000000e+00 1.000000e+00
    outer loop
      vertex 1.056850e+02 3.605000e+01 0.000000e+00
      vertex 1.293150e+02 3.605000e+01 0.000000e+00
      vertex 1.295410e+02 3.638720e+01 0.000000e+00
    endloop
  endfacet
  facet normal 0.000000e+00 0.000000e+00 1.000000e+00
    outer loop
      vertex 1.054590e+02 3.638720e+01 0.000000e+00
      vertex 1.295410e+02 3.638720e+01 0.000000e+00
      vertex 1.298080e+02 3.669200e+01 0.000000e+00
    endloop
  endfacet
  facet normal 0.000000e+00 0.000000e+00 1.000000e+00
    outer loop
      vertex 1.051920e+02 3.669200e+01 0.000000e+00
      vertex 1.298080e+02 3.669200e+01 0.000000e+00
      vertex 1.301130e+02 3.695940e+01 0.000000e+00
    endloop
  endfacet
  facet normal 0.000000e+00 0.000000e+00 1.000000e+00
    outer loop
      vertex 1.048870e+02 3.695940e+01 0.000000e+00
      vertex 1.301130e+02 3.695940e+01 0.000000e+00
      vertex 1.304500e+02 3.718470e+01 0.000000e+00
    endloop
  endfacet
  facet normal 0.000000e+00 0.000000e+00 1.000000e+00
    outer loop
      vertex 1.045500e+02 3.718470e+01 0.000000e+00
      vertex 1.304500e+02 3.718470e+01 0.000000e+00
      vertex 1.308140e+02 3.736400e+01 0.000000e+00
    endloop
  endfacet
  facet normal -0.000000e+00 0.000000e+00 1.000000e+00
    outer loop
      vertex 1.038020e+02 3.749440e+01 0.000000e+00
      vertex 1.308140e+02 3.736400e+01 0.000000e+00
      vertex 1.311980e+02 3.749440e+01 0.000000e+00
    endloop
  endfacet
  facet normal -0.000000e+00 0.000000e+00 1.000000e+00
    outer loop
      vertex 1.034050e+02 3.757350e+01 0.000000e+00
      vertex 1.311980e+02 3.749440e+01 0.000000e+00
      vertex 1.315950e+02 3.757350e+01 0.000000e+00
    endloop
  endfacet
  facet normal 0.000000e+00 0.000000e+00 1.000000e+00
    outer loop
      vertex 1.025950e+02 3.757350e+01 0.000000e+00
      vertex 1.030000e+02 3.760000e+01 0.000000e+00
      vertex 1.530000e+02 4.500000e+01 0.000000e+00
    endloop
  endfacet
  facet normal -0.000000e+00 0.000000e+00 1.000000e+00
    outer loop
      vertex 1.030000e+02 3.760000e+01 0.000000e+00
      vertex 1.034050e+02 3.757350e+01 0.000000e+00
      vertex 1.530000e+02 4.500000e+01 0.000000e+00
    endloop
  endfacet
  facet normal 9.471890e-01 -3.206759e-01 0.000000e+00
    outer loop
      vertex 1.290060e+02 3.530230e+01 -4.000000e+00
      vertex 1.291360e+02 3.568630e+01 -4.000000e+00
      vertex 1.290060e+02 3.530230e+01 0.000000e+00
    endloop
  endfacet
  facet normal 8.972214e-01 -4.415810e-01 0.000000e+00
    outer loop
      vertex 1.291360e+02 3.568630e+01 -4.000000e+00
      vertex 1.293150e+02 3.605000e+01 -4.000000e+00
      vertex 1.291360e+02 3.568630e+01 0.000000e+00
    endloop
  endfacet
  facet normal 8.306859e-01 -5.567414e-01 0.000000e+00
    outer loop
      vertex 1.293150e+02 3.605000e+01 -4.000000e+00
      vertex 1.295410e+02 3.638720e+01 -4.000000e+00
      vertex 1.293150e+02 3.605000e+01 0.000000e+00
    endloop
  endfacet
  facet normal 7.522138e-01 -6.589191e-01 0.000000e+00
    outer loop
      vertex 1.295410e+02 3.638720e+01 -4.000000e+00
      vertex 1.298080e+02 3.669200e+01 -4.000000e+00
      vertex 1.295410e+02 3.638720e+01 0.000000e+00
    endloop
  endfacet
  facet normal 6.592260e-01 -7.519448e-01 0.000000e+00
    outer loop
      vertex 1.298080e+02 3.669200e+01 -4.000000e+00
      vertex 1.301130e+02 3.695940e+01 -4.000000e+00
      vertex 1.301130e+02 3.695940e+01 0.000000e+00
    endloop
  endfacet
  facet normal 5.557921e-01 -8.313214e-01 0.000000e+00
    outer loop
      vertex 1.301130e+02 3.695940e+01 -4.000000e+00
      vertex 1.304500e+02 3.718470e+01 -4.000000e+00
      vertex 1.304500e+02 3.718470e+01 0.000000e+00
    endloop
  endfacet
  facet normal 4.418808e-01 -8.970738e-01 0.000000e+00
    outer loop
      vertex 1.304500e+02 3.718470e+01 -4.000000e+00
      vertex 1.308140e+02 3.736400e+01 -4.000000e+00
      vertex 1.308140e+02 3.736400e+01 0.000000e+00
    endloop
  endfacet
  facet normal -9.471890e-01 -3.206759e-01 0.000000e+00
    outer loop
      vertex 1.349940e+02 3.530230e+01 -4.000000e+00
      vertex 1.348640e+02 3.568630e+01 0.000000e+00
      vertex 1.348640e+02 3.568630e+01 -4.000000e+00
    endloop
  endfacet
  facet normal -8.972214e-01 -4.415810e-01 0.000000e+00
    outer loop
      vertex 1.348640e+02 3.568630e+01 -4.000000e+00
      vertex 1.346850e+02 3.605000e+01 0.000000e+00
      vertex 1.346850e+02 3.605000e+01 -4.000000e+00
    endloop
  endfacet
  facet normal -7.522138e-01 -6.589191e-01 0.000000e+00
    outer loop
      vertex 1.341920e+02 3.669200e+01 -4.000000e+00
      vertex 1.344590e+02 3.638720e+01 -4.000000e+00
      vertex 1.341920e+02 3.669200e+01 0.000000e+00
    endloop
  endfacet
  facet normal -8.306859e-01 -5.567414e-01 0.000000e+00
    outer loop
      vertex 1.346850e+02 3.605000e+01 -4.000000e+00
      vertex 1.344590e+02 3.638720e+01 0.000000e+00
      vertex 1.344590e+02 3.638720e+01 -4.000000e+00
    endloop
  endfacet
  facet normal 3.215506e-01 -9.468924e-01 0.000000e+00
    outer loop
      vertex 1.308140e+02 3.736400e+01 -4.000000e+00
      vertex 1.311980e+02 3.749440e+01 -4.000000e+00
      vertex 1.311980e+02 3.749440e+01 0.000000e+00
    endloop
  endfacet
  facet normal -3.215506e-01 -9.468924e-01 0.000000e+00
    outer loop
      vertex 1.331860e+02 3.736400e+01 -4.000000e+00
      vertex 1.331860e+02 3.736400e+01 0.000000e+00
      vertex 1.328020e+02 3.749440e+01 -4.000000e+00
    endloop
  endfacet
  facet normal 1.954057e-01 -9.807225e-01 0.000000e+00
    outer loop
      vertex 1.311980e+02 3.749440e+01 -4.000000e+00
      vertex 1.315950e+02 3.757350e+01 -4.000000e+00
      vertex 1.315950e+02 3.757350e+01 0.000000e+00
    endloop
  endfacet
  facet normal 6.528504e-02 -9.978667e-01 0.000000e+00
    outer loop
      vertex 1.315950e+02 3.757350e+01 -4.000000e+00
      vertex 1.320000e+02 3.760000e+01 -4.000000e+00
      vertex 1.320000e+02 3.760000e+01 0.000000e+00
    endloop
  endfacet
  facet normal -6.528504e-02 -9.978667e-01 0.000000e+00
    outer loop
      vertex 1.320000e+02 3.760000e+01 -4.000000e+00
      vertex 1.324050e+02 3.757350e+01 -4.000000e+00
      vertex 1.324050e+02 3.757350e+01 0.000000e+00
    endloop
  endfacet
  facet normal -1.954057e-01 -9.807225e-01 0.000000e+00
    outer loop
      vertex 1.324050e+02 3.757350e+01 -4.000000e+00
      vertex 1.328020e+02 3.749440e+01 -4.000000e+00
      vertex 1.328020e+02 3.749440e+01 0.000000e+00
    endloop
  endfacet
  facet normal -5.557921e-01 -8.313214e-01 0.000000e+00
    outer loop
      vertex 1.338870e+02 3.695940e+01 -4.000000e+00
      vertex 1.338870e+02 3.695940e+01 0.000000e+00
      vertex 1.335500e+02 3.718470e+01 -4.000000e+00
    endloop
  endfacet
  facet normal -6.592260e-01 -7.519448e-01 0.000000e+00
    outer loop
      vertex 1.341920e+02 3.669200e+01 -4.000000e+00
      vertex 1.341920e+02 3.669200e+01 0.000000e+00
      vertex 1.338870e+02 3.695940e+01 -4.000000e+00
    endloop
  endfacet
  facet normal -4.418808e-01 -8.970738e-01 0.000000e+00
    outer loop
      vertex 1.331860e+02 3.736400e+01 -4.000000e+00
      vertex 1.335500e+02 3.718470e+01 -4.000000e+00
      vertex 1.335500e+02 3.718470e+01 0.000000e+00
    endloop
  endfacet
  facet normal 9.471890e-01 -3.206759e-01 0.000000e+00
    outer loop
      vertex 1.291360e+02 3.568630e+01 -4.000000e+00
      vertex 1.291360e+02 3.568630e+01 0.000000e+00
      vertex 1.290060e+02 3.530230e+01 0.000000e+00
    endloop
  endfacet
  facet normal 8.972214e-01 -4.415810e-01 0.000000e+00
    outer loop
      vertex 1.293150e+02 3.605000e+01 -4.000000e+00
      vertex 1.293150e+02 3.605000e+01 0.000000e+00
      vertex 1.291360e+02 3.568630e+01 0.000000e+00
    endloop
  endfacet
  facet normal 8.306859e-01 -5.567414e-01 0.000000e+00
    outer loop
      vertex 1.295410e+02 3.638720e+01 -4.000000e+00
      vertex 1.295410e+02 3.638720e+01 0.000000e+00
      vertex 1.293150e+02 3.605000e+01 0.000000e+00
    endloop
  endfacet
  facet normal 7.522138e-01 -6.589191e-01 0.000000e+00
    outer loop
      vertex 1.298080e+02 3.669200e+01 -4.000000e+00
      vertex 1.298080e+02 3.669200e+01 0.000000e+00
      vertex 1.295410e+02 3.638720e+01 0.000000e+00
    endloop
  endfacet
  facet normal 6.592260e-01 -7.519448e-01 0.000000e+00
    outer loop
      vertex 1.298080e+02 3.669200e+01 -4.000000e+00
      vertex 1.301130e+02 3.695940e+01 0.000000e+00
      vertex 1.298080e+02 3.669200e+01 0.000000e+00
    endloop
  endfacet
  facet normal 5.557921e-01 -8.313214e-01 0.000000e+00
    outer loop
      vertex 1.301130e+02 3.695940e+01 -4.000000e+00
      vertex 1.304500e+02 3.718470e+01 0.000000e+00
      vertex 1.301130e+02 3.695940e+01 0.000000e+00
    endloop
  endfacet
  facet normal 4.418808e-01 -8.970738e-01 0.000000e+00
    outer loop
      vertex 1.304500e+02 3.718470e+01 -4.000000e+00
      vertex 1.308140e+02 3.736400e+01 0.000000e+00
      vertex 1.304500e+02 3.718470e+01 0.000000e+00
    endloop
  endfacet
  facet normal -9.471890e-01 -3.206759e-01 0.000000e+00
    outer loop
      vertex 1.349940e+02 3.530230e+01 -4.000000e+00
      vertex 1.349940e+02 3.530230e+01 0.000000e+00
      vertex 1.348640e+02 3.568630e+01 0.000000e+00
    endloop
  endfacet
  facet normal -8.972214e-01 -4.415810e-01 0.000000e+00
    outer loop
      vertex 1.348640e+02 3.568630e+01 -4.000000e+00
      vertex 1.348640e+02 3.568630e+01 0.000000e+00
      vertex 1.346850e+02 3.605000e+01 0.000000e+00
    endloop
  endfacet
  facet normal -7.522138e-01 -6.589191e-01 0.000000e+00
    outer loop
      vertex 1.344590e+02 3.638720e+01 -4.000000e+00
      vertex 1.344590e+02 3.638720e+01 0.000000e+00
      vertex 1.341920e+02 3.669200e+01 0.000000e+00
    endloop
  endfacet
  facet normal -8.306859e-01 -5.567414e-01 0.000000e+00
    outer loop
      vertex 1.346850e+02 3.605000e+01 -4.000000e+00
      vertex 1.346850e+02 3.605000e+01 0.000000e+00
      vertex 1.344590e+02 3.638720e+01 0.000000e+00
    endloop
  endfacet
  facet normal 3.215506e-01 -9.468924e-01 0.000000e+00
    outer loop
      vertex 1.308140e+02 3.736400e+01 -4.000000e+00
      vertex 1.311980e+02 3.749440e+01 0.000000e+00
      vertex 1.308140e+02 3.736400e+01 0.000000e+00
    endloop
  endfacet
  facet normal -3.215506e-01 -9.468924e-01 0.000000e+00
    outer loop
      vertex 1.328020e+02 3.749440e+01 -4.000000e+00
      vertex 1.331860e+02 3.736400e+01 0.000000e+00
      vertex 1.328020e+02 3.749440e+01 0.000000e+00
    endloop
  endfacet
  facet normal 1.954057e-01 -9.807225e-01 0.000000e+00
    outer loop
      vertex 1.311980e+02 3.749440e+01 -4.000000e+00
      vertex 1.315950e+02 3.757350e+01 0.000000e+00
      vertex 1.311980e+02 3.749440e+01 0.000000e+00
    endloop
  endfacet
  facet normal 6.528504e-02 -9.978667e-01 0.000000e+00
    outer loop
      vertex 1.315950e+02 3.757350e+01 -4.000000e+00
      vertex 1.320000e+02 3.760000e+01 0.000000e+00
      vertex 1.315950e+02 3.757350e+01 0.000000e+00
    endloop
  endfacet
  facet normal -6.528504e-02 -9.978667e-01 0.000000e+00
    outer loop
      vertex 1.320000e+02 3.760000e+01 -4.000000e+00
      vertex 1.324050e+02 3.757350e+01 0.000000e+00
      vertex 1.320000e+02 3.760000e+01 0.000000e+00
    endloop
  endfacet
  facet normal -1.954057e-01 -9.807225e-01 0.000000e+00
    outer loop
      vertex 1.324050e+02 3.757350e+01 -4.000000e+00
      vertex 1.328020e+02 3.749440e+01 0.000000e+00
      vertex 1.324050e+02 3.757350e+01 0.000000e+00
    endloop
  endfacet
  facet normal -6.592260e-01 -7.519448e-01 0.000000e+00
    outer loop
      vertex 1.338870e+02 3.695940e+01 -4.000000e+00
      vertex 1.341920e+02 3.669200e+01 0.000000e+00
      vertex 1.338870e+02 3.695940e+01 0.000000e+00
    endloop
  endfacet
  facet normal -5.557921e-01 -8.313214e-01 0.000000e+00
    outer loop
      vertex 1.335500e+02 3.718470e+01 -4.000000e+00
      vertex 1.338870e+02 3.695940e+01 0.000000e+00
      vertex 1.335500e+02 3.718470e+01 0.000000e+00
    endloop
  endfacet
  facet normal -4.418808e-01 -8.970738e-01 0.000000e+00
    outer loop
      vertex 1.331860e+02 3.736400e+01 -4.000000e+00
      vertex 1.335500e+02 3.718470e+01 0.000000e+00
      vertex 1.331860e+02 3.736400e+01 0.000000e+00
    endloop
  endfacet
  facet normal 0.000000e+00 0.000000e+00 1.000000e+00
    outer loop
      vertex 1.034050e+02 3.757350e+01 0.000000e+00
      vertex 1.315950e+02 3.757350e+01 0.000000e+00
      vertex 1.530000e+02 4.500000e+01 0.000000e+00
    endloop
  endfacet
  facet normal 0.000000e+00 0.000000e+00 -1.000000e+00
    outer loop
      vertex 1.350730e+02 3.409540e+01 -4.000000e+00
      vertex 1.351000e+02 3.450000e+01 -4.000000e+00
      vertex 1.550000e+02 4.300000e+01 -4.000000e+00
    endloop
  endfacet
  facet normal 0.000000e+00 0.000000e+00 -1.000000e+00
    outer loop
      vertex 1.349940e+02 3.530230e+01 -4.000000e+00
      vertex 1.348640e+02 3.568630e+01 -4.000000e+00
      vertex 1.550000e+02 4.300000e+01 -4.000000e+00
    endloop
  endfacet
  facet normal 0.000000e+00 0.000000e+00 -1.000000e+00
    outer loop
      vertex 1.351000e+02 3.450000e+01 -4.000000e+00
      vertex 1.350730e+02 3.490460e+01 -4.000000e+00
      vertex 1.550000e+02 4.300000e+01 -4.000000e+00
    endloop
  endfacet
  facet normal 0.000000e+00 0.000000e+00 -1.000000e+00
    outer loop
      vertex 1.350730e+02 3.490460e+01 -4.000000e+00
      vertex 1.349940e+02 3.530230e+01 -4.000000e+00
      vertex 1.550000e+02 4.300000e+01 -4.000000e+00
    endloop
  endfacet
  facet normal 0.000000e+00 0.000000e+00 -1.000000e+00
    outer loop
      vertex 1.331860e+02 3.736400e+01 -4.000000e+00
      vertex 1.328020e+02 3.749440e+01 -4.000000e+00
      vertex 1.550000e+02 4.300000e+01 -4.000000e+00
    endloop
  endfacet
  facet normal 0.000000e+00 0.000000e+00 -1.000000e+00
    outer loop
      vertex 1.315950e+02 3.757350e+01 -4.000000e+00
      vertex 1.550000e+02 4.300000e+01 -4.000000e+00
      vertex 1.320000e+02 3.760000e+01 -4.000000e+00
    endloop
  endfacet
  facet normal 0.000000e+00 0.000000e+00 -1.000000e+00
    outer loop
      vertex 1.320000e+02 3.760000e+01 -4.000000e+00
      vertex 1.550000e+02 4.300000e+01 -4.000000e+00
      vertex 1.324050e+02 3.757350e+01 -4.000000e+00
    endloop
  endfacet
  facet normal 0.000000e+00 0.000000e+00 -1.000000e+00
    outer loop
      vertex 1.324050e+02 3.757350e+01 -4.000000e+00
      vertex 1.550000e+02 4.300000e+01 -4.000000e+00
      vertex 1.328020e+02 3.749440e+01 -4.000000e+00
    endloop
  endfacet
  facet normal 0.000000e+00 0.000000e+00 -1.000000e+00
    outer loop
      vertex 1.348640e+02 3.568630e+01 -4.000000e+00
      vertex 1.346850e+02 3.605000e+01 -4.000000e+00
      vertex 1.550000e+02 4.300000e+01 -4.000000e+00
    endloop
  endfacet
  facet normal 0.000000e+00 0.000000e+00 -1.000000e+00
    outer loop
      vertex 1.346850e+02 3.605000e+01 -4.000000e+00
      vertex 1.344590e+02 3.638720e+01 -4.000000e+00
      vertex 1.550000e+02 4.300000e+01 -4.000000e+00
    endloop
  endfacet
  facet normal 0.000000e+00 0.000000e+00 -1.000000e+00
    outer loop
      vertex 1.341920e+02 3.669200e+01 -4.000000e+00
      vertex 1.338870e+02 3.695940e+01 -4.000000e+00
      vertex 1.550000e+02 4.300000e+01 -4.000000e+00
    endloop
  endfacet
  facet normal 0.000000e+00 0.000000e+00 -1.000000e+00
    outer loop
      vertex 1.341920e+02 3.669200e+01 -4.000000e+00
      vertex 1.550000e+02 4.300000e+01 -4.000000e+00
      vertex 1.344590e+02 3.638720e+01 -4.000000e+00
    endloop
  endfacet
  facet normal 0.000000e+00 0.000000e+00 -1.000000e+00
    outer loop
      vertex 1.338870e+02 3.695940e+01 -4.000000e+00
      vertex 1.335500e+02 3.718470e+01 -4.000000e+00
      vertex 1.550000e+02 4.300000e+01 -4.000000e+00
    endloop
  endfacet
  facet normal 0.000000e+00 0.000000e+00 -1.000000e+00
    outer loop
      vertex 1.331860e+02 3.736400e+01 -4.000000e+00
      vertex 1.550000e+02 4.300000e+01 -4.000000e+00
      vertex 1.335500e+02 3.718470e+01 -4.000000e+00
    endloop
  endfacet
  facet normal 0.000000e+00 0.000000e+00 1.000000e+00
    outer loop
      vertex 1.346850e+02 3.295000e+01 0.000000e+00
      vertex 1.530000e+02 4.500000e+01 0.000000e+00
      vertex 1.348640e+02 3.331370e+01 0.000000e+00
    endloop
  endfacet
  facet normal 0.000000e+00 0.000000e+00 1.000000e+00
    outer loop
      vertex 1.348640e+02 3.331370e+01 0.000000e+00
      vertex 1.530000e+02 4.500000e+01 0.000000e+00
      vertex 1.349940e+02 3.369770e+01 0.000000e+00
    endloop
  endfacet
  facet normal 0.000000e+00 0.000000e+00 1.000000e+00
    outer loop
      vertex 1.349940e+02 3.369770e+01 0.000000e+00
      vertex 1.530000e+02 4.500000e+01 0.000000e+00
      vertex 1.350730e+02 3.409540e+01 0.000000e+00
    endloop
  endfacet
  facet normal 0.000000e+00 0.000000e+00 1.000000e+00
    outer loop
      vertex 1.350730e+02 3.409540e+01 0.000000e+00
      vertex 1.530000e+02 4.500000e+01 0.000000e+00
      vertex 1.351000e+02 3.450000e+01 0.000000e+00
    endloop
  endfacet
  facet normal 0.000000e+00 -0.000000e+00 1.000000e+00
    outer loop
      vertex 1.351000e+02 3.450000e+01 0.000000e+00
      vertex 1.530000e+02 4.500000e+01 0.000000e+00
      vertex 1.350730e+02 3.490460e+01 0.000000e+00
    endloop
  endfacet
  facet normal 0.000000e+00 -0.000000e+00 1.000000e+00
    outer loop
      vertex 1.341920e+02 3.669200e+01 0.000000e+00
      vertex 1.530000e+02 4.500000e+01 0.000000e+00
      vertex 1.338870e+02 3.695940e+01 0.000000e+00
    endloop
  endfacet
  facet normal 0.000000e+00 0.000000e+00 1.000000e+00
    outer loop
      vertex 1.315950e+02 3.757350e+01 0.000000e+00
      vertex 1.320000e+02 3.760000e+01 0.000000e+00
      vertex 1.530000e+02 4.500000e+01 0.000000e+00
    endloop
  endfacet
  facet normal -0.000000e+00 0.000000e+00 1.000000e+00
    outer loop
      vertex 1.320000e+02 3.760000e+01 0.000000e+00
      vertex 1.324050e+02 3.757350e+01 0.000000e+00
      vertex 1.530000e+02 4.500000e+01 0.000000e+00
    endloop
  endfacet
  facet normal -0.000000e+00 0.000000e+00 1.000000e+00
    outer loop
      vertex 1.324050e+02 3.757350e+01 0.000000e+00
      vertex 1.328020e+02 3.749440e+01 0.000000e+00
      vertex 1.530000e+02 4.500000e+01 0.000000e+00
    endloop
  endfacet
  facet normal 0.000000e+00 -0.000000e+00 1.000000e+00
    outer loop
      vertex 1.331860e+02 3.736400e+01 0.000000e+00
      vertex 1.530000e+02 4.500000e+01 0.000000e+00
      vertex 1.328020e+02 3.749440e+01 0.000000e+00
    endloop
  endfacet
  facet normal 0.000000e+00 -0.000000e+00 1.000000e+00
    outer loop
      vertex 1.338870e+02 3.695940e+01 0.000000e+00
      vertex 1.530000e+02 4.500000e+01 0.000000e+00
      vertex 1.335500e+02 3.718470e+01 0.000000e+00
    endloop
  endfacet
  facet normal -0.000000e+00 0.000000e+00 1.000000e+00
    outer loop
      vertex 1.331860e+02 3.736400e+01 0.000000e+00
      vertex 1.335500e+02 3.718470e+01 0.000000e+00
      vertex 1.530000e+02 4.500000e+01 0.000000e+00
    endloop
  endfacet
  facet normal 0.000000e+00 -0.000000e+00 1.000000e+00
    outer loop
      vertex 1.350730e+02 3.490460e+01 0.000000e+00
      vertex 1.530000e+02 4.500000e+01 0.000000e+00
      vertex 1.349940e+02 3.530230e+01 0.000000e+00
    endloop
  endfacet
  facet normal 0.000000e+00 -0.000000e+00 1.000000e+00
    outer loop
      vertex 1.349940e+02 3.530230e+01 0.000000e+00
      vertex 1.530000e+02 4.500000e+01 0.000000e+00
      vertex 1.348640e+02 3.568630e+01 0.000000e+00
    endloop
  endfacet
  facet normal 0.000000e+00 -0.000000e+00 1.000000e+00
    outer loop
      vertex 1.348640e+02 3.568630e+01 0.000000e+00
      vertex 1.530000e+02 4.500000e+01 0.000000e+00
      vertex 1.346850e+02 3.605000e+01 0.000000e+00
    endloop
  endfacet
  facet normal 0.000000e+00 -0.000000e+00 1.000000e+00
    outer loop
      vertex 1.346850e+02 3.605000e+01 0.000000e+00
      vertex 1.530000e+02 4.500000e+01 0.000000e+00
      vertex 1.344590e+02 3.638720e+01 0.000000e+00
    endloop
  endfacet
  facet normal -0.000000e+00 0.000000e+00 1.000000e+00
    outer loop
      vertex 1.341920e+02 3.669200e+01 0.000000e+00
      vertex 1.344590e+02 3.638720e+01 0.000000e+00
      vertex 1.530000e+02 4.500000e+01 0.000000e+00
    endloop
  endfacet
  facet normal 5.773503e-01 5.773503e-01 5.773503e-01
    outer loop
      vertex 1.550000e+02 4.500000e+01 -2.000000e+00
      vertex 1.530000e+02 4.700000e+01 -2.000000e+00
      vertex 1.530000e+02 4.500000e+01 0.000000e+00
    endloop
  endfacet
  facet normal 6.540278e-02 9.978589e-01 0.000000e+00
    outer loop
      vertex -3.000000e+01 -3.600000e+01 -4.000000e+00
      vertex -3.019579e+01 -3.598717e+01 -4.000000e+00
      vertex -3.019579e+01 -3.598717e+01 0.000000e+00
    endloop
  endfacet
  facet normal -6.540278e-02 9.978589e-01 0.000000e+00
    outer loop
      vertex -2.980421e+01 -3.598717e+01 -4.000000e+00
      vertex -3.000000e+01 -3.600000e+01 -4.000000e+00
      vertex -3.000000e+01 -3.600000e+01 0.000000e+00
    endloop
  endfacet
  facet normal 4.422841e-01 8.968750e-01 0.000000e+00
    outer loop
      vertex -3.057402e+01 -3.588582e+01 -4.000000e+00
      vertex -3.075000e+01 -3.579904e+01 -4.000000e+00
      vertex -3.075000e+01 -3.579904e+01 0.000000e+00
    endloop
  endfacet
  facet normal 1.950991e-01 9.807835e-01 0.000000e+00
    outer loop
      vertex -3.019579e+01 -3.598717e+01 -4.000000e+00
      vertex -3.038823e+01 -3.594889e+01 -4.000000e+00
      vertex -3.038823e+01 -3.594889e+01 0.000000e+00
    endloop
  endfacet
  facet normal 3.214374e-01 9.469308e-01 0.000000e+00
    outer loop
      vertex -3.038823e+01 -3.594889e+01 -4.000000e+00
      vertex -3.057402e+01 -3.588582e+01 -4.000000e+00
      vertex -3.057402e+01 -3.588582e+01 0.000000e+00
    endloop
  endfacet
  facet normal 5.555748e-01 8.314666e-01 0.000000e+00
    outer loop
      vertex -3.075000e+01 -3.579904e+01 -4.000000e+00
      vertex -3.091314e+01 -3.569003e+01 -4.000000e+00
      vertex -3.091314e+01 -3.569003e+01 0.000000e+00
    endloop
  endfacet
  facet normal 6.593397e-01 7.518452e-01 0.000000e+00
    outer loop
      vertex -3.091314e+01 -3.569003e+01 -4.000000e+00
      vertex -3.106066e+01 -3.556066e+01 -4.000000e+00
      vertex -3.106066e+01 -3.556066e+01 0.000000e+00
    endloop
  endfacet
  facet normal 7.518404e-01 6.593452e-01 0.000000e+00
    outer loop
      vertex -3.106066e+01 -3.556066e+01 -4.000000e+00
      vertex -3.119003e+01 -3.541314e+01 -4.000000e+00
      vertex -3.119003e+01 -3.541314e+01 0.000000e+00
    endloop
  endfacet
  facet normal 8.314696e-01 5.555703e-01 0.000000e+00
    outer loop
      vertex -3.119003e+01 -3.541314e+01 -4.000000e+00
      vertex -3.129904e+01 -3.525000e+01 -4.000000e+00
      vertex -3.129904e+01 -3.525000e+01 0.000000e+00
    endloop
  endfacet
  facet normal -1.950991e-01 9.807835e-01 0.000000e+00
    outer loop
      vertex -2.961177e+01 -3.594889e+01 -4.000000e+00
      vertex -2.980421e+01 -3.598717e+01 -4.000000e+00
      vertex -2.980421e+01 -3.598717e+01 0.000000e+00
    endloop
  endfacet
  facet normal -3.214374e-01 9.469308e-01 0.000000e+00
    outer loop
      vertex -2.942598e+01 -3.588582e+01 -4.000000e+00
      vertex -2.961177e+01 -3.594889e+01 -4.000000e+00
      vertex -2.961177e+01 -3.594889e+01 0.000000e+00
    endloop
  endfacet
  facet normal -4.422841e-01 8.968750e-01 0.000000e+00
    outer loop
      vertex -2.925000e+01 -3.579904e+01 -4.000000e+00
      vertex -2.942598e+01 -3.588582e+01 -4.000000e+00
      vertex -2.942598e+01 -3.588582e+01 0.000000e+00
    endloop
  endfacet
  facet normal -5.555748e-01 8.314666e-01 0.000000e+00
    outer loop
      vertex -2.908686e+01 -3.569003e+01 -4.000000e+00
      vertex -2.925000e+01 -3.579904e+01 -4.000000e+00
      vertex -2.925000e+01 -3.579904e+01 0.000000e+00
    endloop
  endfacet
  facet normal 6.540278e-02 9.978589e-01 -0.000000e+00
    outer loop
      vertex -3.000000e+01 -3.600000e+01 -4.000000e+00
      vertex -3.019579e+01 -3.598717e+01 0.000000e+00
      vertex -3.000000e+01 -3.600000e+01 0.000000e+00
    endloop
  endfacet
  facet normal -6.540278e-02 9.978589e-01 0.000000e+00
    outer loop
      vertex -2.980421e+01 -3.598717e+01 -4.000000e+00
      vertex -3.000000e+01 -3.600000e+01 0.000000e+00
      vertex -2.980421e+01 -3.598717e+01 0.000000e+00
    endloop
  endfacet
  facet normal 6.593397e-01 7.518452e-01 0.000000e+00
    outer loop
      vertex -3.106066e+01 -3.556066e+01 0.000000e+00
      vertex -3.091314e+01 -3.569003e+01 0.000000e+00
      vertex -3.091314e+01 -3.569003e+01 -4.000000e+00
    endloop
  endfacet
  facet normal 4.422841e-01 8.968750e-01 -0.000000e+00
    outer loop
      vertex -3.057402e+01 -3.588582e+01 -4.000000e+00
      vertex -3.075000e+01 -3.579904e+01 0.000000e+00
      vertex -3.057402e+01 -3.588582e+01 0.000000e+00
    endloop
  endfacet
  facet normal 3.214374e-01 9.469308e-01 -0.000000e+00
    outer loop
      vertex -3.038823e+01 -3.594889e+01 -4.000000e+00
      vertex -3.057402e+01 -3.588582e+01 0.000000e+00
      vertex -3.038823e+01 -3.594889e+01 0.000000e+00
    endloop
  endfacet
  facet normal 5.555748e-01 8.314666e-01 0.000000e+00
    outer loop
      vertex -3.091314e+01 -3.569003e+01 0.000000e+00
      vertex -3.075000e+01 -3.579904e+01 0.000000e+00
      vertex -3.075000e+01 -3.579904e+01 -4.000000e+00
    endloop
  endfacet
  facet normal 7.518404e-01 6.593452e-01 0.000000e+00
    outer loop
      vertex -3.119003e+01 -3.541314e+01 0.000000e+00
      vertex -3.106066e+01 -3.556066e+01 0.000000e+00
      vertex -3.106066e+01 -3.556066e+01 -4.000000e+00
    endloop
  endfacet
  facet normal 8.314696e-01 5.555703e-01 0.000000e+00
    outer loop
      vertex -3.129904e+01 -3.525000e+01 0.000000e+00
      vertex -3.119003e+01 -3.541314e+01 0.000000e+00
      vertex -3.119003e+01 -3.541314e+01 -4.000000e+00
    endloop
  endfacet
  facet normal 1.950991e-01 9.807835e-01 -0.000000e+00
    outer loop
      vertex -3.019579e+01 -3.598717e+01 -4.000000e+00
      vertex -3.038823e+01 -3.594889e+01 0.000000e+00
      vertex -3.019579e+01 -3.598717e+01 0.000000e+00
    endloop
  endfacet
  facet normal -1.950991e-01 9.807835e-01 0.000000e+00
    outer loop
      vertex -2.961177e+01 -3.594889e+01 -4.000000e+00
      vertex -2.980421e+01 -3.598717e+01 0.000000e+00
      vertex -2.961177e+01 -3.594889e+01 0.000000e+00
    endloop
  endfacet
  facet normal -3.214374e-01 9.469308e-01 0.000000e+00
    outer loop
      vertex -2.942598e+01 -3.588582e+01 -4.000000e+00
      vertex -2.961177e+01 -3.594889e+01 0.000000e+00
      vertex -2.942598e+01 -3.588582e+01 0.000000e+00
    endloop
  endfacet
  facet normal -4.422841e-01 8.968750e-01 0.000000e+00
    outer loop
      vertex -2.925000e+01 -3.579904e+01 -4.000000e+00
      vertex -2.942598e+01 -3.588582e+01 0.000000e+00
      vertex -2.925000e+01 -3.579904e+01 0.000000e+00
    endloop
  endfacet
  facet normal -5.555748e-01 8.314666e-01 0.000000e+00
    outer loop
      vertex -2.925000e+01 -3.579904e+01 0.000000e+00
      vertex -2.908686e+01 -3.569003e+01 0.000000e+00
      vertex -2.908686e+01 -3.569003e+01 -4.000000e+00
    endloop
  endfacet
  facet normal -6.593397e-01 7.518452e-01 0.000000e+00
    outer loop
      vertex -2.893934e+01 -3.556066e+01 -4.000000e+00
      vertex -2.908686e+01 -3.569003e+01 -4.000000e+00
      vertex -2.908686e+01 -3.569003e+01 0.000000e+00
    endloop
  endfacet
  facet normal -7.518404e-01 6.593452e-01 0.000000e+00
    outer loop
      vertex -2.880997e+01 -3.541314e+01 -4.000000e+00
      vertex -2.893934e+01 -3.556066e+01 -4.000000e+00
      vertex -2.893934e+01 -3.556066e+01 0.000000e+00
    endloop
  endfacet
  facet normal -8.314696e-01 5.555703e-01 0.000000e+00
    outer loop
      vertex -2.870096e+01 -3.525000e+01 -4.000000e+00
      vertex -2.880997e+01 -3.541314e+01 -4.000000e+00
      vertex -2.880997e+01 -3.541314e+01 0.000000e+00
    endloop
  endfacet
  facet normal -6.593397e-01 7.518452e-01 0.000000e+00
    outer loop
      vertex -2.908686e+01 -3.569003e+01 0.000000e+00
      vertex -2.893934e+01 -3.556066e+01 0.000000e+00
      vertex -2.893934e+01 -3.556066e+01 -4.000000e+00
    endloop
  endfacet
  facet normal -7.518404e-01 6.593452e-01 0.000000e+00
    outer loop
      vertex -2.893934e+01 -3.556066e+01 0.000000e+00
      vertex -2.880997e+01 -3.541314e+01 0.000000e+00
      vertex -2.880997e+01 -3.541314e+01 -4.000000e+00
    endloop
  endfacet
  facet normal -8.314696e-01 5.555703e-01 0.000000e+00
    outer loop
      vertex -2.880997e+01 -3.541314e+01 0.000000e+00
      vertex -2.870096e+01 -3.525000e+01 0.000000e+00
      vertex -2.870096e+01 -3.525000e+01 -4.000000e+00
    endloop
  endfacet
  facet normal 9.978589e-01 6.540278e-02 0.000000e+00
    outer loop
      vertex -3.148717e+01 -3.469579e+01 -4.000000e+00
      vertex -3.150000e+01 -3.450000e+01 -4.000000e+00
      vertex -3.150000e+01 -3.450000e+01 0.000000e+00
    endloop
  endfacet
  facet normal 9.978589e-01 -6.540278e-02 0.000000e+00
    outer loop
      vertex -3.150000e+01 -3.450000e+01 -4.000000e+00
      vertex -3.148717e+01 -3.430421e+01 -4.000000e+00
      vertex -3.148717e+01 -3.430421e+01 0.000000e+00
    endloop
  endfacet
  facet normal 8.968750e-01 4.422841e-01 0.000000e+00
    outer loop
      vertex -3.129904e+01 -3.525000e+01 -4.000000e+00
      vertex -3.138582e+01 -3.507402e+01 -4.000000e+00
      vertex -3.138582e+01 -3.507402e+01 0.000000e+00
    endloop
  endfacet
  facet normal 9.469279e-01 3.214461e-01 0.000000e+00
    outer loop
      vertex -3.138582e+01 -3.507402e+01 -4.000000e+00
      vertex -3.144889e+01 -3.488823e+01 -4.000000e+00
      vertex -3.144889e+01 -3.488823e+01 0.000000e+00
    endloop
  endfacet
  facet normal 9.807854e-01 1.950897e-01 0.000000e+00
    outer loop
      vertex -3.144889e+01 -3.488823e+01 -4.000000e+00
      vertex -3.148717e+01 -3.469579e+01 -4.000000e+00
      vertex -3.148717e+01 -3.469579e+01 0.000000e+00
    endloop
  endfacet
  facet normal 9.807854e-01 -1.950897e-01 0.000000e+00
    outer loop
      vertex -3.144889e+01 -3.411177e+01 0.000000e+00
      vertex -3.148717e+01 -3.430421e+01 -4.000000e+00
      vertex -3.144889e+01 -3.411177e+01 -4.000000e+00
    endloop
  endfacet
  facet normal 9.469279e-01 -3.214461e-01 0.000000e+00
    outer loop
      vertex -3.144889e+01 -3.411177e+01 -4.000000e+00
      vertex -3.138582e+01 -3.392598e+01 -4.000000e+00
      vertex -3.138582e+01 -3.392598e+01 0.000000e+00
    endloop
  endfacet
  facet normal 8.968750e-01 -4.422841e-01 0.000000e+00
    outer loop
      vertex -3.138582e+01 -3.392598e+01 -4.000000e+00
      vertex -3.129904e+01 -3.375000e+01 -4.000000e+00
      vertex -3.129904e+01 -3.375000e+01 0.000000e+00
    endloop
  endfacet
  facet normal 8.314696e-01 -5.555703e-01 0.000000e+00
    outer loop
      vertex -3.119003e+01 -3.358686e+01 0.000000e+00
      vertex -3.129904e+01 -3.375000e+01 -4.000000e+00
      vertex -3.119003e+01 -3.358686e+01 -4.000000e+00
    endloop
  endfacet
  facet normal 7.518404e-01 -6.593452e-01 0.000000e+00
    outer loop
      vertex -3.106066e+01 -3.343934e+01 0.000000e+00
      vertex -3.119003e+01 -3.358686e+01 -4.000000e+00
      vertex -3.106066e+01 -3.343934e+01 -4.000000e+00
    endloop
  endfacet
  facet normal 6.593397e-01 -7.518452e-01 0.000000e+00
    outer loop
      vertex -3.091314e+01 -3.330997e+01 0.000000e+00
      vertex -3.106066e+01 -3.343934e+01 -4.000000e+00
      vertex -3.091314e+01 -3.330997e+01 -4.000000e+00
    endloop
  endfacet
  facet normal 5.555748e-01 -8.314666e-01 0.000000e+00
    outer loop
      vertex -3.075000e+01 -3.320096e+01 0.000000e+00
      vertex -3.091314e+01 -3.330997e+01 -4.000000e+00
      vertex -3.075000e+01 -3.320096e+01 -4.000000e+00
    endloop
  endfacet
  facet normal 4.422841e-01 -8.968750e-01 0.000000e+00
    outer loop
      vertex -3.057402e+01 -3.311418e+01 0.000000e+00
      vertex -3.075000e+01 -3.320096e+01 -4.000000e+00
      vertex -3.057402e+01 -3.311418e+01 -4.000000e+00
    endloop
  endfacet
  facet normal 3.214374e-01 -9.469308e-01 0.000000e+00
    outer loop
      vertex -3.038823e+01 -3.305111e+01 0.000000e+00
      vertex -3.057402e+01 -3.311418e+01 -4.000000e+00
      vertex -3.038823e+01 -3.305111e+01 -4.000000e+00
    endloop
  endfacet
  facet normal -5.555748e-01 -8.314666e-01 -0.000000e+00
    outer loop
      vertex -2.908686e+01 -3.330997e+01 0.000000e+00
      vertex -2.925000e+01 -3.320096e+01 -4.000000e+00
      vertex -2.908686e+01 -3.330997e+01 -4.000000e+00
    endloop
  endfacet
  facet normal -3.214374e-01 -9.469308e-01 -0.000000e+00
    outer loop
      vertex -2.942598e+01 -3.311418e+01 0.000000e+00
      vertex -2.961177e+01 -3.305111e+01 -4.000000e+00
      vertex -2.942598e+01 -3.311418e+01 -4.000000e+00
    endloop
  endfacet
  facet normal -4.422841e-01 -8.968750e-01 -0.000000e+00
    outer loop
      vertex -2.925000e+01 -3.320096e+01 0.000000e+00
      vertex -2.942598e+01 -3.311418e+01 -4.000000e+00
      vertex -2.925000e+01 -3.320096e+01 -4.000000e+00
    endloop
  endfacet
  facet normal 1.950991e-01 -9.807835e-01 0.000000e+00
    outer loop
      vertex -3.019579e+01 -3.301283e+01 0.000000e+00
      vertex -3.038823e+01 -3.305111e+01 -4.000000e+00
      vertex -3.019579e+01 -3.301283e+01 -4.000000e+00
    endloop
  endfacet
  facet normal 6.540278e-02 -9.978589e-01 0.000000e+00
    outer loop
      vertex -3.000000e+01 -3.300000e+01 0.000000e+00
      vertex -3.019579e+01 -3.301283e+01 -4.000000e+00
      vertex -3.000000e+01 -3.300000e+01 -4.000000e+00
    endloop
  endfacet
  facet normal -1.950991e-01 -9.807835e-01 -0.000000e+00
    outer loop
      vertex -2.961177e+01 -3.305111e+01 0.000000e+00
      vertex -2.980421e+01 -3.301283e+01 -4.000000e+00
      vertex -2.961177e+01 -3.305111e+01 -4.000000e+00
    endloop
  endfacet
  facet normal -6.540278e-02 -9.978589e-01 -0.000000e+00
    outer loop
      vertex -2.980421e+01 -3.301283e+01 0.000000e+00
      vertex -3.000000e+01 -3.300000e+01 -4.000000e+00
      vertex -2.980421e+01 -3.301283e+01 -4.000000e+00
    endloop
  endfacet
  facet normal 9.978589e-01 6.540278e-02 0.000000e+00
    outer loop
      vertex -3.150000e+01 -3.450000e+01 0.000000e+00
      vertex -3.148717e+01 -3.469579e+01 0.000000e+00
      vertex -3.148717e+01 -3.469579e+01 -4.000000e+00
    endloop
  endfacet
  facet normal 9.978589e-01 -6.540278e-02 0.000000e+00
    outer loop
      vertex -3.148717e+01 -3.430421e+01 0.000000e+00
      vertex -3.150000e+01 -3.450000e+01 0.000000e+00
      vertex -3.150000e+01 -3.450000e+01 -4.000000e+00
    endloop
  endfacet
  facet normal 8.968750e-01 4.422841e-01 0.000000e+00
    outer loop
      vertex -3.138582e+01 -3.507402e+01 0.000000e+00
      vertex -3.129904e+01 -3.525000e+01 0.000000e+00
      vertex -3.129904e+01 -3.525000e+01 -4.000000e+00
    endloop
  endfacet
  facet normal 9.469279e-01 3.214461e-01 0.000000e+00
    outer loop
      vertex -3.144889e+01 -3.488823e+01 0.000000e+00
      vertex -3.138582e+01 -3.507402e+01 0.000000e+00
      vertex -3.138582e+01 -3.507402e+01 -4.000000e+00
    endloop
  endfacet
  facet normal 9.807854e-01 1.950897e-01 0.000000e+00
    outer loop
      vertex -3.148717e+01 -3.469579e+01 0.000000e+00
      vertex -3.144889e+01 -3.488823e+01 0.000000e+00
      vertex -3.144889e+01 -3.488823e+01 -4.000000e+00
    endloop
  endfacet
  facet normal 9.807854e-01 -1.950897e-01 0.000000e+00
    outer loop
      vertex -3.144889e+01 -3.411177e+01 0.000000e+00
      vertex -3.148717e+01 -3.430421e+01 0.000000e+00
      vertex -3.148717e+01 -3.430421e+01 -4.000000e+00
    endloop
  endfacet
  facet normal 9.469279e-01 -3.214461e-01 0.000000e+00
    outer loop
      vertex -3.138582e+01 -3.392598e+01 0.000000e+00
      vertex -3.144889e+01 -3.411177e+01 0.000000e+00
      vertex -3.144889e+01 -3.411177e+01 -4.000000e+00
    endloop
  endfacet
  facet normal 8.968750e-01 -4.422841e-01 0.000000e+00
    outer loop
      vertex -3.129904e+01 -3.375000e+01 0.000000e+00
      vertex -3.138582e+01 -3.392598e+01 0.000000e+00
      vertex -3.138582e+01 -3.392598e+01 -4.000000e+00
    endloop
  endfacet
  facet normal 8.314696e-01 -5.555703e-01 0.000000e+00
    outer loop
      vertex -3.119003e+01 -3.358686e+01 0.000000e+00
      vertex -3.129904e+01 -3.375000e+01 0.000000e+00
      vertex -3.129904e+01 -3.375000e+01 -4.000000e+00
    endloop
  endfacet
  facet normal 7.518404e-01 -6.593452e-01 0.000000e+00
    outer loop
      vertex -3.106066e+01 -3.343934e+01 0.000000e+00
      vertex -3.119003e+01 -3.358686e+01 0.000000e+00
      vertex -3.119003e+01 -3.358686e+01 -4.000000e+00
    endloop
  endfacet
  facet normal 6.593397e-01 -7.518452e-01 0.000000e+00
    outer loop
      vertex -3.091314e+01 -3.330997e+01 0.000000e+00
      vertex -3.106066e+01 -3.343934e+01 0.000000e+00
      vertex -3.106066e+01 -3.343934e+01 -4.000000e+00
    endloop
  endfacet
  facet normal 5.555748e-01 -8.314666e-01 0.000000e+00
    outer loop
      vertex -3.075000e+01 -3.320096e+01 0.000000e+00
      vertex -3.091314e+01 -3.330997e+01 0.000000e+00
      vertex -3.091314e+01 -3.330997e+01 -4.000000e+00
    endloop
  endfacet
  facet normal 4.422841e-01 -8.968750e-01 0.000000e+00
    outer loop
      vertex -3.057402e+01 -3.311418e+01 0.000000e+00
      vertex -3.075000e+01 -3.320096e+01 0.000000e+00
      vertex -3.075000e+01 -3.320096e+01 -4.000000e+00
    endloop
  endfacet
  facet normal 3.214374e-01 -9.469308e-01 0.000000e+00
    outer loop
      vertex -3.038823e+01 -3.305111e+01 0.000000e+00
      vertex -3.057402e+01 -3.311418e+01 0.000000e+00
      vertex -3.057402e+01 -3.311418e+01 -4.000000e+00
    endloop
  endfacet
  facet normal -5.555748e-01 -8.314666e-01 0.000000e+00
    outer loop
      vertex -2.908686e+01 -3.330997e+01 0.000000e+00
      vertex -2.925000e+01 -3.320096e+01 0.000000e+00
      vertex -2.925000e+01 -3.320096e+01 -4.000000e+00
    endloop
  endfacet
  facet normal -4.422841e-01 -8.968750e-01 0.000000e+00
    outer loop
      vertex -2.925000e+01 -3.320096e+01 0.000000e+00
      vertex -2.942598e+01 -3.311418e+01 0.000000e+00
      vertex -2.942598e+01 -3.311418e+01 -4.000000e+00
    endloop
  endfacet
  facet normal -3.214374e-01 -9.469308e-01 0.000000e+00
    outer loop
      vertex -2.942598e+01 -3.311418e+01 0.000000e+00
      vertex -2.961177e+01 -3.305111e+01 0.000000e+00
      vertex -2.961177e+01 -3.305111e+01 -4.000000e+00
    endloop
  endfacet
  facet normal 1.950991e-01 -9.807835e-01 0.000000e+00
    outer loop
      vertex -3.019579e+01 -3.301283e+01 0.000000e+00
      vertex -3.038823e+01 -3.305111e+01 0.000000e+00
      vertex -3.038823e+01 -3.305111e+01 -4.000000e+00
    endloop
  endfacet
  facet normal 6.540278e-02 -9.978589e-01 0.000000e+00
    outer loop
      vertex -3.000000e+01 -3.300000e+01 0.000000e+00
      vertex -3.019579e+01 -3.301283e+01 0.000000e+00
      vertex -3.019579e+01 -3.301283e+01 -4.000000e+00
    endloop
  endfacet
  facet normal -1.950991e-01 -9.807835e-01 0.000000e+00
    outer loop
      vertex -2.961177e+01 -3.305111e+01 0.000000e+00
      vertex -2.980421e+01 -3.301283e+01 0.000000e+00
      vertex -2.980421e+01 -3.301283e+01 -4.000000e+00
    endloop
  endfacet
  facet normal -6.540278e-02 -9.978589e-01 0.000000e+00
    outer loop
      vertex -2.980421e+01 -3.301283e+01 0.000000e+00
      vertex -3.000000e+01 -3.300000e+01 0.000000e+00
      vertex -3.000000e+01 -3.300000e+01 -4.000000e+00
    endloop
  endfacet
  facet normal -8.968750e-01 4.422841e-01 0.000000e+00
    outer loop
      vertex -2.861418e+01 -3.507402e+01 -4.000000e+00
      vertex -2.870096e+01 -3.525000e+01 -4.000000e+00
      vertex -2.870096e+01 -3.525000e+01 0.000000e+00
    endloop
  endfacet
  facet normal -9.469279e-01 3.214461e-01 0.000000e+00
    outer loop
      vertex -2.855111e+01 -3.488823e+01 -4.000000e+00
      vertex -2.861418e+01 -3.507402e+01 -4.000000e+00
      vertex -2.861418e+01 -3.507402e+01 0.000000e+00
    endloop
  endfacet
  facet normal -9.807854e-01 1.950897e-01 0.000000e+00
    outer loop
      vertex -2.851283e+01 -3.469579e+01 -4.000000e+00
      vertex -2.855111e+01 -3.488823e+01 -4.000000e+00
      vertex -2.855111e+01 -3.488823e+01 0.000000e+00
    endloop
  endfacet
  facet normal -9.978589e-01 6.540278e-02 0.000000e+00
    outer loop
      vertex -2.850000e+01 -3.450000e+01 -4.000000e+00
      vertex -2.851283e+01 -3.469579e+01 -4.000000e+00
      vertex -2.851283e+01 -3.469579e+01 0.000000e+00
    endloop
  endfacet
  facet normal -9.978589e-01 -6.540278e-02 0.000000e+00
    outer loop
      vertex -2.851283e+01 -3.430421e+01 -4.000000e+00
      vertex -2.850000e+01 -3.450000e+01 -4.000000e+00
      vertex -2.850000e+01 -3.450000e+01 0.000000e+00
    endloop
  endfacet
  facet normal -9.807854e-01 -1.950897e-01 0.000000e+00
    outer loop
      vertex -2.855111e+01 -3.411177e+01 -4.000000e+00
      vertex -2.851283e+01 -3.430421e+01 -4.000000e+00
      vertex -2.851283e+01 -3.430421e+01 0.000000e+00
    endloop
  endfacet
  facet normal -9.469279e-01 -3.214461e-01 0.000000e+00
    outer loop
      vertex -2.861418e+01 -3.392598e+01 -4.000000e+00
      vertex -2.855111e+01 -3.411177e+01 -4.000000e+00
      vertex -2.855111e+01 -3.411177e+01 0.000000e+00
    endloop
  endfacet
  facet normal -8.968750e-01 -4.422841e-01 0.000000e+00
    outer loop
      vertex -2.870096e+01 -3.375000e+01 -4.000000e+00
      vertex -2.861418e+01 -3.392598e+01 -4.000000e+00
      vertex -2.861418e+01 -3.392598e+01 0.000000e+00
    endloop
  endfacet
  facet normal -8.314696e-01 -5.555703e-01 -0.000000e+00
    outer loop
      vertex -2.870096e+01 -3.375000e+01 0.000000e+00
      vertex -2.880997e+01 -3.358686e+01 -4.000000e+00
      vertex -2.870096e+01 -3.375000e+01 -4.000000e+00
    endloop
  endfacet
  facet normal -7.518404e-01 -6.593452e-01 -0.000000e+00
    outer loop
      vertex -2.880997e+01 -3.358686e+01 0.000000e+00
      vertex -2.893934e+01 -3.343934e+01 -4.000000e+00
      vertex -2.880997e+01 -3.358686e+01 -4.000000e+00
    endloop
  endfacet
  facet normal -6.593397e-01 -7.518452e-01 -0.000000e+00
    outer loop
      vertex -2.893934e+01 -3.343934e+01 0.000000e+00
      vertex -2.908686e+01 -3.330997e+01 -4.000000e+00
      vertex -2.893934e+01 -3.343934e+01 -4.000000e+00
    endloop
  endfacet
  facet normal -8.968750e-01 4.422841e-01 0.000000e+00
    outer loop
      vertex -2.870096e+01 -3.525000e+01 0.000000e+00
      vertex -2.861418e+01 -3.507402e+01 0.000000e+00
      vertex -2.861418e+01 -3.507402e+01 -4.000000e+00
    endloop
  endfacet
  facet normal -9.469279e-01 3.214461e-01 0.000000e+00
    outer loop
      vertex -2.861418e+01 -3.507402e+01 0.000000e+00
      vertex -2.855111e+01 -3.488823e+01 0.000000e+00
      vertex -2.855111e+01 -3.488823e+01 -4.000000e+00
    endloop
  endfacet
  facet normal -9.807854e-01 1.950897e-01 0.000000e+00
    outer loop
      vertex -2.855111e+01 -3.488823e+01 0.000000e+00
      vertex -2.851283e+01 -3.469579e+01 0.000000e+00
      vertex -2.851283e+01 -3.469579e+01 -4.000000e+00
    endloop
  endfacet
  facet normal -9.978589e-01 6.540278e-02 0.000000e+00
    outer loop
      vertex -2.851283e+01 -3.469579e+01 0.000000e+00
      vertex -2.850000e+01 -3.450000e+01 0.000000e+00
      vertex -2.850000e+01 -3.450000e+01 -4.000000e+00
    endloop
  endfacet
  facet normal -9.978589e-01 -6.540278e-02 0.000000e+00
    outer loop
      vertex -2.850000e+01 -3.450000e+01 0.000000e+00
      vertex -2.851283e+01 -3.430421e+01 0.000000e+00
      vertex -2.851283e+01 -3.430421e+01 -4.000000e+00
    endloop
  endfacet
  facet normal -9.807854e-01 -1.950897e-01 0.000000e+00
    outer loop
      vertex -2.851283e+01 -3.430421e+01 0.000000e+00
      vertex -2.855111e+01 -3.411177e+01 0.000000e+00
      vertex -2.855111e+01 -3.411177e+01 -4.000000e+00
    endloop
  endfacet
  facet normal -9.469279e-01 -3.214461e-01 0.000000e+00
    outer loop
      vertex -2.855111e+01 -3.411177e+01 0.000000e+00
      vertex -2.861418e+01 -3.392598e+01 0.000000e+00
      vertex -2.861418e+01 -3.392598e+01 -4.000000e+00
    endloop
  endfacet
  facet normal -8.968750e-01 -4.422841e-01 0.000000e+00
    outer loop
      vertex -2.861418e+01 -3.392598e+01 0.000000e+00
      vertex -2.870096e+01 -3.375000e+01 0.000000e+00
      vertex -2.870096e+01 -3.375000e+01 -4.000000e+00
    endloop
  endfacet
  facet normal -8.314696e-01 -5.555703e-01 0.000000e+00
    outer loop
      vertex -2.870096e+01 -3.375000e+01 0.000000e+00
      vertex -2.880997e+01 -3.358686e+01 0.000000e+00
      vertex -2.880997e+01 -3.358686e+01 -4.000000e+00
    endloop
  endfacet
  facet normal -7.518404e-01 -6.593452e-01 0.000000e+00
    outer loop
      vertex -2.880997e+01 -3.358686e+01 0.000000e+00
      vertex -2.893934e+01 -3.343934e+01 0.000000e+00
      vertex -2.893934e+01 -3.343934e+01 -4.000000e+00
    endloop
  endfacet
  facet normal -6.593397e-01 -7.518452e-01 0.000000e+00
    outer loop
      vertex -2.893934e+01 -3.343934e+01 0.000000e+00
      vertex -2.908686e+01 -3.330997e+01 0.000000e+00
      vertex -2.908686e+01 -3.330997e+01 -4.000000e+00
    endloop
  endfacet
  facet normal 6.593397e-01 7.518452e-01 0.000000e+00
    outer loop
      vertex 2.908686e+01 -3.569003e+01 -4.000000e+00
      vertex 2.893934e+01 -3.556066e+01 -4.000000e+00
      vertex 2.893934e+01 -3.556066e+01 0.000000e+00
    endloop
  endfacet
  facet normal 7.518404e-01 6.593452e-01 0.000000e+00
    outer loop
      vertex 2.893934e+01 -3.556066e+01 -4.000000e+00
      vertex 2.880997e+01 -3.541314e+01 -4.000000e+00
      vertex 2.880997e+01 -3.541314e+01 0.000000e+00
    endloop
  endfacet
  facet normal 8.314696e-01 5.555703e-01 0.000000e+00
    outer loop
      vertex 2.880997e+01 -3.541314e+01 -4.000000e+00
      vertex 2.870096e+01 -3.525000e+01 -4.000000e+00
      vertex 2.870096e+01 -3.525000e+01 0.000000e+00
    endloop
  endfacet
  facet normal 6.593397e-01 7.518452e-01 0.000000e+00
    outer loop
      vertex 2.893934e+01 -3.556066e+01 0.000000e+00
      vertex 2.908686e+01 -3.569003e+01 0.000000e+00
      vertex 2.908686e+01 -3.569003e+01 -4.000000e+00
    endloop
  endfacet
  facet normal 7.518404e-01 6.593452e-01 0.000000e+00
    outer loop
      vertex 2.880997e+01 -3.541314e+01 0.000000e+00
      vertex 2.893934e+01 -3.556066e+01 0.000000e+00
      vertex 2.893934e+01 -3.556066e+01 -4.000000e+00
    endloop
  endfacet
  facet normal 8.314696e-01 5.555703e-01 0.000000e+00
    outer loop
      vertex 2.870096e+01 -3.525000e+01 0.000000e+00
      vertex 2.880997e+01 -3.541314e+01 0.000000e+00
      vertex 2.880997e+01 -3.541314e+01 -4.000000e+00
    endloop
  endfacet
  facet normal 6.540278e-02 9.978589e-01 0.000000e+00
    outer loop
      vertex 3.000000e+01 -3.600000e+01 -4.000000e+00
      vertex 2.980421e+01 -3.598717e+01 -4.000000e+00
      vertex 2.980421e+01 -3.598717e+01 0.000000e+00
    endloop
  endfacet
  facet normal -6.540278e-02 9.978589e-01 0.000000e+00
    outer loop
      vertex 3.019579e+01 -3.598717e+01 -4.000000e+00
      vertex 3.000000e+01 -3.600000e+01 -4.000000e+00
      vertex 3.000000e+01 -3.600000e+01 0.000000e+00
    endloop
  endfacet
  facet normal 4.422841e-01 8.968750e-01 0.000000e+00
    outer loop
      vertex 2.942598e+01 -3.588582e+01 -4.000000e+00
      vertex 2.925000e+01 -3.579904e+01 -4.000000e+00
      vertex 2.925000e+01 -3.579904e+01 0.000000e+00
    endloop
  endfacet
  facet normal 3.214374e-01 9.469308e-01 0.000000e+00
    outer loop
      vertex 2.961177e+01 -3.594889e+01 -4.000000e+00
      vertex 2.942598e+01 -3.588582e+01 -4.000000e+00
      vertex 2.942598e+01 -3.588582e+01 0.000000e+00
    endloop
  endfacet
  facet normal 5.555748e-01 8.314666e-01 0.000000e+00
    outer loop
      vertex 2.925000e+01 -3.579904e+01 -4.000000e+00
      vertex 2.908686e+01 -3.569003e+01 -4.000000e+00
      vertex 2.908686e+01 -3.569003e+01 0.000000e+00
    endloop
  endfacet
  facet normal 1.950991e-01 9.807835e-01 0.000000e+00
    outer loop
      vertex 2.980421e+01 -3.598717e+01 -4.000000e+00
      vertex 2.961177e+01 -3.594889e+01 -4.000000e+00
      vertex 2.961177e+01 -3.594889e+01 0.000000e+00
    endloop
  endfacet
  facet normal -1.950991e-01 9.807835e-01 0.000000e+00
    outer loop
      vertex 3.038823e+01 -3.594889e+01 -4.000000e+00
      vertex 3.019579e+01 -3.598717e+01 -4.000000e+00
      vertex 3.019579e+01 -3.598717e+01 0.000000e+00
    endloop
  endfacet
  facet normal -3.214374e-01 9.469308e-01 0.000000e+00
    outer loop
      vertex 3.057402e+01 -3.588582e+01 -4.000000e+00
      vertex 3.038823e+01 -3.594889e+01 -4.000000e+00
      vertex 3.038823e+01 -3.594889e+01 0.000000e+00
    endloop
  endfacet
  facet normal -4.422841e-01 8.968750e-01 0.000000e+00
    outer loop
      vertex 3.075000e+01 -3.579904e+01 -4.000000e+00
      vertex 3.057402e+01 -3.588582e+01 -4.000000e+00
      vertex 3.057402e+01 -3.588582e+01 0.000000e+00
    endloop
  endfacet
  facet normal -5.555748e-01 8.314666e-01 0.000000e+00
    outer loop
      vertex 3.091314e+01 -3.569003e+01 -4.000000e+00
      vertex 3.075000e+01 -3.579904e+01 -4.000000e+00
      vertex 3.075000e+01 -3.579904e+01 0.000000e+00
    endloop
  endfacet
  facet normal -6.593397e-01 7.518452e-01 0.000000e+00
    outer loop
      vertex 3.106066e+01 -3.556066e+01 -4.000000e+00
      vertex 3.091314e+01 -3.569003e+01 -4.000000e+00
      vertex 3.091314e+01 -3.569003e+01 0.000000e+00
    endloop
  endfacet
  facet normal -7.518404e-01 6.593452e-01 0.000000e+00
    outer loop
      vertex 3.119003e+01 -3.541314e+01 -4.000000e+00
      vertex 3.106066e+01 -3.556066e+01 -4.000000e+00
      vertex 3.106066e+01 -3.556066e+01 0.000000e+00
    endloop
  endfacet
  facet normal -8.314696e-01 5.555703e-01 0.000000e+00
    outer loop
      vertex 3.129904e+01 -3.525000e+01 -4.000000e+00
      vertex 3.119003e+01 -3.541314e+01 -4.000000e+00
      vertex 3.119003e+01 -3.541314e+01 0.000000e+00
    endloop
  endfacet
  facet normal 6.540278e-02 9.978589e-01 -0.000000e+00
    outer loop
      vertex 3.000000e+01 -3.600000e+01 -4.000000e+00
      vertex 2.980421e+01 -3.598717e+01 0.000000e+00
      vertex 3.000000e+01 -3.600000e+01 0.000000e+00
    endloop
  endfacet
  facet normal -6.540278e-02 9.978589e-01 0.000000e+00
    outer loop
      vertex 3.019579e+01 -3.598717e+01 -4.000000e+00
      vertex 3.000000e+01 -3.600000e+01 0.000000e+00
      vertex 3.019579e+01 -3.598717e+01 0.000000e+00
    endloop
  endfacet
  facet normal 3.214374e-01 9.469308e-01 -0.000000e+00
    outer loop
      vertex 2.961177e+01 -3.594889e+01 -4.000000e+00
      vertex 2.942598e+01 -3.588582e+01 0.000000e+00
      vertex 2.961177e+01 -3.594889e+01 0.000000e+00
    endloop
  endfacet
  facet normal 4.422841e-01 8.968750e-01 -0.000000e+00
    outer loop
      vertex 2.942598e+01 -3.588582e+01 -4.000000e+00
      vertex 2.925000e+01 -3.579904e+01 0.000000e+00
      vertex 2.942598e+01 -3.588582e+01 0.000000e+00
    endloop
  endfacet
  facet normal 5.555748e-01 8.314666e-01 0.000000e+00
    outer loop
      vertex 2.908686e+01 -3.569003e+01 0.000000e+00
      vertex 2.925000e+01 -3.579904e+01 0.000000e+00
      vertex 2.925000e+01 -3.579904e+01 -4.000000e+00
    endloop
  endfacet
  facet normal 1.950991e-01 9.807835e-01 -0.000000e+00
    outer loop
      vertex 2.980421e+01 -3.598717e+01 -4.000000e+00
      vertex 2.961177e+01 -3.594889e+01 0.000000e+00
      vertex 2.980421e+01 -3.598717e+01 0.000000e+00
    endloop
  endfacet
  facet normal -1.950991e-01 9.807835e-01 0.000000e+00
    outer loop
      vertex 3.038823e+01 -3.594889e+01 -4.000000e+00
      vertex 3.019579e+01 -3.598717e+01 0.000000e+00
      vertex 3.038823e+01 -3.594889e+01 0.000000e+00
    endloop
  endfacet
  facet normal -3.214374e-01 9.469308e-01 0.000000e+00
    outer loop
      vertex 3.057402e+01 -3.588582e+01 -4.000000e+00
      vertex 3.038823e+01 -3.594889e+01 0.000000e+00
      vertex 3.057402e+01 -3.588582e+01 0.000000e+00
    endloop
  endfacet
  facet normal -4.422841e-01 8.968750e-01 0.000000e+00
    outer loop
      vertex 3.075000e+01 -3.579904e+01 -4.000000e+00
      vertex 3.057402e+01 -3.588582e+01 0.000000e+00
      vertex 3.075000e+01 -3.579904e+01 0.000000e+00
    endloop
  endfacet
  facet normal -5.555748e-01 8.314666e-01 0.000000e+00
    outer loop
      vertex 3.075000e+01 -3.579904e+01 0.000000e+00
      vertex 3.091314e+01 -3.569003e+01 0.000000e+00
      vertex 3.091314e+01 -3.569003e+01 -4.000000e+00
    endloop
  endfacet
  facet normal -6.593397e-01 7.518452e-01 0.000000e+00
    outer loop
      vertex 3.091314e+01 -3.569003e+01 0.000000e+00
      vertex 3.106066e+01 -3.556066e+01 0.000000e+00
      vertex 3.106066e+01 -3.556066e+01 -4.000000e+00
    endloop
  endfacet
  facet normal -7.518404e-01 6.593452e-01 0.000000e+00
    outer loop
      vertex 3.106066e+01 -3.556066e+01 0.000000e+00
      vertex 3.119003e+01 -3.541314e+01 0.000000e+00
      vertex 3.119003e+01 -3.541314e+01 -4.000000e+00
    endloop
  endfacet
  facet normal -8.314696e-01 5.555703e-01 0.000000e+00
    outer loop
      vertex 3.119003e+01 -3.541314e+01 0.000000e+00
      vertex 3.129904e+01 -3.525000e+01 0.000000e+00
      vertex 3.129904e+01 -3.525000e+01 -4.000000e+00
    endloop
  endfacet
  facet normal 8.968750e-01 4.422841e-01 0.000000e+00
    outer loop
      vertex 2.870096e+01 -3.525000e+01 -4.000000e+00
      vertex 2.861418e+01 -3.507402e+01 -4.000000e+00
      vertex 2.861418e+01 -3.507402e+01 0.000000e+00
    endloop
  endfacet
  facet normal 9.469279e-01 3.214461e-01 0.000000e+00
    outer loop
      vertex 2.861418e+01 -3.507402e+01 -4.000000e+00
      vertex 2.855111e+01 -3.488823e+01 -4.000000e+00
      vertex 2.855111e+01 -3.488823e+01 0.000000e+00
    endloop
  endfacet
  facet normal 9.807854e-01 1.950897e-01 0.000000e+00
    outer loop
      vertex 2.855111e+01 -3.488823e+01 -4.000000e+00
      vertex 2.851283e+01 -3.469579e+01 -4.000000e+00
      vertex 2.851283e+01 -3.469579e+01 0.000000e+00
    endloop
  endfacet
  facet normal 9.978589e-01 6.540278e-02 0.000000e+00
    outer loop
      vertex 2.851283e+01 -3.469579e+01 -4.000000e+00
      vertex 2.850000e+01 -3.450000e+01 -4.000000e+00
      vertex 2.850000e+01 -3.450000e+01 0.000000e+00
    endloop
  endfacet
  facet normal 9.978589e-01 -6.540278e-02 0.000000e+00
    outer loop
      vertex 2.850000e+01 -3.450000e+01 -4.000000e+00
      vertex 2.851283e+01 -3.430421e+01 -4.000000e+00
      vertex 2.851283e+01 -3.430421e+01 0.000000e+00
    endloop
  endfacet
  facet normal 9.807854e-01 -1.950897e-01 0.000000e+00
    outer loop
      vertex 2.851283e+01 -3.430421e+01 -4.000000e+00
      vertex 2.855111e+01 -3.411177e+01 -4.000000e+00
      vertex 2.855111e+01 -3.411177e+01 0.000000e+00
    endloop
  endfacet
  facet normal 9.469279e-01 -3.214461e-01 0.000000e+00
    outer loop
      vertex 2.855111e+01 -3.411177e+01 -4.000000e+00
      vertex 2.861418e+01 -3.392598e+01 -4.000000e+00
      vertex 2.861418e+01 -3.392598e+01 0.000000e+00
    endloop
  endfacet
  facet normal 8.968750e-01 -4.422841e-01 0.000000e+00
    outer loop
      vertex 2.861418e+01 -3.392598e+01 -4.000000e+00
      vertex 2.870096e+01 -3.375000e+01 -4.000000e+00
      vertex 2.870096e+01 -3.375000e+01 0.000000e+00
    endloop
  endfacet
  facet normal 8.314696e-01 -5.555703e-01 0.000000e+00
    outer loop
      vertex 2.880997e+01 -3.358686e+01 0.000000e+00
      vertex 2.870096e+01 -3.375000e+01 -4.000000e+00
      vertex 2.880997e+01 -3.358686e+01 -4.000000e+00
    endloop
  endfacet
  facet normal 7.518404e-01 -6.593452e-01 0.000000e+00
    outer loop
      vertex 2.893934e+01 -3.343934e+01 0.000000e+00
      vertex 2.880997e+01 -3.358686e+01 -4.000000e+00
      vertex 2.893934e+01 -3.343934e+01 -4.000000e+00
    endloop
  endfacet
  facet normal 6.593397e-01 -7.518452e-01 0.000000e+00
    outer loop
      vertex 2.908686e+01 -3.330997e+01 0.000000e+00
      vertex 2.893934e+01 -3.343934e+01 -4.000000e+00
      vertex 2.908686e+01 -3.330997e+01 -4.000000e+00
    endloop
  endfacet
  facet normal 8.968750e-01 4.422841e-01 0.000000e+00
    outer loop
      vertex 2.861418e+01 -3.507402e+01 0.000000e+00
      vertex 2.870096e+01 -3.525000e+01 0.000000e+00
      vertex 2.870096e+01 -3.525000e+01 -4.000000e+00
    endloop
  endfacet
  facet normal 9.469279e-01 3.214461e-01 0.000000e+00
    outer loop
      vertex 2.855111e+01 -3.488823e+01 0.000000e+00
      vertex 2.861418e+01 -3.507402e+01 0.000000e+00
      vertex 2.861418e+01 -3.507402e+01 -4.000000e+00
    endloop
  endfacet
  facet normal 9.807854e-01 1.950897e-01 0.000000e+00
    outer loop
      vertex 2.851283e+01 -3.469579e+01 0.000000e+00
      vertex 2.855111e+01 -3.488823e+01 0.000000e+00
      vertex 2.855111e+01 -3.488823e+01 -4.000000e+00
    endloop
  endfacet
  facet normal 9.978589e-01 6.540278e-02 0.000000e+00
    outer loop
      vertex 2.850000e+01 -3.450000e+01 0.000000e+00
      vertex 2.851283e+01 -3.469579e+01 0.000000e+00
      vertex 2.851283e+01 -3.469579e+01 -4.000000e+00
    endloop
  endfacet
  facet normal 9.978589e-01 -6.540278e-02 0.000000e+00
    outer loop
      vertex 2.851283e+01 -3.430421e+01 0.000000e+00
      vertex 2.850000e+01 -3.450000e+01 0.000000e+00
      vertex 2.850000e+01 -3.450000e+01 -4.000000e+00
    endloop
  endfacet
  facet normal 9.807854e-01 -1.950897e-01 0.000000e+00
    outer loop
      vertex 2.855111e+01 -3.411177e+01 0.000000e+00
      vertex 2.851283e+01 -3.430421e+01 0.000000e+00
      vertex 2.851283e+01 -3.430421e+01 -4.000000e+00
    endloop
  endfacet
  facet normal 9.469279e-01 -3.214461e-01 0.000000e+00
    outer loop
      vertex 2.861418e+01 -3.392598e+01 0.000000e+00
      vertex 2.855111e+01 -3.411177e+01 0.000000e+00
      vertex 2.855111e+01 -3.411177e+01 -4.000000e+00
    endloop
  endfacet
  facet normal 8.968750e-01 -4.422841e-01 0.000000e+00
    outer loop
      vertex 2.870096e+01 -3.375000e+01 0.000000e+00
      vertex 2.861418e+01 -3.392598e+01 0.000000e+00
      vertex 2.861418e+01 -3.392598e+01 -4.000000e+00
    endloop
  endfacet
  facet normal 8.314696e-01 -5.555703e-01 0.000000e+00
    outer loop
      vertex 2.880997e+01 -3.358686e+01 0.000000e+00
      vertex 2.870096e+01 -3.375000e+01 0.000000e+00
      vertex 2.870096e+01 -3.375000e+01 -4.000000e+00
    endloop
  endfacet
  facet normal 7.518404e-01 -6.593452e-01 0.000000e+00
    outer loop
      vertex 2.893934e+01 -3.343934e+01 0.000000e+00
      vertex 2.880997e+01 -3.358686e+01 0.000000e+00
      vertex 2.880997e+01 -3.358686e+01 -4.000000e+00
    endloop
  endfacet
  facet normal 6.593397e-01 -7.518452e-01 0.000000e+00
    outer loop
      vertex 2.908686e+01 -3.330997e+01 0.000000e+00
      vertex 2.893934e+01 -3.343934e+01 0.000000e+00
      vertex 2.893934e+01 -3.343934e+01 -4.000000e+00
    endloop
  endfacet
  facet normal -8.968750e-01 4.422841e-01 0.000000e+00
    outer loop
      vertex 3.138582e+01 -3.507402e+01 -4.000000e+00
      vertex 3.129904e+01 -3.525000e+01 -4.000000e+00
      vertex 3.129904e+01 -3.525000e+01 0.000000e+00
    endloop
  endfacet
  facet normal -9.469279e-01 3.214461e-01 0.000000e+00
    outer loop
      vertex 3.144889e+01 -3.488823e+01 -4.000000e+00
      vertex 3.138582e+01 -3.507402e+01 -4.000000e+00
      vertex 3.138582e+01 -3.507402e+01 0.000000e+00
    endloop
  endfacet
  facet normal -9.807854e-01 1.950897e-01 0.000000e+00
    outer loop
      vertex 3.148717e+01 -3.469579e+01 -4.000000e+00
      vertex 3.144889e+01 -3.488823e+01 -4.000000e+00
      vertex 3.144889e+01 -3.488823e+01 0.000000e+00
    endloop
  endfacet
  facet normal -9.807854e-01 -1.950897e-01 0.000000e+00
    outer loop
      vertex 3.144889e+01 -3.411177e+01 -4.000000e+00
      vertex 3.148717e+01 -3.430421e+01 -4.000000e+00
      vertex 3.148717e+01 -3.430421e+01 0.000000e+00
    endloop
  endfacet
  facet normal -9.469279e-01 -3.214461e-01 0.000000e+00
    outer loop
      vertex 3.138582e+01 -3.392598e+01 -4.000000e+00
      vertex 3.144889e+01 -3.411177e+01 -4.000000e+00
      vertex 3.144889e+01 -3.411177e+01 0.000000e+00
    endloop
  endfacet
  facet normal -8.968750e-01 -4.422841e-01 0.000000e+00
    outer loop
      vertex 3.129904e+01 -3.375000e+01 -4.000000e+00
      vertex 3.138582e+01 -3.392598e+01 -4.000000e+00
      vertex 3.138582e+01 -3.392598e+01 0.000000e+00
    endloop
  endfacet
  facet normal -9.978589e-01 6.540278e-02 0.000000e+00
    outer loop
      vertex 3.150000e+01 -3.450000e+01 -4.000000e+00
      vertex 3.148717e+01 -3.469579e+01 -4.000000e+00
      vertex 3.148717e+01 -3.469579e+01 0.000000e+00
    endloop
  endfacet
  facet normal -9.978589e-01 -6.540278e-02 0.000000e+00
    outer loop
      vertex 3.148717e+01 -3.430421e+01 -4.000000e+00
      vertex 3.150000e+01 -3.450000e+01 -4.000000e+00
      vertex 3.150000e+01 -3.450000e+01 0.000000e+00
    endloop
  endfacet
  facet normal 5.555748e-01 -8.314666e-01 0.000000e+00
    outer loop
      vertex 2.925000e+01 -3.320096e+01 0.000000e+00
      vertex 2.908686e+01 -3.330997e+01 -4.000000e+00
      vertex 2.925000e+01 -3.320096e+01 -4.000000e+00
    endloop
  endfacet
  facet normal 4.422841e-01 -8.968750e-01 0.000000e+00
    outer loop
      vertex 2.942598e+01 -3.311418e+01 0.000000e+00
      vertex 2.925000e+01 -3.320096e+01 -4.000000e+00
      vertex 2.942598e+01 -3.311418e+01 -4.000000e+00
    endloop
  endfacet
  facet normal 3.214374e-01 -9.469308e-01 0.000000e+00
    outer loop
      vertex 2.961177e+01 -3.305111e+01 0.000000e+00
      vertex 2.942598e+01 -3.311418e+01 -4.000000e+00
      vertex 2.961177e+01 -3.305111e+01 -4.000000e+00
    endloop
  endfacet
  facet normal -8.314696e-01 -5.555703e-01 -0.000000e+00
    outer loop
      vertex 3.129904e+01 -3.375000e+01 0.000000e+00
      vertex 3.119003e+01 -3.358686e+01 -4.000000e+00
      vertex 3.129904e+01 -3.375000e+01 -4.000000e+00
    endloop
  endfacet
  facet normal -7.518404e-01 -6.593452e-01 -0.000000e+00
    outer loop
      vertex 3.119003e+01 -3.358686e+01 0.000000e+00
      vertex 3.106066e+01 -3.343934e+01 -4.000000e+00
      vertex 3.119003e+01 -3.358686e+01 -4.000000e+00
    endloop
  endfacet
  facet normal -5.555748e-01 -8.314666e-01 -0.000000e+00
    outer loop
      vertex 3.091314e+01 -3.330997e+01 0.000000e+00
      vertex 3.075000e+01 -3.320096e+01 -4.000000e+00
      vertex 3.091314e+01 -3.330997e+01 -4.000000e+00
    endloop
  endfacet
  facet normal -3.214374e-01 -9.469308e-01 -0.000000e+00
    outer loop
      vertex 3.057402e+01 -3.311418e+01 0.000000e+00
      vertex 3.038823e+01 -3.305111e+01 -4.000000e+00
      vertex 3.057402e+01 -3.311418e+01 -4.000000e+00
    endloop
  endfacet
  facet normal -4.422841e-01 -8.968750e-01 -0.000000e+00
    outer loop
      vertex 3.075000e+01 -3.320096e+01 0.000000e+00
      vertex 3.057402e+01 -3.311418e+01 -4.000000e+00
      vertex 3.075000e+01 -3.320096e+01 -4.000000e+00
    endloop
  endfacet
  facet normal -6.593397e-01 -7.518452e-01 -0.000000e+00
    outer loop
      vertex 3.106066e+01 -3.343934e+01 0.000000e+00
      vertex 3.091314e+01 -3.330997e+01 -4.000000e+00
      vertex 3.106066e+01 -3.343934e+01 -4.000000e+00
    endloop
  endfacet
  facet normal 1.950991e-01 -9.807835e-01 0.000000e+00
    outer loop
      vertex 2.980421e+01 -3.301283e+01 0.000000e+00
      vertex 2.961177e+01 -3.305111e+01 -4.000000e+00
      vertex 2.980421e+01 -3.301283e+01 -4.000000e+00
    endloop
  endfacet
  facet normal 6.540278e-02 -9.978589e-01 0.000000e+00
    outer loop
      vertex 3.000000e+01 -3.300000e+01 0.000000e+00
      vertex 2.980421e+01 -3.301283e+01 -4.000000e+00
      vertex 3.000000e+01 -3.300000e+01 -4.000000e+00
    endloop
  endfacet
  facet normal -6.540278e-02 -9.978589e-01 -0.000000e+00
    outer loop
      vertex 3.019579e+01 -3.301283e+01 0.000000e+00
      vertex 3.000000e+01 -3.300000e+01 -4.000000e+00
      vertex 3.019579e+01 -3.301283e+01 -4.000000e+00
    endloop
  endfacet
  facet normal -1.950991e-01 -9.807835e-01 -0.000000e+00
    outer loop
      vertex 3.038823e+01 -3.305111e+01 0.000000e+00
      vertex 3.019579e+01 -3.301283e+01 -4.000000e+00
      vertex 3.038823e+01 -3.305111e+01 -4.000000e+00
    endloop
  endfacet
  facet normal -8.968750e-01 4.422841e-01 0.000000e+00
    outer loop
      vertex 3.129904e+01 -3.525000e+01 0.000000e+00
      vertex 3.138582e+01 -3.507402e+01 0.000000e+00
      vertex 3.138582e+01 -3.507402e+01 -4.000000e+00
    endloop
  endfacet
  facet normal -9.469279e-01 3.214461e-01 0.000000e+00
    outer loop
      vertex 3.138582e+01 -3.507402e+01 0.000000e+00
      vertex 3.144889e+01 -3.488823e+01 0.000000e+00
      vertex 3.144889e+01 -3.488823e+01 -4.000000e+00
    endloop
  endfacet
  facet normal -9.807854e-01 1.950897e-01 0.000000e+00
    outer loop
      vertex 3.144889e+01 -3.488823e+01 0.000000e+00
      vertex 3.148717e+01 -3.469579e+01 0.000000e+00
      vertex 3.148717e+01 -3.469579e+01 -4.000000e+00
    endloop
  endfacet
  facet normal -9.807854e-01 -1.950897e-01 0.000000e+00
    outer loop
      vertex 3.148717e+01 -3.430421e+01 0.000000e+00
      vertex 3.144889e+01 -3.411177e+01 0.000000e+00
      vertex 3.144889e+01 -3.411177e+01 -4.000000e+00
    endloop
  endfacet
  facet normal -9.469279e-01 -3.214461e-01 0.000000e+00
    outer loop
      vertex 3.144889e+01 -3.411177e+01 0.000000e+00
      vertex 3.138582e+01 -3.392598e+01 0.000000e+00
      vertex 3.138582e+01 -3.392598e+01 -4.000000e+00
    endloop
  endfacet
  facet normal -8.968750e-01 -4.422841e-01 0.000000e+00
    outer loop
      vertex 3.138582e+01 -3.392598e+01 0.000000e+00
      vertex 3.129904e+01 -3.375000e+01 0.000000e+00
      vertex 3.129904e+01 -3.375000e+01 -4.000000e+00
    endloop
  endfacet
  facet normal -9.978589e-01 6.540278e-02 0.000000e+00
    outer loop
      vertex 3.148717e+01 -3.469579e+01 0.000000e+00
      vertex 3.150000e+01 -3.450000e+01 0.000000e+00
      vertex 3.150000e+01 -3.450000e+01 -4.000000e+00
    endloop
  endfacet
  facet normal -9.978589e-01 -6.540278e-02 0.000000e+00
    outer loop
      vertex 3.150000e+01 -3.450000e+01 0.000000e+00
      vertex 3.148717e+01 -3.430421e+01 0.000000e+00
      vertex 3.148717e+01 -3.430421e+01 -4.000000e+00
    endloop
  endfacet
  facet normal 5.555748e-01 -8.314666e-01 0.000000e+00
    outer loop
      vertex 2.925000e+01 -3.320096e+01 0.000000e+00
      vertex 2.908686e+01 -3.330997e+01 0.000000e+00
      vertex 2.908686e+01 -3.330997e+01 -4.000000e+00
    endloop
  endfacet
  facet normal 4.422841e-01 -8.968750e-01 0.000000e+00
    outer loop
      vertex 2.942598e+01 -3.311418e+01 0.000000e+00
      vertex 2.925000e+01 -3.320096e+01 0.000000e+00
      vertex 2.925000e+01 -3.320096e+01 -4.000000e+00
    endloop
  endfacet
  facet normal 3.214374e-01 -9.469308e-01 0.000000e+00
    outer loop
      vertex 2.961177e+01 -3.305111e+01 0.000000e+00
      vertex 2.942598e+01 -3.311418e+01 0.000000e+00
      vertex 2.942598e+01 -3.311418e+01 -4.000000e+00
    endloop
  endfacet
  facet normal -8.314696e-01 -5.555703e-01 0.000000e+00
    outer loop
      vertex 3.129904e+01 -3.375000e+01 0.000000e+00
      vertex 3.119003e+01 -3.358686e+01 0.000000e+00
      vertex 3.119003e+01 -3.358686e+01 -4.000000e+00
    endloop
  endfacet
  facet normal -7.518404e-01 -6.593452e-01 0.000000e+00
    outer loop
      vertex 3.119003e+01 -3.358686e+01 0.000000e+00
      vertex 3.106066e+01 -3.343934e+01 0.000000e+00
      vertex 3.106066e+01 -3.343934e+01 -4.000000e+00
    endloop
  endfacet
  facet normal -5.555748e-01 -8.314666e-01 0.000000e+00
    outer loop
      vertex 3.091314e+01 -3.330997e+01 0.000000e+00
      vertex 3.075000e+01 -3.320096e+01 0.000000e+00
      vertex 3.075000e+01 -3.320096e+01 -4.000000e+00
    endloop
  endfacet
  facet normal -3.214374e-01 -9.469308e-01 0.000000e+00
    outer loop
      vertex 3.057402e+01 -3.311418e+01 0.000000e+00
      vertex 3.038823e+01 -3.305111e+01 0.000000e+00
      vertex 3.038823e+01 -3.305111e+01 -4.000000e+00
    endloop
  endfacet
  facet normal -4.422841e-01 -8.968750e-01 0.000000e+00
    outer loop
      vertex 3.075000e+01 -3.320096e+01 0.000000e+00
      vertex 3.057402e+01 -3.311418e+01 0.000000e+00
      vertex 3.057402e+01 -3.311418e+01 -4.000000e+00
    endloop
  endfacet
  facet normal -6.593397e-01 -7.518452e-01 0.000000e+00
    outer loop
      vertex 3.106066e+01 -3.343934e+01 0.000000e+00
      vertex 3.091314e+01 -3.330997e+01 0.000000e+00
      vertex 3.091314e+01 -3.330997e+01 -4.000000e+00
    endloop
  endfacet
  facet normal 1.950991e-01 -9.807835e-01 0.000000e+00
    outer loop
      vertex 2.980421e+01 -3.301283e+01 0.000000e+00
      vertex 2.961177e+01 -3.305111e+01 0.000000e+00
      vertex 2.961177e+01 -3.305111e+01 -4.000000e+00
    endloop
  endfacet
  facet normal 6.540278e-02 -9.978589e-01 0.000000e+00
    outer loop
      vertex 3.000000e+01 -3.300000e+01 0.000000e+00
      vertex 2.980421e+01 -3.301283e+01 0.000000e+00
      vertex 2.980421e+01 -3.301283e+01 -4.000000e+00
    endloop
  endfacet
  facet normal -1.950991e-01 -9.807835e-01 0.000000e+00
    outer loop
      vertex 3.038823e+01 -3.305111e+01 0.000000e+00
      vertex 3.019579e+01 -3.301283e+01 0.000000e+00
      vertex 3.019579e+01 -3.301283e+01 -4.000000e+00
    endloop
  endfacet
  facet normal -6.540278e-02 -9.978589e-01 0.000000e+00
    outer loop
      vertex 3.019579e+01 -3.301283e+01 0.000000e+00
      vertex 3.000000e+01 -3.300000e+01 0.000000e+00
      vertex 3.000000e+01 -3.300000e+01 -4.000000e+00
    endloop
  endfacet
endsolid OpenSCAD_Model
