solid OpenSCAD_Model
  facet normal 1 -0 0
    outer loop
      vertex -31.15 -16.725 23.15
      vertex -31.15 21.325 19.15
      vertex -31.15 21.325 23.15
    endloop
  endfacet
  facet normal 1 0 0
    outer loop
      vertex -31.15 21.325 19.15
      vertex -31.15 -16.725 23.15
      vertex -31.15 -16.725 19.15
    endloop
  endfacet
  facet normal -0 0 1
    outer loop
      vertex -35.65 -6.475 23.15
      vertex -31.65 -7.475 23.15
      vertex -31.65 -6.475 23.15
    endloop
  endfacet
  facet normal 0 0 1
    outer loop
      vertex -31.65 -7.475 23.15
      vertex -35.65 -6.475 23.15
      vertex -35.65 -7.475 23.15
    endloop
  endfacet
  facet normal -0 0 1
    outer loop
      vertex -35.65 -0.575 23.15
      vertex -31.65 -1.075 23.15
      vertex -31.65 -0.575 23.15
    endloop
  endfacet
  facet normal 0 0 1
    outer loop
      vertex -31.65 -1.075 23.15
      vertex -35.65 -0.575 23.15
      vertex -35.65 -1.075 23.15
    endloop
  endfacet
  facet normal -0 0 1
    outer loop
      vertex -35.65 0.275 23.15
      vertex -31.65 -0.225 23.15
      vertex -31.65 0.275 23.15
    endloop
  endfacet
  facet normal 0 0 1
    outer loop
      vertex -31.65 -0.225 23.15
      vertex -35.65 0.275 23.15
      vertex -35.65 -0.225 23.15
    endloop
  endfacet
  facet normal -0 0 1
    outer loop
      vertex -35.65 6.025 23.15
      vertex -31.65 5.525 23.15
      vertex -31.65 6.025 23.15
    endloop
  endfacet
  facet normal 0 0 1
    outer loop
      vertex -31.65 5.525 23.15
      vertex -35.65 6.025 23.15
      vertex -35.65 5.525 23.15
    endloop
  endfacet
  facet normal -0 0 1
    outer loop
      vertex -35.65 6.675 23.15
      vertex -31.65 6.175 23.15
      vertex -31.65 6.675 23.15
    endloop
  endfacet
  facet normal 0 0 1
    outer loop
      vertex -31.65 6.175 23.15
      vertex -35.65 6.675 23.15
      vertex -35.65 6.175 23.15
    endloop
  endfacet
  facet normal -0 0 1
    outer loop
      vertex -35.65 11.575 23.15
      vertex -31.65 11.075 23.15
      vertex -31.65 11.575 23.15
    endloop
  endfacet
  facet normal 0 0 1
    outer loop
      vertex -31.65 11.075 23.15
      vertex -35.65 11.575 23.15
      vertex -35.65 11.075 23.15
    endloop
  endfacet
  facet normal -0 0 1
    outer loop
      vertex -35.65 13.275 23.15
      vertex -31.65 12.775 23.15
      vertex -31.65 13.275 23.15
    endloop
  endfacet
  facet normal 0 0 1
    outer loop
      vertex -31.65 12.775 23.15
      vertex -35.65 13.275 23.15
      vertex -35.65 12.775 23.15
    endloop
  endfacet
  facet normal 0 0 1
    outer loop
      vertex -31.65 13.275 23.15
      vertex -31.15 21.325 23.15
      vertex -31.65 20.825 23.15
    endloop
  endfacet
  facet normal 0 0 1
    outer loop
      vertex -31.15 21.325 23.15
      vertex -35.65 20.825 23.15
      vertex -31.65 20.825 23.15
    endloop
  endfacet
  facet normal 0 0 1
    outer loop
      vertex -36.15 21.325 23.15
      vertex -35.65 13.275 23.15
      vertex -35.65 20.825 23.15
    endloop
  endfacet
  facet normal 0 0 1
    outer loop
      vertex -35.65 13.275 23.15
      vertex -36.15 21.325 23.15
      vertex -35.65 12.775 23.15
    endloop
  endfacet
  facet normal 0 0 1
    outer loop
      vertex -35.65 12.775 23.15
      vertex -36.15 21.325 23.15
      vertex -35.65 11.575 23.15
    endloop
  endfacet
  facet normal 0 0 1
    outer loop
      vertex -35.65 11.575 23.15
      vertex -36.15 21.325 23.15
      vertex -35.65 11.075 23.15
    endloop
  endfacet
  facet normal 0 0 1
    outer loop
      vertex -35.65 11.075 23.15
      vertex -36.15 21.325 23.15
      vertex -35.65 6.675 23.15
    endloop
  endfacet
  facet normal 0 0 1
    outer loop
      vertex -35.65 6.675 23.15
      vertex -36.15 21.325 23.15
      vertex -35.65 6.175 23.15
    endloop
  endfacet
  facet normal 0 0 1
    outer loop
      vertex -35.65 6.175 23.15
      vertex -36.15 21.325 23.15
      vertex -35.65 6.025 23.15
    endloop
  endfacet
  facet normal 0 0 1
    outer loop
      vertex -35.65 6.025 23.15
      vertex -36.15 21.325 23.15
      vertex -35.65 5.525 23.15
    endloop
  endfacet
  facet normal 0 0 1
    outer loop
      vertex -35.65 5.525 23.15
      vertex -36.15 21.325 23.15
      vertex -35.65 0.275 23.15
    endloop
  endfacet
  facet normal 0 0 1
    outer loop
      vertex -35.65 0.275 23.15
      vertex -36.15 21.325 23.15
      vertex -35.65 -0.225 23.15
    endloop
  endfacet
  facet normal 0 0 1
    outer loop
      vertex -35.65 -0.225 23.15
      vertex -36.15 21.325 23.15
      vertex -35.65 -0.575 23.15
    endloop
  endfacet
  facet normal 0 0 1
    outer loop
      vertex -35.65 -0.575 23.15
      vertex -36.15 21.325 23.15
      vertex -35.65 -1.075 23.15
    endloop
  endfacet
  facet normal 0 0 1
    outer loop
      vertex -36.15 -16.725 23.15
      vertex -35.65 -1.075 23.15
      vertex -36.15 21.325 23.15
    endloop
  endfacet
  facet normal 0 0 1
    outer loop
      vertex -35.65 -1.075 23.15
      vertex -36.15 -16.725 23.15
      vertex -35.65 -6.475 23.15
    endloop
  endfacet
  facet normal 0 0 1
    outer loop
      vertex -35.65 -6.475 23.15
      vertex -36.15 -16.725 23.15
      vertex -35.65 -7.475 23.15
    endloop
  endfacet
  facet normal -0 0 1
    outer loop
      vertex -36.15 21.325 23.15
      vertex -35.65 20.825 23.15
      vertex -31.15 21.325 23.15
    endloop
  endfacet
  facet normal 0 0 1
    outer loop
      vertex -31.65 12.775 23.15
      vertex -31.15 21.325 23.15
      vertex -31.65 13.275 23.15
    endloop
  endfacet
  facet normal 0 0 1
    outer loop
      vertex -31.65 11.575 23.15
      vertex -31.15 21.325 23.15
      vertex -31.65 12.775 23.15
    endloop
  endfacet
  facet normal 0 0 1
    outer loop
      vertex -31.65 11.075 23.15
      vertex -31.15 21.325 23.15
      vertex -31.65 11.575 23.15
    endloop
  endfacet
  facet normal 0 0 1
    outer loop
      vertex -31.65 6.675 23.15
      vertex -31.15 21.325 23.15
      vertex -31.65 11.075 23.15
    endloop
  endfacet
  facet normal 0 0 1
    outer loop
      vertex -31.65 6.175 23.15
      vertex -31.15 21.325 23.15
      vertex -31.65 6.675 23.15
    endloop
  endfacet
  facet normal 0 0 1
    outer loop
      vertex -31.65 6.025 23.15
      vertex -31.15 21.325 23.15
      vertex -31.65 6.175 23.15
    endloop
  endfacet
  facet normal 0 0 1
    outer loop
      vertex -31.65 5.525 23.15
      vertex -31.15 21.325 23.15
      vertex -31.65 6.025 23.15
    endloop
  endfacet
  facet normal 0 0 1
    outer loop
      vertex -31.15 21.325 23.15
      vertex -31.65 5.525 23.15
      vertex -31.15 -16.725 23.15
    endloop
  endfacet
  facet normal -0 0 1
    outer loop
      vertex -31.65 0.275 23.15
      vertex -31.15 -16.725 23.15
      vertex -31.65 5.525 23.15
    endloop
  endfacet
  facet normal -0 0 1
    outer loop
      vertex -31.65 -0.225 23.15
      vertex -31.15 -16.725 23.15
      vertex -31.65 0.275 23.15
    endloop
  endfacet
  facet normal -0 0 1
    outer loop
      vertex -31.65 -0.575 23.15
      vertex -31.15 -16.725 23.15
      vertex -31.65 -0.225 23.15
    endloop
  endfacet
  facet normal -0 0 1
    outer loop
      vertex -31.65 -1.075 23.15
      vertex -31.15 -16.725 23.15
      vertex -31.65 -0.575 23.15
    endloop
  endfacet
  facet normal -0 0 1
    outer loop
      vertex -31.65 -6.475 23.15
      vertex -31.15 -16.725 23.15
      vertex -31.65 -1.075 23.15
    endloop
  endfacet
  facet normal -0 0 1
    outer loop
      vertex -31.65 -7.475 23.15
      vertex -31.15 -16.725 23.15
      vertex -31.65 -6.475 23.15
    endloop
  endfacet
  facet normal -0 0 1
    outer loop
      vertex -31.65 -16.225 23.15
      vertex -31.15 -16.725 23.15
      vertex -31.65 -7.475 23.15
    endloop
  endfacet
  facet normal -0 0 1
    outer loop
      vertex -35.65 -16.225 23.15
      vertex -31.15 -16.725 23.15
      vertex -31.65 -16.225 23.15
    endloop
  endfacet
  facet normal 0 0 1
    outer loop
      vertex -35.65 -16.225 23.15
      vertex -36.15 -16.725 23.15
      vertex -31.15 -16.725 23.15
    endloop
  endfacet
  facet normal 0 0 1
    outer loop
      vertex -35.65 -7.475 23.15
      vertex -36.15 -16.725 23.15
      vertex -35.65 -16.225 23.15
    endloop
  endfacet
  facet normal 0 0 -1
    outer loop
      vertex -36.15 -16.725 19.15
      vertex -31.15 21.325 19.15
      vertex -31.15 -16.725 19.15
    endloop
  endfacet
  facet normal -0 0 -1
    outer loop
      vertex -31.15 21.325 19.15
      vertex -36.15 -16.725 19.15
      vertex -36.15 21.325 19.15
    endloop
  endfacet
  facet normal -1 0 0
    outer loop
      vertex -36.15 -16.725 19.15
      vertex -36.15 21.325 23.15
      vertex -36.15 21.325 19.15
    endloop
  endfacet
  facet normal -1 -0 0
    outer loop
      vertex -36.15 21.325 23.15
      vertex -36.15 -16.725 19.15
      vertex -36.15 -16.725 23.15
    endloop
  endfacet
  facet normal 0 1 -0
    outer loop
      vertex -31.15 21.325 19.15
      vertex -36.15 21.325 23.15
      vertex -31.15 21.325 23.15
    endloop
  endfacet
  facet normal 0 1 0
    outer loop
      vertex -36.15 21.325 23.15
      vertex -31.15 21.325 19.15
      vertex -36.15 21.325 19.15
    endloop
  endfacet
  facet normal 0 -1 0
    outer loop
      vertex -35.65 11.075 19.65
      vertex -31.65 11.075 23.15
      vertex -35.65 11.075 23.15
    endloop
  endfacet
  facet normal 0 -1 -0
    outer loop
      vertex -31.65 11.075 23.15
      vertex -35.65 11.075 19.65
      vertex -31.65 11.075 19.65
    endloop
  endfacet
  facet normal -1 0 0
    outer loop
      vertex -31.65 13.275 19.65
      vertex -31.65 20.825 23.15
      vertex -31.65 20.825 19.65
    endloop
  endfacet
  facet normal -1 -0 0
    outer loop
      vertex -31.65 20.825 23.15
      vertex -31.65 13.275 19.65
      vertex -31.65 13.275 23.15
    endloop
  endfacet
  facet normal -1 0 0
    outer loop
      vertex -31.65 11.575 19.65
      vertex -31.65 12.775 23.15
      vertex -31.65 12.775 19.65
    endloop
  endfacet
  facet normal -1 -0 0
    outer loop
      vertex -31.65 12.775 23.15
      vertex -31.65 11.575 19.65
      vertex -31.65 11.575 23.15
    endloop
  endfacet
  facet normal -1 0 0
    outer loop
      vertex -31.65 6.025 19.65
      vertex -31.65 6.175 23.15
      vertex -31.65 6.175 19.65
    endloop
  endfacet
  facet normal -1 -0 0
    outer loop
      vertex -31.65 6.175 23.15
      vertex -31.65 6.025 19.65
      vertex -31.65 6.025 23.15
    endloop
  endfacet
  facet normal -1 0 0
    outer loop
      vertex -31.65 -0.575 19.65
      vertex -31.65 -0.225 23.15
      vertex -31.65 -0.225 19.65
    endloop
  endfacet
  facet normal -1 -0 0
    outer loop
      vertex -31.65 -0.225 23.15
      vertex -31.65 -0.575 19.65
      vertex -31.65 -0.575 23.15
    endloop
  endfacet
  facet normal -1 0 0
    outer loop
      vertex -31.65 -6.475 19.65
      vertex -31.65 -1.075 23.15
      vertex -31.65 -1.075 19.65
    endloop
  endfacet
  facet normal -1 -0 0
    outer loop
      vertex -31.65 -1.075 23.15
      vertex -31.65 -6.475 19.65
      vertex -31.65 -6.475 23.15
    endloop
  endfacet
  facet normal -1 0 0
    outer loop
      vertex -31.65 6.675 19.65
      vertex -31.65 11.075 23.15
      vertex -31.65 11.075 19.65
    endloop
  endfacet
  facet normal -1 -0 0
    outer loop
      vertex -31.65 11.075 23.15
      vertex -31.65 6.675 19.65
      vertex -31.65 6.675 23.15
    endloop
  endfacet
  facet normal -1 0 0
    outer loop
      vertex -31.65 0.275 19.65
      vertex -31.65 5.525 23.15
      vertex -31.65 5.525 19.65
    endloop
  endfacet
  facet normal -1 -0 0
    outer loop
      vertex -31.65 5.525 23.15
      vertex -31.65 0.275 19.65
      vertex -31.65 0.275 23.15
    endloop
  endfacet
  facet normal -0 0 1
    outer loop
      vertex -35.65 20.825 19.65
      vertex -31.65 13.275 19.65
      vertex -31.65 20.825 19.65
    endloop
  endfacet
  facet normal 0 0 1
    outer loop
      vertex -31.65 13.275 19.65
      vertex -35.65 20.825 19.65
      vertex -35.65 13.275 19.65
    endloop
  endfacet
  facet normal -0 0 1
    outer loop
      vertex -35.65 12.775 19.65
      vertex -31.65 11.575 19.65
      vertex -31.65 12.775 19.65
    endloop
  endfacet
  facet normal 0 0 1
    outer loop
      vertex -31.65 11.575 19.65
      vertex -35.65 12.775 19.65
      vertex -35.65 11.575 19.65
    endloop
  endfacet
  facet normal -0 0 1
    outer loop
      vertex -35.65 6.175 19.65
      vertex -31.65 6.025 19.65
      vertex -31.65 6.175 19.65
    endloop
  endfacet
  facet normal 0 0 1
    outer loop
      vertex -31.65 6.025 19.65
      vertex -35.65 6.175 19.65
      vertex -35.65 6.025 19.65
    endloop
  endfacet
  facet normal -0 0 1
    outer loop
      vertex -35.65 -0.225 19.65
      vertex -31.65 -0.575 19.65
      vertex -31.65 -0.225 19.65
    endloop
  endfacet
  facet normal 0 0 1
    outer loop
      vertex -31.65 -0.575 19.65
      vertex -35.65 -0.225 19.65
      vertex -35.65 -0.575 19.65
    endloop
  endfacet
  facet normal -0 0 1
    outer loop
      vertex -35.65 -1.075 19.65
      vertex -31.65 -6.475 19.65
      vertex -31.65 -1.075 19.65
    endloop
  endfacet
  facet normal 0 0 1
    outer loop
      vertex -31.65 -6.475 19.65
      vertex -35.65 -1.075 19.65
      vertex -35.65 -6.475 19.65
    endloop
  endfacet
  facet normal -0 0 1
    outer loop
      vertex -35.65 5.525 19.65
      vertex -31.65 0.275 19.65
      vertex -31.65 5.525 19.65
    endloop
  endfacet
  facet normal 0 0 1
    outer loop
      vertex -31.65 0.275 19.65
      vertex -35.65 5.525 19.65
      vertex -35.65 0.275 19.65
    endloop
  endfacet
  facet normal -0 0 1
    outer loop
      vertex -35.65 11.075 19.65
      vertex -31.65 6.675 19.65
      vertex -31.65 11.075 19.65
    endloop
  endfacet
  facet normal 0 0 1
    outer loop
      vertex -31.65 6.675 19.65
      vertex -35.65 11.075 19.65
      vertex -35.65 6.675 19.65
    endloop
  endfacet
  facet normal 1 -0 0
    outer loop
      vertex -35.65 11.575 23.15
      vertex -35.65 12.775 19.65
      vertex -35.65 12.775 23.15
    endloop
  endfacet
  facet normal 1 0 0
    outer loop
      vertex -35.65 12.775 19.65
      vertex -35.65 11.575 23.15
      vertex -35.65 11.575 19.65
    endloop
  endfacet
  facet normal 1 -0 0
    outer loop
      vertex -35.65 13.275 23.15
      vertex -35.65 20.825 19.65
      vertex -35.65 20.825 23.15
    endloop
  endfacet
  facet normal 1 0 0
    outer loop
      vertex -35.65 20.825 19.65
      vertex -35.65 13.275 23.15
      vertex -35.65 13.275 19.65
    endloop
  endfacet
  facet normal 1 -0 0
    outer loop
      vertex -35.65 -0.575 23.15
      vertex -35.65 -0.225 19.65
      vertex -35.65 -0.225 23.15
    endloop
  endfacet
  facet normal 1 0 0
    outer loop
      vertex -35.65 -0.225 19.65
      vertex -35.65 -0.575 23.15
      vertex -35.65 -0.575 19.65
    endloop
  endfacet
  facet normal 1 -0 0
    outer loop
      vertex -35.65 6.025 23.15
      vertex -35.65 6.175 19.65
      vertex -35.65 6.175 23.15
    endloop
  endfacet
  facet normal 1 0 0
    outer loop
      vertex -35.65 6.175 19.65
      vertex -35.65 6.025 23.15
      vertex -35.65 6.025 19.65
    endloop
  endfacet
  facet normal 1 -0 0
    outer loop
      vertex -35.65 -6.475 23.15
      vertex -35.65 -1.075 19.65
      vertex -35.65 -1.075 23.15
    endloop
  endfacet
  facet normal 1 0 0
    outer loop
      vertex -35.65 -1.075 19.65
      vertex -35.65 -6.475 23.15
      vertex -35.65 -6.475 19.65
    endloop
  endfacet
  facet normal 1 -0 0
    outer loop
      vertex -35.65 6.675 23.15
      vertex -35.65 11.075 19.65
      vertex -35.65 11.075 23.15
    endloop
  endfacet
  facet normal 1 0 0
    outer loop
      vertex -35.65 11.075 19.65
      vertex -35.65 6.675 23.15
      vertex -35.65 6.675 19.65
    endloop
  endfacet
  facet normal 1 -0 0
    outer loop
      vertex -35.65 0.275 23.15
      vertex -35.65 5.525 19.65
      vertex -35.65 5.525 23.15
    endloop
  endfacet
  facet normal 1 0 0
    outer loop
      vertex -35.65 5.525 19.65
      vertex -35.65 0.275 23.15
      vertex -35.65 0.275 19.65
    endloop
  endfacet
  facet normal 0 -1 0
    outer loop
      vertex -35.65 20.825 19.65
      vertex -31.65 20.825 23.15
      vertex -35.65 20.825 23.15
    endloop
  endfacet
  facet normal 0 -1 -0
    outer loop
      vertex -31.65 20.825 23.15
      vertex -35.65 20.825 19.65
      vertex -31.65 20.825 19.65
    endloop
  endfacet
  facet normal 0 1 -0
    outer loop
      vertex -31.65 11.575 19.65
      vertex -35.65 11.575 23.15
      vertex -31.65 11.575 23.15
    endloop
  endfacet
  facet normal 0 1 0
    outer loop
      vertex -35.65 11.575 23.15
      vertex -31.65 11.575 19.65
      vertex -35.65 11.575 19.65
    endloop
  endfacet
  facet normal 0 1 -0
    outer loop
      vertex -31.65 13.275 19.65
      vertex -35.65 13.275 23.15
      vertex -31.65 13.275 23.15
    endloop
  endfacet
  facet normal 0 1 0
    outer loop
      vertex -35.65 13.275 23.15
      vertex -31.65 13.275 19.65
      vertex -35.65 13.275 19.65
    endloop
  endfacet
  facet normal 0 -1 0
    outer loop
      vertex -35.65 5.525 19.65
      vertex -31.65 5.525 23.15
      vertex -35.65 5.525 23.15
    endloop
  endfacet
  facet normal 0 -1 -0
    outer loop
      vertex -31.65 5.525 23.15
      vertex -35.65 5.525 19.65
      vertex -31.65 5.525 19.65
    endloop
  endfacet
  facet normal 0 -1 0
    outer loop
      vertex -35.65 12.775 19.65
      vertex -31.65 12.775 23.15
      vertex -35.65 12.775 23.15
    endloop
  endfacet
  facet normal 0 -1 -0
    outer loop
      vertex -31.65 12.775 23.15
      vertex -35.65 12.775 19.65
      vertex -31.65 12.775 19.65
    endloop
  endfacet
  facet normal 0 1 -0
    outer loop
      vertex -31.65 6.025 19.65
      vertex -35.65 6.025 23.15
      vertex -31.65 6.025 23.15
    endloop
  endfacet
  facet normal 0 1 0
    outer loop
      vertex -35.65 6.025 23.15
      vertex -31.65 6.025 19.65
      vertex -35.65 6.025 19.65
    endloop
  endfacet
  facet normal 0 1 -0
    outer loop
      vertex -31.65 6.675 19.65
      vertex -35.65 6.675 23.15
      vertex -31.65 6.675 23.15
    endloop
  endfacet
  facet normal 0 1 0
    outer loop
      vertex -35.65 6.675 23.15
      vertex -31.65 6.675 19.65
      vertex -35.65 6.675 19.65
    endloop
  endfacet
  facet normal 0 -1 0
    outer loop
      vertex -35.65 -1.075 19.65
      vertex -31.65 -1.075 23.15
      vertex -35.65 -1.075 23.15
    endloop
  endfacet
  facet normal 0 -1 -0
    outer loop
      vertex -31.65 -1.075 23.15
      vertex -35.65 -1.075 19.65
      vertex -31.65 -1.075 19.65
    endloop
  endfacet
  facet normal 0 -1 0
    outer loop
      vertex -35.65 6.175 19.65
      vertex -31.65 6.175 23.15
      vertex -35.65 6.175 23.15
    endloop
  endfacet
  facet normal 0 -1 -0
    outer loop
      vertex -31.65 6.175 23.15
      vertex -35.65 6.175 19.65
      vertex -31.65 6.175 19.65
    endloop
  endfacet
  facet normal 0 1 -0
    outer loop
      vertex -31.65 -0.575 19.65
      vertex -35.65 -0.575 23.15
      vertex -31.65 -0.575 23.15
    endloop
  endfacet
  facet normal 0 1 0
    outer loop
      vertex -35.65 -0.575 23.15
      vertex -31.65 -0.575 19.65
      vertex -35.65 -0.575 19.65
    endloop
  endfacet
  facet normal 0 1 -0
    outer loop
      vertex -31.65 0.275 19.65
      vertex -35.65 0.275 23.15
      vertex -31.65 0.275 23.15
    endloop
  endfacet
  facet normal 0 1 0
    outer loop
      vertex -35.65 0.275 23.15
      vertex -31.65 0.275 19.65
      vertex -35.65 0.275 19.65
    endloop
  endfacet
  facet normal 0 -1 0
    outer loop
      vertex -35.65 -7.475 19.65
      vertex -31.65 -7.475 23.15
      vertex -35.65 -7.475 23.15
    endloop
  endfacet
  facet normal 0 -1 -0
    outer loop
      vertex -31.65 -7.475 23.15
      vertex -35.65 -7.475 19.65
      vertex -31.65 -7.475 19.65
    endloop
  endfacet
  facet normal 0 -1 0
    outer loop
      vertex -35.65 -0.225 19.65
      vertex -31.65 -0.225 23.15
      vertex -35.65 -0.225 23.15
    endloop
  endfacet
  facet normal 0 -1 -0
    outer loop
      vertex -31.65 -0.225 23.15
      vertex -35.65 -0.225 19.65
      vertex -31.65 -0.225 19.65
    endloop
  endfacet
  facet normal 0 1 -0
    outer loop
      vertex -31.65 -6.475 19.65
      vertex -35.65 -6.475 23.15
      vertex -31.65 -6.475 23.15
    endloop
  endfacet
  facet normal 0 1 0
    outer loop
      vertex -35.65 -6.475 23.15
      vertex -31.65 -6.475 19.65
      vertex -35.65 -6.475 19.65
    endloop
  endfacet
  facet normal 0 -1 0
    outer loop
      vertex -36.15 -16.725 19.15
      vertex -31.15 -16.725 23.15
      vertex -36.15 -16.725 23.15
    endloop
  endfacet
  facet normal 0 -1 -0
    outer loop
      vertex -31.15 -16.725 23.15
      vertex -36.15 -16.725 19.15
      vertex -31.15 -16.725 19.15
    endloop
  endfacet
  facet normal -1 0 0
    outer loop
      vertex -31.65 -16.225 19.65
      vertex -31.65 -7.475 23.15
      vertex -31.65 -7.475 19.65
    endloop
  endfacet
  facet normal -1 -0 0
    outer loop
      vertex -31.65 -7.475 23.15
      vertex -31.65 -16.225 19.65
      vertex -31.65 -16.225 23.15
    endloop
  endfacet
  facet normal -0 0 1
    outer loop
      vertex -35.65 -7.475 19.65
      vertex -31.65 -16.225 19.65
      vertex -31.65 -7.475 19.65
    endloop
  endfacet
  facet normal 0 0 1
    outer loop
      vertex -31.65 -16.225 19.65
      vertex -35.65 -7.475 19.65
      vertex -35.65 -16.225 19.65
    endloop
  endfacet
  facet normal 1 -0 0
    outer loop
      vertex -35.65 -16.225 23.15
      vertex -35.65 -7.475 19.65
      vertex -35.65 -7.475 23.15
    endloop
  endfacet
  facet normal 1 0 0
    outer loop
      vertex -35.65 -7.475 19.65
      vertex -35.65 -16.225 23.15
      vertex -35.65 -16.225 19.65
    endloop
  endfacet
  facet normal 0 1 -0
    outer loop
      vertex -31.65 -16.225 19.65
      vertex -35.65 -16.225 23.15
      vertex -31.65 -16.225 23.15
    endloop
  endfacet
  facet normal 0 1 0
    outer loop
      vertex -35.65 -16.225 23.15
      vertex -31.65 -16.225 19.65
      vertex -35.65 -16.225 19.65
    endloop
  endfacet
  facet normal 1 -0 0
    outer loop
      vertex -20.4 -21.475 23.15
      vertex -20.4 20.075 19.15
      vertex -20.4 20.075 23.15
    endloop
  endfacet
  facet normal 1 0 0
    outer loop
      vertex -20.4 20.075 19.15
      vertex -20.4 -21.475 23.15
      vertex -20.4 -21.475 19.15
    endloop
  endfacet
  facet normal -0 0 1
    outer loop
      vertex -24.9 -14.775 23.15
      vertex -20.9 -15.275 23.15
      vertex -20.9 -14.775 23.15
    endloop
  endfacet
  facet normal 0 0 1
    outer loop
      vertex -20.9 -15.275 23.15
      vertex -24.9 -14.775 23.15
      vertex -24.9 -15.275 23.15
    endloop
  endfacet
  facet normal -0 0 1
    outer loop
      vertex -24.9 -13.725 23.15
      vertex -20.9 -14.225 23.15
      vertex -20.9 -13.725 23.15
    endloop
  endfacet
  facet normal 0 0 1
    outer loop
      vertex -20.9 -14.225 23.15
      vertex -24.9 -13.725 23.15
      vertex -24.9 -14.225 23.15
    endloop
  endfacet
  facet normal -0 0 1
    outer loop
      vertex -24.9 -8.125 23.15
      vertex -20.9 -8.625 23.15
      vertex -20.9 -8.125 23.15
    endloop
  endfacet
  facet normal 0 0 1
    outer loop
      vertex -20.9 -8.625 23.15
      vertex -24.9 -8.125 23.15
      vertex -24.9 -8.625 23.15
    endloop
  endfacet
  facet normal -0 0 1
    outer loop
      vertex -24.9 -7.525 23.15
      vertex -20.9 -8.025 23.15
      vertex -20.9 -7.525 23.15
    endloop
  endfacet
  facet normal 0 0 1
    outer loop
      vertex -20.9 -8.025 23.15
      vertex -24.9 -7.525 23.15
      vertex -24.9 -8.025 23.15
    endloop
  endfacet
  facet normal -0 0 1
    outer loop
      vertex -24.9 6.625 23.15
      vertex -20.9 5.725 23.15
      vertex -20.9 6.625 23.15
    endloop
  endfacet
  facet normal 0 0 1
    outer loop
      vertex -20.9 5.725 23.15
      vertex -24.9 6.625 23.15
      vertex -24.9 5.725 23.15
    endloop
  endfacet
  facet normal -0 0 1
    outer loop
      vertex -24.9 12.825 23.15
      vertex -20.9 12.325 23.15
      vertex -20.9 12.825 23.15
    endloop
  endfacet
  facet normal 0 0 1
    outer loop
      vertex -20.9 12.325 23.15
      vertex -24.9 12.825 23.15
      vertex -24.9 12.325 23.15
    endloop
  endfacet
  facet normal -0 0 1
    outer loop
      vertex -24.9 13.475 23.15
      vertex -20.9 12.975 23.15
      vertex -20.9 13.475 23.15
    endloop
  endfacet
  facet normal 0 0 1
    outer loop
      vertex -20.9 12.975 23.15
      vertex -24.9 13.475 23.15
      vertex -24.9 12.975 23.15
    endloop
  endfacet
  facet normal 0 0 1
    outer loop
      vertex -20.9 13.475 23.15
      vertex -20.4 20.075 23.15
      vertex -20.9 19.575 23.15
    endloop
  endfacet
  facet normal 0 0 1
    outer loop
      vertex -20.4 20.075 23.15
      vertex -24.9 19.575 23.15
      vertex -20.9 19.575 23.15
    endloop
  endfacet
  facet normal 0 0 1
    outer loop
      vertex -25.4 20.075 23.15
      vertex -24.9 13.475 23.15
      vertex -24.9 19.575 23.15
    endloop
  endfacet
  facet normal 0 0 1
    outer loop
      vertex -24.9 13.475 23.15
      vertex -25.4 20.075 23.15
      vertex -24.9 12.975 23.15
    endloop
  endfacet
  facet normal 0 0 1
    outer loop
      vertex -24.9 12.975 23.15
      vertex -25.4 20.075 23.15
      vertex -24.9 12.825 23.15
    endloop
  endfacet
  facet normal 0 0 1
    outer loop
      vertex -24.9 12.825 23.15
      vertex -25.4 20.075 23.15
      vertex -24.9 12.325 23.15
    endloop
  endfacet
  facet normal 0 0 1
    outer loop
      vertex -24.9 12.325 23.15
      vertex -25.4 20.075 23.15
      vertex -24.9 6.625 23.15
    endloop
  endfacet
  facet normal 0 0 1
    outer loop
      vertex -24.9 6.625 23.15
      vertex -25.4 20.075 23.15
      vertex -24.9 5.725 23.15
    endloop
  endfacet
  facet normal 0 0 1
    outer loop
      vertex -24.9 5.725 23.15
      vertex -25.4 20.075 23.15
      vertex -24.9 -7.525 23.15
    endloop
  endfacet
  facet normal 0 0 1
    outer loop
      vertex -25.4 -21.475 23.15
      vertex -24.9 -7.525 23.15
      vertex -25.4 20.075 23.15
    endloop
  endfacet
  facet normal 0 0 1
    outer loop
      vertex -24.9 -7.525 23.15
      vertex -25.4 -21.475 23.15
      vertex -24.9 -8.025 23.15
    endloop
  endfacet
  facet normal 0 0 1
    outer loop
      vertex -24.9 -8.025 23.15
      vertex -25.4 -21.475 23.15
      vertex -24.9 -8.125 23.15
    endloop
  endfacet
  facet normal 0 0 1
    outer loop
      vertex -24.9 -8.125 23.15
      vertex -25.4 -21.475 23.15
      vertex -24.9 -8.625 23.15
    endloop
  endfacet
  facet normal 0 0 1
    outer loop
      vertex -24.9 -8.625 23.15
      vertex -25.4 -21.475 23.15
      vertex -24.9 -13.725 23.15
    endloop
  endfacet
  facet normal 0 0 1
    outer loop
      vertex -24.9 -13.725 23.15
      vertex -25.4 -21.475 23.15
      vertex -24.9 -14.225 23.15
    endloop
  endfacet
  facet normal 0 0 1
    outer loop
      vertex -24.9 -14.225 23.15
      vertex -25.4 -21.475 23.15
      vertex -24.9 -14.775 23.15
    endloop
  endfacet
  facet normal 0 0 1
    outer loop
      vertex -24.9 -14.775 23.15
      vertex -25.4 -21.475 23.15
      vertex -24.9 -15.275 23.15
    endloop
  endfacet
  facet normal -0 0 1
    outer loop
      vertex -25.4 20.075 23.15
      vertex -24.9 19.575 23.15
      vertex -20.4 20.075 23.15
    endloop
  endfacet
  facet normal 0 0 1
    outer loop
      vertex -20.9 12.975 23.15
      vertex -20.4 20.075 23.15
      vertex -20.9 13.475 23.15
    endloop
  endfacet
  facet normal 0 0 1
    outer loop
      vertex -20.9 12.825 23.15
      vertex -20.4 20.075 23.15
      vertex -20.9 12.975 23.15
    endloop
  endfacet
  facet normal 0 0 1
    outer loop
      vertex -20.9 12.325 23.15
      vertex -20.4 20.075 23.15
      vertex -20.9 12.825 23.15
    endloop
  endfacet
  facet normal 0 0 1
    outer loop
      vertex -20.9 6.625 23.15
      vertex -20.4 20.075 23.15
      vertex -20.9 12.325 23.15
    endloop
  endfacet
  facet normal 0 0 1
    outer loop
      vertex -20.9 5.725 23.15
      vertex -20.4 20.075 23.15
      vertex -20.9 6.625 23.15
    endloop
  endfacet
  facet normal 0 0 1
    outer loop
      vertex -20.4 20.075 23.15
      vertex -20.9 5.725 23.15
      vertex -20.4 -21.475 23.15
    endloop
  endfacet
  facet normal -0 0 1
    outer loop
      vertex -20.9 -7.525 23.15
      vertex -20.4 -21.475 23.15
      vertex -20.9 5.725 23.15
    endloop
  endfacet
  facet normal -0 0 1
    outer loop
      vertex -20.9 -8.025 23.15
      vertex -20.4 -21.475 23.15
      vertex -20.9 -7.525 23.15
    endloop
  endfacet
  facet normal -0 0 1
    outer loop
      vertex -20.9 -8.125 23.15
      vertex -20.4 -21.475 23.15
      vertex -20.9 -8.025 23.15
    endloop
  endfacet
  facet normal -0 0 1
    outer loop
      vertex -20.9 -8.625 23.15
      vertex -20.4 -21.475 23.15
      vertex -20.9 -8.125 23.15
    endloop
  endfacet
  facet normal -0 0 1
    outer loop
      vertex -20.9 -13.725 23.15
      vertex -20.4 -21.475 23.15
      vertex -20.9 -8.625 23.15
    endloop
  endfacet
  facet normal -0 0 1
    outer loop
      vertex -20.9 -14.225 23.15
      vertex -20.4 -21.475 23.15
      vertex -20.9 -13.725 23.15
    endloop
  endfacet
  facet normal -0 0 1
    outer loop
      vertex -20.9 -14.775 23.15
      vertex -20.4 -21.475 23.15
      vertex -20.9 -14.225 23.15
    endloop
  endfacet
  facet normal -0 0 1
    outer loop
      vertex -20.9 -15.275 23.15
      vertex -20.4 -21.475 23.15
      vertex -20.9 -14.775 23.15
    endloop
  endfacet
  facet normal -0 0 1
    outer loop
      vertex -20.9 -20.975 23.15
      vertex -20.4 -21.475 23.15
      vertex -20.9 -15.275 23.15
    endloop
  endfacet
  facet normal -0 0 1
    outer loop
      vertex -24.9 -20.975 23.15
      vertex -20.4 -21.475 23.15
      vertex -20.9 -20.975 23.15
    endloop
  endfacet
  facet normal 0 0 1
    outer loop
      vertex -24.9 -20.975 23.15
      vertex -25.4 -21.475 23.15
      vertex -20.4 -21.475 23.15
    endloop
  endfacet
  facet normal 0 0 1
    outer loop
      vertex -24.9 -15.275 23.15
      vertex -25.4 -21.475 23.15
      vertex -24.9 -20.975 23.15
    endloop
  endfacet
  facet normal 0 0 -1
    outer loop
      vertex -25.4 -21.475 19.15
      vertex -20.4 20.075 19.15
      vertex -20.4 -21.475 19.15
    endloop
  endfacet
  facet normal -0 0 -1
    outer loop
      vertex -20.4 20.075 19.15
      vertex -25.4 -21.475 19.15
      vertex -25.4 20.075 19.15
    endloop
  endfacet
  facet normal -1 0 0
    outer loop
      vertex -25.4 -21.475 19.15
      vertex -25.4 20.075 23.15
      vertex -25.4 20.075 19.15
    endloop
  endfacet
  facet normal -1 -0 0
    outer loop
      vertex -25.4 20.075 23.15
      vertex -25.4 -21.475 19.15
      vertex -25.4 -21.475 23.15
    endloop
  endfacet
  facet normal 0 1 -0
    outer loop
      vertex -20.4 20.075 19.15
      vertex -25.4 20.075 23.15
      vertex -20.4 20.075 23.15
    endloop
  endfacet
  facet normal 0 1 0
    outer loop
      vertex -25.4 20.075 23.15
      vertex -20.4 20.075 19.15
      vertex -25.4 20.075 19.15
    endloop
  endfacet
  facet normal 0 -1 0
    outer loop
      vertex -24.9 12.325 19.65
      vertex -20.9 12.325 23.15
      vertex -24.9 12.325 23.15
    endloop
  endfacet
  facet normal 0 -1 -0
    outer loop
      vertex -20.9 12.325 23.15
      vertex -24.9 12.325 19.65
      vertex -20.9 12.325 19.65
    endloop
  endfacet
  facet normal -1 0 0
    outer loop
      vertex -20.9 13.475 19.65
      vertex -20.9 19.575 23.15
      vertex -20.9 19.575 19.65
    endloop
  endfacet
  facet normal -1 -0 0
    outer loop
      vertex -20.9 19.575 23.15
      vertex -20.9 13.475 19.65
      vertex -20.9 13.475 23.15
    endloop
  endfacet
  facet normal -1 0 0
    outer loop
      vertex -20.9 12.825 19.65
      vertex -20.9 12.975 23.15
      vertex -20.9 12.975 19.65
    endloop
  endfacet
  facet normal -1 -0 0
    outer loop
      vertex -20.9 12.975 23.15
      vertex -20.9 12.825 19.65
      vertex -20.9 12.825 23.15
    endloop
  endfacet
  facet normal -1 0 0
    outer loop
      vertex -20.9 6.625 19.65
      vertex -20.9 12.325 23.15
      vertex -20.9 12.325 19.65
    endloop
  endfacet
  facet normal -1 -0 0
    outer loop
      vertex -20.9 12.325 23.15
      vertex -20.9 6.625 19.65
      vertex -20.9 6.625 23.15
    endloop
  endfacet
  facet normal -0 0 1
    outer loop
      vertex -24.9 19.575 19.65
      vertex -20.9 13.475 19.65
      vertex -20.9 19.575 19.65
    endloop
  endfacet
  facet normal 0 0 1
    outer loop
      vertex -20.9 13.475 19.65
      vertex -24.9 19.575 19.65
      vertex -24.9 13.475 19.65
    endloop
  endfacet
  facet normal -0 0 1
    outer loop
      vertex -24.9 12.975 19.65
      vertex -20.9 12.825 19.65
      vertex -20.9 12.975 19.65
    endloop
  endfacet
  facet normal 0 0 1
    outer loop
      vertex -20.9 12.825 19.65
      vertex -24.9 12.975 19.65
      vertex -24.9 12.825 19.65
    endloop
  endfacet
  facet normal -0 0 1
    outer loop
      vertex -24.9 12.325 19.65
      vertex -20.9 6.625 19.65
      vertex -20.9 12.325 19.65
    endloop
  endfacet
  facet normal 0 0 1
    outer loop
      vertex -20.9 6.625 19.65
      vertex -24.9 12.325 19.65
      vertex -24.9 6.625 19.65
    endloop
  endfacet
  facet normal 1 -0 0
    outer loop
      vertex -24.9 12.825 23.15
      vertex -24.9 12.975 19.65
      vertex -24.9 12.975 23.15
    endloop
  endfacet
  facet normal 1 0 0
    outer loop
      vertex -24.9 12.975 19.65
      vertex -24.9 12.825 23.15
      vertex -24.9 12.825 19.65
    endloop
  endfacet
  facet normal 1 -0 0
    outer loop
      vertex -24.9 13.475 23.15
      vertex -24.9 19.575 19.65
      vertex -24.9 19.575 23.15
    endloop
  endfacet
  facet normal 1 0 0
    outer loop
      vertex -24.9 19.575 19.65
      vertex -24.9 13.475 23.15
      vertex -24.9 13.475 19.65
    endloop
  endfacet
  facet normal 1 -0 0
    outer loop
      vertex -24.9 6.625 23.15
      vertex -24.9 12.325 19.65
      vertex -24.9 12.325 23.15
    endloop
  endfacet
  facet normal 1 0 0
    outer loop
      vertex -24.9 12.325 19.65
      vertex -24.9 6.625 23.15
      vertex -24.9 6.625 19.65
    endloop
  endfacet
  facet normal 0 -1 0
    outer loop
      vertex -24.9 19.575 19.65
      vertex -20.9 19.575 23.15
      vertex -24.9 19.575 23.15
    endloop
  endfacet
  facet normal 0 -1 -0
    outer loop
      vertex -20.9 19.575 23.15
      vertex -24.9 19.575 19.65
      vertex -20.9 19.575 19.65
    endloop
  endfacet
  facet normal 0 1 -0
    outer loop
      vertex -20.9 12.825 19.65
      vertex -24.9 12.825 23.15
      vertex -20.9 12.825 23.15
    endloop
  endfacet
  facet normal 0 1 0
    outer loop
      vertex -24.9 12.825 23.15
      vertex -20.9 12.825 19.65
      vertex -24.9 12.825 19.65
    endloop
  endfacet
  facet normal 0 1 -0
    outer loop
      vertex -20.9 13.475 19.65
      vertex -24.9 13.475 23.15
      vertex -20.9 13.475 23.15
    endloop
  endfacet
  facet normal 0 1 0
    outer loop
      vertex -24.9 13.475 23.15
      vertex -20.9 13.475 19.65
      vertex -24.9 13.475 19.65
    endloop
  endfacet
  facet normal 0 -1 0
    outer loop
      vertex -24.9 5.725 19.65
      vertex -20.9 5.725 23.15
      vertex -24.9 5.725 23.15
    endloop
  endfacet
  facet normal 0 -1 -0
    outer loop
      vertex -20.9 5.725 23.15
      vertex -24.9 5.725 19.65
      vertex -20.9 5.725 19.65
    endloop
  endfacet
  facet normal 0 -1 0
    outer loop
      vertex -24.9 12.975 19.65
      vertex -20.9 12.975 23.15
      vertex -24.9 12.975 23.15
    endloop
  endfacet
  facet normal 0 -1 -0
    outer loop
      vertex -20.9 12.975 23.15
      vertex -24.9 12.975 19.65
      vertex -20.9 12.975 19.65
    endloop
  endfacet
  facet normal 0 1 -0
    outer loop
      vertex -20.9 6.625 19.65
      vertex -24.9 6.625 23.15
      vertex -20.9 6.625 23.15
    endloop
  endfacet
  facet normal 0 1 0
    outer loop
      vertex -24.9 6.625 23.15
      vertex -20.9 6.625 19.65
      vertex -24.9 6.625 19.65
    endloop
  endfacet
  facet normal 0 -1 0
    outer loop
      vertex -24.9 -8.625 19.65
      vertex -20.9 -8.625 23.15
      vertex -24.9 -8.625 23.15
    endloop
  endfacet
  facet normal 0 -1 -0
    outer loop
      vertex -20.9 -8.625 23.15
      vertex -24.9 -8.625 19.65
      vertex -20.9 -8.625 19.65
    endloop
  endfacet
  facet normal -1 0 0
    outer loop
      vertex -20.9 -8.125 19.65
      vertex -20.9 -8.025 23.15
      vertex -20.9 -8.025 19.65
    endloop
  endfacet
  facet normal -1 -0 0
    outer loop
      vertex -20.9 -8.025 23.15
      vertex -20.9 -8.125 19.65
      vertex -20.9 -8.125 23.15
    endloop
  endfacet
  facet normal -1 0 0
    outer loop
      vertex -20.9 -14.775 19.65
      vertex -20.9 -14.225 23.15
      vertex -20.9 -14.225 19.65
    endloop
  endfacet
  facet normal -1 -0 0
    outer loop
      vertex -20.9 -14.225 23.15
      vertex -20.9 -14.775 19.65
      vertex -20.9 -14.775 23.15
    endloop
  endfacet
  facet normal -1 0 0
    outer loop
      vertex -20.9 -20.975 19.65
      vertex -20.9 -15.275 23.15
      vertex -20.9 -15.275 19.65
    endloop
  endfacet
  facet normal -1 -0 0
    outer loop
      vertex -20.9 -15.275 23.15
      vertex -20.9 -20.975 19.65
      vertex -20.9 -20.975 23.15
    endloop
  endfacet
  facet normal -1 0 0
    outer loop
      vertex -20.9 -7.525 19.65
      vertex -20.9 5.725 23.15
      vertex -20.9 5.725 19.65
    endloop
  endfacet
  facet normal -1 -0 0
    outer loop
      vertex -20.9 5.725 23.15
      vertex -20.9 -7.525 19.65
      vertex -20.9 -7.525 23.15
    endloop
  endfacet
  facet normal -1 0 0
    outer loop
      vertex -20.9 -13.725 19.65
      vertex -20.9 -8.625 23.15
      vertex -20.9 -8.625 19.65
    endloop
  endfacet
  facet normal -1 -0 0
    outer loop
      vertex -20.9 -8.625 23.15
      vertex -20.9 -13.725 19.65
      vertex -20.9 -13.725 23.15
    endloop
  endfacet
  facet normal -0 0 1
    outer loop
      vertex -24.9 -8.025 19.65
      vertex -20.9 -8.125 19.65
      vertex -20.9 -8.025 19.65
    endloop
  endfacet
  facet normal 0 0 1
    outer loop
      vertex -20.9 -8.125 19.65
      vertex -24.9 -8.025 19.65
      vertex -24.9 -8.125 19.65
    endloop
  endfacet
  facet normal -0 0 1
    outer loop
      vertex -24.9 -14.225 19.65
      vertex -20.9 -14.775 19.65
      vertex -20.9 -14.225 19.65
    endloop
  endfacet
  facet normal 0 0 1
    outer loop
      vertex -20.9 -14.775 19.65
      vertex -24.9 -14.225 19.65
      vertex -24.9 -14.775 19.65
    endloop
  endfacet
  facet normal -0 0 1
    outer loop
      vertex -24.9 -15.275 19.65
      vertex -20.9 -20.975 19.65
      vertex -20.9 -15.275 19.65
    endloop
  endfacet
  facet normal 0 0 1
    outer loop
      vertex -20.9 -20.975 19.65
      vertex -24.9 -15.275 19.65
      vertex -24.9 -20.975 19.65
    endloop
  endfacet
  facet normal -0 0 1
    outer loop
      vertex -24.9 5.725 19.65
      vertex -20.9 -7.525 19.65
      vertex -20.9 5.725 19.65
    endloop
  endfacet
  facet normal 0 0 1
    outer loop
      vertex -20.9 -7.525 19.65
      vertex -24.9 5.725 19.65
      vertex -24.9 -7.525 19.65
    endloop
  endfacet
  facet normal -0 0 1
    outer loop
      vertex -24.9 -8.625 19.65
      vertex -20.9 -13.725 19.65
      vertex -20.9 -8.625 19.65
    endloop
  endfacet
  facet normal 0 0 1
    outer loop
      vertex -20.9 -13.725 19.65
      vertex -24.9 -8.625 19.65
      vertex -24.9 -13.725 19.65
    endloop
  endfacet
  facet normal 1 -0 0
    outer loop
      vertex -24.9 -14.775 23.15
      vertex -24.9 -14.225 19.65
      vertex -24.9 -14.225 23.15
    endloop
  endfacet
  facet normal 1 0 0
    outer loop
      vertex -24.9 -14.225 19.65
      vertex -24.9 -14.775 23.15
      vertex -24.9 -14.775 19.65
    endloop
  endfacet
  facet normal 1 -0 0
    outer loop
      vertex -24.9 -8.125 23.15
      vertex -24.9 -8.025 19.65
      vertex -24.9 -8.025 23.15
    endloop
  endfacet
  facet normal 1 0 0
    outer loop
      vertex -24.9 -8.025 19.65
      vertex -24.9 -8.125 23.15
      vertex -24.9 -8.125 19.65
    endloop
  endfacet
  facet normal 1 -0 0
    outer loop
      vertex -24.9 -20.975 23.15
      vertex -24.9 -15.275 19.65
      vertex -24.9 -15.275 23.15
    endloop
  endfacet
  facet normal 1 0 0
    outer loop
      vertex -24.9 -15.275 19.65
      vertex -24.9 -20.975 23.15
      vertex -24.9 -20.975 19.65
    endloop
  endfacet
  facet normal 1 -0 0
    outer loop
      vertex -24.9 -7.525 23.15
      vertex -24.9 5.725 19.65
      vertex -24.9 5.725 23.15
    endloop
  endfacet
  facet normal 1 0 0
    outer loop
      vertex -24.9 5.725 19.65
      vertex -24.9 -7.525 23.15
      vertex -24.9 -7.525 19.65
    endloop
  endfacet
  facet normal 1 -0 0
    outer loop
      vertex -24.9 -13.725 23.15
      vertex -24.9 -8.625 19.65
      vertex -24.9 -8.625 23.15
    endloop
  endfacet
  facet normal 1 0 0
    outer loop
      vertex -24.9 -8.625 19.65
      vertex -24.9 -13.725 23.15
      vertex -24.9 -13.725 19.65
    endloop
  endfacet
  facet normal 0 1 -0
    outer loop
      vertex -20.9 -8.125 19.65
      vertex -24.9 -8.125 23.15
      vertex -20.9 -8.125 23.15
    endloop
  endfacet
  facet normal 0 1 0
    outer loop
      vertex -24.9 -8.125 23.15
      vertex -20.9 -8.125 19.65
      vertex -24.9 -8.125 19.65
    endloop
  endfacet
  facet normal 0 1 -0
    outer loop
      vertex -20.9 -7.525 19.65
      vertex -24.9 -7.525 23.15
      vertex -20.9 -7.525 23.15
    endloop
  endfacet
  facet normal 0 1 0
    outer loop
      vertex -24.9 -7.525 23.15
      vertex -20.9 -7.525 19.65
      vertex -24.9 -7.525 19.65
    endloop
  endfacet
  facet normal 0 -1 0
    outer loop
      vertex -24.9 -15.275 19.65
      vertex -20.9 -15.275 23.15
      vertex -24.9 -15.275 23.15
    endloop
  endfacet
  facet normal 0 -1 -0
    outer loop
      vertex -20.9 -15.275 23.15
      vertex -24.9 -15.275 19.65
      vertex -20.9 -15.275 19.65
    endloop
  endfacet
  facet normal 0 -1 0
    outer loop
      vertex -24.9 -8.025 19.65
      vertex -20.9 -8.025 23.15
      vertex -24.9 -8.025 23.15
    endloop
  endfacet
  facet normal 0 -1 -0
    outer loop
      vertex -20.9 -8.025 23.15
      vertex -24.9 -8.025 19.65
      vertex -20.9 -8.025 19.65
    endloop
  endfacet
  facet normal 0 1 -0
    outer loop
      vertex -20.9 -14.775 19.65
      vertex -24.9 -14.775 23.15
      vertex -20.9 -14.775 23.15
    endloop
  endfacet
  facet normal 0 1 0
    outer loop
      vertex -24.9 -14.775 23.15
      vertex -20.9 -14.775 19.65
      vertex -24.9 -14.775 19.65
    endloop
  endfacet
  facet normal 0 1 -0
    outer loop
      vertex -20.9 -13.725 19.65
      vertex -24.9 -13.725 23.15
      vertex -20.9 -13.725 23.15
    endloop
  endfacet
  facet normal 0 1 0
    outer loop
      vertex -24.9 -13.725 23.15
      vertex -20.9 -13.725 19.65
      vertex -24.9 -13.725 19.65
    endloop
  endfacet
  facet normal 0 -1 0
    outer loop
      vertex -25.4 -21.475 19.15
      vertex -20.4 -21.475 23.15
      vertex -25.4 -21.475 23.15
    endloop
  endfacet
  facet normal 0 -1 -0
    outer loop
      vertex -20.4 -21.475 23.15
      vertex -25.4 -21.475 19.15
      vertex -20.4 -21.475 19.15
    endloop
  endfacet
  facet normal 0 -1 0
    outer loop
      vertex -24.9 -14.225 19.65
      vertex -20.9 -14.225 23.15
      vertex -24.9 -14.225 23.15
    endloop
  endfacet
  facet normal 0 -1 -0
    outer loop
      vertex -20.9 -14.225 23.15
      vertex -24.9 -14.225 19.65
      vertex -20.9 -14.225 19.65
    endloop
  endfacet
  facet normal 0 1 -0
    outer loop
      vertex -20.9 -20.975 19.65
      vertex -24.9 -20.975 23.15
      vertex -20.9 -20.975 23.15
    endloop
  endfacet
  facet normal 0 1 0
    outer loop
      vertex -24.9 -20.975 23.15
      vertex -20.9 -20.975 19.65
      vertex -24.9 -20.975 19.65
    endloop
  endfacet
  facet normal 0.951017 0.309138 0
    outer loop
      vertex 29.0362 -19.2998 31.15
      vertex 28.955 -19.05 28.15
      vertex 28.955 -19.05 31.15
    endloop
  endfacet
  facet normal 0.951017 0.309138 0
    outer loop
      vertex 28.955 -19.05 28.15
      vertex 29.0362 -19.2998 31.15
      vertex 29.0362 -19.2998 28.15
    endloop
  endfacet
  facet normal -0.587809 -0.808999 0
    outer loop
      vertex 29.5113 -18.6458 28.15
      vertex 29.7238 -18.8002 31.15
      vertex 29.5113 -18.6458 31.15
    endloop
  endfacet
  facet normal -0.587809 -0.808999 -0
    outer loop
      vertex 29.7238 -18.8002 31.15
      vertex 29.5113 -18.6458 28.15
      vertex 29.7238 -18.8002 28.15
    endloop
  endfacet
  facet normal -0.951017 -0.309138 0
    outer loop
      vertex 29.805 -19.05 28.15
      vertex 29.7238 -18.8002 31.15
      vertex 29.7238 -18.8002 28.15
    endloop
  endfacet
  facet normal -0.951017 -0.309138 0
    outer loop
      vertex 29.7238 -18.8002 31.15
      vertex 29.805 -19.05 28.15
      vertex 29.805 -19.05 31.15
    endloop
  endfacet
  facet normal 0 -1 0
    outer loop
      vertex 29.2487 -18.6458 28.15
      vertex 29.5113 -18.6458 31.15
      vertex 29.2487 -18.6458 31.15
    endloop
  endfacet
  facet normal 0 -1 -0
    outer loop
      vertex 29.5113 -18.6458 31.15
      vertex 29.2487 -18.6458 28.15
      vertex 29.5113 -18.6458 28.15
    endloop
  endfacet
  facet normal -0.587809 0.808999 0
    outer loop
      vertex 29.7238 -19.2998 28.15
      vertex 29.5113 -19.4542 31.15
      vertex 29.7238 -19.2998 31.15
    endloop
  endfacet
  facet normal -0.587809 0.808999 0
    outer loop
      vertex 29.5113 -19.4542 31.15
      vertex 29.7238 -19.2998 28.15
      vertex 29.5113 -19.4542 28.15
    endloop
  endfacet
  facet normal 0.587809 -0.808999 0
    outer loop
      vertex 29.0362 -18.8002 28.15
      vertex 29.2487 -18.6458 31.15
      vertex 29.0362 -18.8002 31.15
    endloop
  endfacet
  facet normal 0.587809 -0.808999 0
    outer loop
      vertex 29.2487 -18.6458 31.15
      vertex 29.0362 -18.8002 28.15
      vertex 29.2487 -18.6458 28.15
    endloop
  endfacet
  facet normal 0.951017 -0.309138 0
    outer loop
      vertex 28.955 -19.05 31.15
      vertex 29.0362 -18.8002 28.15
      vertex 29.0362 -18.8002 31.15
    endloop
  endfacet
  facet normal 0.951017 -0.309138 0
    outer loop
      vertex 29.0362 -18.8002 28.15
      vertex 28.955 -19.05 31.15
      vertex 28.955 -19.05 28.15
    endloop
  endfacet
  facet normal -0.951017 0.309138 0
    outer loop
      vertex 29.7238 -19.2998 28.15
      vertex 29.805 -19.05 31.15
      vertex 29.805 -19.05 28.15
    endloop
  endfacet
  facet normal -0.951017 0.309138 0
    outer loop
      vertex 29.805 -19.05 31.15
      vertex 29.7238 -19.2998 28.15
      vertex 29.7238 -19.2998 31.15
    endloop
  endfacet
  facet normal 0 1 -0
    outer loop
      vertex 29.5113 -19.4542 28.15
      vertex 29.2487 -19.4542 31.15
      vertex 29.5113 -19.4542 31.15
    endloop
  endfacet
  facet normal 0 1 0
    outer loop
      vertex 29.2487 -19.4542 31.15
      vertex 29.5113 -19.4542 28.15
      vertex 29.2487 -19.4542 28.15
    endloop
  endfacet
  facet normal 0 0 1
    outer loop
      vertex 29.7238 -18.8002 28.15
      vertex 29.7238 -19.2998 28.15
      vertex 29.805 -19.05 28.15
    endloop
  endfacet
  facet normal 0 0 1
    outer loop
      vertex 29.5113 -18.6458 28.15
      vertex 29.7238 -19.2998 28.15
      vertex 29.7238 -18.8002 28.15
    endloop
  endfacet
  facet normal 0 0 1
    outer loop
      vertex 29.5113 -18.6458 28.15
      vertex 29.5113 -19.4542 28.15
      vertex 29.7238 -19.2998 28.15
    endloop
  endfacet
  facet normal -0 0 1
    outer loop
      vertex 29.2487 -18.6458 28.15
      vertex 29.5113 -19.4542 28.15
      vertex 29.5113 -18.6458 28.15
    endloop
  endfacet
  facet normal 0 0 1
    outer loop
      vertex 29.2487 -18.6458 28.15
      vertex 29.2487 -19.4542 28.15
      vertex 29.5113 -19.4542 28.15
    endloop
  endfacet
  facet normal -0 0 1
    outer loop
      vertex 29.0362 -18.8002 28.15
      vertex 29.2487 -19.4542 28.15
      vertex 29.2487 -18.6458 28.15
    endloop
  endfacet
  facet normal 0 0 1
    outer loop
      vertex 29.0362 -18.8002 28.15
      vertex 29.0362 -19.2998 28.15
      vertex 29.2487 -19.4542 28.15
    endloop
  endfacet
  facet normal 0 -0 1
    outer loop
      vertex 29.0362 -19.2998 28.15
      vertex 29.0362 -18.8002 28.15
      vertex 28.955 -19.05 28.15
    endloop
  endfacet
  facet normal 0.587809 0.808999 -0
    outer loop
      vertex 29.2487 -19.4542 28.15
      vertex 29.0362 -19.2998 31.15
      vertex 29.2487 -19.4542 31.15
    endloop
  endfacet
  facet normal 0.587809 0.808999 0
    outer loop
      vertex 29.0362 -19.2998 31.15
      vertex 29.2487 -19.4542 28.15
      vertex 29.0362 -19.2998 28.15
    endloop
  endfacet
  facet normal 0.951017 0.309138 0
    outer loop
      vertex 29.0362 -16.7598 31.15
      vertex 28.955 -16.51 28.15
      vertex 28.955 -16.51 31.15
    endloop
  endfacet
  facet normal 0.951017 0.309138 0
    outer loop
      vertex 28.955 -16.51 28.15
      vertex 29.0362 -16.7598 31.15
      vertex 29.0362 -16.7598 28.15
    endloop
  endfacet
  facet normal -0.587809 -0.808999 0
    outer loop
      vertex 29.5113 -16.1058 28.15
      vertex 29.7238 -16.2602 31.15
      vertex 29.5113 -16.1058 31.15
    endloop
  endfacet
  facet normal -0.587809 -0.808999 -0
    outer loop
      vertex 29.7238 -16.2602 31.15
      vertex 29.5113 -16.1058 28.15
      vertex 29.7238 -16.2602 28.15
    endloop
  endfacet
  facet normal -0.951017 -0.309138 0
    outer loop
      vertex 29.805 -16.51 28.15
      vertex 29.7238 -16.2602 31.15
      vertex 29.7238 -16.2602 28.15
    endloop
  endfacet
  facet normal -0.951017 -0.309138 0
    outer loop
      vertex 29.7238 -16.2602 31.15
      vertex 29.805 -16.51 28.15
      vertex 29.805 -16.51 31.15
    endloop
  endfacet
  facet normal 0 -1 0
    outer loop
      vertex 29.2487 -16.1058 28.15
      vertex 29.5113 -16.1058 31.15
      vertex 29.2487 -16.1058 31.15
    endloop
  endfacet
  facet normal 0 -1 -0
    outer loop
      vertex 29.5113 -16.1058 31.15
      vertex 29.2487 -16.1058 28.15
      vertex 29.5113 -16.1058 28.15
    endloop
  endfacet
  facet normal -0.587809 0.808999 0
    outer loop
      vertex 29.7238 -16.7598 28.15
      vertex 29.5113 -16.9142 31.15
      vertex 29.7238 -16.7598 31.15
    endloop
  endfacet
  facet normal -0.587809 0.808999 0
    outer loop
      vertex 29.5113 -16.9142 31.15
      vertex 29.7238 -16.7598 28.15
      vertex 29.5113 -16.9142 28.15
    endloop
  endfacet
  facet normal 0.587809 -0.808999 0
    outer loop
      vertex 29.0362 -16.2602 28.15
      vertex 29.2487 -16.1058 31.15
      vertex 29.0362 -16.2602 31.15
    endloop
  endfacet
  facet normal 0.587809 -0.808999 0
    outer loop
      vertex 29.2487 -16.1058 31.15
      vertex 29.0362 -16.2602 28.15
      vertex 29.2487 -16.1058 28.15
    endloop
  endfacet
  facet normal 0.951017 -0.309138 0
    outer loop
      vertex 28.955 -16.51 31.15
      vertex 29.0362 -16.2602 28.15
      vertex 29.0362 -16.2602 31.15
    endloop
  endfacet
  facet normal 0.951017 -0.309138 0
    outer loop
      vertex 29.0362 -16.2602 28.15
      vertex 28.955 -16.51 31.15
      vertex 28.955 -16.51 28.15
    endloop
  endfacet
  facet normal -0.951017 0.309138 0
    outer loop
      vertex 29.7238 -16.7598 28.15
      vertex 29.805 -16.51 31.15
      vertex 29.805 -16.51 28.15
    endloop
  endfacet
  facet normal -0.951017 0.309138 0
    outer loop
      vertex 29.805 -16.51 31.15
      vertex 29.7238 -16.7598 28.15
      vertex 29.7238 -16.7598 31.15
    endloop
  endfacet
  facet normal 0 1 -0
    outer loop
      vertex 29.5113 -16.9142 28.15
      vertex 29.2487 -16.9142 31.15
      vertex 29.5113 -16.9142 31.15
    endloop
  endfacet
  facet normal 0 1 0
    outer loop
      vertex 29.2487 -16.9142 31.15
      vertex 29.5113 -16.9142 28.15
      vertex 29.2487 -16.9142 28.15
    endloop
  endfacet
  facet normal 0 0 1
    outer loop
      vertex 29.7238 -16.2602 28.15
      vertex 29.7238 -16.7598 28.15
      vertex 29.805 -16.51 28.15
    endloop
  endfacet
  facet normal 0 0 1
    outer loop
      vertex 29.5113 -16.1058 28.15
      vertex 29.7238 -16.7598 28.15
      vertex 29.7238 -16.2602 28.15
    endloop
  endfacet
  facet normal 0 0 1
    outer loop
      vertex 29.5113 -16.1058 28.15
      vertex 29.5113 -16.9142 28.15
      vertex 29.7238 -16.7598 28.15
    endloop
  endfacet
  facet normal -0 0 1
    outer loop
      vertex 29.2487 -16.1058 28.15
      vertex 29.5113 -16.9142 28.15
      vertex 29.5113 -16.1058 28.15
    endloop
  endfacet
  facet normal 0 0 1
    outer loop
      vertex 29.2487 -16.1058 28.15
      vertex 29.2487 -16.9142 28.15
      vertex 29.5113 -16.9142 28.15
    endloop
  endfacet
  facet normal -0 0 1
    outer loop
      vertex 29.0362 -16.2602 28.15
      vertex 29.2487 -16.9142 28.15
      vertex 29.2487 -16.1058 28.15
    endloop
  endfacet
  facet normal 0 0 1
    outer loop
      vertex 29.0362 -16.2602 28.15
      vertex 29.0362 -16.7598 28.15
      vertex 29.2487 -16.9142 28.15
    endloop
  endfacet
  facet normal 0 -0 1
    outer loop
      vertex 29.0362 -16.7598 28.15
      vertex 29.0362 -16.2602 28.15
      vertex 28.955 -16.51 28.15
    endloop
  endfacet
  facet normal 0.587809 0.808999 -0
    outer loop
      vertex 29.2487 -16.9142 28.15
      vertex 29.0362 -16.7598 31.15
      vertex 29.2487 -16.9142 31.15
    endloop
  endfacet
  facet normal 0.587809 0.808999 0
    outer loop
      vertex 29.0362 -16.7598 31.15
      vertex 29.2487 -16.9142 28.15
      vertex 29.0362 -16.7598 28.15
    endloop
  endfacet
  facet normal 0.951017 0.309138 0
    outer loop
      vertex 29.0362 -14.2198 31.15
      vertex 28.955 -13.97 28.15
      vertex 28.955 -13.97 31.15
    endloop
  endfacet
  facet normal 0.951017 0.309138 0
    outer loop
      vertex 28.955 -13.97 28.15
      vertex 29.0362 -14.2198 31.15
      vertex 29.0362 -14.2198 28.15
    endloop
  endfacet
  facet normal -0.587809 -0.808999 0
    outer loop
      vertex 29.5113 -13.5658 28.15
      vertex 29.7238 -13.7202 31.15
      vertex 29.5113 -13.5658 31.15
    endloop
  endfacet
  facet normal -0.587809 -0.808999 -0
    outer loop
      vertex 29.7238 -13.7202 31.15
      vertex 29.5113 -13.5658 28.15
      vertex 29.7238 -13.7202 28.15
    endloop
  endfacet
  facet normal -0.951017 -0.309138 0
    outer loop
      vertex 29.805 -13.97 28.15
      vertex 29.7238 -13.7202 31.15
      vertex 29.7238 -13.7202 28.15
    endloop
  endfacet
  facet normal -0.951017 -0.309138 0
    outer loop
      vertex 29.7238 -13.7202 31.15
      vertex 29.805 -13.97 28.15
      vertex 29.805 -13.97 31.15
    endloop
  endfacet
  facet normal 0 -1 0
    outer loop
      vertex 29.2487 -13.5658 28.15
      vertex 29.5113 -13.5658 31.15
      vertex 29.2487 -13.5658 31.15
    endloop
  endfacet
  facet normal 0 -1 -0
    outer loop
      vertex 29.5113 -13.5658 31.15
      vertex 29.2487 -13.5658 28.15
      vertex 29.5113 -13.5658 28.15
    endloop
  endfacet
  facet normal -0.587809 0.808999 0
    outer loop
      vertex 29.7238 -14.2198 28.15
      vertex 29.5113 -14.3742 31.15
      vertex 29.7238 -14.2198 31.15
    endloop
  endfacet
  facet normal -0.587809 0.808999 0
    outer loop
      vertex 29.5113 -14.3742 31.15
      vertex 29.7238 -14.2198 28.15
      vertex 29.5113 -14.3742 28.15
    endloop
  endfacet
  facet normal 0.587809 -0.808999 0
    outer loop
      vertex 29.0362 -13.7202 28.15
      vertex 29.2487 -13.5658 31.15
      vertex 29.0362 -13.7202 31.15
    endloop
  endfacet
  facet normal 0.587809 -0.808999 0
    outer loop
      vertex 29.2487 -13.5658 31.15
      vertex 29.0362 -13.7202 28.15
      vertex 29.2487 -13.5658 28.15
    endloop
  endfacet
  facet normal 0.951017 -0.309138 0
    outer loop
      vertex 28.955 -13.97 31.15
      vertex 29.0362 -13.7202 28.15
      vertex 29.0362 -13.7202 31.15
    endloop
  endfacet
  facet normal 0.951017 -0.309138 0
    outer loop
      vertex 29.0362 -13.7202 28.15
      vertex 28.955 -13.97 31.15
      vertex 28.955 -13.97 28.15
    endloop
  endfacet
  facet normal -0.951017 0.309138 0
    outer loop
      vertex 29.7238 -14.2198 28.15
      vertex 29.805 -13.97 31.15
      vertex 29.805 -13.97 28.15
    endloop
  endfacet
  facet normal -0.951017 0.309138 0
    outer loop
      vertex 29.805 -13.97 31.15
      vertex 29.7238 -14.2198 28.15
      vertex 29.7238 -14.2198 31.15
    endloop
  endfacet
  facet normal 0 1 -0
    outer loop
      vertex 29.5113 -14.3742 28.15
      vertex 29.2487 -14.3742 31.15
      vertex 29.5113 -14.3742 31.15
    endloop
  endfacet
  facet normal 0 1 0
    outer loop
      vertex 29.2487 -14.3742 31.15
      vertex 29.5113 -14.3742 28.15
      vertex 29.2487 -14.3742 28.15
    endloop
  endfacet
  facet normal 0 0 1
    outer loop
      vertex 29.7238 -13.7202 28.15
      vertex 29.7238 -14.2198 28.15
      vertex 29.805 -13.97 28.15
    endloop
  endfacet
  facet normal 0 0 1
    outer loop
      vertex 29.5113 -13.5658 28.15
      vertex 29.7238 -14.2198 28.15
      vertex 29.7238 -13.7202 28.15
    endloop
  endfacet
  facet normal 0 0 1
    outer loop
      vertex 29.5113 -13.5658 28.15
      vertex 29.5113 -14.3742 28.15
      vertex 29.7238 -14.2198 28.15
    endloop
  endfacet
  facet normal -0 0 1
    outer loop
      vertex 29.2487 -13.5658 28.15
      vertex 29.5113 -14.3742 28.15
      vertex 29.5113 -13.5658 28.15
    endloop
  endfacet
  facet normal 0 0 1
    outer loop
      vertex 29.2487 -13.5658 28.15
      vertex 29.2487 -14.3742 28.15
      vertex 29.5113 -14.3742 28.15
    endloop
  endfacet
  facet normal -0 0 1
    outer loop
      vertex 29.0362 -13.7202 28.15
      vertex 29.2487 -14.3742 28.15
      vertex 29.2487 -13.5658 28.15
    endloop
  endfacet
  facet normal 0 0 1
    outer loop
      vertex 29.0362 -13.7202 28.15
      vertex 29.0362 -14.2198 28.15
      vertex 29.2487 -14.3742 28.15
    endloop
  endfacet
  facet normal 0 -0 1
    outer loop
      vertex 29.0362 -14.2198 28.15
      vertex 29.0362 -13.7202 28.15
      vertex 28.955 -13.97 28.15
    endloop
  endfacet
  facet normal 0.587809 0.808999 -0
    outer loop
      vertex 29.2487 -14.3742 28.15
      vertex 29.0362 -14.2198 31.15
      vertex 29.2487 -14.3742 31.15
    endloop
  endfacet
  facet normal 0.587809 0.808999 0
    outer loop
      vertex 29.0362 -14.2198 31.15
      vertex 29.2487 -14.3742 28.15
      vertex 29.0362 -14.2198 28.15
    endloop
  endfacet
  facet normal 0.951017 0.309138 0
    outer loop
      vertex 29.0362 -11.6798 31.15
      vertex 28.955 -11.43 28.15
      vertex 28.955 -11.43 31.15
    endloop
  endfacet
  facet normal 0.951017 0.309138 0
    outer loop
      vertex 28.955 -11.43 28.15
      vertex 29.0362 -11.6798 31.15
      vertex 29.0362 -11.6798 28.15
    endloop
  endfacet
  facet normal -0.587809 -0.808999 0
    outer loop
      vertex 29.5113 -11.0258 28.15
      vertex 29.7238 -11.1802 31.15
      vertex 29.5113 -11.0258 31.15
    endloop
  endfacet
  facet normal -0.587809 -0.808999 -0
    outer loop
      vertex 29.7238 -11.1802 31.15
      vertex 29.5113 -11.0258 28.15
      vertex 29.7238 -11.1802 28.15
    endloop
  endfacet
  facet normal -0.951017 -0.309138 0
    outer loop
      vertex 29.805 -11.43 28.15
      vertex 29.7238 -11.1802 31.15
      vertex 29.7238 -11.1802 28.15
    endloop
  endfacet
  facet normal -0.951017 -0.309138 0
    outer loop
      vertex 29.7238 -11.1802 31.15
      vertex 29.805 -11.43 28.15
      vertex 29.805 -11.43 31.15
    endloop
  endfacet
  facet normal 0 -1 0
    outer loop
      vertex 29.2487 -11.0258 28.15
      vertex 29.5113 -11.0258 31.15
      vertex 29.2487 -11.0258 31.15
    endloop
  endfacet
  facet normal 0 -1 -0
    outer loop
      vertex 29.5113 -11.0258 31.15
      vertex 29.2487 -11.0258 28.15
      vertex 29.5113 -11.0258 28.15
    endloop
  endfacet
  facet normal -0.587809 0.808999 0
    outer loop
      vertex 29.7238 -11.6798 28.15
      vertex 29.5113 -11.8342 31.15
      vertex 29.7238 -11.6798 31.15
    endloop
  endfacet
  facet normal -0.587809 0.808999 0
    outer loop
      vertex 29.5113 -11.8342 31.15
      vertex 29.7238 -11.6798 28.15
      vertex 29.5113 -11.8342 28.15
    endloop
  endfacet
  facet normal 0.587809 0.808999 -0
    outer loop
      vertex 29.2487 -11.8342 28.15
      vertex 29.0362 -11.6798 31.15
      vertex 29.2487 -11.8342 31.15
    endloop
  endfacet
  facet normal 0.587809 0.808999 0
    outer loop
      vertex 29.0362 -11.6798 31.15
      vertex 29.2487 -11.8342 28.15
      vertex 29.0362 -11.6798 28.15
    endloop
  endfacet
  facet normal -0.951017 0.309138 0
    outer loop
      vertex 29.7238 -11.6798 28.15
      vertex 29.805 -11.43 31.15
      vertex 29.805 -11.43 28.15
    endloop
  endfacet
  facet normal -0.951017 0.309138 0
    outer loop
      vertex 29.805 -11.43 31.15
      vertex 29.7238 -11.6798 28.15
      vertex 29.7238 -11.6798 31.15
    endloop
  endfacet
  facet normal 0.587809 -0.808999 0
    outer loop
      vertex 29.0362 -11.1802 28.15
      vertex 29.2487 -11.0258 31.15
      vertex 29.0362 -11.1802 31.15
    endloop
  endfacet
  facet normal 0.587809 -0.808999 0
    outer loop
      vertex 29.2487 -11.0258 31.15
      vertex 29.0362 -11.1802 28.15
      vertex 29.2487 -11.0258 28.15
    endloop
  endfacet
  facet normal 0 1 -0
    outer loop
      vertex 29.5113 -11.8342 28.15
      vertex 29.2487 -11.8342 31.15
      vertex 29.5113 -11.8342 31.15
    endloop
  endfacet
  facet normal 0 1 0
    outer loop
      vertex 29.2487 -11.8342 31.15
      vertex 29.5113 -11.8342 28.15
      vertex 29.2487 -11.8342 28.15
    endloop
  endfacet
  facet normal 0.951017 -0.309138 0
    outer loop
      vertex 28.955 -11.43 31.15
      vertex 29.0362 -11.1802 28.15
      vertex 29.0362 -11.1802 31.15
    endloop
  endfacet
  facet normal 0.951017 -0.309138 0
    outer loop
      vertex 29.0362 -11.1802 28.15
      vertex 28.955 -11.43 31.15
      vertex 28.955 -11.43 28.15
    endloop
  endfacet
  facet normal 0 0 1
    outer loop
      vertex 29.7238 -11.1802 28.15
      vertex 29.7238 -11.6798 28.15
      vertex 29.805 -11.43 28.15
    endloop
  endfacet
  facet normal 0 0 1
    outer loop
      vertex 29.5113 -11.0258 28.15
      vertex 29.7238 -11.6798 28.15
      vertex 29.7238 -11.1802 28.15
    endloop
  endfacet
  facet normal 0 0 1
    outer loop
      vertex 29.5113 -11.0258 28.15
      vertex 29.5113 -11.8342 28.15
      vertex 29.7238 -11.6798 28.15
    endloop
  endfacet
  facet normal -0 0 1
    outer loop
      vertex 29.2487 -11.0258 28.15
      vertex 29.5113 -11.8342 28.15
      vertex 29.5113 -11.0258 28.15
    endloop
  endfacet
  facet normal 0 0 1
    outer loop
      vertex 29.2487 -11.0258 28.15
      vertex 29.2487 -11.8342 28.15
      vertex 29.5113 -11.8342 28.15
    endloop
  endfacet
  facet normal -0 0 1
    outer loop
      vertex 29.0362 -11.1802 28.15
      vertex 29.2487 -11.8342 28.15
      vertex 29.2487 -11.0258 28.15
    endloop
  endfacet
  facet normal 0 0 1
    outer loop
      vertex 29.0362 -11.1802 28.15
      vertex 29.0362 -11.6798 28.15
      vertex 29.2487 -11.8342 28.15
    endloop
  endfacet
  facet normal 0 -0 1
    outer loop
      vertex 29.0362 -11.6798 28.15
      vertex 29.0362 -11.1802 28.15
      vertex 28.955 -11.43 28.15
    endloop
  endfacet
  facet normal 0.951021 0.309127 0
    outer loop
      vertex 29.0362 -9.13981 31.15
      vertex 28.955 -8.89 28.15
      vertex 28.955 -8.89 31.15
    endloop
  endfacet
  facet normal 0.951021 0.309127 0
    outer loop
      vertex 28.955 -8.89 28.15
      vertex 29.0362 -9.13981 31.15
      vertex 29.0362 -9.13981 28.15
    endloop
  endfacet
  facet normal -0.587785 -0.809018 0
    outer loop
      vertex 29.5113 -8.4858 28.15
      vertex 29.7238 -8.64019 31.15
      vertex 29.5113 -8.4858 31.15
    endloop
  endfacet
  facet normal -0.587785 -0.809018 -0
    outer loop
      vertex 29.7238 -8.64019 31.15
      vertex 29.5113 -8.4858 28.15
      vertex 29.7238 -8.64019 28.15
    endloop
  endfacet
  facet normal -0.951021 -0.309127 0
    outer loop
      vertex 29.805 -8.89 28.15
      vertex 29.7238 -8.64019 31.15
      vertex 29.7238 -8.64019 28.15
    endloop
  endfacet
  facet normal -0.951021 -0.309127 0
    outer loop
      vertex 29.7238 -8.64019 31.15
      vertex 29.805 -8.89 28.15
      vertex 29.805 -8.89 31.15
    endloop
  endfacet
  facet normal 0 -1 0
    outer loop
      vertex 29.2487 -8.4858 28.15
      vertex 29.5113 -8.4858 31.15
      vertex 29.2487 -8.4858 31.15
    endloop
  endfacet
  facet normal 0 -1 -0
    outer loop
      vertex 29.5113 -8.4858 31.15
      vertex 29.2487 -8.4858 28.15
      vertex 29.5113 -8.4858 28.15
    endloop
  endfacet
  facet normal 0.587785 0.809018 -0
    outer loop
      vertex 29.2487 -9.2942 28.15
      vertex 29.0362 -9.13981 31.15
      vertex 29.2487 -9.2942 31.15
    endloop
  endfacet
  facet normal 0.587785 0.809018 0
    outer loop
      vertex 29.0362 -9.13981 31.15
      vertex 29.2487 -9.2942 28.15
      vertex 29.0362 -9.13981 28.15
    endloop
  endfacet
  facet normal -0.951021 0.309127 0
    outer loop
      vertex 29.7238 -9.13981 28.15
      vertex 29.805 -8.89 31.15
      vertex 29.805 -8.89 28.15
    endloop
  endfacet
  facet normal -0.951021 0.309127 0
    outer loop
      vertex 29.805 -8.89 31.15
      vertex 29.7238 -9.13981 28.15
      vertex 29.7238 -9.13981 31.15
    endloop
  endfacet
  facet normal 0.587785 -0.809018 0
    outer loop
      vertex 29.0362 -8.64019 28.15
      vertex 29.2487 -8.4858 31.15
      vertex 29.0362 -8.64019 31.15
    endloop
  endfacet
  facet normal 0.587785 -0.809018 0
    outer loop
      vertex 29.2487 -8.4858 31.15
      vertex 29.0362 -8.64019 28.15
      vertex 29.2487 -8.4858 28.15
    endloop
  endfacet
  facet normal 0 1 -0
    outer loop
      vertex 29.5113 -9.2942 28.15
      vertex 29.2487 -9.2942 31.15
      vertex 29.5113 -9.2942 31.15
    endloop
  endfacet
  facet normal 0 1 0
    outer loop
      vertex 29.2487 -9.2942 31.15
      vertex 29.5113 -9.2942 28.15
      vertex 29.2487 -9.2942 28.15
    endloop
  endfacet
  facet normal -0.587785 0.809018 0
    outer loop
      vertex 29.7238 -9.13981 28.15
      vertex 29.5113 -9.2942 31.15
      vertex 29.7238 -9.13981 31.15
    endloop
  endfacet
  facet normal -0.587785 0.809018 0
    outer loop
      vertex 29.5113 -9.2942 31.15
      vertex 29.7238 -9.13981 28.15
      vertex 29.5113 -9.2942 28.15
    endloop
  endfacet
  facet normal 0.951021 -0.309127 0
    outer loop
      vertex 28.955 -8.89 31.15
      vertex 29.0362 -8.64019 28.15
      vertex 29.0362 -8.64019 31.15
    endloop
  endfacet
  facet normal 0.951021 -0.309127 0
    outer loop
      vertex 29.0362 -8.64019 28.15
      vertex 28.955 -8.89 31.15
      vertex 28.955 -8.89 28.15
    endloop
  endfacet
  facet normal 0 0 1
    outer loop
      vertex 29.7238 -8.64019 28.15
      vertex 29.7238 -9.13981 28.15
      vertex 29.805 -8.89 28.15
    endloop
  endfacet
  facet normal 0 0 1
    outer loop
      vertex 29.5113 -8.4858 28.15
      vertex 29.7238 -9.13981 28.15
      vertex 29.7238 -8.64019 28.15
    endloop
  endfacet
  facet normal 0 0 1
    outer loop
      vertex 29.5113 -8.4858 28.15
      vertex 29.5113 -9.2942 28.15
      vertex 29.7238 -9.13981 28.15
    endloop
  endfacet
  facet normal -0 0 1
    outer loop
      vertex 29.2487 -8.4858 28.15
      vertex 29.5113 -9.2942 28.15
      vertex 29.5113 -8.4858 28.15
    endloop
  endfacet
  facet normal 0 0 1
    outer loop
      vertex 29.2487 -8.4858 28.15
      vertex 29.2487 -9.2942 28.15
      vertex 29.5113 -9.2942 28.15
    endloop
  endfacet
  facet normal -0 0 1
    outer loop
      vertex 29.0362 -8.64019 28.15
      vertex 29.2487 -9.2942 28.15
      vertex 29.2487 -8.4858 28.15
    endloop
  endfacet
  facet normal 0 0 1
    outer loop
      vertex 29.0362 -8.64019 28.15
      vertex 29.0362 -9.13981 28.15
      vertex 29.2487 -9.2942 28.15
    endloop
  endfacet
  facet normal 0 -0 1
    outer loop
      vertex 29.0362 -9.13981 28.15
      vertex 29.0362 -8.64019 28.15
      vertex 28.955 -8.89 28.15
    endloop
  endfacet
  facet normal 0.587785 0.809018 -0
    outer loop
      vertex 29.2487 -6.7542 28.15
      vertex 29.0362 -6.59981 31.15
      vertex 29.2487 -6.7542 31.15
    endloop
  endfacet
  facet normal 0.587785 0.809018 0
    outer loop
      vertex 29.0362 -6.59981 31.15
      vertex 29.2487 -6.7542 28.15
      vertex 29.0362 -6.59981 28.15
    endloop
  endfacet
  facet normal -0.587785 -0.809018 0
    outer loop
      vertex 29.5113 -5.9458 28.15
      vertex 29.7238 -6.10019 31.15
      vertex 29.5113 -5.9458 31.15
    endloop
  endfacet
  facet normal -0.587785 -0.809018 -0
    outer loop
      vertex 29.7238 -6.10019 31.15
      vertex 29.5113 -5.9458 28.15
      vertex 29.7238 -6.10019 28.15
    endloop
  endfacet
  facet normal -0.951021 -0.309127 0
    outer loop
      vertex 29.805 -6.35 28.15
      vertex 29.7238 -6.10019 31.15
      vertex 29.7238 -6.10019 28.15
    endloop
  endfacet
  facet normal -0.951021 -0.309127 0
    outer loop
      vertex 29.7238 -6.10019 31.15
      vertex 29.805 -6.35 28.15
      vertex 29.805 -6.35 31.15
    endloop
  endfacet
  facet normal 0 -1 0
    outer loop
      vertex 29.2487 -5.9458 28.15
      vertex 29.5113 -5.9458 31.15
      vertex 29.2487 -5.9458 31.15
    endloop
  endfacet
  facet normal 0 -1 -0
    outer loop
      vertex 29.5113 -5.9458 31.15
      vertex 29.2487 -5.9458 28.15
      vertex 29.5113 -5.9458 28.15
    endloop
  endfacet
  facet normal -0.587785 0.809018 0
    outer loop
      vertex 29.7238 -6.59981 28.15
      vertex 29.5113 -6.7542 31.15
      vertex 29.7238 -6.59981 31.15
    endloop
  endfacet
  facet normal -0.587785 0.809018 0
    outer loop
      vertex 29.5113 -6.7542 31.15
      vertex 29.7238 -6.59981 28.15
      vertex 29.5113 -6.7542 28.15
    endloop
  endfacet
  facet normal 0.951021 0.309127 0
    outer loop
      vertex 29.0362 -6.59981 31.15
      vertex 28.955 -6.35 28.15
      vertex 28.955 -6.35 31.15
    endloop
  endfacet
  facet normal 0.951021 0.309127 0
    outer loop
      vertex 28.955 -6.35 28.15
      vertex 29.0362 -6.59981 31.15
      vertex 29.0362 -6.59981 28.15
    endloop
  endfacet
  facet normal 0 1 -0
    outer loop
      vertex 29.5113 -6.7542 28.15
      vertex 29.2487 -6.7542 31.15
      vertex 29.5113 -6.7542 31.15
    endloop
  endfacet
  facet normal 0 1 0
    outer loop
      vertex 29.2487 -6.7542 31.15
      vertex 29.5113 -6.7542 28.15
      vertex 29.2487 -6.7542 28.15
    endloop
  endfacet
  facet normal -0.951021 0.309127 0
    outer loop
      vertex 29.7238 -6.59981 28.15
      vertex 29.805 -6.35 31.15
      vertex 29.805 -6.35 28.15
    endloop
  endfacet
  facet normal -0.951021 0.309127 0
    outer loop
      vertex 29.805 -6.35 31.15
      vertex 29.7238 -6.59981 28.15
      vertex 29.7238 -6.59981 31.15
    endloop
  endfacet
  facet normal 0 0 1
    outer loop
      vertex 29.7238 -6.10019 28.15
      vertex 29.7238 -6.59981 28.15
      vertex 29.805 -6.35 28.15
    endloop
  endfacet
  facet normal 0 0 1
    outer loop
      vertex 29.5113 -5.9458 28.15
      vertex 29.7238 -6.59981 28.15
      vertex 29.7238 -6.10019 28.15
    endloop
  endfacet
  facet normal 0 0 1
    outer loop
      vertex 29.5113 -5.9458 28.15
      vertex 29.5113 -6.7542 28.15
      vertex 29.7238 -6.59981 28.15
    endloop
  endfacet
  facet normal -0 0 1
    outer loop
      vertex 29.2487 -5.9458 28.15
      vertex 29.5113 -6.7542 28.15
      vertex 29.5113 -5.9458 28.15
    endloop
  endfacet
  facet normal 0 0 1
    outer loop
      vertex 29.2487 -5.9458 28.15
      vertex 29.2487 -6.7542 28.15
      vertex 29.5113 -6.7542 28.15
    endloop
  endfacet
  facet normal -0 0 1
    outer loop
      vertex 29.0362 -6.10019 28.15
      vertex 29.2487 -6.7542 28.15
      vertex 29.2487 -5.9458 28.15
    endloop
  endfacet
  facet normal 0 0 1
    outer loop
      vertex 29.0362 -6.10019 28.15
      vertex 29.0362 -6.59981 28.15
      vertex 29.2487 -6.7542 28.15
    endloop
  endfacet
  facet normal 0 -0 1
    outer loop
      vertex 29.0362 -6.59981 28.15
      vertex 29.0362 -6.10019 28.15
      vertex 28.955 -6.35 28.15
    endloop
  endfacet
  facet normal 0.587785 -0.809018 0
    outer loop
      vertex 29.0362 -6.10019 28.15
      vertex 29.2487 -5.9458 31.15
      vertex 29.0362 -6.10019 31.15
    endloop
  endfacet
  facet normal 0.587785 -0.809018 0
    outer loop
      vertex 29.2487 -5.9458 31.15
      vertex 29.0362 -6.10019 28.15
      vertex 29.2487 -5.9458 28.15
    endloop
  endfacet
  facet normal 0.951021 -0.309127 0
    outer loop
      vertex 28.955 -6.35 31.15
      vertex 29.0362 -6.10019 28.15
      vertex 29.0362 -6.10019 31.15
    endloop
  endfacet
  facet normal 0.951021 -0.309127 0
    outer loop
      vertex 29.0362 -6.10019 28.15
      vertex 28.955 -6.35 31.15
      vertex 28.955 -6.35 28.15
    endloop
  endfacet
  facet normal 0.587785 0.809018 -0
    outer loop
      vertex 29.2487 -4.2142 28.15
      vertex 29.0362 -4.05981 31.15
      vertex 29.2487 -4.2142 31.15
    endloop
  endfacet
  facet normal 0.587785 0.809018 0
    outer loop
      vertex 29.0362 -4.05981 31.15
      vertex 29.2487 -4.2142 28.15
      vertex 29.0362 -4.05981 28.15
    endloop
  endfacet
  facet normal -0.587785 -0.809018 0
    outer loop
      vertex 29.5113 -3.4058 28.15
      vertex 29.7238 -3.56019 31.15
      vertex 29.5113 -3.4058 31.15
    endloop
  endfacet
  facet normal -0.587785 -0.809018 -0
    outer loop
      vertex 29.7238 -3.56019 31.15
      vertex 29.5113 -3.4058 28.15
      vertex 29.7238 -3.56019 28.15
    endloop
  endfacet
  facet normal -0.951021 -0.309127 0
    outer loop
      vertex 29.805 -3.81 28.15
      vertex 29.7238 -3.56019 31.15
      vertex 29.7238 -3.56019 28.15
    endloop
  endfacet
  facet normal -0.951021 -0.309127 0
    outer loop
      vertex 29.7238 -3.56019 31.15
      vertex 29.805 -3.81 28.15
      vertex 29.805 -3.81 31.15
    endloop
  endfacet
  facet normal 0 -1 0
    outer loop
      vertex 29.2487 -3.4058 28.15
      vertex 29.5113 -3.4058 31.15
      vertex 29.2487 -3.4058 31.15
    endloop
  endfacet
  facet normal 0 -1 -0
    outer loop
      vertex 29.5113 -3.4058 31.15
      vertex 29.2487 -3.4058 28.15
      vertex 29.5113 -3.4058 28.15
    endloop
  endfacet
  facet normal -0.587785 0.809018 0
    outer loop
      vertex 29.7238 -4.05981 28.15
      vertex 29.5113 -4.2142 31.15
      vertex 29.7238 -4.05981 31.15
    endloop
  endfacet
  facet normal -0.587785 0.809018 0
    outer loop
      vertex 29.5113 -4.2142 31.15
      vertex 29.7238 -4.05981 28.15
      vertex 29.5113 -4.2142 28.15
    endloop
  endfacet
  facet normal 0.951021 0.309127 0
    outer loop
      vertex 29.0362 -4.05981 31.15
      vertex 28.955 -3.81 28.15
      vertex 28.955 -3.81 31.15
    endloop
  endfacet
  facet normal 0.951021 0.309127 0
    outer loop
      vertex 28.955 -3.81 28.15
      vertex 29.0362 -4.05981 31.15
      vertex 29.0362 -4.05981 28.15
    endloop
  endfacet
  facet normal 0 1 -0
    outer loop
      vertex 29.5113 -4.2142 28.15
      vertex 29.2487 -4.2142 31.15
      vertex 29.5113 -4.2142 31.15
    endloop
  endfacet
  facet normal 0 1 0
    outer loop
      vertex 29.2487 -4.2142 31.15
      vertex 29.5113 -4.2142 28.15
      vertex 29.2487 -4.2142 28.15
    endloop
  endfacet
  facet normal -0.951021 0.309127 0
    outer loop
      vertex 29.7238 -4.05981 28.15
      vertex 29.805 -3.81 31.15
      vertex 29.805 -3.81 28.15
    endloop
  endfacet
  facet normal -0.951021 0.309127 0
    outer loop
      vertex 29.805 -3.81 31.15
      vertex 29.7238 -4.05981 28.15
      vertex 29.7238 -4.05981 31.15
    endloop
  endfacet
  facet normal 0 0 1
    outer loop
      vertex 29.7238 -3.56019 28.15
      vertex 29.7238 -4.05981 28.15
      vertex 29.805 -3.81 28.15
    endloop
  endfacet
  facet normal 0 0 1
    outer loop
      vertex 29.5113 -3.4058 28.15
      vertex 29.7238 -4.05981 28.15
      vertex 29.7238 -3.56019 28.15
    endloop
  endfacet
  facet normal 0 0 1
    outer loop
      vertex 29.5113 -3.4058 28.15
      vertex 29.5113 -4.2142 28.15
      vertex 29.7238 -4.05981 28.15
    endloop
  endfacet
  facet normal -0 0 1
    outer loop
      vertex 29.2487 -3.4058 28.15
      vertex 29.5113 -4.2142 28.15
      vertex 29.5113 -3.4058 28.15
    endloop
  endfacet
  facet normal 0 0 1
    outer loop
      vertex 29.2487 -3.4058 28.15
      vertex 29.2487 -4.2142 28.15
      vertex 29.5113 -4.2142 28.15
    endloop
  endfacet
  facet normal -0 0 1
    outer loop
      vertex 29.0362 -3.56019 28.15
      vertex 29.2487 -4.2142 28.15
      vertex 29.2487 -3.4058 28.15
    endloop
  endfacet
  facet normal 0 0 1
    outer loop
      vertex 29.0362 -3.56019 28.15
      vertex 29.0362 -4.05981 28.15
      vertex 29.2487 -4.2142 28.15
    endloop
  endfacet
  facet normal 0 -0 1
    outer loop
      vertex 29.0362 -4.05981 28.15
      vertex 29.0362 -3.56019 28.15
      vertex 28.955 -3.81 28.15
    endloop
  endfacet
  facet normal 0.587785 -0.809018 0
    outer loop
      vertex 29.0362 -3.56019 28.15
      vertex 29.2487 -3.4058 31.15
      vertex 29.0362 -3.56019 31.15
    endloop
  endfacet
  facet normal 0.587785 -0.809018 0
    outer loop
      vertex 29.2487 -3.4058 31.15
      vertex 29.0362 -3.56019 28.15
      vertex 29.2487 -3.4058 28.15
    endloop
  endfacet
  facet normal 0.951021 -0.309127 0
    outer loop
      vertex 28.955 -3.81 31.15
      vertex 29.0362 -3.56019 28.15
      vertex 29.0362 -3.56019 31.15
    endloop
  endfacet
  facet normal 0.951021 -0.309127 0
    outer loop
      vertex 29.0362 -3.56019 28.15
      vertex 28.955 -3.81 31.15
      vertex 28.955 -3.81 28.15
    endloop
  endfacet
  facet normal 0.587785 0.809018 -0
    outer loop
      vertex 29.2487 -1.6742 28.15
      vertex 29.0362 -1.51981 31.15
      vertex 29.2487 -1.6742 31.15
    endloop
  endfacet
  facet normal 0.587785 0.809018 0
    outer loop
      vertex 29.0362 -1.51981 31.15
      vertex 29.2487 -1.6742 28.15
      vertex 29.0362 -1.51981 28.15
    endloop
  endfacet
  facet normal -0.587782 -0.809019 0
    outer loop
      vertex 29.5113 -0.865801 28.15
      vertex 29.7238 -1.02019 31.15
      vertex 29.5113 -0.865801 31.15
    endloop
  endfacet
  facet normal -0.587782 -0.809019 -0
    outer loop
      vertex 29.7238 -1.02019 31.15
      vertex 29.5113 -0.865801 28.15
      vertex 29.7238 -1.02019 28.15
    endloop
  endfacet
  facet normal -0.951021 -0.309127 0
    outer loop
      vertex 29.805 -1.27 28.15
      vertex 29.7238 -1.02019 31.15
      vertex 29.7238 -1.02019 28.15
    endloop
  endfacet
  facet normal -0.951021 -0.309127 0
    outer loop
      vertex 29.7238 -1.02019 31.15
      vertex 29.805 -1.27 28.15
      vertex 29.805 -1.27 31.15
    endloop
  endfacet
  facet normal 0 -1 0
    outer loop
      vertex 29.2487 -0.865801 28.15
      vertex 29.5113 -0.865801 31.15
      vertex 29.2487 -0.865801 31.15
    endloop
  endfacet
  facet normal 0 -1 -0
    outer loop
      vertex 29.5113 -0.865801 31.15
      vertex 29.2487 -0.865801 28.15
      vertex 29.5113 -0.865801 28.15
    endloop
  endfacet
  facet normal -0.587785 0.809018 0
    outer loop
      vertex 29.7238 -1.51981 28.15
      vertex 29.5113 -1.6742 31.15
      vertex 29.7238 -1.51981 31.15
    endloop
  endfacet
  facet normal -0.587785 0.809018 0
    outer loop
      vertex 29.5113 -1.6742 31.15
      vertex 29.7238 -1.51981 28.15
      vertex 29.5113 -1.6742 28.15
    endloop
  endfacet
  facet normal 0.951021 0.309127 0
    outer loop
      vertex 29.0362 -1.51981 31.15
      vertex 28.955 -1.27 28.15
      vertex 28.955 -1.27 31.15
    endloop
  endfacet
  facet normal 0.951021 0.309127 0
    outer loop
      vertex 28.955 -1.27 28.15
      vertex 29.0362 -1.51981 31.15
      vertex 29.0362 -1.51981 28.15
    endloop
  endfacet
  facet normal 0 1 -0
    outer loop
      vertex 29.5113 -1.6742 28.15
      vertex 29.2487 -1.6742 31.15
      vertex 29.5113 -1.6742 31.15
    endloop
  endfacet
  facet normal 0 1 0
    outer loop
      vertex 29.2487 -1.6742 31.15
      vertex 29.5113 -1.6742 28.15
      vertex 29.2487 -1.6742 28.15
    endloop
  endfacet
  facet normal -0.951021 0.309127 0
    outer loop
      vertex 29.7238 -1.51981 28.15
      vertex 29.805 -1.27 31.15
      vertex 29.805 -1.27 28.15
    endloop
  endfacet
  facet normal -0.951021 0.309127 0
    outer loop
      vertex 29.805 -1.27 31.15
      vertex 29.7238 -1.51981 28.15
      vertex 29.7238 -1.51981 31.15
    endloop
  endfacet
  facet normal 0 0 1
    outer loop
      vertex 29.7238 -1.02019 28.15
      vertex 29.7238 -1.51981 28.15
      vertex 29.805 -1.27 28.15
    endloop
  endfacet
  facet normal 0 0 1
    outer loop
      vertex 29.5113 -0.865801 28.15
      vertex 29.7238 -1.51981 28.15
      vertex 29.7238 -1.02019 28.15
    endloop
  endfacet
  facet normal 0 0 1
    outer loop
      vertex 29.5113 -0.865801 28.15
      vertex 29.5113 -1.6742 28.15
      vertex 29.7238 -1.51981 28.15
    endloop
  endfacet
  facet normal -0 0 1
    outer loop
      vertex 29.2487 -0.865801 28.15
      vertex 29.5113 -1.6742 28.15
      vertex 29.5113 -0.865801 28.15
    endloop
  endfacet
  facet normal 0 0 1
    outer loop
      vertex 29.2487 -0.865801 28.15
      vertex 29.2487 -1.6742 28.15
      vertex 29.5113 -1.6742 28.15
    endloop
  endfacet
  facet normal -0 0 1
    outer loop
      vertex 29.0362 -1.02019 28.15
      vertex 29.2487 -1.6742 28.15
      vertex 29.2487 -0.865801 28.15
    endloop
  endfacet
  facet normal 0 0 1
    outer loop
      vertex 29.0362 -1.02019 28.15
      vertex 29.0362 -1.51981 28.15
      vertex 29.2487 -1.6742 28.15
    endloop
  endfacet
  facet normal 0 -0 1
    outer loop
      vertex 29.0362 -1.51981 28.15
      vertex 29.0362 -1.02019 28.15
      vertex 28.955 -1.27 28.15
    endloop
  endfacet
  facet normal 0.587782 -0.809019 0
    outer loop
      vertex 29.0362 -1.02019 28.15
      vertex 29.2487 -0.865801 31.15
      vertex 29.0362 -1.02019 31.15
    endloop
  endfacet
  facet normal 0.587782 -0.809019 0
    outer loop
      vertex 29.2487 -0.865801 31.15
      vertex 29.0362 -1.02019 28.15
      vertex 29.2487 -0.865801 28.15
    endloop
  endfacet
  facet normal 0.951021 -0.309127 0
    outer loop
      vertex 28.955 -1.27 31.15
      vertex 29.0362 -1.02019 28.15
      vertex 29.0362 -1.02019 31.15
    endloop
  endfacet
  facet normal 0.951021 -0.309127 0
    outer loop
      vertex 29.0362 -1.02019 28.15
      vertex 28.955 -1.27 31.15
      vertex 28.955 -1.27 28.15
    endloop
  endfacet
  facet normal 0.587785 0.809018 -0
    outer loop
      vertex 29.2487 0.8658 28.15
      vertex 29.0362 1.02019 31.15
      vertex 29.2487 0.8658 31.15
    endloop
  endfacet
  facet normal 0.587785 0.809018 0
    outer loop
      vertex 29.0362 1.02019 31.15
      vertex 29.2487 0.8658 28.15
      vertex 29.0362 1.02019 28.15
    endloop
  endfacet
  facet normal -0.587785 -0.809018 0
    outer loop
      vertex 29.5113 1.6742 28.15
      vertex 29.7238 1.51981 31.15
      vertex 29.5113 1.6742 31.15
    endloop
  endfacet
  facet normal -0.587785 -0.809018 -0
    outer loop
      vertex 29.7238 1.51981 31.15
      vertex 29.5113 1.6742 28.15
      vertex 29.7238 1.51981 28.15
    endloop
  endfacet
  facet normal -0.951021 -0.309127 0
    outer loop
      vertex 29.805 1.27 28.15
      vertex 29.7238 1.51981 31.15
      vertex 29.7238 1.51981 28.15
    endloop
  endfacet
  facet normal -0.951021 -0.309127 0
    outer loop
      vertex 29.7238 1.51981 31.15
      vertex 29.805 1.27 28.15
      vertex 29.805 1.27 31.15
    endloop
  endfacet
  facet normal 0 -1 0
    outer loop
      vertex 29.2487 1.6742 28.15
      vertex 29.5113 1.6742 31.15
      vertex 29.2487 1.6742 31.15
    endloop
  endfacet
  facet normal 0 -1 -0
    outer loop
      vertex 29.5113 1.6742 31.15
      vertex 29.2487 1.6742 28.15
      vertex 29.5113 1.6742 28.15
    endloop
  endfacet
  facet normal -0.587785 0.809018 0
    outer loop
      vertex 29.7238 1.02019 28.15
      vertex 29.5113 0.8658 31.15
      vertex 29.7238 1.02019 31.15
    endloop
  endfacet
  facet normal -0.587785 0.809018 0
    outer loop
      vertex 29.5113 0.8658 31.15
      vertex 29.7238 1.02019 28.15
      vertex 29.5113 0.8658 28.15
    endloop
  endfacet
  facet normal 0.951021 0.309127 0
    outer loop
      vertex 29.0362 1.02019 31.15
      vertex 28.955 1.27 28.15
      vertex 28.955 1.27 31.15
    endloop
  endfacet
  facet normal 0.951021 0.309127 0
    outer loop
      vertex 28.955 1.27 28.15
      vertex 29.0362 1.02019 31.15
      vertex 29.0362 1.02019 28.15
    endloop
  endfacet
  facet normal 0 1 -0
    outer loop
      vertex 29.5113 0.8658 28.15
      vertex 29.2487 0.8658 31.15
      vertex 29.5113 0.8658 31.15
    endloop
  endfacet
  facet normal 0 1 0
    outer loop
      vertex 29.2487 0.8658 31.15
      vertex 29.5113 0.8658 28.15
      vertex 29.2487 0.8658 28.15
    endloop
  endfacet
  facet normal -0.951021 0.309127 0
    outer loop
      vertex 29.7238 1.02019 28.15
      vertex 29.805 1.27 31.15
      vertex 29.805 1.27 28.15
    endloop
  endfacet
  facet normal -0.951021 0.309127 0
    outer loop
      vertex 29.805 1.27 31.15
      vertex 29.7238 1.02019 28.15
      vertex 29.7238 1.02019 31.15
    endloop
  endfacet
  facet normal 0 0 1
    outer loop
      vertex 29.7238 1.51981 28.15
      vertex 29.7238 1.02019 28.15
      vertex 29.805 1.27 28.15
    endloop
  endfacet
  facet normal 0 0 1
    outer loop
      vertex 29.5113 1.6742 28.15
      vertex 29.7238 1.02019 28.15
      vertex 29.7238 1.51981 28.15
    endloop
  endfacet
  facet normal 0 0 1
    outer loop
      vertex 29.5113 1.6742 28.15
      vertex 29.5113 0.8658 28.15
      vertex 29.7238 1.02019 28.15
    endloop
  endfacet
  facet normal -0 0 1
    outer loop
      vertex 29.2487 1.6742 28.15
      vertex 29.5113 0.8658 28.15
      vertex 29.5113 1.6742 28.15
    endloop
  endfacet
  facet normal 0 0 1
    outer loop
      vertex 29.2487 1.6742 28.15
      vertex 29.2487 0.8658 28.15
      vertex 29.5113 0.8658 28.15
    endloop
  endfacet
  facet normal -0 0 1
    outer loop
      vertex 29.0362 1.51981 28.15
      vertex 29.2487 0.8658 28.15
      vertex 29.2487 1.6742 28.15
    endloop
  endfacet
  facet normal 0 0 1
    outer loop
      vertex 29.0362 1.51981 28.15
      vertex 29.0362 1.02019 28.15
      vertex 29.2487 0.8658 28.15
    endloop
  endfacet
  facet normal 0 -0 1
    outer loop
      vertex 29.0362 1.02019 28.15
      vertex 29.0362 1.51981 28.15
      vertex 28.955 1.27 28.15
    endloop
  endfacet
  facet normal 0.587785 -0.809018 0
    outer loop
      vertex 29.0362 1.51981 28.15
      vertex 29.2487 1.6742 31.15
      vertex 29.0362 1.51981 31.15
    endloop
  endfacet
  facet normal 0.587785 -0.809018 0
    outer loop
      vertex 29.2487 1.6742 31.15
      vertex 29.0362 1.51981 28.15
      vertex 29.2487 1.6742 28.15
    endloop
  endfacet
  facet normal 0.951021 -0.309127 0
    outer loop
      vertex 28.955 1.27 31.15
      vertex 29.0362 1.51981 28.15
      vertex 29.0362 1.51981 31.15
    endloop
  endfacet
  facet normal 0.951021 -0.309127 0
    outer loop
      vertex 29.0362 1.51981 28.15
      vertex 28.955 1.27 31.15
      vertex 28.955 1.27 28.15
    endloop
  endfacet
  facet normal 0.587785 0.809018 -0
    outer loop
      vertex 29.2487 3.4058 28.15
      vertex 29.0362 3.56019 31.15
      vertex 29.2487 3.4058 31.15
    endloop
  endfacet
  facet normal 0.587785 0.809018 0
    outer loop
      vertex 29.0362 3.56019 31.15
      vertex 29.2487 3.4058 28.15
      vertex 29.0362 3.56019 28.15
    endloop
  endfacet
  facet normal -0.587785 -0.809018 0
    outer loop
      vertex 29.5113 4.2142 28.15
      vertex 29.7238 4.05981 31.15
      vertex 29.5113 4.2142 31.15
    endloop
  endfacet
  facet normal -0.587785 -0.809018 -0
    outer loop
      vertex 29.7238 4.05981 31.15
      vertex 29.5113 4.2142 28.15
      vertex 29.7238 4.05981 28.15
    endloop
  endfacet
  facet normal -0.951021 -0.309127 0
    outer loop
      vertex 29.805 3.81 28.15
      vertex 29.7238 4.05981 31.15
      vertex 29.7238 4.05981 28.15
    endloop
  endfacet
  facet normal -0.951021 -0.309127 0
    outer loop
      vertex 29.7238 4.05981 31.15
      vertex 29.805 3.81 28.15
      vertex 29.805 3.81 31.15
    endloop
  endfacet
  facet normal 0 -1 0
    outer loop
      vertex 29.2487 4.2142 28.15
      vertex 29.5113 4.2142 31.15
      vertex 29.2487 4.2142 31.15
    endloop
  endfacet
  facet normal 0 -1 -0
    outer loop
      vertex 29.5113 4.2142 31.15
      vertex 29.2487 4.2142 28.15
      vertex 29.5113 4.2142 28.15
    endloop
  endfacet
  facet normal -0.587785 0.809018 0
    outer loop
      vertex 29.7238 3.56019 28.15
      vertex 29.5113 3.4058 31.15
      vertex 29.7238 3.56019 31.15
    endloop
  endfacet
  facet normal -0.587785 0.809018 0
    outer loop
      vertex 29.5113 3.4058 31.15
      vertex 29.7238 3.56019 28.15
      vertex 29.5113 3.4058 28.15
    endloop
  endfacet
  facet normal 0.951021 0.309127 0
    outer loop
      vertex 29.0362 3.56019 31.15
      vertex 28.955 3.81 28.15
      vertex 28.955 3.81 31.15
    endloop
  endfacet
  facet normal 0.951021 0.309127 0
    outer loop
      vertex 28.955 3.81 28.15
      vertex 29.0362 3.56019 31.15
      vertex 29.0362 3.56019 28.15
    endloop
  endfacet
  facet normal 0 1 -0
    outer loop
      vertex 29.5113 3.4058 28.15
      vertex 29.2487 3.4058 31.15
      vertex 29.5113 3.4058 31.15
    endloop
  endfacet
  facet normal 0 1 0
    outer loop
      vertex 29.2487 3.4058 31.15
      vertex 29.5113 3.4058 28.15
      vertex 29.2487 3.4058 28.15
    endloop
  endfacet
  facet normal -0.951021 0.309127 0
    outer loop
      vertex 29.7238 3.56019 28.15
      vertex 29.805 3.81 31.15
      vertex 29.805 3.81 28.15
    endloop
  endfacet
  facet normal -0.951021 0.309127 0
    outer loop
      vertex 29.805 3.81 31.15
      vertex 29.7238 3.56019 28.15
      vertex 29.7238 3.56019 31.15
    endloop
  endfacet
  facet normal 0.587785 -0.809018 0
    outer loop
      vertex 29.0362 4.05981 28.15
      vertex 29.2487 4.2142 31.15
      vertex 29.0362 4.05981 31.15
    endloop
  endfacet
  facet normal 0.587785 -0.809018 0
    outer loop
      vertex 29.2487 4.2142 31.15
      vertex 29.0362 4.05981 28.15
      vertex 29.2487 4.2142 28.15
    endloop
  endfacet
  facet normal 0 0 1
    outer loop
      vertex 29.7238 4.05981 28.15
      vertex 29.7238 3.56019 28.15
      vertex 29.805 3.81 28.15
    endloop
  endfacet
  facet normal 0 0 1
    outer loop
      vertex 29.5113 4.2142 28.15
      vertex 29.7238 3.56019 28.15
      vertex 29.7238 4.05981 28.15
    endloop
  endfacet
  facet normal 0 0 1
    outer loop
      vertex 29.5113 4.2142 28.15
      vertex 29.5113 3.4058 28.15
      vertex 29.7238 3.56019 28.15
    endloop
  endfacet
  facet normal -0 0 1
    outer loop
      vertex 29.2487 4.2142 28.15
      vertex 29.5113 3.4058 28.15
      vertex 29.5113 4.2142 28.15
    endloop
  endfacet
  facet normal 0 0 1
    outer loop
      vertex 29.2487 4.2142 28.15
      vertex 29.2487 3.4058 28.15
      vertex 29.5113 3.4058 28.15
    endloop
  endfacet
  facet normal -0 0 1
    outer loop
      vertex 29.0362 4.05981 28.15
      vertex 29.2487 3.4058 28.15
      vertex 29.2487 4.2142 28.15
    endloop
  endfacet
  facet normal 0 0 1
    outer loop
      vertex 29.0362 4.05981 28.15
      vertex 29.0362 3.56019 28.15
      vertex 29.2487 3.4058 28.15
    endloop
  endfacet
  facet normal 0 -0 1
    outer loop
      vertex 29.0362 3.56019 28.15
      vertex 29.0362 4.05981 28.15
      vertex 28.955 3.81 28.15
    endloop
  endfacet
  facet normal 0.951021 -0.309127 0
    outer loop
      vertex 28.955 3.81 31.15
      vertex 29.0362 4.05981 28.15
      vertex 29.0362 4.05981 31.15
    endloop
  endfacet
  facet normal 0.951021 -0.309127 0
    outer loop
      vertex 29.0362 4.05981 28.15
      vertex 28.955 3.81 31.15
      vertex 28.955 3.81 28.15
    endloop
  endfacet
  facet normal 0.587785 0.809018 -0
    outer loop
      vertex 29.2487 5.9458 28.15
      vertex 29.0362 6.10019 31.15
      vertex 29.2487 5.9458 31.15
    endloop
  endfacet
  facet normal 0.587785 0.809018 0
    outer loop
      vertex 29.0362 6.10019 31.15
      vertex 29.2487 5.9458 28.15
      vertex 29.0362 6.10019 28.15
    endloop
  endfacet
  facet normal -0.587785 -0.809018 0
    outer loop
      vertex 29.5113 6.7542 28.15
      vertex 29.7238 6.59981 31.15
      vertex 29.5113 6.7542 31.15
    endloop
  endfacet
  facet normal -0.587785 -0.809018 -0
    outer loop
      vertex 29.7238 6.59981 31.15
      vertex 29.5113 6.7542 28.15
      vertex 29.7238 6.59981 28.15
    endloop
  endfacet
  facet normal -0.951021 -0.309127 0
    outer loop
      vertex 29.805 6.35 28.15
      vertex 29.7238 6.59981 31.15
      vertex 29.7238 6.59981 28.15
    endloop
  endfacet
  facet normal -0.951021 -0.309127 0
    outer loop
      vertex 29.7238 6.59981 31.15
      vertex 29.805 6.35 28.15
      vertex 29.805 6.35 31.15
    endloop
  endfacet
  facet normal 0 -1 0
    outer loop
      vertex 29.2487 6.7542 28.15
      vertex 29.5113 6.7542 31.15
      vertex 29.2487 6.7542 31.15
    endloop
  endfacet
  facet normal 0 -1 -0
    outer loop
      vertex 29.5113 6.7542 31.15
      vertex 29.2487 6.7542 28.15
      vertex 29.5113 6.7542 28.15
    endloop
  endfacet
  facet normal -0.587785 0.809018 0
    outer loop
      vertex 29.7238 6.10019 28.15
      vertex 29.5113 5.9458 31.15
      vertex 29.7238 6.10019 31.15
    endloop
  endfacet
  facet normal -0.587785 0.809018 0
    outer loop
      vertex 29.5113 5.9458 31.15
      vertex 29.7238 6.10019 28.15
      vertex 29.5113 5.9458 28.15
    endloop
  endfacet
  facet normal 0.951021 0.309127 0
    outer loop
      vertex 29.0362 6.10019 31.15
      vertex 28.955 6.35 28.15
      vertex 28.955 6.35 31.15
    endloop
  endfacet
  facet normal 0.951021 0.309127 0
    outer loop
      vertex 28.955 6.35 28.15
      vertex 29.0362 6.10019 31.15
      vertex 29.0362 6.10019 28.15
    endloop
  endfacet
  facet normal 0 1 -0
    outer loop
      vertex 29.5113 5.9458 28.15
      vertex 29.2487 5.9458 31.15
      vertex 29.5113 5.9458 31.15
    endloop
  endfacet
  facet normal 0 1 0
    outer loop
      vertex 29.2487 5.9458 31.15
      vertex 29.5113 5.9458 28.15
      vertex 29.2487 5.9458 28.15
    endloop
  endfacet
  facet normal -0.951021 0.309127 0
    outer loop
      vertex 29.7238 6.10019 28.15
      vertex 29.805 6.35 31.15
      vertex 29.805 6.35 28.15
    endloop
  endfacet
  facet normal -0.951021 0.309127 0
    outer loop
      vertex 29.805 6.35 31.15
      vertex 29.7238 6.10019 28.15
      vertex 29.7238 6.10019 31.15
    endloop
  endfacet
  facet normal 0 0 1
    outer loop
      vertex 29.7238 6.59981 28.15
      vertex 29.7238 6.10019 28.15
      vertex 29.805 6.35 28.15
    endloop
  endfacet
  facet normal 0 0 1
    outer loop
      vertex 29.5113 6.7542 28.15
      vertex 29.7238 6.10019 28.15
      vertex 29.7238 6.59981 28.15
    endloop
  endfacet
  facet normal 0 0 1
    outer loop
      vertex 29.5113 6.7542 28.15
      vertex 29.5113 5.9458 28.15
      vertex 29.7238 6.10019 28.15
    endloop
  endfacet
  facet normal -0 0 1
    outer loop
      vertex 29.2487 6.7542 28.15
      vertex 29.5113 5.9458 28.15
      vertex 29.5113 6.7542 28.15
    endloop
  endfacet
  facet normal 0 0 1
    outer loop
      vertex 29.2487 6.7542 28.15
      vertex 29.2487 5.9458 28.15
      vertex 29.5113 5.9458 28.15
    endloop
  endfacet
  facet normal -0 0 1
    outer loop
      vertex 29.0362 6.59981 28.15
      vertex 29.2487 5.9458 28.15
      vertex 29.2487 6.7542 28.15
    endloop
  endfacet
  facet normal 0 0 1
    outer loop
      vertex 29.0362 6.59981 28.15
      vertex 29.0362 6.10019 28.15
      vertex 29.2487 5.9458 28.15
    endloop
  endfacet
  facet normal 0 -0 1
    outer loop
      vertex 29.0362 6.10019 28.15
      vertex 29.0362 6.59981 28.15
      vertex 28.955 6.35 28.15
    endloop
  endfacet
  facet normal 0.587785 -0.809018 0
    outer loop
      vertex 29.0362 6.59981 28.15
      vertex 29.2487 6.7542 31.15
      vertex 29.0362 6.59981 31.15
    endloop
  endfacet
  facet normal 0.587785 -0.809018 0
    outer loop
      vertex 29.2487 6.7542 31.15
      vertex 29.0362 6.59981 28.15
      vertex 29.2487 6.7542 28.15
    endloop
  endfacet
  facet normal 0.951021 -0.309127 0
    outer loop
      vertex 28.955 6.35 31.15
      vertex 29.0362 6.59981 28.15
      vertex 29.0362 6.59981 31.15
    endloop
  endfacet
  facet normal 0.951021 -0.309127 0
    outer loop
      vertex 29.0362 6.59981 28.15
      vertex 28.955 6.35 31.15
      vertex 28.955 6.35 28.15
    endloop
  endfacet
  facet normal 0.587785 0.809018 -0
    outer loop
      vertex 29.2487 8.4858 28.15
      vertex 29.0362 8.64019 31.15
      vertex 29.2487 8.4858 31.15
    endloop
  endfacet
  facet normal 0.587785 0.809018 0
    outer loop
      vertex 29.0362 8.64019 31.15
      vertex 29.2487 8.4858 28.15
      vertex 29.0362 8.64019 28.15
    endloop
  endfacet
  facet normal -0.587785 -0.809018 0
    outer loop
      vertex 29.5113 9.2942 28.15
      vertex 29.7238 9.13981 31.15
      vertex 29.5113 9.2942 31.15
    endloop
  endfacet
  facet normal -0.587785 -0.809018 -0
    outer loop
      vertex 29.7238 9.13981 31.15
      vertex 29.5113 9.2942 28.15
      vertex 29.7238 9.13981 28.15
    endloop
  endfacet
  facet normal -0.951021 -0.309127 0
    outer loop
      vertex 29.805 8.89 28.15
      vertex 29.7238 9.13981 31.15
      vertex 29.7238 9.13981 28.15
    endloop
  endfacet
  facet normal -0.951021 -0.309127 0
    outer loop
      vertex 29.7238 9.13981 31.15
      vertex 29.805 8.89 28.15
      vertex 29.805 8.89 31.15
    endloop
  endfacet
  facet normal 0 -1 0
    outer loop
      vertex 29.2487 9.2942 28.15
      vertex 29.5113 9.2942 31.15
      vertex 29.2487 9.2942 31.15
    endloop
  endfacet
  facet normal 0 -1 -0
    outer loop
      vertex 29.5113 9.2942 31.15
      vertex 29.2487 9.2942 28.15
      vertex 29.5113 9.2942 28.15
    endloop
  endfacet
  facet normal -0.587785 0.809018 0
    outer loop
      vertex 29.7238 8.64019 28.15
      vertex 29.5113 8.4858 31.15
      vertex 29.7238 8.64019 31.15
    endloop
  endfacet
  facet normal -0.587785 0.809018 0
    outer loop
      vertex 29.5113 8.4858 31.15
      vertex 29.7238 8.64019 28.15
      vertex 29.5113 8.4858 28.15
    endloop
  endfacet
  facet normal 0.951021 0.309127 0
    outer loop
      vertex 29.0362 8.64019 31.15
      vertex 28.955 8.89 28.15
      vertex 28.955 8.89 31.15
    endloop
  endfacet
  facet normal 0.951021 0.309127 0
    outer loop
      vertex 28.955 8.89 28.15
      vertex 29.0362 8.64019 31.15
      vertex 29.0362 8.64019 28.15
    endloop
  endfacet
  facet normal 0 1 -0
    outer loop
      vertex 29.5113 8.4858 28.15
      vertex 29.2487 8.4858 31.15
      vertex 29.5113 8.4858 31.15
    endloop
  endfacet
  facet normal 0 1 0
    outer loop
      vertex 29.2487 8.4858 31.15
      vertex 29.5113 8.4858 28.15
      vertex 29.2487 8.4858 28.15
    endloop
  endfacet
  facet normal -0.951021 0.309127 0
    outer loop
      vertex 29.7238 8.64019 28.15
      vertex 29.805 8.89 31.15
      vertex 29.805 8.89 28.15
    endloop
  endfacet
  facet normal -0.951021 0.309127 0
    outer loop
      vertex 29.805 8.89 31.15
      vertex 29.7238 8.64019 28.15
      vertex 29.7238 8.64019 31.15
    endloop
  endfacet
  facet normal 0.587785 -0.809018 0
    outer loop
      vertex 29.0362 9.13981 28.15
      vertex 29.2487 9.2942 31.15
      vertex 29.0362 9.13981 31.15
    endloop
  endfacet
  facet normal 0.587785 -0.809018 0
    outer loop
      vertex 29.2487 9.2942 31.15
      vertex 29.0362 9.13981 28.15
      vertex 29.2487 9.2942 28.15
    endloop
  endfacet
  facet normal 0 0 1
    outer loop
      vertex 29.7238 9.13981 28.15
      vertex 29.7238 8.64019 28.15
      vertex 29.805 8.89 28.15
    endloop
  endfacet
  facet normal 0 0 1
    outer loop
      vertex 29.5113 9.2942 28.15
      vertex 29.7238 8.64019 28.15
      vertex 29.7238 9.13981 28.15
    endloop
  endfacet
  facet normal 0 0 1
    outer loop
      vertex 29.5113 9.2942 28.15
      vertex 29.5113 8.4858 28.15
      vertex 29.7238 8.64019 28.15
    endloop
  endfacet
  facet normal -0 0 1
    outer loop
      vertex 29.2487 9.2942 28.15
      vertex 29.5113 8.4858 28.15
      vertex 29.5113 9.2942 28.15
    endloop
  endfacet
  facet normal 0 0 1
    outer loop
      vertex 29.2487 9.2942 28.15
      vertex 29.2487 8.4858 28.15
      vertex 29.5113 8.4858 28.15
    endloop
  endfacet
  facet normal -0 0 1
    outer loop
      vertex 29.0362 9.13981 28.15
      vertex 29.2487 8.4858 28.15
      vertex 29.2487 9.2942 28.15
    endloop
  endfacet
  facet normal 0 0 1
    outer loop
      vertex 29.0362 9.13981 28.15
      vertex 29.0362 8.64019 28.15
      vertex 29.2487 8.4858 28.15
    endloop
  endfacet
  facet normal 0 -0 1
    outer loop
      vertex 29.0362 8.64019 28.15
      vertex 29.0362 9.13981 28.15
      vertex 28.955 8.89 28.15
    endloop
  endfacet
  facet normal 0.951021 -0.309127 0
    outer loop
      vertex 28.955 8.89 31.15
      vertex 29.0362 9.13981 28.15
      vertex 29.0362 9.13981 31.15
    endloop
  endfacet
  facet normal 0.951021 -0.309127 0
    outer loop
      vertex 29.0362 9.13981 28.15
      vertex 28.955 8.89 31.15
      vertex 28.955 8.89 28.15
    endloop
  endfacet
  facet normal 0.587809 0.808999 -0
    outer loop
      vertex 29.2487 11.0258 28.15
      vertex 29.0362 11.1802 31.15
      vertex 29.2487 11.0258 31.15
    endloop
  endfacet
  facet normal 0.587809 0.808999 0
    outer loop
      vertex 29.0362 11.1802 31.15
      vertex 29.2487 11.0258 28.15
      vertex 29.0362 11.1802 28.15
    endloop
  endfacet
  facet normal -0.587809 -0.808999 0
    outer loop
      vertex 29.5113 11.8342 28.15
      vertex 29.7238 11.6798 31.15
      vertex 29.5113 11.8342 31.15
    endloop
  endfacet
  facet normal -0.587809 -0.808999 -0
    outer loop
      vertex 29.7238 11.6798 31.15
      vertex 29.5113 11.8342 28.15
      vertex 29.7238 11.6798 28.15
    endloop
  endfacet
  facet normal -0.951017 -0.309138 0
    outer loop
      vertex 29.805 11.43 28.15
      vertex 29.7238 11.6798 31.15
      vertex 29.7238 11.6798 28.15
    endloop
  endfacet
  facet normal -0.951017 -0.309138 0
    outer loop
      vertex 29.7238 11.6798 31.15
      vertex 29.805 11.43 28.15
      vertex 29.805 11.43 31.15
    endloop
  endfacet
  facet normal 0 -1 0
    outer loop
      vertex 29.2487 11.8342 28.15
      vertex 29.5113 11.8342 31.15
      vertex 29.2487 11.8342 31.15
    endloop
  endfacet
  facet normal 0 -1 -0
    outer loop
      vertex 29.5113 11.8342 31.15
      vertex 29.2487 11.8342 28.15
      vertex 29.5113 11.8342 28.15
    endloop
  endfacet
  facet normal -0.587809 0.808999 0
    outer loop
      vertex 29.7238 11.1802 28.15
      vertex 29.5113 11.0258 31.15
      vertex 29.7238 11.1802 31.15
    endloop
  endfacet
  facet normal -0.587809 0.808999 0
    outer loop
      vertex 29.5113 11.0258 31.15
      vertex 29.7238 11.1802 28.15
      vertex 29.5113 11.0258 28.15
    endloop
  endfacet
  facet normal 0.951017 0.309138 0
    outer loop
      vertex 29.0362 11.1802 31.15
      vertex 28.955 11.43 28.15
      vertex 28.955 11.43 31.15
    endloop
  endfacet
  facet normal 0.951017 0.309138 0
    outer loop
      vertex 28.955 11.43 28.15
      vertex 29.0362 11.1802 31.15
      vertex 29.0362 11.1802 28.15
    endloop
  endfacet
  facet normal 0 1 -0
    outer loop
      vertex 29.5113 11.0258 28.15
      vertex 29.2487 11.0258 31.15
      vertex 29.5113 11.0258 31.15
    endloop
  endfacet
  facet normal 0 1 0
    outer loop
      vertex 29.2487 11.0258 31.15
      vertex 29.5113 11.0258 28.15
      vertex 29.2487 11.0258 28.15
    endloop
  endfacet
  facet normal -0.951017 0.309138 0
    outer loop
      vertex 29.7238 11.1802 28.15
      vertex 29.805 11.43 31.15
      vertex 29.805 11.43 28.15
    endloop
  endfacet
  facet normal -0.951017 0.309138 0
    outer loop
      vertex 29.805 11.43 31.15
      vertex 29.7238 11.1802 28.15
      vertex 29.7238 11.1802 31.15
    endloop
  endfacet
  facet normal 0 0 1
    outer loop
      vertex 29.7238 11.6798 28.15
      vertex 29.7238 11.1802 28.15
      vertex 29.805 11.43 28.15
    endloop
  endfacet
  facet normal 0 0 1
    outer loop
      vertex 29.5113 11.8342 28.15
      vertex 29.7238 11.1802 28.15
      vertex 29.7238 11.6798 28.15
    endloop
  endfacet
  facet normal 0 0 1
    outer loop
      vertex 29.5113 11.8342 28.15
      vertex 29.5113 11.0258 28.15
      vertex 29.7238 11.1802 28.15
    endloop
  endfacet
  facet normal -0 0 1
    outer loop
      vertex 29.2487 11.8342 28.15
      vertex 29.5113 11.0258 28.15
      vertex 29.5113 11.8342 28.15
    endloop
  endfacet
  facet normal 0 0 1
    outer loop
      vertex 29.2487 11.8342 28.15
      vertex 29.2487 11.0258 28.15
      vertex 29.5113 11.0258 28.15
    endloop
  endfacet
  facet normal -0 0 1
    outer loop
      vertex 29.0362 11.6798 28.15
      vertex 29.2487 11.0258 28.15
      vertex 29.2487 11.8342 28.15
    endloop
  endfacet
  facet normal 0 0 1
    outer loop
      vertex 29.0362 11.6798 28.15
      vertex 29.0362 11.1802 28.15
      vertex 29.2487 11.0258 28.15
    endloop
  endfacet
  facet normal 0 -0 1
    outer loop
      vertex 29.0362 11.1802 28.15
      vertex 29.0362 11.6798 28.15
      vertex 28.955 11.43 28.15
    endloop
  endfacet
  facet normal 0.587809 -0.808999 0
    outer loop
      vertex 29.0362 11.6798 28.15
      vertex 29.2487 11.8342 31.15
      vertex 29.0362 11.6798 31.15
    endloop
  endfacet
  facet normal 0.587809 -0.808999 0
    outer loop
      vertex 29.2487 11.8342 31.15
      vertex 29.0362 11.6798 28.15
      vertex 29.2487 11.8342 28.15
    endloop
  endfacet
  facet normal 0.951017 -0.309138 0
    outer loop
      vertex 28.955 11.43 31.15
      vertex 29.0362 11.6798 28.15
      vertex 29.0362 11.6798 31.15
    endloop
  endfacet
  facet normal 0.951017 -0.309138 0
    outer loop
      vertex 29.0362 11.6798 28.15
      vertex 28.955 11.43 31.15
      vertex 28.955 11.43 28.15
    endloop
  endfacet
  facet normal 0.587809 0.808999 -0
    outer loop
      vertex 29.2487 13.5658 28.15
      vertex 29.0362 13.7202 31.15
      vertex 29.2487 13.5658 31.15
    endloop
  endfacet
  facet normal 0.587809 0.808999 0
    outer loop
      vertex 29.0362 13.7202 31.15
      vertex 29.2487 13.5658 28.15
      vertex 29.0362 13.7202 28.15
    endloop
  endfacet
  facet normal -0.587809 -0.808999 0
    outer loop
      vertex 29.5113 14.3742 28.15
      vertex 29.7238 14.2198 31.15
      vertex 29.5113 14.3742 31.15
    endloop
  endfacet
  facet normal -0.587809 -0.808999 -0
    outer loop
      vertex 29.7238 14.2198 31.15
      vertex 29.5113 14.3742 28.15
      vertex 29.7238 14.2198 28.15
    endloop
  endfacet
  facet normal -0.951017 -0.309138 0
    outer loop
      vertex 29.805 13.97 28.15
      vertex 29.7238 14.2198 31.15
      vertex 29.7238 14.2198 28.15
    endloop
  endfacet
  facet normal -0.951017 -0.309138 0
    outer loop
      vertex 29.7238 14.2198 31.15
      vertex 29.805 13.97 28.15
      vertex 29.805 13.97 31.15
    endloop
  endfacet
  facet normal 0 -1 0
    outer loop
      vertex 29.2487 14.3742 28.15
      vertex 29.5113 14.3742 31.15
      vertex 29.2487 14.3742 31.15
    endloop
  endfacet
  facet normal 0 -1 -0
    outer loop
      vertex 29.5113 14.3742 31.15
      vertex 29.2487 14.3742 28.15
      vertex 29.5113 14.3742 28.15
    endloop
  endfacet
  facet normal -0.587809 0.808999 0
    outer loop
      vertex 29.7238 13.7202 28.15
      vertex 29.5113 13.5658 31.15
      vertex 29.7238 13.7202 31.15
    endloop
  endfacet
  facet normal -0.587809 0.808999 0
    outer loop
      vertex 29.5113 13.5658 31.15
      vertex 29.7238 13.7202 28.15
      vertex 29.5113 13.5658 28.15
    endloop
  endfacet
  facet normal 0.951017 0.309138 0
    outer loop
      vertex 29.0362 13.7202 31.15
      vertex 28.955 13.97 28.15
      vertex 28.955 13.97 31.15
    endloop
  endfacet
  facet normal 0.951017 0.309138 0
    outer loop
      vertex 28.955 13.97 28.15
      vertex 29.0362 13.7202 31.15
      vertex 29.0362 13.7202 28.15
    endloop
  endfacet
  facet normal 0 1 -0
    outer loop
      vertex 29.5113 13.5658 28.15
      vertex 29.2487 13.5658 31.15
      vertex 29.5113 13.5658 31.15
    endloop
  endfacet
  facet normal 0 1 0
    outer loop
      vertex 29.2487 13.5658 31.15
      vertex 29.5113 13.5658 28.15
      vertex 29.2487 13.5658 28.15
    endloop
  endfacet
  facet normal -0.951017 0.309138 0
    outer loop
      vertex 29.7238 13.7202 28.15
      vertex 29.805 13.97 31.15
      vertex 29.805 13.97 28.15
    endloop
  endfacet
  facet normal -0.951017 0.309138 0
    outer loop
      vertex 29.805 13.97 31.15
      vertex 29.7238 13.7202 28.15
      vertex 29.7238 13.7202 31.15
    endloop
  endfacet
  facet normal 0.587809 -0.808999 0
    outer loop
      vertex 29.0362 14.2198 28.15
      vertex 29.2487 14.3742 31.15
      vertex 29.0362 14.2198 31.15
    endloop
  endfacet
  facet normal 0.587809 -0.808999 0
    outer loop
      vertex 29.2487 14.3742 31.15
      vertex 29.0362 14.2198 28.15
      vertex 29.2487 14.3742 28.15
    endloop
  endfacet
  facet normal 0 0 1
    outer loop
      vertex 29.7238 14.2198 28.15
      vertex 29.7238 13.7202 28.15
      vertex 29.805 13.97 28.15
    endloop
  endfacet
  facet normal 0 0 1
    outer loop
      vertex 29.5113 14.3742 28.15
      vertex 29.7238 13.7202 28.15
      vertex 29.7238 14.2198 28.15
    endloop
  endfacet
  facet normal 0 0 1
    outer loop
      vertex 29.5113 14.3742 28.15
      vertex 29.5113 13.5658 28.15
      vertex 29.7238 13.7202 28.15
    endloop
  endfacet
  facet normal -0 0 1
    outer loop
      vertex 29.2487 14.3742 28.15
      vertex 29.5113 13.5658 28.15
      vertex 29.5113 14.3742 28.15
    endloop
  endfacet
  facet normal 0 0 1
    outer loop
      vertex 29.2487 14.3742 28.15
      vertex 29.2487 13.5658 28.15
      vertex 29.5113 13.5658 28.15
    endloop
  endfacet
  facet normal -0 0 1
    outer loop
      vertex 29.0362 14.2198 28.15
      vertex 29.2487 13.5658 28.15
      vertex 29.2487 14.3742 28.15
    endloop
  endfacet
  facet normal 0 0 1
    outer loop
      vertex 29.0362 14.2198 28.15
      vertex 29.0362 13.7202 28.15
      vertex 29.2487 13.5658 28.15
    endloop
  endfacet
  facet normal 0 -0 1
    outer loop
      vertex 29.0362 13.7202 28.15
      vertex 29.0362 14.2198 28.15
      vertex 28.955 13.97 28.15
    endloop
  endfacet
  facet normal 0.951017 -0.309138 0
    outer loop
      vertex 28.955 13.97 31.15
      vertex 29.0362 14.2198 28.15
      vertex 29.0362 14.2198 31.15
    endloop
  endfacet
  facet normal 0.951017 -0.309138 0
    outer loop
      vertex 29.0362 14.2198 28.15
      vertex 28.955 13.97 31.15
      vertex 28.955 13.97 28.15
    endloop
  endfacet
  facet normal 0.587809 0.808999 -0
    outer loop
      vertex 29.2487 16.1058 28.15
      vertex 29.0362 16.2602 31.15
      vertex 29.2487 16.1058 31.15
    endloop
  endfacet
  facet normal 0.587809 0.808999 0
    outer loop
      vertex 29.0362 16.2602 31.15
      vertex 29.2487 16.1058 28.15
      vertex 29.0362 16.2602 28.15
    endloop
  endfacet
  facet normal -0.587809 -0.808999 0
    outer loop
      vertex 29.5113 16.9142 28.15
      vertex 29.7238 16.7598 31.15
      vertex 29.5113 16.9142 31.15
    endloop
  endfacet
  facet normal -0.587809 -0.808999 -0
    outer loop
      vertex 29.7238 16.7598 31.15
      vertex 29.5113 16.9142 28.15
      vertex 29.7238 16.7598 28.15
    endloop
  endfacet
  facet normal -0.951017 -0.309138 0
    outer loop
      vertex 29.805 16.51 28.15
      vertex 29.7238 16.7598 31.15
      vertex 29.7238 16.7598 28.15
    endloop
  endfacet
  facet normal -0.951017 -0.309138 0
    outer loop
      vertex 29.7238 16.7598 31.15
      vertex 29.805 16.51 28.15
      vertex 29.805 16.51 31.15
    endloop
  endfacet
  facet normal 0 -1 0
    outer loop
      vertex 29.2487 16.9142 28.15
      vertex 29.5113 16.9142 31.15
      vertex 29.2487 16.9142 31.15
    endloop
  endfacet
  facet normal 0 -1 -0
    outer loop
      vertex 29.5113 16.9142 31.15
      vertex 29.2487 16.9142 28.15
      vertex 29.5113 16.9142 28.15
    endloop
  endfacet
  facet normal -0.587809 0.808999 0
    outer loop
      vertex 29.7238 16.2602 28.15
      vertex 29.5113 16.1058 31.15
      vertex 29.7238 16.2602 31.15
    endloop
  endfacet
  facet normal -0.587809 0.808999 0
    outer loop
      vertex 29.5113 16.1058 31.15
      vertex 29.7238 16.2602 28.15
      vertex 29.5113 16.1058 28.15
    endloop
  endfacet
  facet normal 0.951017 0.309138 0
    outer loop
      vertex 29.0362 16.2602 31.15
      vertex 28.955 16.51 28.15
      vertex 28.955 16.51 31.15
    endloop
  endfacet
  facet normal 0.951017 0.309138 0
    outer loop
      vertex 28.955 16.51 28.15
      vertex 29.0362 16.2602 31.15
      vertex 29.0362 16.2602 28.15
    endloop
  endfacet
  facet normal 0 1 -0
    outer loop
      vertex 29.5113 16.1058 28.15
      vertex 29.2487 16.1058 31.15
      vertex 29.5113 16.1058 31.15
    endloop
  endfacet
  facet normal 0 1 0
    outer loop
      vertex 29.2487 16.1058 31.15
      vertex 29.5113 16.1058 28.15
      vertex 29.2487 16.1058 28.15
    endloop
  endfacet
  facet normal -0.951017 0.309138 0
    outer loop
      vertex 29.7238 16.2602 28.15
      vertex 29.805 16.51 31.15
      vertex 29.805 16.51 28.15
    endloop
  endfacet
  facet normal -0.951017 0.309138 0
    outer loop
      vertex 29.805 16.51 31.15
      vertex 29.7238 16.2602 28.15
      vertex 29.7238 16.2602 31.15
    endloop
  endfacet
  facet normal 0 0 1
    outer loop
      vertex 29.7238 16.7598 28.15
      vertex 29.7238 16.2602 28.15
      vertex 29.805 16.51 28.15
    endloop
  endfacet
  facet normal 0 0 1
    outer loop
      vertex 29.5113 16.9142 28.15
      vertex 29.7238 16.2602 28.15
      vertex 29.7238 16.7598 28.15
    endloop
  endfacet
  facet normal 0 0 1
    outer loop
      vertex 29.5113 16.9142 28.15
      vertex 29.5113 16.1058 28.15
      vertex 29.7238 16.2602 28.15
    endloop
  endfacet
  facet normal -0 0 1
    outer loop
      vertex 29.2487 16.9142 28.15
      vertex 29.5113 16.1058 28.15
      vertex 29.5113 16.9142 28.15
    endloop
  endfacet
  facet normal 0 0 1
    outer loop
      vertex 29.2487 16.9142 28.15
      vertex 29.2487 16.1058 28.15
      vertex 29.5113 16.1058 28.15
    endloop
  endfacet
  facet normal -0 0 1
    outer loop
      vertex 29.0362 16.7598 28.15
      vertex 29.2487 16.1058 28.15
      vertex 29.2487 16.9142 28.15
    endloop
  endfacet
  facet normal 0 0 1
    outer loop
      vertex 29.0362 16.7598 28.15
      vertex 29.0362 16.2602 28.15
      vertex 29.2487 16.1058 28.15
    endloop
  endfacet
  facet normal 0 -0 1
    outer loop
      vertex 29.0362 16.2602 28.15
      vertex 29.0362 16.7598 28.15
      vertex 28.955 16.51 28.15
    endloop
  endfacet
  facet normal 0.587809 -0.808999 0
    outer loop
      vertex 29.0362 16.7598 28.15
      vertex 29.2487 16.9142 31.15
      vertex 29.0362 16.7598 31.15
    endloop
  endfacet
  facet normal 0.587809 -0.808999 0
    outer loop
      vertex 29.2487 16.9142 31.15
      vertex 29.0362 16.7598 28.15
      vertex 29.2487 16.9142 28.15
    endloop
  endfacet
  facet normal 0.951017 -0.309138 0
    outer loop
      vertex 28.955 16.51 31.15
      vertex 29.0362 16.7598 28.15
      vertex 29.0362 16.7598 31.15
    endloop
  endfacet
  facet normal 0.951017 -0.309138 0
    outer loop
      vertex 29.0362 16.7598 28.15
      vertex 28.955 16.51 31.15
      vertex 28.955 16.51 28.15
    endloop
  endfacet
  facet normal 0.587809 0.808999 -0
    outer loop
      vertex 29.2487 18.6458 28.15
      vertex 29.0362 18.8002 31.15
      vertex 29.2487 18.6458 31.15
    endloop
  endfacet
  facet normal 0.587809 0.808999 0
    outer loop
      vertex 29.0362 18.8002 31.15
      vertex 29.2487 18.6458 28.15
      vertex 29.0362 18.8002 28.15
    endloop
  endfacet
  facet normal -0.587809 -0.808999 0
    outer loop
      vertex 29.5113 19.4542 28.15
      vertex 29.7238 19.2998 31.15
      vertex 29.5113 19.4542 31.15
    endloop
  endfacet
  facet normal -0.587809 -0.808999 -0
    outer loop
      vertex 29.7238 19.2998 31.15
      vertex 29.5113 19.4542 28.15
      vertex 29.7238 19.2998 28.15
    endloop
  endfacet
  facet normal -0.951017 -0.309138 0
    outer loop
      vertex 29.805 19.05 28.15
      vertex 29.7238 19.2998 31.15
      vertex 29.7238 19.2998 28.15
    endloop
  endfacet
  facet normal -0.951017 -0.309138 0
    outer loop
      vertex 29.7238 19.2998 31.15
      vertex 29.805 19.05 28.15
      vertex 29.805 19.05 31.15
    endloop
  endfacet
  facet normal 0 -1 0
    outer loop
      vertex 29.2487 19.4542 28.15
      vertex 29.5113 19.4542 31.15
      vertex 29.2487 19.4542 31.15
    endloop
  endfacet
  facet normal 0 -1 -0
    outer loop
      vertex 29.5113 19.4542 31.15
      vertex 29.2487 19.4542 28.15
      vertex 29.5113 19.4542 28.15
    endloop
  endfacet
  facet normal 0.587809 -0.808999 0
    outer loop
      vertex 29.0362 19.2998 28.15
      vertex 29.2487 19.4542 31.15
      vertex 29.0362 19.2998 31.15
    endloop
  endfacet
  facet normal 0.587809 -0.808999 0
    outer loop
      vertex 29.2487 19.4542 31.15
      vertex 29.0362 19.2998 28.15
      vertex 29.2487 19.4542 28.15
    endloop
  endfacet
  facet normal 0.951017 0.309138 0
    outer loop
      vertex 29.0362 18.8002 31.15
      vertex 28.955 19.05 28.15
      vertex 28.955 19.05 31.15
    endloop
  endfacet
  facet normal 0.951017 0.309138 0
    outer loop
      vertex 28.955 19.05 28.15
      vertex 29.0362 18.8002 31.15
      vertex 29.0362 18.8002 28.15
    endloop
  endfacet
  facet normal 0 0 1
    outer loop
      vertex 29.7238 19.2998 28.15
      vertex 29.7238 18.8002 28.15
      vertex 29.805 19.05 28.15
    endloop
  endfacet
  facet normal 0 0 1
    outer loop
      vertex 29.5113 19.4542 28.15
      vertex 29.7238 18.8002 28.15
      vertex 29.7238 19.2998 28.15
    endloop
  endfacet
  facet normal 0 0 1
    outer loop
      vertex 29.5113 19.4542 28.15
      vertex 29.5113 18.6458 28.15
      vertex 29.7238 18.8002 28.15
    endloop
  endfacet
  facet normal -0 0 1
    outer loop
      vertex 29.2487 19.4542 28.15
      vertex 29.5113 18.6458 28.15
      vertex 29.5113 19.4542 28.15
    endloop
  endfacet
  facet normal 0 0 1
    outer loop
      vertex 29.2487 19.4542 28.15
      vertex 29.2487 18.6458 28.15
      vertex 29.5113 18.6458 28.15
    endloop
  endfacet
  facet normal -0 0 1
    outer loop
      vertex 29.0362 19.2998 28.15
      vertex 29.2487 18.6458 28.15
      vertex 29.2487 19.4542 28.15
    endloop
  endfacet
  facet normal 0 0 1
    outer loop
      vertex 29.0362 19.2998 28.15
      vertex 29.0362 18.8002 28.15
      vertex 29.2487 18.6458 28.15
    endloop
  endfacet
  facet normal 0 -0 1
    outer loop
      vertex 29.0362 18.8002 28.15
      vertex 29.0362 19.2998 28.15
      vertex 28.955 19.05 28.15
    endloop
  endfacet
  facet normal -0.587809 0.808999 0
    outer loop
      vertex 29.7238 18.8002 28.15
      vertex 29.5113 18.6458 31.15
      vertex 29.7238 18.8002 31.15
    endloop
  endfacet
  facet normal -0.587809 0.808999 0
    outer loop
      vertex 29.5113 18.6458 31.15
      vertex 29.7238 18.8002 28.15
      vertex 29.5113 18.6458 28.15
    endloop
  endfacet
  facet normal -0.951017 0.309138 0
    outer loop
      vertex 29.7238 18.8002 28.15
      vertex 29.805 19.05 31.15
      vertex 29.805 19.05 28.15
    endloop
  endfacet
  facet normal -0.951017 0.309138 0
    outer loop
      vertex 29.805 19.05 31.15
      vertex 29.7238 18.8002 28.15
      vertex 29.7238 18.8002 31.15
    endloop
  endfacet
  facet normal 0 1 -0
    outer loop
      vertex 29.5113 18.6458 28.15
      vertex 29.2487 18.6458 31.15
      vertex 29.5113 18.6458 31.15
    endloop
  endfacet
  facet normal 0 1 0
    outer loop
      vertex 29.2487 18.6458 31.15
      vertex 29.5113 18.6458 28.15
      vertex 29.2487 18.6458 28.15
    endloop
  endfacet
  facet normal 0.951017 -0.309138 0
    outer loop
      vertex 28.955 19.05 31.15
      vertex 29.0362 19.2998 28.15
      vertex 29.0362 19.2998 31.15
    endloop
  endfacet
  facet normal 0.951017 -0.309138 0
    outer loop
      vertex 29.0362 19.2998 28.15
      vertex 28.955 19.05 31.15
      vertex 28.955 19.05 28.15
    endloop
  endfacet
  facet normal 0.951017 0.309138 0
    outer loop
      vertex 31.5762 -19.2998 31.15
      vertex 31.495 -19.05 28.15
      vertex 31.495 -19.05 31.15
    endloop
  endfacet
  facet normal 0.951017 0.309138 0
    outer loop
      vertex 31.495 -19.05 28.15
      vertex 31.5762 -19.2998 31.15
      vertex 31.5762 -19.2998 28.15
    endloop
  endfacet
  facet normal -0.587809 -0.808999 0
    outer loop
      vertex 32.0513 -18.6458 28.15
      vertex 32.2638 -18.8002 31.15
      vertex 32.0513 -18.6458 31.15
    endloop
  endfacet
  facet normal -0.587809 -0.808999 -0
    outer loop
      vertex 32.2638 -18.8002 31.15
      vertex 32.0513 -18.6458 28.15
      vertex 32.2638 -18.8002 28.15
    endloop
  endfacet
  facet normal -0.951017 -0.309138 0
    outer loop
      vertex 32.345 -19.05 28.15
      vertex 32.2638 -18.8002 31.15
      vertex 32.2638 -18.8002 28.15
    endloop
  endfacet
  facet normal -0.951017 -0.309138 0
    outer loop
      vertex 32.2638 -18.8002 31.15
      vertex 32.345 -19.05 28.15
      vertex 32.345 -19.05 31.15
    endloop
  endfacet
  facet normal 0 -1 0
    outer loop
      vertex 31.7887 -18.6458 28.15
      vertex 32.0513 -18.6458 31.15
      vertex 31.7887 -18.6458 31.15
    endloop
  endfacet
  facet normal 0 -1 -0
    outer loop
      vertex 32.0513 -18.6458 31.15
      vertex 31.7887 -18.6458 28.15
      vertex 32.0513 -18.6458 28.15
    endloop
  endfacet
  facet normal 0.587809 0.808999 -0
    outer loop
      vertex 31.7887 -19.4542 28.15
      vertex 31.5762 -19.2998 31.15
      vertex 31.7887 -19.4542 31.15
    endloop
  endfacet
  facet normal 0.587809 0.808999 0
    outer loop
      vertex 31.5762 -19.2998 31.15
      vertex 31.7887 -19.4542 28.15
      vertex 31.5762 -19.2998 28.15
    endloop
  endfacet
  facet normal -0.951017 0.309138 0
    outer loop
      vertex 32.2638 -19.2998 28.15
      vertex 32.345 -19.05 31.15
      vertex 32.345 -19.05 28.15
    endloop
  endfacet
  facet normal -0.951017 0.309138 0
    outer loop
      vertex 32.345 -19.05 31.15
      vertex 32.2638 -19.2998 28.15
      vertex 32.2638 -19.2998 31.15
    endloop
  endfacet
  facet normal 0.587809 -0.808999 0
    outer loop
      vertex 31.5762 -18.8002 28.15
      vertex 31.7887 -18.6458 31.15
      vertex 31.5762 -18.8002 31.15
    endloop
  endfacet
  facet normal 0.587809 -0.808999 0
    outer loop
      vertex 31.7887 -18.6458 31.15
      vertex 31.5762 -18.8002 28.15
      vertex 31.7887 -18.6458 28.15
    endloop
  endfacet
  facet normal 0 1 -0
    outer loop
      vertex 32.0513 -19.4542 28.15
      vertex 31.7887 -19.4542 31.15
      vertex 32.0513 -19.4542 31.15
    endloop
  endfacet
  facet normal 0 1 0
    outer loop
      vertex 31.7887 -19.4542 31.15
      vertex 32.0513 -19.4542 28.15
      vertex 31.7887 -19.4542 28.15
    endloop
  endfacet
  facet normal -0.587809 0.808999 0
    outer loop
      vertex 32.2638 -19.2998 28.15
      vertex 32.0513 -19.4542 31.15
      vertex 32.2638 -19.2998 31.15
    endloop
  endfacet
  facet normal -0.587809 0.808999 0
    outer loop
      vertex 32.0513 -19.4542 31.15
      vertex 32.2638 -19.2998 28.15
      vertex 32.0513 -19.4542 28.15
    endloop
  endfacet
  facet normal 0.951017 -0.309138 0
    outer loop
      vertex 31.495 -19.05 31.15
      vertex 31.5762 -18.8002 28.15
      vertex 31.5762 -18.8002 31.15
    endloop
  endfacet
  facet normal 0.951017 -0.309138 0
    outer loop
      vertex 31.5762 -18.8002 28.15
      vertex 31.495 -19.05 31.15
      vertex 31.495 -19.05 28.15
    endloop
  endfacet
  facet normal 0 0 1
    outer loop
      vertex 32.2638 -18.8002 28.15
      vertex 32.2638 -19.2998 28.15
      vertex 32.345 -19.05 28.15
    endloop
  endfacet
  facet normal 0 0 1
    outer loop
      vertex 32.0513 -18.6458 28.15
      vertex 32.2638 -19.2998 28.15
      vertex 32.2638 -18.8002 28.15
    endloop
  endfacet
  facet normal 0 0 1
    outer loop
      vertex 32.0513 -18.6458 28.15
      vertex 32.0513 -19.4542 28.15
      vertex 32.2638 -19.2998 28.15
    endloop
  endfacet
  facet normal -0 0 1
    outer loop
      vertex 31.7887 -18.6458 28.15
      vertex 32.0513 -19.4542 28.15
      vertex 32.0513 -18.6458 28.15
    endloop
  endfacet
  facet normal 0 0 1
    outer loop
      vertex 31.7887 -18.6458 28.15
      vertex 31.7887 -19.4542 28.15
      vertex 32.0513 -19.4542 28.15
    endloop
  endfacet
  facet normal -0 0 1
    outer loop
      vertex 31.5762 -18.8002 28.15
      vertex 31.7887 -19.4542 28.15
      vertex 31.7887 -18.6458 28.15
    endloop
  endfacet
  facet normal 0 0 1
    outer loop
      vertex 31.5762 -18.8002 28.15
      vertex 31.5762 -19.2998 28.15
      vertex 31.7887 -19.4542 28.15
    endloop
  endfacet
  facet normal 0 -0 1
    outer loop
      vertex 31.5762 -19.2998 28.15
      vertex 31.5762 -18.8002 28.15
      vertex 31.495 -19.05 28.15
    endloop
  endfacet
  facet normal 0.951017 0.309138 0
    outer loop
      vertex 31.5762 -16.7598 31.15
      vertex 31.495 -16.51 28.15
      vertex 31.495 -16.51 31.15
    endloop
  endfacet
  facet normal 0.951017 0.309138 0
    outer loop
      vertex 31.495 -16.51 28.15
      vertex 31.5762 -16.7598 31.15
      vertex 31.5762 -16.7598 28.15
    endloop
  endfacet
  facet normal -0.587809 -0.808999 0
    outer loop
      vertex 32.0513 -16.1058 28.15
      vertex 32.2638 -16.2602 31.15
      vertex 32.0513 -16.1058 31.15
    endloop
  endfacet
  facet normal -0.587809 -0.808999 -0
    outer loop
      vertex 32.2638 -16.2602 31.15
      vertex 32.0513 -16.1058 28.15
      vertex 32.2638 -16.2602 28.15
    endloop
  endfacet
  facet normal -0.951017 -0.309138 0
    outer loop
      vertex 32.345 -16.51 28.15
      vertex 32.2638 -16.2602 31.15
      vertex 32.2638 -16.2602 28.15
    endloop
  endfacet
  facet normal -0.951017 -0.309138 0
    outer loop
      vertex 32.2638 -16.2602 31.15
      vertex 32.345 -16.51 28.15
      vertex 32.345 -16.51 31.15
    endloop
  endfacet
  facet normal 0 -1 0
    outer loop
      vertex 31.7887 -16.1058 28.15
      vertex 32.0513 -16.1058 31.15
      vertex 31.7887 -16.1058 31.15
    endloop
  endfacet
  facet normal 0 -1 -0
    outer loop
      vertex 32.0513 -16.1058 31.15
      vertex 31.7887 -16.1058 28.15
      vertex 32.0513 -16.1058 28.15
    endloop
  endfacet
  facet normal 0.587809 0.808999 -0
    outer loop
      vertex 31.7887 -16.9142 28.15
      vertex 31.5762 -16.7598 31.15
      vertex 31.7887 -16.9142 31.15
    endloop
  endfacet
  facet normal 0.587809 0.808999 0
    outer loop
      vertex 31.5762 -16.7598 31.15
      vertex 31.7887 -16.9142 28.15
      vertex 31.5762 -16.7598 28.15
    endloop
  endfacet
  facet normal -0.951017 0.309138 0
    outer loop
      vertex 32.2638 -16.7598 28.15
      vertex 32.345 -16.51 31.15
      vertex 32.345 -16.51 28.15
    endloop
  endfacet
  facet normal -0.951017 0.309138 0
    outer loop
      vertex 32.345 -16.51 31.15
      vertex 32.2638 -16.7598 28.15
      vertex 32.2638 -16.7598 31.15
    endloop
  endfacet
  facet normal 0.587809 -0.808999 0
    outer loop
      vertex 31.5762 -16.2602 28.15
      vertex 31.7887 -16.1058 31.15
      vertex 31.5762 -16.2602 31.15
    endloop
  endfacet
  facet normal 0.587809 -0.808999 0
    outer loop
      vertex 31.7887 -16.1058 31.15
      vertex 31.5762 -16.2602 28.15
      vertex 31.7887 -16.1058 28.15
    endloop
  endfacet
  facet normal 0 1 -0
    outer loop
      vertex 32.0513 -16.9142 28.15
      vertex 31.7887 -16.9142 31.15
      vertex 32.0513 -16.9142 31.15
    endloop
  endfacet
  facet normal 0 1 0
    outer loop
      vertex 31.7887 -16.9142 31.15
      vertex 32.0513 -16.9142 28.15
      vertex 31.7887 -16.9142 28.15
    endloop
  endfacet
  facet normal -0.587809 0.808999 0
    outer loop
      vertex 32.2638 -16.7598 28.15
      vertex 32.0513 -16.9142 31.15
      vertex 32.2638 -16.7598 31.15
    endloop
  endfacet
  facet normal -0.587809 0.808999 0
    outer loop
      vertex 32.0513 -16.9142 31.15
      vertex 32.2638 -16.7598 28.15
      vertex 32.0513 -16.9142 28.15
    endloop
  endfacet
  facet normal 0.951017 -0.309138 0
    outer loop
      vertex 31.495 -16.51 31.15
      vertex 31.5762 -16.2602 28.15
      vertex 31.5762 -16.2602 31.15
    endloop
  endfacet
  facet normal 0.951017 -0.309138 0
    outer loop
      vertex 31.5762 -16.2602 28.15
      vertex 31.495 -16.51 31.15
      vertex 31.495 -16.51 28.15
    endloop
  endfacet
  facet normal 0 0 1
    outer loop
      vertex 32.2638 -16.2602 28.15
      vertex 32.2638 -16.7598 28.15
      vertex 32.345 -16.51 28.15
    endloop
  endfacet
  facet normal 0 0 1
    outer loop
      vertex 32.0513 -16.1058 28.15
      vertex 32.2638 -16.7598 28.15
      vertex 32.2638 -16.2602 28.15
    endloop
  endfacet
  facet normal 0 0 1
    outer loop
      vertex 32.0513 -16.1058 28.15
      vertex 32.0513 -16.9142 28.15
      vertex 32.2638 -16.7598 28.15
    endloop
  endfacet
  facet normal -0 0 1
    outer loop
      vertex 31.7887 -16.1058 28.15
      vertex 32.0513 -16.9142 28.15
      vertex 32.0513 -16.1058 28.15
    endloop
  endfacet
  facet normal 0 0 1
    outer loop
      vertex 31.7887 -16.1058 28.15
      vertex 31.7887 -16.9142 28.15
      vertex 32.0513 -16.9142 28.15
    endloop
  endfacet
  facet normal -0 0 1
    outer loop
      vertex 31.5762 -16.2602 28.15
      vertex 31.7887 -16.9142 28.15
      vertex 31.7887 -16.1058 28.15
    endloop
  endfacet
  facet normal 0 0 1
    outer loop
      vertex 31.5762 -16.2602 28.15
      vertex 31.5762 -16.7598 28.15
      vertex 31.7887 -16.9142 28.15
    endloop
  endfacet
  facet normal 0 -0 1
    outer loop
      vertex 31.5762 -16.7598 28.15
      vertex 31.5762 -16.2602 28.15
      vertex 31.495 -16.51 28.15
    endloop
  endfacet
  facet normal 0.951017 0.309138 0
    outer loop
      vertex 31.5762 -14.2198 31.15
      vertex 31.495 -13.97 28.15
      vertex 31.495 -13.97 31.15
    endloop
  endfacet
  facet normal 0.951017 0.309138 0
    outer loop
      vertex 31.495 -13.97 28.15
      vertex 31.5762 -14.2198 31.15
      vertex 31.5762 -14.2198 28.15
    endloop
  endfacet
  facet normal -0.587809 -0.808999 0
    outer loop
      vertex 32.0513 -13.5658 28.15
      vertex 32.2638 -13.7202 31.15
      vertex 32.0513 -13.5658 31.15
    endloop
  endfacet
  facet normal -0.587809 -0.808999 -0
    outer loop
      vertex 32.2638 -13.7202 31.15
      vertex 32.0513 -13.5658 28.15
      vertex 32.2638 -13.7202 28.15
    endloop
  endfacet
  facet normal -0.951017 -0.309138 0
    outer loop
      vertex 32.345 -13.97 28.15
      vertex 32.2638 -13.7202 31.15
      vertex 32.2638 -13.7202 28.15
    endloop
  endfacet
  facet normal -0.951017 -0.309138 0
    outer loop
      vertex 32.2638 -13.7202 31.15
      vertex 32.345 -13.97 28.15
      vertex 32.345 -13.97 31.15
    endloop
  endfacet
  facet normal 0 -1 0
    outer loop
      vertex 31.7887 -13.5658 28.15
      vertex 32.0513 -13.5658 31.15
      vertex 31.7887 -13.5658 31.15
    endloop
  endfacet
  facet normal 0 -1 -0
    outer loop
      vertex 32.0513 -13.5658 31.15
      vertex 31.7887 -13.5658 28.15
      vertex 32.0513 -13.5658 28.15
    endloop
  endfacet
  facet normal 0.587809 0.808999 -0
    outer loop
      vertex 31.7887 -14.3742 28.15
      vertex 31.5762 -14.2198 31.15
      vertex 31.7887 -14.3742 31.15
    endloop
  endfacet
  facet normal 0.587809 0.808999 0
    outer loop
      vertex 31.5762 -14.2198 31.15
      vertex 31.7887 -14.3742 28.15
      vertex 31.5762 -14.2198 28.15
    endloop
  endfacet
  facet normal -0.951017 0.309138 0
    outer loop
      vertex 32.2638 -14.2198 28.15
      vertex 32.345 -13.97 31.15
      vertex 32.345 -13.97 28.15
    endloop
  endfacet
  facet normal -0.951017 0.309138 0
    outer loop
      vertex 32.345 -13.97 31.15
      vertex 32.2638 -14.2198 28.15
      vertex 32.2638 -14.2198 31.15
    endloop
  endfacet
  facet normal 0.587809 -0.808999 0
    outer loop
      vertex 31.5762 -13.7202 28.15
      vertex 31.7887 -13.5658 31.15
      vertex 31.5762 -13.7202 31.15
    endloop
  endfacet
  facet normal 0.587809 -0.808999 0
    outer loop
      vertex 31.7887 -13.5658 31.15
      vertex 31.5762 -13.7202 28.15
      vertex 31.7887 -13.5658 28.15
    endloop
  endfacet
  facet normal 0 1 -0
    outer loop
      vertex 32.0513 -14.3742 28.15
      vertex 31.7887 -14.3742 31.15
      vertex 32.0513 -14.3742 31.15
    endloop
  endfacet
  facet normal 0 1 0
    outer loop
      vertex 31.7887 -14.3742 31.15
      vertex 32.0513 -14.3742 28.15
      vertex 31.7887 -14.3742 28.15
    endloop
  endfacet
  facet normal -0.587809 0.808999 0
    outer loop
      vertex 32.2638 -14.2198 28.15
      vertex 32.0513 -14.3742 31.15
      vertex 32.2638 -14.2198 31.15
    endloop
  endfacet
  facet normal -0.587809 0.808999 0
    outer loop
      vertex 32.0513 -14.3742 31.15
      vertex 32.2638 -14.2198 28.15
      vertex 32.0513 -14.3742 28.15
    endloop
  endfacet
  facet normal 0.951017 -0.309138 0
    outer loop
      vertex 31.495 -13.97 31.15
      vertex 31.5762 -13.7202 28.15
      vertex 31.5762 -13.7202 31.15
    endloop
  endfacet
  facet normal 0.951017 -0.309138 0
    outer loop
      vertex 31.5762 -13.7202 28.15
      vertex 31.495 -13.97 31.15
      vertex 31.495 -13.97 28.15
    endloop
  endfacet
  facet normal 0 0 1
    outer loop
      vertex 32.2638 -13.7202 28.15
      vertex 32.2638 -14.2198 28.15
      vertex 32.345 -13.97 28.15
    endloop
  endfacet
  facet normal 0 0 1
    outer loop
      vertex 32.0513 -13.5658 28.15
      vertex 32.2638 -14.2198 28.15
      vertex 32.2638 -13.7202 28.15
    endloop
  endfacet
  facet normal 0 0 1
    outer loop
      vertex 32.0513 -13.5658 28.15
      vertex 32.0513 -14.3742 28.15
      vertex 32.2638 -14.2198 28.15
    endloop
  endfacet
  facet normal -0 0 1
    outer loop
      vertex 31.7887 -13.5658 28.15
      vertex 32.0513 -14.3742 28.15
      vertex 32.0513 -13.5658 28.15
    endloop
  endfacet
  facet normal 0 0 1
    outer loop
      vertex 31.7887 -13.5658 28.15
      vertex 31.7887 -14.3742 28.15
      vertex 32.0513 -14.3742 28.15
    endloop
  endfacet
  facet normal -0 0 1
    outer loop
      vertex 31.5762 -13.7202 28.15
      vertex 31.7887 -14.3742 28.15
      vertex 31.7887 -13.5658 28.15
    endloop
  endfacet
  facet normal 0 0 1
    outer loop
      vertex 31.5762 -13.7202 28.15
      vertex 31.5762 -14.2198 28.15
      vertex 31.7887 -14.3742 28.15
    endloop
  endfacet
  facet normal 0 -0 1
    outer loop
      vertex 31.5762 -14.2198 28.15
      vertex 31.5762 -13.7202 28.15
      vertex 31.495 -13.97 28.15
    endloop
  endfacet
  facet normal 0.951017 0.309138 0
    outer loop
      vertex 31.5762 -11.6798 31.15
      vertex 31.495 -11.43 28.15
      vertex 31.495 -11.43 31.15
    endloop
  endfacet
  facet normal 0.951017 0.309138 0
    outer loop
      vertex 31.495 -11.43 28.15
      vertex 31.5762 -11.6798 31.15
      vertex 31.5762 -11.6798 28.15
    endloop
  endfacet
  facet normal -0.587809 -0.808999 0
    outer loop
      vertex 32.0513 -11.0258 28.15
      vertex 32.2638 -11.1802 31.15
      vertex 32.0513 -11.0258 31.15
    endloop
  endfacet
  facet normal -0.587809 -0.808999 -0
    outer loop
      vertex 32.2638 -11.1802 31.15
      vertex 32.0513 -11.0258 28.15
      vertex 32.2638 -11.1802 28.15
    endloop
  endfacet
  facet normal -0.951017 -0.309138 0
    outer loop
      vertex 32.345 -11.43 28.15
      vertex 32.2638 -11.1802 31.15
      vertex 32.2638 -11.1802 28.15
    endloop
  endfacet
  facet normal -0.951017 -0.309138 0
    outer loop
      vertex 32.2638 -11.1802 31.15
      vertex 32.345 -11.43 28.15
      vertex 32.345 -11.43 31.15
    endloop
  endfacet
  facet normal 0 -1 0
    outer loop
      vertex 31.7887 -11.0258 28.15
      vertex 32.0513 -11.0258 31.15
      vertex 31.7887 -11.0258 31.15
    endloop
  endfacet
  facet normal 0 -1 -0
    outer loop
      vertex 32.0513 -11.0258 31.15
      vertex 31.7887 -11.0258 28.15
      vertex 32.0513 -11.0258 28.15
    endloop
  endfacet
  facet normal 0.587809 0.808999 -0
    outer loop
      vertex 31.7887 -11.8342 28.15
      vertex 31.5762 -11.6798 31.15
      vertex 31.7887 -11.8342 31.15
    endloop
  endfacet
  facet normal 0.587809 0.808999 0
    outer loop
      vertex 31.5762 -11.6798 31.15
      vertex 31.7887 -11.8342 28.15
      vertex 31.5762 -11.6798 28.15
    endloop
  endfacet
  facet normal -0.951017 0.309138 0
    outer loop
      vertex 32.2638 -11.6798 28.15
      vertex 32.345 -11.43 31.15
      vertex 32.345 -11.43 28.15
    endloop
  endfacet
  facet normal -0.951017 0.309138 0
    outer loop
      vertex 32.345 -11.43 31.15
      vertex 32.2638 -11.6798 28.15
      vertex 32.2638 -11.6798 31.15
    endloop
  endfacet
  facet normal 0.587809 -0.808999 0
    outer loop
      vertex 31.5762 -11.1802 28.15
      vertex 31.7887 -11.0258 31.15
      vertex 31.5762 -11.1802 31.15
    endloop
  endfacet
  facet normal 0.587809 -0.808999 0
    outer loop
      vertex 31.7887 -11.0258 31.15
      vertex 31.5762 -11.1802 28.15
      vertex 31.7887 -11.0258 28.15
    endloop
  endfacet
  facet normal 0 1 -0
    outer loop
      vertex 32.0513 -11.8342 28.15
      vertex 31.7887 -11.8342 31.15
      vertex 32.0513 -11.8342 31.15
    endloop
  endfacet
  facet normal 0 1 0
    outer loop
      vertex 31.7887 -11.8342 31.15
      vertex 32.0513 -11.8342 28.15
      vertex 31.7887 -11.8342 28.15
    endloop
  endfacet
  facet normal -0.587809 0.808999 0
    outer loop
      vertex 32.2638 -11.6798 28.15
      vertex 32.0513 -11.8342 31.15
      vertex 32.2638 -11.6798 31.15
    endloop
  endfacet
  facet normal -0.587809 0.808999 0
    outer loop
      vertex 32.0513 -11.8342 31.15
      vertex 32.2638 -11.6798 28.15
      vertex 32.0513 -11.8342 28.15
    endloop
  endfacet
  facet normal 0.951017 -0.309138 0
    outer loop
      vertex 31.495 -11.43 31.15
      vertex 31.5762 -11.1802 28.15
      vertex 31.5762 -11.1802 31.15
    endloop
  endfacet
  facet normal 0.951017 -0.309138 0
    outer loop
      vertex 31.5762 -11.1802 28.15
      vertex 31.495 -11.43 31.15
      vertex 31.495 -11.43 28.15
    endloop
  endfacet
  facet normal 0 0 1
    outer loop
      vertex 32.2638 -11.1802 28.15
      vertex 32.2638 -11.6798 28.15
      vertex 32.345 -11.43 28.15
    endloop
  endfacet
  facet normal 0 0 1
    outer loop
      vertex 32.0513 -11.0258 28.15
      vertex 32.2638 -11.6798 28.15
      vertex 32.2638 -11.1802 28.15
    endloop
  endfacet
  facet normal 0 0 1
    outer loop
      vertex 32.0513 -11.0258 28.15
      vertex 32.0513 -11.8342 28.15
      vertex 32.2638 -11.6798 28.15
    endloop
  endfacet
  facet normal -0 0 1
    outer loop
      vertex 31.7887 -11.0258 28.15
      vertex 32.0513 -11.8342 28.15
      vertex 32.0513 -11.0258 28.15
    endloop
  endfacet
  facet normal 0 0 1
    outer loop
      vertex 31.7887 -11.0258 28.15
      vertex 31.7887 -11.8342 28.15
      vertex 32.0513 -11.8342 28.15
    endloop
  endfacet
  facet normal -0 0 1
    outer loop
      vertex 31.5762 -11.1802 28.15
      vertex 31.7887 -11.8342 28.15
      vertex 31.7887 -11.0258 28.15
    endloop
  endfacet
  facet normal 0 0 1
    outer loop
      vertex 31.5762 -11.1802 28.15
      vertex 31.5762 -11.6798 28.15
      vertex 31.7887 -11.8342 28.15
    endloop
  endfacet
  facet normal 0 -0 1
    outer loop
      vertex 31.5762 -11.6798 28.15
      vertex 31.5762 -11.1802 28.15
      vertex 31.495 -11.43 28.15
    endloop
  endfacet
  facet normal 0.951021 0.309127 0
    outer loop
      vertex 31.5762 -9.13981 31.15
      vertex 31.495 -8.89 28.15
      vertex 31.495 -8.89 31.15
    endloop
  endfacet
  facet normal 0.951021 0.309127 0
    outer loop
      vertex 31.495 -8.89 28.15
      vertex 31.5762 -9.13981 31.15
      vertex 31.5762 -9.13981 28.15
    endloop
  endfacet
  facet normal -0.587785 -0.809018 0
    outer loop
      vertex 32.0513 -8.4858 28.15
      vertex 32.2638 -8.64019 31.15
      vertex 32.0513 -8.4858 31.15
    endloop
  endfacet
  facet normal -0.587785 -0.809018 -0
    outer loop
      vertex 32.2638 -8.64019 31.15
      vertex 32.0513 -8.4858 28.15
      vertex 32.2638 -8.64019 28.15
    endloop
  endfacet
  facet normal -0.951021 -0.309127 0
    outer loop
      vertex 32.345 -8.89 28.15
      vertex 32.2638 -8.64019 31.15
      vertex 32.2638 -8.64019 28.15
    endloop
  endfacet
  facet normal -0.951021 -0.309127 0
    outer loop
      vertex 32.2638 -8.64019 31.15
      vertex 32.345 -8.89 28.15
      vertex 32.345 -8.89 31.15
    endloop
  endfacet
  facet normal 0 -1 0
    outer loop
      vertex 31.7887 -8.4858 28.15
      vertex 32.0513 -8.4858 31.15
      vertex 31.7887 -8.4858 31.15
    endloop
  endfacet
  facet normal 0 -1 -0
    outer loop
      vertex 32.0513 -8.4858 31.15
      vertex 31.7887 -8.4858 28.15
      vertex 32.0513 -8.4858 28.15
    endloop
  endfacet
  facet normal 0.587785 0.809018 -0
    outer loop
      vertex 31.7887 -9.2942 28.15
      vertex 31.5762 -9.13981 31.15
      vertex 31.7887 -9.2942 31.15
    endloop
  endfacet
  facet normal 0.587785 0.809018 0
    outer loop
      vertex 31.5762 -9.13981 31.15
      vertex 31.7887 -9.2942 28.15
      vertex 31.5762 -9.13981 28.15
    endloop
  endfacet
  facet normal -0.951021 0.309127 0
    outer loop
      vertex 32.2638 -9.13981 28.15
      vertex 32.345 -8.89 31.15
      vertex 32.345 -8.89 28.15
    endloop
  endfacet
  facet normal -0.951021 0.309127 0
    outer loop
      vertex 32.345 -8.89 31.15
      vertex 32.2638 -9.13981 28.15
      vertex 32.2638 -9.13981 31.15
    endloop
  endfacet
  facet normal 0.587785 -0.809018 0
    outer loop
      vertex 31.5762 -8.64019 28.15
      vertex 31.7887 -8.4858 31.15
      vertex 31.5762 -8.64019 31.15
    endloop
  endfacet
  facet normal 0.587785 -0.809018 0
    outer loop
      vertex 31.7887 -8.4858 31.15
      vertex 31.5762 -8.64019 28.15
      vertex 31.7887 -8.4858 28.15
    endloop
  endfacet
  facet normal 0 1 -0
    outer loop
      vertex 32.0513 -9.2942 28.15
      vertex 31.7887 -9.2942 31.15
      vertex 32.0513 -9.2942 31.15
    endloop
  endfacet
  facet normal 0 1 0
    outer loop
      vertex 31.7887 -9.2942 31.15
      vertex 32.0513 -9.2942 28.15
      vertex 31.7887 -9.2942 28.15
    endloop
  endfacet
  facet normal -0.587785 0.809018 0
    outer loop
      vertex 32.2638 -9.13981 28.15
      vertex 32.0513 -9.2942 31.15
      vertex 32.2638 -9.13981 31.15
    endloop
  endfacet
  facet normal -0.587785 0.809018 0
    outer loop
      vertex 32.0513 -9.2942 31.15
      vertex 32.2638 -9.13981 28.15
      vertex 32.0513 -9.2942 28.15
    endloop
  endfacet
  facet normal 0.951021 -0.309127 0
    outer loop
      vertex 31.495 -8.89 31.15
      vertex 31.5762 -8.64019 28.15
      vertex 31.5762 -8.64019 31.15
    endloop
  endfacet
  facet normal 0.951021 -0.309127 0
    outer loop
      vertex 31.5762 -8.64019 28.15
      vertex 31.495 -8.89 31.15
      vertex 31.495 -8.89 28.15
    endloop
  endfacet
  facet normal 0 0 1
    outer loop
      vertex 32.2638 -8.64019 28.15
      vertex 32.2638 -9.13981 28.15
      vertex 32.345 -8.89 28.15
    endloop
  endfacet
  facet normal 0 0 1
    outer loop
      vertex 32.0513 -8.4858 28.15
      vertex 32.2638 -9.13981 28.15
      vertex 32.2638 -8.64019 28.15
    endloop
  endfacet
  facet normal 0 0 1
    outer loop
      vertex 32.0513 -8.4858 28.15
      vertex 32.0513 -9.2942 28.15
      vertex 32.2638 -9.13981 28.15
    endloop
  endfacet
  facet normal -0 0 1
    outer loop
      vertex 31.7887 -8.4858 28.15
      vertex 32.0513 -9.2942 28.15
      vertex 32.0513 -8.4858 28.15
    endloop
  endfacet
  facet normal 0 0 1
    outer loop
      vertex 31.7887 -8.4858 28.15
      vertex 31.7887 -9.2942 28.15
      vertex 32.0513 -9.2942 28.15
    endloop
  endfacet
  facet normal -0 0 1
    outer loop
      vertex 31.5762 -8.64019 28.15
      vertex 31.7887 -9.2942 28.15
      vertex 31.7887 -8.4858 28.15
    endloop
  endfacet
  facet normal 0 0 1
    outer loop
      vertex 31.5762 -8.64019 28.15
      vertex 31.5762 -9.13981 28.15
      vertex 31.7887 -9.2942 28.15
    endloop
  endfacet
  facet normal 0 -0 1
    outer loop
      vertex 31.5762 -9.13981 28.15
      vertex 31.5762 -8.64019 28.15
      vertex 31.495 -8.89 28.15
    endloop
  endfacet
  facet normal 0.587785 0.809018 -0
    outer loop
      vertex 31.7887 -6.7542 28.15
      vertex 31.5762 -6.59981 31.15
      vertex 31.7887 -6.7542 31.15
    endloop
  endfacet
  facet normal 0.587785 0.809018 0
    outer loop
      vertex 31.5762 -6.59981 31.15
      vertex 31.7887 -6.7542 28.15
      vertex 31.5762 -6.59981 28.15
    endloop
  endfacet
  facet normal -0.587785 -0.809018 0
    outer loop
      vertex 32.0513 -5.9458 28.15
      vertex 32.2638 -6.10019 31.15
      vertex 32.0513 -5.9458 31.15
    endloop
  endfacet
  facet normal -0.587785 -0.809018 -0
    outer loop
      vertex 32.2638 -6.10019 31.15
      vertex 32.0513 -5.9458 28.15
      vertex 32.2638 -6.10019 28.15
    endloop
  endfacet
  facet normal -0.951021 -0.309127 0
    outer loop
      vertex 32.345 -6.35 28.15
      vertex 32.2638 -6.10019 31.15
      vertex 32.2638 -6.10019 28.15
    endloop
  endfacet
  facet normal -0.951021 -0.309127 0
    outer loop
      vertex 32.2638 -6.10019 31.15
      vertex 32.345 -6.35 28.15
      vertex 32.345 -6.35 31.15
    endloop
  endfacet
  facet normal 0 -1 0
    outer loop
      vertex 31.7887 -5.9458 28.15
      vertex 32.0513 -5.9458 31.15
      vertex 31.7887 -5.9458 31.15
    endloop
  endfacet
  facet normal 0 -1 -0
    outer loop
      vertex 32.0513 -5.9458 31.15
      vertex 31.7887 -5.9458 28.15
      vertex 32.0513 -5.9458 28.15
    endloop
  endfacet
  facet normal -0.587785 0.809018 0
    outer loop
      vertex 32.2638 -6.59981 28.15
      vertex 32.0513 -6.7542 31.15
      vertex 32.2638 -6.59981 31.15
    endloop
  endfacet
  facet normal -0.587785 0.809018 0
    outer loop
      vertex 32.0513 -6.7542 31.15
      vertex 32.2638 -6.59981 28.15
      vertex 32.0513 -6.7542 28.15
    endloop
  endfacet
  facet normal 0.951021 0.309127 0
    outer loop
      vertex 31.5762 -6.59981 31.15
      vertex 31.495 -6.35 28.15
      vertex 31.495 -6.35 31.15
    endloop
  endfacet
  facet normal 0.951021 0.309127 0
    outer loop
      vertex 31.495 -6.35 28.15
      vertex 31.5762 -6.59981 31.15
      vertex 31.5762 -6.59981 28.15
    endloop
  endfacet
  facet normal 0 1 -0
    outer loop
      vertex 32.0513 -6.7542 28.15
      vertex 31.7887 -6.7542 31.15
      vertex 32.0513 -6.7542 31.15
    endloop
  endfacet
  facet normal 0 1 0
    outer loop
      vertex 31.7887 -6.7542 31.15
      vertex 32.0513 -6.7542 28.15
      vertex 31.7887 -6.7542 28.15
    endloop
  endfacet
  facet normal -0.951021 0.309127 0
    outer loop
      vertex 32.2638 -6.59981 28.15
      vertex 32.345 -6.35 31.15
      vertex 32.345 -6.35 28.15
    endloop
  endfacet
  facet normal -0.951021 0.309127 0
    outer loop
      vertex 32.345 -6.35 31.15
      vertex 32.2638 -6.59981 28.15
      vertex 32.2638 -6.59981 31.15
    endloop
  endfacet
  facet normal 0 0 1
    outer loop
      vertex 32.2638 -6.10019 28.15
      vertex 32.2638 -6.59981 28.15
      vertex 32.345 -6.35 28.15
    endloop
  endfacet
  facet normal 0 0 1
    outer loop
      vertex 32.0513 -5.9458 28.15
      vertex 32.2638 -6.59981 28.15
      vertex 32.2638 -6.10019 28.15
    endloop
  endfacet
  facet normal 0 0 1
    outer loop
      vertex 32.0513 -5.9458 28.15
      vertex 32.0513 -6.7542 28.15
      vertex 32.2638 -6.59981 28.15
    endloop
  endfacet
  facet normal -0 0 1
    outer loop
      vertex 31.7887 -5.9458 28.15
      vertex 32.0513 -6.7542 28.15
      vertex 32.0513 -5.9458 28.15
    endloop
  endfacet
  facet normal 0 0 1
    outer loop
      vertex 31.7887 -5.9458 28.15
      vertex 31.7887 -6.7542 28.15
      vertex 32.0513 -6.7542 28.15
    endloop
  endfacet
  facet normal -0 0 1
    outer loop
      vertex 31.5762 -6.10019 28.15
      vertex 31.7887 -6.7542 28.15
      vertex 31.7887 -5.9458 28.15
    endloop
  endfacet
  facet normal 0 0 1
    outer loop
      vertex 31.5762 -6.10019 28.15
      vertex 31.5762 -6.59981 28.15
      vertex 31.7887 -6.7542 28.15
    endloop
  endfacet
  facet normal 0 -0 1
    outer loop
      vertex 31.5762 -6.59981 28.15
      vertex 31.5762 -6.10019 28.15
      vertex 31.495 -6.35 28.15
    endloop
  endfacet
  facet normal 0.587785 -0.809018 0
    outer loop
      vertex 31.5762 -6.10019 28.15
      vertex 31.7887 -5.9458 31.15
      vertex 31.5762 -6.10019 31.15
    endloop
  endfacet
  facet normal 0.587785 -0.809018 0
    outer loop
      vertex 31.7887 -5.9458 31.15
      vertex 31.5762 -6.10019 28.15
      vertex 31.7887 -5.9458 28.15
    endloop
  endfacet
  facet normal 0.951021 -0.309127 0
    outer loop
      vertex 31.495 -6.35 31.15
      vertex 31.5762 -6.10019 28.15
      vertex 31.5762 -6.10019 31.15
    endloop
  endfacet
  facet normal 0.951021 -0.309127 0
    outer loop
      vertex 31.5762 -6.10019 28.15
      vertex 31.495 -6.35 31.15
      vertex 31.495 -6.35 28.15
    endloop
  endfacet
  facet normal 0.587785 0.809018 -0
    outer loop
      vertex 31.7887 -4.2142 28.15
      vertex 31.5762 -4.05981 31.15
      vertex 31.7887 -4.2142 31.15
    endloop
  endfacet
  facet normal 0.587785 0.809018 0
    outer loop
      vertex 31.5762 -4.05981 31.15
      vertex 31.7887 -4.2142 28.15
      vertex 31.5762 -4.05981 28.15
    endloop
  endfacet
  facet normal -0.587785 -0.809018 0
    outer loop
      vertex 32.0513 -3.4058 28.15
      vertex 32.2638 -3.56019 31.15
      vertex 32.0513 -3.4058 31.15
    endloop
  endfacet
  facet normal -0.587785 -0.809018 -0
    outer loop
      vertex 32.2638 -3.56019 31.15
      vertex 32.0513 -3.4058 28.15
      vertex 32.2638 -3.56019 28.15
    endloop
  endfacet
  facet normal -0.951021 -0.309127 0
    outer loop
      vertex 32.345 -3.81 28.15
      vertex 32.2638 -3.56019 31.15
      vertex 32.2638 -3.56019 28.15
    endloop
  endfacet
  facet normal -0.951021 -0.309127 0
    outer loop
      vertex 32.2638 -3.56019 31.15
      vertex 32.345 -3.81 28.15
      vertex 32.345 -3.81 31.15
    endloop
  endfacet
  facet normal 0 -1 0
    outer loop
      vertex 31.7887 -3.4058 28.15
      vertex 32.0513 -3.4058 31.15
      vertex 31.7887 -3.4058 31.15
    endloop
  endfacet
  facet normal 0 -1 -0
    outer loop
      vertex 32.0513 -3.4058 31.15
      vertex 31.7887 -3.4058 28.15
      vertex 32.0513 -3.4058 28.15
    endloop
  endfacet
  facet normal -0.587785 0.809018 0
    outer loop
      vertex 32.2638 -4.05981 28.15
      vertex 32.0513 -4.2142 31.15
      vertex 32.2638 -4.05981 31.15
    endloop
  endfacet
  facet normal -0.587785 0.809018 0
    outer loop
      vertex 32.0513 -4.2142 31.15
      vertex 32.2638 -4.05981 28.15
      vertex 32.0513 -4.2142 28.15
    endloop
  endfacet
  facet normal 0.951021 0.309127 0
    outer loop
      vertex 31.5762 -4.05981 31.15
      vertex 31.495 -3.81 28.15
      vertex 31.495 -3.81 31.15
    endloop
  endfacet
  facet normal 0.951021 0.309127 0
    outer loop
      vertex 31.495 -3.81 28.15
      vertex 31.5762 -4.05981 31.15
      vertex 31.5762 -4.05981 28.15
    endloop
  endfacet
  facet normal 0 1 -0
    outer loop
      vertex 32.0513 -4.2142 28.15
      vertex 31.7887 -4.2142 31.15
      vertex 32.0513 -4.2142 31.15
    endloop
  endfacet
  facet normal 0 1 0
    outer loop
      vertex 31.7887 -4.2142 31.15
      vertex 32.0513 -4.2142 28.15
      vertex 31.7887 -4.2142 28.15
    endloop
  endfacet
  facet normal -0.951021 0.309127 0
    outer loop
      vertex 32.2638 -4.05981 28.15
      vertex 32.345 -3.81 31.15
      vertex 32.345 -3.81 28.15
    endloop
  endfacet
  facet normal -0.951021 0.309127 0
    outer loop
      vertex 32.345 -3.81 31.15
      vertex 32.2638 -4.05981 28.15
      vertex 32.2638 -4.05981 31.15
    endloop
  endfacet
  facet normal 0.587785 -0.809018 0
    outer loop
      vertex 31.5762 -3.56019 28.15
      vertex 31.7887 -3.4058 31.15
      vertex 31.5762 -3.56019 31.15
    endloop
  endfacet
  facet normal 0.587785 -0.809018 0
    outer loop
      vertex 31.7887 -3.4058 31.15
      vertex 31.5762 -3.56019 28.15
      vertex 31.7887 -3.4058 28.15
    endloop
  endfacet
  facet normal 0 0 1
    outer loop
      vertex 32.2638 -3.56019 28.15
      vertex 32.2638 -4.05981 28.15
      vertex 32.345 -3.81 28.15
    endloop
  endfacet
  facet normal 0 0 1
    outer loop
      vertex 32.0513 -3.4058 28.15
      vertex 32.2638 -4.05981 28.15
      vertex 32.2638 -3.56019 28.15
    endloop
  endfacet
  facet normal 0 0 1
    outer loop
      vertex 32.0513 -3.4058 28.15
      vertex 32.0513 -4.2142 28.15
      vertex 32.2638 -4.05981 28.15
    endloop
  endfacet
  facet normal -0 0 1
    outer loop
      vertex 31.7887 -3.4058 28.15
      vertex 32.0513 -4.2142 28.15
      vertex 32.0513 -3.4058 28.15
    endloop
  endfacet
  facet normal 0 0 1
    outer loop
      vertex 31.7887 -3.4058 28.15
      vertex 31.7887 -4.2142 28.15
      vertex 32.0513 -4.2142 28.15
    endloop
  endfacet
  facet normal -0 0 1
    outer loop
      vertex 31.5762 -3.56019 28.15
      vertex 31.7887 -4.2142 28.15
      vertex 31.7887 -3.4058 28.15
    endloop
  endfacet
  facet normal 0 0 1
    outer loop
      vertex 31.5762 -3.56019 28.15
      vertex 31.5762 -4.05981 28.15
      vertex 31.7887 -4.2142 28.15
    endloop
  endfacet
  facet normal 0 -0 1
    outer loop
      vertex 31.5762 -4.05981 28.15
      vertex 31.5762 -3.56019 28.15
      vertex 31.495 -3.81 28.15
    endloop
  endfacet
  facet normal 0.951021 -0.309127 0
    outer loop
      vertex 31.495 -3.81 31.15
      vertex 31.5762 -3.56019 28.15
      vertex 31.5762 -3.56019 31.15
    endloop
  endfacet
  facet normal 0.951021 -0.309127 0
    outer loop
      vertex 31.5762 -3.56019 28.15
      vertex 31.495 -3.81 31.15
      vertex 31.495 -3.81 28.15
    endloop
  endfacet
  facet normal 0.587785 0.809018 -0
    outer loop
      vertex 31.7887 -1.6742 28.15
      vertex 31.5762 -1.51981 31.15
      vertex 31.7887 -1.6742 31.15
    endloop
  endfacet
  facet normal 0.587785 0.809018 0
    outer loop
      vertex 31.5762 -1.51981 31.15
      vertex 31.7887 -1.6742 28.15
      vertex 31.5762 -1.51981 28.15
    endloop
  endfacet
  facet normal -0.587782 -0.809019 0
    outer loop
      vertex 32.0513 -0.865801 28.15
      vertex 32.2638 -1.02019 31.15
      vertex 32.0513 -0.865801 31.15
    endloop
  endfacet
  facet normal -0.587782 -0.809019 -0
    outer loop
      vertex 32.2638 -1.02019 31.15
      vertex 32.0513 -0.865801 28.15
      vertex 32.2638 -1.02019 28.15
    endloop
  endfacet
  facet normal -0.951021 -0.309127 0
    outer loop
      vertex 32.345 -1.27 28.15
      vertex 32.2638 -1.02019 31.15
      vertex 32.2638 -1.02019 28.15
    endloop
  endfacet
  facet normal -0.951021 -0.309127 0
    outer loop
      vertex 32.2638 -1.02019 31.15
      vertex 32.345 -1.27 28.15
      vertex 32.345 -1.27 31.15
    endloop
  endfacet
  facet normal 0 -1 0
    outer loop
      vertex 31.7887 -0.865801 28.15
      vertex 32.0513 -0.865801 31.15
      vertex 31.7887 -0.865801 31.15
    endloop
  endfacet
  facet normal 0 -1 -0
    outer loop
      vertex 32.0513 -0.865801 31.15
      vertex 31.7887 -0.865801 28.15
      vertex 32.0513 -0.865801 28.15
    endloop
  endfacet
  facet normal -0.587785 0.809018 0
    outer loop
      vertex 32.2638 -1.51981 28.15
      vertex 32.0513 -1.6742 31.15
      vertex 32.2638 -1.51981 31.15
    endloop
  endfacet
  facet normal -0.587785 0.809018 0
    outer loop
      vertex 32.0513 -1.6742 31.15
      vertex 32.2638 -1.51981 28.15
      vertex 32.0513 -1.6742 28.15
    endloop
  endfacet
  facet normal 0.951021 0.309127 0
    outer loop
      vertex 31.5762 -1.51981 31.15
      vertex 31.495 -1.27 28.15
      vertex 31.495 -1.27 31.15
    endloop
  endfacet
  facet normal 0.951021 0.309127 0
    outer loop
      vertex 31.495 -1.27 28.15
      vertex 31.5762 -1.51981 31.15
      vertex 31.5762 -1.51981 28.15
    endloop
  endfacet
  facet normal 0 1 -0
    outer loop
      vertex 32.0513 -1.6742 28.15
      vertex 31.7887 -1.6742 31.15
      vertex 32.0513 -1.6742 31.15
    endloop
  endfacet
  facet normal 0 1 0
    outer loop
      vertex 31.7887 -1.6742 31.15
      vertex 32.0513 -1.6742 28.15
      vertex 31.7887 -1.6742 28.15
    endloop
  endfacet
  facet normal -0.951021 0.309127 0
    outer loop
      vertex 32.2638 -1.51981 28.15
      vertex 32.345 -1.27 31.15
      vertex 32.345 -1.27 28.15
    endloop
  endfacet
  facet normal -0.951021 0.309127 0
    outer loop
      vertex 32.345 -1.27 31.15
      vertex 32.2638 -1.51981 28.15
      vertex 32.2638 -1.51981 31.15
    endloop
  endfacet
  facet normal 0 0 1
    outer loop
      vertex 32.2638 -1.02019 28.15
      vertex 32.2638 -1.51981 28.15
      vertex 32.345 -1.27 28.15
    endloop
  endfacet
  facet normal 0 0 1
    outer loop
      vertex 32.0513 -0.865801 28.15
      vertex 32.2638 -1.51981 28.15
      vertex 32.2638 -1.02019 28.15
    endloop
  endfacet
  facet normal 0 0 1
    outer loop
      vertex 32.0513 -0.865801 28.15
      vertex 32.0513 -1.6742 28.15
      vertex 32.2638 -1.51981 28.15
    endloop
  endfacet
  facet normal -0 0 1
    outer loop
      vertex 31.7887 -0.865801 28.15
      vertex 32.0513 -1.6742 28.15
      vertex 32.0513 -0.865801 28.15
    endloop
  endfacet
  facet normal 0 0 1
    outer loop
      vertex 31.7887 -0.865801 28.15
      vertex 31.7887 -1.6742 28.15
      vertex 32.0513 -1.6742 28.15
    endloop
  endfacet
  facet normal -0 0 1
    outer loop
      vertex 31.5762 -1.02019 28.15
      vertex 31.7887 -1.6742 28.15
      vertex 31.7887 -0.865801 28.15
    endloop
  endfacet
  facet normal 0 0 1
    outer loop
      vertex 31.5762 -1.02019 28.15
      vertex 31.5762 -1.51981 28.15
      vertex 31.7887 -1.6742 28.15
    endloop
  endfacet
  facet normal 0 -0 1
    outer loop
      vertex 31.5762 -1.51981 28.15
      vertex 31.5762 -1.02019 28.15
      vertex 31.495 -1.27 28.15
    endloop
  endfacet
  facet normal 0.587782 -0.809019 0
    outer loop
      vertex 31.5762 -1.02019 28.15
      vertex 31.7887 -0.865801 31.15
      vertex 31.5762 -1.02019 31.15
    endloop
  endfacet
  facet normal 0.587782 -0.809019 0
    outer loop
      vertex 31.7887 -0.865801 31.15
      vertex 31.5762 -1.02019 28.15
      vertex 31.7887 -0.865801 28.15
    endloop
  endfacet
  facet normal 0.951021 -0.309127 0
    outer loop
      vertex 31.495 -1.27 31.15
      vertex 31.5762 -1.02019 28.15
      vertex 31.5762 -1.02019 31.15
    endloop
  endfacet
  facet normal 0.951021 -0.309127 0
    outer loop
      vertex 31.5762 -1.02019 28.15
      vertex 31.495 -1.27 31.15
      vertex 31.495 -1.27 28.15
    endloop
  endfacet
  facet normal 0.587785 0.809018 -0
    outer loop
      vertex 31.7887 0.8658 28.15
      vertex 31.5762 1.02019 31.15
      vertex 31.7887 0.8658 31.15
    endloop
  endfacet
  facet normal 0.587785 0.809018 0
    outer loop
      vertex 31.5762 1.02019 31.15
      vertex 31.7887 0.8658 28.15
      vertex 31.5762 1.02019 28.15
    endloop
  endfacet
  facet normal -0.587785 -0.809018 0
    outer loop
      vertex 32.0513 1.6742 28.15
      vertex 32.2638 1.51981 31.15
      vertex 32.0513 1.6742 31.15
    endloop
  endfacet
  facet normal -0.587785 -0.809018 -0
    outer loop
      vertex 32.2638 1.51981 31.15
      vertex 32.0513 1.6742 28.15
      vertex 32.2638 1.51981 28.15
    endloop
  endfacet
  facet normal -0.951021 -0.309127 0
    outer loop
      vertex 32.345 1.27 28.15
      vertex 32.2638 1.51981 31.15
      vertex 32.2638 1.51981 28.15
    endloop
  endfacet
  facet normal -0.951021 -0.309127 0
    outer loop
      vertex 32.2638 1.51981 31.15
      vertex 32.345 1.27 28.15
      vertex 32.345 1.27 31.15
    endloop
  endfacet
  facet normal 0 -1 0
    outer loop
      vertex 31.7887 1.6742 28.15
      vertex 32.0513 1.6742 31.15
      vertex 31.7887 1.6742 31.15
    endloop
  endfacet
  facet normal 0 -1 -0
    outer loop
      vertex 32.0513 1.6742 31.15
      vertex 31.7887 1.6742 28.15
      vertex 32.0513 1.6742 28.15
    endloop
  endfacet
  facet normal -0.587785 0.809018 0
    outer loop
      vertex 32.2638 1.02019 28.15
      vertex 32.0513 0.8658 31.15
      vertex 32.2638 1.02019 31.15
    endloop
  endfacet
  facet normal -0.587785 0.809018 0
    outer loop
      vertex 32.0513 0.8658 31.15
      vertex 32.2638 1.02019 28.15
      vertex 32.0513 0.8658 28.15
    endloop
  endfacet
  facet normal 0.951021 0.309127 0
    outer loop
      vertex 31.5762 1.02019 31.15
      vertex 31.495 1.27 28.15
      vertex 31.495 1.27 31.15
    endloop
  endfacet
  facet normal 0.951021 0.309127 0
    outer loop
      vertex 31.495 1.27 28.15
      vertex 31.5762 1.02019 31.15
      vertex 31.5762 1.02019 28.15
    endloop
  endfacet
  facet normal 0 1 -0
    outer loop
      vertex 32.0513 0.8658 28.15
      vertex 31.7887 0.8658 31.15
      vertex 32.0513 0.8658 31.15
    endloop
  endfacet
  facet normal 0 1 0
    outer loop
      vertex 31.7887 0.8658 31.15
      vertex 32.0513 0.8658 28.15
      vertex 31.7887 0.8658 28.15
    endloop
  endfacet
  facet normal -0.951021 0.309127 0
    outer loop
      vertex 32.2638 1.02019 28.15
      vertex 32.345 1.27 31.15
      vertex 32.345 1.27 28.15
    endloop
  endfacet
  facet normal -0.951021 0.309127 0
    outer loop
      vertex 32.345 1.27 31.15
      vertex 32.2638 1.02019 28.15
      vertex 32.2638 1.02019 31.15
    endloop
  endfacet
  facet normal 0 0 1
    outer loop
      vertex 32.2638 1.51981 28.15
      vertex 32.2638 1.02019 28.15
      vertex 32.345 1.27 28.15
    endloop
  endfacet
  facet normal 0 0 1
    outer loop
      vertex 32.0513 1.6742 28.15
      vertex 32.2638 1.02019 28.15
      vertex 32.2638 1.51981 28.15
    endloop
  endfacet
  facet normal 0 0 1
    outer loop
      vertex 32.0513 1.6742 28.15
      vertex 32.0513 0.8658 28.15
      vertex 32.2638 1.02019 28.15
    endloop
  endfacet
  facet normal -0 0 1
    outer loop
      vertex 31.7887 1.6742 28.15
      vertex 32.0513 0.8658 28.15
      vertex 32.0513 1.6742 28.15
    endloop
  endfacet
  facet normal 0 0 1
    outer loop
      vertex 31.7887 1.6742 28.15
      vertex 31.7887 0.8658 28.15
      vertex 32.0513 0.8658 28.15
    endloop
  endfacet
  facet normal -0 0 1
    outer loop
      vertex 31.5762 1.51981 28.15
      vertex 31.7887 0.8658 28.15
      vertex 31.7887 1.6742 28.15
    endloop
  endfacet
  facet normal 0 0 1
    outer loop
      vertex 31.5762 1.51981 28.15
      vertex 31.5762 1.02019 28.15
      vertex 31.7887 0.8658 28.15
    endloop
  endfacet
  facet normal 0 -0 1
    outer loop
      vertex 31.5762 1.02019 28.15
      vertex 31.5762 1.51981 28.15
      vertex 31.495 1.27 28.15
    endloop
  endfacet
  facet normal 0.587785 -0.809018 0
    outer loop
      vertex 31.5762 1.51981 28.15
      vertex 31.7887 1.6742 31.15
      vertex 31.5762 1.51981 31.15
    endloop
  endfacet
  facet normal 0.587785 -0.809018 0
    outer loop
      vertex 31.7887 1.6742 31.15
      vertex 31.5762 1.51981 28.15
      vertex 31.7887 1.6742 28.15
    endloop
  endfacet
  facet normal 0.951021 -0.309127 0
    outer loop
      vertex 31.495 1.27 31.15
      vertex 31.5762 1.51981 28.15
      vertex 31.5762 1.51981 31.15
    endloop
  endfacet
  facet normal 0.951021 -0.309127 0
    outer loop
      vertex 31.5762 1.51981 28.15
      vertex 31.495 1.27 31.15
      vertex 31.495 1.27 28.15
    endloop
  endfacet
  facet normal 0.587785 0.809018 -0
    outer loop
      vertex 31.7887 3.4058 28.15
      vertex 31.5762 3.56019 31.15
      vertex 31.7887 3.4058 31.15
    endloop
  endfacet
  facet normal 0.587785 0.809018 0
    outer loop
      vertex 31.5762 3.56019 31.15
      vertex 31.7887 3.4058 28.15
      vertex 31.5762 3.56019 28.15
    endloop
  endfacet
  facet normal -0.587785 -0.809018 0
    outer loop
      vertex 32.0513 4.2142 28.15
      vertex 32.2638 4.05981 31.15
      vertex 32.0513 4.2142 31.15
    endloop
  endfacet
  facet normal -0.587785 -0.809018 -0
    outer loop
      vertex 32.2638 4.05981 31.15
      vertex 32.0513 4.2142 28.15
      vertex 32.2638 4.05981 28.15
    endloop
  endfacet
  facet normal -0.951021 -0.309127 0
    outer loop
      vertex 32.345 3.81 28.15
      vertex 32.2638 4.05981 31.15
      vertex 32.2638 4.05981 28.15
    endloop
  endfacet
  facet normal -0.951021 -0.309127 0
    outer loop
      vertex 32.2638 4.05981 31.15
      vertex 32.345 3.81 28.15
      vertex 32.345 3.81 31.15
    endloop
  endfacet
  facet normal 0 -1 0
    outer loop
      vertex 31.7887 4.2142 28.15
      vertex 32.0513 4.2142 31.15
      vertex 31.7887 4.2142 31.15
    endloop
  endfacet
  facet normal 0 -1 -0
    outer loop
      vertex 32.0513 4.2142 31.15
      vertex 31.7887 4.2142 28.15
      vertex 32.0513 4.2142 28.15
    endloop
  endfacet
  facet normal -0.587785 0.809018 0
    outer loop
      vertex 32.2638 3.56019 28.15
      vertex 32.0513 3.4058 31.15
      vertex 32.2638 3.56019 31.15
    endloop
  endfacet
  facet normal -0.587785 0.809018 0
    outer loop
      vertex 32.0513 3.4058 31.15
      vertex 32.2638 3.56019 28.15
      vertex 32.0513 3.4058 28.15
    endloop
  endfacet
  facet normal 0.951021 0.309127 0
    outer loop
      vertex 31.5762 3.56019 31.15
      vertex 31.495 3.81 28.15
      vertex 31.495 3.81 31.15
    endloop
  endfacet
  facet normal 0.951021 0.309127 0
    outer loop
      vertex 31.495 3.81 28.15
      vertex 31.5762 3.56019 31.15
      vertex 31.5762 3.56019 28.15
    endloop
  endfacet
  facet normal 0 1 -0
    outer loop
      vertex 32.0513 3.4058 28.15
      vertex 31.7887 3.4058 31.15
      vertex 32.0513 3.4058 31.15
    endloop
  endfacet
  facet normal 0 1 0
    outer loop
      vertex 31.7887 3.4058 31.15
      vertex 32.0513 3.4058 28.15
      vertex 31.7887 3.4058 28.15
    endloop
  endfacet
  facet normal -0.951021 0.309127 0
    outer loop
      vertex 32.2638 3.56019 28.15
      vertex 32.345 3.81 31.15
      vertex 32.345 3.81 28.15
    endloop
  endfacet
  facet normal -0.951021 0.309127 0
    outer loop
      vertex 32.345 3.81 31.15
      vertex 32.2638 3.56019 28.15
      vertex 32.2638 3.56019 31.15
    endloop
  endfacet
  facet normal 0 0 1
    outer loop
      vertex 32.2638 4.05981 28.15
      vertex 32.2638 3.56019 28.15
      vertex 32.345 3.81 28.15
    endloop
  endfacet
  facet normal 0 0 1
    outer loop
      vertex 32.0513 4.2142 28.15
      vertex 32.2638 3.56019 28.15
      vertex 32.2638 4.05981 28.15
    endloop
  endfacet
  facet normal 0 0 1
    outer loop
      vertex 32.0513 4.2142 28.15
      vertex 32.0513 3.4058 28.15
      vertex 32.2638 3.56019 28.15
    endloop
  endfacet
  facet normal -0 0 1
    outer loop
      vertex 31.7887 4.2142 28.15
      vertex 32.0513 3.4058 28.15
      vertex 32.0513 4.2142 28.15
    endloop
  endfacet
  facet normal 0 0 1
    outer loop
      vertex 31.7887 4.2142 28.15
      vertex 31.7887 3.4058 28.15
      vertex 32.0513 3.4058 28.15
    endloop
  endfacet
  facet normal -0 0 1
    outer loop
      vertex 31.5762 4.05981 28.15
      vertex 31.7887 3.4058 28.15
      vertex 31.7887 4.2142 28.15
    endloop
  endfacet
  facet normal 0 0 1
    outer loop
      vertex 31.5762 4.05981 28.15
      vertex 31.5762 3.56019 28.15
      vertex 31.7887 3.4058 28.15
    endloop
  endfacet
  facet normal 0 -0 1
    outer loop
      vertex 31.5762 3.56019 28.15
      vertex 31.5762 4.05981 28.15
      vertex 31.495 3.81 28.15
    endloop
  endfacet
  facet normal 0.587785 -0.809018 0
    outer loop
      vertex 31.5762 4.05981 28.15
      vertex 31.7887 4.2142 31.15
      vertex 31.5762 4.05981 31.15
    endloop
  endfacet
  facet normal 0.587785 -0.809018 0
    outer loop
      vertex 31.7887 4.2142 31.15
      vertex 31.5762 4.05981 28.15
      vertex 31.7887 4.2142 28.15
    endloop
  endfacet
  facet normal 0.951021 -0.309127 0
    outer loop
      vertex 31.495 3.81 31.15
      vertex 31.5762 4.05981 28.15
      vertex 31.5762 4.05981 31.15
    endloop
  endfacet
  facet normal 0.951021 -0.309127 0
    outer loop
      vertex 31.5762 4.05981 28.15
      vertex 31.495 3.81 31.15
      vertex 31.495 3.81 28.15
    endloop
  endfacet
  facet normal 0.587785 0.809018 -0
    outer loop
      vertex 31.7887 5.9458 28.15
      vertex 31.5762 6.10019 31.15
      vertex 31.7887 5.9458 31.15
    endloop
  endfacet
  facet normal 0.587785 0.809018 0
    outer loop
      vertex 31.5762 6.10019 31.15
      vertex 31.7887 5.9458 28.15
      vertex 31.5762 6.10019 28.15
    endloop
  endfacet
  facet normal -0.587785 -0.809018 0
    outer loop
      vertex 32.0513 6.7542 28.15
      vertex 32.2638 6.59981 31.15
      vertex 32.0513 6.7542 31.15
    endloop
  endfacet
  facet normal -0.587785 -0.809018 -0
    outer loop
      vertex 32.2638 6.59981 31.15
      vertex 32.0513 6.7542 28.15
      vertex 32.2638 6.59981 28.15
    endloop
  endfacet
  facet normal -0.951021 -0.309127 0
    outer loop
      vertex 32.345 6.35 28.15
      vertex 32.2638 6.59981 31.15
      vertex 32.2638 6.59981 28.15
    endloop
  endfacet
  facet normal -0.951021 -0.309127 0
    outer loop
      vertex 32.2638 6.59981 31.15
      vertex 32.345 6.35 28.15
      vertex 32.345 6.35 31.15
    endloop
  endfacet
  facet normal 0 -1 0
    outer loop
      vertex 31.7887 6.7542 28.15
      vertex 32.0513 6.7542 31.15
      vertex 31.7887 6.7542 31.15
    endloop
  endfacet
  facet normal 0 -1 -0
    outer loop
      vertex 32.0513 6.7542 31.15
      vertex 31.7887 6.7542 28.15
      vertex 32.0513 6.7542 28.15
    endloop
  endfacet
  facet normal -0.587785 0.809018 0
    outer loop
      vertex 32.2638 6.10019 28.15
      vertex 32.0513 5.9458 31.15
      vertex 32.2638 6.10019 31.15
    endloop
  endfacet
  facet normal -0.587785 0.809018 0
    outer loop
      vertex 32.0513 5.9458 31.15
      vertex 32.2638 6.10019 28.15
      vertex 32.0513 5.9458 28.15
    endloop
  endfacet
  facet normal 0.951021 0.309127 0
    outer loop
      vertex 31.5762 6.10019 31.15
      vertex 31.495 6.35 28.15
      vertex 31.495 6.35 31.15
    endloop
  endfacet
  facet normal 0.951021 0.309127 0
    outer loop
      vertex 31.495 6.35 28.15
      vertex 31.5762 6.10019 31.15
      vertex 31.5762 6.10019 28.15
    endloop
  endfacet
  facet normal 0 1 -0
    outer loop
      vertex 32.0513 5.9458 28.15
      vertex 31.7887 5.9458 31.15
      vertex 32.0513 5.9458 31.15
    endloop
  endfacet
  facet normal 0 1 0
    outer loop
      vertex 31.7887 5.9458 31.15
      vertex 32.0513 5.9458 28.15
      vertex 31.7887 5.9458 28.15
    endloop
  endfacet
  facet normal -0.951021 0.309127 0
    outer loop
      vertex 32.2638 6.10019 28.15
      vertex 32.345 6.35 31.15
      vertex 32.345 6.35 28.15
    endloop
  endfacet
  facet normal -0.951021 0.309127 0
    outer loop
      vertex 32.345 6.35 31.15
      vertex 32.2638 6.10019 28.15
      vertex 32.2638 6.10019 31.15
    endloop
  endfacet
  facet normal 0 0 1
    outer loop
      vertex 32.2638 6.59981 28.15
      vertex 32.2638 6.10019 28.15
      vertex 32.345 6.35 28.15
    endloop
  endfacet
  facet normal 0 0 1
    outer loop
      vertex 32.0513 6.7542 28.15
      vertex 32.2638 6.10019 28.15
      vertex 32.2638 6.59981 28.15
    endloop
  endfacet
  facet normal 0 0 1
    outer loop
      vertex 32.0513 6.7542 28.15
      vertex 32.0513 5.9458 28.15
      vertex 32.2638 6.10019 28.15
    endloop
  endfacet
  facet normal -0 0 1
    outer loop
      vertex 31.7887 6.7542 28.15
      vertex 32.0513 5.9458 28.15
      vertex 32.0513 6.7542 28.15
    endloop
  endfacet
  facet normal 0 0 1
    outer loop
      vertex 31.7887 6.7542 28.15
      vertex 31.7887 5.9458 28.15
      vertex 32.0513 5.9458 28.15
    endloop
  endfacet
  facet normal -0 0 1
    outer loop
      vertex 31.5762 6.59981 28.15
      vertex 31.7887 5.9458 28.15
      vertex 31.7887 6.7542 28.15
    endloop
  endfacet
  facet normal 0 0 1
    outer loop
      vertex 31.5762 6.59981 28.15
      vertex 31.5762 6.10019 28.15
      vertex 31.7887 5.9458 28.15
    endloop
  endfacet
  facet normal 0 -0 1
    outer loop
      vertex 31.5762 6.10019 28.15
      vertex 31.5762 6.59981 28.15
      vertex 31.495 6.35 28.15
    endloop
  endfacet
  facet normal 0.587785 -0.809018 0
    outer loop
      vertex 31.5762 6.59981 28.15
      vertex 31.7887 6.7542 31.15
      vertex 31.5762 6.59981 31.15
    endloop
  endfacet
  facet normal 0.587785 -0.809018 0
    outer loop
      vertex 31.7887 6.7542 31.15
      vertex 31.5762 6.59981 28.15
      vertex 31.7887 6.7542 28.15
    endloop
  endfacet
  facet normal 0.951021 -0.309127 0
    outer loop
      vertex 31.495 6.35 31.15
      vertex 31.5762 6.59981 28.15
      vertex 31.5762 6.59981 31.15
    endloop
  endfacet
  facet normal 0.951021 -0.309127 0
    outer loop
      vertex 31.5762 6.59981 28.15
      vertex 31.495 6.35 31.15
      vertex 31.495 6.35 28.15
    endloop
  endfacet
  facet normal 0.587785 0.809018 -0
    outer loop
      vertex 31.7887 8.4858 28.15
      vertex 31.5762 8.64019 31.15
      vertex 31.7887 8.4858 31.15
    endloop
  endfacet
  facet normal 0.587785 0.809018 0
    outer loop
      vertex 31.5762 8.64019 31.15
      vertex 31.7887 8.4858 28.15
      vertex 31.5762 8.64019 28.15
    endloop
  endfacet
  facet normal -0.587785 -0.809018 0
    outer loop
      vertex 32.0513 9.2942 28.15
      vertex 32.2638 9.13981 31.15
      vertex 32.0513 9.2942 31.15
    endloop
  endfacet
  facet normal -0.587785 -0.809018 -0
    outer loop
      vertex 32.2638 9.13981 31.15
      vertex 32.0513 9.2942 28.15
      vertex 32.2638 9.13981 28.15
    endloop
  endfacet
  facet normal -0.951021 -0.309127 0
    outer loop
      vertex 32.345 8.89 28.15
      vertex 32.2638 9.13981 31.15
      vertex 32.2638 9.13981 28.15
    endloop
  endfacet
  facet normal -0.951021 -0.309127 0
    outer loop
      vertex 32.2638 9.13981 31.15
      vertex 32.345 8.89 28.15
      vertex 32.345 8.89 31.15
    endloop
  endfacet
  facet normal 0 -1 0
    outer loop
      vertex 31.7887 9.2942 28.15
      vertex 32.0513 9.2942 31.15
      vertex 31.7887 9.2942 31.15
    endloop
  endfacet
  facet normal 0 -1 -0
    outer loop
      vertex 32.0513 9.2942 31.15
      vertex 31.7887 9.2942 28.15
      vertex 32.0513 9.2942 28.15
    endloop
  endfacet
  facet normal -0.587785 0.809018 0
    outer loop
      vertex 32.2638 8.64019 28.15
      vertex 32.0513 8.4858 31.15
      vertex 32.2638 8.64019 31.15
    endloop
  endfacet
  facet normal -0.587785 0.809018 0
    outer loop
      vertex 32.0513 8.4858 31.15
      vertex 32.2638 8.64019 28.15
      vertex 32.0513 8.4858 28.15
    endloop
  endfacet
  facet normal 0.951021 0.309127 0
    outer loop
      vertex 31.5762 8.64019 31.15
      vertex 31.495 8.89 28.15
      vertex 31.495 8.89 31.15
    endloop
  endfacet
  facet normal 0.951021 0.309127 0
    outer loop
      vertex 31.495 8.89 28.15
      vertex 31.5762 8.64019 31.15
      vertex 31.5762 8.64019 28.15
    endloop
  endfacet
  facet normal 0 1 -0
    outer loop
      vertex 32.0513 8.4858 28.15
      vertex 31.7887 8.4858 31.15
      vertex 32.0513 8.4858 31.15
    endloop
  endfacet
  facet normal 0 1 0
    outer loop
      vertex 31.7887 8.4858 31.15
      vertex 32.0513 8.4858 28.15
      vertex 31.7887 8.4858 28.15
    endloop
  endfacet
  facet normal -0.951021 0.309127 0
    outer loop
      vertex 32.2638 8.64019 28.15
      vertex 32.345 8.89 31.15
      vertex 32.345 8.89 28.15
    endloop
  endfacet
  facet normal -0.951021 0.309127 0
    outer loop
      vertex 32.345 8.89 31.15
      vertex 32.2638 8.64019 28.15
      vertex 32.2638 8.64019 31.15
    endloop
  endfacet
  facet normal 0 0 1
    outer loop
      vertex 32.2638 9.13981 28.15
      vertex 32.2638 8.64019 28.15
      vertex 32.345 8.89 28.15
    endloop
  endfacet
  facet normal 0 0 1
    outer loop
      vertex 32.0513 9.2942 28.15
      vertex 32.2638 8.64019 28.15
      vertex 32.2638 9.13981 28.15
    endloop
  endfacet
  facet normal 0 0 1
    outer loop
      vertex 32.0513 9.2942 28.15
      vertex 32.0513 8.4858 28.15
      vertex 32.2638 8.64019 28.15
    endloop
  endfacet
  facet normal -0 0 1
    outer loop
      vertex 31.7887 9.2942 28.15
      vertex 32.0513 8.4858 28.15
      vertex 32.0513 9.2942 28.15
    endloop
  endfacet
  facet normal 0 0 1
    outer loop
      vertex 31.7887 9.2942 28.15
      vertex 31.7887 8.4858 28.15
      vertex 32.0513 8.4858 28.15
    endloop
  endfacet
  facet normal -0 0 1
    outer loop
      vertex 31.5762 9.13981 28.15
      vertex 31.7887 8.4858 28.15
      vertex 31.7887 9.2942 28.15
    endloop
  endfacet
  facet normal 0 0 1
    outer loop
      vertex 31.5762 9.13981 28.15
      vertex 31.5762 8.64019 28.15
      vertex 31.7887 8.4858 28.15
    endloop
  endfacet
  facet normal 0 -0 1
    outer loop
      vertex 31.5762 8.64019 28.15
      vertex 31.5762 9.13981 28.15
      vertex 31.495 8.89 28.15
    endloop
  endfacet
  facet normal 0.587785 -0.809018 0
    outer loop
      vertex 31.5762 9.13981 28.15
      vertex 31.7887 9.2942 31.15
      vertex 31.5762 9.13981 31.15
    endloop
  endfacet
  facet normal 0.587785 -0.809018 0
    outer loop
      vertex 31.7887 9.2942 31.15
      vertex 31.5762 9.13981 28.15
      vertex 31.7887 9.2942 28.15
    endloop
  endfacet
  facet normal 0.951021 -0.309127 0
    outer loop
      vertex 31.495 8.89 31.15
      vertex 31.5762 9.13981 28.15
      vertex 31.5762 9.13981 31.15
    endloop
  endfacet
  facet normal 0.951021 -0.309127 0
    outer loop
      vertex 31.5762 9.13981 28.15
      vertex 31.495 8.89 31.15
      vertex 31.495 8.89 28.15
    endloop
  endfacet
  facet normal 0.587809 0.808999 -0
    outer loop
      vertex 31.7887 11.0258 28.15
      vertex 31.5762 11.1802 31.15
      vertex 31.7887 11.0258 31.15
    endloop
  endfacet
  facet normal 0.587809 0.808999 0
    outer loop
      vertex 31.5762 11.1802 31.15
      vertex 31.7887 11.0258 28.15
      vertex 31.5762 11.1802 28.15
    endloop
  endfacet
  facet normal -0.587809 -0.808999 0
    outer loop
      vertex 32.0513 11.8342 28.15
      vertex 32.2638 11.6798 31.15
      vertex 32.0513 11.8342 31.15
    endloop
  endfacet
  facet normal -0.587809 -0.808999 -0
    outer loop
      vertex 32.2638 11.6798 31.15
      vertex 32.0513 11.8342 28.15
      vertex 32.2638 11.6798 28.15
    endloop
  endfacet
  facet normal -0.951017 -0.309138 0
    outer loop
      vertex 32.345 11.43 28.15
      vertex 32.2638 11.6798 31.15
      vertex 32.2638 11.6798 28.15
    endloop
  endfacet
  facet normal -0.951017 -0.309138 0
    outer loop
      vertex 32.2638 11.6798 31.15
      vertex 32.345 11.43 28.15
      vertex 32.345 11.43 31.15
    endloop
  endfacet
  facet normal 0 -1 0
    outer loop
      vertex 31.7887 11.8342 28.15
      vertex 32.0513 11.8342 31.15
      vertex 31.7887 11.8342 31.15
    endloop
  endfacet
  facet normal 0 -1 -0
    outer loop
      vertex 32.0513 11.8342 31.15
      vertex 31.7887 11.8342 28.15
      vertex 32.0513 11.8342 28.15
    endloop
  endfacet
  facet normal -0.587809 0.808999 0
    outer loop
      vertex 32.2638 11.1802 28.15
      vertex 32.0513 11.0258 31.15
      vertex 32.2638 11.1802 31.15
    endloop
  endfacet
  facet normal -0.587809 0.808999 0
    outer loop
      vertex 32.0513 11.0258 31.15
      vertex 32.2638 11.1802 28.15
      vertex 32.0513 11.0258 28.15
    endloop
  endfacet
  facet normal 0.951017 0.309138 0
    outer loop
      vertex 31.5762 11.1802 31.15
      vertex 31.495 11.43 28.15
      vertex 31.495 11.43 31.15
    endloop
  endfacet
  facet normal 0.951017 0.309138 0
    outer loop
      vertex 31.495 11.43 28.15
      vertex 31.5762 11.1802 31.15
      vertex 31.5762 11.1802 28.15
    endloop
  endfacet
  facet normal 0 1 -0
    outer loop
      vertex 32.0513 11.0258 28.15
      vertex 31.7887 11.0258 31.15
      vertex 32.0513 11.0258 31.15
    endloop
  endfacet
  facet normal 0 1 0
    outer loop
      vertex 31.7887 11.0258 31.15
      vertex 32.0513 11.0258 28.15
      vertex 31.7887 11.0258 28.15
    endloop
  endfacet
  facet normal -0.951017 0.309138 0
    outer loop
      vertex 32.2638 11.1802 28.15
      vertex 32.345 11.43 31.15
      vertex 32.345 11.43 28.15
    endloop
  endfacet
  facet normal -0.951017 0.309138 0
    outer loop
      vertex 32.345 11.43 31.15
      vertex 32.2638 11.1802 28.15
      vertex 32.2638 11.1802 31.15
    endloop
  endfacet
  facet normal 0 0 1
    outer loop
      vertex 32.2638 11.6798 28.15
      vertex 32.2638 11.1802 28.15
      vertex 32.345 11.43 28.15
    endloop
  endfacet
  facet normal 0 0 1
    outer loop
      vertex 32.0513 11.8342 28.15
      vertex 32.2638 11.1802 28.15
      vertex 32.2638 11.6798 28.15
    endloop
  endfacet
  facet normal 0 0 1
    outer loop
      vertex 32.0513 11.8342 28.15
      vertex 32.0513 11.0258 28.15
      vertex 32.2638 11.1802 28.15
    endloop
  endfacet
  facet normal -0 0 1
    outer loop
      vertex 31.7887 11.8342 28.15
      vertex 32.0513 11.0258 28.15
      vertex 32.0513 11.8342 28.15
    endloop
  endfacet
  facet normal 0 0 1
    outer loop
      vertex 31.7887 11.8342 28.15
      vertex 31.7887 11.0258 28.15
      vertex 32.0513 11.0258 28.15
    endloop
  endfacet
  facet normal -0 0 1
    outer loop
      vertex 31.5762 11.6798 28.15
      vertex 31.7887 11.0258 28.15
      vertex 31.7887 11.8342 28.15
    endloop
  endfacet
  facet normal 0 0 1
    outer loop
      vertex 31.5762 11.6798 28.15
      vertex 31.5762 11.1802 28.15
      vertex 31.7887 11.0258 28.15
    endloop
  endfacet
  facet normal 0 -0 1
    outer loop
      vertex 31.5762 11.1802 28.15
      vertex 31.5762 11.6798 28.15
      vertex 31.495 11.43 28.15
    endloop
  endfacet
  facet normal 0.587809 -0.808999 0
    outer loop
      vertex 31.5762 11.6798 28.15
      vertex 31.7887 11.8342 31.15
      vertex 31.5762 11.6798 31.15
    endloop
  endfacet
  facet normal 0.587809 -0.808999 0
    outer loop
      vertex 31.7887 11.8342 31.15
      vertex 31.5762 11.6798 28.15
      vertex 31.7887 11.8342 28.15
    endloop
  endfacet
  facet normal 0.951017 -0.309138 0
    outer loop
      vertex 31.495 11.43 31.15
      vertex 31.5762 11.6798 28.15
      vertex 31.5762 11.6798 31.15
    endloop
  endfacet
  facet normal 0.951017 -0.309138 0
    outer loop
      vertex 31.5762 11.6798 28.15
      vertex 31.495 11.43 31.15
      vertex 31.495 11.43 28.15
    endloop
  endfacet
  facet normal 0.587809 0.808999 -0
    outer loop
      vertex 31.7887 13.5658 28.15
      vertex 31.5762 13.7202 31.15
      vertex 31.7887 13.5658 31.15
    endloop
  endfacet
  facet normal 0.587809 0.808999 0
    outer loop
      vertex 31.5762 13.7202 31.15
      vertex 31.7887 13.5658 28.15
      vertex 31.5762 13.7202 28.15
    endloop
  endfacet
  facet normal -0.587809 -0.808999 0
    outer loop
      vertex 32.0513 14.3742 28.15
      vertex 32.2638 14.2198 31.15
      vertex 32.0513 14.3742 31.15
    endloop
  endfacet
  facet normal -0.587809 -0.808999 -0
    outer loop
      vertex 32.2638 14.2198 31.15
      vertex 32.0513 14.3742 28.15
      vertex 32.2638 14.2198 28.15
    endloop
  endfacet
  facet normal -0.951017 -0.309138 0
    outer loop
      vertex 32.345 13.97 28.15
      vertex 32.2638 14.2198 31.15
      vertex 32.2638 14.2198 28.15
    endloop
  endfacet
  facet normal -0.951017 -0.309138 0
    outer loop
      vertex 32.2638 14.2198 31.15
      vertex 32.345 13.97 28.15
      vertex 32.345 13.97 31.15
    endloop
  endfacet
  facet normal 0 -1 0
    outer loop
      vertex 31.7887 14.3742 28.15
      vertex 32.0513 14.3742 31.15
      vertex 31.7887 14.3742 31.15
    endloop
  endfacet
  facet normal 0 -1 -0
    outer loop
      vertex 32.0513 14.3742 31.15
      vertex 31.7887 14.3742 28.15
      vertex 32.0513 14.3742 28.15
    endloop
  endfacet
  facet normal -0.587809 0.808999 0
    outer loop
      vertex 32.2638 13.7202 28.15
      vertex 32.0513 13.5658 31.15
      vertex 32.2638 13.7202 31.15
    endloop
  endfacet
  facet normal -0.587809 0.808999 0
    outer loop
      vertex 32.0513 13.5658 31.15
      vertex 32.2638 13.7202 28.15
      vertex 32.0513 13.5658 28.15
    endloop
  endfacet
  facet normal 0.951017 0.309138 0
    outer loop
      vertex 31.5762 13.7202 31.15
      vertex 31.495 13.97 28.15
      vertex 31.495 13.97 31.15
    endloop
  endfacet
  facet normal 0.951017 0.309138 0
    outer loop
      vertex 31.495 13.97 28.15
      vertex 31.5762 13.7202 31.15
      vertex 31.5762 13.7202 28.15
    endloop
  endfacet
  facet normal 0 1 -0
    outer loop
      vertex 32.0513 13.5658 28.15
      vertex 31.7887 13.5658 31.15
      vertex 32.0513 13.5658 31.15
    endloop
  endfacet
  facet normal 0 1 0
    outer loop
      vertex 31.7887 13.5658 31.15
      vertex 32.0513 13.5658 28.15
      vertex 31.7887 13.5658 28.15
    endloop
  endfacet
  facet normal -0.951017 0.309138 0
    outer loop
      vertex 32.2638 13.7202 28.15
      vertex 32.345 13.97 31.15
      vertex 32.345 13.97 28.15
    endloop
  endfacet
  facet normal -0.951017 0.309138 0
    outer loop
      vertex 32.345 13.97 31.15
      vertex 32.2638 13.7202 28.15
      vertex 32.2638 13.7202 31.15
    endloop
  endfacet
  facet normal 0.587809 -0.808999 0
    outer loop
      vertex 31.5762 14.2198 28.15
      vertex 31.7887 14.3742 31.15
      vertex 31.5762 14.2198 31.15
    endloop
  endfacet
  facet normal 0.587809 -0.808999 0
    outer loop
      vertex 31.7887 14.3742 31.15
      vertex 31.5762 14.2198 28.15
      vertex 31.7887 14.3742 28.15
    endloop
  endfacet
  facet normal 0 0 1
    outer loop
      vertex 32.2638 14.2198 28.15
      vertex 32.2638 13.7202 28.15
      vertex 32.345 13.97 28.15
    endloop
  endfacet
  facet normal 0 0 1
    outer loop
      vertex 32.0513 14.3742 28.15
      vertex 32.2638 13.7202 28.15
      vertex 32.2638 14.2198 28.15
    endloop
  endfacet
  facet normal 0 0 1
    outer loop
      vertex 32.0513 14.3742 28.15
      vertex 32.0513 13.5658 28.15
      vertex 32.2638 13.7202 28.15
    endloop
  endfacet
  facet normal -0 0 1
    outer loop
      vertex 31.7887 14.3742 28.15
      vertex 32.0513 13.5658 28.15
      vertex 32.0513 14.3742 28.15
    endloop
  endfacet
  facet normal 0 0 1
    outer loop
      vertex 31.7887 14.3742 28.15
      vertex 31.7887 13.5658 28.15
      vertex 32.0513 13.5658 28.15
    endloop
  endfacet
  facet normal -0 0 1
    outer loop
      vertex 31.5762 14.2198 28.15
      vertex 31.7887 13.5658 28.15
      vertex 31.7887 14.3742 28.15
    endloop
  endfacet
  facet normal 0 0 1
    outer loop
      vertex 31.5762 14.2198 28.15
      vertex 31.5762 13.7202 28.15
      vertex 31.7887 13.5658 28.15
    endloop
  endfacet
  facet normal 0 -0 1
    outer loop
      vertex 31.5762 13.7202 28.15
      vertex 31.5762 14.2198 28.15
      vertex 31.495 13.97 28.15
    endloop
  endfacet
  facet normal 0.951017 -0.309138 0
    outer loop
      vertex 31.495 13.97 31.15
      vertex 31.5762 14.2198 28.15
      vertex 31.5762 14.2198 31.15
    endloop
  endfacet
  facet normal 0.951017 -0.309138 0
    outer loop
      vertex 31.5762 14.2198 28.15
      vertex 31.495 13.97 31.15
      vertex 31.495 13.97 28.15
    endloop
  endfacet
  facet normal 0.587809 0.808999 -0
    outer loop
      vertex 31.7887 16.1058 28.15
      vertex 31.5762 16.2602 31.15
      vertex 31.7887 16.1058 31.15
    endloop
  endfacet
  facet normal 0.587809 0.808999 0
    outer loop
      vertex 31.5762 16.2602 31.15
      vertex 31.7887 16.1058 28.15
      vertex 31.5762 16.2602 28.15
    endloop
  endfacet
  facet normal -0.587809 -0.808999 0
    outer loop
      vertex 32.0513 16.9142 28.15
      vertex 32.2638 16.7598 31.15
      vertex 32.0513 16.9142 31.15
    endloop
  endfacet
  facet normal -0.587809 -0.808999 -0
    outer loop
      vertex 32.2638 16.7598 31.15
      vertex 32.0513 16.9142 28.15
      vertex 32.2638 16.7598 28.15
    endloop
  endfacet
  facet normal -0.951017 -0.309138 0
    outer loop
      vertex 32.345 16.51 28.15
      vertex 32.2638 16.7598 31.15
      vertex 32.2638 16.7598 28.15
    endloop
  endfacet
  facet normal -0.951017 -0.309138 0
    outer loop
      vertex 32.2638 16.7598 31.15
      vertex 32.345 16.51 28.15
      vertex 32.345 16.51 31.15
    endloop
  endfacet
  facet normal 0 -1 0
    outer loop
      vertex 31.7887 16.9142 28.15
      vertex 32.0513 16.9142 31.15
      vertex 31.7887 16.9142 31.15
    endloop
  endfacet
  facet normal 0 -1 -0
    outer loop
      vertex 32.0513 16.9142 31.15
      vertex 31.7887 16.9142 28.15
      vertex 32.0513 16.9142 28.15
    endloop
  endfacet
  facet normal -0.587809 0.808999 0
    outer loop
      vertex 32.2638 16.2602 28.15
      vertex 32.0513 16.1058 31.15
      vertex 32.2638 16.2602 31.15
    endloop
  endfacet
  facet normal -0.587809 0.808999 0
    outer loop
      vertex 32.0513 16.1058 31.15
      vertex 32.2638 16.2602 28.15
      vertex 32.0513 16.1058 28.15
    endloop
  endfacet
  facet normal 0.951017 0.309138 0
    outer loop
      vertex 31.5762 16.2602 31.15
      vertex 31.495 16.51 28.15
      vertex 31.495 16.51 31.15
    endloop
  endfacet
  facet normal 0.951017 0.309138 0
    outer loop
      vertex 31.495 16.51 28.15
      vertex 31.5762 16.2602 31.15
      vertex 31.5762 16.2602 28.15
    endloop
  endfacet
  facet normal 0 1 -0
    outer loop
      vertex 32.0513 16.1058 28.15
      vertex 31.7887 16.1058 31.15
      vertex 32.0513 16.1058 31.15
    endloop
  endfacet
  facet normal 0 1 0
    outer loop
      vertex 31.7887 16.1058 31.15
      vertex 32.0513 16.1058 28.15
      vertex 31.7887 16.1058 28.15
    endloop
  endfacet
  facet normal -0.951017 0.309138 0
    outer loop
      vertex 32.2638 16.2602 28.15
      vertex 32.345 16.51 31.15
      vertex 32.345 16.51 28.15
    endloop
  endfacet
  facet normal -0.951017 0.309138 0
    outer loop
      vertex 32.345 16.51 31.15
      vertex 32.2638 16.2602 28.15
      vertex 32.2638 16.2602 31.15
    endloop
  endfacet
  facet normal 0 0 1
    outer loop
      vertex 32.2638 16.7598 28.15
      vertex 32.2638 16.2602 28.15
      vertex 32.345 16.51 28.15
    endloop
  endfacet
  facet normal 0 0 1
    outer loop
      vertex 32.0513 16.9142 28.15
      vertex 32.2638 16.2602 28.15
      vertex 32.2638 16.7598 28.15
    endloop
  endfacet
  facet normal 0 0 1
    outer loop
      vertex 32.0513 16.9142 28.15
      vertex 32.0513 16.1058 28.15
      vertex 32.2638 16.2602 28.15
    endloop
  endfacet
  facet normal -0 0 1
    outer loop
      vertex 31.7887 16.9142 28.15
      vertex 32.0513 16.1058 28.15
      vertex 32.0513 16.9142 28.15
    endloop
  endfacet
  facet normal 0 0 1
    outer loop
      vertex 31.7887 16.9142 28.15
      vertex 31.7887 16.1058 28.15
      vertex 32.0513 16.1058 28.15
    endloop
  endfacet
  facet normal -0 0 1
    outer loop
      vertex 31.5762 16.7598 28.15
      vertex 31.7887 16.1058 28.15
      vertex 31.7887 16.9142 28.15
    endloop
  endfacet
  facet normal 0 0 1
    outer loop
      vertex 31.5762 16.7598 28.15
      vertex 31.5762 16.2602 28.15
      vertex 31.7887 16.1058 28.15
    endloop
  endfacet
  facet normal 0 -0 1
    outer loop
      vertex 31.5762 16.2602 28.15
      vertex 31.5762 16.7598 28.15
      vertex 31.495 16.51 28.15
    endloop
  endfacet
  facet normal 0.587809 -0.808999 0
    outer loop
      vertex 31.5762 16.7598 28.15
      vertex 31.7887 16.9142 31.15
      vertex 31.5762 16.7598 31.15
    endloop
  endfacet
  facet normal 0.587809 -0.808999 0
    outer loop
      vertex 31.7887 16.9142 31.15
      vertex 31.5762 16.7598 28.15
      vertex 31.7887 16.9142 28.15
    endloop
  endfacet
  facet normal 0.951017 -0.309138 0
    outer loop
      vertex 31.495 16.51 31.15
      vertex 31.5762 16.7598 28.15
      vertex 31.5762 16.7598 31.15
    endloop
  endfacet
  facet normal 0.951017 -0.309138 0
    outer loop
      vertex 31.5762 16.7598 28.15
      vertex 31.495 16.51 31.15
      vertex 31.495 16.51 28.15
    endloop
  endfacet
  facet normal 0.587809 0.808999 -0
    outer loop
      vertex 31.7887 18.6458 28.15
      vertex 31.5762 18.8002 31.15
      vertex 31.7887 18.6458 31.15
    endloop
  endfacet
  facet normal 0.587809 0.808999 0
    outer loop
      vertex 31.5762 18.8002 31.15
      vertex 31.7887 18.6458 28.15
      vertex 31.5762 18.8002 28.15
    endloop
  endfacet
  facet normal -0.587809 -0.808999 0
    outer loop
      vertex 32.0513 19.4542 28.15
      vertex 32.2638 19.2998 31.15
      vertex 32.0513 19.4542 31.15
    endloop
  endfacet
  facet normal -0.587809 -0.808999 -0
    outer loop
      vertex 32.2638 19.2998 31.15
      vertex 32.0513 19.4542 28.15
      vertex 32.2638 19.2998 28.15
    endloop
  endfacet
  facet normal -0.951017 -0.309138 0
    outer loop
      vertex 32.345 19.05 28.15
      vertex 32.2638 19.2998 31.15
      vertex 32.2638 19.2998 28.15
    endloop
  endfacet
  facet normal -0.951017 -0.309138 0
    outer loop
      vertex 32.2638 19.2998 31.15
      vertex 32.345 19.05 28.15
      vertex 32.345 19.05 31.15
    endloop
  endfacet
  facet normal 0 -1 0
    outer loop
      vertex 31.7887 19.4542 28.15
      vertex 32.0513 19.4542 31.15
      vertex 31.7887 19.4542 31.15
    endloop
  endfacet
  facet normal 0 -1 -0
    outer loop
      vertex 32.0513 19.4542 31.15
      vertex 31.7887 19.4542 28.15
      vertex 32.0513 19.4542 28.15
    endloop
  endfacet
  facet normal 0.587809 -0.808999 0
    outer loop
      vertex 31.5762 19.2998 28.15
      vertex 31.7887 19.4542 31.15
      vertex 31.5762 19.2998 31.15
    endloop
  endfacet
  facet normal 0.587809 -0.808999 0
    outer loop
      vertex 31.7887 19.4542 31.15
      vertex 31.5762 19.2998 28.15
      vertex 31.7887 19.4542 28.15
    endloop
  endfacet
  facet normal 0.951017 0.309138 0
    outer loop
      vertex 31.5762 18.8002 31.15
      vertex 31.495 19.05 28.15
      vertex 31.495 19.05 31.15
    endloop
  endfacet
  facet normal 0.951017 0.309138 0
    outer loop
      vertex 31.495 19.05 28.15
      vertex 31.5762 18.8002 31.15
      vertex 31.5762 18.8002 28.15
    endloop
  endfacet
  facet normal 0 0 1
    outer loop
      vertex 32.2638 19.2998 28.15
      vertex 32.2638 18.8002 28.15
      vertex 32.345 19.05 28.15
    endloop
  endfacet
  facet normal 0 0 1
    outer loop
      vertex 32.0513 19.4542 28.15
      vertex 32.2638 18.8002 28.15
      vertex 32.2638 19.2998 28.15
    endloop
  endfacet
  facet normal 0 0 1
    outer loop
      vertex 32.0513 19.4542 28.15
      vertex 32.0513 18.6458 28.15
      vertex 32.2638 18.8002 28.15
    endloop
  endfacet
  facet normal -0 0 1
    outer loop
      vertex 31.7887 19.4542 28.15
      vertex 32.0513 18.6458 28.15
      vertex 32.0513 19.4542 28.15
    endloop
  endfacet
  facet normal 0 0 1
    outer loop
      vertex 31.7887 19.4542 28.15
      vertex 31.7887 18.6458 28.15
      vertex 32.0513 18.6458 28.15
    endloop
  endfacet
  facet normal -0 0 1
    outer loop
      vertex 31.5762 19.2998 28.15
      vertex 31.7887 18.6458 28.15
      vertex 31.7887 19.4542 28.15
    endloop
  endfacet
  facet normal 0 0 1
    outer loop
      vertex 31.5762 19.2998 28.15
      vertex 31.5762 18.8002 28.15
      vertex 31.7887 18.6458 28.15
    endloop
  endfacet
  facet normal 0 -0 1
    outer loop
      vertex 31.5762 18.8002 28.15
      vertex 31.5762 19.2998 28.15
      vertex 31.495 19.05 28.15
    endloop
  endfacet
  facet normal -0.587809 0.808999 0
    outer loop
      vertex 32.2638 18.8002 28.15
      vertex 32.0513 18.6458 31.15
      vertex 32.2638 18.8002 31.15
    endloop
  endfacet
  facet normal -0.587809 0.808999 0
    outer loop
      vertex 32.0513 18.6458 31.15
      vertex 32.2638 18.8002 28.15
      vertex 32.0513 18.6458 28.15
    endloop
  endfacet
  facet normal -0.951017 0.309138 0
    outer loop
      vertex 32.2638 18.8002 28.15
      vertex 32.345 19.05 31.15
      vertex 32.345 19.05 28.15
    endloop
  endfacet
  facet normal -0.951017 0.309138 0
    outer loop
      vertex 32.345 19.05 31.15
      vertex 32.2638 18.8002 28.15
      vertex 32.2638 18.8002 31.15
    endloop
  endfacet
  facet normal 0 1 -0
    outer loop
      vertex 32.0513 18.6458 28.15
      vertex 31.7887 18.6458 31.15
      vertex 32.0513 18.6458 31.15
    endloop
  endfacet
  facet normal 0 1 0
    outer loop
      vertex 31.7887 18.6458 31.15
      vertex 32.0513 18.6458 28.15
      vertex 31.7887 18.6458 28.15
    endloop
  endfacet
  facet normal 0.951017 -0.309138 0
    outer loop
      vertex 31.495 19.05 31.15
      vertex 31.5762 19.2998 28.15
      vertex 31.5762 19.2998 31.15
    endloop
  endfacet
  facet normal 0.951017 -0.309138 0
    outer loop
      vertex 31.5762 19.2998 28.15
      vertex 31.495 19.05 31.15
      vertex 31.495 19.05 28.15
    endloop
  endfacet
  facet normal 0.951017 0.309138 0
    outer loop
      vertex 34.1162 -19.2998 31.15
      vertex 34.035 -19.05 28.15
      vertex 34.035 -19.05 31.15
    endloop
  endfacet
  facet normal 0.951017 0.309138 0
    outer loop
      vertex 34.035 -19.05 28.15
      vertex 34.1162 -19.2998 31.15
      vertex 34.1162 -19.2998 28.15
    endloop
  endfacet
  facet normal -0.587809 -0.808999 0
    outer loop
      vertex 34.5913 -18.6458 28.15
      vertex 34.8038 -18.8002 31.15
      vertex 34.5913 -18.6458 31.15
    endloop
  endfacet
  facet normal -0.587809 -0.808999 -0
    outer loop
      vertex 34.8038 -18.8002 31.15
      vertex 34.5913 -18.6458 28.15
      vertex 34.8038 -18.8002 28.15
    endloop
  endfacet
  facet normal -0.951017 -0.309138 0
    outer loop
      vertex 34.885 -19.05 28.15
      vertex 34.8038 -18.8002 31.15
      vertex 34.8038 -18.8002 28.15
    endloop
  endfacet
  facet normal -0.951017 -0.309138 0
    outer loop
      vertex 34.8038 -18.8002 31.15
      vertex 34.885 -19.05 28.15
      vertex 34.885 -19.05 31.15
    endloop
  endfacet
  facet normal 0 -1 0
    outer loop
      vertex 34.3287 -18.6458 28.15
      vertex 34.5913 -18.6458 31.15
      vertex 34.3287 -18.6458 31.15
    endloop
  endfacet
  facet normal 0 -1 -0
    outer loop
      vertex 34.5913 -18.6458 31.15
      vertex 34.3287 -18.6458 28.15
      vertex 34.5913 -18.6458 28.15
    endloop
  endfacet
  facet normal 0.587809 0.808999 -0
    outer loop
      vertex 34.3287 -19.4542 28.15
      vertex 34.1162 -19.2998 31.15
      vertex 34.3287 -19.4542 31.15
    endloop
  endfacet
  facet normal 0.587809 0.808999 0
    outer loop
      vertex 34.1162 -19.2998 31.15
      vertex 34.3287 -19.4542 28.15
      vertex 34.1162 -19.2998 28.15
    endloop
  endfacet
  facet normal -0.951017 0.309138 0
    outer loop
      vertex 34.8038 -19.2998 28.15
      vertex 34.885 -19.05 31.15
      vertex 34.885 -19.05 28.15
    endloop
  endfacet
  facet normal -0.951017 0.309138 0
    outer loop
      vertex 34.885 -19.05 31.15
      vertex 34.8038 -19.2998 28.15
      vertex 34.8038 -19.2998 31.15
    endloop
  endfacet
  facet normal 0.587809 -0.808999 0
    outer loop
      vertex 34.1162 -18.8002 28.15
      vertex 34.3287 -18.6458 31.15
      vertex 34.1162 -18.8002 31.15
    endloop
  endfacet
  facet normal 0.587809 -0.808999 0
    outer loop
      vertex 34.3287 -18.6458 31.15
      vertex 34.1162 -18.8002 28.15
      vertex 34.3287 -18.6458 28.15
    endloop
  endfacet
  facet normal 0 1 -0
    outer loop
      vertex 34.5913 -19.4542 28.15
      vertex 34.3287 -19.4542 31.15
      vertex 34.5913 -19.4542 31.15
    endloop
  endfacet
  facet normal 0 1 0
    outer loop
      vertex 34.3287 -19.4542 31.15
      vertex 34.5913 -19.4542 28.15
      vertex 34.3287 -19.4542 28.15
    endloop
  endfacet
  facet normal -0.587809 0.808999 0
    outer loop
      vertex 34.8038 -19.2998 28.15
      vertex 34.5913 -19.4542 31.15
      vertex 34.8038 -19.2998 31.15
    endloop
  endfacet
  facet normal -0.587809 0.808999 0
    outer loop
      vertex 34.5913 -19.4542 31.15
      vertex 34.8038 -19.2998 28.15
      vertex 34.5913 -19.4542 28.15
    endloop
  endfacet
  facet normal 0.951017 -0.309138 0
    outer loop
      vertex 34.035 -19.05 31.15
      vertex 34.1162 -18.8002 28.15
      vertex 34.1162 -18.8002 31.15
    endloop
  endfacet
  facet normal 0.951017 -0.309138 0
    outer loop
      vertex 34.1162 -18.8002 28.15
      vertex 34.035 -19.05 31.15
      vertex 34.035 -19.05 28.15
    endloop
  endfacet
  facet normal 0 0 1
    outer loop
      vertex 34.8038 -18.8002 28.15
      vertex 34.8038 -19.2998 28.15
      vertex 34.885 -19.05 28.15
    endloop
  endfacet
  facet normal 0 0 1
    outer loop
      vertex 34.5913 -18.6458 28.15
      vertex 34.8038 -19.2998 28.15
      vertex 34.8038 -18.8002 28.15
    endloop
  endfacet
  facet normal 0 0 1
    outer loop
      vertex 34.5913 -18.6458 28.15
      vertex 34.5913 -19.4542 28.15
      vertex 34.8038 -19.2998 28.15
    endloop
  endfacet
  facet normal -0 0 1
    outer loop
      vertex 34.3287 -18.6458 28.15
      vertex 34.5913 -19.4542 28.15
      vertex 34.5913 -18.6458 28.15
    endloop
  endfacet
  facet normal 0 0 1
    outer loop
      vertex 34.3287 -18.6458 28.15
      vertex 34.3287 -19.4542 28.15
      vertex 34.5913 -19.4542 28.15
    endloop
  endfacet
  facet normal -0 0 1
    outer loop
      vertex 34.1162 -18.8002 28.15
      vertex 34.3287 -19.4542 28.15
      vertex 34.3287 -18.6458 28.15
    endloop
  endfacet
  facet normal 0 0 1
    outer loop
      vertex 34.1162 -18.8002 28.15
      vertex 34.1162 -19.2998 28.15
      vertex 34.3287 -19.4542 28.15
    endloop
  endfacet
  facet normal 0 -0 1
    outer loop
      vertex 34.1162 -19.2998 28.15
      vertex 34.1162 -18.8002 28.15
      vertex 34.035 -19.05 28.15
    endloop
  endfacet
  facet normal 0.951017 0.309138 0
    outer loop
      vertex 34.1162 -16.7598 31.15
      vertex 34.035 -16.51 28.15
      vertex 34.035 -16.51 31.15
    endloop
  endfacet
  facet normal 0.951017 0.309138 0
    outer loop
      vertex 34.035 -16.51 28.15
      vertex 34.1162 -16.7598 31.15
      vertex 34.1162 -16.7598 28.15
    endloop
  endfacet
  facet normal -0.587809 -0.808999 0
    outer loop
      vertex 34.5913 -16.1058 28.15
      vertex 34.8038 -16.2602 31.15
      vertex 34.5913 -16.1058 31.15
    endloop
  endfacet
  facet normal -0.587809 -0.808999 -0
    outer loop
      vertex 34.8038 -16.2602 31.15
      vertex 34.5913 -16.1058 28.15
      vertex 34.8038 -16.2602 28.15
    endloop
  endfacet
  facet normal -0.951017 -0.309138 0
    outer loop
      vertex 34.885 -16.51 28.15
      vertex 34.8038 -16.2602 31.15
      vertex 34.8038 -16.2602 28.15
    endloop
  endfacet
  facet normal -0.951017 -0.309138 0
    outer loop
      vertex 34.8038 -16.2602 31.15
      vertex 34.885 -16.51 28.15
      vertex 34.885 -16.51 31.15
    endloop
  endfacet
  facet normal 0 -1 0
    outer loop
      vertex 34.3287 -16.1058 28.15
      vertex 34.5913 -16.1058 31.15
      vertex 34.3287 -16.1058 31.15
    endloop
  endfacet
  facet normal 0 -1 -0
    outer loop
      vertex 34.5913 -16.1058 31.15
      vertex 34.3287 -16.1058 28.15
      vertex 34.5913 -16.1058 28.15
    endloop
  endfacet
  facet normal 0.587809 0.808999 -0
    outer loop
      vertex 34.3287 -16.9142 28.15
      vertex 34.1162 -16.7598 31.15
      vertex 34.3287 -16.9142 31.15
    endloop
  endfacet
  facet normal 0.587809 0.808999 0
    outer loop
      vertex 34.1162 -16.7598 31.15
      vertex 34.3287 -16.9142 28.15
      vertex 34.1162 -16.7598 28.15
    endloop
  endfacet
  facet normal -0.951017 0.309138 0
    outer loop
      vertex 34.8038 -16.7598 28.15
      vertex 34.885 -16.51 31.15
      vertex 34.885 -16.51 28.15
    endloop
  endfacet
  facet normal -0.951017 0.309138 0
    outer loop
      vertex 34.885 -16.51 31.15
      vertex 34.8038 -16.7598 28.15
      vertex 34.8038 -16.7598 31.15
    endloop
  endfacet
  facet normal 0.587809 -0.808999 0
    outer loop
      vertex 34.1162 -16.2602 28.15
      vertex 34.3287 -16.1058 31.15
      vertex 34.1162 -16.2602 31.15
    endloop
  endfacet
  facet normal 0.587809 -0.808999 0
    outer loop
      vertex 34.3287 -16.1058 31.15
      vertex 34.1162 -16.2602 28.15
      vertex 34.3287 -16.1058 28.15
    endloop
  endfacet
  facet normal 0 1 -0
    outer loop
      vertex 34.5913 -16.9142 28.15
      vertex 34.3287 -16.9142 31.15
      vertex 34.5913 -16.9142 31.15
    endloop
  endfacet
  facet normal 0 1 0
    outer loop
      vertex 34.3287 -16.9142 31.15
      vertex 34.5913 -16.9142 28.15
      vertex 34.3287 -16.9142 28.15
    endloop
  endfacet
  facet normal -0.587809 0.808999 0
    outer loop
      vertex 34.8038 -16.7598 28.15
      vertex 34.5913 -16.9142 31.15
      vertex 34.8038 -16.7598 31.15
    endloop
  endfacet
  facet normal -0.587809 0.808999 0
    outer loop
      vertex 34.5913 -16.9142 31.15
      vertex 34.8038 -16.7598 28.15
      vertex 34.5913 -16.9142 28.15
    endloop
  endfacet
  facet normal 0.951017 -0.309138 0
    outer loop
      vertex 34.035 -16.51 31.15
      vertex 34.1162 -16.2602 28.15
      vertex 34.1162 -16.2602 31.15
    endloop
  endfacet
  facet normal 0.951017 -0.309138 0
    outer loop
      vertex 34.1162 -16.2602 28.15
      vertex 34.035 -16.51 31.15
      vertex 34.035 -16.51 28.15
    endloop
  endfacet
  facet normal 0 0 1
    outer loop
      vertex 34.8038 -16.2602 28.15
      vertex 34.8038 -16.7598 28.15
      vertex 34.885 -16.51 28.15
    endloop
  endfacet
  facet normal 0 0 1
    outer loop
      vertex 34.5913 -16.1058 28.15
      vertex 34.8038 -16.7598 28.15
      vertex 34.8038 -16.2602 28.15
    endloop
  endfacet
  facet normal 0 0 1
    outer loop
      vertex 34.5913 -16.1058 28.15
      vertex 34.5913 -16.9142 28.15
      vertex 34.8038 -16.7598 28.15
    endloop
  endfacet
  facet normal -0 0 1
    outer loop
      vertex 34.3287 -16.1058 28.15
      vertex 34.5913 -16.9142 28.15
      vertex 34.5913 -16.1058 28.15
    endloop
  endfacet
  facet normal 0 0 1
    outer loop
      vertex 34.3287 -16.1058 28.15
      vertex 34.3287 -16.9142 28.15
      vertex 34.5913 -16.9142 28.15
    endloop
  endfacet
  facet normal -0 0 1
    outer loop
      vertex 34.1162 -16.2602 28.15
      vertex 34.3287 -16.9142 28.15
      vertex 34.3287 -16.1058 28.15
    endloop
  endfacet
  facet normal 0 0 1
    outer loop
      vertex 34.1162 -16.2602 28.15
      vertex 34.1162 -16.7598 28.15
      vertex 34.3287 -16.9142 28.15
    endloop
  endfacet
  facet normal 0 -0 1
    outer loop
      vertex 34.1162 -16.7598 28.15
      vertex 34.1162 -16.2602 28.15
      vertex 34.035 -16.51 28.15
    endloop
  endfacet
  facet normal 0.951017 0.309138 0
    outer loop
      vertex 34.1162 -14.2198 31.15
      vertex 34.035 -13.97 28.15
      vertex 34.035 -13.97 31.15
    endloop
  endfacet
  facet normal 0.951017 0.309138 0
    outer loop
      vertex 34.035 -13.97 28.15
      vertex 34.1162 -14.2198 31.15
      vertex 34.1162 -14.2198 28.15
    endloop
  endfacet
  facet normal -0.587809 -0.808999 0
    outer loop
      vertex 34.5913 -13.5658 28.15
      vertex 34.8038 -13.7202 31.15
      vertex 34.5913 -13.5658 31.15
    endloop
  endfacet
  facet normal -0.587809 -0.808999 -0
    outer loop
      vertex 34.8038 -13.7202 31.15
      vertex 34.5913 -13.5658 28.15
      vertex 34.8038 -13.7202 28.15
    endloop
  endfacet
  facet normal -0.951017 -0.309138 0
    outer loop
      vertex 34.885 -13.97 28.15
      vertex 34.8038 -13.7202 31.15
      vertex 34.8038 -13.7202 28.15
    endloop
  endfacet
  facet normal -0.951017 -0.309138 0
    outer loop
      vertex 34.8038 -13.7202 31.15
      vertex 34.885 -13.97 28.15
      vertex 34.885 -13.97 31.15
    endloop
  endfacet
  facet normal 0 -1 0
    outer loop
      vertex 34.3287 -13.5658 28.15
      vertex 34.5913 -13.5658 31.15
      vertex 34.3287 -13.5658 31.15
    endloop
  endfacet
  facet normal 0 -1 -0
    outer loop
      vertex 34.5913 -13.5658 31.15
      vertex 34.3287 -13.5658 28.15
      vertex 34.5913 -13.5658 28.15
    endloop
  endfacet
  facet normal 0.587809 0.808999 -0
    outer loop
      vertex 34.3287 -14.3742 28.15
      vertex 34.1162 -14.2198 31.15
      vertex 34.3287 -14.3742 31.15
    endloop
  endfacet
  facet normal 0.587809 0.808999 0
    outer loop
      vertex 34.1162 -14.2198 31.15
      vertex 34.3287 -14.3742 28.15
      vertex 34.1162 -14.2198 28.15
    endloop
  endfacet
  facet normal -0.951017 0.309138 0
    outer loop
      vertex 34.8038 -14.2198 28.15
      vertex 34.885 -13.97 31.15
      vertex 34.885 -13.97 28.15
    endloop
  endfacet
  facet normal -0.951017 0.309138 0
    outer loop
      vertex 34.885 -13.97 31.15
      vertex 34.8038 -14.2198 28.15
      vertex 34.8038 -14.2198 31.15
    endloop
  endfacet
  facet normal 0.587809 -0.808999 0
    outer loop
      vertex 34.1162 -13.7202 28.15
      vertex 34.3287 -13.5658 31.15
      vertex 34.1162 -13.7202 31.15
    endloop
  endfacet
  facet normal 0.587809 -0.808999 0
    outer loop
      vertex 34.3287 -13.5658 31.15
      vertex 34.1162 -13.7202 28.15
      vertex 34.3287 -13.5658 28.15
    endloop
  endfacet
  facet normal 0 1 -0
    outer loop
      vertex 34.5913 -14.3742 28.15
      vertex 34.3287 -14.3742 31.15
      vertex 34.5913 -14.3742 31.15
    endloop
  endfacet
  facet normal 0 1 0
    outer loop
      vertex 34.3287 -14.3742 31.15
      vertex 34.5913 -14.3742 28.15
      vertex 34.3287 -14.3742 28.15
    endloop
  endfacet
  facet normal -0.587809 0.808999 0
    outer loop
      vertex 34.8038 -14.2198 28.15
      vertex 34.5913 -14.3742 31.15
      vertex 34.8038 -14.2198 31.15
    endloop
  endfacet
  facet normal -0.587809 0.808999 0
    outer loop
      vertex 34.5913 -14.3742 31.15
      vertex 34.8038 -14.2198 28.15
      vertex 34.5913 -14.3742 28.15
    endloop
  endfacet
  facet normal 0.951017 -0.309138 0
    outer loop
      vertex 34.035 -13.97 31.15
      vertex 34.1162 -13.7202 28.15
      vertex 34.1162 -13.7202 31.15
    endloop
  endfacet
  facet normal 0.951017 -0.309138 0
    outer loop
      vertex 34.1162 -13.7202 28.15
      vertex 34.035 -13.97 31.15
      vertex 34.035 -13.97 28.15
    endloop
  endfacet
  facet normal 0 0 1
    outer loop
      vertex 34.8038 -13.7202 28.15
      vertex 34.8038 -14.2198 28.15
      vertex 34.885 -13.97 28.15
    endloop
  endfacet
  facet normal 0 0 1
    outer loop
      vertex 34.5913 -13.5658 28.15
      vertex 34.8038 -14.2198 28.15
      vertex 34.8038 -13.7202 28.15
    endloop
  endfacet
  facet normal 0 0 1
    outer loop
      vertex 34.5913 -13.5658 28.15
      vertex 34.5913 -14.3742 28.15
      vertex 34.8038 -14.2198 28.15
    endloop
  endfacet
  facet normal -0 0 1
    outer loop
      vertex 34.3287 -13.5658 28.15
      vertex 34.5913 -14.3742 28.15
      vertex 34.5913 -13.5658 28.15
    endloop
  endfacet
  facet normal 0 0 1
    outer loop
      vertex 34.3287 -13.5658 28.15
      vertex 34.3287 -14.3742 28.15
      vertex 34.5913 -14.3742 28.15
    endloop
  endfacet
  facet normal -0 0 1
    outer loop
      vertex 34.1162 -13.7202 28.15
      vertex 34.3287 -14.3742 28.15
      vertex 34.3287 -13.5658 28.15
    endloop
  endfacet
  facet normal 0 0 1
    outer loop
      vertex 34.1162 -13.7202 28.15
      vertex 34.1162 -14.2198 28.15
      vertex 34.3287 -14.3742 28.15
    endloop
  endfacet
  facet normal 0 -0 1
    outer loop
      vertex 34.1162 -14.2198 28.15
      vertex 34.1162 -13.7202 28.15
      vertex 34.035 -13.97 28.15
    endloop
  endfacet
  facet normal 0.951017 0.309138 0
    outer loop
      vertex 34.1162 -11.6798 31.15
      vertex 34.035 -11.43 28.15
      vertex 34.035 -11.43 31.15
    endloop
  endfacet
  facet normal 0.951017 0.309138 0
    outer loop
      vertex 34.035 -11.43 28.15
      vertex 34.1162 -11.6798 31.15
      vertex 34.1162 -11.6798 28.15
    endloop
  endfacet
  facet normal -0.587809 -0.808999 0
    outer loop
      vertex 34.5913 -11.0258 28.15
      vertex 34.8038 -11.1802 31.15
      vertex 34.5913 -11.0258 31.15
    endloop
  endfacet
  facet normal -0.587809 -0.808999 -0
    outer loop
      vertex 34.8038 -11.1802 31.15
      vertex 34.5913 -11.0258 28.15
      vertex 34.8038 -11.1802 28.15
    endloop
  endfacet
  facet normal -0.951017 -0.309138 0
    outer loop
      vertex 34.885 -11.43 28.15
      vertex 34.8038 -11.1802 31.15
      vertex 34.8038 -11.1802 28.15
    endloop
  endfacet
  facet normal -0.951017 -0.309138 0
    outer loop
      vertex 34.8038 -11.1802 31.15
      vertex 34.885 -11.43 28.15
      vertex 34.885 -11.43 31.15
    endloop
  endfacet
  facet normal 0 -1 0
    outer loop
      vertex 34.3287 -11.0258 28.15
      vertex 34.5913 -11.0258 31.15
      vertex 34.3287 -11.0258 31.15
    endloop
  endfacet
  facet normal 0 -1 -0
    outer loop
      vertex 34.5913 -11.0258 31.15
      vertex 34.3287 -11.0258 28.15
      vertex 34.5913 -11.0258 28.15
    endloop
  endfacet
  facet normal 0.587809 0.808999 -0
    outer loop
      vertex 34.3287 -11.8342 28.15
      vertex 34.1162 -11.6798 31.15
      vertex 34.3287 -11.8342 31.15
    endloop
  endfacet
  facet normal 0.587809 0.808999 0
    outer loop
      vertex 34.1162 -11.6798 31.15
      vertex 34.3287 -11.8342 28.15
      vertex 34.1162 -11.6798 28.15
    endloop
  endfacet
  facet normal -0.951017 0.309138 0
    outer loop
      vertex 34.8038 -11.6798 28.15
      vertex 34.885 -11.43 31.15
      vertex 34.885 -11.43 28.15
    endloop
  endfacet
  facet normal -0.951017 0.309138 0
    outer loop
      vertex 34.885 -11.43 31.15
      vertex 34.8038 -11.6798 28.15
      vertex 34.8038 -11.6798 31.15
    endloop
  endfacet
  facet normal 0.587809 -0.808999 0
    outer loop
      vertex 34.1162 -11.1802 28.15
      vertex 34.3287 -11.0258 31.15
      vertex 34.1162 -11.1802 31.15
    endloop
  endfacet
  facet normal 0.587809 -0.808999 0
    outer loop
      vertex 34.3287 -11.0258 31.15
      vertex 34.1162 -11.1802 28.15
      vertex 34.3287 -11.0258 28.15
    endloop
  endfacet
  facet normal 0 1 -0
    outer loop
      vertex 34.5913 -11.8342 28.15
      vertex 34.3287 -11.8342 31.15
      vertex 34.5913 -11.8342 31.15
    endloop
  endfacet
  facet normal 0 1 0
    outer loop
      vertex 34.3287 -11.8342 31.15
      vertex 34.5913 -11.8342 28.15
      vertex 34.3287 -11.8342 28.15
    endloop
  endfacet
  facet normal -0.587809 0.808999 0
    outer loop
      vertex 34.8038 -11.6798 28.15
      vertex 34.5913 -11.8342 31.15
      vertex 34.8038 -11.6798 31.15
    endloop
  endfacet
  facet normal -0.587809 0.808999 0
    outer loop
      vertex 34.5913 -11.8342 31.15
      vertex 34.8038 -11.6798 28.15
      vertex 34.5913 -11.8342 28.15
    endloop
  endfacet
  facet normal 0.951017 -0.309138 0
    outer loop
      vertex 34.035 -11.43 31.15
      vertex 34.1162 -11.1802 28.15
      vertex 34.1162 -11.1802 31.15
    endloop
  endfacet
  facet normal 0.951017 -0.309138 0
    outer loop
      vertex 34.1162 -11.1802 28.15
      vertex 34.035 -11.43 31.15
      vertex 34.035 -11.43 28.15
    endloop
  endfacet
  facet normal 0 0 1
    outer loop
      vertex 34.8038 -11.1802 28.15
      vertex 34.8038 -11.6798 28.15
      vertex 34.885 -11.43 28.15
    endloop
  endfacet
  facet normal 0 0 1
    outer loop
      vertex 34.5913 -11.0258 28.15
      vertex 34.8038 -11.6798 28.15
      vertex 34.8038 -11.1802 28.15
    endloop
  endfacet
  facet normal 0 0 1
    outer loop
      vertex 34.5913 -11.0258 28.15
      vertex 34.5913 -11.8342 28.15
      vertex 34.8038 -11.6798 28.15
    endloop
  endfacet
  facet normal -0 0 1
    outer loop
      vertex 34.3287 -11.0258 28.15
      vertex 34.5913 -11.8342 28.15
      vertex 34.5913 -11.0258 28.15
    endloop
  endfacet
  facet normal 0 0 1
    outer loop
      vertex 34.3287 -11.0258 28.15
      vertex 34.3287 -11.8342 28.15
      vertex 34.5913 -11.8342 28.15
    endloop
  endfacet
  facet normal -0 0 1
    outer loop
      vertex 34.1162 -11.1802 28.15
      vertex 34.3287 -11.8342 28.15
      vertex 34.3287 -11.0258 28.15
    endloop
  endfacet
  facet normal 0 0 1
    outer loop
      vertex 34.1162 -11.1802 28.15
      vertex 34.1162 -11.6798 28.15
      vertex 34.3287 -11.8342 28.15
    endloop
  endfacet
  facet normal 0 -0 1
    outer loop
      vertex 34.1162 -11.6798 28.15
      vertex 34.1162 -11.1802 28.15
      vertex 34.035 -11.43 28.15
    endloop
  endfacet
  facet normal 0.951021 0.309127 0
    outer loop
      vertex 34.1162 -9.13981 31.15
      vertex 34.035 -8.89 28.15
      vertex 34.035 -8.89 31.15
    endloop
  endfacet
  facet normal 0.951021 0.309127 0
    outer loop
      vertex 34.035 -8.89 28.15
      vertex 34.1162 -9.13981 31.15
      vertex 34.1162 -9.13981 28.15
    endloop
  endfacet
  facet normal -0.587785 -0.809018 0
    outer loop
      vertex 34.5913 -8.4858 28.15
      vertex 34.8038 -8.64019 31.15
      vertex 34.5913 -8.4858 31.15
    endloop
  endfacet
  facet normal -0.587785 -0.809018 -0
    outer loop
      vertex 34.8038 -8.64019 31.15
      vertex 34.5913 -8.4858 28.15
      vertex 34.8038 -8.64019 28.15
    endloop
  endfacet
  facet normal -0.951021 -0.309127 0
    outer loop
      vertex 34.885 -8.89 28.15
      vertex 34.8038 -8.64019 31.15
      vertex 34.8038 -8.64019 28.15
    endloop
  endfacet
  facet normal -0.951021 -0.309127 0
    outer loop
      vertex 34.8038 -8.64019 31.15
      vertex 34.885 -8.89 28.15
      vertex 34.885 -8.89 31.15
    endloop
  endfacet
  facet normal 0 -1 0
    outer loop
      vertex 34.3287 -8.4858 28.15
      vertex 34.5913 -8.4858 31.15
      vertex 34.3287 -8.4858 31.15
    endloop
  endfacet
  facet normal 0 -1 -0
    outer loop
      vertex 34.5913 -8.4858 31.15
      vertex 34.3287 -8.4858 28.15
      vertex 34.5913 -8.4858 28.15
    endloop
  endfacet
  facet normal 0.587785 0.809018 -0
    outer loop
      vertex 34.3287 -9.2942 28.15
      vertex 34.1162 -9.13981 31.15
      vertex 34.3287 -9.2942 31.15
    endloop
  endfacet
  facet normal 0.587785 0.809018 0
    outer loop
      vertex 34.1162 -9.13981 31.15
      vertex 34.3287 -9.2942 28.15
      vertex 34.1162 -9.13981 28.15
    endloop
  endfacet
  facet normal -0.951021 0.309127 0
    outer loop
      vertex 34.8038 -9.13981 28.15
      vertex 34.885 -8.89 31.15
      vertex 34.885 -8.89 28.15
    endloop
  endfacet
  facet normal -0.951021 0.309127 0
    outer loop
      vertex 34.885 -8.89 31.15
      vertex 34.8038 -9.13981 28.15
      vertex 34.8038 -9.13981 31.15
    endloop
  endfacet
  facet normal 0.587785 -0.809018 0
    outer loop
      vertex 34.1162 -8.64019 28.15
      vertex 34.3287 -8.4858 31.15
      vertex 34.1162 -8.64019 31.15
    endloop
  endfacet
  facet normal 0.587785 -0.809018 0
    outer loop
      vertex 34.3287 -8.4858 31.15
      vertex 34.1162 -8.64019 28.15
      vertex 34.3287 -8.4858 28.15
    endloop
  endfacet
  facet normal 0 1 -0
    outer loop
      vertex 34.5913 -9.2942 28.15
      vertex 34.3287 -9.2942 31.15
      vertex 34.5913 -9.2942 31.15
    endloop
  endfacet
  facet normal 0 1 0
    outer loop
      vertex 34.3287 -9.2942 31.15
      vertex 34.5913 -9.2942 28.15
      vertex 34.3287 -9.2942 28.15
    endloop
  endfacet
  facet normal -0.587785 0.809018 0
    outer loop
      vertex 34.8038 -9.13981 28.15
      vertex 34.5913 -9.2942 31.15
      vertex 34.8038 -9.13981 31.15
    endloop
  endfacet
  facet normal -0.587785 0.809018 0
    outer loop
      vertex 34.5913 -9.2942 31.15
      vertex 34.8038 -9.13981 28.15
      vertex 34.5913 -9.2942 28.15
    endloop
  endfacet
  facet normal 0.951021 -0.309127 0
    outer loop
      vertex 34.035 -8.89 31.15
      vertex 34.1162 -8.64019 28.15
      vertex 34.1162 -8.64019 31.15
    endloop
  endfacet
  facet normal 0.951021 -0.309127 0
    outer loop
      vertex 34.1162 -8.64019 28.15
      vertex 34.035 -8.89 31.15
      vertex 34.035 -8.89 28.15
    endloop
  endfacet
  facet normal 0 0 1
    outer loop
      vertex 34.8038 -8.64019 28.15
      vertex 34.8038 -9.13981 28.15
      vertex 34.885 -8.89 28.15
    endloop
  endfacet
  facet normal 0 0 1
    outer loop
      vertex 34.5913 -8.4858 28.15
      vertex 34.8038 -9.13981 28.15
      vertex 34.8038 -8.64019 28.15
    endloop
  endfacet
  facet normal 0 0 1
    outer loop
      vertex 34.5913 -8.4858 28.15
      vertex 34.5913 -9.2942 28.15
      vertex 34.8038 -9.13981 28.15
    endloop
  endfacet
  facet normal -0 0 1
    outer loop
      vertex 34.3287 -8.4858 28.15
      vertex 34.5913 -9.2942 28.15
      vertex 34.5913 -8.4858 28.15
    endloop
  endfacet
  facet normal 0 0 1
    outer loop
      vertex 34.3287 -8.4858 28.15
      vertex 34.3287 -9.2942 28.15
      vertex 34.5913 -9.2942 28.15
    endloop
  endfacet
  facet normal -0 0 1
    outer loop
      vertex 34.1162 -8.64019 28.15
      vertex 34.3287 -9.2942 28.15
      vertex 34.3287 -8.4858 28.15
    endloop
  endfacet
  facet normal 0 0 1
    outer loop
      vertex 34.1162 -8.64019 28.15
      vertex 34.1162 -9.13981 28.15
      vertex 34.3287 -9.2942 28.15
    endloop
  endfacet
  facet normal 0 -0 1
    outer loop
      vertex 34.1162 -9.13981 28.15
      vertex 34.1162 -8.64019 28.15
      vertex 34.035 -8.89 28.15
    endloop
  endfacet
  facet normal 0.587785 0.809018 -0
    outer loop
      vertex 34.3287 -6.7542 28.15
      vertex 34.1162 -6.59981 31.15
      vertex 34.3287 -6.7542 31.15
    endloop
  endfacet
  facet normal 0.587785 0.809018 0
    outer loop
      vertex 34.1162 -6.59981 31.15
      vertex 34.3287 -6.7542 28.15
      vertex 34.1162 -6.59981 28.15
    endloop
  endfacet
  facet normal -0.587785 -0.809018 0
    outer loop
      vertex 34.5913 -5.9458 28.15
      vertex 34.8038 -6.10019 31.15
      vertex 34.5913 -5.9458 31.15
    endloop
  endfacet
  facet normal -0.587785 -0.809018 -0
    outer loop
      vertex 34.8038 -6.10019 31.15
      vertex 34.5913 -5.9458 28.15
      vertex 34.8038 -6.10019 28.15
    endloop
  endfacet
  facet normal -0.951021 -0.309127 0
    outer loop
      vertex 34.885 -6.35 28.15
      vertex 34.8038 -6.10019 31.15
      vertex 34.8038 -6.10019 28.15
    endloop
  endfacet
  facet normal -0.951021 -0.309127 0
    outer loop
      vertex 34.8038 -6.10019 31.15
      vertex 34.885 -6.35 28.15
      vertex 34.885 -6.35 31.15
    endloop
  endfacet
  facet normal 0 -1 0
    outer loop
      vertex 34.3287 -5.9458 28.15
      vertex 34.5913 -5.9458 31.15
      vertex 34.3287 -5.9458 31.15
    endloop
  endfacet
  facet normal 0 -1 -0
    outer loop
      vertex 34.5913 -5.9458 31.15
      vertex 34.3287 -5.9458 28.15
      vertex 34.5913 -5.9458 28.15
    endloop
  endfacet
  facet normal -0.587785 0.809018 0
    outer loop
      vertex 34.8038 -6.59981 28.15
      vertex 34.5913 -6.7542 31.15
      vertex 34.8038 -6.59981 31.15
    endloop
  endfacet
  facet normal -0.587785 0.809018 0
    outer loop
      vertex 34.5913 -6.7542 31.15
      vertex 34.8038 -6.59981 28.15
      vertex 34.5913 -6.7542 28.15
    endloop
  endfacet
  facet normal 0.951021 0.309127 0
    outer loop
      vertex 34.1162 -6.59981 31.15
      vertex 34.035 -6.35 28.15
      vertex 34.035 -6.35 31.15
    endloop
  endfacet
  facet normal 0.951021 0.309127 0
    outer loop
      vertex 34.035 -6.35 28.15
      vertex 34.1162 -6.59981 31.15
      vertex 34.1162 -6.59981 28.15
    endloop
  endfacet
  facet normal 0 1 -0
    outer loop
      vertex 34.5913 -6.7542 28.15
      vertex 34.3287 -6.7542 31.15
      vertex 34.5913 -6.7542 31.15
    endloop
  endfacet
  facet normal 0 1 0
    outer loop
      vertex 34.3287 -6.7542 31.15
      vertex 34.5913 -6.7542 28.15
      vertex 34.3287 -6.7542 28.15
    endloop
  endfacet
  facet normal -0.951021 0.309127 0
    outer loop
      vertex 34.8038 -6.59981 28.15
      vertex 34.885 -6.35 31.15
      vertex 34.885 -6.35 28.15
    endloop
  endfacet
  facet normal -0.951021 0.309127 0
    outer loop
      vertex 34.885 -6.35 31.15
      vertex 34.8038 -6.59981 28.15
      vertex 34.8038 -6.59981 31.15
    endloop
  endfacet
  facet normal 0.587785 -0.809018 0
    outer loop
      vertex 34.1162 -6.10019 28.15
      vertex 34.3287 -5.9458 31.15
      vertex 34.1162 -6.10019 31.15
    endloop
  endfacet
  facet normal 0.587785 -0.809018 0
    outer loop
      vertex 34.3287 -5.9458 31.15
      vertex 34.1162 -6.10019 28.15
      vertex 34.3287 -5.9458 28.15
    endloop
  endfacet
  facet normal 0 0 1
    outer loop
      vertex 34.8038 -6.10019 28.15
      vertex 34.8038 -6.59981 28.15
      vertex 34.885 -6.35 28.15
    endloop
  endfacet
  facet normal 0 0 1
    outer loop
      vertex 34.5913 -5.9458 28.15
      vertex 34.8038 -6.59981 28.15
      vertex 34.8038 -6.10019 28.15
    endloop
  endfacet
  facet normal 0 0 1
    outer loop
      vertex 34.5913 -5.9458 28.15
      vertex 34.5913 -6.7542 28.15
      vertex 34.8038 -6.59981 28.15
    endloop
  endfacet
  facet normal -0 0 1
    outer loop
      vertex 34.3287 -5.9458 28.15
      vertex 34.5913 -6.7542 28.15
      vertex 34.5913 -5.9458 28.15
    endloop
  endfacet
  facet normal 0 0 1
    outer loop
      vertex 34.3287 -5.9458 28.15
      vertex 34.3287 -6.7542 28.15
      vertex 34.5913 -6.7542 28.15
    endloop
  endfacet
  facet normal -0 0 1
    outer loop
      vertex 34.1162 -6.10019 28.15
      vertex 34.3287 -6.7542 28.15
      vertex 34.3287 -5.9458 28.15
    endloop
  endfacet
  facet normal 0 0 1
    outer loop
      vertex 34.1162 -6.10019 28.15
      vertex 34.1162 -6.59981 28.15
      vertex 34.3287 -6.7542 28.15
    endloop
  endfacet
  facet normal 0 -0 1
    outer loop
      vertex 34.1162 -6.59981 28.15
      vertex 34.1162 -6.10019 28.15
      vertex 34.035 -6.35 28.15
    endloop
  endfacet
  facet normal 0.951021 -0.309127 0
    outer loop
      vertex 34.035 -6.35 31.15
      vertex 34.1162 -6.10019 28.15
      vertex 34.1162 -6.10019 31.15
    endloop
  endfacet
  facet normal 0.951021 -0.309127 0
    outer loop
      vertex 34.1162 -6.10019 28.15
      vertex 34.035 -6.35 31.15
      vertex 34.035 -6.35 28.15
    endloop
  endfacet
  facet normal 0.587785 0.809018 -0
    outer loop
      vertex 34.3287 -4.2142 28.15
      vertex 34.1162 -4.05981 31.15
      vertex 34.3287 -4.2142 31.15
    endloop
  endfacet
  facet normal 0.587785 0.809018 0
    outer loop
      vertex 34.1162 -4.05981 31.15
      vertex 34.3287 -4.2142 28.15
      vertex 34.1162 -4.05981 28.15
    endloop
  endfacet
  facet normal -0.587785 -0.809018 0
    outer loop
      vertex 34.5913 -3.4058 28.15
      vertex 34.8038 -3.56019 31.15
      vertex 34.5913 -3.4058 31.15
    endloop
  endfacet
  facet normal -0.587785 -0.809018 -0
    outer loop
      vertex 34.8038 -3.56019 31.15
      vertex 34.5913 -3.4058 28.15
      vertex 34.8038 -3.56019 28.15
    endloop
  endfacet
  facet normal -0.951021 -0.309127 0
    outer loop
      vertex 34.885 -3.81 28.15
      vertex 34.8038 -3.56019 31.15
      vertex 34.8038 -3.56019 28.15
    endloop
  endfacet
  facet normal -0.951021 -0.309127 0
    outer loop
      vertex 34.8038 -3.56019 31.15
      vertex 34.885 -3.81 28.15
      vertex 34.885 -3.81 31.15
    endloop
  endfacet
  facet normal 0 -1 0
    outer loop
      vertex 34.3287 -3.4058 28.15
      vertex 34.5913 -3.4058 31.15
      vertex 34.3287 -3.4058 31.15
    endloop
  endfacet
  facet normal 0 -1 -0
    outer loop
      vertex 34.5913 -3.4058 31.15
      vertex 34.3287 -3.4058 28.15
      vertex 34.5913 -3.4058 28.15
    endloop
  endfacet
  facet normal -0.587785 0.809018 0
    outer loop
      vertex 34.8038 -4.05981 28.15
      vertex 34.5913 -4.2142 31.15
      vertex 34.8038 -4.05981 31.15
    endloop
  endfacet
  facet normal -0.587785 0.809018 0
    outer loop
      vertex 34.5913 -4.2142 31.15
      vertex 34.8038 -4.05981 28.15
      vertex 34.5913 -4.2142 28.15
    endloop
  endfacet
  facet normal 0.951021 0.309127 0
    outer loop
      vertex 34.1162 -4.05981 31.15
      vertex 34.035 -3.81 28.15
      vertex 34.035 -3.81 31.15
    endloop
  endfacet
  facet normal 0.951021 0.309127 0
    outer loop
      vertex 34.035 -3.81 28.15
      vertex 34.1162 -4.05981 31.15
      vertex 34.1162 -4.05981 28.15
    endloop
  endfacet
  facet normal 0 1 -0
    outer loop
      vertex 34.5913 -4.2142 28.15
      vertex 34.3287 -4.2142 31.15
      vertex 34.5913 -4.2142 31.15
    endloop
  endfacet
  facet normal 0 1 0
    outer loop
      vertex 34.3287 -4.2142 31.15
      vertex 34.5913 -4.2142 28.15
      vertex 34.3287 -4.2142 28.15
    endloop
  endfacet
  facet normal -0.951021 0.309127 0
    outer loop
      vertex 34.8038 -4.05981 28.15
      vertex 34.885 -3.81 31.15
      vertex 34.885 -3.81 28.15
    endloop
  endfacet
  facet normal -0.951021 0.309127 0
    outer loop
      vertex 34.885 -3.81 31.15
      vertex 34.8038 -4.05981 28.15
      vertex 34.8038 -4.05981 31.15
    endloop
  endfacet
  facet normal 0 0 1
    outer loop
      vertex 34.8038 -3.56019 28.15
      vertex 34.8038 -4.05981 28.15
      vertex 34.885 -3.81 28.15
    endloop
  endfacet
  facet normal 0 0 1
    outer loop
      vertex 34.5913 -3.4058 28.15
      vertex 34.8038 -4.05981 28.15
      vertex 34.8038 -3.56019 28.15
    endloop
  endfacet
  facet normal 0 0 1
    outer loop
      vertex 34.5913 -3.4058 28.15
      vertex 34.5913 -4.2142 28.15
      vertex 34.8038 -4.05981 28.15
    endloop
  endfacet
  facet normal -0 0 1
    outer loop
      vertex 34.3287 -3.4058 28.15
      vertex 34.5913 -4.2142 28.15
      vertex 34.5913 -3.4058 28.15
    endloop
  endfacet
  facet normal 0 0 1
    outer loop
      vertex 34.3287 -3.4058 28.15
      vertex 34.3287 -4.2142 28.15
      vertex 34.5913 -4.2142 28.15
    endloop
  endfacet
  facet normal -0 0 1
    outer loop
      vertex 34.1162 -3.56019 28.15
      vertex 34.3287 -4.2142 28.15
      vertex 34.3287 -3.4058 28.15
    endloop
  endfacet
  facet normal 0 0 1
    outer loop
      vertex 34.1162 -3.56019 28.15
      vertex 34.1162 -4.05981 28.15
      vertex 34.3287 -4.2142 28.15
    endloop
  endfacet
  facet normal 0 -0 1
    outer loop
      vertex 34.1162 -4.05981 28.15
      vertex 34.1162 -3.56019 28.15
      vertex 34.035 -3.81 28.15
    endloop
  endfacet
  facet normal 0.587785 -0.809018 0
    outer loop
      vertex 34.1162 -3.56019 28.15
      vertex 34.3287 -3.4058 31.15
      vertex 34.1162 -3.56019 31.15
    endloop
  endfacet
  facet normal 0.587785 -0.809018 0
    outer loop
      vertex 34.3287 -3.4058 31.15
      vertex 34.1162 -3.56019 28.15
      vertex 34.3287 -3.4058 28.15
    endloop
  endfacet
  facet normal 0.951021 -0.309127 0
    outer loop
      vertex 34.035 -3.81 31.15
      vertex 34.1162 -3.56019 28.15
      vertex 34.1162 -3.56019 31.15
    endloop
  endfacet
  facet normal 0.951021 -0.309127 0
    outer loop
      vertex 34.1162 -3.56019 28.15
      vertex 34.035 -3.81 31.15
      vertex 34.035 -3.81 28.15
    endloop
  endfacet
  facet normal 0.587785 0.809018 -0
    outer loop
      vertex 34.3287 -1.6742 28.15
      vertex 34.1162 -1.51981 31.15
      vertex 34.3287 -1.6742 31.15
    endloop
  endfacet
  facet normal 0.587785 0.809018 0
    outer loop
      vertex 34.1162 -1.51981 31.15
      vertex 34.3287 -1.6742 28.15
      vertex 34.1162 -1.51981 28.15
    endloop
  endfacet
  facet normal -0.587782 -0.809019 0
    outer loop
      vertex 34.5913 -0.865801 28.15
      vertex 34.8038 -1.02019 31.15
      vertex 34.5913 -0.865801 31.15
    endloop
  endfacet
  facet normal -0.587782 -0.809019 -0
    outer loop
      vertex 34.8038 -1.02019 31.15
      vertex 34.5913 -0.865801 28.15
      vertex 34.8038 -1.02019 28.15
    endloop
  endfacet
  facet normal -0.951021 -0.309127 0
    outer loop
      vertex 34.885 -1.27 28.15
      vertex 34.8038 -1.02019 31.15
      vertex 34.8038 -1.02019 28.15
    endloop
  endfacet
  facet normal -0.951021 -0.309127 0
    outer loop
      vertex 34.8038 -1.02019 31.15
      vertex 34.885 -1.27 28.15
      vertex 34.885 -1.27 31.15
    endloop
  endfacet
  facet normal 0 -1 0
    outer loop
      vertex 34.3287 -0.865801 28.15
      vertex 34.5913 -0.865801 31.15
      vertex 34.3287 -0.865801 31.15
    endloop
  endfacet
  facet normal 0 -1 -0
    outer loop
      vertex 34.5913 -0.865801 31.15
      vertex 34.3287 -0.865801 28.15
      vertex 34.5913 -0.865801 28.15
    endloop
  endfacet
  facet normal -0.587785 0.809018 0
    outer loop
      vertex 34.8038 -1.51981 28.15
      vertex 34.5913 -1.6742 31.15
      vertex 34.8038 -1.51981 31.15
    endloop
  endfacet
  facet normal -0.587785 0.809018 0
    outer loop
      vertex 34.5913 -1.6742 31.15
      vertex 34.8038 -1.51981 28.15
      vertex 34.5913 -1.6742 28.15
    endloop
  endfacet
  facet normal 0.951021 0.309127 0
    outer loop
      vertex 34.1162 -1.51981 31.15
      vertex 34.035 -1.27 28.15
      vertex 34.035 -1.27 31.15
    endloop
  endfacet
  facet normal 0.951021 0.309127 0
    outer loop
      vertex 34.035 -1.27 28.15
      vertex 34.1162 -1.51981 31.15
      vertex 34.1162 -1.51981 28.15
    endloop
  endfacet
  facet normal 0 1 -0
    outer loop
      vertex 34.5913 -1.6742 28.15
      vertex 34.3287 -1.6742 31.15
      vertex 34.5913 -1.6742 31.15
    endloop
  endfacet
  facet normal 0 1 0
    outer loop
      vertex 34.3287 -1.6742 31.15
      vertex 34.5913 -1.6742 28.15
      vertex 34.3287 -1.6742 28.15
    endloop
  endfacet
  facet normal -0.951021 0.309127 0
    outer loop
      vertex 34.8038 -1.51981 28.15
      vertex 34.885 -1.27 31.15
      vertex 34.885 -1.27 28.15
    endloop
  endfacet
  facet normal -0.951021 0.309127 0
    outer loop
      vertex 34.885 -1.27 31.15
      vertex 34.8038 -1.51981 28.15
      vertex 34.8038 -1.51981 31.15
    endloop
  endfacet
  facet normal 0.587782 -0.809019 0
    outer loop
      vertex 34.1162 -1.02019 28.15
      vertex 34.3287 -0.865801 31.15
      vertex 34.1162 -1.02019 31.15
    endloop
  endfacet
  facet normal 0.587782 -0.809019 0
    outer loop
      vertex 34.3287 -0.865801 31.15
      vertex 34.1162 -1.02019 28.15
      vertex 34.3287 -0.865801 28.15
    endloop
  endfacet
  facet normal 0 0 1
    outer loop
      vertex 34.8038 -1.02019 28.15
      vertex 34.8038 -1.51981 28.15
      vertex 34.885 -1.27 28.15
    endloop
  endfacet
  facet normal 0 0 1
    outer loop
      vertex 34.5913 -0.865801 28.15
      vertex 34.8038 -1.51981 28.15
      vertex 34.8038 -1.02019 28.15
    endloop
  endfacet
  facet normal 0 0 1
    outer loop
      vertex 34.5913 -0.865801 28.15
      vertex 34.5913 -1.6742 28.15
      vertex 34.8038 -1.51981 28.15
    endloop
  endfacet
  facet normal -0 0 1
    outer loop
      vertex 34.3287 -0.865801 28.15
      vertex 34.5913 -1.6742 28.15
      vertex 34.5913 -0.865801 28.15
    endloop
  endfacet
  facet normal 0 0 1
    outer loop
      vertex 34.3287 -0.865801 28.15
      vertex 34.3287 -1.6742 28.15
      vertex 34.5913 -1.6742 28.15
    endloop
  endfacet
  facet normal -0 0 1
    outer loop
      vertex 34.1162 -1.02019 28.15
      vertex 34.3287 -1.6742 28.15
      vertex 34.3287 -0.865801 28.15
    endloop
  endfacet
  facet normal 0 0 1
    outer loop
      vertex 34.1162 -1.02019 28.15
      vertex 34.1162 -1.51981 28.15
      vertex 34.3287 -1.6742 28.15
    endloop
  endfacet
  facet normal 0 -0 1
    outer loop
      vertex 34.1162 -1.51981 28.15
      vertex 34.1162 -1.02019 28.15
      vertex 34.035 -1.27 28.15
    endloop
  endfacet
  facet normal 0.951021 -0.309127 0
    outer loop
      vertex 34.035 -1.27 31.15
      vertex 34.1162 -1.02019 28.15
      vertex 34.1162 -1.02019 31.15
    endloop
  endfacet
  facet normal 0.951021 -0.309127 0
    outer loop
      vertex 34.1162 -1.02019 28.15
      vertex 34.035 -1.27 31.15
      vertex 34.035 -1.27 28.15
    endloop
  endfacet
  facet normal 0.587785 0.809018 -0
    outer loop
      vertex 34.3287 0.8658 28.15
      vertex 34.1162 1.02019 31.15
      vertex 34.3287 0.8658 31.15
    endloop
  endfacet
  facet normal 0.587785 0.809018 0
    outer loop
      vertex 34.1162 1.02019 31.15
      vertex 34.3287 0.8658 28.15
      vertex 34.1162 1.02019 28.15
    endloop
  endfacet
  facet normal -0.587785 -0.809018 0
    outer loop
      vertex 34.5913 1.6742 28.15
      vertex 34.8038 1.51981 31.15
      vertex 34.5913 1.6742 31.15
    endloop
  endfacet
  facet normal -0.587785 -0.809018 -0
    outer loop
      vertex 34.8038 1.51981 31.15
      vertex 34.5913 1.6742 28.15
      vertex 34.8038 1.51981 28.15
    endloop
  endfacet
  facet normal -0.951021 -0.309127 0
    outer loop
      vertex 34.885 1.27 28.15
      vertex 34.8038 1.51981 31.15
      vertex 34.8038 1.51981 28.15
    endloop
  endfacet
  facet normal -0.951021 -0.309127 0
    outer loop
      vertex 34.8038 1.51981 31.15
      vertex 34.885 1.27 28.15
      vertex 34.885 1.27 31.15
    endloop
  endfacet
  facet normal 0 -1 0
    outer loop
      vertex 34.3287 1.6742 28.15
      vertex 34.5913 1.6742 31.15
      vertex 34.3287 1.6742 31.15
    endloop
  endfacet
  facet normal 0 -1 -0
    outer loop
      vertex 34.5913 1.6742 31.15
      vertex 34.3287 1.6742 28.15
      vertex 34.5913 1.6742 28.15
    endloop
  endfacet
  facet normal -0.587785 0.809018 0
    outer loop
      vertex 34.8038 1.02019 28.15
      vertex 34.5913 0.8658 31.15
      vertex 34.8038 1.02019 31.15
    endloop
  endfacet
  facet normal -0.587785 0.809018 0
    outer loop
      vertex 34.5913 0.8658 31.15
      vertex 34.8038 1.02019 28.15
      vertex 34.5913 0.8658 28.15
    endloop
  endfacet
  facet normal 0.951021 0.309127 0
    outer loop
      vertex 34.1162 1.02019 31.15
      vertex 34.035 1.27 28.15
      vertex 34.035 1.27 31.15
    endloop
  endfacet
  facet normal 0.951021 0.309127 0
    outer loop
      vertex 34.035 1.27 28.15
      vertex 34.1162 1.02019 31.15
      vertex 34.1162 1.02019 28.15
    endloop
  endfacet
  facet normal 0 1 -0
    outer loop
      vertex 34.5913 0.8658 28.15
      vertex 34.3287 0.8658 31.15
      vertex 34.5913 0.8658 31.15
    endloop
  endfacet
  facet normal 0 1 0
    outer loop
      vertex 34.3287 0.8658 31.15
      vertex 34.5913 0.8658 28.15
      vertex 34.3287 0.8658 28.15
    endloop
  endfacet
  facet normal -0.951021 0.309127 0
    outer loop
      vertex 34.8038 1.02019 28.15
      vertex 34.885 1.27 31.15
      vertex 34.885 1.27 28.15
    endloop
  endfacet
  facet normal -0.951021 0.309127 0
    outer loop
      vertex 34.885 1.27 31.15
      vertex 34.8038 1.02019 28.15
      vertex 34.8038 1.02019 31.15
    endloop
  endfacet
  facet normal 0 0 1
    outer loop
      vertex 34.8038 1.51981 28.15
      vertex 34.8038 1.02019 28.15
      vertex 34.885 1.27 28.15
    endloop
  endfacet
  facet normal 0 0 1
    outer loop
      vertex 34.5913 1.6742 28.15
      vertex 34.8038 1.02019 28.15
      vertex 34.8038 1.51981 28.15
    endloop
  endfacet
  facet normal 0 0 1
    outer loop
      vertex 34.5913 1.6742 28.15
      vertex 34.5913 0.8658 28.15
      vertex 34.8038 1.02019 28.15
    endloop
  endfacet
  facet normal -0 0 1
    outer loop
      vertex 34.3287 1.6742 28.15
      vertex 34.5913 0.8658 28.15
      vertex 34.5913 1.6742 28.15
    endloop
  endfacet
  facet normal 0 0 1
    outer loop
      vertex 34.3287 1.6742 28.15
      vertex 34.3287 0.8658 28.15
      vertex 34.5913 0.8658 28.15
    endloop
  endfacet
  facet normal -0 0 1
    outer loop
      vertex 34.1162 1.51981 28.15
      vertex 34.3287 0.8658 28.15
      vertex 34.3287 1.6742 28.15
    endloop
  endfacet
  facet normal 0 0 1
    outer loop
      vertex 34.1162 1.51981 28.15
      vertex 34.1162 1.02019 28.15
      vertex 34.3287 0.8658 28.15
    endloop
  endfacet
  facet normal 0 -0 1
    outer loop
      vertex 34.1162 1.02019 28.15
      vertex 34.1162 1.51981 28.15
      vertex 34.035 1.27 28.15
    endloop
  endfacet
  facet normal 0.587785 -0.809018 0
    outer loop
      vertex 34.1162 1.51981 28.15
      vertex 34.3287 1.6742 31.15
      vertex 34.1162 1.51981 31.15
    endloop
  endfacet
  facet normal 0.587785 -0.809018 0
    outer loop
      vertex 34.3287 1.6742 31.15
      vertex 34.1162 1.51981 28.15
      vertex 34.3287 1.6742 28.15
    endloop
  endfacet
  facet normal 0.951021 -0.309127 0
    outer loop
      vertex 34.035 1.27 31.15
      vertex 34.1162 1.51981 28.15
      vertex 34.1162 1.51981 31.15
    endloop
  endfacet
  facet normal 0.951021 -0.309127 0
    outer loop
      vertex 34.1162 1.51981 28.15
      vertex 34.035 1.27 31.15
      vertex 34.035 1.27 28.15
    endloop
  endfacet
  facet normal 0.587785 0.809018 -0
    outer loop
      vertex 34.3287 3.4058 28.15
      vertex 34.1162 3.56019 31.15
      vertex 34.3287 3.4058 31.15
    endloop
  endfacet
  facet normal 0.587785 0.809018 0
    outer loop
      vertex 34.1162 3.56019 31.15
      vertex 34.3287 3.4058 28.15
      vertex 34.1162 3.56019 28.15
    endloop
  endfacet
  facet normal -0.587785 -0.809018 0
    outer loop
      vertex 34.5913 4.2142 28.15
      vertex 34.8038 4.05981 31.15
      vertex 34.5913 4.2142 31.15
    endloop
  endfacet
  facet normal -0.587785 -0.809018 -0
    outer loop
      vertex 34.8038 4.05981 31.15
      vertex 34.5913 4.2142 28.15
      vertex 34.8038 4.05981 28.15
    endloop
  endfacet
  facet normal -0.951021 -0.309127 0
    outer loop
      vertex 34.885 3.81 28.15
      vertex 34.8038 4.05981 31.15
      vertex 34.8038 4.05981 28.15
    endloop
  endfacet
  facet normal -0.951021 -0.309127 0
    outer loop
      vertex 34.8038 4.05981 31.15
      vertex 34.885 3.81 28.15
      vertex 34.885 3.81 31.15
    endloop
  endfacet
  facet normal 0 -1 0
    outer loop
      vertex 34.3287 4.2142 28.15
      vertex 34.5913 4.2142 31.15
      vertex 34.3287 4.2142 31.15
    endloop
  endfacet
  facet normal 0 -1 -0
    outer loop
      vertex 34.5913 4.2142 31.15
      vertex 34.3287 4.2142 28.15
      vertex 34.5913 4.2142 28.15
    endloop
  endfacet
  facet normal -0.587785 0.809018 0
    outer loop
      vertex 34.8038 3.56019 28.15
      vertex 34.5913 3.4058 31.15
      vertex 34.8038 3.56019 31.15
    endloop
  endfacet
  facet normal -0.587785 0.809018 0
    outer loop
      vertex 34.5913 3.4058 31.15
      vertex 34.8038 3.56019 28.15
      vertex 34.5913 3.4058 28.15
    endloop
  endfacet
  facet normal 0.951021 0.309127 0
    outer loop
      vertex 34.1162 3.56019 31.15
      vertex 34.035 3.81 28.15
      vertex 34.035 3.81 31.15
    endloop
  endfacet
  facet normal 0.951021 0.309127 0
    outer loop
      vertex 34.035 3.81 28.15
      vertex 34.1162 3.56019 31.15
      vertex 34.1162 3.56019 28.15
    endloop
  endfacet
  facet normal 0 1 -0
    outer loop
      vertex 34.5913 3.4058 28.15
      vertex 34.3287 3.4058 31.15
      vertex 34.5913 3.4058 31.15
    endloop
  endfacet
  facet normal 0 1 0
    outer loop
      vertex 34.3287 3.4058 31.15
      vertex 34.5913 3.4058 28.15
      vertex 34.3287 3.4058 28.15
    endloop
  endfacet
  facet normal -0.951021 0.309127 0
    outer loop
      vertex 34.8038 3.56019 28.15
      vertex 34.885 3.81 31.15
      vertex 34.885 3.81 28.15
    endloop
  endfacet
  facet normal -0.951021 0.309127 0
    outer loop
      vertex 34.885 3.81 31.15
      vertex 34.8038 3.56019 28.15
      vertex 34.8038 3.56019 31.15
    endloop
  endfacet
  facet normal 0 0 1
    outer loop
      vertex 34.8038 4.05981 28.15
      vertex 34.8038 3.56019 28.15
      vertex 34.885 3.81 28.15
    endloop
  endfacet
  facet normal 0 0 1
    outer loop
      vertex 34.5913 4.2142 28.15
      vertex 34.8038 3.56019 28.15
      vertex 34.8038 4.05981 28.15
    endloop
  endfacet
  facet normal 0 0 1
    outer loop
      vertex 34.5913 4.2142 28.15
      vertex 34.5913 3.4058 28.15
      vertex 34.8038 3.56019 28.15
    endloop
  endfacet
  facet normal -0 0 1
    outer loop
      vertex 34.3287 4.2142 28.15
      vertex 34.5913 3.4058 28.15
      vertex 34.5913 4.2142 28.15
    endloop
  endfacet
  facet normal 0 0 1
    outer loop
      vertex 34.3287 4.2142 28.15
      vertex 34.3287 3.4058 28.15
      vertex 34.5913 3.4058 28.15
    endloop
  endfacet
  facet normal -0 0 1
    outer loop
      vertex 34.1162 4.05981 28.15
      vertex 34.3287 3.4058 28.15
      vertex 34.3287 4.2142 28.15
    endloop
  endfacet
  facet normal 0 0 1
    outer loop
      vertex 34.1162 4.05981 28.15
      vertex 34.1162 3.56019 28.15
      vertex 34.3287 3.4058 28.15
    endloop
  endfacet
  facet normal 0 -0 1
    outer loop
      vertex 34.1162 3.56019 28.15
      vertex 34.1162 4.05981 28.15
      vertex 34.035 3.81 28.15
    endloop
  endfacet
  facet normal 0.587785 -0.809018 0
    outer loop
      vertex 34.1162 4.05981 28.15
      vertex 34.3287 4.2142 31.15
      vertex 34.1162 4.05981 31.15
    endloop
  endfacet
  facet normal 0.587785 -0.809018 0
    outer loop
      vertex 34.3287 4.2142 31.15
      vertex 34.1162 4.05981 28.15
      vertex 34.3287 4.2142 28.15
    endloop
  endfacet
  facet normal 0.951021 -0.309127 0
    outer loop
      vertex 34.035 3.81 31.15
      vertex 34.1162 4.05981 28.15
      vertex 34.1162 4.05981 31.15
    endloop
  endfacet
  facet normal 0.951021 -0.309127 0
    outer loop
      vertex 34.1162 4.05981 28.15
      vertex 34.035 3.81 31.15
      vertex 34.035 3.81 28.15
    endloop
  endfacet
  facet normal 0.587785 0.809018 -0
    outer loop
      vertex 34.3287 5.9458 28.15
      vertex 34.1162 6.10019 31.15
      vertex 34.3287 5.9458 31.15
    endloop
  endfacet
  facet normal 0.587785 0.809018 0
    outer loop
      vertex 34.1162 6.10019 31.15
      vertex 34.3287 5.9458 28.15
      vertex 34.1162 6.10019 28.15
    endloop
  endfacet
  facet normal -0.587785 -0.809018 0
    outer loop
      vertex 34.5913 6.7542 28.15
      vertex 34.8038 6.59981 31.15
      vertex 34.5913 6.7542 31.15
    endloop
  endfacet
  facet normal -0.587785 -0.809018 -0
    outer loop
      vertex 34.8038 6.59981 31.15
      vertex 34.5913 6.7542 28.15
      vertex 34.8038 6.59981 28.15
    endloop
  endfacet
  facet normal -0.951021 -0.309127 0
    outer loop
      vertex 34.885 6.35 28.15
      vertex 34.8038 6.59981 31.15
      vertex 34.8038 6.59981 28.15
    endloop
  endfacet
  facet normal -0.951021 -0.309127 0
    outer loop
      vertex 34.8038 6.59981 31.15
      vertex 34.885 6.35 28.15
      vertex 34.885 6.35 31.15
    endloop
  endfacet
  facet normal 0 -1 0
    outer loop
      vertex 34.3287 6.7542 28.15
      vertex 34.5913 6.7542 31.15
      vertex 34.3287 6.7542 31.15
    endloop
  endfacet
  facet normal 0 -1 -0
    outer loop
      vertex 34.5913 6.7542 31.15
      vertex 34.3287 6.7542 28.15
      vertex 34.5913 6.7542 28.15
    endloop
  endfacet
  facet normal -0.587785 0.809018 0
    outer loop
      vertex 34.8038 6.10019 28.15
      vertex 34.5913 5.9458 31.15
      vertex 34.8038 6.10019 31.15
    endloop
  endfacet
  facet normal -0.587785 0.809018 0
    outer loop
      vertex 34.5913 5.9458 31.15
      vertex 34.8038 6.10019 28.15
      vertex 34.5913 5.9458 28.15
    endloop
  endfacet
  facet normal 0.951021 0.309127 0
    outer loop
      vertex 34.1162 6.10019 31.15
      vertex 34.035 6.35 28.15
      vertex 34.035 6.35 31.15
    endloop
  endfacet
  facet normal 0.951021 0.309127 0
    outer loop
      vertex 34.035 6.35 28.15
      vertex 34.1162 6.10019 31.15
      vertex 34.1162 6.10019 28.15
    endloop
  endfacet
  facet normal 0 1 -0
    outer loop
      vertex 34.5913 5.9458 28.15
      vertex 34.3287 5.9458 31.15
      vertex 34.5913 5.9458 31.15
    endloop
  endfacet
  facet normal 0 1 0
    outer loop
      vertex 34.3287 5.9458 31.15
      vertex 34.5913 5.9458 28.15
      vertex 34.3287 5.9458 28.15
    endloop
  endfacet
  facet normal -0.951021 0.309127 0
    outer loop
      vertex 34.8038 6.10019 28.15
      vertex 34.885 6.35 31.15
      vertex 34.885 6.35 28.15
    endloop
  endfacet
  facet normal -0.951021 0.309127 0
    outer loop
      vertex 34.885 6.35 31.15
      vertex 34.8038 6.10019 28.15
      vertex 34.8038 6.10019 31.15
    endloop
  endfacet
  facet normal 0 0 1
    outer loop
      vertex 34.8038 6.59981 28.15
      vertex 34.8038 6.10019 28.15
      vertex 34.885 6.35 28.15
    endloop
  endfacet
  facet normal 0 0 1
    outer loop
      vertex 34.5913 6.7542 28.15
      vertex 34.8038 6.10019 28.15
      vertex 34.8038 6.59981 28.15
    endloop
  endfacet
  facet normal 0 0 1
    outer loop
      vertex 34.5913 6.7542 28.15
      vertex 34.5913 5.9458 28.15
      vertex 34.8038 6.10019 28.15
    endloop
  endfacet
  facet normal -0 0 1
    outer loop
      vertex 34.3287 6.7542 28.15
      vertex 34.5913 5.9458 28.15
      vertex 34.5913 6.7542 28.15
    endloop
  endfacet
  facet normal 0 0 1
    outer loop
      vertex 34.3287 6.7542 28.15
      vertex 34.3287 5.9458 28.15
      vertex 34.5913 5.9458 28.15
    endloop
  endfacet
  facet normal -0 0 1
    outer loop
      vertex 34.1162 6.59981 28.15
      vertex 34.3287 5.9458 28.15
      vertex 34.3287 6.7542 28.15
    endloop
  endfacet
  facet normal 0 0 1
    outer loop
      vertex 34.1162 6.59981 28.15
      vertex 34.1162 6.10019 28.15
      vertex 34.3287 5.9458 28.15
    endloop
  endfacet
  facet normal 0 -0 1
    outer loop
      vertex 34.1162 6.10019 28.15
      vertex 34.1162 6.59981 28.15
      vertex 34.035 6.35 28.15
    endloop
  endfacet
  facet normal 0.587785 -0.809018 0
    outer loop
      vertex 34.1162 6.59981 28.15
      vertex 34.3287 6.7542 31.15
      vertex 34.1162 6.59981 31.15
    endloop
  endfacet
  facet normal 0.587785 -0.809018 0
    outer loop
      vertex 34.3287 6.7542 31.15
      vertex 34.1162 6.59981 28.15
      vertex 34.3287 6.7542 28.15
    endloop
  endfacet
  facet normal 0.951021 -0.309127 0
    outer loop
      vertex 34.035 6.35 31.15
      vertex 34.1162 6.59981 28.15
      vertex 34.1162 6.59981 31.15
    endloop
  endfacet
  facet normal 0.951021 -0.309127 0
    outer loop
      vertex 34.1162 6.59981 28.15
      vertex 34.035 6.35 31.15
      vertex 34.035 6.35 28.15
    endloop
  endfacet
  facet normal 0.587785 0.809018 -0
    outer loop
      vertex 34.3287 8.4858 28.15
      vertex 34.1162 8.64019 31.15
      vertex 34.3287 8.4858 31.15
    endloop
  endfacet
  facet normal 0.587785 0.809018 0
    outer loop
      vertex 34.1162 8.64019 31.15
      vertex 34.3287 8.4858 28.15
      vertex 34.1162 8.64019 28.15
    endloop
  endfacet
  facet normal -0.587785 -0.809018 0
    outer loop
      vertex 34.5913 9.2942 28.15
      vertex 34.8038 9.13981 31.15
      vertex 34.5913 9.2942 31.15
    endloop
  endfacet
  facet normal -0.587785 -0.809018 -0
    outer loop
      vertex 34.8038 9.13981 31.15
      vertex 34.5913 9.2942 28.15
      vertex 34.8038 9.13981 28.15
    endloop
  endfacet
  facet normal -0.951021 -0.309127 0
    outer loop
      vertex 34.885 8.89 28.15
      vertex 34.8038 9.13981 31.15
      vertex 34.8038 9.13981 28.15
    endloop
  endfacet
  facet normal -0.951021 -0.309127 0
    outer loop
      vertex 34.8038 9.13981 31.15
      vertex 34.885 8.89 28.15
      vertex 34.885 8.89 31.15
    endloop
  endfacet
  facet normal 0 -1 0
    outer loop
      vertex 34.3287 9.2942 28.15
      vertex 34.5913 9.2942 31.15
      vertex 34.3287 9.2942 31.15
    endloop
  endfacet
  facet normal 0 -1 -0
    outer loop
      vertex 34.5913 9.2942 31.15
      vertex 34.3287 9.2942 28.15
      vertex 34.5913 9.2942 28.15
    endloop
  endfacet
  facet normal -0.587785 0.809018 0
    outer loop
      vertex 34.8038 8.64019 28.15
      vertex 34.5913 8.4858 31.15
      vertex 34.8038 8.64019 31.15
    endloop
  endfacet
  facet normal -0.587785 0.809018 0
    outer loop
      vertex 34.5913 8.4858 31.15
      vertex 34.8038 8.64019 28.15
      vertex 34.5913 8.4858 28.15
    endloop
  endfacet
  facet normal 0.951021 0.309127 0
    outer loop
      vertex 34.1162 8.64019 31.15
      vertex 34.035 8.89 28.15
      vertex 34.035 8.89 31.15
    endloop
  endfacet
  facet normal 0.951021 0.309127 0
    outer loop
      vertex 34.035 8.89 28.15
      vertex 34.1162 8.64019 31.15
      vertex 34.1162 8.64019 28.15
    endloop
  endfacet
  facet normal 0 1 -0
    outer loop
      vertex 34.5913 8.4858 28.15
      vertex 34.3287 8.4858 31.15
      vertex 34.5913 8.4858 31.15
    endloop
  endfacet
  facet normal 0 1 0
    outer loop
      vertex 34.3287 8.4858 31.15
      vertex 34.5913 8.4858 28.15
      vertex 34.3287 8.4858 28.15
    endloop
  endfacet
  facet normal -0.951021 0.309127 0
    outer loop
      vertex 34.8038 8.64019 28.15
      vertex 34.885 8.89 31.15
      vertex 34.885 8.89 28.15
    endloop
  endfacet
  facet normal -0.951021 0.309127 0
    outer loop
      vertex 34.885 8.89 31.15
      vertex 34.8038 8.64019 28.15
      vertex 34.8038 8.64019 31.15
    endloop
  endfacet
  facet normal 0 0 1
    outer loop
      vertex 34.8038 9.13981 28.15
      vertex 34.8038 8.64019 28.15
      vertex 34.885 8.89 28.15
    endloop
  endfacet
  facet normal 0 0 1
    outer loop
      vertex 34.5913 9.2942 28.15
      vertex 34.8038 8.64019 28.15
      vertex 34.8038 9.13981 28.15
    endloop
  endfacet
  facet normal 0 0 1
    outer loop
      vertex 34.5913 9.2942 28.15
      vertex 34.5913 8.4858 28.15
      vertex 34.8038 8.64019 28.15
    endloop
  endfacet
  facet normal -0 0 1
    outer loop
      vertex 34.3287 9.2942 28.15
      vertex 34.5913 8.4858 28.15
      vertex 34.5913 9.2942 28.15
    endloop
  endfacet
  facet normal 0 0 1
    outer loop
      vertex 34.3287 9.2942 28.15
      vertex 34.3287 8.4858 28.15
      vertex 34.5913 8.4858 28.15
    endloop
  endfacet
  facet normal -0 0 1
    outer loop
      vertex 34.1162 9.13981 28.15
      vertex 34.3287 8.4858 28.15
      vertex 34.3287 9.2942 28.15
    endloop
  endfacet
  facet normal 0 0 1
    outer loop
      vertex 34.1162 9.13981 28.15
      vertex 34.1162 8.64019 28.15
      vertex 34.3287 8.4858 28.15
    endloop
  endfacet
  facet normal 0 -0 1
    outer loop
      vertex 34.1162 8.64019 28.15
      vertex 34.1162 9.13981 28.15
      vertex 34.035 8.89 28.15
    endloop
  endfacet
  facet normal 0.587785 -0.809018 0
    outer loop
      vertex 34.1162 9.13981 28.15
      vertex 34.3287 9.2942 31.15
      vertex 34.1162 9.13981 31.15
    endloop
  endfacet
  facet normal 0.587785 -0.809018 0
    outer loop
      vertex 34.3287 9.2942 31.15
      vertex 34.1162 9.13981 28.15
      vertex 34.3287 9.2942 28.15
    endloop
  endfacet
  facet normal 0.951021 -0.309127 0
    outer loop
      vertex 34.035 8.89 31.15
      vertex 34.1162 9.13981 28.15
      vertex 34.1162 9.13981 31.15
    endloop
  endfacet
  facet normal 0.951021 -0.309127 0
    outer loop
      vertex 34.1162 9.13981 28.15
      vertex 34.035 8.89 31.15
      vertex 34.035 8.89 28.15
    endloop
  endfacet
  facet normal 0.587809 0.808999 -0
    outer loop
      vertex 34.3287 11.0258 28.15
      vertex 34.1162 11.1802 31.15
      vertex 34.3287 11.0258 31.15
    endloop
  endfacet
  facet normal 0.587809 0.808999 0
    outer loop
      vertex 34.1162 11.1802 31.15
      vertex 34.3287 11.0258 28.15
      vertex 34.1162 11.1802 28.15
    endloop
  endfacet
  facet normal -0.587809 -0.808999 0
    outer loop
      vertex 34.5913 11.8342 28.15
      vertex 34.8038 11.6798 31.15
      vertex 34.5913 11.8342 31.15
    endloop
  endfacet
  facet normal -0.587809 -0.808999 -0
    outer loop
      vertex 34.8038 11.6798 31.15
      vertex 34.5913 11.8342 28.15
      vertex 34.8038 11.6798 28.15
    endloop
  endfacet
  facet normal -0.951017 -0.309138 0
    outer loop
      vertex 34.885 11.43 28.15
      vertex 34.8038 11.6798 31.15
      vertex 34.8038 11.6798 28.15
    endloop
  endfacet
  facet normal -0.951017 -0.309138 0
    outer loop
      vertex 34.8038 11.6798 31.15
      vertex 34.885 11.43 28.15
      vertex 34.885 11.43 31.15
    endloop
  endfacet
  facet normal 0 -1 0
    outer loop
      vertex 34.3287 11.8342 28.15
      vertex 34.5913 11.8342 31.15
      vertex 34.3287 11.8342 31.15
    endloop
  endfacet
  facet normal 0 -1 -0
    outer loop
      vertex 34.5913 11.8342 31.15
      vertex 34.3287 11.8342 28.15
      vertex 34.5913 11.8342 28.15
    endloop
  endfacet
  facet normal -0.587809 0.808999 0
    outer loop
      vertex 34.8038 11.1802 28.15
      vertex 34.5913 11.0258 31.15
      vertex 34.8038 11.1802 31.15
    endloop
  endfacet
  facet normal -0.587809 0.808999 0
    outer loop
      vertex 34.5913 11.0258 31.15
      vertex 34.8038 11.1802 28.15
      vertex 34.5913 11.0258 28.15
    endloop
  endfacet
  facet normal 0.951017 0.309138 0
    outer loop
      vertex 34.1162 11.1802 31.15
      vertex 34.035 11.43 28.15
      vertex 34.035 11.43 31.15
    endloop
  endfacet
  facet normal 0.951017 0.309138 0
    outer loop
      vertex 34.035 11.43 28.15
      vertex 34.1162 11.1802 31.15
      vertex 34.1162 11.1802 28.15
    endloop
  endfacet
  facet normal 0 1 -0
    outer loop
      vertex 34.5913 11.0258 28.15
      vertex 34.3287 11.0258 31.15
      vertex 34.5913 11.0258 31.15
    endloop
  endfacet
  facet normal 0 1 0
    outer loop
      vertex 34.3287 11.0258 31.15
      vertex 34.5913 11.0258 28.15
      vertex 34.3287 11.0258 28.15
    endloop
  endfacet
  facet normal -0.951017 0.309138 0
    outer loop
      vertex 34.8038 11.1802 28.15
      vertex 34.885 11.43 31.15
      vertex 34.885 11.43 28.15
    endloop
  endfacet
  facet normal -0.951017 0.309138 0
    outer loop
      vertex 34.885 11.43 31.15
      vertex 34.8038 11.1802 28.15
      vertex 34.8038 11.1802 31.15
    endloop
  endfacet
  facet normal 0 0 1
    outer loop
      vertex 34.8038 11.6798 28.15
      vertex 34.8038 11.1802 28.15
      vertex 34.885 11.43 28.15
    endloop
  endfacet
  facet normal 0 0 1
    outer loop
      vertex 34.5913 11.8342 28.15
      vertex 34.8038 11.1802 28.15
      vertex 34.8038 11.6798 28.15
    endloop
  endfacet
  facet normal 0 0 1
    outer loop
      vertex 34.5913 11.8342 28.15
      vertex 34.5913 11.0258 28.15
      vertex 34.8038 11.1802 28.15
    endloop
  endfacet
  facet normal -0 0 1
    outer loop
      vertex 34.3287 11.8342 28.15
      vertex 34.5913 11.0258 28.15
      vertex 34.5913 11.8342 28.15
    endloop
  endfacet
  facet normal 0 0 1
    outer loop
      vertex 34.3287 11.8342 28.15
      vertex 34.3287 11.0258 28.15
      vertex 34.5913 11.0258 28.15
    endloop
  endfacet
  facet normal -0 0 1
    outer loop
      vertex 34.1162 11.6798 28.15
      vertex 34.3287 11.0258 28.15
      vertex 34.3287 11.8342 28.15
    endloop
  endfacet
  facet normal 0 0 1
    outer loop
      vertex 34.1162 11.6798 28.15
      vertex 34.1162 11.1802 28.15
      vertex 34.3287 11.0258 28.15
    endloop
  endfacet
  facet normal 0 -0 1
    outer loop
      vertex 34.1162 11.1802 28.15
      vertex 34.1162 11.6798 28.15
      vertex 34.035 11.43 28.15
    endloop
  endfacet
  facet normal 0.587809 -0.808999 0
    outer loop
      vertex 34.1162 11.6798 28.15
      vertex 34.3287 11.8342 31.15
      vertex 34.1162 11.6798 31.15
    endloop
  endfacet
  facet normal 0.587809 -0.808999 0
    outer loop
      vertex 34.3287 11.8342 31.15
      vertex 34.1162 11.6798 28.15
      vertex 34.3287 11.8342 28.15
    endloop
  endfacet
  facet normal 0.951017 -0.309138 0
    outer loop
      vertex 34.035 11.43 31.15
      vertex 34.1162 11.6798 28.15
      vertex 34.1162 11.6798 31.15
    endloop
  endfacet
  facet normal 0.951017 -0.309138 0
    outer loop
      vertex 34.1162 11.6798 28.15
      vertex 34.035 11.43 31.15
      vertex 34.035 11.43 28.15
    endloop
  endfacet
  facet normal 0.587809 0.808999 -0
    outer loop
      vertex 34.3287 13.5658 28.15
      vertex 34.1162 13.7202 31.15
      vertex 34.3287 13.5658 31.15
    endloop
  endfacet
  facet normal 0.587809 0.808999 0
    outer loop
      vertex 34.1162 13.7202 31.15
      vertex 34.3287 13.5658 28.15
      vertex 34.1162 13.7202 28.15
    endloop
  endfacet
  facet normal -0.587809 -0.808999 0
    outer loop
      vertex 34.5913 14.3742 28.15
      vertex 34.8038 14.2198 31.15
      vertex 34.5913 14.3742 31.15
    endloop
  endfacet
  facet normal -0.587809 -0.808999 -0
    outer loop
      vertex 34.8038 14.2198 31.15
      vertex 34.5913 14.3742 28.15
      vertex 34.8038 14.2198 28.15
    endloop
  endfacet
  facet normal -0.951017 -0.309138 0
    outer loop
      vertex 34.885 13.97 28.15
      vertex 34.8038 14.2198 31.15
      vertex 34.8038 14.2198 28.15
    endloop
  endfacet
  facet normal -0.951017 -0.309138 0
    outer loop
      vertex 34.8038 14.2198 31.15
      vertex 34.885 13.97 28.15
      vertex 34.885 13.97 31.15
    endloop
  endfacet
  facet normal 0 -1 0
    outer loop
      vertex 34.3287 14.3742 28.15
      vertex 34.5913 14.3742 31.15
      vertex 34.3287 14.3742 31.15
    endloop
  endfacet
  facet normal 0 -1 -0
    outer loop
      vertex 34.5913 14.3742 31.15
      vertex 34.3287 14.3742 28.15
      vertex 34.5913 14.3742 28.15
    endloop
  endfacet
  facet normal -0.587809 0.808999 0
    outer loop
      vertex 34.8038 13.7202 28.15
      vertex 34.5913 13.5658 31.15
      vertex 34.8038 13.7202 31.15
    endloop
  endfacet
  facet normal -0.587809 0.808999 0
    outer loop
      vertex 34.5913 13.5658 31.15
      vertex 34.8038 13.7202 28.15
      vertex 34.5913 13.5658 28.15
    endloop
  endfacet
  facet normal 0.951017 0.309138 0
    outer loop
      vertex 34.1162 13.7202 31.15
      vertex 34.035 13.97 28.15
      vertex 34.035 13.97 31.15
    endloop
  endfacet
  facet normal 0.951017 0.309138 0
    outer loop
      vertex 34.035 13.97 28.15
      vertex 34.1162 13.7202 31.15
      vertex 34.1162 13.7202 28.15
    endloop
  endfacet
  facet normal 0 1 -0
    outer loop
      vertex 34.5913 13.5658 28.15
      vertex 34.3287 13.5658 31.15
      vertex 34.5913 13.5658 31.15
    endloop
  endfacet
  facet normal 0 1 0
    outer loop
      vertex 34.3287 13.5658 31.15
      vertex 34.5913 13.5658 28.15
      vertex 34.3287 13.5658 28.15
    endloop
  endfacet
  facet normal -0.951017 0.309138 0
    outer loop
      vertex 34.8038 13.7202 28.15
      vertex 34.885 13.97 31.15
      vertex 34.885 13.97 28.15
    endloop
  endfacet
  facet normal -0.951017 0.309138 0
    outer loop
      vertex 34.885 13.97 31.15
      vertex 34.8038 13.7202 28.15
      vertex 34.8038 13.7202 31.15
    endloop
  endfacet
  facet normal 0 0 1
    outer loop
      vertex 34.8038 14.2198 28.15
      vertex 34.8038 13.7202 28.15
      vertex 34.885 13.97 28.15
    endloop
  endfacet
  facet normal 0 0 1
    outer loop
      vertex 34.5913 14.3742 28.15
      vertex 34.8038 13.7202 28.15
      vertex 34.8038 14.2198 28.15
    endloop
  endfacet
  facet normal 0 0 1
    outer loop
      vertex 34.5913 14.3742 28.15
      vertex 34.5913 13.5658 28.15
      vertex 34.8038 13.7202 28.15
    endloop
  endfacet
  facet normal -0 0 1
    outer loop
      vertex 34.3287 14.3742 28.15
      vertex 34.5913 13.5658 28.15
      vertex 34.5913 14.3742 28.15
    endloop
  endfacet
  facet normal 0 0 1
    outer loop
      vertex 34.3287 14.3742 28.15
      vertex 34.3287 13.5658 28.15
      vertex 34.5913 13.5658 28.15
    endloop
  endfacet
  facet normal -0 0 1
    outer loop
      vertex 34.1162 14.2198 28.15
      vertex 34.3287 13.5658 28.15
      vertex 34.3287 14.3742 28.15
    endloop
  endfacet
  facet normal 0 0 1
    outer loop
      vertex 34.1162 14.2198 28.15
      vertex 34.1162 13.7202 28.15
      vertex 34.3287 13.5658 28.15
    endloop
  endfacet
  facet normal 0 -0 1
    outer loop
      vertex 34.1162 13.7202 28.15
      vertex 34.1162 14.2198 28.15
      vertex 34.035 13.97 28.15
    endloop
  endfacet
  facet normal 0.587809 -0.808999 0
    outer loop
      vertex 34.1162 14.2198 28.15
      vertex 34.3287 14.3742 31.15
      vertex 34.1162 14.2198 31.15
    endloop
  endfacet
  facet normal 0.587809 -0.808999 0
    outer loop
      vertex 34.3287 14.3742 31.15
      vertex 34.1162 14.2198 28.15
      vertex 34.3287 14.3742 28.15
    endloop
  endfacet
  facet normal 0.951017 -0.309138 0
    outer loop
      vertex 34.035 13.97 31.15
      vertex 34.1162 14.2198 28.15
      vertex 34.1162 14.2198 31.15
    endloop
  endfacet
  facet normal 0.951017 -0.309138 0
    outer loop
      vertex 34.1162 14.2198 28.15
      vertex 34.035 13.97 31.15
      vertex 34.035 13.97 28.15
    endloop
  endfacet
  facet normal 0.587809 0.808999 -0
    outer loop
      vertex 34.3287 16.1058 28.15
      vertex 34.1162 16.2602 31.15
      vertex 34.3287 16.1058 31.15
    endloop
  endfacet
  facet normal 0.587809 0.808999 0
    outer loop
      vertex 34.1162 16.2602 31.15
      vertex 34.3287 16.1058 28.15
      vertex 34.1162 16.2602 28.15
    endloop
  endfacet
  facet normal -0.587809 -0.808999 0
    outer loop
      vertex 34.5913 16.9142 28.15
      vertex 34.8038 16.7598 31.15
      vertex 34.5913 16.9142 31.15
    endloop
  endfacet
  facet normal -0.587809 -0.808999 -0
    outer loop
      vertex 34.8038 16.7598 31.15
      vertex 34.5913 16.9142 28.15
      vertex 34.8038 16.7598 28.15
    endloop
  endfacet
  facet normal -0.951017 -0.309138 0
    outer loop
      vertex 34.885 16.51 28.15
      vertex 34.8038 16.7598 31.15
      vertex 34.8038 16.7598 28.15
    endloop
  endfacet
  facet normal -0.951017 -0.309138 0
    outer loop
      vertex 34.8038 16.7598 31.15
      vertex 34.885 16.51 28.15
      vertex 34.885 16.51 31.15
    endloop
  endfacet
  facet normal 0 -1 0
    outer loop
      vertex 34.3287 16.9142 28.15
      vertex 34.5913 16.9142 31.15
      vertex 34.3287 16.9142 31.15
    endloop
  endfacet
  facet normal 0 -1 -0
    outer loop
      vertex 34.5913 16.9142 31.15
      vertex 34.3287 16.9142 28.15
      vertex 34.5913 16.9142 28.15
    endloop
  endfacet
  facet normal -0.587809 0.808999 0
    outer loop
      vertex 34.8038 16.2602 28.15
      vertex 34.5913 16.1058 31.15
      vertex 34.8038 16.2602 31.15
    endloop
  endfacet
  facet normal -0.587809 0.808999 0
    outer loop
      vertex 34.5913 16.1058 31.15
      vertex 34.8038 16.2602 28.15
      vertex 34.5913 16.1058 28.15
    endloop
  endfacet
  facet normal 0.951017 0.309138 0
    outer loop
      vertex 34.1162 16.2602 31.15
      vertex 34.035 16.51 28.15
      vertex 34.035 16.51 31.15
    endloop
  endfacet
  facet normal 0.951017 0.309138 0
    outer loop
      vertex 34.035 16.51 28.15
      vertex 34.1162 16.2602 31.15
      vertex 34.1162 16.2602 28.15
    endloop
  endfacet
  facet normal 0 1 -0
    outer loop
      vertex 34.5913 16.1058 28.15
      vertex 34.3287 16.1058 31.15
      vertex 34.5913 16.1058 31.15
    endloop
  endfacet
  facet normal 0 1 0
    outer loop
      vertex 34.3287 16.1058 31.15
      vertex 34.5913 16.1058 28.15
      vertex 34.3287 16.1058 28.15
    endloop
  endfacet
  facet normal -0.951017 0.309138 0
    outer loop
      vertex 34.8038 16.2602 28.15
      vertex 34.885 16.51 31.15
      vertex 34.885 16.51 28.15
    endloop
  endfacet
  facet normal -0.951017 0.309138 0
    outer loop
      vertex 34.885 16.51 31.15
      vertex 34.8038 16.2602 28.15
      vertex 34.8038 16.2602 31.15
    endloop
  endfacet
  facet normal 0 0 1
    outer loop
      vertex 34.8038 16.7598 28.15
      vertex 34.8038 16.2602 28.15
      vertex 34.885 16.51 28.15
    endloop
  endfacet
  facet normal 0 0 1
    outer loop
      vertex 34.5913 16.9142 28.15
      vertex 34.8038 16.2602 28.15
      vertex 34.8038 16.7598 28.15
    endloop
  endfacet
  facet normal 0 0 1
    outer loop
      vertex 34.5913 16.9142 28.15
      vertex 34.5913 16.1058 28.15
      vertex 34.8038 16.2602 28.15
    endloop
  endfacet
  facet normal -0 0 1
    outer loop
      vertex 34.3287 16.9142 28.15
      vertex 34.5913 16.1058 28.15
      vertex 34.5913 16.9142 28.15
    endloop
  endfacet
  facet normal 0 0 1
    outer loop
      vertex 34.3287 16.9142 28.15
      vertex 34.3287 16.1058 28.15
      vertex 34.5913 16.1058 28.15
    endloop
  endfacet
  facet normal -0 0 1
    outer loop
      vertex 34.1162 16.7598 28.15
      vertex 34.3287 16.1058 28.15
      vertex 34.3287 16.9142 28.15
    endloop
  endfacet
  facet normal 0 0 1
    outer loop
      vertex 34.1162 16.7598 28.15
      vertex 34.1162 16.2602 28.15
      vertex 34.3287 16.1058 28.15
    endloop
  endfacet
  facet normal 0 -0 1
    outer loop
      vertex 34.1162 16.2602 28.15
      vertex 34.1162 16.7598 28.15
      vertex 34.035 16.51 28.15
    endloop
  endfacet
  facet normal 0.587809 -0.808999 0
    outer loop
      vertex 34.1162 16.7598 28.15
      vertex 34.3287 16.9142 31.15
      vertex 34.1162 16.7598 31.15
    endloop
  endfacet
  facet normal 0.587809 -0.808999 0
    outer loop
      vertex 34.3287 16.9142 31.15
      vertex 34.1162 16.7598 28.15
      vertex 34.3287 16.9142 28.15
    endloop
  endfacet
  facet normal 0.951017 -0.309138 0
    outer loop
      vertex 34.035 16.51 31.15
      vertex 34.1162 16.7598 28.15
      vertex 34.1162 16.7598 31.15
    endloop
  endfacet
  facet normal 0.951017 -0.309138 0
    outer loop
      vertex 34.1162 16.7598 28.15
      vertex 34.035 16.51 31.15
      vertex 34.035 16.51 28.15
    endloop
  endfacet
  facet normal 0.587809 0.808999 -0
    outer loop
      vertex 34.3287 18.6458 28.15
      vertex 34.1162 18.8002 31.15
      vertex 34.3287 18.6458 31.15
    endloop
  endfacet
  facet normal 0.587809 0.808999 0
    outer loop
      vertex 34.1162 18.8002 31.15
      vertex 34.3287 18.6458 28.15
      vertex 34.1162 18.8002 28.15
    endloop
  endfacet
  facet normal -0.587809 -0.808999 0
    outer loop
      vertex 34.5913 19.4542 28.15
      vertex 34.8038 19.2998 31.15
      vertex 34.5913 19.4542 31.15
    endloop
  endfacet
  facet normal -0.587809 -0.808999 -0
    outer loop
      vertex 34.8038 19.2998 31.15
      vertex 34.5913 19.4542 28.15
      vertex 34.8038 19.2998 28.15
    endloop
  endfacet
  facet normal -0.951017 -0.309138 0
    outer loop
      vertex 34.885 19.05 28.15
      vertex 34.8038 19.2998 31.15
      vertex 34.8038 19.2998 28.15
    endloop
  endfacet
  facet normal -0.951017 -0.309138 0
    outer loop
      vertex 34.8038 19.2998 31.15
      vertex 34.885 19.05 28.15
      vertex 34.885 19.05 31.15
    endloop
  endfacet
  facet normal 0 -1 0
    outer loop
      vertex 34.3287 19.4542 28.15
      vertex 34.5913 19.4542 31.15
      vertex 34.3287 19.4542 31.15
    endloop
  endfacet
  facet normal 0 -1 -0
    outer loop
      vertex 34.5913 19.4542 31.15
      vertex 34.3287 19.4542 28.15
      vertex 34.5913 19.4542 28.15
    endloop
  endfacet
  facet normal 0.587809 -0.808999 0
    outer loop
      vertex 34.1162 19.2998 28.15
      vertex 34.3287 19.4542 31.15
      vertex 34.1162 19.2998 31.15
    endloop
  endfacet
  facet normal 0.587809 -0.808999 0
    outer loop
      vertex 34.3287 19.4542 31.15
      vertex 34.1162 19.2998 28.15
      vertex 34.3287 19.4542 28.15
    endloop
  endfacet
  facet normal 0.951017 0.309138 0
    outer loop
      vertex 34.1162 18.8002 31.15
      vertex 34.035 19.05 28.15
      vertex 34.035 19.05 31.15
    endloop
  endfacet
  facet normal 0.951017 0.309138 0
    outer loop
      vertex 34.035 19.05 28.15
      vertex 34.1162 18.8002 31.15
      vertex 34.1162 18.8002 28.15
    endloop
  endfacet
  facet normal -0.587809 0.808999 0
    outer loop
      vertex 34.8038 18.8002 28.15
      vertex 34.5913 18.6458 31.15
      vertex 34.8038 18.8002 31.15
    endloop
  endfacet
  facet normal -0.587809 0.808999 0
    outer loop
      vertex 34.5913 18.6458 31.15
      vertex 34.8038 18.8002 28.15
      vertex 34.5913 18.6458 28.15
    endloop
  endfacet
  facet normal -0.951017 0.309138 0
    outer loop
      vertex 34.8038 18.8002 28.15
      vertex 34.885 19.05 31.15
      vertex 34.885 19.05 28.15
    endloop
  endfacet
  facet normal -0.951017 0.309138 0
    outer loop
      vertex 34.885 19.05 31.15
      vertex 34.8038 18.8002 28.15
      vertex 34.8038 18.8002 31.15
    endloop
  endfacet
  facet normal 0 1 -0
    outer loop
      vertex 34.5913 18.6458 28.15
      vertex 34.3287 18.6458 31.15
      vertex 34.5913 18.6458 31.15
    endloop
  endfacet
  facet normal 0 1 0
    outer loop
      vertex 34.3287 18.6458 31.15
      vertex 34.5913 18.6458 28.15
      vertex 34.3287 18.6458 28.15
    endloop
  endfacet
  facet normal 0.951017 -0.309138 0
    outer loop
      vertex 34.035 19.05 31.15
      vertex 34.1162 19.2998 28.15
      vertex 34.1162 19.2998 31.15
    endloop
  endfacet
  facet normal 0.951017 -0.309138 0
    outer loop
      vertex 34.1162 19.2998 28.15
      vertex 34.035 19.05 31.15
      vertex 34.035 19.05 28.15
    endloop
  endfacet
  facet normal 0 0 1
    outer loop
      vertex 34.8038 19.2998 28.15
      vertex 34.8038 18.8002 28.15
      vertex 34.885 19.05 28.15
    endloop
  endfacet
  facet normal 0 0 1
    outer loop
      vertex 34.5913 19.4542 28.15
      vertex 34.8038 18.8002 28.15
      vertex 34.8038 19.2998 28.15
    endloop
  endfacet
  facet normal 0 0 1
    outer loop
      vertex 34.5913 19.4542 28.15
      vertex 34.5913 18.6458 28.15
      vertex 34.8038 18.8002 28.15
    endloop
  endfacet
  facet normal -0 0 1
    outer loop
      vertex 34.3287 19.4542 28.15
      vertex 34.5913 18.6458 28.15
      vertex 34.5913 19.4542 28.15
    endloop
  endfacet
  facet normal 0 0 1
    outer loop
      vertex 34.3287 19.4542 28.15
      vertex 34.3287 18.6458 28.15
      vertex 34.5913 18.6458 28.15
    endloop
  endfacet
  facet normal -0 0 1
    outer loop
      vertex 34.1162 19.2998 28.15
      vertex 34.3287 18.6458 28.15
      vertex 34.3287 19.4542 28.15
    endloop
  endfacet
  facet normal 0 0 1
    outer loop
      vertex 34.1162 19.2998 28.15
      vertex 34.1162 18.8002 28.15
      vertex 34.3287 18.6458 28.15
    endloop
  endfacet
  facet normal 0 -0 1
    outer loop
      vertex 34.1162 18.8002 28.15
      vertex 34.1162 19.2998 28.15
      vertex 34.035 19.05 28.15
    endloop
  endfacet
  facet normal 1 -0 0
    outer loop
      vertex 37.45 -20.35 31.15
      vertex 37.45 20.35 26.15
      vertex 37.45 20.35 31.15
    endloop
  endfacet
  facet normal 1 0 0
    outer loop
      vertex 37.45 20.35 26.15
      vertex 37.45 -20.35 31.15
      vertex 37.45 -20.35 26.15
    endloop
  endfacet
  facet normal 0 0 1
    outer loop
      vertex 29.7238 -18.8002 31.15
      vertex 31.5762 -18.8002 31.15
      vertex 29.7238 -16.7598 31.15
    endloop
  endfacet
  facet normal 0 0 1
    outer loop
      vertex 31.5762 -18.8002 31.15
      vertex 29.7238 -18.8002 31.15
      vertex 29.805 -19.05 31.15
    endloop
  endfacet
  facet normal -0 0 1
    outer loop
      vertex 29.5113 -16.9142 31.15
      vertex 29.7238 -18.8002 31.15
      vertex 29.7238 -16.7598 31.15
    endloop
  endfacet
  facet normal 0 0 1
    outer loop
      vertex 29.5113 -16.9142 31.15
      vertex 29.5113 -18.6458 31.15
      vertex 29.7238 -18.8002 31.15
    endloop
  endfacet
  facet normal -0 0 1
    outer loop
      vertex 29.2487 -16.9142 31.15
      vertex 29.5113 -18.6458 31.15
      vertex 29.5113 -16.9142 31.15
    endloop
  endfacet
  facet normal 0 0 1
    outer loop
      vertex 29.2487 -16.9142 31.15
      vertex 29.2487 -18.6458 31.15
      vertex 29.5113 -18.6458 31.15
    endloop
  endfacet
  facet normal 0 0 1
    outer loop
      vertex 29.0362 -16.7598 31.15
      vertex 29.2487 -18.6458 31.15
      vertex 29.2487 -16.9142 31.15
    endloop
  endfacet
  facet normal 0 0 1
    outer loop
      vertex 29.0362 -16.7598 31.15
      vertex 29.0362 -18.8002 31.15
      vertex 29.2487 -18.6458 31.15
    endloop
  endfacet
  facet normal 0 0 1
    outer loop
      vertex 28.955 -16.51 31.15
      vertex 29.0362 -18.8002 31.15
      vertex 29.0362 -16.7598 31.15
    endloop
  endfacet
  facet normal 0 0 1
    outer loop
      vertex 29.0362 -18.8002 31.15
      vertex 28.955 -16.51 31.15
      vertex 28.955 -19.05 31.15
    endloop
  endfacet
  facet normal 0 0 1
    outer loop
      vertex 29.7238 -16.2602 31.15
      vertex 31.5762 -16.2602 31.15
      vertex 29.7238 -14.2198 31.15
    endloop
  endfacet
  facet normal 0 0 1
    outer loop
      vertex 31.5762 -16.2602 31.15
      vertex 29.7238 -16.2602 31.15
      vertex 29.805 -16.51 31.15
    endloop
  endfacet
  facet normal -0 0 1
    outer loop
      vertex 29.5113 -14.3742 31.15
      vertex 29.7238 -16.2602 31.15
      vertex 29.7238 -14.2198 31.15
    endloop
  endfacet
  facet normal 0 0 1
    outer loop
      vertex 29.5113 -14.3742 31.15
      vertex 29.5113 -16.1058 31.15
      vertex 29.7238 -16.2602 31.15
    endloop
  endfacet
  facet normal -0 0 1
    outer loop
      vertex 29.2487 -14.3742 31.15
      vertex 29.5113 -16.1058 31.15
      vertex 29.5113 -14.3742 31.15
    endloop
  endfacet
  facet normal 0 0 1
    outer loop
      vertex 29.2487 -14.3742 31.15
      vertex 29.2487 -16.1058 31.15
      vertex 29.5113 -16.1058 31.15
    endloop
  endfacet
  facet normal 0 0 1
    outer loop
      vertex 29.0362 -14.2198 31.15
      vertex 29.2487 -16.1058 31.15
      vertex 29.2487 -14.3742 31.15
    endloop
  endfacet
  facet normal 0 0 1
    outer loop
      vertex 29.0362 -14.2198 31.15
      vertex 29.0362 -16.2602 31.15
      vertex 29.2487 -16.1058 31.15
    endloop
  endfacet
  facet normal 0 0 1
    outer loop
      vertex 28.955 -13.97 31.15
      vertex 29.0362 -16.2602 31.15
      vertex 29.0362 -14.2198 31.15
    endloop
  endfacet
  facet normal 0 0 1
    outer loop
      vertex 29.0362 -16.2602 31.15
      vertex 28.955 -13.97 31.15
      vertex 28.955 -16.51 31.15
    endloop
  endfacet
  facet normal 0 0 1
    outer loop
      vertex 29.7238 -13.7202 31.15
      vertex 31.5762 -13.7202 31.15
      vertex 29.7238 -11.6798 31.15
    endloop
  endfacet
  facet normal 0 0 1
    outer loop
      vertex 31.5762 -13.7202 31.15
      vertex 29.7238 -13.7202 31.15
      vertex 29.805 -13.97 31.15
    endloop
  endfacet
  facet normal -0 0 1
    outer loop
      vertex 29.5113 -11.8342 31.15
      vertex 29.7238 -13.7202 31.15
      vertex 29.7238 -11.6798 31.15
    endloop
  endfacet
  facet normal 0 0 1
    outer loop
      vertex 29.5113 -11.8342 31.15
      vertex 29.5113 -13.5658 31.15
      vertex 29.7238 -13.7202 31.15
    endloop
  endfacet
  facet normal -0 0 1
    outer loop
      vertex 29.2487 -11.8342 31.15
      vertex 29.5113 -13.5658 31.15
      vertex 29.5113 -11.8342 31.15
    endloop
  endfacet
  facet normal 0 0 1
    outer loop
      vertex 29.2487 -11.8342 31.15
      vertex 29.2487 -13.5658 31.15
      vertex 29.5113 -13.5658 31.15
    endloop
  endfacet
  facet normal 0 0 1
    outer loop
      vertex 29.0362 -11.6798 31.15
      vertex 29.2487 -13.5658 31.15
      vertex 29.2487 -11.8342 31.15
    endloop
  endfacet
  facet normal 0 0 1
    outer loop
      vertex 29.0362 -11.6798 31.15
      vertex 29.0362 -13.7202 31.15
      vertex 29.2487 -13.5658 31.15
    endloop
  endfacet
  facet normal 0 0 1
    outer loop
      vertex 28.955 -11.43 31.15
      vertex 29.0362 -13.7202 31.15
      vertex 29.0362 -11.6798 31.15
    endloop
  endfacet
  facet normal 0 0 1
    outer loop
      vertex 29.0362 -13.7202 31.15
      vertex 28.955 -11.43 31.15
      vertex 28.955 -13.97 31.15
    endloop
  endfacet
  facet normal 0 0 1
    outer loop
      vertex 29.7238 -11.1802 31.15
      vertex 31.5762 -11.1802 31.15
      vertex 29.7238 -9.13981 31.15
    endloop
  endfacet
  facet normal 0 0 1
    outer loop
      vertex 31.5762 -11.1802 31.15
      vertex 29.7238 -11.1802 31.15
      vertex 29.805 -11.43 31.15
    endloop
  endfacet
  facet normal -0 0 1
    outer loop
      vertex 29.5113 -9.2942 31.15
      vertex 29.7238 -11.1802 31.15
      vertex 29.7238 -9.13981 31.15
    endloop
  endfacet
  facet normal 0 0 1
    outer loop
      vertex 29.5113 -9.2942 31.15
      vertex 29.5113 -11.0258 31.15
      vertex 29.7238 -11.1802 31.15
    endloop
  endfacet
  facet normal -0 0 1
    outer loop
      vertex 29.2487 -9.2942 31.15
      vertex 29.5113 -11.0258 31.15
      vertex 29.5113 -9.2942 31.15
    endloop
  endfacet
  facet normal 0 0 1
    outer loop
      vertex 29.2487 -9.2942 31.15
      vertex 29.2487 -11.0258 31.15
      vertex 29.5113 -11.0258 31.15
    endloop
  endfacet
  facet normal 0 0 1
    outer loop
      vertex 29.0362 -9.13981 31.15
      vertex 29.2487 -11.0258 31.15
      vertex 29.2487 -9.2942 31.15
    endloop
  endfacet
  facet normal 0 0 1
    outer loop
      vertex 29.0362 -9.13981 31.15
      vertex 29.0362 -11.1802 31.15
      vertex 29.2487 -11.0258 31.15
    endloop
  endfacet
  facet normal 0 0 1
    outer loop
      vertex 28.955 -8.89 31.15
      vertex 29.0362 -11.1802 31.15
      vertex 29.0362 -9.13981 31.15
    endloop
  endfacet
  facet normal 0 0 1
    outer loop
      vertex 29.0362 -11.1802 31.15
      vertex 28.955 -8.89 31.15
      vertex 28.955 -11.43 31.15
    endloop
  endfacet
  facet normal 0 0 1
    outer loop
      vertex 29.7238 -8.64019 31.15
      vertex 31.5762 -8.64019 31.15
      vertex 29.7238 -6.59981 31.15
    endloop
  endfacet
  facet normal 0 0 1
    outer loop
      vertex 31.5762 -8.64019 31.15
      vertex 29.7238 -8.64019 31.15
      vertex 29.805 -8.89 31.15
    endloop
  endfacet
  facet normal -0 0 1
    outer loop
      vertex 29.5113 -6.7542 31.15
      vertex 29.7238 -8.64019 31.15
      vertex 29.7238 -6.59981 31.15
    endloop
  endfacet
  facet normal 0 0 1
    outer loop
      vertex 29.5113 -6.7542 31.15
      vertex 29.5113 -8.4858 31.15
      vertex 29.7238 -8.64019 31.15
    endloop
  endfacet
  facet normal -0 0 1
    outer loop
      vertex 29.2487 -6.7542 31.15
      vertex 29.5113 -8.4858 31.15
      vertex 29.5113 -6.7542 31.15
    endloop
  endfacet
  facet normal 0 0 1
    outer loop
      vertex 29.2487 -6.7542 31.15
      vertex 29.2487 -8.4858 31.15
      vertex 29.5113 -8.4858 31.15
    endloop
  endfacet
  facet normal 0 0 1
    outer loop
      vertex 29.0362 -6.59981 31.15
      vertex 29.2487 -8.4858 31.15
      vertex 29.2487 -6.7542 31.15
    endloop
  endfacet
  facet normal 0 0 1
    outer loop
      vertex 29.0362 -6.59981 31.15
      vertex 29.0362 -8.64019 31.15
      vertex 29.2487 -8.4858 31.15
    endloop
  endfacet
  facet normal 0 0 1
    outer loop
      vertex 28.955 -6.35 31.15
      vertex 29.0362 -8.64019 31.15
      vertex 29.0362 -6.59981 31.15
    endloop
  endfacet
  facet normal 0 0 1
    outer loop
      vertex 29.0362 -8.64019 31.15
      vertex 28.955 -6.35 31.15
      vertex 28.955 -8.89 31.15
    endloop
  endfacet
  facet normal 0 0 1
    outer loop
      vertex 29.7238 -6.10019 31.15
      vertex 31.5762 -6.10019 31.15
      vertex 29.7238 -4.05981 31.15
    endloop
  endfacet
  facet normal 0 0 1
    outer loop
      vertex 31.5762 -6.10019 31.15
      vertex 29.7238 -6.10019 31.15
      vertex 29.805 -6.35 31.15
    endloop
  endfacet
  facet normal -0 0 1
    outer loop
      vertex 29.5113 -4.2142 31.15
      vertex 29.7238 -6.10019 31.15
      vertex 29.7238 -4.05981 31.15
    endloop
  endfacet
  facet normal 0 0 1
    outer loop
      vertex 29.5113 -4.2142 31.15
      vertex 29.5113 -5.9458 31.15
      vertex 29.7238 -6.10019 31.15
    endloop
  endfacet
  facet normal -0 0 1
    outer loop
      vertex 29.2487 -4.2142 31.15
      vertex 29.5113 -5.9458 31.15
      vertex 29.5113 -4.2142 31.15
    endloop
  endfacet
  facet normal 0 0 1
    outer loop
      vertex 29.2487 -4.2142 31.15
      vertex 29.2487 -5.9458 31.15
      vertex 29.5113 -5.9458 31.15
    endloop
  endfacet
  facet normal 0 0 1
    outer loop
      vertex 29.0362 -4.05981 31.15
      vertex 29.2487 -5.9458 31.15
      vertex 29.2487 -4.2142 31.15
    endloop
  endfacet
  facet normal 0 0 1
    outer loop
      vertex 29.0362 -4.05981 31.15
      vertex 29.0362 -6.10019 31.15
      vertex 29.2487 -5.9458 31.15
    endloop
  endfacet
  facet normal 0 0 1
    outer loop
      vertex 28.955 -3.81 31.15
      vertex 29.0362 -6.10019 31.15
      vertex 29.0362 -4.05981 31.15
    endloop
  endfacet
  facet normal 0 0 1
    outer loop
      vertex 29.0362 -6.10019 31.15
      vertex 28.955 -3.81 31.15
      vertex 28.955 -6.35 31.15
    endloop
  endfacet
  facet normal 0 0 1
    outer loop
      vertex 29.7238 -3.56019 31.15
      vertex 31.5762 -3.56019 31.15
      vertex 29.7238 -1.51981 31.15
    endloop
  endfacet
  facet normal 0 0 1
    outer loop
      vertex 31.5762 -3.56019 31.15
      vertex 29.7238 -3.56019 31.15
      vertex 29.805 -3.81 31.15
    endloop
  endfacet
  facet normal -0 0 1
    outer loop
      vertex 29.5113 -1.6742 31.15
      vertex 29.7238 -3.56019 31.15
      vertex 29.7238 -1.51981 31.15
    endloop
  endfacet
  facet normal 0 0 1
    outer loop
      vertex 29.5113 -1.6742 31.15
      vertex 29.5113 -3.4058 31.15
      vertex 29.7238 -3.56019 31.15
    endloop
  endfacet
  facet normal -0 0 1
    outer loop
      vertex 29.2487 -1.6742 31.15
      vertex 29.5113 -3.4058 31.15
      vertex 29.5113 -1.6742 31.15
    endloop
  endfacet
  facet normal 0 0 1
    outer loop
      vertex 29.2487 -1.6742 31.15
      vertex 29.2487 -3.4058 31.15
      vertex 29.5113 -3.4058 31.15
    endloop
  endfacet
  facet normal 0 0 1
    outer loop
      vertex 29.0362 -1.51981 31.15
      vertex 29.2487 -3.4058 31.15
      vertex 29.2487 -1.6742 31.15
    endloop
  endfacet
  facet normal 0 0 1
    outer loop
      vertex 29.0362 -1.51981 31.15
      vertex 29.0362 -3.56019 31.15
      vertex 29.2487 -3.4058 31.15
    endloop
  endfacet
  facet normal 0 0 1
    outer loop
      vertex 28.955 -1.27 31.15
      vertex 29.0362 -3.56019 31.15
      vertex 29.0362 -1.51981 31.15
    endloop
  endfacet
  facet normal 0 0 1
    outer loop
      vertex 29.0362 -3.56019 31.15
      vertex 28.955 -1.27 31.15
      vertex 28.955 -3.81 31.15
    endloop
  endfacet
  facet normal 0 0 1
    outer loop
      vertex 29.7238 -1.02019 31.15
      vertex 31.5762 -1.02019 31.15
      vertex 29.7238 1.02019 31.15
    endloop
  endfacet
  facet normal 0 0 1
    outer loop
      vertex 31.5762 -1.02019 31.15
      vertex 29.7238 -1.02019 31.15
      vertex 29.805 -1.27 31.15
    endloop
  endfacet
  facet normal -0 0 1
    outer loop
      vertex 29.5113 0.8658 31.15
      vertex 29.7238 -1.02019 31.15
      vertex 29.7238 1.02019 31.15
    endloop
  endfacet
  facet normal 0 0 1
    outer loop
      vertex 29.5113 0.8658 31.15
      vertex 29.5113 -0.865801 31.15
      vertex 29.7238 -1.02019 31.15
    endloop
  endfacet
  facet normal -0 0 1
    outer loop
      vertex 29.2487 0.8658 31.15
      vertex 29.5113 -0.865801 31.15
      vertex 29.5113 0.8658 31.15
    endloop
  endfacet
  facet normal 0 0 1
    outer loop
      vertex 29.2487 0.8658 31.15
      vertex 29.2487 -0.865801 31.15
      vertex 29.5113 -0.865801 31.15
    endloop
  endfacet
  facet normal 0 0 1
    outer loop
      vertex 29.0362 1.02019 31.15
      vertex 29.2487 -0.865801 31.15
      vertex 29.2487 0.8658 31.15
    endloop
  endfacet
  facet normal 0 0 1
    outer loop
      vertex 29.0362 1.02019 31.15
      vertex 29.0362 -1.02019 31.15
      vertex 29.2487 -0.865801 31.15
    endloop
  endfacet
  facet normal 0 0 1
    outer loop
      vertex 28.955 1.27 31.15
      vertex 29.0362 -1.02019 31.15
      vertex 29.0362 1.02019 31.15
    endloop
  endfacet
  facet normal 0 0 1
    outer loop
      vertex 29.0362 -1.02019 31.15
      vertex 28.955 1.27 31.15
      vertex 28.955 -1.27 31.15
    endloop
  endfacet
  facet normal 0 0 1
    outer loop
      vertex 29.7238 1.51981 31.15
      vertex 31.5762 1.51981 31.15
      vertex 29.7238 3.56019 31.15
    endloop
  endfacet
  facet normal 0 0 1
    outer loop
      vertex 31.5762 1.51981 31.15
      vertex 29.7238 1.51981 31.15
      vertex 29.805 1.27 31.15
    endloop
  endfacet
  facet normal -0 0 1
    outer loop
      vertex 29.5113 3.4058 31.15
      vertex 29.7238 1.51981 31.15
      vertex 29.7238 3.56019 31.15
    endloop
  endfacet
  facet normal 0 0 1
    outer loop
      vertex 29.5113 3.4058 31.15
      vertex 29.5113 1.6742 31.15
      vertex 29.7238 1.51981 31.15
    endloop
  endfacet
  facet normal -0 0 1
    outer loop
      vertex 29.2487 3.4058 31.15
      vertex 29.5113 1.6742 31.15
      vertex 29.5113 3.4058 31.15
    endloop
  endfacet
  facet normal 0 0 1
    outer loop
      vertex 29.2487 3.4058 31.15
      vertex 29.2487 1.6742 31.15
      vertex 29.5113 1.6742 31.15
    endloop
  endfacet
  facet normal 0 0 1
    outer loop
      vertex 29.0362 3.56019 31.15
      vertex 29.2487 1.6742 31.15
      vertex 29.2487 3.4058 31.15
    endloop
  endfacet
  facet normal 0 0 1
    outer loop
      vertex 29.0362 3.56019 31.15
      vertex 29.0362 1.51981 31.15
      vertex 29.2487 1.6742 31.15
    endloop
  endfacet
  facet normal 0 0 1
    outer loop
      vertex 28.955 3.81 31.15
      vertex 29.0362 1.51981 31.15
      vertex 29.0362 3.56019 31.15
    endloop
  endfacet
  facet normal 0 0 1
    outer loop
      vertex 29.0362 1.51981 31.15
      vertex 28.955 3.81 31.15
      vertex 28.955 1.27 31.15
    endloop
  endfacet
  facet normal 0 0 1
    outer loop
      vertex 29.7238 4.05981 31.15
      vertex 31.5762 4.05981 31.15
      vertex 29.7238 6.10019 31.15
    endloop
  endfacet
  facet normal 0 0 1
    outer loop
      vertex 31.5762 4.05981 31.15
      vertex 29.7238 4.05981 31.15
      vertex 29.805 3.81 31.15
    endloop
  endfacet
  facet normal -0 0 1
    outer loop
      vertex 29.5113 5.9458 31.15
      vertex 29.7238 4.05981 31.15
      vertex 29.7238 6.10019 31.15
    endloop
  endfacet
  facet normal 0 0 1
    outer loop
      vertex 29.5113 5.9458 31.15
      vertex 29.5113 4.2142 31.15
      vertex 29.7238 4.05981 31.15
    endloop
  endfacet
  facet normal -0 0 1
    outer loop
      vertex 29.2487 5.9458 31.15
      vertex 29.5113 4.2142 31.15
      vertex 29.5113 5.9458 31.15
    endloop
  endfacet
  facet normal 0 0 1
    outer loop
      vertex 29.2487 5.9458 31.15
      vertex 29.2487 4.2142 31.15
      vertex 29.5113 4.2142 31.15
    endloop
  endfacet
  facet normal 0 0 1
    outer loop
      vertex 29.0362 6.10019 31.15
      vertex 29.2487 4.2142 31.15
      vertex 29.2487 5.9458 31.15
    endloop
  endfacet
  facet normal 0 0 1
    outer loop
      vertex 29.0362 6.10019 31.15
      vertex 29.0362 4.05981 31.15
      vertex 29.2487 4.2142 31.15
    endloop
  endfacet
  facet normal 0 0 1
    outer loop
      vertex 28.955 6.35 31.15
      vertex 29.0362 4.05981 31.15
      vertex 29.0362 6.10019 31.15
    endloop
  endfacet
  facet normal 0 0 1
    outer loop
      vertex 29.0362 4.05981 31.15
      vertex 28.955 6.35 31.15
      vertex 28.955 3.81 31.15
    endloop
  endfacet
  facet normal 0 0 1
    outer loop
      vertex 29.7238 6.59981 31.15
      vertex 31.5762 6.59981 31.15
      vertex 29.7238 8.64019 31.15
    endloop
  endfacet
  facet normal 0 0 1
    outer loop
      vertex 31.5762 6.59981 31.15
      vertex 29.7238 6.59981 31.15
      vertex 29.805 6.35 31.15
    endloop
  endfacet
  facet normal -0 0 1
    outer loop
      vertex 29.5113 8.4858 31.15
      vertex 29.7238 6.59981 31.15
      vertex 29.7238 8.64019 31.15
    endloop
  endfacet
  facet normal 0 0 1
    outer loop
      vertex 29.5113 8.4858 31.15
      vertex 29.5113 6.7542 31.15
      vertex 29.7238 6.59981 31.15
    endloop
  endfacet
  facet normal -0 0 1
    outer loop
      vertex 29.2487 8.4858 31.15
      vertex 29.5113 6.7542 31.15
      vertex 29.5113 8.4858 31.15
    endloop
  endfacet
  facet normal 0 0 1
    outer loop
      vertex 29.2487 8.4858 31.15
      vertex 29.2487 6.7542 31.15
      vertex 29.5113 6.7542 31.15
    endloop
  endfacet
  facet normal 0 0 1
    outer loop
      vertex 29.0362 8.64019 31.15
      vertex 29.2487 6.7542 31.15
      vertex 29.2487 8.4858 31.15
    endloop
  endfacet
  facet normal 0 0 1
    outer loop
      vertex 29.0362 8.64019 31.15
      vertex 29.0362 6.59981 31.15
      vertex 29.2487 6.7542 31.15
    endloop
  endfacet
  facet normal 0 0 1
    outer loop
      vertex 28.955 8.89 31.15
      vertex 29.0362 6.59981 31.15
      vertex 29.0362 8.64019 31.15
    endloop
  endfacet
  facet normal 0 0 1
    outer loop
      vertex 29.0362 6.59981 31.15
      vertex 28.955 8.89 31.15
      vertex 28.955 6.35 31.15
    endloop
  endfacet
  facet normal 0 0 1
    outer loop
      vertex 29.7238 9.13981 31.15
      vertex 31.5762 9.13981 31.15
      vertex 29.7238 11.1802 31.15
    endloop
  endfacet
  facet normal 0 0 1
    outer loop
      vertex 31.5762 9.13981 31.15
      vertex 29.7238 9.13981 31.15
      vertex 29.805 8.89 31.15
    endloop
  endfacet
  facet normal -0 0 1
    outer loop
      vertex 29.5113 11.0258 31.15
      vertex 29.7238 9.13981 31.15
      vertex 29.7238 11.1802 31.15
    endloop
  endfacet
  facet normal 0 0 1
    outer loop
      vertex 29.5113 11.0258 31.15
      vertex 29.5113 9.2942 31.15
      vertex 29.7238 9.13981 31.15
    endloop
  endfacet
  facet normal -0 0 1
    outer loop
      vertex 29.2487 11.0258 31.15
      vertex 29.5113 9.2942 31.15
      vertex 29.5113 11.0258 31.15
    endloop
  endfacet
  facet normal 0 0 1
    outer loop
      vertex 29.2487 11.0258 31.15
      vertex 29.2487 9.2942 31.15
      vertex 29.5113 9.2942 31.15
    endloop
  endfacet
  facet normal 0 0 1
    outer loop
      vertex 29.0362 11.1802 31.15
      vertex 29.2487 9.2942 31.15
      vertex 29.2487 11.0258 31.15
    endloop
  endfacet
  facet normal 0 0 1
    outer loop
      vertex 29.0362 11.1802 31.15
      vertex 29.0362 9.13981 31.15
      vertex 29.2487 9.2942 31.15
    endloop
  endfacet
  facet normal 0 0 1
    outer loop
      vertex 28.955 11.43 31.15
      vertex 29.0362 9.13981 31.15
      vertex 29.0362 11.1802 31.15
    endloop
  endfacet
  facet normal 0 0 1
    outer loop
      vertex 29.0362 9.13981 31.15
      vertex 28.955 11.43 31.15
      vertex 28.955 8.89 31.15
    endloop
  endfacet
  facet normal 0 0 1
    outer loop
      vertex 29.7238 11.6798 31.15
      vertex 31.5762 11.6798 31.15
      vertex 29.7238 13.7202 31.15
    endloop
  endfacet
  facet normal 0 0 1
    outer loop
      vertex 31.5762 11.6798 31.15
      vertex 29.7238 11.6798 31.15
      vertex 29.805 11.43 31.15
    endloop
  endfacet
  facet normal -0 0 1
    outer loop
      vertex 29.5113 13.5658 31.15
      vertex 29.7238 11.6798 31.15
      vertex 29.7238 13.7202 31.15
    endloop
  endfacet
  facet normal 0 0 1
    outer loop
      vertex 29.5113 13.5658 31.15
      vertex 29.5113 11.8342 31.15
      vertex 29.7238 11.6798 31.15
    endloop
  endfacet
  facet normal -0 0 1
    outer loop
      vertex 29.2487 13.5658 31.15
      vertex 29.5113 11.8342 31.15
      vertex 29.5113 13.5658 31.15
    endloop
  endfacet
  facet normal 0 0 1
    outer loop
      vertex 29.2487 13.5658 31.15
      vertex 29.2487 11.8342 31.15
      vertex 29.5113 11.8342 31.15
    endloop
  endfacet
  facet normal 0 0 1
    outer loop
      vertex 29.0362 13.7202 31.15
      vertex 29.2487 11.8342 31.15
      vertex 29.2487 13.5658 31.15
    endloop
  endfacet
  facet normal 0 0 1
    outer loop
      vertex 29.0362 13.7202 31.15
      vertex 29.0362 11.6798 31.15
      vertex 29.2487 11.8342 31.15
    endloop
  endfacet
  facet normal 0 0 1
    outer loop
      vertex 28.955 13.97 31.15
      vertex 29.0362 11.6798 31.15
      vertex 29.0362 13.7202 31.15
    endloop
  endfacet
  facet normal 0 0 1
    outer loop
      vertex 29.0362 11.6798 31.15
      vertex 28.955 13.97 31.15
      vertex 28.955 11.43 31.15
    endloop
  endfacet
  facet normal 0 0 1
    outer loop
      vertex 29.7238 14.2198 31.15
      vertex 31.5762 14.2198 31.15
      vertex 29.7238 16.2602 31.15
    endloop
  endfacet
  facet normal 0 0 1
    outer loop
      vertex 31.5762 14.2198 31.15
      vertex 29.7238 14.2198 31.15
      vertex 29.805 13.97 31.15
    endloop
  endfacet
  facet normal -0 0 1
    outer loop
      vertex 29.5113 16.1058 31.15
      vertex 29.7238 14.2198 31.15
      vertex 29.7238 16.2602 31.15
    endloop
  endfacet
  facet normal 0 0 1
    outer loop
      vertex 29.5113 16.1058 31.15
      vertex 29.5113 14.3742 31.15
      vertex 29.7238 14.2198 31.15
    endloop
  endfacet
  facet normal -0 0 1
    outer loop
      vertex 29.2487 16.1058 31.15
      vertex 29.5113 14.3742 31.15
      vertex 29.5113 16.1058 31.15
    endloop
  endfacet
  facet normal 0 0 1
    outer loop
      vertex 29.2487 16.1058 31.15
      vertex 29.2487 14.3742 31.15
      vertex 29.5113 14.3742 31.15
    endloop
  endfacet
  facet normal 0 0 1
    outer loop
      vertex 29.0362 16.2602 31.15
      vertex 29.2487 14.3742 31.15
      vertex 29.2487 16.1058 31.15
    endloop
  endfacet
  facet normal 0 0 1
    outer loop
      vertex 29.0362 16.2602 31.15
      vertex 29.0362 14.2198 31.15
      vertex 29.2487 14.3742 31.15
    endloop
  endfacet
  facet normal 0 0 1
    outer loop
      vertex 28.955 16.51 31.15
      vertex 29.0362 14.2198 31.15
      vertex 29.0362 16.2602 31.15
    endloop
  endfacet
  facet normal 0 0 1
    outer loop
      vertex 29.0362 14.2198 31.15
      vertex 28.955 16.51 31.15
      vertex 28.955 13.97 31.15
    endloop
  endfacet
  facet normal 0 0 1
    outer loop
      vertex 29.7238 16.7598 31.15
      vertex 31.5762 16.7598 31.15
      vertex 29.7238 18.8002 31.15
    endloop
  endfacet
  facet normal 0 0 1
    outer loop
      vertex 31.5762 16.7598 31.15
      vertex 29.7238 16.7598 31.15
      vertex 29.805 16.51 31.15
    endloop
  endfacet
  facet normal -0 0 1
    outer loop
      vertex 29.5113 18.6458 31.15
      vertex 29.7238 16.7598 31.15
      vertex 29.7238 18.8002 31.15
    endloop
  endfacet
  facet normal 0 0 1
    outer loop
      vertex 29.5113 18.6458 31.15
      vertex 29.5113 16.9142 31.15
      vertex 29.7238 16.7598 31.15
    endloop
  endfacet
  facet normal -0 0 1
    outer loop
      vertex 29.2487 18.6458 31.15
      vertex 29.5113 16.9142 31.15
      vertex 29.5113 18.6458 31.15
    endloop
  endfacet
  facet normal 0 0 1
    outer loop
      vertex 29.2487 18.6458 31.15
      vertex 29.2487 16.9142 31.15
      vertex 29.5113 16.9142 31.15
    endloop
  endfacet
  facet normal 0 0 1
    outer loop
      vertex 29.0362 18.8002 31.15
      vertex 29.2487 16.9142 31.15
      vertex 29.2487 18.6458 31.15
    endloop
  endfacet
  facet normal 0 0 1
    outer loop
      vertex 29.0362 18.8002 31.15
      vertex 29.0362 16.7598 31.15
      vertex 29.2487 16.9142 31.15
    endloop
  endfacet
  facet normal 0 0 1
    outer loop
      vertex 28.955 19.05 31.15
      vertex 29.0362 16.7598 31.15
      vertex 29.0362 18.8002 31.15
    endloop
  endfacet
  facet normal 0 0 1
    outer loop
      vertex 29.0362 16.7598 31.15
      vertex 28.955 19.05 31.15
      vertex 28.955 16.51 31.15
    endloop
  endfacet
  facet normal 0 0 1
    outer loop
      vertex 32.2638 -18.8002 31.15
      vertex 34.1162 -18.8002 31.15
      vertex 32.2638 -16.7598 31.15
    endloop
  endfacet
  facet normal 0 0 1
    outer loop
      vertex 34.1162 -18.8002 31.15
      vertex 32.2638 -18.8002 31.15
      vertex 32.345 -19.05 31.15
    endloop
  endfacet
  facet normal -0 0 1
    outer loop
      vertex 32.0513 -16.9142 31.15
      vertex 32.2638 -18.8002 31.15
      vertex 32.2638 -16.7598 31.15
    endloop
  endfacet
  facet normal 0 0 1
    outer loop
      vertex 32.0513 -16.9142 31.15
      vertex 32.0513 -18.6458 31.15
      vertex 32.2638 -18.8002 31.15
    endloop
  endfacet
  facet normal -0 0 1
    outer loop
      vertex 31.7887 -16.9142 31.15
      vertex 32.0513 -18.6458 31.15
      vertex 32.0513 -16.9142 31.15
    endloop
  endfacet
  facet normal 0 0 1
    outer loop
      vertex 31.7887 -16.9142 31.15
      vertex 31.7887 -18.6458 31.15
      vertex 32.0513 -18.6458 31.15
    endloop
  endfacet
  facet normal 0 0 1
    outer loop
      vertex 31.5762 -16.7598 31.15
      vertex 31.7887 -18.6458 31.15
      vertex 31.7887 -16.9142 31.15
    endloop
  endfacet
  facet normal 0 0 1
    outer loop
      vertex 31.5762 -16.7598 31.15
      vertex 31.5762 -18.8002 31.15
      vertex 31.7887 -18.6458 31.15
    endloop
  endfacet
  facet normal -0 0 1
    outer loop
      vertex 29.805 -16.51 31.15
      vertex 31.5762 -16.7598 31.15
      vertex 31.495 -16.51 31.15
    endloop
  endfacet
  facet normal 0 0 1
    outer loop
      vertex 29.7238 -16.7598 31.15
      vertex 31.5762 -16.7598 31.15
      vertex 29.805 -16.51 31.15
    endloop
  endfacet
  facet normal 0 0 1
    outer loop
      vertex 32.2638 -16.2602 31.15
      vertex 34.1162 -16.2602 31.15
      vertex 32.2638 -14.2198 31.15
    endloop
  endfacet
  facet normal 0 0 1
    outer loop
      vertex 34.1162 -16.2602 31.15
      vertex 32.2638 -16.2602 31.15
      vertex 32.345 -16.51 31.15
    endloop
  endfacet
  facet normal -0 0 1
    outer loop
      vertex 32.0513 -14.3742 31.15
      vertex 32.2638 -16.2602 31.15
      vertex 32.2638 -14.2198 31.15
    endloop
  endfacet
  facet normal 0 0 1
    outer loop
      vertex 32.0513 -14.3742 31.15
      vertex 32.0513 -16.1058 31.15
      vertex 32.2638 -16.2602 31.15
    endloop
  endfacet
  facet normal -0 0 1
    outer loop
      vertex 31.7887 -14.3742 31.15
      vertex 32.0513 -16.1058 31.15
      vertex 32.0513 -14.3742 31.15
    endloop
  endfacet
  facet normal 0 0 1
    outer loop
      vertex 31.7887 -14.3742 31.15
      vertex 31.7887 -16.1058 31.15
      vertex 32.0513 -16.1058 31.15
    endloop
  endfacet
  facet normal 0 0 1
    outer loop
      vertex 31.5762 -14.2198 31.15
      vertex 31.7887 -16.1058 31.15
      vertex 31.7887 -14.3742 31.15
    endloop
  endfacet
  facet normal 0 0 1
    outer loop
      vertex 31.5762 -14.2198 31.15
      vertex 31.5762 -16.2602 31.15
      vertex 31.7887 -16.1058 31.15
    endloop
  endfacet
  facet normal -0 0 1
    outer loop
      vertex 29.805 -13.97 31.15
      vertex 31.5762 -14.2198 31.15
      vertex 31.495 -13.97 31.15
    endloop
  endfacet
  facet normal 0 0 1
    outer loop
      vertex 29.7238 -14.2198 31.15
      vertex 31.5762 -14.2198 31.15
      vertex 29.805 -13.97 31.15
    endloop
  endfacet
  facet normal 0 0 1
    outer loop
      vertex 32.2638 -13.7202 31.15
      vertex 34.1162 -13.7202 31.15
      vertex 32.2638 -11.6798 31.15
    endloop
  endfacet
  facet normal 0 0 1
    outer loop
      vertex 34.1162 -13.7202 31.15
      vertex 32.2638 -13.7202 31.15
      vertex 32.345 -13.97 31.15
    endloop
  endfacet
  facet normal -0 0 1
    outer loop
      vertex 32.0513 -11.8342 31.15
      vertex 32.2638 -13.7202 31.15
      vertex 32.2638 -11.6798 31.15
    endloop
  endfacet
  facet normal 0 0 1
    outer loop
      vertex 32.0513 -11.8342 31.15
      vertex 32.0513 -13.5658 31.15
      vertex 32.2638 -13.7202 31.15
    endloop
  endfacet
  facet normal -0 0 1
    outer loop
      vertex 31.7887 -11.8342 31.15
      vertex 32.0513 -13.5658 31.15
      vertex 32.0513 -11.8342 31.15
    endloop
  endfacet
  facet normal 0 0 1
    outer loop
      vertex 31.7887 -11.8342 31.15
      vertex 31.7887 -13.5658 31.15
      vertex 32.0513 -13.5658 31.15
    endloop
  endfacet
  facet normal 0 0 1
    outer loop
      vertex 31.5762 -11.6798 31.15
      vertex 31.7887 -13.5658 31.15
      vertex 31.7887 -11.8342 31.15
    endloop
  endfacet
  facet normal 0 0 1
    outer loop
      vertex 31.5762 -11.6798 31.15
      vertex 31.5762 -13.7202 31.15
      vertex 31.7887 -13.5658 31.15
    endloop
  endfacet
  facet normal -0 0 1
    outer loop
      vertex 29.805 -11.43 31.15
      vertex 31.5762 -11.6798 31.15
      vertex 31.495 -11.43 31.15
    endloop
  endfacet
  facet normal 0 0 1
    outer loop
      vertex 29.7238 -11.6798 31.15
      vertex 31.5762 -11.6798 31.15
      vertex 29.805 -11.43 31.15
    endloop
  endfacet
  facet normal 0 0 1
    outer loop
      vertex 32.2638 -11.1802 31.15
      vertex 34.1162 -11.1802 31.15
      vertex 32.2638 -9.13981 31.15
    endloop
  endfacet
  facet normal 0 0 1
    outer loop
      vertex 34.1162 -11.1802 31.15
      vertex 32.2638 -11.1802 31.15
      vertex 32.345 -11.43 31.15
    endloop
  endfacet
  facet normal -0 0 1
    outer loop
      vertex 32.0513 -9.2942 31.15
      vertex 32.2638 -11.1802 31.15
      vertex 32.2638 -9.13981 31.15
    endloop
  endfacet
  facet normal 0 0 1
    outer loop
      vertex 32.0513 -9.2942 31.15
      vertex 32.0513 -11.0258 31.15
      vertex 32.2638 -11.1802 31.15
    endloop
  endfacet
  facet normal -0 0 1
    outer loop
      vertex 31.7887 -9.2942 31.15
      vertex 32.0513 -11.0258 31.15
      vertex 32.0513 -9.2942 31.15
    endloop
  endfacet
  facet normal 0 0 1
    outer loop
      vertex 31.7887 -9.2942 31.15
      vertex 31.7887 -11.0258 31.15
      vertex 32.0513 -11.0258 31.15
    endloop
  endfacet
  facet normal 0 0 1
    outer loop
      vertex 31.5762 -9.13981 31.15
      vertex 31.7887 -11.0258 31.15
      vertex 31.7887 -9.2942 31.15
    endloop
  endfacet
  facet normal 0 0 1
    outer loop
      vertex 31.5762 -9.13981 31.15
      vertex 31.5762 -11.1802 31.15
      vertex 31.7887 -11.0258 31.15
    endloop
  endfacet
  facet normal -0 0 1
    outer loop
      vertex 29.805 -8.89 31.15
      vertex 31.5762 -9.13981 31.15
      vertex 31.495 -8.89 31.15
    endloop
  endfacet
  facet normal 0 0 1
    outer loop
      vertex 29.7238 -9.13981 31.15
      vertex 31.5762 -9.13981 31.15
      vertex 29.805 -8.89 31.15
    endloop
  endfacet
  facet normal 0 0 1
    outer loop
      vertex 32.2638 -8.64019 31.15
      vertex 34.1162 -8.64019 31.15
      vertex 32.2638 -6.59981 31.15
    endloop
  endfacet
  facet normal 0 0 1
    outer loop
      vertex 34.1162 -8.64019 31.15
      vertex 32.2638 -8.64019 31.15
      vertex 32.345 -8.89 31.15
    endloop
  endfacet
  facet normal -0 0 1
    outer loop
      vertex 32.0513 -6.7542 31.15
      vertex 32.2638 -8.64019 31.15
      vertex 32.2638 -6.59981 31.15
    endloop
  endfacet
  facet normal 0 0 1
    outer loop
      vertex 32.0513 -6.7542 31.15
      vertex 32.0513 -8.4858 31.15
      vertex 32.2638 -8.64019 31.15
    endloop
  endfacet
  facet normal -0 0 1
    outer loop
      vertex 31.7887 -6.7542 31.15
      vertex 32.0513 -8.4858 31.15
      vertex 32.0513 -6.7542 31.15
    endloop
  endfacet
  facet normal 0 0 1
    outer loop
      vertex 31.7887 -6.7542 31.15
      vertex 31.7887 -8.4858 31.15
      vertex 32.0513 -8.4858 31.15
    endloop
  endfacet
  facet normal 0 0 1
    outer loop
      vertex 31.5762 -6.59981 31.15
      vertex 31.7887 -8.4858 31.15
      vertex 31.7887 -6.7542 31.15
    endloop
  endfacet
  facet normal 0 0 1
    outer loop
      vertex 31.5762 -6.59981 31.15
      vertex 31.5762 -8.64019 31.15
      vertex 31.7887 -8.4858 31.15
    endloop
  endfacet
  facet normal -0 0 1
    outer loop
      vertex 29.805 -6.35 31.15
      vertex 31.5762 -6.59981 31.15
      vertex 31.495 -6.35 31.15
    endloop
  endfacet
  facet normal 0 0 1
    outer loop
      vertex 29.7238 -6.59981 31.15
      vertex 31.5762 -6.59981 31.15
      vertex 29.805 -6.35 31.15
    endloop
  endfacet
  facet normal 0 0 1
    outer loop
      vertex 32.2638 -6.10019 31.15
      vertex 34.1162 -6.10019 31.15
      vertex 32.2638 -4.05981 31.15
    endloop
  endfacet
  facet normal 0 0 1
    outer loop
      vertex 34.1162 -6.10019 31.15
      vertex 32.2638 -6.10019 31.15
      vertex 32.345 -6.35 31.15
    endloop
  endfacet
  facet normal -0 0 1
    outer loop
      vertex 32.0513 -4.2142 31.15
      vertex 32.2638 -6.10019 31.15
      vertex 32.2638 -4.05981 31.15
    endloop
  endfacet
  facet normal 0 0 1
    outer loop
      vertex 32.0513 -4.2142 31.15
      vertex 32.0513 -5.9458 31.15
      vertex 32.2638 -6.10019 31.15
    endloop
  endfacet
  facet normal -0 0 1
    outer loop
      vertex 31.7887 -4.2142 31.15
      vertex 32.0513 -5.9458 31.15
      vertex 32.0513 -4.2142 31.15
    endloop
  endfacet
  facet normal 0 0 1
    outer loop
      vertex 31.7887 -4.2142 31.15
      vertex 31.7887 -5.9458 31.15
      vertex 32.0513 -5.9458 31.15
    endloop
  endfacet
  facet normal 0 0 1
    outer loop
      vertex 31.5762 -4.05981 31.15
      vertex 31.7887 -5.9458 31.15
      vertex 31.7887 -4.2142 31.15
    endloop
  endfacet
  facet normal 0 0 1
    outer loop
      vertex 31.5762 -4.05981 31.15
      vertex 31.5762 -6.10019 31.15
      vertex 31.7887 -5.9458 31.15
    endloop
  endfacet
  facet normal -0 0 1
    outer loop
      vertex 29.805 -3.81 31.15
      vertex 31.5762 -4.05981 31.15
      vertex 31.495 -3.81 31.15
    endloop
  endfacet
  facet normal 0 0 1
    outer loop
      vertex 29.7238 -4.05981 31.15
      vertex 31.5762 -4.05981 31.15
      vertex 29.805 -3.81 31.15
    endloop
  endfacet
  facet normal 0 0 1
    outer loop
      vertex 32.2638 -3.56019 31.15
      vertex 34.1162 -3.56019 31.15
      vertex 32.2638 -1.51981 31.15
    endloop
  endfacet
  facet normal 0 0 1
    outer loop
      vertex 34.1162 -3.56019 31.15
      vertex 32.2638 -3.56019 31.15
      vertex 32.345 -3.81 31.15
    endloop
  endfacet
  facet normal -0 0 1
    outer loop
      vertex 32.0513 -1.6742 31.15
      vertex 32.2638 -3.56019 31.15
      vertex 32.2638 -1.51981 31.15
    endloop
  endfacet
  facet normal 0 0 1
    outer loop
      vertex 32.0513 -1.6742 31.15
      vertex 32.0513 -3.4058 31.15
      vertex 32.2638 -3.56019 31.15
    endloop
  endfacet
  facet normal -0 0 1
    outer loop
      vertex 31.7887 -1.6742 31.15
      vertex 32.0513 -3.4058 31.15
      vertex 32.0513 -1.6742 31.15
    endloop
  endfacet
  facet normal 0 0 1
    outer loop
      vertex 31.7887 -1.6742 31.15
      vertex 31.7887 -3.4058 31.15
      vertex 32.0513 -3.4058 31.15
    endloop
  endfacet
  facet normal 0 0 1
    outer loop
      vertex 31.5762 -1.51981 31.15
      vertex 31.7887 -3.4058 31.15
      vertex 31.7887 -1.6742 31.15
    endloop
  endfacet
  facet normal 0 0 1
    outer loop
      vertex 31.5762 -1.51981 31.15
      vertex 31.5762 -3.56019 31.15
      vertex 31.7887 -3.4058 31.15
    endloop
  endfacet
  facet normal -0 0 1
    outer loop
      vertex 29.805 -1.27 31.15
      vertex 31.5762 -1.51981 31.15
      vertex 31.495 -1.27 31.15
    endloop
  endfacet
  facet normal 0 0 1
    outer loop
      vertex 29.7238 -1.51981 31.15
      vertex 31.5762 -1.51981 31.15
      vertex 29.805 -1.27 31.15
    endloop
  endfacet
  facet normal 0 0 1
    outer loop
      vertex 32.2638 -1.02019 31.15
      vertex 34.1162 -1.02019 31.15
      vertex 32.2638 1.02019 31.15
    endloop
  endfacet
  facet normal 0 0 1
    outer loop
      vertex 34.1162 -1.02019 31.15
      vertex 32.2638 -1.02019 31.15
      vertex 32.345 -1.27 31.15
    endloop
  endfacet
  facet normal -0 0 1
    outer loop
      vertex 32.0513 0.8658 31.15
      vertex 32.2638 -1.02019 31.15
      vertex 32.2638 1.02019 31.15
    endloop
  endfacet
  facet normal 0 0 1
    outer loop
      vertex 32.0513 0.8658 31.15
      vertex 32.0513 -0.865801 31.15
      vertex 32.2638 -1.02019 31.15
    endloop
  endfacet
  facet normal -0 0 1
    outer loop
      vertex 31.7887 0.8658 31.15
      vertex 32.0513 -0.865801 31.15
      vertex 32.0513 0.8658 31.15
    endloop
  endfacet
  facet normal 0 0 1
    outer loop
      vertex 31.7887 0.8658 31.15
      vertex 31.7887 -0.865801 31.15
      vertex 32.0513 -0.865801 31.15
    endloop
  endfacet
  facet normal 0 0 1
    outer loop
      vertex 31.5762 1.02019 31.15
      vertex 31.7887 -0.865801 31.15
      vertex 31.7887 0.8658 31.15
    endloop
  endfacet
  facet normal 0 0 1
    outer loop
      vertex 31.5762 1.02019 31.15
      vertex 31.5762 -1.02019 31.15
      vertex 31.7887 -0.865801 31.15
    endloop
  endfacet
  facet normal -0 0 1
    outer loop
      vertex 29.805 1.27 31.15
      vertex 31.5762 1.02019 31.15
      vertex 31.495 1.27 31.15
    endloop
  endfacet
  facet normal 0 0 1
    outer loop
      vertex 29.7238 1.02019 31.15
      vertex 31.5762 1.02019 31.15
      vertex 29.805 1.27 31.15
    endloop
  endfacet
  facet normal 0 0 1
    outer loop
      vertex 32.2638 1.51981 31.15
      vertex 34.1162 1.51981 31.15
      vertex 32.2638 3.56019 31.15
    endloop
  endfacet
  facet normal 0 0 1
    outer loop
      vertex 34.1162 1.51981 31.15
      vertex 32.2638 1.51981 31.15
      vertex 32.345 1.27 31.15
    endloop
  endfacet
  facet normal -0 0 1
    outer loop
      vertex 32.0513 3.4058 31.15
      vertex 32.2638 1.51981 31.15
      vertex 32.2638 3.56019 31.15
    endloop
  endfacet
  facet normal 0 0 1
    outer loop
      vertex 32.0513 3.4058 31.15
      vertex 32.0513 1.6742 31.15
      vertex 32.2638 1.51981 31.15
    endloop
  endfacet
  facet normal -0 0 1
    outer loop
      vertex 31.7887 3.4058 31.15
      vertex 32.0513 1.6742 31.15
      vertex 32.0513 3.4058 31.15
    endloop
  endfacet
  facet normal 0 0 1
    outer loop
      vertex 31.7887 3.4058 31.15
      vertex 31.7887 1.6742 31.15
      vertex 32.0513 1.6742 31.15
    endloop
  endfacet
  facet normal 0 0 1
    outer loop
      vertex 31.5762 3.56019 31.15
      vertex 31.7887 1.6742 31.15
      vertex 31.7887 3.4058 31.15
    endloop
  endfacet
  facet normal 0 0 1
    outer loop
      vertex 31.5762 3.56019 31.15
      vertex 31.5762 1.51981 31.15
      vertex 31.7887 1.6742 31.15
    endloop
  endfacet
  facet normal -0 0 1
    outer loop
      vertex 29.805 3.81 31.15
      vertex 31.5762 3.56019 31.15
      vertex 31.495 3.81 31.15
    endloop
  endfacet
  facet normal 0 0 1
    outer loop
      vertex 29.7238 3.56019 31.15
      vertex 31.5762 3.56019 31.15
      vertex 29.805 3.81 31.15
    endloop
  endfacet
  facet normal 0 0 1
    outer loop
      vertex 32.2638 4.05981 31.15
      vertex 34.1162 4.05981 31.15
      vertex 32.2638 6.10019 31.15
    endloop
  endfacet
  facet normal 0 0 1
    outer loop
      vertex 34.1162 4.05981 31.15
      vertex 32.2638 4.05981 31.15
      vertex 32.345 3.81 31.15
    endloop
  endfacet
  facet normal -0 0 1
    outer loop
      vertex 32.0513 5.9458 31.15
      vertex 32.2638 4.05981 31.15
      vertex 32.2638 6.10019 31.15
    endloop
  endfacet
  facet normal 0 0 1
    outer loop
      vertex 32.0513 5.9458 31.15
      vertex 32.0513 4.2142 31.15
      vertex 32.2638 4.05981 31.15
    endloop
  endfacet
  facet normal -0 0 1
    outer loop
      vertex 31.7887 5.9458 31.15
      vertex 32.0513 4.2142 31.15
      vertex 32.0513 5.9458 31.15
    endloop
  endfacet
  facet normal 0 0 1
    outer loop
      vertex 31.7887 5.9458 31.15
      vertex 31.7887 4.2142 31.15
      vertex 32.0513 4.2142 31.15
    endloop
  endfacet
  facet normal 0 0 1
    outer loop
      vertex 31.5762 6.10019 31.15
      vertex 31.7887 4.2142 31.15
      vertex 31.7887 5.9458 31.15
    endloop
  endfacet
  facet normal 0 0 1
    outer loop
      vertex 31.5762 6.10019 31.15
      vertex 31.5762 4.05981 31.15
      vertex 31.7887 4.2142 31.15
    endloop
  endfacet
  facet normal -0 0 1
    outer loop
      vertex 29.805 6.35 31.15
      vertex 31.5762 6.10019 31.15
      vertex 31.495 6.35 31.15
    endloop
  endfacet
  facet normal 0 0 1
    outer loop
      vertex 29.7238 6.10019 31.15
      vertex 31.5762 6.10019 31.15
      vertex 29.805 6.35 31.15
    endloop
  endfacet
  facet normal 0 0 1
    outer loop
      vertex 32.2638 6.59981 31.15
      vertex 34.1162 6.59981 31.15
      vertex 32.2638 8.64019 31.15
    endloop
  endfacet
  facet normal 0 0 1
    outer loop
      vertex 34.1162 6.59981 31.15
      vertex 32.2638 6.59981 31.15
      vertex 32.345 6.35 31.15
    endloop
  endfacet
  facet normal -0 0 1
    outer loop
      vertex 32.0513 8.4858 31.15
      vertex 32.2638 6.59981 31.15
      vertex 32.2638 8.64019 31.15
    endloop
  endfacet
  facet normal 0 0 1
    outer loop
      vertex 32.0513 8.4858 31.15
      vertex 32.0513 6.7542 31.15
      vertex 32.2638 6.59981 31.15
    endloop
  endfacet
  facet normal -0 0 1
    outer loop
      vertex 31.7887 8.4858 31.15
      vertex 32.0513 6.7542 31.15
      vertex 32.0513 8.4858 31.15
    endloop
  endfacet
  facet normal 0 0 1
    outer loop
      vertex 31.7887 8.4858 31.15
      vertex 31.7887 6.7542 31.15
      vertex 32.0513 6.7542 31.15
    endloop
  endfacet
  facet normal 0 0 1
    outer loop
      vertex 31.5762 8.64019 31.15
      vertex 31.7887 6.7542 31.15
      vertex 31.7887 8.4858 31.15
    endloop
  endfacet
  facet normal 0 0 1
    outer loop
      vertex 31.5762 8.64019 31.15
      vertex 31.5762 6.59981 31.15
      vertex 31.7887 6.7542 31.15
    endloop
  endfacet
  facet normal -0 0 1
    outer loop
      vertex 29.805 8.89 31.15
      vertex 31.5762 8.64019 31.15
      vertex 31.495 8.89 31.15
    endloop
  endfacet
  facet normal 0 0 1
    outer loop
      vertex 29.7238 8.64019 31.15
      vertex 31.5762 8.64019 31.15
      vertex 29.805 8.89 31.15
    endloop
  endfacet
  facet normal 0 0 1
    outer loop
      vertex 32.2638 9.13981 31.15
      vertex 34.1162 9.13981 31.15
      vertex 32.2638 11.1802 31.15
    endloop
  endfacet
  facet normal 0 0 1
    outer loop
      vertex 34.1162 9.13981 31.15
      vertex 32.2638 9.13981 31.15
      vertex 32.345 8.89 31.15
    endloop
  endfacet
  facet normal -0 0 1
    outer loop
      vertex 32.0513 11.0258 31.15
      vertex 32.2638 9.13981 31.15
      vertex 32.2638 11.1802 31.15
    endloop
  endfacet
  facet normal 0 0 1
    outer loop
      vertex 32.0513 11.0258 31.15
      vertex 32.0513 9.2942 31.15
      vertex 32.2638 9.13981 31.15
    endloop
  endfacet
  facet normal -0 0 1
    outer loop
      vertex 31.7887 11.0258 31.15
      vertex 32.0513 9.2942 31.15
      vertex 32.0513 11.0258 31.15
    endloop
  endfacet
  facet normal 0 0 1
    outer loop
      vertex 31.7887 11.0258 31.15
      vertex 31.7887 9.2942 31.15
      vertex 32.0513 9.2942 31.15
    endloop
  endfacet
  facet normal 0 0 1
    outer loop
      vertex 31.5762 11.1802 31.15
      vertex 31.7887 9.2942 31.15
      vertex 31.7887 11.0258 31.15
    endloop
  endfacet
  facet normal 0 0 1
    outer loop
      vertex 31.5762 11.1802 31.15
      vertex 31.5762 9.13981 31.15
      vertex 31.7887 9.2942 31.15
    endloop
  endfacet
  facet normal -0 0 1
    outer loop
      vertex 29.805 11.43 31.15
      vertex 31.5762 11.1802 31.15
      vertex 31.495 11.43 31.15
    endloop
  endfacet
  facet normal 0 0 1
    outer loop
      vertex 29.7238 11.1802 31.15
      vertex 31.5762 11.1802 31.15
      vertex 29.805 11.43 31.15
    endloop
  endfacet
  facet normal 0 0 1
    outer loop
      vertex 32.2638 11.6798 31.15
      vertex 34.1162 11.6798 31.15
      vertex 32.2638 13.7202 31.15
    endloop
  endfacet
  facet normal 0 0 1
    outer loop
      vertex 34.1162 11.6798 31.15
      vertex 32.2638 11.6798 31.15
      vertex 32.345 11.43 31.15
    endloop
  endfacet
  facet normal -0 0 1
    outer loop
      vertex 32.0513 13.5658 31.15
      vertex 32.2638 11.6798 31.15
      vertex 32.2638 13.7202 31.15
    endloop
  endfacet
  facet normal 0 0 1
    outer loop
      vertex 32.0513 13.5658 31.15
      vertex 32.0513 11.8342 31.15
      vertex 32.2638 11.6798 31.15
    endloop
  endfacet
  facet normal -0 0 1
    outer loop
      vertex 31.7887 13.5658 31.15
      vertex 32.0513 11.8342 31.15
      vertex 32.0513 13.5658 31.15
    endloop
  endfacet
  facet normal 0 0 1
    outer loop
      vertex 31.7887 13.5658 31.15
      vertex 31.7887 11.8342 31.15
      vertex 32.0513 11.8342 31.15
    endloop
  endfacet
  facet normal 0 0 1
    outer loop
      vertex 31.5762 13.7202 31.15
      vertex 31.7887 11.8342 31.15
      vertex 31.7887 13.5658 31.15
    endloop
  endfacet
  facet normal 0 0 1
    outer loop
      vertex 31.5762 13.7202 31.15
      vertex 31.5762 11.6798 31.15
      vertex 31.7887 11.8342 31.15
    endloop
  endfacet
  facet normal -0 0 1
    outer loop
      vertex 29.805 13.97 31.15
      vertex 31.5762 13.7202 31.15
      vertex 31.495 13.97 31.15
    endloop
  endfacet
  facet normal 0 0 1
    outer loop
      vertex 29.7238 13.7202 31.15
      vertex 31.5762 13.7202 31.15
      vertex 29.805 13.97 31.15
    endloop
  endfacet
  facet normal 0 0 1
    outer loop
      vertex 32.2638 14.2198 31.15
      vertex 34.1162 14.2198 31.15
      vertex 32.2638 16.2602 31.15
    endloop
  endfacet
  facet normal 0 0 1
    outer loop
      vertex 34.1162 14.2198 31.15
      vertex 32.2638 14.2198 31.15
      vertex 32.345 13.97 31.15
    endloop
  endfacet
  facet normal -0 0 1
    outer loop
      vertex 32.0513 16.1058 31.15
      vertex 32.2638 14.2198 31.15
      vertex 32.2638 16.2602 31.15
    endloop
  endfacet
  facet normal 0 0 1
    outer loop
      vertex 32.0513 16.1058 31.15
      vertex 32.0513 14.3742 31.15
      vertex 32.2638 14.2198 31.15
    endloop
  endfacet
  facet normal -0 0 1
    outer loop
      vertex 31.7887 16.1058 31.15
      vertex 32.0513 14.3742 31.15
      vertex 32.0513 16.1058 31.15
    endloop
  endfacet
  facet normal 0 0 1
    outer loop
      vertex 31.7887 16.1058 31.15
      vertex 31.7887 14.3742 31.15
      vertex 32.0513 14.3742 31.15
    endloop
  endfacet
  facet normal 0 0 1
    outer loop
      vertex 31.5762 16.2602 31.15
      vertex 31.7887 14.3742 31.15
      vertex 31.7887 16.1058 31.15
    endloop
  endfacet
  facet normal 0 0 1
    outer loop
      vertex 31.5762 16.2602 31.15
      vertex 31.5762 14.2198 31.15
      vertex 31.7887 14.3742 31.15
    endloop
  endfacet
  facet normal -0 0 1
    outer loop
      vertex 29.805 16.51 31.15
      vertex 31.5762 16.2602 31.15
      vertex 31.495 16.51 31.15
    endloop
  endfacet
  facet normal 0 0 1
    outer loop
      vertex 29.7238 16.2602 31.15
      vertex 31.5762 16.2602 31.15
      vertex 29.805 16.51 31.15
    endloop
  endfacet
  facet normal 0 0 1
    outer loop
      vertex 32.2638 16.7598 31.15
      vertex 34.1162 16.7598 31.15
      vertex 32.2638 18.8002 31.15
    endloop
  endfacet
  facet normal 0 0 1
    outer loop
      vertex 34.1162 16.7598 31.15
      vertex 32.2638 16.7598 31.15
      vertex 32.345 16.51 31.15
    endloop
  endfacet
  facet normal -0 0 1
    outer loop
      vertex 32.0513 18.6458 31.15
      vertex 32.2638 16.7598 31.15
      vertex 32.2638 18.8002 31.15
    endloop
  endfacet
  facet normal 0 0 1
    outer loop
      vertex 32.0513 18.6458 31.15
      vertex 32.0513 16.9142 31.15
      vertex 32.2638 16.7598 31.15
    endloop
  endfacet
  facet normal -0 0 1
    outer loop
      vertex 31.7887 18.6458 31.15
      vertex 32.0513 16.9142 31.15
      vertex 32.0513 18.6458 31.15
    endloop
  endfacet
  facet normal 0 0 1
    outer loop
      vertex 31.7887 18.6458 31.15
      vertex 31.7887 16.9142 31.15
      vertex 32.0513 16.9142 31.15
    endloop
  endfacet
  facet normal 0 0 1
    outer loop
      vertex 31.5762 18.8002 31.15
      vertex 31.7887 16.9142 31.15
      vertex 31.7887 18.6458 31.15
    endloop
  endfacet
  facet normal 0 0 1
    outer loop
      vertex 31.5762 18.8002 31.15
      vertex 31.5762 16.7598 31.15
      vertex 31.7887 16.9142 31.15
    endloop
  endfacet
  facet normal -0 0 1
    outer loop
      vertex 29.805 19.05 31.15
      vertex 31.5762 18.8002 31.15
      vertex 31.495 19.05 31.15
    endloop
  endfacet
  facet normal 0 0 1
    outer loop
      vertex 29.7238 18.8002 31.15
      vertex 31.5762 18.8002 31.15
      vertex 29.805 19.05 31.15
    endloop
  endfacet
  facet normal -0 0 1
    outer loop
      vertex 34.8038 -18.8002 31.15
      vertex 37.45 -20.35 31.15
      vertex 34.8038 -16.7598 31.15
    endloop
  endfacet
  facet normal 0 0 1
    outer loop
      vertex 37.45 -20.35 31.15
      vertex 34.8038 -18.8002 31.15
      vertex 34.885 -19.05 31.15
    endloop
  endfacet
  facet normal -0 0 1
    outer loop
      vertex 34.5913 -16.9142 31.15
      vertex 34.8038 -18.8002 31.15
      vertex 34.8038 -16.7598 31.15
    endloop
  endfacet
  facet normal 0 0 1
    outer loop
      vertex 34.5913 -16.9142 31.15
      vertex 34.5913 -18.6458 31.15
      vertex 34.8038 -18.8002 31.15
    endloop
  endfacet
  facet normal -0 0 1
    outer loop
      vertex 34.3287 -16.9142 31.15
      vertex 34.5913 -18.6458 31.15
      vertex 34.5913 -16.9142 31.15
    endloop
  endfacet
  facet normal 0 0 1
    outer loop
      vertex 34.3287 -16.9142 31.15
      vertex 34.3287 -18.6458 31.15
      vertex 34.5913 -18.6458 31.15
    endloop
  endfacet
  facet normal 0 0 1
    outer loop
      vertex 34.1162 -16.7598 31.15
      vertex 34.3287 -18.6458 31.15
      vertex 34.3287 -16.9142 31.15
    endloop
  endfacet
  facet normal 0 0 1
    outer loop
      vertex 34.1162 -16.7598 31.15
      vertex 34.1162 -18.8002 31.15
      vertex 34.3287 -18.6458 31.15
    endloop
  endfacet
  facet normal -0 0 1
    outer loop
      vertex 32.345 -16.51 31.15
      vertex 34.1162 -16.7598 31.15
      vertex 34.035 -16.51 31.15
    endloop
  endfacet
  facet normal 0 0 1
    outer loop
      vertex 32.2638 -16.7598 31.15
      vertex 34.1162 -16.7598 31.15
      vertex 32.345 -16.51 31.15
    endloop
  endfacet
  facet normal -0 0 1
    outer loop
      vertex 34.8038 -14.2198 31.15
      vertex 34.885 -16.51 31.15
      vertex 34.885 -13.97 31.15
    endloop
  endfacet
  facet normal 0 0 1
    outer loop
      vertex 34.8038 -14.2198 31.15
      vertex 34.8038 -16.2602 31.15
      vertex 34.885 -16.51 31.15
    endloop
  endfacet
  facet normal -0 0 1
    outer loop
      vertex 34.5913 -14.3742 31.15
      vertex 34.8038 -16.2602 31.15
      vertex 34.8038 -14.2198 31.15
    endloop
  endfacet
  facet normal 0 0 1
    outer loop
      vertex 34.5913 -14.3742 31.15
      vertex 34.5913 -16.1058 31.15
      vertex 34.8038 -16.2602 31.15
    endloop
  endfacet
  facet normal -0 0 1
    outer loop
      vertex 34.3287 -14.3742 31.15
      vertex 34.5913 -16.1058 31.15
      vertex 34.5913 -14.3742 31.15
    endloop
  endfacet
  facet normal 0 0 1
    outer loop
      vertex 34.3287 -14.3742 31.15
      vertex 34.3287 -16.1058 31.15
      vertex 34.5913 -16.1058 31.15
    endloop
  endfacet
  facet normal 0 0 1
    outer loop
      vertex 34.1162 -14.2198 31.15
      vertex 34.3287 -16.1058 31.15
      vertex 34.3287 -14.3742 31.15
    endloop
  endfacet
  facet normal 0 0 1
    outer loop
      vertex 34.1162 -14.2198 31.15
      vertex 34.1162 -16.2602 31.15
      vertex 34.3287 -16.1058 31.15
    endloop
  endfacet
  facet normal -0 0 1
    outer loop
      vertex 32.345 -13.97 31.15
      vertex 34.1162 -14.2198 31.15
      vertex 34.035 -13.97 31.15
    endloop
  endfacet
  facet normal 0 0 1
    outer loop
      vertex 32.2638 -14.2198 31.15
      vertex 34.1162 -14.2198 31.15
      vertex 32.345 -13.97 31.15
    endloop
  endfacet
  facet normal -0 0 1
    outer loop
      vertex 34.8038 -11.6798 31.15
      vertex 34.885 -13.97 31.15
      vertex 34.885 -11.43 31.15
    endloop
  endfacet
  facet normal 0 0 1
    outer loop
      vertex 34.8038 -11.6798 31.15
      vertex 34.8038 -13.7202 31.15
      vertex 34.885 -13.97 31.15
    endloop
  endfacet
  facet normal -0 0 1
    outer loop
      vertex 34.5913 -11.8342 31.15
      vertex 34.8038 -13.7202 31.15
      vertex 34.8038 -11.6798 31.15
    endloop
  endfacet
  facet normal 0 0 1
    outer loop
      vertex 34.5913 -11.8342 31.15
      vertex 34.5913 -13.5658 31.15
      vertex 34.8038 -13.7202 31.15
    endloop
  endfacet
  facet normal -0 0 1
    outer loop
      vertex 34.3287 -11.8342 31.15
      vertex 34.5913 -13.5658 31.15
      vertex 34.5913 -11.8342 31.15
    endloop
  endfacet
  facet normal 0 0 1
    outer loop
      vertex 34.3287 -11.8342 31.15
      vertex 34.3287 -13.5658 31.15
      vertex 34.5913 -13.5658 31.15
    endloop
  endfacet
  facet normal 0 0 1
    outer loop
      vertex 34.1162 -11.6798 31.15
      vertex 34.3287 -13.5658 31.15
      vertex 34.3287 -11.8342 31.15
    endloop
  endfacet
  facet normal 0 0 1
    outer loop
      vertex 34.1162 -11.6798 31.15
      vertex 34.1162 -13.7202 31.15
      vertex 34.3287 -13.5658 31.15
    endloop
  endfacet
  facet normal -0 0 1
    outer loop
      vertex 32.345 -11.43 31.15
      vertex 34.1162 -11.6798 31.15
      vertex 34.035 -11.43 31.15
    endloop
  endfacet
  facet normal 0 0 1
    outer loop
      vertex 32.2638 -11.6798 31.15
      vertex 34.1162 -11.6798 31.15
      vertex 32.345 -11.43 31.15
    endloop
  endfacet
  facet normal -0 0 1
    outer loop
      vertex 34.8038 -9.13981 31.15
      vertex 34.885 -11.43 31.15
      vertex 34.885 -8.89 31.15
    endloop
  endfacet
  facet normal 0 0 1
    outer loop
      vertex 34.8038 -9.13981 31.15
      vertex 34.8038 -11.1802 31.15
      vertex 34.885 -11.43 31.15
    endloop
  endfacet
  facet normal -0 0 1
    outer loop
      vertex 34.5913 -9.2942 31.15
      vertex 34.8038 -11.1802 31.15
      vertex 34.8038 -9.13981 31.15
    endloop
  endfacet
  facet normal 0 0 1
    outer loop
      vertex 34.5913 -9.2942 31.15
      vertex 34.5913 -11.0258 31.15
      vertex 34.8038 -11.1802 31.15
    endloop
  endfacet
  facet normal -0 0 1
    outer loop
      vertex 34.3287 -9.2942 31.15
      vertex 34.5913 -11.0258 31.15
      vertex 34.5913 -9.2942 31.15
    endloop
  endfacet
  facet normal 0 0 1
    outer loop
      vertex 34.3287 -9.2942 31.15
      vertex 34.3287 -11.0258 31.15
      vertex 34.5913 -11.0258 31.15
    endloop
  endfacet
  facet normal 0 0 1
    outer loop
      vertex 34.1162 -9.13981 31.15
      vertex 34.3287 -11.0258 31.15
      vertex 34.3287 -9.2942 31.15
    endloop
  endfacet
  facet normal 0 0 1
    outer loop
      vertex 34.1162 -9.13981 31.15
      vertex 34.1162 -11.1802 31.15
      vertex 34.3287 -11.0258 31.15
    endloop
  endfacet
  facet normal -0 0 1
    outer loop
      vertex 32.345 -8.89 31.15
      vertex 34.1162 -9.13981 31.15
      vertex 34.035 -8.89 31.15
    endloop
  endfacet
  facet normal 0 0 1
    outer loop
      vertex 32.2638 -9.13981 31.15
      vertex 34.1162 -9.13981 31.15
      vertex 32.345 -8.89 31.15
    endloop
  endfacet
  facet normal -0 0 1
    outer loop
      vertex 34.8038 -6.59981 31.15
      vertex 34.885 -8.89 31.15
      vertex 34.885 -6.35 31.15
    endloop
  endfacet
  facet normal 0 0 1
    outer loop
      vertex 34.8038 -6.59981 31.15
      vertex 34.8038 -8.64019 31.15
      vertex 34.885 -8.89 31.15
    endloop
  endfacet
  facet normal -0 0 1
    outer loop
      vertex 34.5913 -6.7542 31.15
      vertex 34.8038 -8.64019 31.15
      vertex 34.8038 -6.59981 31.15
    endloop
  endfacet
  facet normal 0 0 1
    outer loop
      vertex 34.5913 -6.7542 31.15
      vertex 34.5913 -8.4858 31.15
      vertex 34.8038 -8.64019 31.15
    endloop
  endfacet
  facet normal -0 0 1
    outer loop
      vertex 34.3287 -6.7542 31.15
      vertex 34.5913 -8.4858 31.15
      vertex 34.5913 -6.7542 31.15
    endloop
  endfacet
  facet normal 0 0 1
    outer loop
      vertex 34.3287 -6.7542 31.15
      vertex 34.3287 -8.4858 31.15
      vertex 34.5913 -8.4858 31.15
    endloop
  endfacet
  facet normal 0 0 1
    outer loop
      vertex 34.1162 -6.59981 31.15
      vertex 34.3287 -8.4858 31.15
      vertex 34.3287 -6.7542 31.15
    endloop
  endfacet
  facet normal 0 0 1
    outer loop
      vertex 34.1162 -6.59981 31.15
      vertex 34.1162 -8.64019 31.15
      vertex 34.3287 -8.4858 31.15
    endloop
  endfacet
  facet normal -0 0 1
    outer loop
      vertex 32.345 -6.35 31.15
      vertex 34.1162 -6.59981 31.15
      vertex 34.035 -6.35 31.15
    endloop
  endfacet
  facet normal 0 0 1
    outer loop
      vertex 32.2638 -6.59981 31.15
      vertex 34.1162 -6.59981 31.15
      vertex 32.345 -6.35 31.15
    endloop
  endfacet
  facet normal -0 0 1
    outer loop
      vertex 34.8038 -4.05981 31.15
      vertex 34.885 -6.35 31.15
      vertex 34.885 -3.81 31.15
    endloop
  endfacet
  facet normal 0 0 1
    outer loop
      vertex 34.8038 -4.05981 31.15
      vertex 34.8038 -6.10019 31.15
      vertex 34.885 -6.35 31.15
    endloop
  endfacet
  facet normal -0 0 1
    outer loop
      vertex 34.5913 -4.2142 31.15
      vertex 34.8038 -6.10019 31.15
      vertex 34.8038 -4.05981 31.15
    endloop
  endfacet
  facet normal 0 0 1
    outer loop
      vertex 34.5913 -4.2142 31.15
      vertex 34.5913 -5.9458 31.15
      vertex 34.8038 -6.10019 31.15
    endloop
  endfacet
  facet normal -0 0 1
    outer loop
      vertex 34.3287 -4.2142 31.15
      vertex 34.5913 -5.9458 31.15
      vertex 34.5913 -4.2142 31.15
    endloop
  endfacet
  facet normal 0 0 1
    outer loop
      vertex 34.3287 -4.2142 31.15
      vertex 34.3287 -5.9458 31.15
      vertex 34.5913 -5.9458 31.15
    endloop
  endfacet
  facet normal 0 0 1
    outer loop
      vertex 34.1162 -4.05981 31.15
      vertex 34.3287 -5.9458 31.15
      vertex 34.3287 -4.2142 31.15
    endloop
  endfacet
  facet normal 0 0 1
    outer loop
      vertex 34.1162 -4.05981 31.15
      vertex 34.1162 -6.10019 31.15
      vertex 34.3287 -5.9458 31.15
    endloop
  endfacet
  facet normal -0 0 1
    outer loop
      vertex 32.345 -3.81 31.15
      vertex 34.1162 -4.05981 31.15
      vertex 34.035 -3.81 31.15
    endloop
  endfacet
  facet normal 0 0 1
    outer loop
      vertex 32.2638 -4.05981 31.15
      vertex 34.1162 -4.05981 31.15
      vertex 32.345 -3.81 31.15
    endloop
  endfacet
  facet normal -0 0 1
    outer loop
      vertex 34.8038 -1.51981 31.15
      vertex 34.885 -3.81 31.15
      vertex 34.885 -1.27 31.15
    endloop
  endfacet
  facet normal 0 0 1
    outer loop
      vertex 34.8038 -1.51981 31.15
      vertex 34.8038 -3.56019 31.15
      vertex 34.885 -3.81 31.15
    endloop
  endfacet
  facet normal -0 0 1
    outer loop
      vertex 34.5913 -1.6742 31.15
      vertex 34.8038 -3.56019 31.15
      vertex 34.8038 -1.51981 31.15
    endloop
  endfacet
  facet normal 0 0 1
    outer loop
      vertex 34.5913 -1.6742 31.15
      vertex 34.5913 -3.4058 31.15
      vertex 34.8038 -3.56019 31.15
    endloop
  endfacet
  facet normal -0 0 1
    outer loop
      vertex 34.3287 -1.6742 31.15
      vertex 34.5913 -3.4058 31.15
      vertex 34.5913 -1.6742 31.15
    endloop
  endfacet
  facet normal 0 0 1
    outer loop
      vertex 34.3287 -1.6742 31.15
      vertex 34.3287 -3.4058 31.15
      vertex 34.5913 -3.4058 31.15
    endloop
  endfacet
  facet normal 0 0 1
    outer loop
      vertex 34.1162 -1.51981 31.15
      vertex 34.3287 -3.4058 31.15
      vertex 34.3287 -1.6742 31.15
    endloop
  endfacet
  facet normal 0 0 1
    outer loop
      vertex 34.1162 -1.51981 31.15
      vertex 34.1162 -3.56019 31.15
      vertex 34.3287 -3.4058 31.15
    endloop
  endfacet
  facet normal -0 0 1
    outer loop
      vertex 32.345 -1.27 31.15
      vertex 34.1162 -1.51981 31.15
      vertex 34.035 -1.27 31.15
    endloop
  endfacet
  facet normal 0 0 1
    outer loop
      vertex 32.2638 -1.51981 31.15
      vertex 34.1162 -1.51981 31.15
      vertex 32.345 -1.27 31.15
    endloop
  endfacet
  facet normal -0 0 1
    outer loop
      vertex 34.8038 1.02019 31.15
      vertex 34.885 -1.27 31.15
      vertex 34.885 1.27 31.15
    endloop
  endfacet
  facet normal 0 0 1
    outer loop
      vertex 34.8038 1.02019 31.15
      vertex 34.8038 -1.02019 31.15
      vertex 34.885 -1.27 31.15
    endloop
  endfacet
  facet normal -0 0 1
    outer loop
      vertex 34.5913 0.8658 31.15
      vertex 34.8038 -1.02019 31.15
      vertex 34.8038 1.02019 31.15
    endloop
  endfacet
  facet normal 0 0 1
    outer loop
      vertex 34.5913 0.8658 31.15
      vertex 34.5913 -0.865801 31.15
      vertex 34.8038 -1.02019 31.15
    endloop
  endfacet
  facet normal -0 0 1
    outer loop
      vertex 34.3287 0.8658 31.15
      vertex 34.5913 -0.865801 31.15
      vertex 34.5913 0.8658 31.15
    endloop
  endfacet
  facet normal 0 0 1
    outer loop
      vertex 34.3287 0.8658 31.15
      vertex 34.3287 -0.865801 31.15
      vertex 34.5913 -0.865801 31.15
    endloop
  endfacet
  facet normal 0 0 1
    outer loop
      vertex 34.1162 1.02019 31.15
      vertex 34.3287 -0.865801 31.15
      vertex 34.3287 0.8658 31.15
    endloop
  endfacet
  facet normal 0 0 1
    outer loop
      vertex 34.1162 1.02019 31.15
      vertex 34.1162 -1.02019 31.15
      vertex 34.3287 -0.865801 31.15
    endloop
  endfacet
  facet normal -0 0 1
    outer loop
      vertex 32.345 1.27 31.15
      vertex 34.1162 1.02019 31.15
      vertex 34.035 1.27 31.15
    endloop
  endfacet
  facet normal 0 0 1
    outer loop
      vertex 32.2638 1.02019 31.15
      vertex 34.1162 1.02019 31.15
      vertex 32.345 1.27 31.15
    endloop
  endfacet
  facet normal -0 0 1
    outer loop
      vertex 34.8038 3.56019 31.15
      vertex 34.885 1.27 31.15
      vertex 34.885 3.81 31.15
    endloop
  endfacet
  facet normal 0 0 1
    outer loop
      vertex 34.8038 3.56019 31.15
      vertex 34.8038 1.51981 31.15
      vertex 34.885 1.27 31.15
    endloop
  endfacet
  facet normal -0 0 1
    outer loop
      vertex 34.5913 3.4058 31.15
      vertex 34.8038 1.51981 31.15
      vertex 34.8038 3.56019 31.15
    endloop
  endfacet
  facet normal 0 0 1
    outer loop
      vertex 34.5913 3.4058 31.15
      vertex 34.5913 1.6742 31.15
      vertex 34.8038 1.51981 31.15
    endloop
  endfacet
  facet normal -0 0 1
    outer loop
      vertex 34.3287 3.4058 31.15
      vertex 34.5913 1.6742 31.15
      vertex 34.5913 3.4058 31.15
    endloop
  endfacet
  facet normal 0 0 1
    outer loop
      vertex 34.3287 3.4058 31.15
      vertex 34.3287 1.6742 31.15
      vertex 34.5913 1.6742 31.15
    endloop
  endfacet
  facet normal 0 0 1
    outer loop
      vertex 34.1162 3.56019 31.15
      vertex 34.3287 1.6742 31.15
      vertex 34.3287 3.4058 31.15
    endloop
  endfacet
  facet normal 0 0 1
    outer loop
      vertex 34.1162 3.56019 31.15
      vertex 34.1162 1.51981 31.15
      vertex 34.3287 1.6742 31.15
    endloop
  endfacet
  facet normal -0 0 1
    outer loop
      vertex 32.345 3.81 31.15
      vertex 34.1162 3.56019 31.15
      vertex 34.035 3.81 31.15
    endloop
  endfacet
  facet normal 0 0 1
    outer loop
      vertex 32.2638 3.56019 31.15
      vertex 34.1162 3.56019 31.15
      vertex 32.345 3.81 31.15
    endloop
  endfacet
  facet normal -0 0 1
    outer loop
      vertex 34.8038 6.10019 31.15
      vertex 34.885 3.81 31.15
      vertex 34.885 6.35 31.15
    endloop
  endfacet
  facet normal 0 0 1
    outer loop
      vertex 34.8038 6.10019 31.15
      vertex 34.8038 4.05981 31.15
      vertex 34.885 3.81 31.15
    endloop
  endfacet
  facet normal -0 0 1
    outer loop
      vertex 34.5913 5.9458 31.15
      vertex 34.8038 4.05981 31.15
      vertex 34.8038 6.10019 31.15
    endloop
  endfacet
  facet normal 0 0 1
    outer loop
      vertex 34.5913 5.9458 31.15
      vertex 34.5913 4.2142 31.15
      vertex 34.8038 4.05981 31.15
    endloop
  endfacet
  facet normal -0 0 1
    outer loop
      vertex 34.3287 5.9458 31.15
      vertex 34.5913 4.2142 31.15
      vertex 34.5913 5.9458 31.15
    endloop
  endfacet
  facet normal 0 0 1
    outer loop
      vertex 34.3287 5.9458 31.15
      vertex 34.3287 4.2142 31.15
      vertex 34.5913 4.2142 31.15
    endloop
  endfacet
  facet normal 0 0 1
    outer loop
      vertex 34.1162 6.10019 31.15
      vertex 34.3287 4.2142 31.15
      vertex 34.3287 5.9458 31.15
    endloop
  endfacet
  facet normal 0 0 1
    outer loop
      vertex 34.1162 6.10019 31.15
      vertex 34.1162 4.05981 31.15
      vertex 34.3287 4.2142 31.15
    endloop
  endfacet
  facet normal -0 0 1
    outer loop
      vertex 32.345 6.35 31.15
      vertex 34.1162 6.10019 31.15
      vertex 34.035 6.35 31.15
    endloop
  endfacet
  facet normal 0 0 1
    outer loop
      vertex 32.2638 6.10019 31.15
      vertex 34.1162 6.10019 31.15
      vertex 32.345 6.35 31.15
    endloop
  endfacet
  facet normal -0 0 1
    outer loop
      vertex 34.8038 8.64019 31.15
      vertex 34.885 6.35 31.15
      vertex 34.885 8.89 31.15
    endloop
  endfacet
  facet normal 0 0 1
    outer loop
      vertex 34.8038 8.64019 31.15
      vertex 34.8038 6.59981 31.15
      vertex 34.885 6.35 31.15
    endloop
  endfacet
  facet normal -0 0 1
    outer loop
      vertex 34.5913 8.4858 31.15
      vertex 34.8038 6.59981 31.15
      vertex 34.8038 8.64019 31.15
    endloop
  endfacet
  facet normal 0 0 1
    outer loop
      vertex 34.5913 8.4858 31.15
      vertex 34.5913 6.7542 31.15
      vertex 34.8038 6.59981 31.15
    endloop
  endfacet
  facet normal -0 0 1
    outer loop
      vertex 34.3287 8.4858 31.15
      vertex 34.5913 6.7542 31.15
      vertex 34.5913 8.4858 31.15
    endloop
  endfacet
  facet normal 0 0 1
    outer loop
      vertex 34.3287 8.4858 31.15
      vertex 34.3287 6.7542 31.15
      vertex 34.5913 6.7542 31.15
    endloop
  endfacet
  facet normal 0 0 1
    outer loop
      vertex 34.1162 8.64019 31.15
      vertex 34.3287 6.7542 31.15
      vertex 34.3287 8.4858 31.15
    endloop
  endfacet
  facet normal 0 0 1
    outer loop
      vertex 34.1162 8.64019 31.15
      vertex 34.1162 6.59981 31.15
      vertex 34.3287 6.7542 31.15
    endloop
  endfacet
  facet normal -0 0 1
    outer loop
      vertex 32.345 8.89 31.15
      vertex 34.1162 8.64019 31.15
      vertex 34.035 8.89 31.15
    endloop
  endfacet
  facet normal 0 0 1
    outer loop
      vertex 32.2638 8.64019 31.15
      vertex 34.1162 8.64019 31.15
      vertex 32.345 8.89 31.15
    endloop
  endfacet
  facet normal -0 0 1
    outer loop
      vertex 34.8038 11.1802 31.15
      vertex 34.885 8.89 31.15
      vertex 34.885 11.43 31.15
    endloop
  endfacet
  facet normal 0 0 1
    outer loop
      vertex 34.8038 11.1802 31.15
      vertex 34.8038 9.13981 31.15
      vertex 34.885 8.89 31.15
    endloop
  endfacet
  facet normal -0 0 1
    outer loop
      vertex 34.5913 11.0258 31.15
      vertex 34.8038 9.13981 31.15
      vertex 34.8038 11.1802 31.15
    endloop
  endfacet
  facet normal 0 0 1
    outer loop
      vertex 34.5913 11.0258 31.15
      vertex 34.5913 9.2942 31.15
      vertex 34.8038 9.13981 31.15
    endloop
  endfacet
  facet normal -0 0 1
    outer loop
      vertex 34.3287 11.0258 31.15
      vertex 34.5913 9.2942 31.15
      vertex 34.5913 11.0258 31.15
    endloop
  endfacet
  facet normal 0 0 1
    outer loop
      vertex 34.3287 11.0258 31.15
      vertex 34.3287 9.2942 31.15
      vertex 34.5913 9.2942 31.15
    endloop
  endfacet
  facet normal 0 0 1
    outer loop
      vertex 34.1162 11.1802 31.15
      vertex 34.3287 9.2942 31.15
      vertex 34.3287 11.0258 31.15
    endloop
  endfacet
  facet normal 0 0 1
    outer loop
      vertex 34.1162 11.1802 31.15
      vertex 34.1162 9.13981 31.15
      vertex 34.3287 9.2942 31.15
    endloop
  endfacet
  facet normal -0 0 1
    outer loop
      vertex 32.345 11.43 31.15
      vertex 34.1162 11.1802 31.15
      vertex 34.035 11.43 31.15
    endloop
  endfacet
  facet normal 0 0 1
    outer loop
      vertex 32.2638 11.1802 31.15
      vertex 34.1162 11.1802 31.15
      vertex 32.345 11.43 31.15
    endloop
  endfacet
  facet normal -0 0 1
    outer loop
      vertex 34.8038 13.7202 31.15
      vertex 34.885 11.43 31.15
      vertex 34.885 13.97 31.15
    endloop
  endfacet
  facet normal 0 0 1
    outer loop
      vertex 34.8038 13.7202 31.15
      vertex 34.8038 11.6798 31.15
      vertex 34.885 11.43 31.15
    endloop
  endfacet
  facet normal -0 0 1
    outer loop
      vertex 34.5913 13.5658 31.15
      vertex 34.8038 11.6798 31.15
      vertex 34.8038 13.7202 31.15
    endloop
  endfacet
  facet normal 0 0 1
    outer loop
      vertex 34.5913 13.5658 31.15
      vertex 34.5913 11.8342 31.15
      vertex 34.8038 11.6798 31.15
    endloop
  endfacet
  facet normal -0 0 1
    outer loop
      vertex 34.3287 13.5658 31.15
      vertex 34.5913 11.8342 31.15
      vertex 34.5913 13.5658 31.15
    endloop
  endfacet
  facet normal 0 0 1
    outer loop
      vertex 34.3287 13.5658 31.15
      vertex 34.3287 11.8342 31.15
      vertex 34.5913 11.8342 31.15
    endloop
  endfacet
  facet normal 0 0 1
    outer loop
      vertex 34.1162 13.7202 31.15
      vertex 34.3287 11.8342 31.15
      vertex 34.3287 13.5658 31.15
    endloop
  endfacet
  facet normal 0 0 1
    outer loop
      vertex 34.1162 13.7202 31.15
      vertex 34.1162 11.6798 31.15
      vertex 34.3287 11.8342 31.15
    endloop
  endfacet
  facet normal -0 0 1
    outer loop
      vertex 32.345 13.97 31.15
      vertex 34.1162 13.7202 31.15
      vertex 34.035 13.97 31.15
    endloop
  endfacet
  facet normal 0 0 1
    outer loop
      vertex 32.2638 13.7202 31.15
      vertex 34.1162 13.7202 31.15
      vertex 32.345 13.97 31.15
    endloop
  endfacet
  facet normal -0 0 1
    outer loop
      vertex 34.8038 16.2602 31.15
      vertex 34.885 13.97 31.15
      vertex 34.885 16.51 31.15
    endloop
  endfacet
  facet normal 0 0 1
    outer loop
      vertex 34.8038 16.2602 31.15
      vertex 34.8038 14.2198 31.15
      vertex 34.885 13.97 31.15
    endloop
  endfacet
  facet normal -0 0 1
    outer loop
      vertex 34.5913 16.1058 31.15
      vertex 34.8038 14.2198 31.15
      vertex 34.8038 16.2602 31.15
    endloop
  endfacet
  facet normal 0 0 1
    outer loop
      vertex 34.5913 16.1058 31.15
      vertex 34.5913 14.3742 31.15
      vertex 34.8038 14.2198 31.15
    endloop
  endfacet
  facet normal -0 0 1
    outer loop
      vertex 34.3287 16.1058 31.15
      vertex 34.5913 14.3742 31.15
      vertex 34.5913 16.1058 31.15
    endloop
  endfacet
  facet normal 0 0 1
    outer loop
      vertex 34.3287 16.1058 31.15
      vertex 34.3287 14.3742 31.15
      vertex 34.5913 14.3742 31.15
    endloop
  endfacet
  facet normal 0 0 1
    outer loop
      vertex 34.1162 16.2602 31.15
      vertex 34.3287 14.3742 31.15
      vertex 34.3287 16.1058 31.15
    endloop
  endfacet
  facet normal 0 0 1
    outer loop
      vertex 34.1162 16.2602 31.15
      vertex 34.1162 14.2198 31.15
      vertex 34.3287 14.3742 31.15
    endloop
  endfacet
  facet normal -0 0 1
    outer loop
      vertex 32.345 16.51 31.15
      vertex 34.1162 16.2602 31.15
      vertex 34.035 16.51 31.15
    endloop
  endfacet
  facet normal 0 0 1
    outer loop
      vertex 32.2638 16.2602 31.15
      vertex 34.1162 16.2602 31.15
      vertex 32.345 16.51 31.15
    endloop
  endfacet
  facet normal 0 0 1
    outer loop
      vertex 34.8038 16.7598 31.15
      vertex 37.45 20.35 31.15
      vertex 34.8038 18.8002 31.15
    endloop
  endfacet
  facet normal 0 0 1
    outer loop
      vertex 37.45 20.35 31.15
      vertex 34.8038 16.7598 31.15
      vertex 34.885 16.51 31.15
    endloop
  endfacet
  facet normal -0 0 1
    outer loop
      vertex 34.5913 18.6458 31.15
      vertex 34.8038 16.7598 31.15
      vertex 34.8038 18.8002 31.15
    endloop
  endfacet
  facet normal 0 0 1
    outer loop
      vertex 34.5913 18.6458 31.15
      vertex 34.5913 16.9142 31.15
      vertex 34.8038 16.7598 31.15
    endloop
  endfacet
  facet normal -0 0 1
    outer loop
      vertex 34.3287 18.6458 31.15
      vertex 34.5913 16.9142 31.15
      vertex 34.5913 18.6458 31.15
    endloop
  endfacet
  facet normal 0 0 1
    outer loop
      vertex 34.3287 18.6458 31.15
      vertex 34.3287 16.9142 31.15
      vertex 34.5913 16.9142 31.15
    endloop
  endfacet
  facet normal 0 0 1
    outer loop
      vertex 34.1162 18.8002 31.15
      vertex 34.3287 16.9142 31.15
      vertex 34.3287 18.6458 31.15
    endloop
  endfacet
  facet normal 0 0 1
    outer loop
      vertex 34.1162 18.8002 31.15
      vertex 34.1162 16.7598 31.15
      vertex 34.3287 16.9142 31.15
    endloop
  endfacet
  facet normal -0 0 1
    outer loop
      vertex 32.345 19.05 31.15
      vertex 34.1162 18.8002 31.15
      vertex 34.035 19.05 31.15
    endloop
  endfacet
  facet normal 0 0 1
    outer loop
      vertex 32.2638 18.8002 31.15
      vertex 34.1162 18.8002 31.15
      vertex 32.345 19.05 31.15
    endloop
  endfacet
  facet normal 0 0 1
    outer loop
      vertex 34.8038 18.8002 31.15
      vertex 37.45 20.35 31.15
      vertex 34.885 19.05 31.15
    endloop
  endfacet
  facet normal 0 0 1
    outer loop
      vertex 37.45 20.35 31.15
      vertex 34.8038 19.2998 31.15
      vertex 34.885 19.05 31.15
    endloop
  endfacet
  facet normal 0 0 1
    outer loop
      vertex 37.45 20.35 31.15
      vertex 34.5913 19.4542 31.15
      vertex 34.8038 19.2998 31.15
    endloop
  endfacet
  facet normal 0 0 1
    outer loop
      vertex 37.45 20.35 31.15
      vertex 34.3287 19.4542 31.15
      vertex 34.5913 19.4542 31.15
    endloop
  endfacet
  facet normal 0 0 1
    outer loop
      vertex 34.1162 16.7598 31.15
      vertex 32.345 16.51 31.15
      vertex 34.035 16.51 31.15
    endloop
  endfacet
  facet normal 0 0 1
    outer loop
      vertex 34.1162 16.2602 31.15
      vertex 32.2638 16.2602 31.15
      vertex 34.1162 14.2198 31.15
    endloop
  endfacet
  facet normal 0 0 1
    outer loop
      vertex 34.1162 13.7202 31.15
      vertex 32.2638 13.7202 31.15
      vertex 34.1162 11.6798 31.15
    endloop
  endfacet
  facet normal 0 0 1
    outer loop
      vertex 34.1162 11.6798 31.15
      vertex 32.345 11.43 31.15
      vertex 34.035 11.43 31.15
    endloop
  endfacet
  facet normal 0 0 1
    outer loop
      vertex 34.1162 9.13981 31.15
      vertex 32.345 8.89 31.15
      vertex 34.035 8.89 31.15
    endloop
  endfacet
  facet normal 0 0 1
    outer loop
      vertex 34.1162 8.64019 31.15
      vertex 32.2638 8.64019 31.15
      vertex 34.1162 6.59981 31.15
    endloop
  endfacet
  facet normal 0 0 1
    outer loop
      vertex 34.1162 6.10019 31.15
      vertex 32.2638 6.10019 31.15
      vertex 34.1162 4.05981 31.15
    endloop
  endfacet
  facet normal 0 0 1
    outer loop
      vertex 34.1162 4.05981 31.15
      vertex 32.345 3.81 31.15
      vertex 34.035 3.81 31.15
    endloop
  endfacet
  facet normal 0 0 1
    outer loop
      vertex 34.1162 1.51981 31.15
      vertex 32.345 1.27 31.15
      vertex 34.035 1.27 31.15
    endloop
  endfacet
  facet normal 0 0 1
    outer loop
      vertex 34.1162 1.02019 31.15
      vertex 32.2638 1.02019 31.15
      vertex 34.1162 -1.02019 31.15
    endloop
  endfacet
  facet normal 0 0 1
    outer loop
      vertex 34.1162 -1.51981 31.15
      vertex 32.2638 -1.51981 31.15
      vertex 34.1162 -3.56019 31.15
    endloop
  endfacet
  facet normal 0 0 1
    outer loop
      vertex 34.1162 -3.56019 31.15
      vertex 32.345 -3.81 31.15
      vertex 34.035 -3.81 31.15
    endloop
  endfacet
  facet normal 0 0 1
    outer loop
      vertex 34.1162 -6.10019 31.15
      vertex 32.345 -6.35 31.15
      vertex 34.035 -6.35 31.15
    endloop
  endfacet
  facet normal 0 0 1
    outer loop
      vertex 34.1162 -6.59981 31.15
      vertex 32.2638 -6.59981 31.15
      vertex 34.1162 -8.64019 31.15
    endloop
  endfacet
  facet normal 0 0 1
    outer loop
      vertex 34.1162 18.8002 31.15
      vertex 32.2638 18.8002 31.15
      vertex 34.1162 16.7598 31.15
    endloop
  endfacet
  facet normal 0 0 1
    outer loop
      vertex 34.1162 19.2998 31.15
      vertex 32.345 19.05 31.15
      vertex 34.035 19.05 31.15
    endloop
  endfacet
  facet normal 0 0 1
    outer loop
      vertex 32.2638 19.2998 31.15
      vertex 34.1162 19.2998 31.15
      vertex 34.3287 19.4542 31.15
    endloop
  endfacet
  facet normal 0 0 1
    outer loop
      vertex 32.0513 19.4542 31.15
      vertex 34.3287 19.4542 31.15
      vertex 37.45 20.35 31.15
    endloop
  endfacet
  facet normal 0 0 1
    outer loop
      vertex 34.1162 19.2998 31.15
      vertex 32.2638 19.2998 31.15
      vertex 32.345 19.05 31.15
    endloop
  endfacet
  facet normal 0 0 1
    outer loop
      vertex 34.3287 19.4542 31.15
      vertex 32.0513 19.4542 31.15
      vertex 32.2638 19.2998 31.15
    endloop
  endfacet
  facet normal -0 0 1
    outer loop
      vertex 28.23 20.35 31.15
      vertex 32.0513 19.4542 31.15
      vertex 37.45 20.35 31.15
    endloop
  endfacet
  facet normal 0 0 1
    outer loop
      vertex 31.5762 16.7598 31.15
      vertex 29.805 16.51 31.15
      vertex 31.495 16.51 31.15
    endloop
  endfacet
  facet normal 0 0 1
    outer loop
      vertex 31.5762 16.2602 31.15
      vertex 29.7238 16.2602 31.15
      vertex 31.5762 14.2198 31.15
    endloop
  endfacet
  facet normal 0 0 1
    outer loop
      vertex 31.5762 13.7202 31.15
      vertex 29.7238 13.7202 31.15
      vertex 31.5762 11.6798 31.15
    endloop
  endfacet
  facet normal 0 0 1
    outer loop
      vertex 31.5762 11.6798 31.15
      vertex 29.805 11.43 31.15
      vertex 31.495 11.43 31.15
    endloop
  endfacet
  facet normal 0 0 1
    outer loop
      vertex 31.5762 9.13981 31.15
      vertex 29.805 8.89 31.15
      vertex 31.495 8.89 31.15
    endloop
  endfacet
  facet normal 0 0 1
    outer loop
      vertex 31.5762 8.64019 31.15
      vertex 29.7238 8.64019 31.15
      vertex 31.5762 6.59981 31.15
    endloop
  endfacet
  facet normal 0 0 1
    outer loop
      vertex 31.5762 6.10019 31.15
      vertex 29.7238 6.10019 31.15
      vertex 31.5762 4.05981 31.15
    endloop
  endfacet
  facet normal 0 0 1
    outer loop
      vertex 31.5762 4.05981 31.15
      vertex 29.805 3.81 31.15
      vertex 31.495 3.81 31.15
    endloop
  endfacet
  facet normal 0 0 1
    outer loop
      vertex 31.5762 1.51981 31.15
      vertex 29.805 1.27 31.15
      vertex 31.495 1.27 31.15
    endloop
  endfacet
  facet normal 0 0 1
    outer loop
      vertex 31.5762 1.02019 31.15
      vertex 29.7238 1.02019 31.15
      vertex 31.5762 -1.02019 31.15
    endloop
  endfacet
  facet normal 0 0 1
    outer loop
      vertex 31.5762 -1.51981 31.15
      vertex 29.7238 -1.51981 31.15
      vertex 31.5762 -3.56019 31.15
    endloop
  endfacet
  facet normal 0 0 1
    outer loop
      vertex 31.5762 -3.56019 31.15
      vertex 29.805 -3.81 31.15
      vertex 31.495 -3.81 31.15
    endloop
  endfacet
  facet normal 0 0 1
    outer loop
      vertex 31.5762 -6.10019 31.15
      vertex 29.805 -6.35 31.15
      vertex 31.495 -6.35 31.15
    endloop
  endfacet
  facet normal 0 0 1
    outer loop
      vertex 31.5762 -6.59981 31.15
      vertex 29.7238 -6.59981 31.15
      vertex 31.5762 -8.64019 31.15
    endloop
  endfacet
  facet normal 0 0 1
    outer loop
      vertex 31.5762 18.8002 31.15
      vertex 29.7238 18.8002 31.15
      vertex 31.5762 16.7598 31.15
    endloop
  endfacet
  facet normal 0 0 1
    outer loop
      vertex 31.5762 19.2998 31.15
      vertex 29.805 19.05 31.15
      vertex 31.495 19.05 31.15
    endloop
  endfacet
  facet normal 0 0 1
    outer loop
      vertex 29.7238 19.2998 31.15
      vertex 31.5762 19.2998 31.15
      vertex 31.7887 19.4542 31.15
    endloop
  endfacet
  facet normal 0 0 1
    outer loop
      vertex 31.5762 19.2998 31.15
      vertex 29.7238 19.2998 31.15
      vertex 29.805 19.05 31.15
    endloop
  endfacet
  facet normal 0 0 1
    outer loop
      vertex 32.0513 19.4542 31.15
      vertex 28.23 20.35 31.15
      vertex 31.7887 19.4542 31.15
    endloop
  endfacet
  facet normal 0 0 1
    outer loop
      vertex 31.7887 19.4542 31.15
      vertex 29.5113 19.4542 31.15
      vertex 29.7238 19.2998 31.15
    endloop
  endfacet
  facet normal 0 0 1
    outer loop
      vertex 31.7887 19.4542 31.15
      vertex 28.23 20.35 31.15
      vertex 29.5113 19.4542 31.15
    endloop
  endfacet
  facet normal 0 0 1
    outer loop
      vertex 28.23 20.35 31.15
      vertex 28.955 16.51 31.15
      vertex 28.955 19.05 31.15
    endloop
  endfacet
  facet normal 0 0 1
    outer loop
      vertex 28.955 16.51 31.15
      vertex 28.23 20.35 31.15
      vertex 28.955 13.97 31.15
    endloop
  endfacet
  facet normal 0 0 1
    outer loop
      vertex 28.955 13.97 31.15
      vertex 28.23 20.35 31.15
      vertex 28.955 11.43 31.15
    endloop
  endfacet
  facet normal 0 0 1
    outer loop
      vertex 28.955 11.43 31.15
      vertex 28.23 20.35 31.15
      vertex 28.955 8.89 31.15
    endloop
  endfacet
  facet normal 0 0 1
    outer loop
      vertex 28.955 8.89 31.15
      vertex 28.23 20.35 31.15
      vertex 28.955 6.35 31.15
    endloop
  endfacet
  facet normal 0 0 1
    outer loop
      vertex 28.955 6.35 31.15
      vertex 28.23 20.35 31.15
      vertex 28.955 3.81 31.15
    endloop
  endfacet
  facet normal 0 0 1
    outer loop
      vertex 28.955 3.81 31.15
      vertex 28.23 20.35 31.15
      vertex 28.955 1.27 31.15
    endloop
  endfacet
  facet normal 0 0 1
    outer loop
      vertex 28.955 1.27 31.15
      vertex 28.23 20.35 31.15
      vertex 28.955 -1.27 31.15
    endloop
  endfacet
  facet normal 0 0 1
    outer loop
      vertex 28.23 -20.35 31.15
      vertex 28.955 -1.27 31.15
      vertex 28.23 20.35 31.15
    endloop
  endfacet
  facet normal 0 0 1
    outer loop
      vertex 28.955 -1.27 31.15
      vertex 28.23 -20.35 31.15
      vertex 28.955 -3.81 31.15
    endloop
  endfacet
  facet normal 0 0 1
    outer loop
      vertex 28.955 -3.81 31.15
      vertex 28.23 -20.35 31.15
      vertex 28.955 -6.35 31.15
    endloop
  endfacet
  facet normal 0 0 1
    outer loop
      vertex 28.955 -6.35 31.15
      vertex 28.23 -20.35 31.15
      vertex 28.955 -8.89 31.15
    endloop
  endfacet
  facet normal 0 0 1
    outer loop
      vertex 28.955 -8.89 31.15
      vertex 28.23 -20.35 31.15
      vertex 28.955 -11.43 31.15
    endloop
  endfacet
  facet normal 0 0 1
    outer loop
      vertex 28.955 -11.43 31.15
      vertex 28.23 -20.35 31.15
      vertex 28.955 -13.97 31.15
    endloop
  endfacet
  facet normal 0 0 1
    outer loop
      vertex 28.955 -13.97 31.15
      vertex 28.23 -20.35 31.15
      vertex 28.955 -16.51 31.15
    endloop
  endfacet
  facet normal 0 0 1
    outer loop
      vertex 29.0362 19.2998 31.15
      vertex 28.23 20.35 31.15
      vertex 28.955 19.05 31.15
    endloop
  endfacet
  facet normal 0 0 1
    outer loop
      vertex 29.2487 19.4542 31.15
      vertex 28.23 20.35 31.15
      vertex 29.0362 19.2998 31.15
    endloop
  endfacet
  facet normal 0 0 1
    outer loop
      vertex 29.5113 19.4542 31.15
      vertex 28.23 20.35 31.15
      vertex 29.2487 19.4542 31.15
    endloop
  endfacet
  facet normal 0 0 1
    outer loop
      vertex 34.885 13.97 31.15
      vertex 37.45 20.35 31.15
      vertex 34.885 16.51 31.15
    endloop
  endfacet
  facet normal 0 0 1
    outer loop
      vertex 34.885 11.43 31.15
      vertex 37.45 20.35 31.15
      vertex 34.885 13.97 31.15
    endloop
  endfacet
  facet normal 0 0 1
    outer loop
      vertex 34.885 8.89 31.15
      vertex 37.45 20.35 31.15
      vertex 34.885 11.43 31.15
    endloop
  endfacet
  facet normal 0 0 1
    outer loop
      vertex 34.885 6.35 31.15
      vertex 37.45 20.35 31.15
      vertex 34.885 8.89 31.15
    endloop
  endfacet
  facet normal 0 0 1
    outer loop
      vertex 34.885 3.81 31.15
      vertex 37.45 20.35 31.15
      vertex 34.885 6.35 31.15
    endloop
  endfacet
  facet normal 0 0 1
    outer loop
      vertex 34.885 1.27 31.15
      vertex 37.45 20.35 31.15
      vertex 34.885 3.81 31.15
    endloop
  endfacet
  facet normal 0 0 1
    outer loop
      vertex 37.45 20.35 31.15
      vertex 34.885 1.27 31.15
      vertex 37.45 -20.35 31.15
    endloop
  endfacet
  facet normal -0 0 1
    outer loop
      vertex 34.885 -1.27 31.15
      vertex 37.45 -20.35 31.15
      vertex 34.885 1.27 31.15
    endloop
  endfacet
  facet normal -0 0 1
    outer loop
      vertex 34.885 -3.81 31.15
      vertex 37.45 -20.35 31.15
      vertex 34.885 -1.27 31.15
    endloop
  endfacet
  facet normal -0 0 1
    outer loop
      vertex 34.885 -6.35 31.15
      vertex 37.45 -20.35 31.15
      vertex 34.885 -3.81 31.15
    endloop
  endfacet
  facet normal -0 0 1
    outer loop
      vertex 34.885 -8.89 31.15
      vertex 37.45 -20.35 31.15
      vertex 34.885 -6.35 31.15
    endloop
  endfacet
  facet normal -0 0 1
    outer loop
      vertex 34.885 -11.43 31.15
      vertex 37.45 -20.35 31.15
      vertex 34.885 -8.89 31.15
    endloop
  endfacet
  facet normal -0 0 1
    outer loop
      vertex 34.885 -13.97 31.15
      vertex 37.45 -20.35 31.15
      vertex 34.885 -11.43 31.15
    endloop
  endfacet
  facet normal -0 0 1
    outer loop
      vertex 34.885 -16.51 31.15
      vertex 37.45 -20.35 31.15
      vertex 34.885 -13.97 31.15
    endloop
  endfacet
  facet normal -0 0 1
    outer loop
      vertex 34.8038 -16.7598 31.15
      vertex 37.45 -20.35 31.15
      vertex 34.885 -16.51 31.15
    endloop
  endfacet
  facet normal -0 0 1
    outer loop
      vertex 34.8038 -19.2998 31.15
      vertex 37.45 -20.35 31.15
      vertex 34.885 -19.05 31.15
    endloop
  endfacet
  facet normal -0 0 1
    outer loop
      vertex 34.5913 -19.4542 31.15
      vertex 37.45 -20.35 31.15
      vertex 34.8038 -19.2998 31.15
    endloop
  endfacet
  facet normal -0 0 1
    outer loop
      vertex 34.3287 -19.4542 31.15
      vertex 37.45 -20.35 31.15
      vertex 34.5913 -19.4542 31.15
    endloop
  endfacet
  facet normal 0 0 1
    outer loop
      vertex 34.1162 14.2198 31.15
      vertex 32.345 13.97 31.15
      vertex 34.035 13.97 31.15
    endloop
  endfacet
  facet normal 0 0 1
    outer loop
      vertex 34.1162 11.1802 31.15
      vertex 32.2638 11.1802 31.15
      vertex 34.1162 9.13981 31.15
    endloop
  endfacet
  facet normal 0 0 1
    outer loop
      vertex 34.1162 6.59981 31.15
      vertex 32.345 6.35 31.15
      vertex 34.035 6.35 31.15
    endloop
  endfacet
  facet normal 0 0 1
    outer loop
      vertex 34.1162 3.56019 31.15
      vertex 32.2638 3.56019 31.15
      vertex 34.1162 1.51981 31.15
    endloop
  endfacet
  facet normal 0 0 1
    outer loop
      vertex 34.1162 -1.02019 31.15
      vertex 32.345 -1.27 31.15
      vertex 34.035 -1.27 31.15
    endloop
  endfacet
  facet normal 0 0 1
    outer loop
      vertex 34.1162 -4.05981 31.15
      vertex 32.2638 -4.05981 31.15
      vertex 34.1162 -6.10019 31.15
    endloop
  endfacet
  facet normal 0 0 1
    outer loop
      vertex 34.1162 -8.64019 31.15
      vertex 32.345 -8.89 31.15
      vertex 34.035 -8.89 31.15
    endloop
  endfacet
  facet normal 0 0 1
    outer loop
      vertex 34.1162 -9.13981 31.15
      vertex 32.2638 -9.13981 31.15
      vertex 34.1162 -11.1802 31.15
    endloop
  endfacet
  facet normal 0 0 1
    outer loop
      vertex 34.1162 -11.1802 31.15
      vertex 32.345 -11.43 31.15
      vertex 34.035 -11.43 31.15
    endloop
  endfacet
  facet normal 0 0 1
    outer loop
      vertex 34.1162 -11.6798 31.15
      vertex 32.2638 -11.6798 31.15
      vertex 34.1162 -13.7202 31.15
    endloop
  endfacet
  facet normal 0 0 1
    outer loop
      vertex 34.1162 -13.7202 31.15
      vertex 32.345 -13.97 31.15
      vertex 34.035 -13.97 31.15
    endloop
  endfacet
  facet normal 0 0 1
    outer loop
      vertex 34.1162 -14.2198 31.15
      vertex 32.2638 -14.2198 31.15
      vertex 34.1162 -16.2602 31.15
    endloop
  endfacet
  facet normal 0 0 1
    outer loop
      vertex 34.1162 -16.2602 31.15
      vertex 32.345 -16.51 31.15
      vertex 34.035 -16.51 31.15
    endloop
  endfacet
  facet normal 0 0 1
    outer loop
      vertex 34.1162 -16.7598 31.15
      vertex 32.2638 -16.7598 31.15
      vertex 34.1162 -18.8002 31.15
    endloop
  endfacet
  facet normal 0 0 1
    outer loop
      vertex 34.1162 -18.8002 31.15
      vertex 32.345 -19.05 31.15
      vertex 34.035 -19.05 31.15
    endloop
  endfacet
  facet normal 0 0 1
    outer loop
      vertex 34.035 -19.05 31.15
      vertex 32.345 -19.05 31.15
      vertex 34.1162 -19.2998 31.15
    endloop
  endfacet
  facet normal 0 0 1
    outer loop
      vertex 32.2638 -19.2998 31.15
      vertex 34.1162 -19.2998 31.15
      vertex 32.345 -19.05 31.15
    endloop
  endfacet
  facet normal 0 0 1
    outer loop
      vertex 34.1162 -19.2998 31.15
      vertex 32.2638 -19.2998 31.15
      vertex 34.3287 -19.4542 31.15
    endloop
  endfacet
  facet normal 0 0 1
    outer loop
      vertex 32.0513 -19.4542 31.15
      vertex 34.3287 -19.4542 31.15
      vertex 32.2638 -19.2998 31.15
    endloop
  endfacet
  facet normal 0 0 1
    outer loop
      vertex 34.3287 -19.4542 31.15
      vertex 32.0513 -19.4542 31.15
      vertex 37.45 -20.35 31.15
    endloop
  endfacet
  facet normal 0 0 1
    outer loop
      vertex 28.23 -20.35 31.15
      vertex 32.0513 -19.4542 31.15
      vertex 31.7887 -19.4542 31.15
    endloop
  endfacet
  facet normal 0 0 1
    outer loop
      vertex 31.5762 14.2198 31.15
      vertex 29.805 13.97 31.15
      vertex 31.495 13.97 31.15
    endloop
  endfacet
  facet normal 0 0 1
    outer loop
      vertex 31.5762 11.1802 31.15
      vertex 29.7238 11.1802 31.15
      vertex 31.5762 9.13981 31.15
    endloop
  endfacet
  facet normal 0 0 1
    outer loop
      vertex 31.5762 6.59981 31.15
      vertex 29.805 6.35 31.15
      vertex 31.495 6.35 31.15
    endloop
  endfacet
  facet normal 0 0 1
    outer loop
      vertex 31.5762 3.56019 31.15
      vertex 29.7238 3.56019 31.15
      vertex 31.5762 1.51981 31.15
    endloop
  endfacet
  facet normal 0 0 1
    outer loop
      vertex 31.5762 -1.02019 31.15
      vertex 29.805 -1.27 31.15
      vertex 31.495 -1.27 31.15
    endloop
  endfacet
  facet normal 0 0 1
    outer loop
      vertex 31.5762 -4.05981 31.15
      vertex 29.7238 -4.05981 31.15
      vertex 31.5762 -6.10019 31.15
    endloop
  endfacet
  facet normal 0 0 1
    outer loop
      vertex 31.5762 -8.64019 31.15
      vertex 29.805 -8.89 31.15
      vertex 31.495 -8.89 31.15
    endloop
  endfacet
  facet normal 0 0 1
    outer loop
      vertex 31.5762 -9.13981 31.15
      vertex 29.7238 -9.13981 31.15
      vertex 31.5762 -11.1802 31.15
    endloop
  endfacet
  facet normal 0 0 1
    outer loop
      vertex 31.5762 -11.1802 31.15
      vertex 29.805 -11.43 31.15
      vertex 31.495 -11.43 31.15
    endloop
  endfacet
  facet normal 0 0 1
    outer loop
      vertex 31.5762 -11.6798 31.15
      vertex 29.7238 -11.6798 31.15
      vertex 31.5762 -13.7202 31.15
    endloop
  endfacet
  facet normal 0 0 1
    outer loop
      vertex 31.5762 -13.7202 31.15
      vertex 29.805 -13.97 31.15
      vertex 31.495 -13.97 31.15
    endloop
  endfacet
  facet normal 0 0 1
    outer loop
      vertex 31.5762 -14.2198 31.15
      vertex 29.7238 -14.2198 31.15
      vertex 31.5762 -16.2602 31.15
    endloop
  endfacet
  facet normal 0 0 1
    outer loop
      vertex 31.5762 -16.2602 31.15
      vertex 29.805 -16.51 31.15
      vertex 31.495 -16.51 31.15
    endloop
  endfacet
  facet normal 0 0 1
    outer loop
      vertex 31.5762 -16.7598 31.15
      vertex 29.7238 -16.7598 31.15
      vertex 31.5762 -18.8002 31.15
    endloop
  endfacet
  facet normal 0 0 1
    outer loop
      vertex 31.5762 -18.8002 31.15
      vertex 29.805 -19.05 31.15
      vertex 31.495 -19.05 31.15
    endloop
  endfacet
  facet normal 0 0 1
    outer loop
      vertex 31.495 -19.05 31.15
      vertex 29.805 -19.05 31.15
      vertex 31.5762 -19.2998 31.15
    endloop
  endfacet
  facet normal 0 0 1
    outer loop
      vertex 29.7238 -19.2998 31.15
      vertex 31.5762 -19.2998 31.15
      vertex 29.805 -19.05 31.15
    endloop
  endfacet
  facet normal 0 0 1
    outer loop
      vertex 31.5762 -19.2998 31.15
      vertex 29.7238 -19.2998 31.15
      vertex 31.7887 -19.4542 31.15
    endloop
  endfacet
  facet normal 0 0 1
    outer loop
      vertex 29.5113 -19.4542 31.15
      vertex 31.7887 -19.4542 31.15
      vertex 29.7238 -19.2998 31.15
    endloop
  endfacet
  facet normal 0 0 1
    outer loop
      vertex 28.23 -20.35 31.15
      vertex 31.7887 -19.4542 31.15
      vertex 29.5113 -19.4542 31.15
    endloop
  endfacet
  facet normal 0 0 1
    outer loop
      vertex 28.23 -20.35 31.15
      vertex 29.5113 -19.4542 31.15
      vertex 29.2487 -19.4542 31.15
    endloop
  endfacet
  facet normal 0 0 1
    outer loop
      vertex 32.0513 -19.4542 31.15
      vertex 28.23 -20.35 31.15
      vertex 37.45 -20.35 31.15
    endloop
  endfacet
  facet normal 0 0 1
    outer loop
      vertex 29.0362 -19.2998 31.15
      vertex 28.23 -20.35 31.15
      vertex 29.2487 -19.4542 31.15
    endloop
  endfacet
  facet normal 0 0 1
    outer loop
      vertex 28.955 -19.05 31.15
      vertex 28.23 -20.35 31.15
      vertex 29.0362 -19.2998 31.15
    endloop
  endfacet
  facet normal 0 0 1
    outer loop
      vertex 28.955 -16.51 31.15
      vertex 28.23 -20.35 31.15
      vertex 28.955 -19.05 31.15
    endloop
  endfacet
  facet normal 0 0 -1
    outer loop
      vertex 28.23 -20.35 26.15
      vertex 37.45 20.35 26.15
      vertex 37.45 -20.35 26.15
    endloop
  endfacet
  facet normal -0 0 -1
    outer loop
      vertex 37.45 20.35 26.15
      vertex 28.23 -20.35 26.15
      vertex 28.23 20.35 26.15
    endloop
  endfacet
  facet normal -1 0 0
    outer loop
      vertex 28.23 -20.35 26.15
      vertex 28.23 20.35 31.15
      vertex 28.23 20.35 26.15
    endloop
  endfacet
  facet normal -1 -0 0
    outer loop
      vertex 28.23 20.35 31.15
      vertex 28.23 -20.35 26.15
      vertex 28.23 -20.35 31.15
    endloop
  endfacet
  facet normal 0 1 -0
    outer loop
      vertex 37.45 20.35 26.15
      vertex 28.23 20.35 31.15
      vertex 37.45 20.35 31.15
    endloop
  endfacet
  facet normal 0 1 0
    outer loop
      vertex 28.23 20.35 31.15
      vertex 37.45 20.35 26.15
      vertex 28.23 20.35 26.15
    endloop
  endfacet
  facet normal 0 -1 0
    outer loop
      vertex 28.23 -20.35 26.15
      vertex 37.45 -20.35 31.15
      vertex 28.23 -20.35 31.15
    endloop
  endfacet
  facet normal 0 -1 -0
    outer loop
      vertex 37.45 -20.35 31.15
      vertex 28.23 -20.35 26.15
      vertex 37.45 -20.35 26.15
    endloop
  endfacet
  facet normal 1 -0 0
    outer loop
      vertex 44.33 3.825 14.1
      vertex 44.33 16.575 9.3
      vertex 44.33 16.575 14.1
    endloop
  endfacet
  facet normal 1 0 0
    outer loop
      vertex 44.33 16.575 9.3
      vertex 44.33 3.825 14.1
      vertex 44.33 3.825 9.3
    endloop
  endfacet
  facet normal 0 0 1
    outer loop
      vertex 44.33 16.575 14.1
      vertex 43.78 16.025 14.1
      vertex 44.33 3.825 14.1
    endloop
  endfacet
  facet normal -0 0 1
    outer loop
      vertex 38.13 16.575 14.1
      vertex 43.78 16.025 14.1
      vertex 44.33 16.575 14.1
    endloop
  endfacet
  facet normal 0 0 1
    outer loop
      vertex 43.78 16.025 14.1
      vertex 38.13 16.575 14.1
      vertex 38.13 16.025 14.1
    endloop
  endfacet
  facet normal -0 0 1
    outer loop
      vertex 43.78 4.375 14.1
      vertex 44.33 3.825 14.1
      vertex 43.78 16.025 14.1
    endloop
  endfacet
  facet normal 0 0 1
    outer loop
      vertex 38.13 3.825 14.1
      vertex 43.78 4.375 14.1
      vertex 38.13 4.375 14.1
    endloop
  endfacet
  facet normal 0 0 1
    outer loop
      vertex 43.78 4.375 14.1
      vertex 38.13 3.825 14.1
      vertex 44.33 3.825 14.1
    endloop
  endfacet
  facet normal 0 0 -1
    outer loop
      vertex 38.13 3.825 9.3
      vertex 44.33 16.575 9.3
      vertex 44.33 3.825 9.3
    endloop
  endfacet
  facet normal -0 0 -1
    outer loop
      vertex 44.33 16.575 9.3
      vertex 38.13 3.825 9.3
      vertex 38.13 16.575 9.3
    endloop
  endfacet
  facet normal -1 0 0
    outer loop
      vertex 38.13 16.4975 13.701
      vertex 38.13 16.575 14.1
      vertex 38.13 16.575 13.6628
    endloop
  endfacet
  facet normal -1 0 0
    outer loop
      vertex 38.13 16.3365 13.7557
      vertex 38.13 16.575 14.1
      vertex 38.13 16.4975 13.701
    endloop
  endfacet
  facet normal -1 0 0
    outer loop
      vertex 38.13 16.1697 13.7889
      vertex 38.13 16.575 14.1
      vertex 38.13 16.3365 13.7557
    endloop
  endfacet
  facet normal -1 0 0
    outer loop
      vertex 38.13 16.025 14.1
      vertex 38.13 16.1697 13.7889
      vertex 38.13 16.025 13.7984
    endloop
  endfacet
  facet normal -1 0 0
    outer loop
      vertex 38.13 16.1697 13.7889
      vertex 38.13 16.025 14.1
      vertex 38.13 16.575 14.1
    endloop
  endfacet
  facet normal -1 0 0
    outer loop
      vertex 38.13 16.025 9.85
      vertex 38.13 16.575 11.3372
      vertex 38.13 16.575 9.3
    endloop
  endfacet
  facet normal -1 0 0
    outer loop
      vertex 38.13 16.575 11.3372
      vertex 38.13 16.025 9.85
      vertex 38.13 16.4975 11.299
    endloop
  endfacet
  facet normal -1 0 0
    outer loop
      vertex 38.13 16.4975 11.299
      vertex 38.13 16.025 9.85
      vertex 38.13 16.3365 11.2443
    endloop
  endfacet
  facet normal -1 0 0
    outer loop
      vertex 38.13 16.3365 11.2443
      vertex 38.13 16.025 9.85
      vertex 38.13 16.1697 11.2111
    endloop
  endfacet
  facet normal -1 0 0
    outer loop
      vertex 38.13 16.575 9.3
      vertex 38.13 4.375 9.85
      vertex 38.13 16.025 9.85
    endloop
  endfacet
  facet normal -1 0 0
    outer loop
      vertex 38.13 3.825 9.3
      vertex 38.13 4.375 9.85
      vertex 38.13 16.575 9.3
    endloop
  endfacet
  facet normal -1 0 0
    outer loop
      vertex 38.13 3.825 14.1
      vertex 38.13 4.375 9.85
      vertex 38.13 3.825 9.3
    endloop
  endfacet
  facet normal -1 0 0
    outer loop
      vertex 38.13 4.375 9.85
      vertex 38.13 3.825 14.1
      vertex 38.13 4.375 14.1
    endloop
  endfacet
  facet normal -1 0 0
    outer loop
      vertex 38.13 16.1697 11.2111
      vertex 38.13 16.025 9.85
      vertex 38.13 16.025 11.2016
    endloop
  endfacet
  facet normal 0 1 0
    outer loop
      vertex 44.33 16.575 14.1
      vertex 38.55 16.575 13.6628
      vertex 38.13 16.575 14.1
    endloop
  endfacet
  facet normal 0 1 0
    outer loop
      vertex 44.33 16.575 14.1
      vertex 38.55 16.575 11.3372
      vertex 38.55 16.575 13.6628
    endloop
  endfacet
  facet normal 0 1 -0
    outer loop
      vertex 44.33 16.575 9.3
      vertex 38.55 16.575 11.3372
      vertex 44.33 16.575 14.1
    endloop
  endfacet
  facet normal 0 1 0
    outer loop
      vertex 38.13 16.575 9.3
      vertex 38.55 16.575 11.3372
      vertex 44.33 16.575 9.3
    endloop
  endfacet
  facet normal 0 1 0
    outer loop
      vertex 38.55 16.575 11.3372
      vertex 38.13 16.575 9.3
      vertex 38.13 16.575 11.3372
    endloop
  endfacet
  facet normal 0 1 0
    outer loop
      vertex 38.13 16.575 14.1
      vertex 38.55 16.575 13.6628
      vertex 38.13 16.575 13.6628
    endloop
  endfacet
  facet normal 0 -1 0
    outer loop
      vertex 38.13 3.825 9.3
      vertex 44.33 3.825 14.1
      vertex 38.13 3.825 14.1
    endloop
  endfacet
  facet normal 0 -1 -0
    outer loop
      vertex 44.33 3.825 14.1
      vertex 38.13 3.825 9.3
      vertex 44.33 3.825 9.3
    endloop
  endfacet
  facet normal -1 0 0
    outer loop
      vertex 43.78 4.375 9.85
      vertex 43.78 16.025 14.1
      vertex 43.78 16.025 9.85
    endloop
  endfacet
  facet normal -1 -0 0
    outer loop
      vertex 43.78 16.025 14.1
      vertex 43.78 4.375 9.85
      vertex 43.78 4.375 14.1
    endloop
  endfacet
  facet normal -0 0 1
    outer loop
      vertex 38.13 16.025 9.85
      vertex 43.78 4.375 9.85
      vertex 43.78 16.025 9.85
    endloop
  endfacet
  facet normal 0 0 1
    outer loop
      vertex 43.78 4.375 9.85
      vertex 38.13 16.025 9.85
      vertex 38.13 4.375 9.85
    endloop
  endfacet
  facet normal 0 -1 0
    outer loop
      vertex 38.13 16.025 11.2016
      vertex 38.13 16.025 9.85
      vertex 38.55 16.025 11.2016
    endloop
  endfacet
  facet normal 0 -1 0
    outer loop
      vertex 38.55 16.025 13.7984
      vertex 38.13 16.025 14.1
      vertex 38.13 16.025 13.7984
    endloop
  endfacet
  facet normal 0 -1 0
    outer loop
      vertex 38.13 16.025 14.1
      vertex 38.55 16.025 13.7984
      vertex 43.78 16.025 14.1
    endloop
  endfacet
  facet normal 0 -1 0
    outer loop
      vertex 38.55 16.025 11.2016
      vertex 43.78 16.025 14.1
      vertex 38.55 16.025 13.7984
    endloop
  endfacet
  facet normal 0 -1 0
    outer loop
      vertex 43.78 16.025 9.85
      vertex 38.55 16.025 11.2016
      vertex 38.13 16.025 9.85
    endloop
  endfacet
  facet normal 0 -1 0
    outer loop
      vertex 38.55 16.025 11.2016
      vertex 43.78 16.025 9.85
      vertex 43.78 16.025 14.1
    endloop
  endfacet
  facet normal 0 1 -0
    outer loop
      vertex 43.78 4.375 9.85
      vertex 38.13 4.375 14.1
      vertex 43.78 4.375 14.1
    endloop
  endfacet
  facet normal 0 1 0
    outer loop
      vertex 38.13 4.375 14.1
      vertex 43.78 4.375 9.85
      vertex 38.13 4.375 9.85
    endloop
  endfacet
  facet normal 1 -0 0
    outer loop
      vertex 44.13 -3.25 13.7
      vertex 44.13 3.25 9.3
      vertex 44.13 3.25 13.7
    endloop
  endfacet
  facet normal 1 0 0
    outer loop
      vertex 44.13 3.25 9.3
      vertex 44.13 -3.25 13.7
      vertex 44.13 -3.25 9.3
    endloop
  endfacet
  facet normal 0 0 1
    outer loop
      vertex 44.13 3.25 13.7
      vertex 43.58 2.7 13.7
      vertex 44.13 -3.25 13.7
    endloop
  endfacet
  facet normal -0 0 1
    outer loop
      vertex 38.13 3.25 13.7
      vertex 43.58 2.7 13.7
      vertex 44.13 3.25 13.7
    endloop
  endfacet
  facet normal 0 0 1
    outer loop
      vertex 43.58 2.7 13.7
      vertex 38.13 3.25 13.7
      vertex 38.13 2.7 13.7
    endloop
  endfacet
  facet normal -0 0 1
    outer loop
      vertex 43.58 -2.7 13.7
      vertex 44.13 -3.25 13.7
      vertex 43.58 2.7 13.7
    endloop
  endfacet
  facet normal 0 0 1
    outer loop
      vertex 38.13 -3.25 13.7
      vertex 43.58 -2.7 13.7
      vertex 38.13 -2.7 13.7
    endloop
  endfacet
  facet normal 0 0 1
    outer loop
      vertex 43.58 -2.7 13.7
      vertex 38.13 -3.25 13.7
      vertex 44.13 -3.25 13.7
    endloop
  endfacet
  facet normal 0 0 -1
    outer loop
      vertex 38.13 -3.25 9.3
      vertex 44.13 3.25 9.3
      vertex 44.13 -3.25 9.3
    endloop
  endfacet
  facet normal -0 0 -1
    outer loop
      vertex 44.13 3.25 9.3
      vertex 38.13 -3.25 9.3
      vertex 38.13 3.25 9.3
    endloop
  endfacet
  facet normal -1 0 0
    outer loop
      vertex 38.13 3.25 9.3
      vertex 38.13 2.7 9.85
      vertex 38.13 3.25 13.7
    endloop
  endfacet
  facet normal -1 0 0
    outer loop
      vertex 38.13 3.25 9.3
      vertex 38.13 -2.7 9.85
      vertex 38.13 2.7 9.85
    endloop
  endfacet
  facet normal -1 0 0
    outer loop
      vertex 38.13 -3.25 9.3
      vertex 38.13 -2.7 9.85
      vertex 38.13 3.25 9.3
    endloop
  endfacet
  facet normal -1 0 0
    outer loop
      vertex 38.13 -3.25 13.7
      vertex 38.13 -2.7 9.85
      vertex 38.13 -3.25 9.3
    endloop
  endfacet
  facet normal -1 0 0
    outer loop
      vertex 38.13 -2.7 9.85
      vertex 38.13 -3.25 13.7
      vertex 38.13 -2.7 13.7
    endloop
  endfacet
  facet normal -1 -0 0
    outer loop
      vertex 38.13 3.25 13.7
      vertex 38.13 2.7 9.85
      vertex 38.13 2.7 13.7
    endloop
  endfacet
  facet normal 0 1 -0
    outer loop
      vertex 44.13 3.25 9.3
      vertex 38.13 3.25 13.7
      vertex 44.13 3.25 13.7
    endloop
  endfacet
  facet normal 0 1 0
    outer loop
      vertex 38.13 3.25 13.7
      vertex 44.13 3.25 9.3
      vertex 38.13 3.25 9.3
    endloop
  endfacet
  facet normal 0 -1 0
    outer loop
      vertex 38.13 -3.25 9.3
      vertex 44.13 -3.25 13.7
      vertex 38.13 -3.25 13.7
    endloop
  endfacet
  facet normal 0 -1 -0
    outer loop
      vertex 44.13 -3.25 13.7
      vertex 38.13 -3.25 9.3
      vertex 44.13 -3.25 9.3
    endloop
  endfacet
  facet normal -1 0 0
    outer loop
      vertex 43.58 -2.7 9.85
      vertex 43.58 2.7 13.7
      vertex 43.58 2.7 9.85
    endloop
  endfacet
  facet normal -1 -0 0
    outer loop
      vertex 43.58 2.7 13.7
      vertex 43.58 -2.7 9.85
      vertex 43.58 -2.7 13.7
    endloop
  endfacet
  facet normal -0 0 1
    outer loop
      vertex 38.13 2.7 9.85
      vertex 43.58 -2.7 9.85
      vertex 43.58 2.7 9.85
    endloop
  endfacet
  facet normal 0 0 1
    outer loop
      vertex 43.58 -2.7 9.85
      vertex 38.13 2.7 9.85
      vertex 38.13 -2.7 9.85
    endloop
  endfacet
  facet normal 0 -1 0
    outer loop
      vertex 38.13 2.7 9.85
      vertex 43.58 2.7 13.7
      vertex 38.13 2.7 13.7
    endloop
  endfacet
  facet normal 0 -1 -0
    outer loop
      vertex 43.58 2.7 13.7
      vertex 38.13 2.7 9.85
      vertex 43.58 2.7 9.85
    endloop
  endfacet
  facet normal 0 1 -0
    outer loop
      vertex 43.58 -2.7 9.85
      vertex 38.13 -2.7 13.7
      vertex 43.58 -2.7 13.7
    endloop
  endfacet
  facet normal 0 1 0
    outer loop
      vertex 38.13 -2.7 13.7
      vertex 43.58 -2.7 9.85
      vertex 38.13 -2.7 9.85
    endloop
  endfacet
  facet normal 1 -0 0
    outer loop
      vertex 44.33 -16.575 14.1
      vertex 44.33 -3.825 9.3
      vertex 44.33 -3.825 14.1
    endloop
  endfacet
  facet normal 1 0 0
    outer loop
      vertex 44.33 -3.825 9.3
      vertex 44.33 -16.575 14.1
      vertex 44.33 -16.575 9.3
    endloop
  endfacet
  facet normal 0 0 1
    outer loop
      vertex 44.33 -3.825 14.1
      vertex 43.78 -4.375 14.1
      vertex 44.33 -16.575 14.1
    endloop
  endfacet
  facet normal -0 0 1
    outer loop
      vertex 38.13 -3.825 14.1
      vertex 43.78 -4.375 14.1
      vertex 44.33 -3.825 14.1
    endloop
  endfacet
  facet normal 0 0 1
    outer loop
      vertex 43.78 -4.375 14.1
      vertex 38.13 -3.825 14.1
      vertex 38.13 -4.375 14.1
    endloop
  endfacet
  facet normal -0 0 1
    outer loop
      vertex 43.78 -16.025 14.1
      vertex 44.33 -16.575 14.1
      vertex 43.78 -4.375 14.1
    endloop
  endfacet
  facet normal 0 0 1
    outer loop
      vertex 38.13 -16.575 14.1
      vertex 43.78 -16.025 14.1
      vertex 38.13 -16.025 14.1
    endloop
  endfacet
  facet normal 0 0 1
    outer loop
      vertex 43.78 -16.025 14.1
      vertex 38.13 -16.575 14.1
      vertex 44.33 -16.575 14.1
    endloop
  endfacet
  facet normal 0 0 -1
    outer loop
      vertex 38.13 -16.575 9.3
      vertex 44.33 -3.825 9.3
      vertex 44.33 -16.575 9.3
    endloop
  endfacet
  facet normal -0 0 -1
    outer loop
      vertex 44.33 -3.825 9.3
      vertex 38.13 -16.575 9.3
      vertex 38.13 -3.825 9.3
    endloop
  endfacet
  facet normal -1 0 0
    outer loop
      vertex 38.13 -3.825 9.3
      vertex 38.13 -4.375 9.85
      vertex 38.13 -3.825 14.1
    endloop
  endfacet
  facet normal -1 0 0
    outer loop
      vertex 38.13 -3.825 9.3
      vertex 38.13 -16.025 9.85
      vertex 38.13 -4.375 9.85
    endloop
  endfacet
  facet normal -1 0 0
    outer loop
      vertex 38.13 -16.575 9.3
      vertex 38.13 -16.025 9.85
      vertex 38.13 -3.825 9.3
    endloop
  endfacet
  facet normal -1 0 0
    outer loop
      vertex 38.13 -16.575 14.1
      vertex 38.13 -16.025 9.85
      vertex 38.13 -16.575 9.3
    endloop
  endfacet
  facet normal -1 0 0
    outer loop
      vertex 38.13 -16.025 9.85
      vertex 38.13 -16.575 14.1
      vertex 38.13 -16.025 14.1
    endloop
  endfacet
  facet normal -1 -0 0
    outer loop
      vertex 38.13 -3.825 14.1
      vertex 38.13 -4.375 9.85
      vertex 38.13 -4.375 14.1
    endloop
  endfacet
  facet normal 0 1 -0
    outer loop
      vertex 44.33 -3.825 9.3
      vertex 38.13 -3.825 14.1
      vertex 44.33 -3.825 14.1
    endloop
  endfacet
  facet normal 0 1 0
    outer loop
      vertex 38.13 -3.825 14.1
      vertex 44.33 -3.825 9.3
      vertex 38.13 -3.825 9.3
    endloop
  endfacet
  facet normal 0 -1 0
    outer loop
      vertex 38.13 -16.575 9.3
      vertex 44.33 -16.575 14.1
      vertex 38.13 -16.575 14.1
    endloop
  endfacet
  facet normal 0 -1 -0
    outer loop
      vertex 44.33 -16.575 14.1
      vertex 38.13 -16.575 9.3
      vertex 44.33 -16.575 9.3
    endloop
  endfacet
  facet normal -1 0 0
    outer loop
      vertex 43.78 -16.025 9.85
      vertex 43.78 -4.375 14.1
      vertex 43.78 -4.375 9.85
    endloop
  endfacet
  facet normal -1 -0 0
    outer loop
      vertex 43.78 -4.375 14.1
      vertex 43.78 -16.025 9.85
      vertex 43.78 -16.025 14.1
    endloop
  endfacet
  facet normal -0 0 1
    outer loop
      vertex 38.13 -4.375 9.85
      vertex 43.78 -16.025 9.85
      vertex 43.78 -4.375 9.85
    endloop
  endfacet
  facet normal 0 0 1
    outer loop
      vertex 43.78 -16.025 9.85
      vertex 38.13 -4.375 9.85
      vertex 38.13 -16.025 9.85
    endloop
  endfacet
  facet normal 0 -1 0
    outer loop
      vertex 38.13 -4.375 9.85
      vertex 43.78 -4.375 14.1
      vertex 38.13 -4.375 14.1
    endloop
  endfacet
  facet normal 0 -1 -0
    outer loop
      vertex 43.78 -4.375 14.1
      vertex 38.13 -4.375 9.85
      vertex 43.78 -4.375 9.85
    endloop
  endfacet
  facet normal 0 1 -0
    outer loop
      vertex 43.78 -16.025 9.85
      vertex 38.13 -16.025 14.1
      vertex 43.78 -16.025 14.1
    endloop
  endfacet
  facet normal 0 1 0
    outer loop
      vertex 38.13 -16.025 14.1
      vertex 43.78 -16.025 9.85
      vertex 38.13 -16.025 9.85
    endloop
  endfacet
  facet normal 0 -0.946844 -0.321692
    outer loop
      vertex 38 14.799 12.0025
      vertex 38.55 14.7443 12.1635
      vertex 38 14.7443 12.1635
    endloop
  endfacet
  facet normal 0 -0.946844 -0.321692
    outer loop
      vertex 38.55 14.7443 12.1635
      vertex 38 14.799 12.0025
      vertex 38.55 14.799 12.0025
    endloop
  endfacet
  facet normal 0 0.321692 -0.946844
    outer loop
      vertex 38 16.3365 11.2443
      vertex 38.13 16.4975 11.299
      vertex 38.13 16.3365 11.2443
    endloop
  endfacet
  facet normal 0 0.321692 -0.946844
    outer loop
      vertex 38.13 16.4975 11.299
      vertex 38 16.3365 11.2443
      vertex 38 16.4975 11.299
    endloop
  endfacet
  facet normal 0 0.896884 -0.442267
    outer loop
      vertex 38.55 17.1258 11.85
      vertex 38 17.201 12.0025
      vertex 38.55 17.201 12.0025
    endloop
  endfacet
  facet normal 0 0.896884 -0.442267
    outer loop
      vertex 38 17.201 12.0025
      vertex 38.55 17.1258 11.85
      vertex 38 17.1258 11.85
    endloop
  endfacet
  facet normal -0 0.555243 0.831688
    outer loop
      vertex 38 16.7914 13.5314
      vertex 38.55 16.65 13.6258
      vertex 38.55 16.7914 13.5314
    endloop
  endfacet
  facet normal 0 0.555243 0.831688
    outer loop
      vertex 38.55 16.65 13.6258
      vertex 38 16.7914 13.5314
      vertex 38 16.65 13.6258
    endloop
  endfacet
  facet normal 0 0.442424 0.896806
    outer loop
      vertex 38.55 16.65 13.6258
      vertex 38.13 16.575 13.6628
      vertex 38.55 16.575 13.6628
    endloop
  endfacet
  facet normal -0 0.442424 0.896806
    outer loop
      vertex 38 16.65 13.6258
      vertex 38.13 16.575 13.6628
      vertex 38.55 16.65 13.6258
    endloop
  endfacet
  facet normal -0.0001131 0.442267 0.896884
    outer loop
      vertex 38 16.4975 13.701
      vertex 38.13 16.575 13.6628
      vertex 38 16.65 13.6258
    endloop
  endfacet
  facet normal 0 0.442114 0.896959
    outer loop
      vertex 38.13 16.575 13.6628
      vertex 38 16.4975 13.701
      vertex 38.13 16.4975 13.701
    endloop
  endfacet
  facet normal 0 0.0638693 -0.997958
    outer loop
      vertex 38.55 16 11.2
      vertex 38.13 16.025 11.2016
      vertex 38.55 16.025 11.2016
    endloop
  endfacet
  facet normal 0 0.0638693 -0.997958
    outer loop
      vertex 38 16 11.2
      vertex 38.13 16.025 11.2016
      vertex 38.55 16 11.2
    endloop
  endfacet
  facet normal -0.000270489 0.0652701 -0.997868
    outer loop
      vertex 38 16.1697 11.2111
      vertex 38.13 16.025 11.2016
      vertex 38 16 11.2
    endloop
  endfacet
  facet normal 0 0.065512 -0.997852
    outer loop
      vertex 38.13 16.025 11.2016
      vertex 38 16.1697 11.2111
      vertex 38.13 16.1697 11.2111
    endloop
  endfacet
  facet normal 0 -0.659753 0.751483
    outer loop
      vertex 38 15.2086 13.5314
      vertex 38.55 15.0808 13.4192
      vertex 38.55 15.2086 13.5314
    endloop
  endfacet
  facet normal 0 -0.659753 0.751483
    outer loop
      vertex 38.55 15.0808 13.4192
      vertex 38 15.2086 13.5314
      vertex 38 15.0808 13.4192
    endloop
  endfacet
  facet normal 0 0.555243 -0.831688
    outer loop
      vertex 38 16.65 11.3742
      vertex 38.55 16.7914 11.4686
      vertex 38.55 16.65 11.3742
    endloop
  endfacet
  facet normal 0 0.555243 -0.831688
    outer loop
      vertex 38.55 16.7914 11.4686
      vertex 38 16.65 11.3742
      vertex 38 16.7914 11.4686
    endloop
  endfacet
  facet normal 0 0.442114 -0.896959
    outer loop
      vertex 38.13 16.4975 11.299
      vertex 38 16.4975 11.299
      vertex 38.13 16.575 11.3372
    endloop
  endfacet
  facet normal 0 0.442424 -0.896806
    outer loop
      vertex 38.13 16.575 11.3372
      vertex 38.55 16.65 11.3742
      vertex 38.55 16.575 11.3372
    endloop
  endfacet
  facet normal 0 0.442424 -0.896806
    outer loop
      vertex 38.13 16.575 11.3372
      vertex 38 16.65 11.3742
      vertex 38.55 16.65 11.3742
    endloop
  endfacet
  facet normal -0.0001131 0.442267 -0.896884
    outer loop
      vertex 38 16.65 11.3742
      vertex 38.13 16.575 11.3372
      vertex 38 16.4975 11.299
    endloop
  endfacet
  facet normal 0 -0.751483 0.659753
    outer loop
      vertex 38 14.9686 13.2914
      vertex 38.55 15.0808 13.4192
      vertex 38 15.0808 13.4192
    endloop
  endfacet
  facet normal 0 -0.751483 0.659753
    outer loop
      vertex 38.55 15.0808 13.4192
      vertex 38 14.9686 13.2914
      vertex 38.55 14.9686 13.2914
    endloop
  endfacet
  facet normal 0 0.946844 -0.321692
    outer loop
      vertex 38.55 17.201 12.0025
      vertex 38 17.2557 12.1635
      vertex 38.55 17.2557 12.1635
    endloop
  endfacet
  facet normal 0 0.946844 -0.321692
    outer loop
      vertex 38 17.2557 12.1635
      vertex 38.55 17.201 12.0025
      vertex 38 17.201 12.0025
    endloop
  endfacet
  facet normal -0 0.321692 0.946844
    outer loop
      vertex 38 16.4975 13.701
      vertex 38.13 16.3365 13.7557
      vertex 38.13 16.4975 13.701
    endloop
  endfacet
  facet normal 0 0.321692 0.946844
    outer loop
      vertex 38.13 16.3365 13.7557
      vertex 38 16.4975 13.701
      vertex 38 16.3365 13.7557
    endloop
  endfacet
  facet normal -0 0.659753 0.751483
    outer loop
      vertex 38 16.9192 13.4192
      vertex 38.55 16.7914 13.5314
      vertex 38.55 16.9192 13.4192
    endloop
  endfacet
  facet normal 0 0.659753 0.751483
    outer loop
      vertex 38.55 16.7914 13.5314
      vertex 38 16.9192 13.4192
      vertex 38 16.7914 13.5314
    endloop
  endfacet
  facet normal 0 -0.321692 -0.946844
    outer loop
      vertex 38 15.5025 11.299
      vertex 38.55 15.6635 11.2443
      vertex 38.55 15.5025 11.299
    endloop
  endfacet
  facet normal -0 -0.321692 -0.946844
    outer loop
      vertex 38.55 15.6635 11.2443
      vertex 38 15.5025 11.299
      vertex 38 15.6635 11.2443
    endloop
  endfacet
  facet normal 0 0.751483 -0.659753
    outer loop
      vertex 38.55 16.9192 11.5808
      vertex 38 17.0314 11.7086
      vertex 38.55 17.0314 11.7086
    endloop
  endfacet
  facet normal 0 0.751483 -0.659753
    outer loop
      vertex 38 17.0314 11.7086
      vertex 38.55 16.9192 11.5808
      vertex 38 16.9192 11.5808
    endloop
  endfacet
  facet normal 0 -0.321692 0.946844
    outer loop
      vertex 38 15.6635 13.7557
      vertex 38.55 15.5025 13.701
      vertex 38.55 15.6635 13.7557
    endloop
  endfacet
  facet normal 0 -0.321692 0.946844
    outer loop
      vertex 38.55 15.5025 13.701
      vertex 38 15.6635 13.7557
      vertex 38 15.5025 13.701
    endloop
  endfacet
  facet normal 0 -0.896884 -0.442267
    outer loop
      vertex 38 14.8742 11.85
      vertex 38.55 14.799 12.0025
      vertex 38 14.799 12.0025
    endloop
  endfacet
  facet normal 0 -0.896884 -0.442267
    outer loop
      vertex 38.55 14.799 12.0025
      vertex 38 14.8742 11.85
      vertex 38.55 14.8742 11.85
    endloop
  endfacet
  facet normal 0 0.896884 0.442267
    outer loop
      vertex 38.55 17.201 12.9975
      vertex 38 17.1258 13.15
      vertex 38.55 17.1258 13.15
    endloop
  endfacet
  facet normal 0 0.896884 0.442267
    outer loop
      vertex 38 17.1258 13.15
      vertex 38.55 17.201 12.9975
      vertex 38 17.201 12.9975
    endloop
  endfacet
  facet normal 0 -0.555243 -0.831688
    outer loop
      vertex 38 15.2086 11.4686
      vertex 38.55 15.35 11.3742
      vertex 38.55 15.2086 11.4686
    endloop
  endfacet
  facet normal -0 -0.555243 -0.831688
    outer loop
      vertex 38.55 15.35 11.3742
      vertex 38 15.2086 11.4686
      vertex 38 15.35 11.3742
    endloop
  endfacet
  facet normal 0 -0.980761 -0.195211
    outer loop
      vertex 38 14.7443 12.1635
      vertex 38.55 14.7111 12.3303
      vertex 38 14.7111 12.3303
    endloop
  endfacet
  facet normal 0 -0.980761 -0.195211
    outer loop
      vertex 38.55 14.7111 12.3303
      vertex 38 14.7443 12.1635
      vertex 38.55 14.7443 12.1635
    endloop
  endfacet
  facet normal 0 0.997868 -0.0652701
    outer loop
      vertex 38.55 17.2889 12.3303
      vertex 38 17.3 12.5
      vertex 38.55 17.3 12.5
    endloop
  endfacet
  facet normal 0 0.997868 -0.0652701
    outer loop
      vertex 38 17.3 12.5
      vertex 38.55 17.2889 12.3303
      vertex 38 17.2889 12.3303
    endloop
  endfacet
  facet normal 0 -0.195211 -0.980761
    outer loop
      vertex 38 15.6635 11.2443
      vertex 38.55 15.8303 11.2111
      vertex 38.55 15.6635 11.2443
    endloop
  endfacet
  facet normal -0 -0.195211 -0.980761
    outer loop
      vertex 38.55 15.8303 11.2111
      vertex 38 15.6635 11.2443
      vertex 38 15.8303 11.2111
    endloop
  endfacet
  facet normal 0 -0.831688 -0.555243
    outer loop
      vertex 38 14.9686 11.7086
      vertex 38.55 14.8742 11.85
      vertex 38 14.8742 11.85
    endloop
  endfacet
  facet normal 0 -0.831688 -0.555243
    outer loop
      vertex 38.55 14.8742 11.85
      vertex 38 14.9686 11.7086
      vertex 38.55 14.9686 11.7086
    endloop
  endfacet
  facet normal 0 0.831688 -0.555243
    outer loop
      vertex 38.55 17.0314 11.7086
      vertex 38 17.1258 11.85
      vertex 38.55 17.1258 11.85
    endloop
  endfacet
  facet normal 0 0.831688 -0.555243
    outer loop
      vertex 38 17.1258 11.85
      vertex 38.55 17.0314 11.7086
      vertex 38 17.0314 11.7086
    endloop
  endfacet
  facet normal 0 -0.442267 -0.896884
    outer loop
      vertex 38 15.35 11.3742
      vertex 38.55 15.5025 11.299
      vertex 38.55 15.35 11.3742
    endloop
  endfacet
  facet normal -0 -0.442267 -0.896884
    outer loop
      vertex 38.55 15.5025 11.299
      vertex 38 15.35 11.3742
      vertex 38 15.5025 11.299
    endloop
  endfacet
  facet normal 0 0.831688 0.555243
    outer loop
      vertex 38.55 17.1258 13.15
      vertex 38 17.0314 13.2914
      vertex 38.55 17.0314 13.2914
    endloop
  endfacet
  facet normal 0 0.831688 0.555243
    outer loop
      vertex 38 17.0314 13.2914
      vertex 38.55 17.1258 13.15
      vertex 38 17.1258 13.15
    endloop
  endfacet
  facet normal 0 -0.659753 -0.751483
    outer loop
      vertex 38 15.0808 11.5808
      vertex 38.55 15.2086 11.4686
      vertex 38.55 15.0808 11.5808
    endloop
  endfacet
  facet normal -0 -0.659753 -0.751483
    outer loop
      vertex 38.55 15.2086 11.4686
      vertex 38 15.0808 11.5808
      vertex 38 15.2086 11.4686
    endloop
  endfacet
  facet normal 0 0.980761 -0.195211
    outer loop
      vertex 38.55 17.2557 12.1635
      vertex 38 17.2889 12.3303
      vertex 38.55 17.2889 12.3303
    endloop
  endfacet
  facet normal 0 0.980761 -0.195211
    outer loop
      vertex 38 17.2889 12.3303
      vertex 38.55 17.2557 12.1635
      vertex 38 17.2557 12.1635
    endloop
  endfacet
  facet normal 0 0.065512 0.997852
    outer loop
      vertex 38.13 16.1697 13.7889
      vertex 38 16.1697 13.7889
      vertex 38.13 16.025 13.7984
    endloop
  endfacet
  facet normal -0 0.0638693 0.997958
    outer loop
      vertex 38.13 16.025 13.7984
      vertex 38.55 16 13.8
      vertex 38.55 16.025 13.7984
    endloop
  endfacet
  facet normal 0 0.0638693 0.997958
    outer loop
      vertex 38.13 16.025 13.7984
      vertex 38 16 13.8
      vertex 38.55 16 13.8
    endloop
  endfacet
  facet normal -0.000270489 0.0652701 0.997868
    outer loop
      vertex 38 16 13.8
      vertex 38.13 16.025 13.7984
      vertex 38 16.1697 13.7889
    endloop
  endfacet
  facet normal 0 0.751483 0.659753
    outer loop
      vertex 38.55 17.0314 13.2914
      vertex 38 16.9192 13.4192
      vertex 38.55 16.9192 13.4192
    endloop
  endfacet
  facet normal 0 0.751483 0.659753
    outer loop
      vertex 38 16.9192 13.4192
      vertex 38.55 17.0314 13.2914
      vertex 38 17.0314 13.2914
    endloop
  endfacet
  facet normal 0 0.946844 0.321692
    outer loop
      vertex 38.55 17.2557 12.8365
      vertex 38 17.201 12.9975
      vertex 38.55 17.201 12.9975
    endloop
  endfacet
  facet normal 0 0.946844 0.321692
    outer loop
      vertex 38 17.201 12.9975
      vertex 38.55 17.2557 12.8365
      vertex 38 17.2557 12.8365
    endloop
  endfacet
  facet normal 0 0.195211 -0.980761
    outer loop
      vertex 38 16.1697 11.2111
      vertex 38.13 16.3365 11.2443
      vertex 38.13 16.1697 11.2111
    endloop
  endfacet
  facet normal 0 0.195211 -0.980761
    outer loop
      vertex 38.13 16.3365 11.2443
      vertex 38 16.1697 11.2111
      vertex 38 16.3365 11.2443
    endloop
  endfacet
  facet normal 0 -0.0652701 -0.997868
    outer loop
      vertex 38 15.8303 11.2111
      vertex 38.55 16 11.2
      vertex 38.55 15.8303 11.2111
    endloop
  endfacet
  facet normal -0 -0.0652701 -0.997868
    outer loop
      vertex 38.55 16 11.2
      vertex 38 15.8303 11.2111
      vertex 38 16 11.2
    endloop
  endfacet
  facet normal 0 -0.195211 0.980761
    outer loop
      vertex 38 15.8303 13.7889
      vertex 38.55 15.6635 13.7557
      vertex 38.55 15.8303 13.7889
    endloop
  endfacet
  facet normal 0 -0.195211 0.980761
    outer loop
      vertex 38.55 15.6635 13.7557
      vertex 38 15.8303 13.7889
      vertex 38 15.6635 13.7557
    endloop
  endfacet
  facet normal -1 0 0
    outer loop
      vertex 38 17.2889 12.3303
      vertex 38 17.2889 12.6697
      vertex 38 17.3 12.5
    endloop
  endfacet
  facet normal -1 0 0
    outer loop
      vertex 38 17.2557 12.1635
      vertex 38 17.2889 12.6697
      vertex 38 17.2889 12.3303
    endloop
  endfacet
  facet normal -1 0 0
    outer loop
      vertex 38 17.2557 12.1635
      vertex 38 17.2557 12.8365
      vertex 38 17.2889 12.6697
    endloop
  endfacet
  facet normal -1 0 0
    outer loop
      vertex 38 17.201 12.0025
      vertex 38 17.2557 12.8365
      vertex 38 17.2557 12.1635
    endloop
  endfacet
  facet normal -1 0 0
    outer loop
      vertex 38 17.201 12.0025
      vertex 38 17.201 12.9975
      vertex 38 17.2557 12.8365
    endloop
  endfacet
  facet normal -1 0 0
    outer loop
      vertex 38 17.1258 11.85
      vertex 38 17.201 12.9975
      vertex 38 17.201 12.0025
    endloop
  endfacet
  facet normal -1 0 0
    outer loop
      vertex 38 17.1258 11.85
      vertex 38 17.1258 13.15
      vertex 38 17.201 12.9975
    endloop
  endfacet
  facet normal -1 0 0
    outer loop
      vertex 38 17.0314 11.7086
      vertex 38 17.1258 13.15
      vertex 38 17.1258 11.85
    endloop
  endfacet
  facet normal -1 0 0
    outer loop
      vertex 38 17.0314 11.7086
      vertex 38 17.0314 13.2914
      vertex 38 17.1258 13.15
    endloop
  endfacet
  facet normal -1 0 0
    outer loop
      vertex 38 16.9192 11.5808
      vertex 38 17.0314 13.2914
      vertex 38 17.0314 11.7086
    endloop
  endfacet
  facet normal -1 0 0
    outer loop
      vertex 38 16.9192 11.5808
      vertex 38 16.9192 13.4192
      vertex 38 17.0314 13.2914
    endloop
  endfacet
  facet normal -1 0 0
    outer loop
      vertex 38 16.7914 11.4686
      vertex 38 16.9192 13.4192
      vertex 38 16.9192 11.5808
    endloop
  endfacet
  facet normal -1 0 0
    outer loop
      vertex 38 16.7914 11.4686
      vertex 38 16.7914 13.5314
      vertex 38 16.9192 13.4192
    endloop
  endfacet
  facet normal -1 0 0
    outer loop
      vertex 38 16.65 11.3742
      vertex 38 16.7914 13.5314
      vertex 38 16.7914 11.4686
    endloop
  endfacet
  facet normal -1 0 0
    outer loop
      vertex 38 16.65 11.3742
      vertex 38 16.65 13.6258
      vertex 38 16.7914 13.5314
    endloop
  endfacet
  facet normal -1 0 0
    outer loop
      vertex 38 16.4975 11.299
      vertex 38 16.65 13.6258
      vertex 38 16.65 11.3742
    endloop
  endfacet
  facet normal -1 0 0
    outer loop
      vertex 38 16.4975 11.299
      vertex 38 16.4975 13.701
      vertex 38 16.65 13.6258
    endloop
  endfacet
  facet normal -1 0 0
    outer loop
      vertex 38 16.3365 11.2443
      vertex 38 16.4975 13.701
      vertex 38 16.4975 11.299
    endloop
  endfacet
  facet normal -1 0 0
    outer loop
      vertex 38 16.3365 11.2443
      vertex 38 16.3365 13.7557
      vertex 38 16.4975 13.701
    endloop
  endfacet
  facet normal -1 0 0
    outer loop
      vertex 38 16.1697 11.2111
      vertex 38 16.3365 13.7557
      vertex 38 16.3365 11.2443
    endloop
  endfacet
  facet normal -1 0 0
    outer loop
      vertex 38 16.1697 11.2111
      vertex 38 16.1697 13.7889
      vertex 38 16.3365 13.7557
    endloop
  endfacet
  facet normal -1 0 0
    outer loop
      vertex 38 16 11.2
      vertex 38 16.1697 13.7889
      vertex 38 16.1697 11.2111
    endloop
  endfacet
  facet normal -1 0 0
    outer loop
      vertex 38 16 11.2
      vertex 38 16 13.8
      vertex 38 16.1697 13.7889
    endloop
  endfacet
  facet normal -1 0 0
    outer loop
      vertex 38 15.8303 11.2111
      vertex 38 16 13.8
      vertex 38 16 11.2
    endloop
  endfacet
  facet normal -1 0 0
    outer loop
      vertex 38 15.8303 11.2111
      vertex 38 15.8303 13.7889
      vertex 38 16 13.8
    endloop
  endfacet
  facet normal -1 0 0
    outer loop
      vertex 38 15.6635 11.2443
      vertex 38 15.8303 13.7889
      vertex 38 15.8303 11.2111
    endloop
  endfacet
  facet normal -1 0 0
    outer loop
      vertex 38 15.6635 11.2443
      vertex 38 15.6635 13.7557
      vertex 38 15.8303 13.7889
    endloop
  endfacet
  facet normal -1 0 0
    outer loop
      vertex 38 15.5025 11.299
      vertex 38 15.6635 13.7557
      vertex 38 15.6635 11.2443
    endloop
  endfacet
  facet normal -1 0 0
    outer loop
      vertex 38 15.5025 11.299
      vertex 38 15.5025 13.701
      vertex 38 15.6635 13.7557
    endloop
  endfacet
  facet normal -1 0 0
    outer loop
      vertex 38 15.35 11.3742
      vertex 38 15.5025 13.701
      vertex 38 15.5025 11.299
    endloop
  endfacet
  facet normal -1 0 0
    outer loop
      vertex 38 15.35 11.3742
      vertex 38 15.35 13.6258
      vertex 38 15.5025 13.701
    endloop
  endfacet
  facet normal -1 0 0
    outer loop
      vertex 38 15.2086 11.4686
      vertex 38 15.35 13.6258
      vertex 38 15.35 11.3742
    endloop
  endfacet
  facet normal -1 0 0
    outer loop
      vertex 38 15.2086 11.4686
      vertex 38 15.2086 13.5314
      vertex 38 15.35 13.6258
    endloop
  endfacet
  facet normal -1 0 0
    outer loop
      vertex 38 15.0808 11.5808
      vertex 38 15.2086 13.5314
      vertex 38 15.2086 11.4686
    endloop
  endfacet
  facet normal -1 0 0
    outer loop
      vertex 38 15.0808 11.5808
      vertex 38 15.0808 13.4192
      vertex 38 15.2086 13.5314
    endloop
  endfacet
  facet normal -1 0 0
    outer loop
      vertex 38 14.9686 11.7086
      vertex 38 15.0808 13.4192
      vertex 38 15.0808 11.5808
    endloop
  endfacet
  facet normal -1 0 0
    outer loop
      vertex 38 14.9686 11.7086
      vertex 38 14.9686 13.2914
      vertex 38 15.0808 13.4192
    endloop
  endfacet
  facet normal -1 0 0
    outer loop
      vertex 38 14.8742 11.85
      vertex 38 14.9686 13.2914
      vertex 38 14.9686 11.7086
    endloop
  endfacet
  facet normal -1 0 0
    outer loop
      vertex 38 14.8742 11.85
      vertex 38 14.8742 13.15
      vertex 38 14.9686 13.2914
    endloop
  endfacet
  facet normal -1 0 0
    outer loop
      vertex 38 14.799 12.0025
      vertex 38 14.8742 13.15
      vertex 38 14.8742 11.85
    endloop
  endfacet
  facet normal -1 0 0
    outer loop
      vertex 38 14.799 12.0025
      vertex 38 14.799 12.9975
      vertex 38 14.8742 13.15
    endloop
  endfacet
  facet normal -1 0 0
    outer loop
      vertex 38 14.7443 12.1635
      vertex 38 14.799 12.9975
      vertex 38 14.799 12.0025
    endloop
  endfacet
  facet normal -1 0 0
    outer loop
      vertex 38 14.7443 12.1635
      vertex 38 14.7443 12.8365
      vertex 38 14.799 12.9975
    endloop
  endfacet
  facet normal -1 0 0
    outer loop
      vertex 38 14.7111 12.3303
      vertex 38 14.7443 12.8365
      vertex 38 14.7443 12.1635
    endloop
  endfacet
  facet normal -1 0 0
    outer loop
      vertex 38 14.7111 12.3303
      vertex 38 14.7111 12.6697
      vertex 38 14.7443 12.8365
    endloop
  endfacet
  facet normal -1 0 -0
    outer loop
      vertex 38 14.7111 12.6697
      vertex 38 14.7111 12.3303
      vertex 38 14.7 12.5
    endloop
  endfacet
  facet normal 0 -0.946844 0.321692
    outer loop
      vertex 38 14.7443 12.8365
      vertex 38.55 14.799 12.9975
      vertex 38 14.799 12.9975
    endloop
  endfacet
  facet normal 0 -0.946844 0.321692
    outer loop
      vertex 38.55 14.799 12.9975
      vertex 38 14.7443 12.8365
      vertex 38.55 14.7443 12.8365
    endloop
  endfacet
  facet normal 0 -0.997868 -0.0652701
    outer loop
      vertex 38 14.7111 12.3303
      vertex 38.55 14.7 12.5
      vertex 38 14.7 12.5
    endloop
  endfacet
  facet normal 0 -0.997868 -0.0652701
    outer loop
      vertex 38.55 14.7 12.5
      vertex 38 14.7111 12.3303
      vertex 38.55 14.7111 12.3303
    endloop
  endfacet
  facet normal 0 -0.442267 0.896884
    outer loop
      vertex 38 15.5025 13.701
      vertex 38.55 15.35 13.6258
      vertex 38.55 15.5025 13.701
    endloop
  endfacet
  facet normal 0 -0.442267 0.896884
    outer loop
      vertex 38.55 15.35 13.6258
      vertex 38 15.5025 13.701
      vertex 38 15.35 13.6258
    endloop
  endfacet
  facet normal 0 -0.555243 0.831688
    outer loop
      vertex 38 15.35 13.6258
      vertex 38.55 15.2086 13.5314
      vertex 38.55 15.35 13.6258
    endloop
  endfacet
  facet normal 0 -0.555243 0.831688
    outer loop
      vertex 38.55 15.2086 13.5314
      vertex 38 15.35 13.6258
      vertex 38 15.2086 13.5314
    endloop
  endfacet
  facet normal 0 -0.980761 0.195211
    outer loop
      vertex 38 14.7111 12.6697
      vertex 38.55 14.7443 12.8365
      vertex 38 14.7443 12.8365
    endloop
  endfacet
  facet normal 0 -0.980761 0.195211
    outer loop
      vertex 38.55 14.7443 12.8365
      vertex 38 14.7111 12.6697
      vertex 38.55 14.7111 12.6697
    endloop
  endfacet
  facet normal 0 0.997868 0.0652701
    outer loop
      vertex 38.55 17.3 12.5
      vertex 38 17.2889 12.6697
      vertex 38.55 17.2889 12.6697
    endloop
  endfacet
  facet normal 0 0.997868 0.0652701
    outer loop
      vertex 38 17.2889 12.6697
      vertex 38.55 17.3 12.5
      vertex 38 17.3 12.5
    endloop
  endfacet
  facet normal 0 0.980761 0.195211
    outer loop
      vertex 38.55 17.2889 12.6697
      vertex 38 17.2557 12.8365
      vertex 38.55 17.2557 12.8365
    endloop
  endfacet
  facet normal 0 0.980761 0.195211
    outer loop
      vertex 38 17.2557 12.8365
      vertex 38.55 17.2889 12.6697
      vertex 38 17.2889 12.6697
    endloop
  endfacet
  facet normal 0 -0.0652701 0.997868
    outer loop
      vertex 38 16 13.8
      vertex 38.55 15.8303 13.7889
      vertex 38.55 16 13.8
    endloop
  endfacet
  facet normal 0 -0.0652701 0.997868
    outer loop
      vertex 38.55 15.8303 13.7889
      vertex 38 16 13.8
      vertex 38 15.8303 13.7889
    endloop
  endfacet
  facet normal 0 -0.896884 0.442267
    outer loop
      vertex 38 14.799 12.9975
      vertex 38.55 14.8742 13.15
      vertex 38 14.8742 13.15
    endloop
  endfacet
  facet normal 0 -0.896884 0.442267
    outer loop
      vertex 38.55 14.8742 13.15
      vertex 38 14.799 12.9975
      vertex 38.55 14.799 12.9975
    endloop
  endfacet
  facet normal 0 0.659753 -0.751483
    outer loop
      vertex 38 16.7914 11.4686
      vertex 38.55 16.9192 11.5808
      vertex 38.55 16.7914 11.4686
    endloop
  endfacet
  facet normal 0 0.659753 -0.751483
    outer loop
      vertex 38.55 16.9192 11.5808
      vertex 38 16.7914 11.4686
      vertex 38 16.9192 11.5808
    endloop
  endfacet
  facet normal 0 -0.831688 0.555243
    outer loop
      vertex 38 14.8742 13.15
      vertex 38.55 14.9686 13.2914
      vertex 38 14.9686 13.2914
    endloop
  endfacet
  facet normal 0 -0.831688 0.555243
    outer loop
      vertex 38.55 14.9686 13.2914
      vertex 38 14.8742 13.15
      vertex 38.55 14.8742 13.15
    endloop
  endfacet
  facet normal -0 0.195211 0.980761
    outer loop
      vertex 38 16.3365 13.7557
      vertex 38.13 16.1697 13.7889
      vertex 38.13 16.3365 13.7557
    endloop
  endfacet
  facet normal 0 0.195211 0.980761
    outer loop
      vertex 38.13 16.1697 13.7889
      vertex 38 16.3365 13.7557
      vertex 38 16.1697 13.7889
    endloop
  endfacet
  facet normal 0 -0.997868 0.0652701
    outer loop
      vertex 38 14.7 12.5
      vertex 38.55 14.7111 12.6697
      vertex 38 14.7111 12.6697
    endloop
  endfacet
  facet normal 0 -0.997868 0.0652701
    outer loop
      vertex 38.55 14.7111 12.6697
      vertex 38 14.7 12.5
      vertex 38.55 14.7 12.5
    endloop
  endfacet
  facet normal 1 0 0
    outer loop
      vertex 38.55 15.8303 13.7889
      vertex 38.55 16.025 13.7984
      vertex 38.55 16 13.8
    endloop
  endfacet
  facet normal 1 0 0
    outer loop
      vertex 38.55 16.025 13.7984
      vertex 38.55 15.8303 13.7889
      vertex 38.55 16.025 11.2016
    endloop
  endfacet
  facet normal 1 -0 0
    outer loop
      vertex 38.55 15.8303 11.2111
      vertex 38.55 16.025 11.2016
      vertex 38.55 15.8303 13.7889
    endloop
  endfacet
  facet normal 1 0 0
    outer loop
      vertex 38.55 16.025 11.2016
      vertex 38.55 15.8303 11.2111
      vertex 38.55 16 11.2
    endloop
  endfacet
  facet normal 1 -0 0
    outer loop
      vertex 38.55 15.6635 13.7557
      vertex 38.55 15.8303 11.2111
      vertex 38.55 15.8303 13.7889
    endloop
  endfacet
  facet normal 1 0 0
    outer loop
      vertex 38.55 15.6635 13.7557
      vertex 38.55 15.6635 11.2443
      vertex 38.55 15.8303 11.2111
    endloop
  endfacet
  facet normal 1 -0 0
    outer loop
      vertex 38.55 15.5025 13.701
      vertex 38.55 15.6635 11.2443
      vertex 38.55 15.6635 13.7557
    endloop
  endfacet
  facet normal 1 0 0
    outer loop
      vertex 38.55 15.5025 13.701
      vertex 38.55 15.5025 11.299
      vertex 38.55 15.6635 11.2443
    endloop
  endfacet
  facet normal 1 -0 0
    outer loop
      vertex 38.55 15.35 13.6258
      vertex 38.55 15.5025 11.299
      vertex 38.55 15.5025 13.701
    endloop
  endfacet
  facet normal 1 0 0
    outer loop
      vertex 38.55 15.35 13.6258
      vertex 38.55 15.35 11.3742
      vertex 38.55 15.5025 11.299
    endloop
  endfacet
  facet normal 1 -0 0
    outer loop
      vertex 38.55 15.2086 13.5314
      vertex 38.55 15.35 11.3742
      vertex 38.55 15.35 13.6258
    endloop
  endfacet
  facet normal 1 0 0
    outer loop
      vertex 38.55 15.2086 13.5314
      vertex 38.55 15.2086 11.4686
      vertex 38.55 15.35 11.3742
    endloop
  endfacet
  facet normal 1 -0 0
    outer loop
      vertex 38.55 15.0808 13.4192
      vertex 38.55 15.2086 11.4686
      vertex 38.55 15.2086 13.5314
    endloop
  endfacet
  facet normal 1 0 0
    outer loop
      vertex 38.55 15.0808 13.4192
      vertex 38.55 15.0808 11.5808
      vertex 38.55 15.2086 11.4686
    endloop
  endfacet
  facet normal 1 -0 0
    outer loop
      vertex 38.55 14.9686 13.2914
      vertex 38.55 15.0808 11.5808
      vertex 38.55 15.0808 13.4192
    endloop
  endfacet
  facet normal 1 0 0
    outer loop
      vertex 38.55 14.9686 13.2914
      vertex 38.55 14.9686 11.7086
      vertex 38.55 15.0808 11.5808
    endloop
  endfacet
  facet normal 1 -0 0
    outer loop
      vertex 38.55 14.8742 13.15
      vertex 38.55 14.9686 11.7086
      vertex 38.55 14.9686 13.2914
    endloop
  endfacet
  facet normal 1 0 0
    outer loop
      vertex 38.55 14.8742 13.15
      vertex 38.55 14.8742 11.85
      vertex 38.55 14.9686 11.7086
    endloop
  endfacet
  facet normal 1 -0 0
    outer loop
      vertex 38.55 14.799 12.9975
      vertex 38.55 14.8742 11.85
      vertex 38.55 14.8742 13.15
    endloop
  endfacet
  facet normal 1 0 0
    outer loop
      vertex 38.55 14.799 12.9975
      vertex 38.55 14.799 12.0025
      vertex 38.55 14.8742 11.85
    endloop
  endfacet
  facet normal 1 -0 0
    outer loop
      vertex 38.55 14.7443 12.8365
      vertex 38.55 14.799 12.0025
      vertex 38.55 14.799 12.9975
    endloop
  endfacet
  facet normal 1 0 0
    outer loop
      vertex 38.55 14.7443 12.8365
      vertex 38.55 14.7443 12.1635
      vertex 38.55 14.799 12.0025
    endloop
  endfacet
  facet normal 1 -0 0
    outer loop
      vertex 38.55 14.7111 12.6697
      vertex 38.55 14.7443 12.1635
      vertex 38.55 14.7443 12.8365
    endloop
  endfacet
  facet normal 1 0 0
    outer loop
      vertex 38.55 14.7111 12.6697
      vertex 38.55 14.7111 12.3303
      vertex 38.55 14.7443 12.1635
    endloop
  endfacet
  facet normal 1 0 -0
    outer loop
      vertex 38.55 14.7111 12.3303
      vertex 38.55 14.7111 12.6697
      vertex 38.55 14.7 12.5
    endloop
  endfacet
  facet normal 1 0 0
    outer loop
      vertex 38.55 17.2889 12.6697
      vertex 38.55 17.2889 12.3303
      vertex 38.55 17.3 12.5
    endloop
  endfacet
  facet normal 1 0 0
    outer loop
      vertex 38.55 17.2557 12.8365
      vertex 38.55 17.2889 12.3303
      vertex 38.55 17.2889 12.6697
    endloop
  endfacet
  facet normal 1 0 0
    outer loop
      vertex 38.55 17.2557 12.8365
      vertex 38.55 17.2557 12.1635
      vertex 38.55 17.2889 12.3303
    endloop
  endfacet
  facet normal 1 0 0
    outer loop
      vertex 38.55 17.201 12.9975
      vertex 38.55 17.2557 12.1635
      vertex 38.55 17.2557 12.8365
    endloop
  endfacet
  facet normal 1 0 0
    outer loop
      vertex 38.55 17.201 12.9975
      vertex 38.55 17.201 12.0025
      vertex 38.55 17.2557 12.1635
    endloop
  endfacet
  facet normal 1 0 0
    outer loop
      vertex 38.55 17.1258 13.15
      vertex 38.55 17.201 12.0025
      vertex 38.55 17.201 12.9975
    endloop
  endfacet
  facet normal 1 0 0
    outer loop
      vertex 38.55 17.1258 13.15
      vertex 38.55 17.1258 11.85
      vertex 38.55 17.201 12.0025
    endloop
  endfacet
  facet normal 1 0 0
    outer loop
      vertex 38.55 17.0314 13.2914
      vertex 38.55 17.1258 11.85
      vertex 38.55 17.1258 13.15
    endloop
  endfacet
  facet normal 1 0 0
    outer loop
      vertex 38.55 17.0314 13.2914
      vertex 38.55 17.0314 11.7086
      vertex 38.55 17.1258 11.85
    endloop
  endfacet
  facet normal 1 0 0
    outer loop
      vertex 38.55 16.9192 13.4192
      vertex 38.55 17.0314 11.7086
      vertex 38.55 17.0314 13.2914
    endloop
  endfacet
  facet normal 1 0 0
    outer loop
      vertex 38.55 16.9192 13.4192
      vertex 38.55 16.9192 11.5808
      vertex 38.55 17.0314 11.7086
    endloop
  endfacet
  facet normal 1 0 0
    outer loop
      vertex 38.55 16.575 13.6628
      vertex 38.55 16.9192 13.4192
      vertex 38.55 16.7914 13.5314
    endloop
  endfacet
  facet normal 1 0 0
    outer loop
      vertex 38.55 16.9192 13.4192
      vertex 38.55 16.575 13.6628
      vertex 38.55 16.9192 11.5808
    endloop
  endfacet
  facet normal 1 0 0
    outer loop
      vertex 38.55 16.575 13.6628
      vertex 38.55 16.7914 13.5314
      vertex 38.55 16.65 13.6258
    endloop
  endfacet
  facet normal 1 0 0
    outer loop
      vertex 38.55 16.575 11.3372
      vertex 38.55 16.9192 11.5808
      vertex 38.55 16.575 13.6628
    endloop
  endfacet
  facet normal 1 0 0
    outer loop
      vertex 38.55 16.9192 11.5808
      vertex 38.55 16.575 11.3372
      vertex 38.55 16.7914 11.4686
    endloop
  endfacet
  facet normal 1 0 0
    outer loop
      vertex 38.55 16.7914 11.4686
      vertex 38.55 16.575 11.3372
      vertex 38.55 16.65 11.3742
    endloop
  endfacet
  facet normal 0 -0.751483 -0.659753
    outer loop
      vertex 38 15.0808 11.5808
      vertex 38.55 14.9686 11.7086
      vertex 38 14.9686 11.7086
    endloop
  endfacet
  facet normal 0 -0.751483 -0.659753
    outer loop
      vertex 38.55 14.9686 11.7086
      vertex 38 15.0808 11.5808
      vertex 38.55 15.0808 11.5808
    endloop
  endfacet
  facet normal 0 -1 0
    outer loop
      vertex -11.25 -28.005 9.3
      vertex -4.75 -28.005 13.3
      vertex -11.25 -28.005 13.3
    endloop
  endfacet
  facet normal 0 -1 -0
    outer loop
      vertex -4.75 -28.005 13.3
      vertex -11.25 -28.005 9.3
      vertex -4.75 -28.005 9.3
    endloop
  endfacet
  facet normal 0 0 1
    outer loop
      vertex -10.7 -22.605 13.3
      vertex -11.25 -22.605 13.3
      vertex -10.7 -27.455 13.3
    endloop
  endfacet
  facet normal 0 0 1
    outer loop
      vertex -5.3 -27.455 13.3
      vertex -4.75 -22.605 13.3
      vertex -5.3 -22.605 13.3
    endloop
  endfacet
  facet normal 0 0 1
    outer loop
      vertex -4.75 -22.605 13.3
      vertex -5.3 -27.455 13.3
      vertex -4.75 -28.005 13.3
    endloop
  endfacet
  facet normal -0 0 1
    outer loop
      vertex -10.7 -27.455 13.3
      vertex -4.75 -28.005 13.3
      vertex -5.3 -27.455 13.3
    endloop
  endfacet
  facet normal 0 0 1
    outer loop
      vertex -10.7 -27.455 13.3
      vertex -11.25 -28.005 13.3
      vertex -4.75 -28.005 13.3
    endloop
  endfacet
  facet normal 0 0 1
    outer loop
      vertex -11.25 -28.005 13.3
      vertex -10.7 -27.455 13.3
      vertex -11.25 -22.605 13.3
    endloop
  endfacet
  facet normal 0 0 -1
    outer loop
      vertex -11.25 -28.005 9.3
      vertex -4.75 -22.605 9.3
      vertex -4.75 -28.005 9.3
    endloop
  endfacet
  facet normal -0 0 -1
    outer loop
      vertex -4.75 -22.605 9.3
      vertex -11.25 -28.005 9.3
      vertex -11.25 -22.605 9.3
    endloop
  endfacet
  facet normal 0 1 0
    outer loop
      vertex -4.75 -22.605 13.3
      vertex -5.3 -22.605 9.85
      vertex -5.3 -22.605 13.3
    endloop
  endfacet
  facet normal 0 1 0
    outer loop
      vertex -5.3 -22.605 9.85
      vertex -4.75 -22.605 9.3
      vertex -10.7 -22.605 9.85
    endloop
  endfacet
  facet normal 0 1 -0
    outer loop
      vertex -4.75 -22.605 9.3
      vertex -5.3 -22.605 9.85
      vertex -4.75 -22.605 13.3
    endloop
  endfacet
  facet normal 0 1 -0
    outer loop
      vertex -10.7 -22.605 9.85
      vertex -11.25 -22.605 13.3
      vertex -10.7 -22.605 13.3
    endloop
  endfacet
  facet normal 0 1 0
    outer loop
      vertex -10.7 -22.605 9.85
      vertex -11.25 -22.605 9.3
      vertex -11.25 -22.605 13.3
    endloop
  endfacet
  facet normal 0 1 0
    outer loop
      vertex -11.25 -22.605 9.3
      vertex -10.7 -22.605 9.85
      vertex -4.75 -22.605 9.3
    endloop
  endfacet
  facet normal 1 -0 0
    outer loop
      vertex -4.75 -28.005 13.3
      vertex -4.75 -22.605 9.3
      vertex -4.75 -22.605 13.3
    endloop
  endfacet
  facet normal 1 0 0
    outer loop
      vertex -4.75 -22.605 9.3
      vertex -4.75 -28.005 13.3
      vertex -4.75 -28.005 9.3
    endloop
  endfacet
  facet normal -1 0 0
    outer loop
      vertex -11.25 -28.005 9.3
      vertex -11.25 -22.605 13.3
      vertex -11.25 -22.605 9.3
    endloop
  endfacet
  facet normal -1 -0 0
    outer loop
      vertex -11.25 -22.605 13.3
      vertex -11.25 -28.005 9.3
      vertex -11.25 -28.005 13.3
    endloop
  endfacet
  facet normal 0 1 -0
    outer loop
      vertex -5.3 -27.455 9.85
      vertex -10.7 -27.455 13.3
      vertex -5.3 -27.455 13.3
    endloop
  endfacet
  facet normal 0 1 0
    outer loop
      vertex -10.7 -27.455 13.3
      vertex -5.3 -27.455 9.85
      vertex -10.7 -27.455 9.85
    endloop
  endfacet
  facet normal -0 0 1
    outer loop
      vertex -10.7 -22.605 9.85
      vertex -5.3 -27.455 9.85
      vertex -5.3 -22.605 9.85
    endloop
  endfacet
  facet normal 0 0 1
    outer loop
      vertex -5.3 -27.455 9.85
      vertex -10.7 -22.605 9.85
      vertex -10.7 -27.455 9.85
    endloop
  endfacet
  facet normal -1 0 0
    outer loop
      vertex -5.3 -27.455 9.85
      vertex -5.3 -22.605 13.3
      vertex -5.3 -22.605 9.85
    endloop
  endfacet
  facet normal -1 -0 0
    outer loop
      vertex -5.3 -22.605 13.3
      vertex -5.3 -27.455 9.85
      vertex -5.3 -27.455 13.3
    endloop
  endfacet
  facet normal 1 -0 0
    outer loop
      vertex -10.7 -27.455 13.3
      vertex -10.7 -22.605 9.85
      vertex -10.7 -22.605 13.3
    endloop
  endfacet
  facet normal 1 0 0
    outer loop
      vertex -10.7 -22.605 9.85
      vertex -10.7 -27.455 13.3
      vertex -10.7 -27.455 9.85
    endloop
  endfacet
  facet normal 0 -1 0
    outer loop
      vertex -1.875 -28.205 9.3
      vertex 10.875 -28.205 13.7
      vertex -1.875 -28.205 13.7
    endloop
  endfacet
  facet normal 0 -1 -0
    outer loop
      vertex 10.875 -28.205 13.7
      vertex -1.875 -28.205 9.3
      vertex 10.875 -28.205 9.3
    endloop
  endfacet
  facet normal 0 0 1
    outer loop
      vertex -1.325 -22.605 13.7
      vertex -1.875 -22.605 13.7
      vertex -1.325 -27.655 13.7
    endloop
  endfacet
  facet normal 0 0 1
    outer loop
      vertex 10.325 -27.655 13.7
      vertex 10.875 -22.605 13.7
      vertex 10.325 -22.605 13.7
    endloop
  endfacet
  facet normal 0 0 1
    outer loop
      vertex 10.875 -22.605 13.7
      vertex 10.325 -27.655 13.7
      vertex 10.875 -28.205 13.7
    endloop
  endfacet
  facet normal -0 0 1
    outer loop
      vertex -1.325 -27.655 13.7
      vertex 10.875 -28.205 13.7
      vertex 10.325 -27.655 13.7
    endloop
  endfacet
  facet normal 0 0 1
    outer loop
      vertex -1.325 -27.655 13.7
      vertex -1.875 -28.205 13.7
      vertex 10.875 -28.205 13.7
    endloop
  endfacet
  facet normal 0 0 1
    outer loop
      vertex -1.875 -28.205 13.7
      vertex -1.325 -27.655 13.7
      vertex -1.875 -22.605 13.7
    endloop
  endfacet
  facet normal 0 0 -1
    outer loop
      vertex -1.875 -28.205 9.3
      vertex 10.875 -22.605 9.3
      vertex 10.875 -28.205 9.3
    endloop
  endfacet
  facet normal -0 0 -1
    outer loop
      vertex 10.875 -22.605 9.3
      vertex -1.875 -28.205 9.3
      vertex -1.875 -22.605 9.3
    endloop
  endfacet
  facet normal 0 1 0
    outer loop
      vertex 10.875 -22.605 13.7
      vertex 10.325 -22.605 9.85
      vertex 10.325 -22.605 13.7
    endloop
  endfacet
  facet normal 0 1 0
    outer loop
      vertex 10.325 -22.605 9.85
      vertex 10.875 -22.605 9.3
      vertex -1.325 -22.605 9.85
    endloop
  endfacet
  facet normal 0 1 -0
    outer loop
      vertex 10.875 -22.605 9.3
      vertex 10.325 -22.605 9.85
      vertex 10.875 -22.605 13.7
    endloop
  endfacet
  facet normal 0 1 -0
    outer loop
      vertex -1.325 -22.605 9.85
      vertex -1.875 -22.605 13.7
      vertex -1.325 -22.605 13.7
    endloop
  endfacet
  facet normal 0 1 0
    outer loop
      vertex -1.325 -22.605 9.85
      vertex -1.875 -22.605 9.3
      vertex -1.875 -22.605 13.7
    endloop
  endfacet
  facet normal 0 1 0
    outer loop
      vertex -1.875 -22.605 9.3
      vertex -1.325 -22.605 9.85
      vertex 10.875 -22.605 9.3
    endloop
  endfacet
  facet normal 1 -0 0
    outer loop
      vertex 10.875 -28.205 13.7
      vertex 10.875 -22.605 9.3
      vertex 10.875 -22.605 13.7
    endloop
  endfacet
  facet normal 1 0 0
    outer loop
      vertex 10.875 -22.605 9.3
      vertex 10.875 -28.205 13.7
      vertex 10.875 -28.205 9.3
    endloop
  endfacet
  facet normal -1 0 0
    outer loop
      vertex -1.875 -28.205 9.3
      vertex -1.875 -22.605 13.7
      vertex -1.875 -22.605 9.3
    endloop
  endfacet
  facet normal -1 -0 0
    outer loop
      vertex -1.875 -22.605 13.7
      vertex -1.875 -28.205 9.3
      vertex -1.875 -28.205 13.7
    endloop
  endfacet
  facet normal 0 1 -0
    outer loop
      vertex 10.325 -27.655 9.85
      vertex -1.325 -27.655 13.7
      vertex 10.325 -27.655 13.7
    endloop
  endfacet
  facet normal 0 1 0
    outer loop
      vertex -1.325 -27.655 13.7
      vertex 10.325 -27.655 9.85
      vertex -1.325 -27.655 9.85
    endloop
  endfacet
  facet normal -0 0 1
    outer loop
      vertex -1.325 -22.605 9.85
      vertex 10.325 -27.655 9.85
      vertex 10.325 -22.605 9.85
    endloop
  endfacet
  facet normal 0 0 1
    outer loop
      vertex 10.325 -27.655 9.85
      vertex -1.325 -22.605 9.85
      vertex -1.325 -27.655 9.85
    endloop
  endfacet
  facet normal -1 0 0
    outer loop
      vertex 10.325 -27.655 9.85
      vertex 10.325 -22.605 13.7
      vertex 10.325 -22.605 9.85
    endloop
  endfacet
  facet normal -1 -0 0
    outer loop
      vertex 10.325 -22.605 13.7
      vertex 10.325 -27.655 9.85
      vertex 10.325 -27.655 13.7
    endloop
  endfacet
  facet normal 1 -0 0
    outer loop
      vertex -1.325 -27.655 13.7
      vertex -1.325 -22.605 9.85
      vertex -1.325 -22.605 13.7
    endloop
  endfacet
  facet normal 1 0 0
    outer loop
      vertex -1.325 -22.605 9.85
      vertex -1.325 -27.655 13.7
      vertex -1.325 -27.655 9.85
    endloop
  endfacet
  facet normal 0 -1 0
    outer loop
      vertex 12.375 -28.205 9.3
      vertex 22.625 -28.205 13.7
      vertex 12.375 -28.205 13.7
    endloop
  endfacet
  facet normal 0 -1 -0
    outer loop
      vertex 22.625 -28.205 13.7
      vertex 12.375 -28.205 9.3
      vertex 22.625 -28.205 9.3
    endloop
  endfacet
  facet normal 0 0 1
    outer loop
      vertex 12.925 -22.605 13.7
      vertex 12.375 -22.605 13.7
      vertex 12.925 -27.655 13.7
    endloop
  endfacet
  facet normal 0 0 1
    outer loop
      vertex 22.075 -27.655 13.7
      vertex 22.625 -22.605 13.7
      vertex 22.075 -22.605 13.7
    endloop
  endfacet
  facet normal 0 0 1
    outer loop
      vertex 22.625 -22.605 13.7
      vertex 22.075 -27.655 13.7
      vertex 22.625 -28.205 13.7
    endloop
  endfacet
  facet normal -0 0 1
    outer loop
      vertex 12.925 -27.655 13.7
      vertex 22.625 -28.205 13.7
      vertex 22.075 -27.655 13.7
    endloop
  endfacet
  facet normal 0 0 1
    outer loop
      vertex 12.925 -27.655 13.7
      vertex 12.375 -28.205 13.7
      vertex 22.625 -28.205 13.7
    endloop
  endfacet
  facet normal 0 0 1
    outer loop
      vertex 12.375 -28.205 13.7
      vertex 12.925 -27.655 13.7
      vertex 12.375 -22.605 13.7
    endloop
  endfacet
  facet normal 0 0 -1
    outer loop
      vertex 12.375 -28.205 9.3
      vertex 22.625 -22.605 9.3
      vertex 22.625 -28.205 9.3
    endloop
  endfacet
  facet normal -0 0 -1
    outer loop
      vertex 22.625 -22.605 9.3
      vertex 12.375 -28.205 9.3
      vertex 12.375 -22.605 9.3
    endloop
  endfacet
  facet normal 0 1 0
    outer loop
      vertex 22.625 -22.605 13.7
      vertex 22.075 -22.605 9.85
      vertex 22.075 -22.605 13.7
    endloop
  endfacet
  facet normal 0 1 0
    outer loop
      vertex 22.075 -22.605 9.85
      vertex 22.625 -22.605 9.3
      vertex 12.925 -22.605 9.85
    endloop
  endfacet
  facet normal 0 1 -0
    outer loop
      vertex 22.625 -22.605 9.3
      vertex 22.075 -22.605 9.85
      vertex 22.625 -22.605 13.7
    endloop
  endfacet
  facet normal 0 1 -0
    outer loop
      vertex 12.925 -22.605 9.85
      vertex 12.375 -22.605 13.7
      vertex 12.925 -22.605 13.7
    endloop
  endfacet
  facet normal 0 1 0
    outer loop
      vertex 12.925 -22.605 9.85
      vertex 12.375 -22.605 9.3
      vertex 12.375 -22.605 13.7
    endloop
  endfacet
  facet normal 0 1 0
    outer loop
      vertex 12.375 -22.605 9.3
      vertex 12.925 -22.605 9.85
      vertex 22.625 -22.605 9.3
    endloop
  endfacet
  facet normal 1 -0 0
    outer loop
      vertex 22.625 -28.205 13.7
      vertex 22.625 -22.605 9.3
      vertex 22.625 -22.605 13.7
    endloop
  endfacet
  facet normal 1 0 0
    outer loop
      vertex 22.625 -22.605 9.3
      vertex 22.625 -28.205 13.7
      vertex 22.625 -28.205 9.3
    endloop
  endfacet
  facet normal -1 0 0
    outer loop
      vertex 12.375 -28.205 9.3
      vertex 12.375 -22.605 13.7
      vertex 12.375 -22.605 9.3
    endloop
  endfacet
  facet normal -1 -0 0
    outer loop
      vertex 12.375 -22.605 13.7
      vertex 12.375 -28.205 9.3
      vertex 12.375 -28.205 13.7
    endloop
  endfacet
  facet normal 0 1 -0
    outer loop
      vertex 22.075 -27.655 9.85
      vertex 12.925 -27.655 13.7
      vertex 22.075 -27.655 13.7
    endloop
  endfacet
  facet normal 0 1 0
    outer loop
      vertex 12.925 -27.655 13.7
      vertex 22.075 -27.655 9.85
      vertex 12.925 -27.655 9.85
    endloop
  endfacet
  facet normal -0 0 1
    outer loop
      vertex 12.925 -22.605 9.85
      vertex 22.075 -27.655 9.85
      vertex 22.075 -22.605 9.85
    endloop
  endfacet
  facet normal 0 0 1
    outer loop
      vertex 22.075 -27.655 9.85
      vertex 12.925 -22.605 9.85
      vertex 12.925 -27.655 9.85
    endloop
  endfacet
  facet normal -1 0 0
    outer loop
      vertex 22.075 -27.655 9.85
      vertex 22.075 -22.605 13.7
      vertex 22.075 -22.605 9.85
    endloop
  endfacet
  facet normal -1 -0 0
    outer loop
      vertex 22.075 -22.605 13.7
      vertex 22.075 -27.655 9.85
      vertex 22.075 -27.655 13.7
    endloop
  endfacet
  facet normal 1 -0 0
    outer loop
      vertex 12.925 -27.655 13.7
      vertex 12.925 -22.605 9.85
      vertex 12.925 -22.605 13.7
    endloop
  endfacet
  facet normal 1 0 0
    outer loop
      vertex 12.925 -22.605 9.85
      vertex 12.925 -27.655 13.7
      vertex 12.925 -27.655 9.85
    endloop
  endfacet
  facet normal 0.980761 -0 0.195211
    outer loop
      vertex -24.2443 -22.925 12.2365
      vertex -24.2111 -22.425 12.0697
      vertex -24.2443 -22.425 12.2365
    endloop
  endfacet
  facet normal 0.980761 0 0.195211
    outer loop
      vertex -24.2111 -22.425 12.0697
      vertex -24.2443 -22.925 12.2365
      vertex -24.2111 -22.925 12.0697
    endloop
  endfacet
  facet normal 0.997868 -0 0.0652701
    outer loop
      vertex -24.2111 -22.925 12.0697
      vertex -24.2 -22.425 11.9
      vertex -24.2111 -22.425 12.0697
    endloop
  endfacet
  facet normal 0.997868 0 0.0652701
    outer loop
      vertex -24.2 -22.425 11.9
      vertex -24.2111 -22.925 12.0697
      vertex -24.2 -22.925 11.9
    endloop
  endfacet
  facet normal 0.321692 0 0.946844
    outer loop
      vertex -25.1635 -22.425 13.1557
      vertex -25.0025 -22.925 13.101
      vertex -25.0025 -22.425 13.101
    endloop
  endfacet
  facet normal 0.321692 0 0.946844
    outer loop
      vertex -25.0025 -22.925 13.101
      vertex -25.1635 -22.425 13.1557
      vertex -25.1635 -22.925 13.1557
    endloop
  endfacet
  facet normal 0 1 0
    outer loop
      vertex -25.3303 -22.425 13.1889
      vertex -25.6697 -22.425 13.1889
      vertex -25.5 -22.425 13.2
    endloop
  endfacet
  facet normal 0 1 0
    outer loop
      vertex -25.1635 -22.425 13.1557
      vertex -25.6697 -22.425 13.1889
      vertex -25.3303 -22.425 13.1889
    endloop
  endfacet
  facet normal 0 1 0
    outer loop
      vertex -25.1635 -22.425 13.1557
      vertex -25.8365 -22.425 13.1557
      vertex -25.6697 -22.425 13.1889
    endloop
  endfacet
  facet normal 0 1 0
    outer loop
      vertex -25.0025 -22.425 13.101
      vertex -25.8365 -22.425 13.1557
      vertex -25.1635 -22.425 13.1557
    endloop
  endfacet
  facet normal 0 1 0
    outer loop
      vertex -25.0025 -22.425 13.101
      vertex -25.9975 -22.425 13.101
      vertex -25.8365 -22.425 13.1557
    endloop
  endfacet
  facet normal 0 1 0
    outer loop
      vertex -24.85 -22.425 13.0258
      vertex -25.9975 -22.425 13.101
      vertex -25.0025 -22.425 13.101
    endloop
  endfacet
  facet normal 0 1 0
    outer loop
      vertex -24.85 -22.425 13.0258
      vertex -26.15 -22.425 13.0258
      vertex -25.9975 -22.425 13.101
    endloop
  endfacet
  facet normal 0 1 0
    outer loop
      vertex -24.7086 -22.425 12.9314
      vertex -26.15 -22.425 13.0258
      vertex -24.85 -22.425 13.0258
    endloop
  endfacet
  facet normal 0 1 0
    outer loop
      vertex -24.7086 -22.425 12.9314
      vertex -26.2914 -22.425 12.9314
      vertex -26.15 -22.425 13.0258
    endloop
  endfacet
  facet normal 0 1 0
    outer loop
      vertex -24.5808 -22.425 12.8192
      vertex -26.2914 -22.425 12.9314
      vertex -24.7086 -22.425 12.9314
    endloop
  endfacet
  facet normal 0 1 0
    outer loop
      vertex -24.5808 -22.425 12.8192
      vertex -26.4192 -22.425 12.8192
      vertex -26.2914 -22.425 12.9314
    endloop
  endfacet
  facet normal 0 1 0
    outer loop
      vertex -24.4686 -22.425 12.6914
      vertex -26.4192 -22.425 12.8192
      vertex -24.5808 -22.425 12.8192
    endloop
  endfacet
  facet normal 0 1 0
    outer loop
      vertex -24.4686 -22.425 12.6914
      vertex -26.5314 -22.425 12.6914
      vertex -26.4192 -22.425 12.8192
    endloop
  endfacet
  facet normal 0 1 0
    outer loop
      vertex -24.3742 -22.425 12.55
      vertex -26.5314 -22.425 12.6914
      vertex -24.4686 -22.425 12.6914
    endloop
  endfacet
  facet normal 0 1 0
    outer loop
      vertex -24.3742 -22.425 12.55
      vertex -26.6258 -22.425 12.55
      vertex -26.5314 -22.425 12.6914
    endloop
  endfacet
  facet normal 0 1 0
    outer loop
      vertex -24.299 -22.425 12.3975
      vertex -26.6258 -22.425 12.55
      vertex -24.3742 -22.425 12.55
    endloop
  endfacet
  facet normal 0 1 0
    outer loop
      vertex -24.299 -22.425 12.3975
      vertex -26.701 -22.425 12.3975
      vertex -26.6258 -22.425 12.55
    endloop
  endfacet
  facet normal 0 1 0
    outer loop
      vertex -24.2443 -22.425 12.2365
      vertex -26.701 -22.425 12.3975
      vertex -24.299 -22.425 12.3975
    endloop
  endfacet
  facet normal 0 1 0
    outer loop
      vertex -24.2443 -22.425 12.2365
      vertex -26.7557 -22.425 12.2365
      vertex -26.701 -22.425 12.3975
    endloop
  endfacet
  facet normal 0 1 0
    outer loop
      vertex -24.2111 -22.425 12.0697
      vertex -26.7557 -22.425 12.2365
      vertex -24.2443 -22.425 12.2365
    endloop
  endfacet
  facet normal 0 1 0
    outer loop
      vertex -24.2111 -22.425 12.0697
      vertex -26.7889 -22.425 12.0697
      vertex -26.7557 -22.425 12.2365
    endloop
  endfacet
  facet normal 0 1 0
    outer loop
      vertex -24.2 -22.425 11.9
      vertex -26.7889 -22.425 12.0697
      vertex -24.2111 -22.425 12.0697
    endloop
  endfacet
  facet normal 0 1 0
    outer loop
      vertex -24.2 -22.425 11.9
      vertex -26.8 -22.425 11.9
      vertex -26.7889 -22.425 12.0697
    endloop
  endfacet
  facet normal 0 1 -0
    outer loop
      vertex -24.2111 -22.425 11.7303
      vertex -26.8 -22.425 11.9
      vertex -24.2 -22.425 11.9
    endloop
  endfacet
  facet normal 0 1 0
    outer loop
      vertex -24.2111 -22.425 11.7303
      vertex -26.7889 -22.425 11.7303
      vertex -26.8 -22.425 11.9
    endloop
  endfacet
  facet normal 0 1 -0
    outer loop
      vertex -24.2443 -22.425 11.5635
      vertex -26.7889 -22.425 11.7303
      vertex -24.2111 -22.425 11.7303
    endloop
  endfacet
  facet normal 0 1 0
    outer loop
      vertex -24.2443 -22.425 11.5635
      vertex -26.7557 -22.425 11.5635
      vertex -26.7889 -22.425 11.7303
    endloop
  endfacet
  facet normal 0 1 -0
    outer loop
      vertex -24.299 -22.425 11.4025
      vertex -26.7557 -22.425 11.5635
      vertex -24.2443 -22.425 11.5635
    endloop
  endfacet
  facet normal 0 1 0
    outer loop
      vertex -24.299 -22.425 11.4025
      vertex -26.701 -22.425 11.4025
      vertex -26.7557 -22.425 11.5635
    endloop
  endfacet
  facet normal 0 1 -0
    outer loop
      vertex -24.3742 -22.425 11.25
      vertex -26.701 -22.425 11.4025
      vertex -24.299 -22.425 11.4025
    endloop
  endfacet
  facet normal 0 1 0
    outer loop
      vertex -24.3742 -22.425 11.25
      vertex -26.6258 -22.425 11.25
      vertex -26.701 -22.425 11.4025
    endloop
  endfacet
  facet normal 0 1 -0
    outer loop
      vertex -24.4686 -22.425 11.1086
      vertex -26.6258 -22.425 11.25
      vertex -24.3742 -22.425 11.25
    endloop
  endfacet
  facet normal 0 1 0
    outer loop
      vertex -24.4686 -22.425 11.1086
      vertex -26.5314 -22.425 11.1086
      vertex -26.6258 -22.425 11.25
    endloop
  endfacet
  facet normal 0 1 -0
    outer loop
      vertex -24.5808 -22.425 10.9808
      vertex -26.5314 -22.425 11.1086
      vertex -24.4686 -22.425 11.1086
    endloop
  endfacet
  facet normal 0 1 0
    outer loop
      vertex -24.5808 -22.425 10.9808
      vertex -26.4192 -22.425 10.9808
      vertex -26.5314 -22.425 11.1086
    endloop
  endfacet
  facet normal 0 1 -0
    outer loop
      vertex -24.7086 -22.425 10.8686
      vertex -26.4192 -22.425 10.9808
      vertex -24.5808 -22.425 10.9808
    endloop
  endfacet
  facet normal 0 1 0
    outer loop
      vertex -24.7086 -22.425 10.8686
      vertex -26.2914 -22.425 10.8686
      vertex -26.4192 -22.425 10.9808
    endloop
  endfacet
  facet normal 0 1 -0
    outer loop
      vertex -24.85 -22.425 10.7742
      vertex -26.2914 -22.425 10.8686
      vertex -24.7086 -22.425 10.8686
    endloop
  endfacet
  facet normal 0 1 0
    outer loop
      vertex -24.85 -22.425 10.7742
      vertex -26.15 -22.425 10.7742
      vertex -26.2914 -22.425 10.8686
    endloop
  endfacet
  facet normal 0 1 -0
    outer loop
      vertex -25.0025 -22.425 10.699
      vertex -26.15 -22.425 10.7742
      vertex -24.85 -22.425 10.7742
    endloop
  endfacet
  facet normal 0 1 0
    outer loop
      vertex -25.0025 -22.425 10.699
      vertex -25.9975 -22.425 10.699
      vertex -26.15 -22.425 10.7742
    endloop
  endfacet
  facet normal 0 1 -0
    outer loop
      vertex -25.1635 -22.425 10.6443
      vertex -25.9975 -22.425 10.699
      vertex -25.0025 -22.425 10.699
    endloop
  endfacet
  facet normal 0 1 0
    outer loop
      vertex -25.1635 -22.425 10.6443
      vertex -25.8365 -22.425 10.6443
      vertex -25.9975 -22.425 10.699
    endloop
  endfacet
  facet normal 0 1 -0
    outer loop
      vertex -25.3303 -22.425 10.6111
      vertex -25.8365 -22.425 10.6443
      vertex -25.1635 -22.425 10.6443
    endloop
  endfacet
  facet normal 0 1 0
    outer loop
      vertex -25.3303 -22.425 10.6111
      vertex -25.6697 -22.425 10.6111
      vertex -25.8365 -22.425 10.6443
    endloop
  endfacet
  facet normal -0 1 0
    outer loop
      vertex -25.6697 -22.425 10.6111
      vertex -25.3303 -22.425 10.6111
      vertex -25.5 -22.425 10.6
    endloop
  endfacet
  facet normal 0.555243 0 0.831688
    outer loop
      vertex -24.85 -22.425 13.0258
      vertex -24.7086 -22.925 12.9314
      vertex -24.7086 -22.425 12.9314
    endloop
  endfacet
  facet normal 0.555243 0 0.831688
    outer loop
      vertex -24.7086 -22.925 12.9314
      vertex -24.85 -22.425 13.0258
      vertex -24.85 -22.925 13.0258
    endloop
  endfacet
  facet normal 0 -1 0
    outer loop
      vertex -25.6697 -22.925 13.1889
      vertex -25.3303 -22.925 13.1889
      vertex -25.5 -22.925 13.2
    endloop
  endfacet
  facet normal 0 -1 0
    outer loop
      vertex -25.8365 -22.925 13.1557
      vertex -25.3303 -22.925 13.1889
      vertex -25.6697 -22.925 13.1889
    endloop
  endfacet
  facet normal 0 -1 0
    outer loop
      vertex -25.8365 -22.925 13.1557
      vertex -25.1635 -22.925 13.1557
      vertex -25.3303 -22.925 13.1889
    endloop
  endfacet
  facet normal 0 -1 0
    outer loop
      vertex -25.9975 -22.925 13.101
      vertex -25.1635 -22.925 13.1557
      vertex -25.8365 -22.925 13.1557
    endloop
  endfacet
  facet normal 0 -1 0
    outer loop
      vertex -25.9975 -22.925 13.101
      vertex -25.0025 -22.925 13.101
      vertex -25.1635 -22.925 13.1557
    endloop
  endfacet
  facet normal 0 -1 0
    outer loop
      vertex -26.15 -22.925 13.0258
      vertex -25.0025 -22.925 13.101
      vertex -25.9975 -22.925 13.101
    endloop
  endfacet
  facet normal 0 -1 0
    outer loop
      vertex -26.15 -22.925 13.0258
      vertex -24.85 -22.925 13.0258
      vertex -25.0025 -22.925 13.101
    endloop
  endfacet
  facet normal 0 -1 0
    outer loop
      vertex -26.2914 -22.925 12.9314
      vertex -24.85 -22.925 13.0258
      vertex -26.15 -22.925 13.0258
    endloop
  endfacet
  facet normal 0 -1 0
    outer loop
      vertex -26.2914 -22.925 12.9314
      vertex -24.7086 -22.925 12.9314
      vertex -24.85 -22.925 13.0258
    endloop
  endfacet
  facet normal 0 -1 0
    outer loop
      vertex -26.4192 -22.925 12.8192
      vertex -24.7086 -22.925 12.9314
      vertex -26.2914 -22.925 12.9314
    endloop
  endfacet
  facet normal 0 -1 0
    outer loop
      vertex -26.4192 -22.925 12.8192
      vertex -24.5808 -22.925 12.8192
      vertex -24.7086 -22.925 12.9314
    endloop
  endfacet
  facet normal 0 -1 0
    outer loop
      vertex -26.5314 -22.925 12.6914
      vertex -24.5808 -22.925 12.8192
      vertex -26.4192 -22.925 12.8192
    endloop
  endfacet
  facet normal 0 -1 0
    outer loop
      vertex -26.5314 -22.925 12.6914
      vertex -24.4686 -22.925 12.6914
      vertex -24.5808 -22.925 12.8192
    endloop
  endfacet
  facet normal 0 -1 0
    outer loop
      vertex -26.6258 -22.925 12.55
      vertex -24.4686 -22.925 12.6914
      vertex -26.5314 -22.925 12.6914
    endloop
  endfacet
  facet normal 0 -1 0
    outer loop
      vertex -26.6258 -22.925 12.55
      vertex -24.3742 -22.925 12.55
      vertex -24.4686 -22.925 12.6914
    endloop
  endfacet
  facet normal 0 -1 0
    outer loop
      vertex -26.701 -22.925 12.3975
      vertex -24.3742 -22.925 12.55
      vertex -26.6258 -22.925 12.55
    endloop
  endfacet
  facet normal 0 -1 0
    outer loop
      vertex -26.701 -22.925 12.3975
      vertex -24.299 -22.925 12.3975
      vertex -24.3742 -22.925 12.55
    endloop
  endfacet
  facet normal 0 -1 0
    outer loop
      vertex -26.7557 -22.925 12.2365
      vertex -24.299 -22.925 12.3975
      vertex -26.701 -22.925 12.3975
    endloop
  endfacet
  facet normal 0 -1 0
    outer loop
      vertex -26.7557 -22.925 12.2365
      vertex -24.2443 -22.925 12.2365
      vertex -24.299 -22.925 12.3975
    endloop
  endfacet
  facet normal 0 -1 0
    outer loop
      vertex -26.7889 -22.925 12.0697
      vertex -24.2443 -22.925 12.2365
      vertex -26.7557 -22.925 12.2365
    endloop
  endfacet
  facet normal 0 -1 0
    outer loop
      vertex -26.7889 -22.925 12.0697
      vertex -24.2111 -22.925 12.0697
      vertex -24.2443 -22.925 12.2365
    endloop
  endfacet
  facet normal 0 -1 0
    outer loop
      vertex -26.8 -22.925 11.9
      vertex -24.2111 -22.925 12.0697
      vertex -26.7889 -22.925 12.0697
    endloop
  endfacet
  facet normal 0 -1 0
    outer loop
      vertex -26.8 -22.925 11.9
      vertex -24.2 -22.925 11.9
      vertex -24.2111 -22.925 12.0697
    endloop
  endfacet
  facet normal 0 -1 0
    outer loop
      vertex -26.7889 -22.925 11.7303
      vertex -24.2 -22.925 11.9
      vertex -26.8 -22.925 11.9
    endloop
  endfacet
  facet normal 0 -1 0
    outer loop
      vertex -26.7889 -22.925 11.7303
      vertex -24.2111 -22.925 11.7303
      vertex -24.2 -22.925 11.9
    endloop
  endfacet
  facet normal 0 -1 0
    outer loop
      vertex -26.7557 -22.925 11.5635
      vertex -24.2111 -22.925 11.7303
      vertex -26.7889 -22.925 11.7303
    endloop
  endfacet
  facet normal 0 -1 0
    outer loop
      vertex -26.7557 -22.925 11.5635
      vertex -24.2443 -22.925 11.5635
      vertex -24.2111 -22.925 11.7303
    endloop
  endfacet
  facet normal 0 -1 0
    outer loop
      vertex -26.701 -22.925 11.4025
      vertex -24.2443 -22.925 11.5635
      vertex -26.7557 -22.925 11.5635
    endloop
  endfacet
  facet normal 0 -1 0
    outer loop
      vertex -26.701 -22.925 11.4025
      vertex -24.299 -22.925 11.4025
      vertex -24.2443 -22.925 11.5635
    endloop
  endfacet
  facet normal 0 -1 0
    outer loop
      vertex -26.6258 -22.925 11.25
      vertex -24.299 -22.925 11.4025
      vertex -26.701 -22.925 11.4025
    endloop
  endfacet
  facet normal 0 -1 0
    outer loop
      vertex -26.6258 -22.925 11.25
      vertex -24.3742 -22.925 11.25
      vertex -24.299 -22.925 11.4025
    endloop
  endfacet
  facet normal 0 -1 0
    outer loop
      vertex -26.5314 -22.925 11.1086
      vertex -24.3742 -22.925 11.25
      vertex -26.6258 -22.925 11.25
    endloop
  endfacet
  facet normal 0 -1 0
    outer loop
      vertex -26.5314 -22.925 11.1086
      vertex -24.4686 -22.925 11.1086
      vertex -24.3742 -22.925 11.25
    endloop
  endfacet
  facet normal 0 -1 0
    outer loop
      vertex -26.4192 -22.925 10.9808
      vertex -24.4686 -22.925 11.1086
      vertex -26.5314 -22.925 11.1086
    endloop
  endfacet
  facet normal 0 -1 0
    outer loop
      vertex -26.4192 -22.925 10.9808
      vertex -24.5808 -22.925 10.9808
      vertex -24.4686 -22.925 11.1086
    endloop
  endfacet
  facet normal 0 -1 0
    outer loop
      vertex -26.2914 -22.925 10.8686
      vertex -24.5808 -22.925 10.9808
      vertex -26.4192 -22.925 10.9808
    endloop
  endfacet
  facet normal 0 -1 0
    outer loop
      vertex -26.2914 -22.925 10.8686
      vertex -24.7086 -22.925 10.8686
      vertex -24.5808 -22.925 10.9808
    endloop
  endfacet
  facet normal 0 -1 0
    outer loop
      vertex -26.15 -22.925 10.7742
      vertex -24.7086 -22.925 10.8686
      vertex -26.2914 -22.925 10.8686
    endloop
  endfacet
  facet normal 0 -1 0
    outer loop
      vertex -26.15 -22.925 10.7742
      vertex -24.85 -22.925 10.7742
      vertex -24.7086 -22.925 10.8686
    endloop
  endfacet
  facet normal 0 -1 0
    outer loop
      vertex -25.9975 -22.925 10.699
      vertex -24.85 -22.925 10.7742
      vertex -26.15 -22.925 10.7742
    endloop
  endfacet
  facet normal 0 -1 0
    outer loop
      vertex -25.9975 -22.925 10.699
      vertex -25.0025 -22.925 10.699
      vertex -24.85 -22.925 10.7742
    endloop
  endfacet
  facet normal 0 -1 0
    outer loop
      vertex -25.8365 -22.925 10.6443
      vertex -25.0025 -22.925 10.699
      vertex -25.9975 -22.925 10.699
    endloop
  endfacet
  facet normal 0 -1 0
    outer loop
      vertex -25.8365 -22.925 10.6443
      vertex -25.1635 -22.925 10.6443
      vertex -25.0025 -22.925 10.699
    endloop
  endfacet
  facet normal 0 -1 0
    outer loop
      vertex -25.6697 -22.925 10.6111
      vertex -25.1635 -22.925 10.6443
      vertex -25.8365 -22.925 10.6443
    endloop
  endfacet
  facet normal 0 -1 0
    outer loop
      vertex -25.6697 -22.925 10.6111
      vertex -25.3303 -22.925 10.6111
      vertex -25.1635 -22.925 10.6443
    endloop
  endfacet
  facet normal -0 -1 0
    outer loop
      vertex -25.3303 -22.925 10.6111
      vertex -25.6697 -22.925 10.6111
      vertex -25.5 -22.925 10.6
    endloop
  endfacet
  facet normal 0.195211 0 -0.980761
    outer loop
      vertex -25.3303 -22.925 10.6111
      vertex -25.1635 -22.425 10.6443
      vertex -25.1635 -22.925 10.6443
    endloop
  endfacet
  facet normal 0.195211 0 -0.980761
    outer loop
      vertex -25.1635 -22.425 10.6443
      vertex -25.3303 -22.925 10.6111
      vertex -25.3303 -22.425 10.6111
    endloop
  endfacet
  facet normal -0.659753 0 0.751483
    outer loop
      vertex -26.4192 -22.425 12.8192
      vertex -26.2914 -22.925 12.9314
      vertex -26.2914 -22.425 12.9314
    endloop
  endfacet
  facet normal -0.659753 0 0.751483
    outer loop
      vertex -26.2914 -22.925 12.9314
      vertex -26.4192 -22.425 12.8192
      vertex -26.4192 -22.925 12.8192
    endloop
  endfacet
  facet normal 0.0652701 0 0.997868
    outer loop
      vertex -25.5 -22.425 13.2
      vertex -25.3303 -22.925 13.1889
      vertex -25.3303 -22.425 13.1889
    endloop
  endfacet
  facet normal 0.0652701 0 0.997868
    outer loop
      vertex -25.3303 -22.925 13.1889
      vertex -25.5 -22.425 13.2
      vertex -25.5 -22.925 13.2
    endloop
  endfacet
  facet normal -0.321692 0 -0.946844
    outer loop
      vertex -25.9975 -22.925 10.699
      vertex -25.8365 -22.425 10.6443
      vertex -25.8365 -22.925 10.6443
    endloop
  endfacet
  facet normal -0.321692 0 -0.946844
    outer loop
      vertex -25.8365 -22.425 10.6443
      vertex -25.9975 -22.925 10.699
      vertex -25.9975 -22.425 10.699
    endloop
  endfacet
  facet normal 0.946844 -0 0.321692
    outer loop
      vertex -24.299 -22.925 12.3975
      vertex -24.2443 -22.425 12.2365
      vertex -24.299 -22.425 12.3975
    endloop
  endfacet
  facet normal 0.946844 0 0.321692
    outer loop
      vertex -24.2443 -22.425 12.2365
      vertex -24.299 -22.925 12.3975
      vertex -24.2443 -22.925 12.2365
    endloop
  endfacet
  facet normal -0.980761 0 -0.195211
    outer loop
      vertex -26.7557 -22.925 11.5635
      vertex -26.7889 -22.425 11.7303
      vertex -26.7557 -22.425 11.5635
    endloop
  endfacet
  facet normal -0.980761 -0 -0.195211
    outer loop
      vertex -26.7889 -22.425 11.7303
      vertex -26.7557 -22.925 11.5635
      vertex -26.7889 -22.925 11.7303
    endloop
  endfacet
  facet normal -0.751483 0 -0.659753
    outer loop
      vertex -26.4192 -22.925 10.9808
      vertex -26.5314 -22.425 11.1086
      vertex -26.4192 -22.425 10.9808
    endloop
  endfacet
  facet normal -0.751483 -0 -0.659753
    outer loop
      vertex -26.5314 -22.425 11.1086
      vertex -26.4192 -22.925 10.9808
      vertex -26.5314 -22.925 11.1086
    endloop
  endfacet
  facet normal 0.896884 -0 0.442267
    outer loop
      vertex -24.3742 -22.925 12.55
      vertex -24.299 -22.425 12.3975
      vertex -24.3742 -22.425 12.55
    endloop
  endfacet
  facet normal 0.896884 0 0.442267
    outer loop
      vertex -24.299 -22.425 12.3975
      vertex -24.3742 -22.925 12.55
      vertex -24.299 -22.925 12.3975
    endloop
  endfacet
  facet normal -0.946844 0 0.321692
    outer loop
      vertex -26.7557 -22.925 12.2365
      vertex -26.701 -22.425 12.3975
      vertex -26.7557 -22.425 12.2365
    endloop
  endfacet
  facet normal -0.946844 0 0.321692
    outer loop
      vertex -26.701 -22.425 12.3975
      vertex -26.7557 -22.925 12.2365
      vertex -26.701 -22.925 12.3975
    endloop
  endfacet
  facet normal 0.195211 0 0.980761
    outer loop
      vertex -25.3303 -22.425 13.1889
      vertex -25.1635 -22.925 13.1557
      vertex -25.1635 -22.425 13.1557
    endloop
  endfacet
  facet normal 0.195211 0 0.980761
    outer loop
      vertex -25.1635 -22.925 13.1557
      vertex -25.3303 -22.425 13.1889
      vertex -25.3303 -22.925 13.1889
    endloop
  endfacet
  facet normal 0.0652701 0 -0.997868
    outer loop
      vertex -25.5 -22.925 10.6
      vertex -25.3303 -22.425 10.6111
      vertex -25.3303 -22.925 10.6111
    endloop
  endfacet
  facet normal 0.0652701 0 -0.997868
    outer loop
      vertex -25.3303 -22.425 10.6111
      vertex -25.5 -22.925 10.6
      vertex -25.5 -22.425 10.6
    endloop
  endfacet
  facet normal 0.997868 0 -0.0652701
    outer loop
      vertex -24.2 -22.925 11.9
      vertex -24.2111 -22.425 11.7303
      vertex -24.2 -22.425 11.9
    endloop
  endfacet
  facet normal 0.997868 0 -0.0652701
    outer loop
      vertex -24.2111 -22.425 11.7303
      vertex -24.2 -22.925 11.9
      vertex -24.2111 -22.925 11.7303
    endloop
  endfacet
  facet normal 0.555243 0 -0.831688
    outer loop
      vertex -24.85 -22.925 10.7742
      vertex -24.7086 -22.425 10.8686
      vertex -24.7086 -22.925 10.8686
    endloop
  endfacet
  facet normal 0.555243 0 -0.831688
    outer loop
      vertex -24.7086 -22.425 10.8686
      vertex -24.85 -22.925 10.7742
      vertex -24.85 -22.425 10.7742
    endloop
  endfacet
  facet normal -0.831688 0 -0.555243
    outer loop
      vertex -26.5314 -22.925 11.1086
      vertex -26.6258 -22.425 11.25
      vertex -26.5314 -22.425 11.1086
    endloop
  endfacet
  facet normal -0.831688 -0 -0.555243
    outer loop
      vertex -26.6258 -22.425 11.25
      vertex -26.5314 -22.925 11.1086
      vertex -26.6258 -22.925 11.25
    endloop
  endfacet
  facet normal -0.997868 0 -0.0652701
    outer loop
      vertex -26.7889 -22.925 11.7303
      vertex -26.8 -22.425 11.9
      vertex -26.7889 -22.425 11.7303
    endloop
  endfacet
  facet normal -0.997868 -0 -0.0652701
    outer loop
      vertex -26.8 -22.425 11.9
      vertex -26.7889 -22.925 11.7303
      vertex -26.8 -22.925 11.9
    endloop
  endfacet
  facet normal -0.555243 0 0.831688
    outer loop
      vertex -26.2914 -22.425 12.9314
      vertex -26.15 -22.925 13.0258
      vertex -26.15 -22.425 13.0258
    endloop
  endfacet
  facet normal -0.555243 0 0.831688
    outer loop
      vertex -26.15 -22.925 13.0258
      vertex -26.2914 -22.425 12.9314
      vertex -26.2914 -22.925 12.9314
    endloop
  endfacet
  facet normal -0.980761 0 0.195211
    outer loop
      vertex -26.7889 -22.925 12.0697
      vertex -26.7557 -22.425 12.2365
      vertex -26.7889 -22.425 12.0697
    endloop
  endfacet
  facet normal -0.980761 0 0.195211
    outer loop
      vertex -26.7557 -22.425 12.2365
      vertex -26.7889 -22.925 12.0697
      vertex -26.7557 -22.925 12.2365
    endloop
  endfacet
  facet normal 0.321692 0 -0.946844
    outer loop
      vertex -25.1635 -22.925 10.6443
      vertex -25.0025 -22.425 10.699
      vertex -25.0025 -22.925 10.699
    endloop
  endfacet
  facet normal 0.321692 0 -0.946844
    outer loop
      vertex -25.0025 -22.425 10.699
      vertex -25.1635 -22.925 10.6443
      vertex -25.1635 -22.425 10.6443
    endloop
  endfacet
  facet normal 0.751483 -0 0.659753
    outer loop
      vertex -24.5808 -22.925 12.8192
      vertex -24.4686 -22.425 12.6914
      vertex -24.5808 -22.425 12.8192
    endloop
  endfacet
  facet normal 0.751483 0 0.659753
    outer loop
      vertex -24.4686 -22.425 12.6914
      vertex -24.5808 -22.925 12.8192
      vertex -24.4686 -22.925 12.6914
    endloop
  endfacet
  facet normal -0.946844 0 -0.321692
    outer loop
      vertex -26.701 -22.925 11.4025
      vertex -26.7557 -22.425 11.5635
      vertex -26.701 -22.425 11.4025
    endloop
  endfacet
  facet normal -0.946844 -0 -0.321692
    outer loop
      vertex -26.7557 -22.425 11.5635
      vertex -26.701 -22.925 11.4025
      vertex -26.7557 -22.925 11.5635
    endloop
  endfacet
  facet normal 0.659753 0 0.751483
    outer loop
      vertex -24.7086 -22.425 12.9314
      vertex -24.5808 -22.925 12.8192
      vertex -24.5808 -22.425 12.8192
    endloop
  endfacet
  facet normal 0.659753 0 0.751483
    outer loop
      vertex -24.5808 -22.925 12.8192
      vertex -24.7086 -22.425 12.9314
      vertex -24.7086 -22.925 12.9314
    endloop
  endfacet
  facet normal 0.831688 -0 0.555243
    outer loop
      vertex -24.4686 -22.925 12.6914
      vertex -24.3742 -22.425 12.55
      vertex -24.4686 -22.425 12.6914
    endloop
  endfacet
  facet normal 0.831688 0 0.555243
    outer loop
      vertex -24.3742 -22.425 12.55
      vertex -24.4686 -22.925 12.6914
      vertex -24.3742 -22.925 12.55
    endloop
  endfacet
  facet normal -0.896884 0 0.442267
    outer loop
      vertex -26.701 -22.925 12.3975
      vertex -26.6258 -22.425 12.55
      vertex -26.701 -22.425 12.3975
    endloop
  endfacet
  facet normal -0.896884 0 0.442267
    outer loop
      vertex -26.6258 -22.425 12.55
      vertex -26.701 -22.925 12.3975
      vertex -26.6258 -22.925 12.55
    endloop
  endfacet
  facet normal -0.321692 0 0.946844
    outer loop
      vertex -25.9975 -22.425 13.101
      vertex -25.8365 -22.925 13.1557
      vertex -25.8365 -22.425 13.1557
    endloop
  endfacet
  facet normal -0.321692 0 0.946844
    outer loop
      vertex -25.8365 -22.925 13.1557
      vertex -25.9975 -22.425 13.101
      vertex -25.9975 -22.925 13.101
    endloop
  endfacet
  facet normal 0.831688 0 -0.555243
    outer loop
      vertex -24.3742 -22.925 11.25
      vertex -24.4686 -22.425 11.1086
      vertex -24.3742 -22.425 11.25
    endloop
  endfacet
  facet normal 0.831688 0 -0.555243
    outer loop
      vertex -24.4686 -22.425 11.1086
      vertex -24.3742 -22.925 11.25
      vertex -24.4686 -22.925 11.1086
    endloop
  endfacet
  facet normal -0.659753 0 -0.751483
    outer loop
      vertex -26.4192 -22.925 10.9808
      vertex -26.2914 -22.425 10.8686
      vertex -26.2914 -22.925 10.8686
    endloop
  endfacet
  facet normal -0.659753 0 -0.751483
    outer loop
      vertex -26.2914 -22.425 10.8686
      vertex -26.4192 -22.925 10.9808
      vertex -26.4192 -22.425 10.9808
    endloop
  endfacet
  facet normal 0.442267 0 0.896884
    outer loop
      vertex -25.0025 -22.425 13.101
      vertex -24.85 -22.925 13.0258
      vertex -24.85 -22.425 13.0258
    endloop
  endfacet
  facet normal 0.442267 0 0.896884
    outer loop
      vertex -24.85 -22.925 13.0258
      vertex -25.0025 -22.425 13.101
      vertex -25.0025 -22.925 13.101
    endloop
  endfacet
  facet normal 0.946844 0 -0.321692
    outer loop
      vertex -24.2443 -22.925 11.5635
      vertex -24.299 -22.425 11.4025
      vertex -24.2443 -22.425 11.5635
    endloop
  endfacet
  facet normal 0.946844 0 -0.321692
    outer loop
      vertex -24.299 -22.425 11.4025
      vertex -24.2443 -22.925 11.5635
      vertex -24.299 -22.925 11.4025
    endloop
  endfacet
  facet normal -0.442267 0 -0.896884
    outer loop
      vertex -26.15 -22.925 10.7742
      vertex -25.9975 -22.425 10.699
      vertex -25.9975 -22.925 10.699
    endloop
  endfacet
  facet normal -0.442267 0 -0.896884
    outer loop
      vertex -25.9975 -22.425 10.699
      vertex -26.15 -22.925 10.7742
      vertex -26.15 -22.425 10.7742
    endloop
  endfacet
  facet normal -0.195211 0 0.980761
    outer loop
      vertex -25.8365 -22.425 13.1557
      vertex -25.6697 -22.925 13.1889
      vertex -25.6697 -22.425 13.1889
    endloop
  endfacet
  facet normal -0.195211 0 0.980761
    outer loop
      vertex -25.6697 -22.925 13.1889
      vertex -25.8365 -22.425 13.1557
      vertex -25.8365 -22.925 13.1557
    endloop
  endfacet
  facet normal 0.980761 0 -0.195211
    outer loop
      vertex -24.2111 -22.925 11.7303
      vertex -24.2443 -22.425 11.5635
      vertex -24.2111 -22.425 11.7303
    endloop
  endfacet
  facet normal 0.980761 0 -0.195211
    outer loop
      vertex -24.2443 -22.425 11.5635
      vertex -24.2111 -22.925 11.7303
      vertex -24.2443 -22.925 11.5635
    endloop
  endfacet
  facet normal -0.442267 0 0.896884
    outer loop
      vertex -26.15 -22.425 13.0258
      vertex -25.9975 -22.925 13.101
      vertex -25.9975 -22.425 13.101
    endloop
  endfacet
  facet normal -0.442267 0 0.896884
    outer loop
      vertex -25.9975 -22.925 13.101
      vertex -26.15 -22.425 13.0258
      vertex -26.15 -22.925 13.0258
    endloop
  endfacet
  facet normal -0.997868 0 0.0652701
    outer loop
      vertex -26.8 -22.925 11.9
      vertex -26.7889 -22.425 12.0697
      vertex -26.8 -22.425 11.9
    endloop
  endfacet
  facet normal -0.997868 0 0.0652701
    outer loop
      vertex -26.7889 -22.425 12.0697
      vertex -26.8 -22.925 11.9
      vertex -26.7889 -22.925 12.0697
    endloop
  endfacet
  facet normal 0.442267 0 -0.896884
    outer loop
      vertex -25.0025 -22.925 10.699
      vertex -24.85 -22.425 10.7742
      vertex -24.85 -22.925 10.7742
    endloop
  endfacet
  facet normal 0.442267 0 -0.896884
    outer loop
      vertex -24.85 -22.425 10.7742
      vertex -25.0025 -22.925 10.699
      vertex -25.0025 -22.425 10.699
    endloop
  endfacet
  facet normal -0.0652701 0 0.997868
    outer loop
      vertex -25.6697 -22.425 13.1889
      vertex -25.5 -22.925 13.2
      vertex -25.5 -22.425 13.2
    endloop
  endfacet
  facet normal -0.0652701 0 0.997868
    outer loop
      vertex -25.5 -22.925 13.2
      vertex -25.6697 -22.425 13.1889
      vertex -25.6697 -22.925 13.1889
    endloop
  endfacet
  facet normal 0.896884 0 -0.442267
    outer loop
      vertex -24.299 -22.925 11.4025
      vertex -24.3742 -22.425 11.25
      vertex -24.299 -22.425 11.4025
    endloop
  endfacet
  facet normal 0.896884 0 -0.442267
    outer loop
      vertex -24.3742 -22.425 11.25
      vertex -24.299 -22.925 11.4025
      vertex -24.3742 -22.925 11.25
    endloop
  endfacet
  facet normal -0.0652701 0 -0.997868
    outer loop
      vertex -25.6697 -22.925 10.6111
      vertex -25.5 -22.425 10.6
      vertex -25.5 -22.925 10.6
    endloop
  endfacet
  facet normal -0.0652701 0 -0.997868
    outer loop
      vertex -25.5 -22.425 10.6
      vertex -25.6697 -22.925 10.6111
      vertex -25.6697 -22.425 10.6111
    endloop
  endfacet
  facet normal -0.195211 0 -0.980761
    outer loop
      vertex -25.8365 -22.925 10.6443
      vertex -25.6697 -22.425 10.6111
      vertex -25.6697 -22.925 10.6111
    endloop
  endfacet
  facet normal -0.195211 0 -0.980761
    outer loop
      vertex -25.6697 -22.425 10.6111
      vertex -25.8365 -22.925 10.6443
      vertex -25.8365 -22.425 10.6443
    endloop
  endfacet
  facet normal -0.555243 0 -0.831688
    outer loop
      vertex -26.2914 -22.925 10.8686
      vertex -26.15 -22.425 10.7742
      vertex -26.15 -22.925 10.7742
    endloop
  endfacet
  facet normal -0.555243 0 -0.831688
    outer loop
      vertex -26.15 -22.425 10.7742
      vertex -26.2914 -22.925 10.8686
      vertex -26.2914 -22.425 10.8686
    endloop
  endfacet
  facet normal -0.896884 0 -0.442267
    outer loop
      vertex -26.6258 -22.925 11.25
      vertex -26.701 -22.425 11.4025
      vertex -26.6258 -22.425 11.25
    endloop
  endfacet
  facet normal -0.896884 -0 -0.442267
    outer loop
      vertex -26.701 -22.425 11.4025
      vertex -26.6258 -22.925 11.25
      vertex -26.701 -22.925 11.4025
    endloop
  endfacet
  facet normal 0.751483 0 -0.659753
    outer loop
      vertex -24.4686 -22.925 11.1086
      vertex -24.5808 -22.425 10.9808
      vertex -24.4686 -22.425 11.1086
    endloop
  endfacet
  facet normal 0.751483 0 -0.659753
    outer loop
      vertex -24.5808 -22.425 10.9808
      vertex -24.4686 -22.925 11.1086
      vertex -24.5808 -22.925 10.9808
    endloop
  endfacet
  facet normal 0.659753 0 -0.751483
    outer loop
      vertex -24.7086 -22.925 10.8686
      vertex -24.5808 -22.425 10.9808
      vertex -24.5808 -22.925 10.9808
    endloop
  endfacet
  facet normal 0.659753 0 -0.751483
    outer loop
      vertex -24.5808 -22.425 10.9808
      vertex -24.7086 -22.925 10.8686
      vertex -24.7086 -22.425 10.8686
    endloop
  endfacet
  facet normal -0.831688 0 0.555243
    outer loop
      vertex -26.6258 -22.925 12.55
      vertex -26.5314 -22.425 12.6914
      vertex -26.6258 -22.425 12.55
    endloop
  endfacet
  facet normal -0.831688 0 0.555243
    outer loop
      vertex -26.5314 -22.425 12.6914
      vertex -26.6258 -22.925 12.55
      vertex -26.5314 -22.925 12.6914
    endloop
  endfacet
  facet normal -0.751483 0 0.659753
    outer loop
      vertex -26.5314 -22.925 12.6914
      vertex -26.4192 -22.425 12.8192
      vertex -26.5314 -22.425 12.6914
    endloop
  endfacet
  facet normal -0.751483 0 0.659753
    outer loop
      vertex -26.4192 -22.425 12.8192
      vertex -26.5314 -22.925 12.6914
      vertex -26.4192 -22.925 12.8192
    endloop
  endfacet
  facet normal 0.980761 -0 0.195211
    outer loop
      vertex 26.7557 -22.925 12.2365
      vertex 26.7889 -22.425 12.0697
      vertex 26.7557 -22.425 12.2365
    endloop
  endfacet
  facet normal 0.980761 0 0.195211
    outer loop
      vertex 26.7889 -22.425 12.0697
      vertex 26.7557 -22.925 12.2365
      vertex 26.7889 -22.925 12.0697
    endloop
  endfacet
  facet normal 0.997868 -0 0.0652701
    outer loop
      vertex 26.7889 -22.925 12.0697
      vertex 26.8 -22.425 11.9
      vertex 26.7889 -22.425 12.0697
    endloop
  endfacet
  facet normal 0.997868 0 0.0652701
    outer loop
      vertex 26.8 -22.425 11.9
      vertex 26.7889 -22.925 12.0697
      vertex 26.8 -22.925 11.9
    endloop
  endfacet
  facet normal 0.321692 0 0.946844
    outer loop
      vertex 25.8365 -22.425 13.1557
      vertex 25.9975 -22.925 13.101
      vertex 25.9975 -22.425 13.101
    endloop
  endfacet
  facet normal 0.321692 0 0.946844
    outer loop
      vertex 25.9975 -22.925 13.101
      vertex 25.8365 -22.425 13.1557
      vertex 25.8365 -22.925 13.1557
    endloop
  endfacet
  facet normal 0 1 0
    outer loop
      vertex 25.6697 -22.425 13.1889
      vertex 25.3303 -22.425 13.1889
      vertex 25.5 -22.425 13.2
    endloop
  endfacet
  facet normal 0 1 0
    outer loop
      vertex 25.8365 -22.425 13.1557
      vertex 25.3303 -22.425 13.1889
      vertex 25.6697 -22.425 13.1889
    endloop
  endfacet
  facet normal 0 1 0
    outer loop
      vertex 25.8365 -22.425 13.1557
      vertex 25.1635 -22.425 13.1557
      vertex 25.3303 -22.425 13.1889
    endloop
  endfacet
  facet normal 0 1 0
    outer loop
      vertex 25.9975 -22.425 13.101
      vertex 25.1635 -22.425 13.1557
      vertex 25.8365 -22.425 13.1557
    endloop
  endfacet
  facet normal 0 1 0
    outer loop
      vertex 25.9975 -22.425 13.101
      vertex 25.0025 -22.425 13.101
      vertex 25.1635 -22.425 13.1557
    endloop
  endfacet
  facet normal 0 1 0
    outer loop
      vertex 26.15 -22.425 13.0258
      vertex 25.0025 -22.425 13.101
      vertex 25.9975 -22.425 13.101
    endloop
  endfacet
  facet normal 0 1 0
    outer loop
      vertex 26.15 -22.425 13.0258
      vertex 24.85 -22.425 13.0258
      vertex 25.0025 -22.425 13.101
    endloop
  endfacet
  facet normal 0 1 0
    outer loop
      vertex 26.2914 -22.425 12.9314
      vertex 24.85 -22.425 13.0258
      vertex 26.15 -22.425 13.0258
    endloop
  endfacet
  facet normal 0 1 0
    outer loop
      vertex 26.2914 -22.425 12.9314
      vertex 24.7086 -22.425 12.9314
      vertex 24.85 -22.425 13.0258
    endloop
  endfacet
  facet normal 0 1 0
    outer loop
      vertex 26.4192 -22.425 12.8192
      vertex 24.7086 -22.425 12.9314
      vertex 26.2914 -22.425 12.9314
    endloop
  endfacet
  facet normal 0 1 0
    outer loop
      vertex 26.4192 -22.425 12.8192
      vertex 24.5808 -22.425 12.8192
      vertex 24.7086 -22.425 12.9314
    endloop
  endfacet
  facet normal 0 1 0
    outer loop
      vertex 26.5314 -22.425 12.6914
      vertex 24.5808 -22.425 12.8192
      vertex 26.4192 -22.425 12.8192
    endloop
  endfacet
  facet normal 0 1 0
    outer loop
      vertex 26.5314 -22.425 12.6914
      vertex 24.4686 -22.425 12.6914
      vertex 24.5808 -22.425 12.8192
    endloop
  endfacet
  facet normal 0 1 0
    outer loop
      vertex 26.6258 -22.425 12.55
      vertex 24.4686 -22.425 12.6914
      vertex 26.5314 -22.425 12.6914
    endloop
  endfacet
  facet normal 0 1 0
    outer loop
      vertex 26.6258 -22.425 12.55
      vertex 24.3742 -22.425 12.55
      vertex 24.4686 -22.425 12.6914
    endloop
  endfacet
  facet normal 0 1 0
    outer loop
      vertex 26.701 -22.425 12.3975
      vertex 24.3742 -22.425 12.55
      vertex 26.6258 -22.425 12.55
    endloop
  endfacet
  facet normal 0 1 0
    outer loop
      vertex 26.701 -22.425 12.3975
      vertex 24.299 -22.425 12.3975
      vertex 24.3742 -22.425 12.55
    endloop
  endfacet
  facet normal 0 1 0
    outer loop
      vertex 26.7557 -22.425 12.2365
      vertex 24.299 -22.425 12.3975
      vertex 26.701 -22.425 12.3975
    endloop
  endfacet
  facet normal 0 1 0
    outer loop
      vertex 26.7557 -22.425 12.2365
      vertex 24.2443 -22.425 12.2365
      vertex 24.299 -22.425 12.3975
    endloop
  endfacet
  facet normal 0 1 0
    outer loop
      vertex 26.7889 -22.425 12.0697
      vertex 24.2443 -22.425 12.2365
      vertex 26.7557 -22.425 12.2365
    endloop
  endfacet
  facet normal 0 1 0
    outer loop
      vertex 26.7889 -22.425 12.0697
      vertex 24.2111 -22.425 12.0697
      vertex 24.2443 -22.425 12.2365
    endloop
  endfacet
  facet normal 0 1 0
    outer loop
      vertex 26.8 -22.425 11.9
      vertex 24.2111 -22.425 12.0697
      vertex 26.7889 -22.425 12.0697
    endloop
  endfacet
  facet normal 0 1 0
    outer loop
      vertex 26.8 -22.425 11.9
      vertex 24.2 -22.425 11.9
      vertex 24.2111 -22.425 12.0697
    endloop
  endfacet
  facet normal 0 1 -0
    outer loop
      vertex 26.7889 -22.425 11.7303
      vertex 24.2 -22.425 11.9
      vertex 26.8 -22.425 11.9
    endloop
  endfacet
  facet normal 0 1 0
    outer loop
      vertex 26.7889 -22.425 11.7303
      vertex 24.2111 -22.425 11.7303
      vertex 24.2 -22.425 11.9
    endloop
  endfacet
  facet normal 0 1 -0
    outer loop
      vertex 26.7557 -22.425 11.5635
      vertex 24.2111 -22.425 11.7303
      vertex 26.7889 -22.425 11.7303
    endloop
  endfacet
  facet normal 0 1 0
    outer loop
      vertex 26.7557 -22.425 11.5635
      vertex 24.2443 -22.425 11.5635
      vertex 24.2111 -22.425 11.7303
    endloop
  endfacet
  facet normal 0 1 -0
    outer loop
      vertex 26.701 -22.425 11.4025
      vertex 24.2443 -22.425 11.5635
      vertex 26.7557 -22.425 11.5635
    endloop
  endfacet
  facet normal 0 1 0
    outer loop
      vertex 26.701 -22.425 11.4025
      vertex 24.299 -22.425 11.4025
      vertex 24.2443 -22.425 11.5635
    endloop
  endfacet
  facet normal 0 1 -0
    outer loop
      vertex 26.6258 -22.425 11.25
      vertex 24.299 -22.425 11.4025
      vertex 26.701 -22.425 11.4025
    endloop
  endfacet
  facet normal 0 1 0
    outer loop
      vertex 26.6258 -22.425 11.25
      vertex 24.3742 -22.425 11.25
      vertex 24.299 -22.425 11.4025
    endloop
  endfacet
  facet normal 0 1 -0
    outer loop
      vertex 26.5314 -22.425 11.1086
      vertex 24.3742 -22.425 11.25
      vertex 26.6258 -22.425 11.25
    endloop
  endfacet
  facet normal 0 1 0
    outer loop
      vertex 26.5314 -22.425 11.1086
      vertex 24.4686 -22.425 11.1086
      vertex 24.3742 -22.425 11.25
    endloop
  endfacet
  facet normal 0 1 -0
    outer loop
      vertex 26.4192 -22.425 10.9808
      vertex 24.4686 -22.425 11.1086
      vertex 26.5314 -22.425 11.1086
    endloop
  endfacet
  facet normal 0 1 0
    outer loop
      vertex 26.4192 -22.425 10.9808
      vertex 24.5808 -22.425 10.9808
      vertex 24.4686 -22.425 11.1086
    endloop
  endfacet
  facet normal 0 1 -0
    outer loop
      vertex 26.2914 -22.425 10.8686
      vertex 24.5808 -22.425 10.9808
      vertex 26.4192 -22.425 10.9808
    endloop
  endfacet
  facet normal 0 1 0
    outer loop
      vertex 26.2914 -22.425 10.8686
      vertex 24.7086 -22.425 10.8686
      vertex 24.5808 -22.425 10.9808
    endloop
  endfacet
  facet normal 0 1 -0
    outer loop
      vertex 26.15 -22.425 10.7742
      vertex 24.7086 -22.425 10.8686
      vertex 26.2914 -22.425 10.8686
    endloop
  endfacet
  facet normal 0 1 0
    outer loop
      vertex 26.15 -22.425 10.7742
      vertex 24.85 -22.425 10.7742
      vertex 24.7086 -22.425 10.8686
    endloop
  endfacet
  facet normal 0 1 -0
    outer loop
      vertex 25.9975 -22.425 10.699
      vertex 24.85 -22.425 10.7742
      vertex 26.15 -22.425 10.7742
    endloop
  endfacet
  facet normal 0 1 0
    outer loop
      vertex 25.9975 -22.425 10.699
      vertex 25.0025 -22.425 10.699
      vertex 24.85 -22.425 10.7742
    endloop
  endfacet
  facet normal 0 1 -0
    outer loop
      vertex 25.8365 -22.425 10.6443
      vertex 25.0025 -22.425 10.699
      vertex 25.9975 -22.425 10.699
    endloop
  endfacet
  facet normal 0 1 0
    outer loop
      vertex 25.8365 -22.425 10.6443
      vertex 25.1635 -22.425 10.6443
      vertex 25.0025 -22.425 10.699
    endloop
  endfacet
  facet normal 0 1 -0
    outer loop
      vertex 25.6697 -22.425 10.6111
      vertex 25.1635 -22.425 10.6443
      vertex 25.8365 -22.425 10.6443
    endloop
  endfacet
  facet normal 0 1 0
    outer loop
      vertex 25.6697 -22.425 10.6111
      vertex 25.3303 -22.425 10.6111
      vertex 25.1635 -22.425 10.6443
    endloop
  endfacet
  facet normal -0 1 0
    outer loop
      vertex 25.3303 -22.425 10.6111
      vertex 25.6697 -22.425 10.6111
      vertex 25.5 -22.425 10.6
    endloop
  endfacet
  facet normal 0.555243 0 0.831688
    outer loop
      vertex 26.15 -22.425 13.0258
      vertex 26.2914 -22.925 12.9314
      vertex 26.2914 -22.425 12.9314
    endloop
  endfacet
  facet normal 0.555243 0 0.831688
    outer loop
      vertex 26.2914 -22.925 12.9314
      vertex 26.15 -22.425 13.0258
      vertex 26.15 -22.925 13.0258
    endloop
  endfacet
  facet normal 0.195211 0 -0.980761
    outer loop
      vertex 25.6697 -22.925 10.6111
      vertex 25.8365 -22.425 10.6443
      vertex 25.8365 -22.925 10.6443
    endloop
  endfacet
  facet normal 0.195211 0 -0.980761
    outer loop
      vertex 25.8365 -22.425 10.6443
      vertex 25.6697 -22.925 10.6111
      vertex 25.6697 -22.425 10.6111
    endloop
  endfacet
  facet normal -0.659753 0 0.751483
    outer loop
      vertex 24.5808 -22.425 12.8192
      vertex 24.7086 -22.925 12.9314
      vertex 24.7086 -22.425 12.9314
    endloop
  endfacet
  facet normal -0.659753 0 0.751483
    outer loop
      vertex 24.7086 -22.925 12.9314
      vertex 24.5808 -22.425 12.8192
      vertex 24.5808 -22.925 12.8192
    endloop
  endfacet
  facet normal 0.0652701 0 0.997868
    outer loop
      vertex 25.5 -22.425 13.2
      vertex 25.6697 -22.925 13.1889
      vertex 25.6697 -22.425 13.1889
    endloop
  endfacet
  facet normal 0.0652701 0 0.997868
    outer loop
      vertex 25.6697 -22.925 13.1889
      vertex 25.5 -22.425 13.2
      vertex 25.5 -22.925 13.2
    endloop
  endfacet
  facet normal -0.321692 0 -0.946844
    outer loop
      vertex 25.0025 -22.925 10.699
      vertex 25.1635 -22.425 10.6443
      vertex 25.1635 -22.925 10.6443
    endloop
  endfacet
  facet normal -0.321692 0 -0.946844
    outer loop
      vertex 25.1635 -22.425 10.6443
      vertex 25.0025 -22.925 10.699
      vertex 25.0025 -22.425 10.699
    endloop
  endfacet
  facet normal 0.946844 -0 0.321692
    outer loop
      vertex 26.701 -22.925 12.3975
      vertex 26.7557 -22.425 12.2365
      vertex 26.701 -22.425 12.3975
    endloop
  endfacet
  facet normal 0.946844 0 0.321692
    outer loop
      vertex 26.7557 -22.425 12.2365
      vertex 26.701 -22.925 12.3975
      vertex 26.7557 -22.925 12.2365
    endloop
  endfacet
  facet normal -0.980761 0 -0.195211
    outer loop
      vertex 24.2443 -22.925 11.5635
      vertex 24.2111 -22.425 11.7303
      vertex 24.2443 -22.425 11.5635
    endloop
  endfacet
  facet normal -0.980761 -0 -0.195211
    outer loop
      vertex 24.2111 -22.425 11.7303
      vertex 24.2443 -22.925 11.5635
      vertex 24.2111 -22.925 11.7303
    endloop
  endfacet
  facet normal -0.751483 0 -0.659753
    outer loop
      vertex 24.5808 -22.925 10.9808
      vertex 24.4686 -22.425 11.1086
      vertex 24.5808 -22.425 10.9808
    endloop
  endfacet
  facet normal -0.751483 -0 -0.659753
    outer loop
      vertex 24.4686 -22.425 11.1086
      vertex 24.5808 -22.925 10.9808
      vertex 24.4686 -22.925 11.1086
    endloop
  endfacet
  facet normal 0.896884 -0 0.442267
    outer loop
      vertex 26.6258 -22.925 12.55
      vertex 26.701 -22.425 12.3975
      vertex 26.6258 -22.425 12.55
    endloop
  endfacet
  facet normal 0.896884 0 0.442267
    outer loop
      vertex 26.701 -22.425 12.3975
      vertex 26.6258 -22.925 12.55
      vertex 26.701 -22.925 12.3975
    endloop
  endfacet
  facet normal -0.946844 0 0.321692
    outer loop
      vertex 24.2443 -22.925 12.2365
      vertex 24.299 -22.425 12.3975
      vertex 24.2443 -22.425 12.2365
    endloop
  endfacet
  facet normal -0.946844 0 0.321692
    outer loop
      vertex 24.299 -22.425 12.3975
      vertex 24.2443 -22.925 12.2365
      vertex 24.299 -22.925 12.3975
    endloop
  endfacet
  facet normal 0.195211 0 0.980761
    outer loop
      vertex 25.6697 -22.425 13.1889
      vertex 25.8365 -22.925 13.1557
      vertex 25.8365 -22.425 13.1557
    endloop
  endfacet
  facet normal 0.195211 0 0.980761
    outer loop
      vertex 25.8365 -22.925 13.1557
      vertex 25.6697 -22.425 13.1889
      vertex 25.6697 -22.925 13.1889
    endloop
  endfacet
  facet normal 0.0652701 0 -0.997868
    outer loop
      vertex 25.5 -22.925 10.6
      vertex 25.6697 -22.425 10.6111
      vertex 25.6697 -22.925 10.6111
    endloop
  endfacet
  facet normal 0.0652701 0 -0.997868
    outer loop
      vertex 25.6697 -22.425 10.6111
      vertex 25.5 -22.925 10.6
      vertex 25.5 -22.425 10.6
    endloop
  endfacet
  facet normal 0.997868 0 -0.0652701
    outer loop
      vertex 26.8 -22.925 11.9
      vertex 26.7889 -22.425 11.7303
      vertex 26.8 -22.425 11.9
    endloop
  endfacet
  facet normal 0.997868 0 -0.0652701
    outer loop
      vertex 26.7889 -22.425 11.7303
      vertex 26.8 -22.925 11.9
      vertex 26.7889 -22.925 11.7303
    endloop
  endfacet
  facet normal 0.555243 0 -0.831688
    outer loop
      vertex 26.15 -22.925 10.7742
      vertex 26.2914 -22.425 10.8686
      vertex 26.2914 -22.925 10.8686
    endloop
  endfacet
  facet normal 0.555243 0 -0.831688
    outer loop
      vertex 26.2914 -22.425 10.8686
      vertex 26.15 -22.925 10.7742
      vertex 26.15 -22.425 10.7742
    endloop
  endfacet
  facet normal -0.831688 0 -0.555243
    outer loop
      vertex 24.4686 -22.925 11.1086
      vertex 24.3742 -22.425 11.25
      vertex 24.4686 -22.425 11.1086
    endloop
  endfacet
  facet normal -0.831688 -0 -0.555243
    outer loop
      vertex 24.3742 -22.425 11.25
      vertex 24.4686 -22.925 11.1086
      vertex 24.3742 -22.925 11.25
    endloop
  endfacet
  facet normal 0.751483 0 -0.659753
    outer loop
      vertex 26.5314 -22.925 11.1086
      vertex 26.4192 -22.425 10.9808
      vertex 26.5314 -22.425 11.1086
    endloop
  endfacet
  facet normal 0.751483 0 -0.659753
    outer loop
      vertex 26.4192 -22.425 10.9808
      vertex 26.5314 -22.925 11.1086
      vertex 26.4192 -22.925 10.9808
    endloop
  endfacet
  facet normal -0.997868 0 -0.0652701
    outer loop
      vertex 24.2111 -22.925 11.7303
      vertex 24.2 -22.425 11.9
      vertex 24.2111 -22.425 11.7303
    endloop
  endfacet
  facet normal -0.997868 -0 -0.0652701
    outer loop
      vertex 24.2 -22.425 11.9
      vertex 24.2111 -22.925 11.7303
      vertex 24.2 -22.925 11.9
    endloop
  endfacet
  facet normal -0.555243 0 0.831688
    outer loop
      vertex 24.7086 -22.425 12.9314
      vertex 24.85 -22.925 13.0258
      vertex 24.85 -22.425 13.0258
    endloop
  endfacet
  facet normal -0.555243 0 0.831688
    outer loop
      vertex 24.85 -22.925 13.0258
      vertex 24.7086 -22.425 12.9314
      vertex 24.7086 -22.925 12.9314
    endloop
  endfacet
  facet normal -0.980761 0 0.195211
    outer loop
      vertex 24.2111 -22.925 12.0697
      vertex 24.2443 -22.425 12.2365
      vertex 24.2111 -22.425 12.0697
    endloop
  endfacet
  facet normal -0.980761 0 0.195211
    outer loop
      vertex 24.2443 -22.425 12.2365
      vertex 24.2111 -22.925 12.0697
      vertex 24.2443 -22.925 12.2365
    endloop
  endfacet
  facet normal 0.321692 0 -0.946844
    outer loop
      vertex 25.8365 -22.925 10.6443
      vertex 25.9975 -22.425 10.699
      vertex 25.9975 -22.925 10.699
    endloop
  endfacet
  facet normal 0.321692 0 -0.946844
    outer loop
      vertex 25.9975 -22.425 10.699
      vertex 25.8365 -22.925 10.6443
      vertex 25.8365 -22.425 10.6443
    endloop
  endfacet
  facet normal 0.751483 -0 0.659753
    outer loop
      vertex 26.4192 -22.925 12.8192
      vertex 26.5314 -22.425 12.6914
      vertex 26.4192 -22.425 12.8192
    endloop
  endfacet
  facet normal 0.751483 0 0.659753
    outer loop
      vertex 26.5314 -22.425 12.6914
      vertex 26.4192 -22.925 12.8192
      vertex 26.5314 -22.925 12.6914
    endloop
  endfacet
  facet normal -0.946844 0 -0.321692
    outer loop
      vertex 24.299 -22.925 11.4025
      vertex 24.2443 -22.425 11.5635
      vertex 24.299 -22.425 11.4025
    endloop
  endfacet
  facet normal -0.946844 -0 -0.321692
    outer loop
      vertex 24.2443 -22.425 11.5635
      vertex 24.299 -22.925 11.4025
      vertex 24.2443 -22.925 11.5635
    endloop
  endfacet
  facet normal 0.659753 0 0.751483
    outer loop
      vertex 26.2914 -22.425 12.9314
      vertex 26.4192 -22.925 12.8192
      vertex 26.4192 -22.425 12.8192
    endloop
  endfacet
  facet normal 0.659753 0 0.751483
    outer loop
      vertex 26.4192 -22.925 12.8192
      vertex 26.2914 -22.425 12.9314
      vertex 26.2914 -22.925 12.9314
    endloop
  endfacet
  facet normal 0.831688 -0 0.555243
    outer loop
      vertex 26.5314 -22.925 12.6914
      vertex 26.6258 -22.425 12.55
      vertex 26.5314 -22.425 12.6914
    endloop
  endfacet
  facet normal 0.831688 0 0.555243
    outer loop
      vertex 26.6258 -22.425 12.55
      vertex 26.5314 -22.925 12.6914
      vertex 26.6258 -22.925 12.55
    endloop
  endfacet
  facet normal -0.896884 0 0.442267
    outer loop
      vertex 24.299 -22.925 12.3975
      vertex 24.3742 -22.425 12.55
      vertex 24.299 -22.425 12.3975
    endloop
  endfacet
  facet normal -0.896884 0 0.442267
    outer loop
      vertex 24.3742 -22.425 12.55
      vertex 24.299 -22.925 12.3975
      vertex 24.3742 -22.925 12.55
    endloop
  endfacet
  facet normal -0.321692 0 0.946844
    outer loop
      vertex 25.0025 -22.425 13.101
      vertex 25.1635 -22.925 13.1557
      vertex 25.1635 -22.425 13.1557
    endloop
  endfacet
  facet normal -0.321692 0 0.946844
    outer loop
      vertex 25.1635 -22.925 13.1557
      vertex 25.0025 -22.425 13.101
      vertex 25.0025 -22.925 13.101
    endloop
  endfacet
  facet normal 0.831688 0 -0.555243
    outer loop
      vertex 26.6258 -22.925 11.25
      vertex 26.5314 -22.425 11.1086
      vertex 26.6258 -22.425 11.25
    endloop
  endfacet
  facet normal 0.831688 0 -0.555243
    outer loop
      vertex 26.5314 -22.425 11.1086
      vertex 26.6258 -22.925 11.25
      vertex 26.5314 -22.925 11.1086
    endloop
  endfacet
  facet normal -0.659753 0 -0.751483
    outer loop
      vertex 24.5808 -22.925 10.9808
      vertex 24.7086 -22.425 10.8686
      vertex 24.7086 -22.925 10.8686
    endloop
  endfacet
  facet normal -0.659753 0 -0.751483
    outer loop
      vertex 24.7086 -22.425 10.8686
      vertex 24.5808 -22.925 10.9808
      vertex 24.5808 -22.425 10.9808
    endloop
  endfacet
  facet normal -0.442267 0 0.896884
    outer loop
      vertex 24.85 -22.425 13.0258
      vertex 25.0025 -22.925 13.101
      vertex 25.0025 -22.425 13.101
    endloop
  endfacet
  facet normal -0.442267 0 0.896884
    outer loop
      vertex 25.0025 -22.925 13.101
      vertex 24.85 -22.425 13.0258
      vertex 24.85 -22.925 13.0258
    endloop
  endfacet
  facet normal 0.442267 0 0.896884
    outer loop
      vertex 25.9975 -22.425 13.101
      vertex 26.15 -22.925 13.0258
      vertex 26.15 -22.425 13.0258
    endloop
  endfacet
  facet normal 0.442267 0 0.896884
    outer loop
      vertex 26.15 -22.925 13.0258
      vertex 25.9975 -22.425 13.101
      vertex 25.9975 -22.925 13.101
    endloop
  endfacet
  facet normal 0.946844 0 -0.321692
    outer loop
      vertex 26.7557 -22.925 11.5635
      vertex 26.701 -22.425 11.4025
      vertex 26.7557 -22.425 11.5635
    endloop
  endfacet
  facet normal 0.946844 0 -0.321692
    outer loop
      vertex 26.701 -22.425 11.4025
      vertex 26.7557 -22.925 11.5635
      vertex 26.701 -22.925 11.4025
    endloop
  endfacet
  facet normal -0.442267 0 -0.896884
    outer loop
      vertex 24.85 -22.925 10.7742
      vertex 25.0025 -22.425 10.699
      vertex 25.0025 -22.925 10.699
    endloop
  endfacet
  facet normal -0.442267 0 -0.896884
    outer loop
      vertex 25.0025 -22.425 10.699
      vertex 24.85 -22.925 10.7742
      vertex 24.85 -22.425 10.7742
    endloop
  endfacet
  facet normal -0.195211 0 0.980761
    outer loop
      vertex 25.1635 -22.425 13.1557
      vertex 25.3303 -22.925 13.1889
      vertex 25.3303 -22.425 13.1889
    endloop
  endfacet
  facet normal -0.195211 0 0.980761
    outer loop
      vertex 25.3303 -22.925 13.1889
      vertex 25.1635 -22.425 13.1557
      vertex 25.1635 -22.925 13.1557
    endloop
  endfacet
  facet normal 0.980761 0 -0.195211
    outer loop
      vertex 26.7889 -22.925 11.7303
      vertex 26.7557 -22.425 11.5635
      vertex 26.7889 -22.425 11.7303
    endloop
  endfacet
  facet normal 0.980761 0 -0.195211
    outer loop
      vertex 26.7557 -22.425 11.5635
      vertex 26.7889 -22.925 11.7303
      vertex 26.7557 -22.925 11.5635
    endloop
  endfacet
  facet normal -0.997868 0 0.0652701
    outer loop
      vertex 24.2 -22.925 11.9
      vertex 24.2111 -22.425 12.0697
      vertex 24.2 -22.425 11.9
    endloop
  endfacet
  facet normal -0.997868 0 0.0652701
    outer loop
      vertex 24.2111 -22.425 12.0697
      vertex 24.2 -22.925 11.9
      vertex 24.2111 -22.925 12.0697
    endloop
  endfacet
  facet normal 0 -1 0
    outer loop
      vertex 25.3303 -22.925 13.1889
      vertex 25.6697 -22.925 13.1889
      vertex 25.5 -22.925 13.2
    endloop
  endfacet
  facet normal 0 -1 0
    outer loop
      vertex 25.1635 -22.925 13.1557
      vertex 25.6697 -22.925 13.1889
      vertex 25.3303 -22.925 13.1889
    endloop
  endfacet
  facet normal 0 -1 0
    outer loop
      vertex 25.1635 -22.925 13.1557
      vertex 25.8365 -22.925 13.1557
      vertex 25.6697 -22.925 13.1889
    endloop
  endfacet
  facet normal 0 -1 0
    outer loop
      vertex 25.0025 -22.925 13.101
      vertex 25.8365 -22.925 13.1557
      vertex 25.1635 -22.925 13.1557
    endloop
  endfacet
  facet normal 0 -1 0
    outer loop
      vertex 25.0025 -22.925 13.101
      vertex 25.9975 -22.925 13.101
      vertex 25.8365 -22.925 13.1557
    endloop
  endfacet
  facet normal 0 -1 0
    outer loop
      vertex 24.85 -22.925 13.0258
      vertex 25.9975 -22.925 13.101
      vertex 25.0025 -22.925 13.101
    endloop
  endfacet
  facet normal 0 -1 0
    outer loop
      vertex 24.85 -22.925 13.0258
      vertex 26.15 -22.925 13.0258
      vertex 25.9975 -22.925 13.101
    endloop
  endfacet
  facet normal 0 -1 0
    outer loop
      vertex 24.7086 -22.925 12.9314
      vertex 26.15 -22.925 13.0258
      vertex 24.85 -22.925 13.0258
    endloop
  endfacet
  facet normal 0 -1 0
    outer loop
      vertex 24.7086 -22.925 12.9314
      vertex 26.2914 -22.925 12.9314
      vertex 26.15 -22.925 13.0258
    endloop
  endfacet
  facet normal 0 -1 0
    outer loop
      vertex 24.5808 -22.925 12.8192
      vertex 26.2914 -22.925 12.9314
      vertex 24.7086 -22.925 12.9314
    endloop
  endfacet
  facet normal 0 -1 0
    outer loop
      vertex 24.5808 -22.925 12.8192
      vertex 26.4192 -22.925 12.8192
      vertex 26.2914 -22.925 12.9314
    endloop
  endfacet
  facet normal 0 -1 0
    outer loop
      vertex 24.4686 -22.925 12.6914
      vertex 26.4192 -22.925 12.8192
      vertex 24.5808 -22.925 12.8192
    endloop
  endfacet
  facet normal 0 -1 0
    outer loop
      vertex 24.4686 -22.925 12.6914
      vertex 26.5314 -22.925 12.6914
      vertex 26.4192 -22.925 12.8192
    endloop
  endfacet
  facet normal 0 -1 0
    outer loop
      vertex 24.3742 -22.925 12.55
      vertex 26.5314 -22.925 12.6914
      vertex 24.4686 -22.925 12.6914
    endloop
  endfacet
  facet normal 0 -1 0
    outer loop
      vertex 24.3742 -22.925 12.55
      vertex 26.6258 -22.925 12.55
      vertex 26.5314 -22.925 12.6914
    endloop
  endfacet
  facet normal 0 -1 0
    outer loop
      vertex 24.299 -22.925 12.3975
      vertex 26.6258 -22.925 12.55
      vertex 24.3742 -22.925 12.55
    endloop
  endfacet
  facet normal 0 -1 0
    outer loop
      vertex 24.299 -22.925 12.3975
      vertex 26.701 -22.925 12.3975
      vertex 26.6258 -22.925 12.55
    endloop
  endfacet
  facet normal 0 -1 0
    outer loop
      vertex 24.2443 -22.925 12.2365
      vertex 26.701 -22.925 12.3975
      vertex 24.299 -22.925 12.3975
    endloop
  endfacet
  facet normal 0 -1 0
    outer loop
      vertex 24.2443 -22.925 12.2365
      vertex 26.7557 -22.925 12.2365
      vertex 26.701 -22.925 12.3975
    endloop
  endfacet
  facet normal 0 -1 0
    outer loop
      vertex 24.2111 -22.925 12.0697
      vertex 26.7557 -22.925 12.2365
      vertex 24.2443 -22.925 12.2365
    endloop
  endfacet
  facet normal 0 -1 0
    outer loop
      vertex 24.2111 -22.925 12.0697
      vertex 26.7889 -22.925 12.0697
      vertex 26.7557 -22.925 12.2365
    endloop
  endfacet
  facet normal 0 -1 0
    outer loop
      vertex 24.2 -22.925 11.9
      vertex 26.7889 -22.925 12.0697
      vertex 24.2111 -22.925 12.0697
    endloop
  endfacet
  facet normal 0 -1 0
    outer loop
      vertex 24.2 -22.925 11.9
      vertex 26.8 -22.925 11.9
      vertex 26.7889 -22.925 12.0697
    endloop
  endfacet
  facet normal 0 -1 0
    outer loop
      vertex 24.2111 -22.925 11.7303
      vertex 26.8 -22.925 11.9
      vertex 24.2 -22.925 11.9
    endloop
  endfacet
  facet normal 0 -1 0
    outer loop
      vertex 24.2111 -22.925 11.7303
      vertex 26.7889 -22.925 11.7303
      vertex 26.8 -22.925 11.9
    endloop
  endfacet
  facet normal 0 -1 0
    outer loop
      vertex 24.2443 -22.925 11.5635
      vertex 26.7889 -22.925 11.7303
      vertex 24.2111 -22.925 11.7303
    endloop
  endfacet
  facet normal 0 -1 0
    outer loop
      vertex 24.2443 -22.925 11.5635
      vertex 26.7557 -22.925 11.5635
      vertex 26.7889 -22.925 11.7303
    endloop
  endfacet
  facet normal 0 -1 0
    outer loop
      vertex 24.299 -22.925 11.4025
      vertex 26.7557 -22.925 11.5635
      vertex 24.2443 -22.925 11.5635
    endloop
  endfacet
  facet normal 0 -1 0
    outer loop
      vertex 24.299 -22.925 11.4025
      vertex 26.701 -22.925 11.4025
      vertex 26.7557 -22.925 11.5635
    endloop
  endfacet
  facet normal 0 -1 0
    outer loop
      vertex 24.3742 -22.925 11.25
      vertex 26.701 -22.925 11.4025
      vertex 24.299 -22.925 11.4025
    endloop
  endfacet
  facet normal 0 -1 0
    outer loop
      vertex 24.3742 -22.925 11.25
      vertex 26.6258 -22.925 11.25
      vertex 26.701 -22.925 11.4025
    endloop
  endfacet
  facet normal 0 -1 0
    outer loop
      vertex 24.4686 -22.925 11.1086
      vertex 26.6258 -22.925 11.25
      vertex 24.3742 -22.925 11.25
    endloop
  endfacet
  facet normal 0 -1 0
    outer loop
      vertex 24.4686 -22.925 11.1086
      vertex 26.5314 -22.925 11.1086
      vertex 26.6258 -22.925 11.25
    endloop
  endfacet
  facet normal 0 -1 0
    outer loop
      vertex 24.5808 -22.925 10.9808
      vertex 26.5314 -22.925 11.1086
      vertex 24.4686 -22.925 11.1086
    endloop
  endfacet
  facet normal 0 -1 0
    outer loop
      vertex 24.5808 -22.925 10.9808
      vertex 26.4192 -22.925 10.9808
      vertex 26.5314 -22.925 11.1086
    endloop
  endfacet
  facet normal 0 -1 0
    outer loop
      vertex 24.7086 -22.925 10.8686
      vertex 26.4192 -22.925 10.9808
      vertex 24.5808 -22.925 10.9808
    endloop
  endfacet
  facet normal 0 -1 0
    outer loop
      vertex 24.7086 -22.925 10.8686
      vertex 26.2914 -22.925 10.8686
      vertex 26.4192 -22.925 10.9808
    endloop
  endfacet
  facet normal 0 -1 0
    outer loop
      vertex 24.85 -22.925 10.7742
      vertex 26.2914 -22.925 10.8686
      vertex 24.7086 -22.925 10.8686
    endloop
  endfacet
  facet normal 0 -1 0
    outer loop
      vertex 24.85 -22.925 10.7742
      vertex 26.15 -22.925 10.7742
      vertex 26.2914 -22.925 10.8686
    endloop
  endfacet
  facet normal 0 -1 0
    outer loop
      vertex 25.0025 -22.925 10.699
      vertex 26.15 -22.925 10.7742
      vertex 24.85 -22.925 10.7742
    endloop
  endfacet
  facet normal 0 -1 0
    outer loop
      vertex 25.0025 -22.925 10.699
      vertex 25.9975 -22.925 10.699
      vertex 26.15 -22.925 10.7742
    endloop
  endfacet
  facet normal 0 -1 0
    outer loop
      vertex 25.1635 -22.925 10.6443
      vertex 25.9975 -22.925 10.699
      vertex 25.0025 -22.925 10.699
    endloop
  endfacet
  facet normal 0 -1 0
    outer loop
      vertex 25.1635 -22.925 10.6443
      vertex 25.8365 -22.925 10.6443
      vertex 25.9975 -22.925 10.699
    endloop
  endfacet
  facet normal 0 -1 0
    outer loop
      vertex 25.3303 -22.925 10.6111
      vertex 25.8365 -22.925 10.6443
      vertex 25.1635 -22.925 10.6443
    endloop
  endfacet
  facet normal 0 -1 0
    outer loop
      vertex 25.3303 -22.925 10.6111
      vertex 25.6697 -22.925 10.6111
      vertex 25.8365 -22.925 10.6443
    endloop
  endfacet
  facet normal -0 -1 0
    outer loop
      vertex 25.6697 -22.925 10.6111
      vertex 25.3303 -22.925 10.6111
      vertex 25.5 -22.925 10.6
    endloop
  endfacet
  facet normal 0.442267 0 -0.896884
    outer loop
      vertex 25.9975 -22.925 10.699
      vertex 26.15 -22.425 10.7742
      vertex 26.15 -22.925 10.7742
    endloop
  endfacet
  facet normal 0.442267 0 -0.896884
    outer loop
      vertex 26.15 -22.425 10.7742
      vertex 25.9975 -22.925 10.699
      vertex 25.9975 -22.425 10.699
    endloop
  endfacet
  facet normal -0.0652701 0 0.997868
    outer loop
      vertex 25.3303 -22.425 13.1889
      vertex 25.5 -22.925 13.2
      vertex 25.5 -22.425 13.2
    endloop
  endfacet
  facet normal -0.0652701 0 0.997868
    outer loop
      vertex 25.5 -22.925 13.2
      vertex 25.3303 -22.425 13.1889
      vertex 25.3303 -22.925 13.1889
    endloop
  endfacet
  facet normal 0.896884 0 -0.442267
    outer loop
      vertex 26.701 -22.925 11.4025
      vertex 26.6258 -22.425 11.25
      vertex 26.701 -22.425 11.4025
    endloop
  endfacet
  facet normal 0.896884 0 -0.442267
    outer loop
      vertex 26.6258 -22.425 11.25
      vertex 26.701 -22.925 11.4025
      vertex 26.6258 -22.925 11.25
    endloop
  endfacet
  facet normal -0.0652701 0 -0.997868
    outer loop
      vertex 25.3303 -22.925 10.6111
      vertex 25.5 -22.425 10.6
      vertex 25.5 -22.925 10.6
    endloop
  endfacet
  facet normal -0.0652701 0 -0.997868
    outer loop
      vertex 25.5 -22.425 10.6
      vertex 25.3303 -22.925 10.6111
      vertex 25.3303 -22.425 10.6111
    endloop
  endfacet
  facet normal -0.195211 0 -0.980761
    outer loop
      vertex 25.1635 -22.925 10.6443
      vertex 25.3303 -22.425 10.6111
      vertex 25.3303 -22.925 10.6111
    endloop
  endfacet
  facet normal -0.195211 0 -0.980761
    outer loop
      vertex 25.3303 -22.425 10.6111
      vertex 25.1635 -22.925 10.6443
      vertex 25.1635 -22.425 10.6443
    endloop
  endfacet
  facet normal -0.555243 0 -0.831688
    outer loop
      vertex 24.7086 -22.925 10.8686
      vertex 24.85 -22.425 10.7742
      vertex 24.85 -22.925 10.7742
    endloop
  endfacet
  facet normal -0.555243 0 -0.831688
    outer loop
      vertex 24.85 -22.425 10.7742
      vertex 24.7086 -22.925 10.8686
      vertex 24.7086 -22.425 10.8686
    endloop
  endfacet
  facet normal -0.896884 0 -0.442267
    outer loop
      vertex 24.3742 -22.925 11.25
      vertex 24.299 -22.425 11.4025
      vertex 24.3742 -22.425 11.25
    endloop
  endfacet
  facet normal -0.896884 -0 -0.442267
    outer loop
      vertex 24.299 -22.425 11.4025
      vertex 24.3742 -22.925 11.25
      vertex 24.299 -22.925 11.4025
    endloop
  endfacet
  facet normal -0.831688 0 0.555243
    outer loop
      vertex 24.3742 -22.925 12.55
      vertex 24.4686 -22.425 12.6914
      vertex 24.3742 -22.425 12.55
    endloop
  endfacet
  facet normal -0.831688 0 0.555243
    outer loop
      vertex 24.4686 -22.425 12.6914
      vertex 24.3742 -22.925 12.55
      vertex 24.4686 -22.925 12.6914
    endloop
  endfacet
  facet normal 0.659753 0 -0.751483
    outer loop
      vertex 26.2914 -22.925 10.8686
      vertex 26.4192 -22.425 10.9808
      vertex 26.4192 -22.925 10.9808
    endloop
  endfacet
  facet normal 0.659753 0 -0.751483
    outer loop
      vertex 26.4192 -22.425 10.9808
      vertex 26.2914 -22.925 10.8686
      vertex 26.2914 -22.425 10.8686
    endloop
  endfacet
  facet normal -0.751483 0 0.659753
    outer loop
      vertex 24.4686 -22.925 12.6914
      vertex 24.5808 -22.425 12.8192
      vertex 24.4686 -22.425 12.6914
    endloop
  endfacet
  facet normal -0.751483 0 0.659753
    outer loop
      vertex 24.5808 -22.425 12.8192
      vertex 24.4686 -22.925 12.6914
      vertex 24.5808 -22.925 12.8192
    endloop
  endfacet
  facet normal 0 1 -0
    outer loop
      vertex -7.875 28.205 9.3
      vertex -18.125 28.205 13.7
      vertex -7.875 28.205 13.7
    endloop
  endfacet
  facet normal 0 1 0
    outer loop
      vertex -18.125 28.205 13.7
      vertex -7.875 28.205 9.3
      vertex -18.125 28.205 9.3
    endloop
  endfacet
  facet normal 0 0 1
    outer loop
      vertex -7.875 28.205 13.7
      vertex -8.425 27.655 13.7
      vertex -7.875 22.605 13.7
    endloop
  endfacet
  facet normal 0 0 1
    outer loop
      vertex -7.875 28.205 13.7
      vertex -17.575 27.655 13.7
      vertex -8.425 27.655 13.7
    endloop
  endfacet
  facet normal -0 0 1
    outer loop
      vertex -18.125 28.205 13.7
      vertex -17.575 27.655 13.7
      vertex -7.875 28.205 13.7
    endloop
  endfacet
  facet normal 0 0 1
    outer loop
      vertex -18.125 22.605 13.7
      vertex -17.575 27.655 13.7
      vertex -18.125 28.205 13.7
    endloop
  endfacet
  facet normal 0 0 1
    outer loop
      vertex -17.575 27.655 13.7
      vertex -18.125 22.605 13.7
      vertex -17.575 22.605 13.7
    endloop
  endfacet
  facet normal 0 0 1
    outer loop
      vertex -7.875 22.605 13.7
      vertex -8.425 27.655 13.7
      vertex -8.425 22.605 13.7
    endloop
  endfacet
  facet normal 0 0 -1
    outer loop
      vertex -18.125 22.605 9.3
      vertex -7.875 28.205 9.3
      vertex -7.875 22.605 9.3
    endloop
  endfacet
  facet normal -0 0 -1
    outer loop
      vertex -7.875 28.205 9.3
      vertex -18.125 22.605 9.3
      vertex -18.125 28.205 9.3
    endloop
  endfacet
  facet normal 0 -1 0
    outer loop
      vertex -18.125 22.605 13.7
      vertex -17.575 22.605 9.85
      vertex -17.575 22.605 13.7
    endloop
  endfacet
  facet normal 0 -1 -0
    outer loop
      vertex -17.575 22.605 9.85
      vertex -18.125 22.605 9.3
      vertex -8.425 22.605 9.85
    endloop
  endfacet
  facet normal 0 -1 0
    outer loop
      vertex -18.125 22.605 9.3
      vertex -17.575 22.605 9.85
      vertex -18.125 22.605 13.7
    endloop
  endfacet
  facet normal 0 -1 0
    outer loop
      vertex -8.425 22.605 9.85
      vertex -7.875 22.605 13.7
      vertex -8.425 22.605 13.7
    endloop
  endfacet
  facet normal 0 -1 0
    outer loop
      vertex -8.425 22.605 9.85
      vertex -7.875 22.605 9.3
      vertex -7.875 22.605 13.7
    endloop
  endfacet
  facet normal 0 -1 0
    outer loop
      vertex -7.875 22.605 9.3
      vertex -8.425 22.605 9.85
      vertex -18.125 22.605 9.3
    endloop
  endfacet
  facet normal -1 0 0
    outer loop
      vertex -18.125 22.605 9.3
      vertex -18.125 28.205 13.7
      vertex -18.125 28.205 9.3
    endloop
  endfacet
  facet normal -1 -0 0
    outer loop
      vertex -18.125 28.205 13.7
      vertex -18.125 22.605 9.3
      vertex -18.125 22.605 13.7
    endloop
  endfacet
  facet normal 1 -0 0
    outer loop
      vertex -7.875 22.605 13.7
      vertex -7.875 28.205 9.3
      vertex -7.875 28.205 13.7
    endloop
  endfacet
  facet normal 1 0 0
    outer loop
      vertex -7.875 28.205 9.3
      vertex -7.875 22.605 13.7
      vertex -7.875 22.605 9.3
    endloop
  endfacet
  facet normal 0 -1 0
    outer loop
      vertex -17.575 27.655 9.85
      vertex -8.425 27.655 13.7
      vertex -17.575 27.655 13.7
    endloop
  endfacet
  facet normal 0 -1 -0
    outer loop
      vertex -8.425 27.655 13.7
      vertex -17.575 27.655 9.85
      vertex -8.425 27.655 9.85
    endloop
  endfacet
  facet normal -0 0 1
    outer loop
      vertex -17.575 27.655 9.85
      vertex -8.425 22.605 9.85
      vertex -8.425 27.655 9.85
    endloop
  endfacet
  facet normal 0 0 1
    outer loop
      vertex -8.425 22.605 9.85
      vertex -17.575 27.655 9.85
      vertex -17.575 22.605 9.85
    endloop
  endfacet
  facet normal 1 -0 0
    outer loop
      vertex -17.575 22.605 13.7
      vertex -17.575 27.655 9.85
      vertex -17.575 27.655 13.7
    endloop
  endfacet
  facet normal 1 0 0
    outer loop
      vertex -17.575 27.655 9.85
      vertex -17.575 22.605 13.7
      vertex -17.575 22.605 9.85
    endloop
  endfacet
  facet normal -1 0 0
    outer loop
      vertex -8.425 22.605 9.85
      vertex -8.425 27.655 13.7
      vertex -8.425 27.655 9.85
    endloop
  endfacet
  facet normal -1 -0 0
    outer loop
      vertex -8.425 27.655 13.7
      vertex -8.425 22.605 9.85
      vertex -8.425 22.605 13.7
    endloop
  endfacet
  facet normal -0.659559 0 0.751653
    outer loop
      vertex -2.70711 29.105 12.3571
      vertex -2.60876 22.605 12.4434
      vertex -2.60876 29.105 12.4434
    endloop
  endfacet
  facet normal -0.659559 0 0.751653
    outer loop
      vertex -2.60876 22.605 12.4434
      vertex -2.70711 29.105 12.3571
      vertex -2.70711 22.605 12.3571
    endloop
  endfacet
  facet normal -0 0 1
    outer loop
      vertex -2 29.105 12.65
      vertex 5 22.605 12.65
      vertex 5 29.105 12.65
    endloop
  endfacet
  facet normal 0 0 1
    outer loop
      vertex 5 22.605 12.65
      vertex -2 29.105 12.65
      vertex -2 22.605 12.65
    endloop
  endfacet
  facet normal -0.0657427 0 0.997837
    outer loop
      vertex -2.13053 29.105 12.6414
      vertex -2 22.605 12.65
      vertex -2 29.105 12.65
    endloop
  endfacet
  facet normal -0.0657427 0 0.997837
    outer loop
      vertex -2 22.605 12.65
      vertex -2.13053 29.105 12.6414
      vertex -2.13053 22.605 12.6414
    endloop
  endfacet
  facet normal 0.442253 0 -0.89689
    outer loop
      vertex 5.38268 22.605 9.52612
      vertex 5.5 29.105 9.58397
      vertex 5.5 22.605 9.58397
    endloop
  endfacet
  facet normal 0.442253 0 -0.89689
    outer loop
      vertex 5.5 29.105 9.58397
      vertex 5.38268 22.605 9.52612
      vertex 5.38268 29.105 9.52612
    endloop
  endfacet
  facet normal -0.44256 0 0.896739
    outer loop
      vertex -2.5 29.105 12.516
      vertex -2.38268 22.605 12.5739
      vertex -2.38268 29.105 12.5739
    endloop
  endfacet
  facet normal -0.44256 0 0.896739
    outer loop
      vertex -2.38268 22.605 12.5739
      vertex -2.5 29.105 12.516
      vertex -2.5 22.605 12.516
    endloop
  endfacet
  facet normal 0 0 -1
    outer loop
      vertex -2 22.605 9.45
      vertex 5 29.105 9.45
      vertex 5 22.605 9.45
    endloop
  endfacet
  facet normal -0 0 -1
    outer loop
      vertex 5 29.105 9.45
      vertex -2 22.605 9.45
      vertex -2 29.105 9.45
    endloop
  endfacet
  facet normal -0.195102 0 -0.980783
    outer loop
      vertex -2.25882 22.605 9.48407
      vertex -2.13053 29.105 9.45855
      vertex -2.13053 22.605 9.45855
    endloop
  endfacet
  facet normal -0.195102 0 -0.980783
    outer loop
      vertex -2.13053 29.105 9.45855
      vertex -2.25882 22.605 9.48407
      vertex -2.25882 29.105 9.48407
    endloop
  endfacet
  facet normal 0.195102 0 -0.980783
    outer loop
      vertex 5.13053 22.605 9.45855
      vertex 5.25882 29.105 9.48407
      vertex 5.25882 22.605 9.48407
    endloop
  endfacet
  facet normal 0.195102 0 -0.980783
    outer loop
      vertex 5.25882 29.105 9.48407
      vertex 5.13053 22.605 9.45855
      vertex 5.13053 29.105 9.45855
    endloop
  endfacet
  facet normal 0.980786 -0 0.195087
    outer loop
      vertex 5.96593 22.605 11.9088
      vertex 5.99145 29.105 11.7805
      vertex 5.96593 29.105 11.9088
    endloop
  endfacet
  facet normal 0.980786 0 0.195087
    outer loop
      vertex 5.99145 29.105 11.7805
      vertex 5.96593 22.605 11.9088
      vertex 5.99145 22.605 11.7805
    endloop
  endfacet
  facet normal 0.94695 0 -0.321382
    outer loop
      vertex 5.96593 22.605 10.1912
      vertex 5.92388 29.105 10.0673
      vertex 5.96593 29.105 10.1912
    endloop
  endfacet
  facet normal 0.94695 0 -0.321382
    outer loop
      vertex 5.92388 29.105 10.0673
      vertex 5.96593 22.605 10.1912
      vertex 5.92388 22.605 10.0673
    endloop
  endfacet
  facet normal -0.442253 0 -0.89689
    outer loop
      vertex -2.5 22.605 9.58397
      vertex -2.38268 29.105 9.52612
      vertex -2.38268 22.605 9.52612
    endloop
  endfacet
  facet normal -0.442253 0 -0.89689
    outer loop
      vertex -2.38268 29.105 9.52612
      vertex -2.5 22.605 9.58397
      vertex -2.5 29.105 9.58397
    endloop
  endfacet
  facet normal 0.555617 0 -0.831438
    outer loop
      vertex 5.5 22.605 9.58397
      vertex 5.60876 29.105 9.65665
      vertex 5.60876 22.605 9.65665
    endloop
  endfacet
  facet normal 0.555617 0 -0.831438
    outer loop
      vertex 5.60876 29.105 9.65665
      vertex 5.5 22.605 9.58397
      vertex 5.5 29.105 9.58397
    endloop
  endfacet
  facet normal 0.831438 0 -0.555617
    outer loop
      vertex 5.86603 22.605 9.95
      vertex 5.79335 29.105 9.84124
      vertex 5.86603 29.105 9.95
    endloop
  endfacet
  facet normal 0.831438 0 -0.555617
    outer loop
      vertex 5.79335 29.105 9.84124
      vertex 5.86603 22.605 9.95
      vertex 5.79335 22.605 9.84124
    endloop
  endfacet
  facet normal 0.6593 0 -0.75188
    outer loop
      vertex 5.60876 22.605 9.65665
      vertex 5.70711 29.105 9.74289
      vertex 5.70711 22.605 9.74289
    endloop
  endfacet
  facet normal 0.6593 0 -0.75188
    outer loop
      vertex 5.70711 29.105 9.74289
      vertex 5.60876 22.605 9.65665
      vertex 5.60876 29.105 9.65665
    endloop
  endfacet
  facet normal 1 -0 0
    outer loop
      vertex 6 22.605 11.65
      vertex 6 29.105 10.45
      vertex 6 29.105 11.65
    endloop
  endfacet
  facet normal 1 0 0
    outer loop
      vertex 6 29.105 10.45
      vertex 6 22.605 11.65
      vertex 6 22.605 10.45
    endloop
  endfacet
  facet normal 0.44256 0 0.896739
    outer loop
      vertex 5.38268 29.105 12.5739
      vertex 5.5 22.605 12.516
      vertex 5.5 29.105 12.516
    endloop
  endfacet
  facet normal 0.44256 0 0.896739
    outer loop
      vertex 5.5 22.605 12.516
      vertex 5.38268 29.105 12.5739
      vertex 5.38268 22.605 12.5739
    endloop
  endfacet
  facet normal 0.555194 0 0.831721
    outer loop
      vertex 5.5 29.105 12.516
      vertex 5.60876 22.605 12.4434
      vertex 5.60876 29.105 12.4434
    endloop
  endfacet
  facet normal 0.555194 0 0.831721
    outer loop
      vertex 5.60876 22.605 12.4434
      vertex 5.5 29.105 12.516
      vertex 5.5 22.605 12.516
    endloop
  endfacet
  facet normal 0.0653621 0 -0.997862
    outer loop
      vertex 5 22.605 9.45
      vertex 5.13053 29.105 9.45855
      vertex 5.13053 22.605 9.45855
    endloop
  endfacet
  facet normal 0.0653621 0 -0.997862
    outer loop
      vertex 5.13053 29.105 9.45855
      vertex 5 22.605 9.45
      vertex 5 29.105 9.45
    endloop
  endfacet
  facet normal 0.0657427 0 0.997837
    outer loop
      vertex 5 29.105 12.65
      vertex 5.13053 22.605 12.6414
      vertex 5.13053 29.105 12.6414
    endloop
  endfacet
  facet normal 0.0657427 0 0.997837
    outer loop
      vertex 5.13053 22.605 12.6414
      vertex 5 29.105 12.65
      vertex 5 22.605 12.65
    endloop
  endfacet
  facet normal -0.6593 0 -0.75188
    outer loop
      vertex -2.70711 22.605 9.74289
      vertex -2.60876 29.105 9.65665
      vertex -2.60876 22.605 9.65665
    endloop
  endfacet
  facet normal -0.6593 0 -0.75188
    outer loop
      vertex -2.60876 29.105 9.65665
      vertex -2.70711 22.605 9.74289
      vertex -2.70711 29.105 9.74289
    endloop
  endfacet
  facet normal -0.831474 0 -0.555564
    outer loop
      vertex -2.79335 22.605 9.84124
      vertex -2.86602 29.105 9.95
      vertex -2.79335 29.105 9.84124
    endloop
  endfacet
  facet normal -0.831474 -0 -0.555564
    outer loop
      vertex -2.86602 29.105 9.95
      vertex -2.79335 22.605 9.84124
      vertex -2.86602 22.605 9.95
    endloop
  endfacet
  facet normal 0.321132 0 0.947034
    outer loop
      vertex 5.25882 29.105 12.6159
      vertex 5.38268 22.605 12.5739
      vertex 5.38268 29.105 12.5739
    endloop
  endfacet
  facet normal 0.321132 0 0.947034
    outer loop
      vertex 5.38268 22.605 12.5739
      vertex 5.25882 29.105 12.6159
      vertex 5.25882 22.605 12.6159
    endloop
  endfacet
  facet normal -0.555194 0 0.831721
    outer loop
      vertex -2.60876 29.105 12.4434
      vertex -2.5 22.605 12.516
      vertex -2.5 29.105 12.516
    endloop
  endfacet
  facet normal -0.555194 0 0.831721
    outer loop
      vertex -2.5 22.605 12.516
      vertex -2.60876 29.105 12.4434
      vertex -2.60876 22.605 12.4434
    endloop
  endfacet
  facet normal 0.94695 -0 0.321382
    outer loop
      vertex 5.92388 22.605 12.0327
      vertex 5.96593 29.105 11.9088
      vertex 5.92388 29.105 12.0327
    endloop
  endfacet
  facet normal 0.94695 0 0.321382
    outer loop
      vertex 5.96593 29.105 11.9088
      vertex 5.92388 22.605 12.0327
      vertex 5.96593 22.605 11.9088
    endloop
  endfacet
  facet normal -0.751714 0 0.659489
    outer loop
      vertex -2.79335 22.605 12.2588
      vertex -2.70711 29.105 12.3571
      vertex -2.79335 29.105 12.2588
    endloop
  endfacet
  facet normal -0.751714 0 0.659489
    outer loop
      vertex -2.70711 29.105 12.3571
      vertex -2.79335 22.605 12.2588
      vertex -2.70711 22.605 12.3571
    endloop
  endfacet
  facet normal -0.0653621 0 -0.997862
    outer loop
      vertex -2.13053 22.605 9.45855
      vertex -2 29.105 9.45
      vertex -2 22.605 9.45
    endloop
  endfacet
  facet normal -0.0653621 0 -0.997862
    outer loop
      vertex -2 29.105 9.45
      vertex -2.13053 22.605 9.45855
      vertex -2.13053 29.105 9.45855
    endloop
  endfacet
  facet normal 0.194955 0 0.980812
    outer loop
      vertex 5.13053 29.105 12.6414
      vertex 5.25882 22.605 12.6159
      vertex 5.25882 29.105 12.6159
    endloop
  endfacet
  facet normal 0.194955 0 0.980812
    outer loop
      vertex 5.25882 22.605 12.6159
      vertex 5.13053 29.105 12.6414
      vertex 5.13053 22.605 12.6414
    endloop
  endfacet
  facet normal -0.831568 0 0.555423
    outer loop
      vertex -2.86602 22.605 12.15
      vertex -2.79335 29.105 12.2588
      vertex -2.86602 29.105 12.15
    endloop
  endfacet
  facet normal -0.831568 0 0.555423
    outer loop
      vertex -2.79335 29.105 12.2588
      vertex -2.86602 22.605 12.15
      vertex -2.79335 22.605 12.2588
    endloop
  endfacet
  facet normal 0.997861 0 -0.0653771
    outer loop
      vertex 6 22.605 10.45
      vertex 5.99145 29.105 10.3195
      vertex 6 29.105 10.45
    endloop
  endfacet
  facet normal 0.997861 0 -0.0653771
    outer loop
      vertex 5.99145 29.105 10.3195
      vertex 6 22.605 10.45
      vertex 5.99145 22.605 10.3195
    endloop
  endfacet
  facet normal -0.997856 0 -0.0654532
    outer loop
      vertex -2.99144 22.605 10.3195
      vertex -3 29.105 10.45
      vertex -2.99144 29.105 10.3195
    endloop
  endfacet
  facet normal -0.997856 -0 -0.0654532
    outer loop
      vertex -3 29.105 10.45
      vertex -2.99144 22.605 10.3195
      vertex -3 22.605 10.45
    endloop
  endfacet
  facet normal -0.89683 0 -0.442375
    outer loop
      vertex -2.86602 22.605 9.95
      vertex -2.92388 29.105 10.0673
      vertex -2.86602 29.105 9.95
    endloop
  endfacet
  facet normal -0.89683 -0 -0.442375
    outer loop
      vertex -2.92388 29.105 10.0673
      vertex -2.86602 22.605 9.95
      vertex -2.92388 22.605 10.0673
    endloop
  endfacet
  facet normal 0.89686 0 -0.442314
    outer loop
      vertex 5.92388 22.605 10.0673
      vertex 5.86603 29.105 9.95
      vertex 5.92388 29.105 10.0673
    endloop
  endfacet
  facet normal 0.89686 0 -0.442314
    outer loop
      vertex 5.86603 29.105 9.95
      vertex 5.92388 22.605 10.0673
      vertex 5.86603 22.605 9.95
    endloop
  endfacet
  facet normal -0.321132 0 0.947034
    outer loop
      vertex -2.38268 29.105 12.5739
      vertex -2.25882 22.605 12.6159
      vertex -2.25882 29.105 12.6159
    endloop
  endfacet
  facet normal -0.321132 0 0.947034
    outer loop
      vertex -2.25882 22.605 12.6159
      vertex -2.38268 29.105 12.5739
      vertex -2.38268 22.605 12.5739
    endloop
  endfacet
  facet normal 0.75188 0 -0.6593
    outer loop
      vertex 5.79335 22.605 9.84124
      vertex 5.70711 29.105 9.74289
      vertex 5.79335 29.105 9.84124
    endloop
  endfacet
  facet normal 0.75188 0 -0.6593
    outer loop
      vertex 5.70711 29.105 9.74289
      vertex 5.79335 22.605 9.84124
      vertex 5.70711 22.605 9.74289
    endloop
  endfacet
  facet normal -1 0 0
    outer loop
      vertex -3 22.605 10.45
      vertex -3 29.105 11.65
      vertex -3 29.105 10.45
    endloop
  endfacet
  facet normal -1 -0 0
    outer loop
      vertex -3 29.105 11.65
      vertex -3 22.605 10.45
      vertex -3 22.605 11.65
    endloop
  endfacet
  facet normal 0.980786 0 -0.195087
    outer loop
      vertex 5.99145 22.605 10.3195
      vertex 5.96593 29.105 10.1912
      vertex 5.99145 29.105 10.3195
    endloop
  endfacet
  facet normal 0.980786 0 -0.195087
    outer loop
      vertex 5.96593 29.105 10.1912
      vertex 5.99145 22.605 10.3195
      vertex 5.96593 22.605 10.1912
    endloop
  endfacet
  facet normal -0.194955 0 0.980812
    outer loop
      vertex -2.25882 29.105 12.6159
      vertex -2.13053 22.605 12.6414
      vertex -2.13053 29.105 12.6414
    endloop
  endfacet
  facet normal -0.194955 0 0.980812
    outer loop
      vertex -2.13053 22.605 12.6414
      vertex -2.25882 29.105 12.6159
      vertex -2.25882 22.605 12.6159
    endloop
  endfacet
  facet normal -0.94695 0 -0.321382
    outer loop
      vertex -2.92388 22.605 10.0673
      vertex -2.96593 29.105 10.1912
      vertex -2.92388 29.105 10.0673
    endloop
  endfacet
  facet normal -0.94695 -0 -0.321382
    outer loop
      vertex -2.96593 29.105 10.1912
      vertex -2.92388 22.605 10.0673
      vertex -2.96593 22.605 10.1912
    endloop
  endfacet
  facet normal 0.321475 0 -0.946918
    outer loop
      vertex 5.25882 22.605 9.48407
      vertex 5.38268 29.105 9.52612
      vertex 5.38268 22.605 9.52612
    endloop
  endfacet
  facet normal 0.321475 0 -0.946918
    outer loop
      vertex 5.38268 29.105 9.52612
      vertex 5.25882 22.605 9.48407
      vertex 5.25882 29.105 9.48407
    endloop
  endfacet
  facet normal -0.980801 0 0.195013
    outer loop
      vertex -2.99144 22.605 11.7805
      vertex -2.96593 29.105 11.9088
      vertex -2.99144 29.105 11.7805
    endloop
  endfacet
  facet normal -0.980801 0 0.195013
    outer loop
      vertex -2.96593 29.105 11.9088
      vertex -2.99144 22.605 11.7805
      vertex -2.96593 22.605 11.9088
    endloop
  endfacet
  facet normal 0.997861 -0 0.0653771
    outer loop
      vertex 5.99145 22.605 11.7805
      vertex 6 29.105 11.65
      vertex 5.99145 29.105 11.7805
    endloop
  endfacet
  facet normal 0.997861 0 0.0653771
    outer loop
      vertex 6 29.105 11.65
      vertex 5.99145 22.605 11.7805
      vertex 6 22.605 11.65
    endloop
  endfacet
  facet normal -0.321475 0 -0.946918
    outer loop
      vertex -2.38268 22.605 9.52612
      vertex -2.25882 29.105 9.48407
      vertex -2.25882 22.605 9.48407
    endloop
  endfacet
  facet normal -0.321475 0 -0.946918
    outer loop
      vertex -2.25882 29.105 9.48407
      vertex -2.38268 22.605 9.52612
      vertex -2.38268 29.105 9.52612
    endloop
  endfacet
  facet normal 0 -1 0
    outer loop
      vertex -2.55 22.605 12.2
      vertex -2 22.605 12.65
      vertex -2.13053 22.605 12.6414
    endloop
  endfacet
  facet normal 0 -1 -0
    outer loop
      vertex -2 22.605 12.65
      vertex -2.55 22.605 12.2
      vertex 5 22.605 12.65
    endloop
  endfacet
  facet normal 0 -1 0
    outer loop
      vertex -2.55 22.605 12.2
      vertex -2.13053 22.605 12.6414
      vertex -2.25882 22.605 12.6159
    endloop
  endfacet
  facet normal 0 -1 0
    outer loop
      vertex 5.55 22.605 12.2
      vertex 5 22.605 12.65
      vertex -2.55 22.605 12.2
    endloop
  endfacet
  facet normal 0 -1 0
    outer loop
      vertex -2.55 22.605 12.2
      vertex -2.25882 22.605 12.6159
      vertex -2.38268 22.605 12.5739
    endloop
  endfacet
  facet normal 0 -1 0
    outer loop
      vertex 5 22.605 12.65
      vertex 5.55 22.605 12.2
      vertex 5.13053 22.605 12.6414
    endloop
  endfacet
  facet normal 0 -1 0
    outer loop
      vertex -2.55 22.605 12.2
      vertex -2.38268 22.605 12.5739
      vertex -2.5 22.605 12.516
    endloop
  endfacet
  facet normal 0 -1 0
    outer loop
      vertex 5.13053 22.605 12.6414
      vertex 5.55 22.605 12.2
      vertex 5.25882 22.605 12.6159
    endloop
  endfacet
  facet normal 0 -1 0
    outer loop
      vertex -2.55 22.605 12.2
      vertex -2.5 22.605 12.516
      vertex -2.60876 22.605 12.4434
    endloop
  endfacet
  facet normal 0 -1 0
    outer loop
      vertex 5.25882 22.605 12.6159
      vertex 5.55 22.605 12.2
      vertex 5.38268 22.605 12.5739
    endloop
  endfacet
  facet normal 0 -1 0
    outer loop
      vertex -2.55 22.605 12.2
      vertex -2.60876 22.605 12.4434
      vertex -2.70711 22.605 12.3571
    endloop
  endfacet
  facet normal 0 -1 0
    outer loop
      vertex 5.38268 22.605 12.5739
      vertex 5.55 22.605 12.2
      vertex 5.5 22.605 12.516
    endloop
  endfacet
  facet normal 0 -1 0
    outer loop
      vertex -2.55 22.605 12.2
      vertex -2.70711 22.605 12.3571
      vertex -2.79335 22.605 12.2588
    endloop
  endfacet
  facet normal 0 -1 0
    outer loop
      vertex 5.5 22.605 12.516
      vertex 5.55 22.605 12.2
      vertex 5.60876 22.605 12.4434
    endloop
  endfacet
  facet normal 0 -1 -0
    outer loop
      vertex 5.60876 22.605 12.4434
      vertex 5.55 22.605 12.2
      vertex 5.70711 22.605 12.3571
    endloop
  endfacet
  facet normal 0 -1 0
    outer loop
      vertex -2.86602 22.605 12.15
      vertex -2.55 22.605 12.2
      vertex -2.79335 22.605 12.2588
    endloop
  endfacet
  facet normal 0 -1 0
    outer loop
      vertex -2.92388 22.605 12.0327
      vertex -2.55 22.605 12.2
      vertex -2.86602 22.605 12.15
    endloop
  endfacet
  facet normal 0 -1 0
    outer loop
      vertex -2.96593 22.605 11.9088
      vertex -2.55 22.605 12.2
      vertex -2.92388 22.605 12.0327
    endloop
  endfacet
  facet normal 0 -1 0
    outer loop
      vertex -2.99144 22.605 11.7805
      vertex -2.55 22.605 12.2
      vertex -2.96593 22.605 11.9088
    endloop
  endfacet
  facet normal 0 -1 0
    outer loop
      vertex -3 22.605 11.65
      vertex -2.55 22.605 12.2
      vertex -2.99144 22.605 11.7805
    endloop
  endfacet
  facet normal 0 -1 0
    outer loop
      vertex -3 22.605 10.45
      vertex -2.55 22.605 12.2
      vertex -3 22.605 11.65
    endloop
  endfacet
  facet normal 0 -1 0
    outer loop
      vertex -2.55 22.605 9.9
      vertex -3 22.605 10.45
      vertex -2.99144 22.605 10.3195
    endloop
  endfacet
  facet normal 0 -1 0
    outer loop
      vertex -2.55 22.605 9.9
      vertex -2.99144 22.605 10.3195
      vertex -2.96593 22.605 10.1912
    endloop
  endfacet
  facet normal 0 -1 0
    outer loop
      vertex -2.55 22.605 9.9
      vertex -2.96593 22.605 10.1912
      vertex -2.92388 22.605 10.0673
    endloop
  endfacet
  facet normal 0 -1 0
    outer loop
      vertex -2.55 22.605 9.9
      vertex -2.92388 22.605 10.0673
      vertex -2.86602 22.605 9.95
    endloop
  endfacet
  facet normal 0 -1 0
    outer loop
      vertex -3 22.605 10.45
      vertex -2.55 22.605 9.9
      vertex -2.55 22.605 12.2
    endloop
  endfacet
  facet normal 0 -1 0
    outer loop
      vertex -2.70711 22.605 9.74289
      vertex -2.55 22.605 9.9
      vertex -2.79335 22.605 9.84124
    endloop
  endfacet
  facet normal 0 -1 0
    outer loop
      vertex -2.79335 22.605 9.84124
      vertex -2.55 22.605 9.9
      vertex -2.86602 22.605 9.95
    endloop
  endfacet
  facet normal 0 -1 -0
    outer loop
      vertex 5.70711 22.605 12.3571
      vertex 5.55 22.605 12.2
      vertex 5.79335 22.605 12.2588
    endloop
  endfacet
  facet normal 0 -1 0
    outer loop
      vertex 5.55 22.605 12.2
      vertex 5.86603 22.605 12.15
      vertex 5.79335 22.605 12.2588
    endloop
  endfacet
  facet normal 0 -1 0
    outer loop
      vertex 5.55 22.605 12.2
      vertex 5.92388 22.605 12.0327
      vertex 5.86603 22.605 12.15
    endloop
  endfacet
  facet normal 0 -1 0
    outer loop
      vertex 5.55 22.605 12.2
      vertex 5.96593 22.605 11.9088
      vertex 5.92388 22.605 12.0327
    endloop
  endfacet
  facet normal 0 -1 0
    outer loop
      vertex 5.55 22.605 12.2
      vertex 5.99145 22.605 11.7805
      vertex 5.96593 22.605 11.9088
    endloop
  endfacet
  facet normal 0 -1 0
    outer loop
      vertex 5.55 22.605 12.2
      vertex 6 22.605 11.65
      vertex 5.99145 22.605 11.7805
    endloop
  endfacet
  facet normal 0 -1 0
    outer loop
      vertex 5.55 22.605 12.2
      vertex 6 22.605 10.45
      vertex 6 22.605 11.65
    endloop
  endfacet
  facet normal 0 -1 0
    outer loop
      vertex 5.55 22.605 9.9
      vertex 6 22.605 10.45
      vertex 5.55 22.605 12.2
    endloop
  endfacet
  facet normal 0 -1 0
    outer loop
      vertex 6 22.605 10.45
      vertex 5.55 22.605 9.9
      vertex 5.99145 22.605 10.3195
    endloop
  endfacet
  facet normal 0 -1 0
    outer loop
      vertex 5.99145 22.605 10.3195
      vertex 5.55 22.605 9.9
      vertex 5.96593 22.605 10.1912
    endloop
  endfacet
  facet normal 0 -1 0
    outer loop
      vertex 5.96593 22.605 10.1912
      vertex 5.55 22.605 9.9
      vertex 5.92388 22.605 10.0673
    endloop
  endfacet
  facet normal 0 -1 0
    outer loop
      vertex 5.92388 22.605 10.0673
      vertex 5.55 22.605 9.9
      vertex 5.86603 22.605 9.95
    endloop
  endfacet
  facet normal 0 -1 0
    outer loop
      vertex 5.55 22.605 9.9
      vertex 5.79335 22.605 9.84124
      vertex 5.86603 22.605 9.95
    endloop
  endfacet
  facet normal 0 -1 0
    outer loop
      vertex -2.55 22.605 9.9
      vertex -2 22.605 9.45
      vertex 5.55 22.605 9.9
    endloop
  endfacet
  facet normal 0 -1 0
    outer loop
      vertex -2.60876 22.605 9.65665
      vertex -2.55 22.605 9.9
      vertex -2.70711 22.605 9.74289
    endloop
  endfacet
  facet normal 0 -1 0
    outer loop
      vertex 5 22.605 9.45
      vertex 5.55 22.605 9.9
      vertex -2 22.605 9.45
    endloop
  endfacet
  facet normal 0 -1 0
    outer loop
      vertex -2.5 22.605 9.58397
      vertex -2.55 22.605 9.9
      vertex -2.60876 22.605 9.65665
    endloop
  endfacet
  facet normal -0 -1 0
    outer loop
      vertex 5.13053 22.605 9.45855
      vertex 5.55 22.605 9.9
      vertex 5 22.605 9.45
    endloop
  endfacet
  facet normal 0 -1 0
    outer loop
      vertex -2.38268 22.605 9.52612
      vertex -2.55 22.605 9.9
      vertex -2.5 22.605 9.58397
    endloop
  endfacet
  facet normal 0 -1 0
    outer loop
      vertex 5.55 22.605 9.9
      vertex 5.70711 22.605 9.74289
      vertex 5.79335 22.605 9.84124
    endloop
  endfacet
  facet normal 0 -1 0
    outer loop
      vertex -2.25882 22.605 9.48407
      vertex -2.55 22.605 9.9
      vertex -2.38268 22.605 9.52612
    endloop
  endfacet
  facet normal 0 -1 0
    outer loop
      vertex 5.55 22.605 9.9
      vertex 5.60876 22.605 9.65665
      vertex 5.70711 22.605 9.74289
    endloop
  endfacet
  facet normal 0 -1 0
    outer loop
      vertex -2.13053 22.605 9.45855
      vertex -2.55 22.605 9.9
      vertex -2.25882 22.605 9.48407
    endloop
  endfacet
  facet normal 0 -1 -0
    outer loop
      vertex 5.55 22.605 9.9
      vertex 5.5 22.605 9.58397
      vertex 5.60876 22.605 9.65665
    endloop
  endfacet
  facet normal 0 -1 0
    outer loop
      vertex -2.55 22.605 9.9
      vertex -2.13053 22.605 9.45855
      vertex -2 22.605 9.45
    endloop
  endfacet
  facet normal 0 -1 0
    outer loop
      vertex 5.55 22.605 9.9
      vertex 5.38268 22.605 9.52612
      vertex 5.5 22.605 9.58397
    endloop
  endfacet
  facet normal 0 -1 0
    outer loop
      vertex 5.55 22.605 9.9
      vertex 5.25882 22.605 9.48407
      vertex 5.38268 22.605 9.52612
    endloop
  endfacet
  facet normal 0 -1 0
    outer loop
      vertex 5.55 22.605 9.9
      vertex 5.13053 22.605 9.45855
      vertex 5.25882 22.605 9.48407
    endloop
  endfacet
  facet normal -0.94695 0 0.321382
    outer loop
      vertex -2.96593 22.605 11.9088
      vertex -2.92388 29.105 12.0327
      vertex -2.96593 29.105 11.9088
    endloop
  endfacet
  facet normal -0.94695 0 0.321382
    outer loop
      vertex -2.92388 29.105 12.0327
      vertex -2.96593 22.605 11.9088
      vertex -2.92388 22.605 12.0327
    endloop
  endfacet
  facet normal -0.75188 0 -0.6593
    outer loop
      vertex -2.70711 22.605 9.74289
      vertex -2.79335 29.105 9.84124
      vertex -2.70711 29.105 9.74289
    endloop
  endfacet
  facet normal -0.75188 -0 -0.6593
    outer loop
      vertex -2.79335 29.105 9.84124
      vertex -2.70711 22.605 9.74289
      vertex -2.79335 22.605 9.84124
    endloop
  endfacet
  facet normal 0.831533 -0 0.555476
    outer loop
      vertex 5.79335 22.605 12.2588
      vertex 5.86603 29.105 12.15
      vertex 5.79335 29.105 12.2588
    endloop
  endfacet
  facet normal 0.831533 0 0.555476
    outer loop
      vertex 5.86603 29.105 12.15
      vertex 5.79335 22.605 12.2588
      vertex 5.86603 22.605 12.15
    endloop
  endfacet
  facet normal -0.980801 0 -0.195013
    outer loop
      vertex -2.96593 22.605 10.1912
      vertex -2.99144 29.105 10.3195
      vertex -2.96593 29.105 10.1912
    endloop
  endfacet
  facet normal -0.980801 -0 -0.195013
    outer loop
      vertex -2.99144 29.105 10.3195
      vertex -2.96593 22.605 10.1912
      vertex -2.99144 22.605 10.3195
    endloop
  endfacet
  facet normal 0.751714 -0 0.659489
    outer loop
      vertex 5.70711 22.605 12.3571
      vertex 5.79335 29.105 12.2588
      vertex 5.70711 29.105 12.3571
    endloop
  endfacet
  facet normal 0.751714 0 0.659489
    outer loop
      vertex 5.79335 29.105 12.2588
      vertex 5.70711 22.605 12.3571
      vertex 5.79335 22.605 12.2588
    endloop
  endfacet
  facet normal -0.555617 0 -0.831438
    outer loop
      vertex -2.60876 22.605 9.65665
      vertex -2.5 29.105 9.58397
      vertex -2.5 22.605 9.58397
    endloop
  endfacet
  facet normal -0.555617 0 -0.831438
    outer loop
      vertex -2.5 29.105 9.58397
      vertex -2.60876 22.605 9.65665
      vertex -2.60876 29.105 9.65665
    endloop
  endfacet
  facet normal -0.997856 0 0.0654532
    outer loop
      vertex -3 22.605 11.65
      vertex -2.99144 29.105 11.7805
      vertex -3 29.105 11.65
    endloop
  endfacet
  facet normal -0.997856 0 0.0654532
    outer loop
      vertex -2.99144 29.105 11.7805
      vertex -3 22.605 11.65
      vertex -2.99144 22.605 11.7805
    endloop
  endfacet
  facet normal -0.89683 0 0.442375
    outer loop
      vertex -2.92388 22.605 12.0327
      vertex -2.86602 29.105 12.15
      vertex -2.92388 29.105 12.0327
    endloop
  endfacet
  facet normal -0.89683 0 0.442375
    outer loop
      vertex -2.86602 29.105 12.15
      vertex -2.92388 22.605 12.0327
      vertex -2.86602 22.605 12.15
    endloop
  endfacet
  facet normal 0.89686 -0 0.442314
    outer loop
      vertex 5.86603 22.605 12.15
      vertex 5.92388 29.105 12.0327
      vertex 5.86603 29.105 12.15
    endloop
  endfacet
  facet normal 0.89686 0 0.442314
    outer loop
      vertex 5.92388 29.105 12.0327
      vertex 5.86603 22.605 12.15
      vertex 5.92388 22.605 12.0327
    endloop
  endfacet
  facet normal 0.659559 0 0.751653
    outer loop
      vertex 5.60876 29.105 12.4434
      vertex 5.70711 22.605 12.3571
      vertex 5.70711 29.105 12.3571
    endloop
  endfacet
  facet normal 0.659559 0 0.751653
    outer loop
      vertex 5.70711 22.605 12.3571
      vertex 5.60876 29.105 12.4434
      vertex 5.60876 22.605 12.4434
    endloop
  endfacet
  facet normal 0 1 0
    outer loop
      vertex 6 29.105 11.65
      vertex 5 29.105 12.65
      vertex 5.13053 29.105 12.6414
    endloop
  endfacet
  facet normal 0 1 0
    outer loop
      vertex 5 29.105 12.65
      vertex 5 29.105 9.45
      vertex -2 29.105 12.65
    endloop
  endfacet
  facet normal 0 1 0
    outer loop
      vertex 6 29.105 11.65
      vertex 5.13053 29.105 12.6414
      vertex 5.25882 29.105 12.6159
    endloop
  endfacet
  facet normal 0 1 0
    outer loop
      vertex -2 29.105 9.45
      vertex -2 29.105 12.65
      vertex 5 29.105 9.45
    endloop
  endfacet
  facet normal 0 1 0
    outer loop
      vertex 6 29.105 11.65
      vertex 5.25882 29.105 12.6159
      vertex 5.38268 29.105 12.5739
    endloop
  endfacet
  facet normal -0 1 0
    outer loop
      vertex -3 29.105 11.65
      vertex -2 29.105 12.65
      vertex -2 29.105 9.45
    endloop
  endfacet
  facet normal 0 1 0
    outer loop
      vertex 6 29.105 11.65
      vertex 5.38268 29.105 12.5739
      vertex 5.5 29.105 12.516
    endloop
  endfacet
  facet normal 0 1 0
    outer loop
      vertex -2 29.105 12.65
      vertex -3 29.105 11.65
      vertex -2.13053 29.105 12.6414
    endloop
  endfacet
  facet normal 0 1 0
    outer loop
      vertex 6 29.105 11.65
      vertex 5.5 29.105 12.516
      vertex 5.60876 29.105 12.4434
    endloop
  endfacet
  facet normal 0 1 0
    outer loop
      vertex -2.13053 29.105 12.6414
      vertex -3 29.105 11.65
      vertex -2.25882 29.105 12.6159
    endloop
  endfacet
  facet normal 0 1 0
    outer loop
      vertex 6 29.105 11.65
      vertex 5.60876 29.105 12.4434
      vertex 5.70711 29.105 12.3571
    endloop
  endfacet
  facet normal 0 1 0
    outer loop
      vertex -2.25882 29.105 12.6159
      vertex -3 29.105 11.65
      vertex -2.38268 29.105 12.5739
    endloop
  endfacet
  facet normal 0 1 0
    outer loop
      vertex 6 29.105 11.65
      vertex 5.70711 29.105 12.3571
      vertex 5.79335 29.105 12.2588
    endloop
  endfacet
  facet normal 0 1 0
    outer loop
      vertex -2.38268 29.105 12.5739
      vertex -3 29.105 11.65
      vertex -2.5 29.105 12.516
    endloop
  endfacet
  facet normal 0 1 0
    outer loop
      vertex 6 29.105 11.65
      vertex 5.79335 29.105 12.2588
      vertex 5.86603 29.105 12.15
    endloop
  endfacet
  facet normal 0 1 0
    outer loop
      vertex -2.5 29.105 12.516
      vertex -3 29.105 11.65
      vertex -2.60876 29.105 12.4434
    endloop
  endfacet
  facet normal 0 1 0
    outer loop
      vertex 6 29.105 11.65
      vertex 5.86603 29.105 12.15
      vertex 5.92388 29.105 12.0327
    endloop
  endfacet
  facet normal 0 1 0
    outer loop
      vertex -2.60876 29.105 12.4434
      vertex -3 29.105 11.65
      vertex -2.70711 29.105 12.3571
    endloop
  endfacet
  facet normal 0 1 0
    outer loop
      vertex 6 29.105 11.65
      vertex 5.92388 29.105 12.0327
      vertex 5.96593 29.105 11.9088
    endloop
  endfacet
  facet normal 0 1 0
    outer loop
      vertex -2.70711 29.105 12.3571
      vertex -3 29.105 11.65
      vertex -2.79335 29.105 12.2588
    endloop
  endfacet
  facet normal 0 1 0
    outer loop
      vertex 6 29.105 11.65
      vertex 5.96593 29.105 11.9088
      vertex 5.99145 29.105 11.7805
    endloop
  endfacet
  facet normal 0 1 0
    outer loop
      vertex -2.79335 29.105 12.2588
      vertex -3 29.105 11.65
      vertex -2.86602 29.105 12.15
    endloop
  endfacet
  facet normal 0 1 0
    outer loop
      vertex 5 29.105 12.65
      vertex 6 29.105 11.65
      vertex 5 29.105 9.45
    endloop
  endfacet
  facet normal 0 1 0
    outer loop
      vertex -2.86602 29.105 12.15
      vertex -3 29.105 11.65
      vertex -2.92388 29.105 12.0327
    endloop
  endfacet
  facet normal 0 1 0
    outer loop
      vertex 5 29.105 9.45
      vertex 6 29.105 11.65
      vertex 6 29.105 10.45
    endloop
  endfacet
  facet normal 0 1 0
    outer loop
      vertex -2.92388 29.105 12.0327
      vertex -3 29.105 11.65
      vertex -2.96593 29.105 11.9088
    endloop
  endfacet
  facet normal 0 1 0
    outer loop
      vertex 5 29.105 9.45
      vertex 6 29.105 10.45
      vertex 5.99145 29.105 10.3195
    endloop
  endfacet
  facet normal 0 1 0
    outer loop
      vertex -2.96593 29.105 11.9088
      vertex -3 29.105 11.65
      vertex -2.99144 29.105 11.7805
    endloop
  endfacet
  facet normal 0 1 0
    outer loop
      vertex 5 29.105 9.45
      vertex 5.99145 29.105 10.3195
      vertex 5.96593 29.105 10.1912
    endloop
  endfacet
  facet normal 0 1 0
    outer loop
      vertex -3 29.105 11.65
      vertex -2 29.105 9.45
      vertex -3 29.105 10.45
    endloop
  endfacet
  facet normal 0 1 0
    outer loop
      vertex 5 29.105 9.45
      vertex 5.96593 29.105 10.1912
      vertex 5.92388 29.105 10.0673
    endloop
  endfacet
  facet normal 0 1 0
    outer loop
      vertex -3 29.105 10.45
      vertex -2 29.105 9.45
      vertex -2.99144 29.105 10.3195
    endloop
  endfacet
  facet normal 0 1 0
    outer loop
      vertex 5 29.105 9.45
      vertex 5.92388 29.105 10.0673
      vertex 5.86603 29.105 9.95
    endloop
  endfacet
  facet normal 0 1 0
    outer loop
      vertex -2.99144 29.105 10.3195
      vertex -2 29.105 9.45
      vertex -2.96593 29.105 10.1912
    endloop
  endfacet
  facet normal 0 1 0
    outer loop
      vertex 5 29.105 9.45
      vertex 5.86603 29.105 9.95
      vertex 5.79335 29.105 9.84124
    endloop
  endfacet
  facet normal 0 1 0
    outer loop
      vertex -2.96593 29.105 10.1912
      vertex -2 29.105 9.45
      vertex -2.92388 29.105 10.0673
    endloop
  endfacet
  facet normal 0 1 0
    outer loop
      vertex 5 29.105 9.45
      vertex 5.79335 29.105 9.84124
      vertex 5.70711 29.105 9.74289
    endloop
  endfacet
  facet normal 0 1 0
    outer loop
      vertex -2.92388 29.105 10.0673
      vertex -2 29.105 9.45
      vertex -2.86602 29.105 9.95
    endloop
  endfacet
  facet normal 0 1 0
    outer loop
      vertex 5 29.105 9.45
      vertex 5.70711 29.105 9.74289
      vertex 5.60876 29.105 9.65665
    endloop
  endfacet
  facet normal 0 1 0
    outer loop
      vertex -2.86602 29.105 9.95
      vertex -2 29.105 9.45
      vertex -2.79335 29.105 9.84124
    endloop
  endfacet
  facet normal 0 1 0
    outer loop
      vertex 5 29.105 9.45
      vertex 5.60876 29.105 9.65665
      vertex 5.5 29.105 9.58397
    endloop
  endfacet
  facet normal 0 1 0
    outer loop
      vertex -2.79335 29.105 9.84124
      vertex -2 29.105 9.45
      vertex -2.70711 29.105 9.74289
    endloop
  endfacet
  facet normal 0 1 0
    outer loop
      vertex 5 29.105 9.45
      vertex 5.5 29.105 9.58397
      vertex 5.38268 29.105 9.52612
    endloop
  endfacet
  facet normal 0 1 0
    outer loop
      vertex -2.70711 29.105 9.74289
      vertex -2 29.105 9.45
      vertex -2.60876 29.105 9.65665
    endloop
  endfacet
  facet normal 0 1 0
    outer loop
      vertex 5 29.105 9.45
      vertex 5.38268 29.105 9.52612
      vertex 5.25882 29.105 9.48407
    endloop
  endfacet
  facet normal 0 1 0
    outer loop
      vertex -2.60876 29.105 9.65665
      vertex -2 29.105 9.45
      vertex -2.5 29.105 9.58397
    endloop
  endfacet
  facet normal 0 1 0
    outer loop
      vertex 5 29.105 9.45
      vertex 5.25882 29.105 9.48407
      vertex 5.13053 29.105 9.45855
    endloop
  endfacet
  facet normal 0 1 0
    outer loop
      vertex -2.5 29.105 9.58397
      vertex -2 29.105 9.45
      vertex -2.38268 29.105 9.52612
    endloop
  endfacet
  facet normal 0 1 0
    outer loop
      vertex -2.38268 29.105 9.52612
      vertex -2 29.105 9.45
      vertex -2.25882 29.105 9.48407
    endloop
  endfacet
  facet normal 0 1 0
    outer loop
      vertex -2.25882 29.105 9.48407
      vertex -2 29.105 9.45
      vertex -2.13053 29.105 9.45855
    endloop
  endfacet
  facet normal 0 -1 0
    outer loop
      vertex -2.55 28.465 9.9
      vertex 5.55 28.465 12.2
      vertex -2.55 28.465 12.2
    endloop
  endfacet
  facet normal 0 -1 -0
    outer loop
      vertex 5.55 28.465 12.2
      vertex -2.55 28.465 9.9
      vertex 5.55 28.465 9.9
    endloop
  endfacet
  facet normal 0 0 -1
    outer loop
      vertex -2.55 22.605 12.2
      vertex 5.55 28.465 12.2
      vertex 5.55 22.605 12.2
    endloop
  endfacet
  facet normal -0 0 -1
    outer loop
      vertex 5.55 28.465 12.2
      vertex -2.55 22.605 12.2
      vertex -2.55 28.465 12.2
    endloop
  endfacet
  facet normal -0 0 1
    outer loop
      vertex -2.55 28.465 9.9
      vertex 5.55 22.605 9.9
      vertex 5.55 28.465 9.9
    endloop
  endfacet
  facet normal 0 0 1
    outer loop
      vertex 5.55 22.605 9.9
      vertex -2.55 28.465 9.9
      vertex -2.55 22.605 9.9
    endloop
  endfacet
  facet normal 1 -0 0
    outer loop
      vertex -2.55 22.605 12.2
      vertex -2.55 28.465 9.9
      vertex -2.55 28.465 12.2
    endloop
  endfacet
  facet normal 1 0 0
    outer loop
      vertex -2.55 28.465 9.9
      vertex -2.55 22.605 12.2
      vertex -2.55 22.605 9.9
    endloop
  endfacet
  facet normal -1 0 0
    outer loop
      vertex 5.55 22.605 9.9
      vertex 5.55 28.465 12.2
      vertex 5.55 28.465 9.9
    endloop
  endfacet
  facet normal -1 -0 0
    outer loop
      vertex 5.55 28.465 12.2
      vertex 5.55 22.605 9.9
      vertex 5.55 22.605 12.2
    endloop
  endfacet
  facet normal 0 1 -0
    outer loop
      vertex 17.875 28.005 9.3
      vertex 10.125 28.005 13.7
      vertex 17.875 28.005 13.7
    endloop
  endfacet
  facet normal 0 1 0
    outer loop
      vertex 10.125 28.005 13.7
      vertex 17.875 28.005 9.3
      vertex 10.125 28.005 9.3
    endloop
  endfacet
  facet normal 0 0 1
    outer loop
      vertex 17.875 28.005 13.7
      vertex 17.325 27.455 13.7
      vertex 17.875 22.605 13.7
    endloop
  endfacet
  facet normal 0 0 1
    outer loop
      vertex 17.875 28.005 13.7
      vertex 10.675 27.455 13.7
      vertex 17.325 27.455 13.7
    endloop
  endfacet
  facet normal -0 0 1
    outer loop
      vertex 10.125 28.005 13.7
      vertex 10.675 27.455 13.7
      vertex 17.875 28.005 13.7
    endloop
  endfacet
  facet normal 0 0 1
    outer loop
      vertex 10.125 22.605 13.7
      vertex 10.675 27.455 13.7
      vertex 10.125 28.005 13.7
    endloop
  endfacet
  facet normal 0 0 1
    outer loop
      vertex 10.675 27.455 13.7
      vertex 10.125 22.605 13.7
      vertex 10.675 22.605 13.7
    endloop
  endfacet
  facet normal 0 0 1
    outer loop
      vertex 17.875 22.605 13.7
      vertex 17.325 27.455 13.7
      vertex 17.325 22.605 13.7
    endloop
  endfacet
  facet normal 0 0 -1
    outer loop
      vertex 10.125 22.605 9.3
      vertex 17.875 28.005 9.3
      vertex 17.875 22.605 9.3
    endloop
  endfacet
  facet normal -0 0 -1
    outer loop
      vertex 17.875 28.005 9.3
      vertex 10.125 22.605 9.3
      vertex 10.125 28.005 9.3
    endloop
  endfacet
  facet normal 0 -1 0
    outer loop
      vertex 10.125 22.605 13.7
      vertex 10.675 22.605 9.85
      vertex 10.675 22.605 13.7
    endloop
  endfacet
  facet normal 0 -1 -0
    outer loop
      vertex 10.675 22.605 9.85
      vertex 10.125 22.605 9.3
      vertex 17.325 22.605 9.85
    endloop
  endfacet
  facet normal 0 -1 0
    outer loop
      vertex 10.125 22.605 9.3
      vertex 10.675 22.605 9.85
      vertex 10.125 22.605 13.7
    endloop
  endfacet
  facet normal 0 -1 0
    outer loop
      vertex 17.325 22.605 9.85
      vertex 17.875 22.605 13.7
      vertex 17.325 22.605 13.7
    endloop
  endfacet
  facet normal 0 -1 0
    outer loop
      vertex 17.325 22.605 9.85
      vertex 17.875 22.605 9.3
      vertex 17.875 22.605 13.7
    endloop
  endfacet
  facet normal 0 -1 0
    outer loop
      vertex 17.875 22.605 9.3
      vertex 17.325 22.605 9.85
      vertex 10.125 22.605 9.3
    endloop
  endfacet
  facet normal -1 0 0
    outer loop
      vertex 10.125 22.605 9.3
      vertex 10.125 28.005 13.7
      vertex 10.125 28.005 9.3
    endloop
  endfacet
  facet normal -1 -0 0
    outer loop
      vertex 10.125 28.005 13.7
      vertex 10.125 22.605 9.3
      vertex 10.125 22.605 13.7
    endloop
  endfacet
  facet normal 1 -0 0
    outer loop
      vertex 17.875 22.605 13.7
      vertex 17.875 28.005 9.3
      vertex 17.875 28.005 13.7
    endloop
  endfacet
  facet normal 1 0 0
    outer loop
      vertex 17.875 28.005 9.3
      vertex 17.875 22.605 13.7
      vertex 17.875 22.605 9.3
    endloop
  endfacet
  facet normal 0 -1 0
    outer loop
      vertex 10.675 27.455 9.85
      vertex 17.325 27.455 13.7
      vertex 10.675 27.455 13.7
    endloop
  endfacet
  facet normal 0 -1 -0
    outer loop
      vertex 17.325 27.455 13.7
      vertex 10.675 27.455 9.85
      vertex 17.325 27.455 9.85
    endloop
  endfacet
  facet normal -0 0 1
    outer loop
      vertex 10.675 27.455 9.85
      vertex 17.325 22.605 9.85
      vertex 17.325 27.455 9.85
    endloop
  endfacet
  facet normal 0 0 1
    outer loop
      vertex 17.325 22.605 9.85
      vertex 10.675 27.455 9.85
      vertex 10.675 22.605 9.85
    endloop
  endfacet
  facet normal 1 -0 0
    outer loop
      vertex 10.675 22.605 13.7
      vertex 10.675 27.455 9.85
      vertex 10.675 27.455 13.7
    endloop
  endfacet
  facet normal 1 0 0
    outer loop
      vertex 10.675 27.455 9.85
      vertex 10.675 22.605 13.7
      vertex 10.675 22.605 9.85
    endloop
  endfacet
  facet normal -1 0 0
    outer loop
      vertex 17.325 22.605 9.85
      vertex 17.325 27.455 13.7
      vertex 17.325 27.455 9.85
    endloop
  endfacet
  facet normal -1 -0 0
    outer loop
      vertex 17.325 27.455 13.7
      vertex 17.325 22.605 9.85
      vertex 17.325 22.605 13.7
    endloop
  endfacet
  facet normal 0.980761 0 -0.195211
    outer loop
      vertex -24.2111 22.425 11.7303
      vertex -24.2443 22.925 11.5635
      vertex -24.2111 22.925 11.7303
    endloop
  endfacet
  facet normal 0.980761 0 -0.195211
    outer loop
      vertex -24.2443 22.925 11.5635
      vertex -24.2111 22.425 11.7303
      vertex -24.2443 22.425 11.5635
    endloop
  endfacet
  facet normal 0.997868 0 -0.0652701
    outer loop
      vertex -24.2 22.425 11.9
      vertex -24.2111 22.925 11.7303
      vertex -24.2 22.925 11.9
    endloop
  endfacet
  facet normal 0.997868 0 -0.0652701
    outer loop
      vertex -24.2111 22.925 11.7303
      vertex -24.2 22.425 11.9
      vertex -24.2111 22.425 11.7303
    endloop
  endfacet
  facet normal 0.946844 0 -0.321692
    outer loop
      vertex -24.2443 22.425 11.5635
      vertex -24.299 22.925 11.4025
      vertex -24.2443 22.925 11.5635
    endloop
  endfacet
  facet normal 0.946844 0 -0.321692
    outer loop
      vertex -24.299 22.925 11.4025
      vertex -24.2443 22.425 11.5635
      vertex -24.299 22.425 11.4025
    endloop
  endfacet
  facet normal 0.831688 0 -0.555243
    outer loop
      vertex -24.3742 22.425 11.25
      vertex -24.4686 22.925 11.1086
      vertex -24.3742 22.925 11.25
    endloop
  endfacet
  facet normal 0.831688 0 -0.555243
    outer loop
      vertex -24.4686 22.925 11.1086
      vertex -24.3742 22.425 11.25
      vertex -24.4686 22.425 11.1086
    endloop
  endfacet
  facet normal 0.195211 0 -0.980761
    outer loop
      vertex -25.3303 22.425 10.6111
      vertex -25.1635 22.925 10.6443
      vertex -25.1635 22.425 10.6443
    endloop
  endfacet
  facet normal 0.195211 0 -0.980761
    outer loop
      vertex -25.1635 22.925 10.6443
      vertex -25.3303 22.425 10.6111
      vertex -25.3303 22.925 10.6111
    endloop
  endfacet
  facet normal -0.442267 0 -0.896884
    outer loop
      vertex -26.15 22.425 10.7742
      vertex -25.9975 22.925 10.699
      vertex -25.9975 22.425 10.699
    endloop
  endfacet
  facet normal -0.442267 0 -0.896884
    outer loop
      vertex -25.9975 22.925 10.699
      vertex -26.15 22.425 10.7742
      vertex -26.15 22.925 10.7742
    endloop
  endfacet
  facet normal -0.195211 0 0.980761
    outer loop
      vertex -25.8365 22.925 13.1557
      vertex -25.6697 22.425 13.1889
      vertex -25.6697 22.925 13.1889
    endloop
  endfacet
  facet normal -0.195211 0 0.980761
    outer loop
      vertex -25.6697 22.425 13.1889
      vertex -25.8365 22.925 13.1557
      vertex -25.8365 22.425 13.1557
    endloop
  endfacet
  facet normal -0.751483 0 0.659753
    outer loop
      vertex -26.5314 22.425 12.6914
      vertex -26.4192 22.925 12.8192
      vertex -26.5314 22.925 12.6914
    endloop
  endfacet
  facet normal -0.751483 0 0.659753
    outer loop
      vertex -26.4192 22.925 12.8192
      vertex -26.5314 22.425 12.6914
      vertex -26.4192 22.425 12.8192
    endloop
  endfacet
  facet normal 0.896884 -0 0.442267
    outer loop
      vertex -24.3742 22.425 12.55
      vertex -24.299 22.925 12.3975
      vertex -24.3742 22.925 12.55
    endloop
  endfacet
  facet normal 0.896884 0 0.442267
    outer loop
      vertex -24.299 22.925 12.3975
      vertex -24.3742 22.425 12.55
      vertex -24.299 22.425 12.3975
    endloop
  endfacet
  facet normal 0.321692 0 0.946844
    outer loop
      vertex -25.1635 22.925 13.1557
      vertex -25.0025 22.425 13.101
      vertex -25.0025 22.925 13.101
    endloop
  endfacet
  facet normal 0.321692 0 0.946844
    outer loop
      vertex -25.0025 22.425 13.101
      vertex -25.1635 22.925 13.1557
      vertex -25.1635 22.425 13.1557
    endloop
  endfacet
  facet normal 0.0652701 0 0.997868
    outer loop
      vertex -25.5 22.925 13.2
      vertex -25.3303 22.425 13.1889
      vertex -25.3303 22.925 13.1889
    endloop
  endfacet
  facet normal 0.0652701 0 0.997868
    outer loop
      vertex -25.3303 22.425 13.1889
      vertex -25.5 22.925 13.2
      vertex -25.5 22.425 13.2
    endloop
  endfacet
  facet normal 0.896884 0 -0.442267
    outer loop
      vertex -24.299 22.425 11.4025
      vertex -24.3742 22.925 11.25
      vertex -24.299 22.925 11.4025
    endloop
  endfacet
  facet normal 0.896884 0 -0.442267
    outer loop
      vertex -24.3742 22.925 11.25
      vertex -24.299 22.425 11.4025
      vertex -24.3742 22.425 11.25
    endloop
  endfacet
  facet normal -0.321692 0 0.946844
    outer loop
      vertex -25.9975 22.925 13.101
      vertex -25.8365 22.425 13.1557
      vertex -25.8365 22.925 13.1557
    endloop
  endfacet
  facet normal -0.321692 0 0.946844
    outer loop
      vertex -25.8365 22.425 13.1557
      vertex -25.9975 22.925 13.101
      vertex -25.9975 22.425 13.101
    endloop
  endfacet
  facet normal -0.751483 0 -0.659753
    outer loop
      vertex -26.4192 22.425 10.9808
      vertex -26.5314 22.925 11.1086
      vertex -26.4192 22.925 10.9808
    endloop
  endfacet
  facet normal -0.751483 -0 -0.659753
    outer loop
      vertex -26.5314 22.925 11.1086
      vertex -26.4192 22.425 10.9808
      vertex -26.5314 22.425 11.1086
    endloop
  endfacet
  facet normal -0.946844 0 0.321692
    outer loop
      vertex -26.7557 22.425 12.2365
      vertex -26.701 22.925 12.3975
      vertex -26.7557 22.925 12.2365
    endloop
  endfacet
  facet normal -0.946844 0 0.321692
    outer loop
      vertex -26.701 22.925 12.3975
      vertex -26.7557 22.425 12.2365
      vertex -26.701 22.425 12.3975
    endloop
  endfacet
  facet normal -0.659753 0 -0.751483
    outer loop
      vertex -26.4192 22.425 10.9808
      vertex -26.2914 22.925 10.8686
      vertex -26.2914 22.425 10.8686
    endloop
  endfacet
  facet normal -0.659753 0 -0.751483
    outer loop
      vertex -26.2914 22.925 10.8686
      vertex -26.4192 22.425 10.9808
      vertex -26.4192 22.925 10.9808
    endloop
  endfacet
  facet normal -0.997868 0 0.0652701
    outer loop
      vertex -26.8 22.425 11.9
      vertex -26.7889 22.925 12.0697
      vertex -26.8 22.925 11.9
    endloop
  endfacet
  facet normal -0.997868 0 0.0652701
    outer loop
      vertex -26.7889 22.925 12.0697
      vertex -26.8 22.425 11.9
      vertex -26.7889 22.425 12.0697
    endloop
  endfacet
  facet normal -0.321692 0 -0.946844
    outer loop
      vertex -25.9975 22.425 10.699
      vertex -25.8365 22.925 10.6443
      vertex -25.8365 22.425 10.6443
    endloop
  endfacet
  facet normal -0.321692 0 -0.946844
    outer loop
      vertex -25.8365 22.925 10.6443
      vertex -25.9975 22.425 10.699
      vertex -25.9975 22.925 10.699
    endloop
  endfacet
  facet normal 0.980761 -0 0.195211
    outer loop
      vertex -24.2443 22.425 12.2365
      vertex -24.2111 22.925 12.0697
      vertex -24.2443 22.925 12.2365
    endloop
  endfacet
  facet normal 0.980761 0 0.195211
    outer loop
      vertex -24.2111 22.925 12.0697
      vertex -24.2443 22.425 12.2365
      vertex -24.2111 22.425 12.0697
    endloop
  endfacet
  facet normal -0.896884 0 -0.442267
    outer loop
      vertex -26.6258 22.425 11.25
      vertex -26.701 22.925 11.4025
      vertex -26.6258 22.925 11.25
    endloop
  endfacet
  facet normal -0.896884 -0 -0.442267
    outer loop
      vertex -26.701 22.925 11.4025
      vertex -26.6258 22.425 11.25
      vertex -26.701 22.425 11.4025
    endloop
  endfacet
  facet normal -0.659753 0 0.751483
    outer loop
      vertex -26.4192 22.925 12.8192
      vertex -26.2914 22.425 12.9314
      vertex -26.2914 22.925 12.9314
    endloop
  endfacet
  facet normal -0.659753 0 0.751483
    outer loop
      vertex -26.2914 22.425 12.9314
      vertex -26.4192 22.925 12.8192
      vertex -26.4192 22.425 12.8192
    endloop
  endfacet
  facet normal 0.946844 -0 0.321692
    outer loop
      vertex -24.299 22.425 12.3975
      vertex -24.2443 22.925 12.2365
      vertex -24.299 22.925 12.3975
    endloop
  endfacet
  facet normal 0.946844 0 0.321692
    outer loop
      vertex -24.2443 22.925 12.2365
      vertex -24.299 22.425 12.3975
      vertex -24.2443 22.425 12.2365
    endloop
  endfacet
  facet normal -0.831688 0 0.555243
    outer loop
      vertex -26.6258 22.425 12.55
      vertex -26.5314 22.925 12.6914
      vertex -26.6258 22.925 12.55
    endloop
  endfacet
  facet normal -0.831688 0 0.555243
    outer loop
      vertex -26.5314 22.925 12.6914
      vertex -26.6258 22.425 12.55
      vertex -26.5314 22.425 12.6914
    endloop
  endfacet
  facet normal 0.555243 0 -0.831688
    outer loop
      vertex -24.85 22.425 10.7742
      vertex -24.7086 22.925 10.8686
      vertex -24.7086 22.425 10.8686
    endloop
  endfacet
  facet normal 0.555243 0 -0.831688
    outer loop
      vertex -24.7086 22.925 10.8686
      vertex -24.85 22.425 10.7742
      vertex -24.85 22.925 10.7742
    endloop
  endfacet
  facet normal 0.659753 0 0.751483
    outer loop
      vertex -24.7086 22.925 12.9314
      vertex -24.5808 22.425 12.8192
      vertex -24.5808 22.925 12.8192
    endloop
  endfacet
  facet normal 0.659753 0 0.751483
    outer loop
      vertex -24.5808 22.425 12.8192
      vertex -24.7086 22.925 12.9314
      vertex -24.7086 22.425 12.9314
    endloop
  endfacet
  facet normal 0.442267 0 -0.896884
    outer loop
      vertex -25.0025 22.425 10.699
      vertex -24.85 22.925 10.7742
      vertex -24.85 22.425 10.7742
    endloop
  endfacet
  facet normal 0.442267 0 -0.896884
    outer loop
      vertex -24.85 22.925 10.7742
      vertex -25.0025 22.425 10.699
      vertex -25.0025 22.925 10.699
    endloop
  endfacet
  facet normal -0.946844 0 -0.321692
    outer loop
      vertex -26.701 22.425 11.4025
      vertex -26.7557 22.925 11.5635
      vertex -26.701 22.925 11.4025
    endloop
  endfacet
  facet normal -0.946844 -0 -0.321692
    outer loop
      vertex -26.7557 22.925 11.5635
      vertex -26.701 22.425 11.4025
      vertex -26.7557 22.425 11.5635
    endloop
  endfacet
  facet normal 0.321692 0 -0.946844
    outer loop
      vertex -25.1635 22.425 10.6443
      vertex -25.0025 22.925 10.699
      vertex -25.0025 22.425 10.699
    endloop
  endfacet
  facet normal 0.321692 0 -0.946844
    outer loop
      vertex -25.0025 22.925 10.699
      vertex -25.1635 22.425 10.6443
      vertex -25.1635 22.925 10.6443
    endloop
  endfacet
  facet normal 0.659753 0 -0.751483
    outer loop
      vertex -24.7086 22.425 10.8686
      vertex -24.5808 22.925 10.9808
      vertex -24.5808 22.425 10.9808
    endloop
  endfacet
  facet normal 0.659753 0 -0.751483
    outer loop
      vertex -24.5808 22.925 10.9808
      vertex -24.7086 22.425 10.8686
      vertex -24.7086 22.925 10.8686
    endloop
  endfacet
  facet normal 0.195211 0 0.980761
    outer loop
      vertex -25.3303 22.925 13.1889
      vertex -25.1635 22.425 13.1557
      vertex -25.1635 22.925 13.1557
    endloop
  endfacet
  facet normal 0.195211 0 0.980761
    outer loop
      vertex -25.1635 22.425 13.1557
      vertex -25.3303 22.925 13.1889
      vertex -25.3303 22.425 13.1889
    endloop
  endfacet
  facet normal -0.980761 0 -0.195211
    outer loop
      vertex -26.7557 22.425 11.5635
      vertex -26.7889 22.925 11.7303
      vertex -26.7557 22.925 11.5635
    endloop
  endfacet
  facet normal -0.980761 -0 -0.195211
    outer loop
      vertex -26.7889 22.925 11.7303
      vertex -26.7557 22.425 11.5635
      vertex -26.7889 22.425 11.7303
    endloop
  endfacet
  facet normal -0.896884 0 0.442267
    outer loop
      vertex -26.701 22.425 12.3975
      vertex -26.6258 22.925 12.55
      vertex -26.701 22.925 12.3975
    endloop
  endfacet
  facet normal -0.896884 0 0.442267
    outer loop
      vertex -26.6258 22.925 12.55
      vertex -26.701 22.425 12.3975
      vertex -26.6258 22.425 12.55
    endloop
  endfacet
  facet normal -0.997868 0 -0.0652701
    outer loop
      vertex -26.7889 22.425 11.7303
      vertex -26.8 22.925 11.9
      vertex -26.7889 22.925 11.7303
    endloop
  endfacet
  facet normal -0.997868 -0 -0.0652701
    outer loop
      vertex -26.8 22.925 11.9
      vertex -26.7889 22.425 11.7303
      vertex -26.8 22.425 11.9
    endloop
  endfacet
  facet normal 0.831688 -0 0.555243
    outer loop
      vertex -24.4686 22.425 12.6914
      vertex -24.3742 22.925 12.55
      vertex -24.4686 22.925 12.6914
    endloop
  endfacet
  facet normal 0.831688 0 0.555243
    outer loop
      vertex -24.3742 22.925 12.55
      vertex -24.4686 22.425 12.6914
      vertex -24.3742 22.425 12.55
    endloop
  endfacet
  facet normal -0.980761 0 0.195211
    outer loop
      vertex -26.7889 22.425 12.0697
      vertex -26.7557 22.925 12.2365
      vertex -26.7889 22.925 12.0697
    endloop
  endfacet
  facet normal -0.980761 0 0.195211
    outer loop
      vertex -26.7557 22.925 12.2365
      vertex -26.7889 22.425 12.0697
      vertex -26.7557 22.425 12.2365
    endloop
  endfacet
  facet normal 0.751483 0 -0.659753
    outer loop
      vertex -24.4686 22.425 11.1086
      vertex -24.5808 22.925 10.9808
      vertex -24.4686 22.925 11.1086
    endloop
  endfacet
  facet normal 0.751483 0 -0.659753
    outer loop
      vertex -24.5808 22.925 10.9808
      vertex -24.4686 22.425 11.1086
      vertex -24.5808 22.425 10.9808
    endloop
  endfacet
  facet normal 0.0652701 0 -0.997868
    outer loop
      vertex -25.5 22.425 10.6
      vertex -25.3303 22.925 10.6111
      vertex -25.3303 22.425 10.6111
    endloop
  endfacet
  facet normal 0.0652701 0 -0.997868
    outer loop
      vertex -25.3303 22.925 10.6111
      vertex -25.5 22.425 10.6
      vertex -25.5 22.925 10.6
    endloop
  endfacet
  facet normal -0.0652701 0 -0.997868
    outer loop
      vertex -25.6697 22.425 10.6111
      vertex -25.5 22.925 10.6
      vertex -25.5 22.425 10.6
    endloop
  endfacet
  facet normal -0.0652701 0 -0.997868
    outer loop
      vertex -25.5 22.925 10.6
      vertex -25.6697 22.425 10.6111
      vertex -25.6697 22.925 10.6111
    endloop
  endfacet
  facet normal 0.997868 -0 0.0652701
    outer loop
      vertex -24.2111 22.425 12.0697
      vertex -24.2 22.925 11.9
      vertex -24.2111 22.925 12.0697
    endloop
  endfacet
  facet normal 0.997868 0 0.0652701
    outer loop
      vertex -24.2 22.925 11.9
      vertex -24.2111 22.425 12.0697
      vertex -24.2 22.425 11.9
    endloop
  endfacet
  facet normal 0.751483 -0 0.659753
    outer loop
      vertex -24.5808 22.425 12.8192
      vertex -24.4686 22.925 12.6914
      vertex -24.5808 22.925 12.8192
    endloop
  endfacet
  facet normal 0.751483 0 0.659753
    outer loop
      vertex -24.4686 22.925 12.6914
      vertex -24.5808 22.425 12.8192
      vertex -24.4686 22.425 12.6914
    endloop
  endfacet
  facet normal -0.555243 0 -0.831688
    outer loop
      vertex -26.2914 22.425 10.8686
      vertex -26.15 22.925 10.7742
      vertex -26.15 22.425 10.7742
    endloop
  endfacet
  facet normal -0.555243 0 -0.831688
    outer loop
      vertex -26.15 22.925 10.7742
      vertex -26.2914 22.425 10.8686
      vertex -26.2914 22.925 10.8686
    endloop
  endfacet
  facet normal 0.555243 0 0.831688
    outer loop
      vertex -24.85 22.925 13.0258
      vertex -24.7086 22.425 12.9314
      vertex -24.7086 22.925 12.9314
    endloop
  endfacet
  facet normal 0.555243 0 0.831688
    outer loop
      vertex -24.7086 22.425 12.9314
      vertex -24.85 22.925 13.0258
      vertex -24.85 22.425 13.0258
    endloop
  endfacet
  facet normal -0.831688 0 -0.555243
    outer loop
      vertex -26.5314 22.425 11.1086
      vertex -26.6258 22.925 11.25
      vertex -26.5314 22.925 11.1086
    endloop
  endfacet
  facet normal -0.831688 -0 -0.555243
    outer loop
      vertex -26.6258 22.925 11.25
      vertex -26.5314 22.425 11.1086
      vertex -26.6258 22.425 11.25
    endloop
  endfacet
  facet normal -0.195211 0 -0.980761
    outer loop
      vertex -25.8365 22.425 10.6443
      vertex -25.6697 22.925 10.6111
      vertex -25.6697 22.425 10.6111
    endloop
  endfacet
  facet normal -0.195211 0 -0.980761
    outer loop
      vertex -25.6697 22.925 10.6111
      vertex -25.8365 22.425 10.6443
      vertex -25.8365 22.925 10.6443
    endloop
  endfacet
  facet normal 0.442267 0 0.896884
    outer loop
      vertex -25.0025 22.925 13.101
      vertex -24.85 22.425 13.0258
      vertex -24.85 22.925 13.0258
    endloop
  endfacet
  facet normal 0.442267 0 0.896884
    outer loop
      vertex -24.85 22.425 13.0258
      vertex -25.0025 22.925 13.101
      vertex -25.0025 22.425 13.101
    endloop
  endfacet
  facet normal -0.0652701 0 0.997868
    outer loop
      vertex -25.6697 22.925 13.1889
      vertex -25.5 22.425 13.2
      vertex -25.5 22.925 13.2
    endloop
  endfacet
  facet normal -0.0652701 0 0.997868
    outer loop
      vertex -25.5 22.425 13.2
      vertex -25.6697 22.925 13.1889
      vertex -25.6697 22.425 13.1889
    endloop
  endfacet
  facet normal 0 1 0
    outer loop
      vertex -25.3303 22.925 13.1889
      vertex -25.6697 22.925 13.1889
      vertex -25.5 22.925 13.2
    endloop
  endfacet
  facet normal 0 1 0
    outer loop
      vertex -25.1635 22.925 13.1557
      vertex -25.6697 22.925 13.1889
      vertex -25.3303 22.925 13.1889
    endloop
  endfacet
  facet normal 0 1 0
    outer loop
      vertex -25.1635 22.925 13.1557
      vertex -25.8365 22.925 13.1557
      vertex -25.6697 22.925 13.1889
    endloop
  endfacet
  facet normal 0 1 0
    outer loop
      vertex -25.0025 22.925 13.101
      vertex -25.8365 22.925 13.1557
      vertex -25.1635 22.925 13.1557
    endloop
  endfacet
  facet normal 0 1 0
    outer loop
      vertex -25.0025 22.925 13.101
      vertex -25.9975 22.925 13.101
      vertex -25.8365 22.925 13.1557
    endloop
  endfacet
  facet normal 0 1 0
    outer loop
      vertex -24.85 22.925 13.0258
      vertex -25.9975 22.925 13.101
      vertex -25.0025 22.925 13.101
    endloop
  endfacet
  facet normal 0 1 0
    outer loop
      vertex -24.85 22.925 13.0258
      vertex -26.15 22.925 13.0258
      vertex -25.9975 22.925 13.101
    endloop
  endfacet
  facet normal 0 1 0
    outer loop
      vertex -24.7086 22.925 12.9314
      vertex -26.15 22.925 13.0258
      vertex -24.85 22.925 13.0258
    endloop
  endfacet
  facet normal 0 1 0
    outer loop
      vertex -24.7086 22.925 12.9314
      vertex -26.2914 22.925 12.9314
      vertex -26.15 22.925 13.0258
    endloop
  endfacet
  facet normal 0 1 0
    outer loop
      vertex -24.5808 22.925 12.8192
      vertex -26.2914 22.925 12.9314
      vertex -24.7086 22.925 12.9314
    endloop
  endfacet
  facet normal 0 1 0
    outer loop
      vertex -24.5808 22.925 12.8192
      vertex -26.4192 22.925 12.8192
      vertex -26.2914 22.925 12.9314
    endloop
  endfacet
  facet normal 0 1 0
    outer loop
      vertex -24.4686 22.925 12.6914
      vertex -26.4192 22.925 12.8192
      vertex -24.5808 22.925 12.8192
    endloop
  endfacet
  facet normal 0 1 0
    outer loop
      vertex -24.4686 22.925 12.6914
      vertex -26.5314 22.925 12.6914
      vertex -26.4192 22.925 12.8192
    endloop
  endfacet
  facet normal 0 1 0
    outer loop
      vertex -24.3742 22.925 12.55
      vertex -26.5314 22.925 12.6914
      vertex -24.4686 22.925 12.6914
    endloop
  endfacet
  facet normal 0 1 0
    outer loop
      vertex -24.3742 22.925 12.55
      vertex -26.6258 22.925 12.55
      vertex -26.5314 22.925 12.6914
    endloop
  endfacet
  facet normal 0 1 0
    outer loop
      vertex -24.299 22.925 12.3975
      vertex -26.6258 22.925 12.55
      vertex -24.3742 22.925 12.55
    endloop
  endfacet
  facet normal 0 1 0
    outer loop
      vertex -24.299 22.925 12.3975
      vertex -26.701 22.925 12.3975
      vertex -26.6258 22.925 12.55
    endloop
  endfacet
  facet normal 0 1 0
    outer loop
      vertex -24.2443 22.925 12.2365
      vertex -26.701 22.925 12.3975
      vertex -24.299 22.925 12.3975
    endloop
  endfacet
  facet normal 0 1 0
    outer loop
      vertex -24.2443 22.925 12.2365
      vertex -26.7557 22.925 12.2365
      vertex -26.701 22.925 12.3975
    endloop
  endfacet
  facet normal 0 1 0
    outer loop
      vertex -24.2111 22.925 12.0697
      vertex -26.7557 22.925 12.2365
      vertex -24.2443 22.925 12.2365
    endloop
  endfacet
  facet normal 0 1 0
    outer loop
      vertex -24.2111 22.925 12.0697
      vertex -26.7889 22.925 12.0697
      vertex -26.7557 22.925 12.2365
    endloop
  endfacet
  facet normal 0 1 0
    outer loop
      vertex -24.2 22.925 11.9
      vertex -26.7889 22.925 12.0697
      vertex -24.2111 22.925 12.0697
    endloop
  endfacet
  facet normal 0 1 0
    outer loop
      vertex -24.2 22.925 11.9
      vertex -26.8 22.925 11.9
      vertex -26.7889 22.925 12.0697
    endloop
  endfacet
  facet normal 0 1 -0
    outer loop
      vertex -24.2111 22.925 11.7303
      vertex -26.8 22.925 11.9
      vertex -24.2 22.925 11.9
    endloop
  endfacet
  facet normal 0 1 0
    outer loop
      vertex -24.2111 22.925 11.7303
      vertex -26.7889 22.925 11.7303
      vertex -26.8 22.925 11.9
    endloop
  endfacet
  facet normal 0 1 -0
    outer loop
      vertex -24.2443 22.925 11.5635
      vertex -26.7889 22.925 11.7303
      vertex -24.2111 22.925 11.7303
    endloop
  endfacet
  facet normal 0 1 0
    outer loop
      vertex -24.2443 22.925 11.5635
      vertex -26.7557 22.925 11.5635
      vertex -26.7889 22.925 11.7303
    endloop
  endfacet
  facet normal 0 1 -0
    outer loop
      vertex -24.299 22.925 11.4025
      vertex -26.7557 22.925 11.5635
      vertex -24.2443 22.925 11.5635
    endloop
  endfacet
  facet normal 0 1 0
    outer loop
      vertex -24.299 22.925 11.4025
      vertex -26.701 22.925 11.4025
      vertex -26.7557 22.925 11.5635
    endloop
  endfacet
  facet normal 0 1 -0
    outer loop
      vertex -24.3742 22.925 11.25
      vertex -26.701 22.925 11.4025
      vertex -24.299 22.925 11.4025
    endloop
  endfacet
  facet normal 0 1 0
    outer loop
      vertex -24.3742 22.925 11.25
      vertex -26.6258 22.925 11.25
      vertex -26.701 22.925 11.4025
    endloop
  endfacet
  facet normal 0 1 -0
    outer loop
      vertex -24.4686 22.925 11.1086
      vertex -26.6258 22.925 11.25
      vertex -24.3742 22.925 11.25
    endloop
  endfacet
  facet normal 0 1 0
    outer loop
      vertex -24.4686 22.925 11.1086
      vertex -26.5314 22.925 11.1086
      vertex -26.6258 22.925 11.25
    endloop
  endfacet
  facet normal 0 1 -0
    outer loop
      vertex -24.5808 22.925 10.9808
      vertex -26.5314 22.925 11.1086
      vertex -24.4686 22.925 11.1086
    endloop
  endfacet
  facet normal 0 1 0
    outer loop
      vertex -24.5808 22.925 10.9808
      vertex -26.4192 22.925 10.9808
      vertex -26.5314 22.925 11.1086
    endloop
  endfacet
  facet normal 0 1 -0
    outer loop
      vertex -24.7086 22.925 10.8686
      vertex -26.4192 22.925 10.9808
      vertex -24.5808 22.925 10.9808
    endloop
  endfacet
  facet normal 0 1 0
    outer loop
      vertex -24.7086 22.925 10.8686
      vertex -26.2914 22.925 10.8686
      vertex -26.4192 22.925 10.9808
    endloop
  endfacet
  facet normal 0 1 -0
    outer loop
      vertex -24.85 22.925 10.7742
      vertex -26.2914 22.925 10.8686
      vertex -24.7086 22.925 10.8686
    endloop
  endfacet
  facet normal 0 1 0
    outer loop
      vertex -24.85 22.925 10.7742
      vertex -26.15 22.925 10.7742
      vertex -26.2914 22.925 10.8686
    endloop
  endfacet
  facet normal 0 1 -0
    outer loop
      vertex -25.0025 22.925 10.699
      vertex -26.15 22.925 10.7742
      vertex -24.85 22.925 10.7742
    endloop
  endfacet
  facet normal 0 1 0
    outer loop
      vertex -25.0025 22.925 10.699
      vertex -25.9975 22.925 10.699
      vertex -26.15 22.925 10.7742
    endloop
  endfacet
  facet normal 0 1 -0
    outer loop
      vertex -25.1635 22.925 10.6443
      vertex -25.9975 22.925 10.699
      vertex -25.0025 22.925 10.699
    endloop
  endfacet
  facet normal 0 1 0
    outer loop
      vertex -25.1635 22.925 10.6443
      vertex -25.8365 22.925 10.6443
      vertex -25.9975 22.925 10.699
    endloop
  endfacet
  facet normal 0 1 -0
    outer loop
      vertex -25.3303 22.925 10.6111
      vertex -25.8365 22.925 10.6443
      vertex -25.1635 22.925 10.6443
    endloop
  endfacet
  facet normal 0 1 0
    outer loop
      vertex -25.3303 22.925 10.6111
      vertex -25.6697 22.925 10.6111
      vertex -25.8365 22.925 10.6443
    endloop
  endfacet
  facet normal -0 1 0
    outer loop
      vertex -25.6697 22.925 10.6111
      vertex -25.3303 22.925 10.6111
      vertex -25.5 22.925 10.6
    endloop
  endfacet
  facet normal -0.442267 0 0.896884
    outer loop
      vertex -26.15 22.925 13.0258
      vertex -25.9975 22.425 13.101
      vertex -25.9975 22.925 13.101
    endloop
  endfacet
  facet normal -0.442267 0 0.896884
    outer loop
      vertex -25.9975 22.425 13.101
      vertex -26.15 22.925 13.0258
      vertex -26.15 22.425 13.0258
    endloop
  endfacet
  facet normal 0 -1 0
    outer loop
      vertex -25.6697 22.425 13.1889
      vertex -25.3303 22.425 13.1889
      vertex -25.5 22.425 13.2
    endloop
  endfacet
  facet normal 0 -1 0
    outer loop
      vertex -25.8365 22.425 13.1557
      vertex -25.3303 22.425 13.1889
      vertex -25.6697 22.425 13.1889
    endloop
  endfacet
  facet normal 0 -1 0
    outer loop
      vertex -25.8365 22.425 13.1557
      vertex -25.1635 22.425 13.1557
      vertex -25.3303 22.425 13.1889
    endloop
  endfacet
  facet normal 0 -1 0
    outer loop
      vertex -25.9975 22.425 13.101
      vertex -25.1635 22.425 13.1557
      vertex -25.8365 22.425 13.1557
    endloop
  endfacet
  facet normal 0 -1 0
    outer loop
      vertex -25.9975 22.425 13.101
      vertex -25.0025 22.425 13.101
      vertex -25.1635 22.425 13.1557
    endloop
  endfacet
  facet normal 0 -1 0
    outer loop
      vertex -26.15 22.425 13.0258
      vertex -25.0025 22.425 13.101
      vertex -25.9975 22.425 13.101
    endloop
  endfacet
  facet normal 0 -1 0
    outer loop
      vertex -26.15 22.425 13.0258
      vertex -24.85 22.425 13.0258
      vertex -25.0025 22.425 13.101
    endloop
  endfacet
  facet normal 0 -1 0
    outer loop
      vertex -26.2914 22.425 12.9314
      vertex -24.85 22.425 13.0258
      vertex -26.15 22.425 13.0258
    endloop
  endfacet
  facet normal 0 -1 0
    outer loop
      vertex -26.2914 22.425 12.9314
      vertex -24.7086 22.425 12.9314
      vertex -24.85 22.425 13.0258
    endloop
  endfacet
  facet normal 0 -1 0
    outer loop
      vertex -26.4192 22.425 12.8192
      vertex -24.7086 22.425 12.9314
      vertex -26.2914 22.425 12.9314
    endloop
  endfacet
  facet normal 0 -1 0
    outer loop
      vertex -26.4192 22.425 12.8192
      vertex -24.5808 22.425 12.8192
      vertex -24.7086 22.425 12.9314
    endloop
  endfacet
  facet normal 0 -1 0
    outer loop
      vertex -26.5314 22.425 12.6914
      vertex -24.5808 22.425 12.8192
      vertex -26.4192 22.425 12.8192
    endloop
  endfacet
  facet normal 0 -1 0
    outer loop
      vertex -26.5314 22.425 12.6914
      vertex -24.4686 22.425 12.6914
      vertex -24.5808 22.425 12.8192
    endloop
  endfacet
  facet normal 0 -1 0
    outer loop
      vertex -26.6258 22.425 12.55
      vertex -24.4686 22.425 12.6914
      vertex -26.5314 22.425 12.6914
    endloop
  endfacet
  facet normal 0 -1 0
    outer loop
      vertex -26.6258 22.425 12.55
      vertex -24.3742 22.425 12.55
      vertex -24.4686 22.425 12.6914
    endloop
  endfacet
  facet normal 0 -1 0
    outer loop
      vertex -26.701 22.425 12.3975
      vertex -24.3742 22.425 12.55
      vertex -26.6258 22.425 12.55
    endloop
  endfacet
  facet normal 0 -1 0
    outer loop
      vertex -26.701 22.425 12.3975
      vertex -24.299 22.425 12.3975
      vertex -24.3742 22.425 12.55
    endloop
  endfacet
  facet normal 0 -1 0
    outer loop
      vertex -26.7557 22.425 12.2365
      vertex -24.299 22.425 12.3975
      vertex -26.701 22.425 12.3975
    endloop
  endfacet
  facet normal 0 -1 0
    outer loop
      vertex -26.7557 22.425 12.2365
      vertex -24.2443 22.425 12.2365
      vertex -24.299 22.425 12.3975
    endloop
  endfacet
  facet normal 0 -1 0
    outer loop
      vertex -26.7889 22.425 12.0697
      vertex -24.2443 22.425 12.2365
      vertex -26.7557 22.425 12.2365
    endloop
  endfacet
  facet normal 0 -1 0
    outer loop
      vertex -26.7889 22.425 12.0697
      vertex -24.2111 22.425 12.0697
      vertex -24.2443 22.425 12.2365
    endloop
  endfacet
  facet normal 0 -1 0
    outer loop
      vertex -26.8 22.425 11.9
      vertex -24.2111 22.425 12.0697
      vertex -26.7889 22.425 12.0697
    endloop
  endfacet
  facet normal 0 -1 0
    outer loop
      vertex -26.8 22.425 11.9
      vertex -24.2 22.425 11.9
      vertex -24.2111 22.425 12.0697
    endloop
  endfacet
  facet normal 0 -1 0
    outer loop
      vertex -26.7889 22.425 11.7303
      vertex -24.2 22.425 11.9
      vertex -26.8 22.425 11.9
    endloop
  endfacet
  facet normal 0 -1 0
    outer loop
      vertex -26.7889 22.425 11.7303
      vertex -24.2111 22.425 11.7303
      vertex -24.2 22.425 11.9
    endloop
  endfacet
  facet normal 0 -1 0
    outer loop
      vertex -26.7557 22.425 11.5635
      vertex -24.2111 22.425 11.7303
      vertex -26.7889 22.425 11.7303
    endloop
  endfacet
  facet normal 0 -1 0
    outer loop
      vertex -26.7557 22.425 11.5635
      vertex -24.2443 22.425 11.5635
      vertex -24.2111 22.425 11.7303
    endloop
  endfacet
  facet normal 0 -1 0
    outer loop
      vertex -26.701 22.425 11.4025
      vertex -24.2443 22.425 11.5635
      vertex -26.7557 22.425 11.5635
    endloop
  endfacet
  facet normal 0 -1 0
    outer loop
      vertex -26.701 22.425 11.4025
      vertex -24.299 22.425 11.4025
      vertex -24.2443 22.425 11.5635
    endloop
  endfacet
  facet normal 0 -1 0
    outer loop
      vertex -26.6258 22.425 11.25
      vertex -24.299 22.425 11.4025
      vertex -26.701 22.425 11.4025
    endloop
  endfacet
  facet normal 0 -1 0
    outer loop
      vertex -26.6258 22.425 11.25
      vertex -24.3742 22.425 11.25
      vertex -24.299 22.425 11.4025
    endloop
  endfacet
  facet normal 0 -1 0
    outer loop
      vertex -26.5314 22.425 11.1086
      vertex -24.3742 22.425 11.25
      vertex -26.6258 22.425 11.25
    endloop
  endfacet
  facet normal 0 -1 0
    outer loop
      vertex -26.5314 22.425 11.1086
      vertex -24.4686 22.425 11.1086
      vertex -24.3742 22.425 11.25
    endloop
  endfacet
  facet normal 0 -1 0
    outer loop
      vertex -26.4192 22.425 10.9808
      vertex -24.4686 22.425 11.1086
      vertex -26.5314 22.425 11.1086
    endloop
  endfacet
  facet normal 0 -1 0
    outer loop
      vertex -26.4192 22.425 10.9808
      vertex -24.5808 22.425 10.9808
      vertex -24.4686 22.425 11.1086
    endloop
  endfacet
  facet normal 0 -1 0
    outer loop
      vertex -26.2914 22.425 10.8686
      vertex -24.5808 22.425 10.9808
      vertex -26.4192 22.425 10.9808
    endloop
  endfacet
  facet normal 0 -1 0
    outer loop
      vertex -26.2914 22.425 10.8686
      vertex -24.7086 22.425 10.8686
      vertex -24.5808 22.425 10.9808
    endloop
  endfacet
  facet normal 0 -1 0
    outer loop
      vertex -26.15 22.425 10.7742
      vertex -24.7086 22.425 10.8686
      vertex -26.2914 22.425 10.8686
    endloop
  endfacet
  facet normal 0 -1 0
    outer loop
      vertex -26.15 22.425 10.7742
      vertex -24.85 22.425 10.7742
      vertex -24.7086 22.425 10.8686
    endloop
  endfacet
  facet normal 0 -1 0
    outer loop
      vertex -25.9975 22.425 10.699
      vertex -24.85 22.425 10.7742
      vertex -26.15 22.425 10.7742
    endloop
  endfacet
  facet normal 0 -1 0
    outer loop
      vertex -25.9975 22.425 10.699
      vertex -25.0025 22.425 10.699
      vertex -24.85 22.425 10.7742
    endloop
  endfacet
  facet normal 0 -1 0
    outer loop
      vertex -25.8365 22.425 10.6443
      vertex -25.0025 22.425 10.699
      vertex -25.9975 22.425 10.699
    endloop
  endfacet
  facet normal 0 -1 0
    outer loop
      vertex -25.8365 22.425 10.6443
      vertex -25.1635 22.425 10.6443
      vertex -25.0025 22.425 10.699
    endloop
  endfacet
  facet normal 0 -1 0
    outer loop
      vertex -25.6697 22.425 10.6111
      vertex -25.1635 22.425 10.6443
      vertex -25.8365 22.425 10.6443
    endloop
  endfacet
  facet normal 0 -1 0
    outer loop
      vertex -25.6697 22.425 10.6111
      vertex -25.3303 22.425 10.6111
      vertex -25.1635 22.425 10.6443
    endloop
  endfacet
  facet normal -0 -1 0
    outer loop
      vertex -25.3303 22.425 10.6111
      vertex -25.6697 22.425 10.6111
      vertex -25.5 22.425 10.6
    endloop
  endfacet
  facet normal -0.555243 0 0.831688
    outer loop
      vertex -26.2914 22.925 12.9314
      vertex -26.15 22.425 13.0258
      vertex -26.15 22.925 13.0258
    endloop
  endfacet
  facet normal -0.555243 0 0.831688
    outer loop
      vertex -26.15 22.425 13.0258
      vertex -26.2914 22.925 12.9314
      vertex -26.2914 22.425 12.9314
    endloop
  endfacet
  facet normal 0.980761 0 -0.195211
    outer loop
      vertex 26.7889 22.425 11.7303
      vertex 26.7557 22.925 11.5635
      vertex 26.7889 22.925 11.7303
    endloop
  endfacet
  facet normal 0.980761 0 -0.195211
    outer loop
      vertex 26.7557 22.925 11.5635
      vertex 26.7889 22.425 11.7303
      vertex 26.7557 22.425 11.5635
    endloop
  endfacet
  facet normal 0.997868 0 -0.0652701
    outer loop
      vertex 26.8 22.425 11.9
      vertex 26.7889 22.925 11.7303
      vertex 26.8 22.925 11.9
    endloop
  endfacet
  facet normal 0.997868 0 -0.0652701
    outer loop
      vertex 26.7889 22.925 11.7303
      vertex 26.8 22.425 11.9
      vertex 26.7889 22.425 11.7303
    endloop
  endfacet
  facet normal 0.946844 0 -0.321692
    outer loop
      vertex 26.7557 22.425 11.5635
      vertex 26.701 22.925 11.4025
      vertex 26.7557 22.925 11.5635
    endloop
  endfacet
  facet normal 0.946844 0 -0.321692
    outer loop
      vertex 26.701 22.925 11.4025
      vertex 26.7557 22.425 11.5635
      vertex 26.701 22.425 11.4025
    endloop
  endfacet
  facet normal 0.831688 0 -0.555243
    outer loop
      vertex 26.6258 22.425 11.25
      vertex 26.5314 22.925 11.1086
      vertex 26.6258 22.925 11.25
    endloop
  endfacet
  facet normal 0.831688 0 -0.555243
    outer loop
      vertex 26.5314 22.925 11.1086
      vertex 26.6258 22.425 11.25
      vertex 26.5314 22.425 11.1086
    endloop
  endfacet
  facet normal 0.195211 0 -0.980761
    outer loop
      vertex 25.6697 22.425 10.6111
      vertex 25.8365 22.925 10.6443
      vertex 25.8365 22.425 10.6443
    endloop
  endfacet
  facet normal 0.195211 0 -0.980761
    outer loop
      vertex 25.8365 22.925 10.6443
      vertex 25.6697 22.425 10.6111
      vertex 25.6697 22.925 10.6111
    endloop
  endfacet
  facet normal -0.442267 0 -0.896884
    outer loop
      vertex 24.85 22.425 10.7742
      vertex 25.0025 22.925 10.699
      vertex 25.0025 22.425 10.699
    endloop
  endfacet
  facet normal -0.442267 0 -0.896884
    outer loop
      vertex 25.0025 22.925 10.699
      vertex 24.85 22.425 10.7742
      vertex 24.85 22.925 10.7742
    endloop
  endfacet
  facet normal -0.195211 0 0.980761
    outer loop
      vertex 25.1635 22.925 13.1557
      vertex 25.3303 22.425 13.1889
      vertex 25.3303 22.925 13.1889
    endloop
  endfacet
  facet normal -0.195211 0 0.980761
    outer loop
      vertex 25.3303 22.425 13.1889
      vertex 25.1635 22.925 13.1557
      vertex 25.1635 22.425 13.1557
    endloop
  endfacet
  facet normal 0.896884 -0 0.442267
    outer loop
      vertex 26.6258 22.425 12.55
      vertex 26.701 22.925 12.3975
      vertex 26.6258 22.925 12.55
    endloop
  endfacet
  facet normal 0.896884 0 0.442267
    outer loop
      vertex 26.701 22.925 12.3975
      vertex 26.6258 22.425 12.55
      vertex 26.701 22.425 12.3975
    endloop
  endfacet
  facet normal 0.321692 0 0.946844
    outer loop
      vertex 25.8365 22.925 13.1557
      vertex 25.9975 22.425 13.101
      vertex 25.9975 22.925 13.101
    endloop
  endfacet
  facet normal 0.321692 0 0.946844
    outer loop
      vertex 25.9975 22.425 13.101
      vertex 25.8365 22.925 13.1557
      vertex 25.8365 22.425 13.1557
    endloop
  endfacet
  facet normal 0.0652701 0 0.997868
    outer loop
      vertex 25.5 22.925 13.2
      vertex 25.6697 22.425 13.1889
      vertex 25.6697 22.925 13.1889
    endloop
  endfacet
  facet normal 0.0652701 0 0.997868
    outer loop
      vertex 25.6697 22.425 13.1889
      vertex 25.5 22.925 13.2
      vertex 25.5 22.425 13.2
    endloop
  endfacet
  facet normal 0.896884 0 -0.442267
    outer loop
      vertex 26.701 22.425 11.4025
      vertex 26.6258 22.925 11.25
      vertex 26.701 22.925 11.4025
    endloop
  endfacet
  facet normal 0.896884 0 -0.442267
    outer loop
      vertex 26.6258 22.925 11.25
      vertex 26.701 22.425 11.4025
      vertex 26.6258 22.425 11.25
    endloop
  endfacet
  facet normal -0.321692 0 0.946844
    outer loop
      vertex 25.0025 22.925 13.101
      vertex 25.1635 22.425 13.1557
      vertex 25.1635 22.925 13.1557
    endloop
  endfacet
  facet normal -0.321692 0 0.946844
    outer loop
      vertex 25.1635 22.425 13.1557
      vertex 25.0025 22.925 13.101
      vertex 25.0025 22.425 13.101
    endloop
  endfacet
  facet normal -0.751483 0 -0.659753
    outer loop
      vertex 24.5808 22.425 10.9808
      vertex 24.4686 22.925 11.1086
      vertex 24.5808 22.925 10.9808
    endloop
  endfacet
  facet normal -0.751483 -0 -0.659753
    outer loop
      vertex 24.4686 22.925 11.1086
      vertex 24.5808 22.425 10.9808
      vertex 24.4686 22.425 11.1086
    endloop
  endfacet
  facet normal -0.946844 0 0.321692
    outer loop
      vertex 24.2443 22.425 12.2365
      vertex 24.299 22.925 12.3975
      vertex 24.2443 22.925 12.2365
    endloop
  endfacet
  facet normal -0.946844 0 0.321692
    outer loop
      vertex 24.299 22.925 12.3975
      vertex 24.2443 22.425 12.2365
      vertex 24.299 22.425 12.3975
    endloop
  endfacet
  facet normal -0.659753 0 -0.751483
    outer loop
      vertex 24.5808 22.425 10.9808
      vertex 24.7086 22.925 10.8686
      vertex 24.7086 22.425 10.8686
    endloop
  endfacet
  facet normal -0.659753 0 -0.751483
    outer loop
      vertex 24.7086 22.925 10.8686
      vertex 24.5808 22.425 10.9808
      vertex 24.5808 22.925 10.9808
    endloop
  endfacet
  facet normal -0.997868 0 0.0652701
    outer loop
      vertex 24.2 22.425 11.9
      vertex 24.2111 22.925 12.0697
      vertex 24.2 22.925 11.9
    endloop
  endfacet
  facet normal -0.997868 0 0.0652701
    outer loop
      vertex 24.2111 22.925 12.0697
      vertex 24.2 22.425 11.9
      vertex 24.2111 22.425 12.0697
    endloop
  endfacet
  facet normal -0.321692 0 -0.946844
    outer loop
      vertex 25.0025 22.425 10.699
      vertex 25.1635 22.925 10.6443
      vertex 25.1635 22.425 10.6443
    endloop
  endfacet
  facet normal -0.321692 0 -0.946844
    outer loop
      vertex 25.1635 22.925 10.6443
      vertex 25.0025 22.425 10.699
      vertex 25.0025 22.925 10.699
    endloop
  endfacet
  facet normal 0.980761 -0 0.195211
    outer loop
      vertex 26.7557 22.425 12.2365
      vertex 26.7889 22.925 12.0697
      vertex 26.7557 22.925 12.2365
    endloop
  endfacet
  facet normal 0.980761 0 0.195211
    outer loop
      vertex 26.7889 22.925 12.0697
      vertex 26.7557 22.425 12.2365
      vertex 26.7889 22.425 12.0697
    endloop
  endfacet
  facet normal -0.896884 0 -0.442267
    outer loop
      vertex 24.3742 22.425 11.25
      vertex 24.299 22.925 11.4025
      vertex 24.3742 22.925 11.25
    endloop
  endfacet
  facet normal -0.896884 -0 -0.442267
    outer loop
      vertex 24.299 22.925 11.4025
      vertex 24.3742 22.425 11.25
      vertex 24.299 22.425 11.4025
    endloop
  endfacet
  facet normal -0.659753 0 0.751483
    outer loop
      vertex 24.5808 22.925 12.8192
      vertex 24.7086 22.425 12.9314
      vertex 24.7086 22.925 12.9314
    endloop
  endfacet
  facet normal -0.659753 0 0.751483
    outer loop
      vertex 24.7086 22.425 12.9314
      vertex 24.5808 22.925 12.8192
      vertex 24.5808 22.425 12.8192
    endloop
  endfacet
  facet normal 0.946844 -0 0.321692
    outer loop
      vertex 26.701 22.425 12.3975
      vertex 26.7557 22.925 12.2365
      vertex 26.701 22.925 12.3975
    endloop
  endfacet
  facet normal 0.946844 0 0.321692
    outer loop
      vertex 26.7557 22.925 12.2365
      vertex 26.701 22.425 12.3975
      vertex 26.7557 22.425 12.2365
    endloop
  endfacet
  facet normal -0.831688 0 0.555243
    outer loop
      vertex 24.3742 22.425 12.55
      vertex 24.4686 22.925 12.6914
      vertex 24.3742 22.925 12.55
    endloop
  endfacet
  facet normal -0.831688 0 0.555243
    outer loop
      vertex 24.4686 22.925 12.6914
      vertex 24.3742 22.425 12.55
      vertex 24.4686 22.425 12.6914
    endloop
  endfacet
  facet normal 0.555243 0 -0.831688
    outer loop
      vertex 26.15 22.425 10.7742
      vertex 26.2914 22.925 10.8686
      vertex 26.2914 22.425 10.8686
    endloop
  endfacet
  facet normal 0.555243 0 -0.831688
    outer loop
      vertex 26.2914 22.925 10.8686
      vertex 26.15 22.425 10.7742
      vertex 26.15 22.925 10.7742
    endloop
  endfacet
  facet normal 0.659753 0 0.751483
    outer loop
      vertex 26.2914 22.925 12.9314
      vertex 26.4192 22.425 12.8192
      vertex 26.4192 22.925 12.8192
    endloop
  endfacet
  facet normal 0.659753 0 0.751483
    outer loop
      vertex 26.4192 22.425 12.8192
      vertex 26.2914 22.925 12.9314
      vertex 26.2914 22.425 12.9314
    endloop
  endfacet
  facet normal 0.442267 0 -0.896884
    outer loop
      vertex 25.9975 22.425 10.699
      vertex 26.15 22.925 10.7742
      vertex 26.15 22.425 10.7742
    endloop
  endfacet
  facet normal 0.442267 0 -0.896884
    outer loop
      vertex 26.15 22.925 10.7742
      vertex 25.9975 22.425 10.699
      vertex 25.9975 22.925 10.699
    endloop
  endfacet
  facet normal -0.946844 0 -0.321692
    outer loop
      vertex 24.299 22.425 11.4025
      vertex 24.2443 22.925 11.5635
      vertex 24.299 22.925 11.4025
    endloop
  endfacet
  facet normal -0.946844 -0 -0.321692
    outer loop
      vertex 24.2443 22.925 11.5635
      vertex 24.299 22.425 11.4025
      vertex 24.2443 22.425 11.5635
    endloop
  endfacet
  facet normal 0.321692 0 -0.946844
    outer loop
      vertex 25.8365 22.425 10.6443
      vertex 25.9975 22.925 10.699
      vertex 25.9975 22.425 10.699
    endloop
  endfacet
  facet normal 0.321692 0 -0.946844
    outer loop
      vertex 25.9975 22.925 10.699
      vertex 25.8365 22.425 10.6443
      vertex 25.8365 22.925 10.6443
    endloop
  endfacet
  facet normal 0.659753 0 -0.751483
    outer loop
      vertex 26.2914 22.425 10.8686
      vertex 26.4192 22.925 10.9808
      vertex 26.4192 22.425 10.9808
    endloop
  endfacet
  facet normal 0.659753 0 -0.751483
    outer loop
      vertex 26.4192 22.925 10.9808
      vertex 26.2914 22.425 10.8686
      vertex 26.2914 22.925 10.8686
    endloop
  endfacet
  facet normal 0.195211 0 0.980761
    outer loop
      vertex 25.6697 22.925 13.1889
      vertex 25.8365 22.425 13.1557
      vertex 25.8365 22.925 13.1557
    endloop
  endfacet
  facet normal 0.195211 0 0.980761
    outer loop
      vertex 25.8365 22.425 13.1557
      vertex 25.6697 22.925 13.1889
      vertex 25.6697 22.425 13.1889
    endloop
  endfacet
  facet normal -0.980761 0 -0.195211
    outer loop
      vertex 24.2443 22.425 11.5635
      vertex 24.2111 22.925 11.7303
      vertex 24.2443 22.925 11.5635
    endloop
  endfacet
  facet normal -0.980761 -0 -0.195211
    outer loop
      vertex 24.2111 22.925 11.7303
      vertex 24.2443 22.425 11.5635
      vertex 24.2111 22.425 11.7303
    endloop
  endfacet
  facet normal -0.896884 0 0.442267
    outer loop
      vertex 24.299 22.425 12.3975
      vertex 24.3742 22.925 12.55
      vertex 24.299 22.925 12.3975
    endloop
  endfacet
  facet normal -0.896884 0 0.442267
    outer loop
      vertex 24.3742 22.925 12.55
      vertex 24.299 22.425 12.3975
      vertex 24.3742 22.425 12.55
    endloop
  endfacet
  facet normal -0.997868 0 -0.0652701
    outer loop
      vertex 24.2111 22.425 11.7303
      vertex 24.2 22.925 11.9
      vertex 24.2111 22.925 11.7303
    endloop
  endfacet
  facet normal -0.997868 -0 -0.0652701
    outer loop
      vertex 24.2 22.925 11.9
      vertex 24.2111 22.425 11.7303
      vertex 24.2 22.425 11.9
    endloop
  endfacet
  facet normal 0.831688 -0 0.555243
    outer loop
      vertex 26.5314 22.425 12.6914
      vertex 26.6258 22.925 12.55
      vertex 26.5314 22.925 12.6914
    endloop
  endfacet
  facet normal 0.831688 0 0.555243
    outer loop
      vertex 26.6258 22.925 12.55
      vertex 26.5314 22.425 12.6914
      vertex 26.6258 22.425 12.55
    endloop
  endfacet
  facet normal -0.980761 0 0.195211
    outer loop
      vertex 24.2111 22.425 12.0697
      vertex 24.2443 22.925 12.2365
      vertex 24.2111 22.925 12.0697
    endloop
  endfacet
  facet normal -0.980761 0 0.195211
    outer loop
      vertex 24.2443 22.925 12.2365
      vertex 24.2111 22.425 12.0697
      vertex 24.2443 22.425 12.2365
    endloop
  endfacet
  facet normal 0.751483 0 -0.659753
    outer loop
      vertex 26.5314 22.425 11.1086
      vertex 26.4192 22.925 10.9808
      vertex 26.5314 22.925 11.1086
    endloop
  endfacet
  facet normal 0.751483 0 -0.659753
    outer loop
      vertex 26.4192 22.925 10.9808
      vertex 26.5314 22.425 11.1086
      vertex 26.4192 22.425 10.9808
    endloop
  endfacet
  facet normal 0.0652701 0 -0.997868
    outer loop
      vertex 25.5 22.425 10.6
      vertex 25.6697 22.925 10.6111
      vertex 25.6697 22.425 10.6111
    endloop
  endfacet
  facet normal 0.0652701 0 -0.997868
    outer loop
      vertex 25.6697 22.925 10.6111
      vertex 25.5 22.425 10.6
      vertex 25.5 22.925 10.6
    endloop
  endfacet
  facet normal -0.0652701 0 -0.997868
    outer loop
      vertex 25.3303 22.425 10.6111
      vertex 25.5 22.925 10.6
      vertex 25.5 22.425 10.6
    endloop
  endfacet
  facet normal -0.0652701 0 -0.997868
    outer loop
      vertex 25.5 22.925 10.6
      vertex 25.3303 22.425 10.6111
      vertex 25.3303 22.925 10.6111
    endloop
  endfacet
  facet normal 0.997868 -0 0.0652701
    outer loop
      vertex 26.7889 22.425 12.0697
      vertex 26.8 22.925 11.9
      vertex 26.7889 22.925 12.0697
    endloop
  endfacet
  facet normal 0.997868 0 0.0652701
    outer loop
      vertex 26.8 22.925 11.9
      vertex 26.7889 22.425 12.0697
      vertex 26.8 22.425 11.9
    endloop
  endfacet
  facet normal 0.751483 -0 0.659753
    outer loop
      vertex 26.4192 22.425 12.8192
      vertex 26.5314 22.925 12.6914
      vertex 26.4192 22.925 12.8192
    endloop
  endfacet
  facet normal 0.751483 0 0.659753
    outer loop
      vertex 26.5314 22.925 12.6914
      vertex 26.4192 22.425 12.8192
      vertex 26.5314 22.425 12.6914
    endloop
  endfacet
  facet normal -0.555243 0 -0.831688
    outer loop
      vertex 24.7086 22.425 10.8686
      vertex 24.85 22.925 10.7742
      vertex 24.85 22.425 10.7742
    endloop
  endfacet
  facet normal -0.555243 0 -0.831688
    outer loop
      vertex 24.85 22.925 10.7742
      vertex 24.7086 22.425 10.8686
      vertex 24.7086 22.925 10.8686
    endloop
  endfacet
  facet normal 0.555243 0 0.831688
    outer loop
      vertex 26.15 22.925 13.0258
      vertex 26.2914 22.425 12.9314
      vertex 26.2914 22.925 12.9314
    endloop
  endfacet
  facet normal 0.555243 0 0.831688
    outer loop
      vertex 26.2914 22.425 12.9314
      vertex 26.15 22.925 13.0258
      vertex 26.15 22.425 13.0258
    endloop
  endfacet
  facet normal -0.831688 0 -0.555243
    outer loop
      vertex 24.4686 22.425 11.1086
      vertex 24.3742 22.925 11.25
      vertex 24.4686 22.925 11.1086
    endloop
  endfacet
  facet normal -0.831688 -0 -0.555243
    outer loop
      vertex 24.3742 22.925 11.25
      vertex 24.4686 22.425 11.1086
      vertex 24.3742 22.425 11.25
    endloop
  endfacet
  facet normal -0.195211 0 -0.980761
    outer loop
      vertex 25.1635 22.425 10.6443
      vertex 25.3303 22.925 10.6111
      vertex 25.3303 22.425 10.6111
    endloop
  endfacet
  facet normal -0.195211 0 -0.980761
    outer loop
      vertex 25.3303 22.925 10.6111
      vertex 25.1635 22.425 10.6443
      vertex 25.1635 22.925 10.6443
    endloop
  endfacet
  facet normal 0.442267 0 0.896884
    outer loop
      vertex 25.9975 22.925 13.101
      vertex 26.15 22.425 13.0258
      vertex 26.15 22.925 13.0258
    endloop
  endfacet
  facet normal 0.442267 0 0.896884
    outer loop
      vertex 26.15 22.425 13.0258
      vertex 25.9975 22.925 13.101
      vertex 25.9975 22.425 13.101
    endloop
  endfacet
  facet normal -0.0652701 0 0.997868
    outer loop
      vertex 25.3303 22.925 13.1889
      vertex 25.5 22.425 13.2
      vertex 25.5 22.925 13.2
    endloop
  endfacet
  facet normal -0.0652701 0 0.997868
    outer loop
      vertex 25.5 22.425 13.2
      vertex 25.3303 22.925 13.1889
      vertex 25.3303 22.425 13.1889
    endloop
  endfacet
  facet normal -0.751483 0 0.659753
    outer loop
      vertex 24.4686 22.425 12.6914
      vertex 24.5808 22.925 12.8192
      vertex 24.4686 22.925 12.6914
    endloop
  endfacet
  facet normal -0.751483 0 0.659753
    outer loop
      vertex 24.5808 22.925 12.8192
      vertex 24.4686 22.425 12.6914
      vertex 24.5808 22.425 12.8192
    endloop
  endfacet
  facet normal 0 1 0
    outer loop
      vertex 25.6697 22.925 13.1889
      vertex 25.3303 22.925 13.1889
      vertex 25.5 22.925 13.2
    endloop
  endfacet
  facet normal 0 1 0
    outer loop
      vertex 25.8365 22.925 13.1557
      vertex 25.3303 22.925 13.1889
      vertex 25.6697 22.925 13.1889
    endloop
  endfacet
  facet normal 0 1 0
    outer loop
      vertex 25.8365 22.925 13.1557
      vertex 25.1635 22.925 13.1557
      vertex 25.3303 22.925 13.1889
    endloop
  endfacet
  facet normal 0 1 0
    outer loop
      vertex 25.9975 22.925 13.101
      vertex 25.1635 22.925 13.1557
      vertex 25.8365 22.925 13.1557
    endloop
  endfacet
  facet normal 0 1 0
    outer loop
      vertex 25.9975 22.925 13.101
      vertex 25.0025 22.925 13.101
      vertex 25.1635 22.925 13.1557
    endloop
  endfacet
  facet normal 0 1 0
    outer loop
      vertex 26.15 22.925 13.0258
      vertex 25.0025 22.925 13.101
      vertex 25.9975 22.925 13.101
    endloop
  endfacet
  facet normal 0 1 0
    outer loop
      vertex 26.15 22.925 13.0258
      vertex 24.85 22.925 13.0258
      vertex 25.0025 22.925 13.101
    endloop
  endfacet
  facet normal 0 1 0
    outer loop
      vertex 26.2914 22.925 12.9314
      vertex 24.85 22.925 13.0258
      vertex 26.15 22.925 13.0258
    endloop
  endfacet
  facet normal 0 1 0
    outer loop
      vertex 26.2914 22.925 12.9314
      vertex 24.7086 22.925 12.9314
      vertex 24.85 22.925 13.0258
    endloop
  endfacet
  facet normal 0 1 0
    outer loop
      vertex 26.4192 22.925 12.8192
      vertex 24.7086 22.925 12.9314
      vertex 26.2914 22.925 12.9314
    endloop
  endfacet
  facet normal 0 1 0
    outer loop
      vertex 26.4192 22.925 12.8192
      vertex 24.5808 22.925 12.8192
      vertex 24.7086 22.925 12.9314
    endloop
  endfacet
  facet normal 0 1 0
    outer loop
      vertex 26.5314 22.925 12.6914
      vertex 24.5808 22.925 12.8192
      vertex 26.4192 22.925 12.8192
    endloop
  endfacet
  facet normal 0 1 0
    outer loop
      vertex 26.5314 22.925 12.6914
      vertex 24.4686 22.925 12.6914
      vertex 24.5808 22.925 12.8192
    endloop
  endfacet
  facet normal 0 1 0
    outer loop
      vertex 26.6258 22.925 12.55
      vertex 24.4686 22.925 12.6914
      vertex 26.5314 22.925 12.6914
    endloop
  endfacet
  facet normal 0 1 0
    outer loop
      vertex 26.6258 22.925 12.55
      vertex 24.3742 22.925 12.55
      vertex 24.4686 22.925 12.6914
    endloop
  endfacet
  facet normal 0 1 0
    outer loop
      vertex 26.701 22.925 12.3975
      vertex 24.3742 22.925 12.55
      vertex 26.6258 22.925 12.55
    endloop
  endfacet
  facet normal 0 1 0
    outer loop
      vertex 26.701 22.925 12.3975
      vertex 24.299 22.925 12.3975
      vertex 24.3742 22.925 12.55
    endloop
  endfacet
  facet normal 0 1 0
    outer loop
      vertex 26.7557 22.925 12.2365
      vertex 24.299 22.925 12.3975
      vertex 26.701 22.925 12.3975
    endloop
  endfacet
  facet normal 0 1 0
    outer loop
      vertex 26.7557 22.925 12.2365
      vertex 24.2443 22.925 12.2365
      vertex 24.299 22.925 12.3975
    endloop
  endfacet
  facet normal 0 1 0
    outer loop
      vertex 26.7889 22.925 12.0697
      vertex 24.2443 22.925 12.2365
      vertex 26.7557 22.925 12.2365
    endloop
  endfacet
  facet normal 0 1 0
    outer loop
      vertex 26.7889 22.925 12.0697
      vertex 24.2111 22.925 12.0697
      vertex 24.2443 22.925 12.2365
    endloop
  endfacet
  facet normal 0 1 0
    outer loop
      vertex 26.8 22.925 11.9
      vertex 24.2111 22.925 12.0697
      vertex 26.7889 22.925 12.0697
    endloop
  endfacet
  facet normal 0 1 0
    outer loop
      vertex 26.8 22.925 11.9
      vertex 24.2 22.925 11.9
      vertex 24.2111 22.925 12.0697
    endloop
  endfacet
  facet normal 0 1 -0
    outer loop
      vertex 26.7889 22.925 11.7303
      vertex 24.2 22.925 11.9
      vertex 26.8 22.925 11.9
    endloop
  endfacet
  facet normal 0 1 0
    outer loop
      vertex 26.7889 22.925 11.7303
      vertex 24.2111 22.925 11.7303
      vertex 24.2 22.925 11.9
    endloop
  endfacet
  facet normal 0 1 -0
    outer loop
      vertex 26.7557 22.925 11.5635
      vertex 24.2111 22.925 11.7303
      vertex 26.7889 22.925 11.7303
    endloop
  endfacet
  facet normal 0 1 0
    outer loop
      vertex 26.7557 22.925 11.5635
      vertex 24.2443 22.925 11.5635
      vertex 24.2111 22.925 11.7303
    endloop
  endfacet
  facet normal 0 1 -0
    outer loop
      vertex 26.701 22.925 11.4025
      vertex 24.2443 22.925 11.5635
      vertex 26.7557 22.925 11.5635
    endloop
  endfacet
  facet normal 0 1 0
    outer loop
      vertex 26.701 22.925 11.4025
      vertex 24.299 22.925 11.4025
      vertex 24.2443 22.925 11.5635
    endloop
  endfacet
  facet normal 0 1 -0
    outer loop
      vertex 26.6258 22.925 11.25
      vertex 24.299 22.925 11.4025
      vertex 26.701 22.925 11.4025
    endloop
  endfacet
  facet normal 0 1 0
    outer loop
      vertex 26.6258 22.925 11.25
      vertex 24.3742 22.925 11.25
      vertex 24.299 22.925 11.4025
    endloop
  endfacet
  facet normal 0 1 -0
    outer loop
      vertex 26.5314 22.925 11.1086
      vertex 24.3742 22.925 11.25
      vertex 26.6258 22.925 11.25
    endloop
  endfacet
  facet normal 0 1 0
    outer loop
      vertex 26.5314 22.925 11.1086
      vertex 24.4686 22.925 11.1086
      vertex 24.3742 22.925 11.25
    endloop
  endfacet
  facet normal 0 1 -0
    outer loop
      vertex 26.4192 22.925 10.9808
      vertex 24.4686 22.925 11.1086
      vertex 26.5314 22.925 11.1086
    endloop
  endfacet
  facet normal 0 1 0
    outer loop
      vertex 26.4192 22.925 10.9808
      vertex 24.5808 22.925 10.9808
      vertex 24.4686 22.925 11.1086
    endloop
  endfacet
  facet normal 0 1 -0
    outer loop
      vertex 26.2914 22.925 10.8686
      vertex 24.5808 22.925 10.9808
      vertex 26.4192 22.925 10.9808
    endloop
  endfacet
  facet normal 0 1 0
    outer loop
      vertex 26.2914 22.925 10.8686
      vertex 24.7086 22.925 10.8686
      vertex 24.5808 22.925 10.9808
    endloop
  endfacet
  facet normal 0 1 -0
    outer loop
      vertex 26.15 22.925 10.7742
      vertex 24.7086 22.925 10.8686
      vertex 26.2914 22.925 10.8686
    endloop
  endfacet
  facet normal 0 1 0
    outer loop
      vertex 26.15 22.925 10.7742
      vertex 24.85 22.925 10.7742
      vertex 24.7086 22.925 10.8686
    endloop
  endfacet
  facet normal 0 1 -0
    outer loop
      vertex 25.9975 22.925 10.699
      vertex 24.85 22.925 10.7742
      vertex 26.15 22.925 10.7742
    endloop
  endfacet
  facet normal 0 1 0
    outer loop
      vertex 25.9975 22.925 10.699
      vertex 25.0025 22.925 10.699
      vertex 24.85 22.925 10.7742
    endloop
  endfacet
  facet normal 0 1 -0
    outer loop
      vertex 25.8365 22.925 10.6443
      vertex 25.0025 22.925 10.699
      vertex 25.9975 22.925 10.699
    endloop
  endfacet
  facet normal 0 1 0
    outer loop
      vertex 25.8365 22.925 10.6443
      vertex 25.1635 22.925 10.6443
      vertex 25.0025 22.925 10.699
    endloop
  endfacet
  facet normal 0 1 -0
    outer loop
      vertex 25.6697 22.925 10.6111
      vertex 25.1635 22.925 10.6443
      vertex 25.8365 22.925 10.6443
    endloop
  endfacet
  facet normal 0 1 0
    outer loop
      vertex 25.6697 22.925 10.6111
      vertex 25.3303 22.925 10.6111
      vertex 25.1635 22.925 10.6443
    endloop
  endfacet
  facet normal -0 1 0
    outer loop
      vertex 25.3303 22.925 10.6111
      vertex 25.6697 22.925 10.6111
      vertex 25.5 22.925 10.6
    endloop
  endfacet
  facet normal -0.442267 0 0.896884
    outer loop
      vertex 24.85 22.925 13.0258
      vertex 25.0025 22.425 13.101
      vertex 25.0025 22.925 13.101
    endloop
  endfacet
  facet normal -0.442267 0 0.896884
    outer loop
      vertex 25.0025 22.425 13.101
      vertex 24.85 22.925 13.0258
      vertex 24.85 22.425 13.0258
    endloop
  endfacet
  facet normal 0 -1 0
    outer loop
      vertex 25.3303 22.425 13.1889
      vertex 25.6697 22.425 13.1889
      vertex 25.5 22.425 13.2
    endloop
  endfacet
  facet normal 0 -1 0
    outer loop
      vertex 25.1635 22.425 13.1557
      vertex 25.6697 22.425 13.1889
      vertex 25.3303 22.425 13.1889
    endloop
  endfacet
  facet normal 0 -1 0
    outer loop
      vertex 25.1635 22.425 13.1557
      vertex 25.8365 22.425 13.1557
      vertex 25.6697 22.425 13.1889
    endloop
  endfacet
  facet normal 0 -1 0
    outer loop
      vertex 25.0025 22.425 13.101
      vertex 25.8365 22.425 13.1557
      vertex 25.1635 22.425 13.1557
    endloop
  endfacet
  facet normal 0 -1 0
    outer loop
      vertex 25.0025 22.425 13.101
      vertex 25.9975 22.425 13.101
      vertex 25.8365 22.425 13.1557
    endloop
  endfacet
  facet normal 0 -1 0
    outer loop
      vertex 24.85 22.425 13.0258
      vertex 25.9975 22.425 13.101
      vertex 25.0025 22.425 13.101
    endloop
  endfacet
  facet normal 0 -1 0
    outer loop
      vertex 24.85 22.425 13.0258
      vertex 26.15 22.425 13.0258
      vertex 25.9975 22.425 13.101
    endloop
  endfacet
  facet normal 0 -1 0
    outer loop
      vertex 24.7086 22.425 12.9314
      vertex 26.15 22.425 13.0258
      vertex 24.85 22.425 13.0258
    endloop
  endfacet
  facet normal 0 -1 0
    outer loop
      vertex 24.7086 22.425 12.9314
      vertex 26.2914 22.425 12.9314
      vertex 26.15 22.425 13.0258
    endloop
  endfacet
  facet normal 0 -1 0
    outer loop
      vertex 24.5808 22.425 12.8192
      vertex 26.2914 22.425 12.9314
      vertex 24.7086 22.425 12.9314
    endloop
  endfacet
  facet normal 0 -1 0
    outer loop
      vertex 24.5808 22.425 12.8192
      vertex 26.4192 22.425 12.8192
      vertex 26.2914 22.425 12.9314
    endloop
  endfacet
  facet normal 0 -1 0
    outer loop
      vertex 24.4686 22.425 12.6914
      vertex 26.4192 22.425 12.8192
      vertex 24.5808 22.425 12.8192
    endloop
  endfacet
  facet normal 0 -1 0
    outer loop
      vertex 24.4686 22.425 12.6914
      vertex 26.5314 22.425 12.6914
      vertex 26.4192 22.425 12.8192
    endloop
  endfacet
  facet normal 0 -1 0
    outer loop
      vertex 24.3742 22.425 12.55
      vertex 26.5314 22.425 12.6914
      vertex 24.4686 22.425 12.6914
    endloop
  endfacet
  facet normal 0 -1 0
    outer loop
      vertex 24.3742 22.425 12.55
      vertex 26.6258 22.425 12.55
      vertex 26.5314 22.425 12.6914
    endloop
  endfacet
  facet normal 0 -1 0
    outer loop
      vertex 24.299 22.425 12.3975
      vertex 26.6258 22.425 12.55
      vertex 24.3742 22.425 12.55
    endloop
  endfacet
  facet normal 0 -1 0
    outer loop
      vertex 24.299 22.425 12.3975
      vertex 26.701 22.425 12.3975
      vertex 26.6258 22.425 12.55
    endloop
  endfacet
  facet normal 0 -1 0
    outer loop
      vertex 24.2443 22.425 12.2365
      vertex 26.701 22.425 12.3975
      vertex 24.299 22.425 12.3975
    endloop
  endfacet
  facet normal 0 -1 0
    outer loop
      vertex 24.2443 22.425 12.2365
      vertex 26.7557 22.425 12.2365
      vertex 26.701 22.425 12.3975
    endloop
  endfacet
  facet normal 0 -1 0
    outer loop
      vertex 24.2111 22.425 12.0697
      vertex 26.7557 22.425 12.2365
      vertex 24.2443 22.425 12.2365
    endloop
  endfacet
  facet normal 0 -1 0
    outer loop
      vertex 24.2111 22.425 12.0697
      vertex 26.7889 22.425 12.0697
      vertex 26.7557 22.425 12.2365
    endloop
  endfacet
  facet normal 0 -1 0
    outer loop
      vertex 24.2 22.425 11.9
      vertex 26.7889 22.425 12.0697
      vertex 24.2111 22.425 12.0697
    endloop
  endfacet
  facet normal 0 -1 0
    outer loop
      vertex 24.2 22.425 11.9
      vertex 26.8 22.425 11.9
      vertex 26.7889 22.425 12.0697
    endloop
  endfacet
  facet normal 0 -1 0
    outer loop
      vertex 24.2111 22.425 11.7303
      vertex 26.8 22.425 11.9
      vertex 24.2 22.425 11.9
    endloop
  endfacet
  facet normal 0 -1 0
    outer loop
      vertex 24.2111 22.425 11.7303
      vertex 26.7889 22.425 11.7303
      vertex 26.8 22.425 11.9
    endloop
  endfacet
  facet normal 0 -1 0
    outer loop
      vertex 24.2443 22.425 11.5635
      vertex 26.7889 22.425 11.7303
      vertex 24.2111 22.425 11.7303
    endloop
  endfacet
  facet normal 0 -1 0
    outer loop
      vertex 24.2443 22.425 11.5635
      vertex 26.7557 22.425 11.5635
      vertex 26.7889 22.425 11.7303
    endloop
  endfacet
  facet normal 0 -1 0
    outer loop
      vertex 24.299 22.425 11.4025
      vertex 26.7557 22.425 11.5635
      vertex 24.2443 22.425 11.5635
    endloop
  endfacet
  facet normal 0 -1 0
    outer loop
      vertex 24.299 22.425 11.4025
      vertex 26.701 22.425 11.4025
      vertex 26.7557 22.425 11.5635
    endloop
  endfacet
  facet normal 0 -1 0
    outer loop
      vertex 24.3742 22.425 11.25
      vertex 26.701 22.425 11.4025
      vertex 24.299 22.425 11.4025
    endloop
  endfacet
  facet normal 0 -1 0
    outer loop
      vertex 24.3742 22.425 11.25
      vertex 26.6258 22.425 11.25
      vertex 26.701 22.425 11.4025
    endloop
  endfacet
  facet normal 0 -1 0
    outer loop
      vertex 24.4686 22.425 11.1086
      vertex 26.6258 22.425 11.25
      vertex 24.3742 22.425 11.25
    endloop
  endfacet
  facet normal 0 -1 0
    outer loop
      vertex 24.4686 22.425 11.1086
      vertex 26.5314 22.425 11.1086
      vertex 26.6258 22.425 11.25
    endloop
  endfacet
  facet normal 0 -1 0
    outer loop
      vertex 24.5808 22.425 10.9808
      vertex 26.5314 22.425 11.1086
      vertex 24.4686 22.425 11.1086
    endloop
  endfacet
  facet normal 0 -1 0
    outer loop
      vertex 24.5808 22.425 10.9808
      vertex 26.4192 22.425 10.9808
      vertex 26.5314 22.425 11.1086
    endloop
  endfacet
  facet normal 0 -1 0
    outer loop
      vertex 24.7086 22.425 10.8686
      vertex 26.4192 22.425 10.9808
      vertex 24.5808 22.425 10.9808
    endloop
  endfacet
  facet normal 0 -1 0
    outer loop
      vertex 24.7086 22.425 10.8686
      vertex 26.2914 22.425 10.8686
      vertex 26.4192 22.425 10.9808
    endloop
  endfacet
  facet normal 0 -1 0
    outer loop
      vertex 24.85 22.425 10.7742
      vertex 26.2914 22.425 10.8686
      vertex 24.7086 22.425 10.8686
    endloop
  endfacet
  facet normal 0 -1 0
    outer loop
      vertex 24.85 22.425 10.7742
      vertex 26.15 22.425 10.7742
      vertex 26.2914 22.425 10.8686
    endloop
  endfacet
  facet normal 0 -1 0
    outer loop
      vertex 25.0025 22.425 10.699
      vertex 26.15 22.425 10.7742
      vertex 24.85 22.425 10.7742
    endloop
  endfacet
  facet normal 0 -1 0
    outer loop
      vertex 25.0025 22.425 10.699
      vertex 25.9975 22.425 10.699
      vertex 26.15 22.425 10.7742
    endloop
  endfacet
  facet normal 0 -1 0
    outer loop
      vertex 25.1635 22.425 10.6443
      vertex 25.9975 22.425 10.699
      vertex 25.0025 22.425 10.699
    endloop
  endfacet
  facet normal 0 -1 0
    outer loop
      vertex 25.1635 22.425 10.6443
      vertex 25.8365 22.425 10.6443
      vertex 25.9975 22.425 10.699
    endloop
  endfacet
  facet normal 0 -1 0
    outer loop
      vertex 25.3303 22.425 10.6111
      vertex 25.8365 22.425 10.6443
      vertex 25.1635 22.425 10.6443
    endloop
  endfacet
  facet normal 0 -1 0
    outer loop
      vertex 25.3303 22.425 10.6111
      vertex 25.6697 22.425 10.6111
      vertex 25.8365 22.425 10.6443
    endloop
  endfacet
  facet normal -0 -1 0
    outer loop
      vertex 25.6697 22.425 10.6111
      vertex 25.3303 22.425 10.6111
      vertex 25.5 22.425 10.6
    endloop
  endfacet
  facet normal -0.555243 0 0.831688
    outer loop
      vertex 24.7086 22.925 12.9314
      vertex 24.85 22.425 13.0258
      vertex 24.85 22.925 13.0258
    endloop
  endfacet
  facet normal -0.555243 0 0.831688
    outer loop
      vertex 24.85 22.425 13.0258
      vertex 24.7086 22.925 12.9314
      vertex 24.7086 22.425 12.9314
    endloop
  endfacet
  facet normal 0.980776 0 -0.195136
    outer loop
      vertex 3.04102 22.475 23.8629
      vertex 3.01422 23.025 23.7282
      vertex 3.04102 23.025 23.8629
    endloop
  endfacet
  facet normal 0.980776 0 -0.195136
    outer loop
      vertex 3.01422 23.025 23.7282
      vertex 3.04102 22.475 23.8629
      vertex 3.01422 22.475 23.7282
    endloop
  endfacet
  facet normal 0.997862 0 -0.0653596
    outer loop
      vertex 3.05 22.475 24
      vertex 3.04102 23.025 23.8629
      vertex 3.05 23.025 24
    endloop
  endfacet
  facet normal 0.997862 0 -0.0653596
    outer loop
      vertex 3.04102 23.025 23.8629
      vertex 3.05 22.475 24
      vertex 3.04102 22.475 23.8629
    endloop
  endfacet
  facet normal 0.751954 0 -0.659215
    outer loop
      vertex 2.83302 22.475 23.3608
      vertex 2.74246 23.025 23.2575
      vertex 2.83302 23.025 23.3608
    endloop
  endfacet
  facet normal 0.751954 0 -0.659215
    outer loop
      vertex 2.74246 23.025 23.2575
      vertex 2.83302 22.475 23.3608
      vertex 2.74246 22.475 23.2575
    endloop
  endfacet
  facet normal 0.0655283 0 0.997851
    outer loop
      vertex 2 23.025 25.05
      vertex 2.13705 22.475 25.041
      vertex 2.13705 23.025 25.041
    endloop
  endfacet
  facet normal 0.0655283 0 0.997851
    outer loop
      vertex 2.13705 22.475 25.041
      vertex 2 23.025 25.05
      vertex 2 22.475 25.05
    endloop
  endfacet
  facet normal 0.659113 0 -0.752044
    outer loop
      vertex 2.6392 22.475 23.167
      vertex 2.74246 23.025 23.2575
      vertex 2.74246 22.475 23.2575
    endloop
  endfacet
  facet normal 0.659113 0 -0.752044
    outer loop
      vertex 2.74246 23.025 23.2575
      vertex 2.6392 22.475 23.167
      vertex 2.6392 23.025 23.167
    endloop
  endfacet
  facet normal 0.195122 0 -0.980779
    outer loop
      vertex 2.13705 22.475 22.959
      vertex 2.27176 23.025 22.9858
      vertex 2.27176 22.475 22.9858
    endloop
  endfacet
  facet normal 0.195122 0 -0.980779
    outer loop
      vertex 2.27176 23.025 22.9858
      vertex 2.13705 22.475 22.959
      vertex 2.13705 23.025 22.959
    endloop
  endfacet
  facet normal 0.831456 0 -0.55559
    outer loop
      vertex 2.90933 22.475 23.475
      vertex 2.83302 23.025 23.3608
      vertex 2.90933 23.025 23.475
    endloop
  endfacet
  facet normal 0.831456 0 -0.55559
    outer loop
      vertex 2.83302 23.025 23.3608
      vertex 2.90933 22.475 23.475
      vertex 2.83302 22.475 23.3608
    endloop
  endfacet
  facet normal 0.997862 -0 0.0653596
    outer loop
      vertex 3.04102 22.475 24.1371
      vertex 3.05 23.025 24
      vertex 3.04102 23.025 24.1371
    endloop
  endfacet
  facet normal 0.997862 0 0.0653596
    outer loop
      vertex 3.05 23.025 24
      vertex 3.04102 22.475 24.1371
      vertex 3.05 22.475 24
    endloop
  endfacet
  facet normal -0.751954 0 -0.659215
    outer loop
      vertex 1.25754 22.475 23.2575
      vertex 1.16698 23.025 23.3608
      vertex 1.25754 23.025 23.2575
    endloop
  endfacet
  facet normal -0.751954 -0 -0.659215
    outer loop
      vertex 1.16698 23.025 23.3608
      vertex 1.25754 22.475 23.2575
      vertex 1.16698 22.475 23.3608
    endloop
  endfacet
  facet normal 0.831456 -0 0.55559
    outer loop
      vertex 2.83302 22.475 24.6392
      vertex 2.90933 23.025 24.525
      vertex 2.83302 23.025 24.6392
    endloop
  endfacet
  facet normal 0.831456 0 0.55559
    outer loop
      vertex 2.90933 23.025 24.525
      vertex 2.83302 22.475 24.6392
      vertex 2.90933 22.475 24.525
    endloop
  endfacet
  facet normal 0.946884 0 -0.321576
    outer loop
      vertex 3.01422 22.475 23.7282
      vertex 2.97007 23.025 23.5982
      vertex 3.01422 23.025 23.7282
    endloop
  endfacet
  facet normal 0.946884 0 -0.321576
    outer loop
      vertex 2.97007 23.025 23.5982
      vertex 3.01422 22.475 23.7282
      vertex 2.97007 22.475 23.5982
    endloop
  endfacet
  facet normal -0.831456 0 -0.55559
    outer loop
      vertex 1.16698 22.475 23.3608
      vertex 1.09067 23.025 23.475
      vertex 1.16698 23.025 23.3608
    endloop
  endfacet
  facet normal -0.831456 -0 -0.55559
    outer loop
      vertex 1.09067 23.025 23.475
      vertex 1.16698 22.475 23.3608
      vertex 1.09067 22.475 23.475
    endloop
  endfacet
  facet normal -0.946879 0 -0.321589
    outer loop
      vertex 1.02993 22.475 23.5982
      vertex 0.985778 23.025 23.7282
      vertex 1.02993 23.025 23.5982
    endloop
  endfacet
  facet normal -0.946879 -0 -0.321589
    outer loop
      vertex 0.985778 23.025 23.7282
      vertex 1.02993 22.475 23.5982
      vertex 0.985778 22.475 23.7282
    endloop
  endfacet
  facet normal 0.195122 0 0.980779
    outer loop
      vertex 2.13705 23.025 25.041
      vertex 2.27176 22.475 25.0142
      vertex 2.27176 23.025 25.0142
    endloop
  endfacet
  facet normal 0.195122 0 0.980779
    outer loop
      vertex 2.27176 22.475 25.0142
      vertex 2.13705 23.025 25.041
      vertex 2.13705 22.475 25.041
    endloop
  endfacet
  facet normal 0.321117 0 -0.94704
    outer loop
      vertex 2.27176 22.475 22.9858
      vertex 2.40182 23.025 23.0299
      vertex 2.40182 22.475 23.0299
    endloop
  endfacet
  facet normal 0.321117 0 -0.94704
    outer loop
      vertex 2.40182 23.025 23.0299
      vertex 2.27176 22.475 22.9858
      vertex 2.27176 23.025 22.9858
    endloop
  endfacet
  facet normal -0.55554 0 -0.83149
    outer loop
      vertex 1.3608 22.475 23.167
      vertex 1.475 23.025 23.0907
      vertex 1.475 22.475 23.0907
    endloop
  endfacet
  facet normal -0.55554 0 -0.83149
    outer loop
      vertex 1.475 23.025 23.0907
      vertex 1.3608 22.475 23.167
      vertex 1.3608 23.025 23.167
    endloop
  endfacet
  facet normal -0.946879 0 0.321589
    outer loop
      vertex 0.985778 22.475 24.2718
      vertex 1.02993 23.025 24.4018
      vertex 0.985778 23.025 24.2718
    endloop
  endfacet
  facet normal -0.946879 0 0.321589
    outer loop
      vertex 1.02993 23.025 24.4018
      vertex 0.985778 22.475 24.2718
      vertex 1.02993 22.475 24.4018
    endloop
  endfacet
  facet normal 0.442607 0 0.896716
    outer loop
      vertex 2.40182 23.025 24.9701
      vertex 2.525 22.475 24.9093
      vertex 2.525 23.025 24.9093
    endloop
  endfacet
  facet normal 0.442607 0 0.896716
    outer loop
      vertex 2.525 22.475 24.9093
      vertex 2.40182 23.025 24.9701
      vertex 2.40182 22.475 24.9701
    endloop
  endfacet
  facet normal 0.442607 0 -0.896716
    outer loop
      vertex 2.40182 22.475 23.0299
      vertex 2.525 23.025 23.0907
      vertex 2.525 22.475 23.0907
    endloop
  endfacet
  facet normal 0.442607 0 -0.896716
    outer loop
      vertex 2.525 23.025 23.0907
      vertex 2.40182 22.475 23.0299
      vertex 2.40182 23.025 23.0299
    endloop
  endfacet
  facet normal -0.0655283 0 0.997851
    outer loop
      vertex 1.86295 23.025 25.041
      vertex 2 22.475 25.05
      vertex 2 23.025 25.05
    endloop
  endfacet
  facet normal -0.0655283 0 0.997851
    outer loop
      vertex 2 22.475 25.05
      vertex 1.86295 23.025 25.041
      vertex 1.86295 22.475 25.041
    endloop
  endfacet
  facet normal 0.946884 -0 0.321576
    outer loop
      vertex 2.97007 22.475 24.4018
      vertex 3.01422 23.025 24.2718
      vertex 2.97007 23.025 24.4018
    endloop
  endfacet
  facet normal 0.946884 0 0.321576
    outer loop
      vertex 3.01422 23.025 24.2718
      vertex 2.97007 22.475 24.4018
      vertex 3.01422 22.475 24.2718
    endloop
  endfacet
  facet normal -0.321117 0 -0.94704
    outer loop
      vertex 1.59818 22.475 23.0299
      vertex 1.72824 23.025 22.9858
      vertex 1.72824 22.475 22.9858
    endloop
  endfacet
  facet normal -0.321117 0 -0.94704
    outer loop
      vertex 1.72824 23.025 22.9858
      vertex 1.59818 22.475 23.0299
      vertex 1.59818 23.025 23.0299
    endloop
  endfacet
  facet normal 0.55554 0 -0.83149
    outer loop
      vertex 2.525 22.475 23.0907
      vertex 2.6392 23.025 23.167
      vertex 2.6392 22.475 23.167
    endloop
  endfacet
  facet normal 0.55554 0 -0.83149
    outer loop
      vertex 2.6392 23.025 23.167
      vertex 2.525 22.475 23.0907
      vertex 2.525 23.025 23.0907
    endloop
  endfacet
  facet normal -0.321117 0 0.94704
    outer loop
      vertex 1.59818 23.025 24.9701
      vertex 1.72824 22.475 25.0142
      vertex 1.72824 23.025 25.0142
    endloop
  endfacet
  facet normal -0.321117 0 0.94704
    outer loop
      vertex 1.72824 22.475 25.0142
      vertex 1.59818 23.025 24.9701
      vertex 1.59818 22.475 24.9701
    endloop
  endfacet
  facet normal -0.896918 0 0.442198
    outer loop
      vertex 1.02993 22.475 24.4018
      vertex 1.09067 23.025 24.525
      vertex 1.02993 23.025 24.4018
    endloop
  endfacet
  facet normal -0.896918 0 0.442198
    outer loop
      vertex 1.09067 23.025 24.525
      vertex 1.02993 22.475 24.4018
      vertex 1.09067 22.475 24.525
    endloop
  endfacet
  facet normal 0.321117 0 0.94704
    outer loop
      vertex 2.27176 23.025 25.0142
      vertex 2.40182 22.475 24.9701
      vertex 2.40182 23.025 24.9701
    endloop
  endfacet
  facet normal 0.321117 0 0.94704
    outer loop
      vertex 2.40182 22.475 24.9701
      vertex 2.27176 23.025 25.0142
      vertex 2.27176 22.475 25.0142
    endloop
  endfacet
  facet normal -0.195122 0 -0.980779
    outer loop
      vertex 1.72824 22.475 22.9858
      vertex 1.86295 23.025 22.959
      vertex 1.86295 22.475 22.959
    endloop
  endfacet
  facet normal -0.195122 0 -0.980779
    outer loop
      vertex 1.86295 23.025 22.959
      vertex 1.72824 22.475 22.9858
      vertex 1.72824 23.025 22.9858
    endloop
  endfacet
  facet normal 0.896918 0 -0.442198
    outer loop
      vertex 2.97007 22.475 23.5982
      vertex 2.90933 23.025 23.475
      vertex 2.97007 23.025 23.5982
    endloop
  endfacet
  facet normal 0.896918 0 -0.442198
    outer loop
      vertex 2.90933 23.025 23.475
      vertex 2.97007 22.475 23.5982
      vertex 2.90933 22.475 23.475
    endloop
  endfacet
  facet normal 0.980776 -0 0.195136
    outer loop
      vertex 3.01422 22.475 24.2718
      vertex 3.04102 23.025 24.1371
      vertex 3.01422 23.025 24.2718
    endloop
  endfacet
  facet normal 0.980776 0 0.195136
    outer loop
      vertex 3.04102 23.025 24.1371
      vertex 3.01422 22.475 24.2718
      vertex 3.04102 22.475 24.1371
    endloop
  endfacet
  facet normal -0.980782 0 0.195108
    outer loop
      vertex 0.958982 22.475 24.1371
      vertex 0.985778 23.025 24.2718
      vertex 0.958982 23.025 24.1371
    endloop
  endfacet
  facet normal -0.980782 0 0.195108
    outer loop
      vertex 0.985778 23.025 24.2718
      vertex 0.958982 22.475 24.1371
      vertex 0.985778 22.475 24.2718
    endloop
  endfacet
  facet normal -0.0655283 0 -0.997851
    outer loop
      vertex 1.86295 22.475 22.959
      vertex 2 23.025 22.95
      vertex 2 22.475 22.95
    endloop
  endfacet
  facet normal -0.0655283 0 -0.997851
    outer loop
      vertex 2 23.025 22.95
      vertex 1.86295 22.475 22.959
      vertex 1.86295 23.025 22.959
    endloop
  endfacet
  facet normal -0.55554 0 0.83149
    outer loop
      vertex 1.3608 23.025 24.833
      vertex 1.475 22.475 24.9093
      vertex 1.475 23.025 24.9093
    endloop
  endfacet
  facet normal -0.55554 0 0.83149
    outer loop
      vertex 1.475 22.475 24.9093
      vertex 1.3608 23.025 24.833
      vertex 1.3608 22.475 24.833
    endloop
  endfacet
  facet normal -0.659113 0 -0.752044
    outer loop
      vertex 1.25754 22.475 23.2575
      vertex 1.3608 23.025 23.167
      vertex 1.3608 22.475 23.167
    endloop
  endfacet
  facet normal -0.659113 0 -0.752044
    outer loop
      vertex 1.3608 23.025 23.167
      vertex 1.25754 22.475 23.2575
      vertex 1.25754 23.025 23.2575
    endloop
  endfacet
  facet normal 0.55554 0 0.83149
    outer loop
      vertex 2.525 23.025 24.9093
      vertex 2.6392 22.475 24.833
      vertex 2.6392 23.025 24.833
    endloop
  endfacet
  facet normal 0.55554 0 0.83149
    outer loop
      vertex 2.6392 22.475 24.833
      vertex 2.525 23.025 24.9093
      vertex 2.525 22.475 24.9093
    endloop
  endfacet
  facet normal -0.997861 0 0.0653741
    outer loop
      vertex 0.95 22.475 24
      vertex 0.958982 23.025 24.1371
      vertex 0.95 23.025 24
    endloop
  endfacet
  facet normal -0.997861 0 0.0653741
    outer loop
      vertex 0.958982 23.025 24.1371
      vertex 0.95 22.475 24
      vertex 0.958982 22.475 24.1371
    endloop
  endfacet
  facet normal 0 1 0
    outer loop
      vertex 2.13705 23.025 25.041
      vertex 1.86295 23.025 25.041
      vertex 2 23.025 25.05
    endloop
  endfacet
  facet normal 0 1 0
    outer loop
      vertex 2.27176 23.025 25.0142
      vertex 1.86295 23.025 25.041
      vertex 2.13705 23.025 25.041
    endloop
  endfacet
  facet normal 0 1 0
    outer loop
      vertex 2.27176 23.025 25.0142
      vertex 1.72824 23.025 25.0142
      vertex 1.86295 23.025 25.041
    endloop
  endfacet
  facet normal 0 1 0
    outer loop
      vertex 2.40182 23.025 24.9701
      vertex 1.72824 23.025 25.0142
      vertex 2.27176 23.025 25.0142
    endloop
  endfacet
  facet normal 0 1 0
    outer loop
      vertex 2.40182 23.025 24.9701
      vertex 1.59818 23.025 24.9701
      vertex 1.72824 23.025 25.0142
    endloop
  endfacet
  facet normal 0 1 0
    outer loop
      vertex 2.525 23.025 24.9093
      vertex 1.59818 23.025 24.9701
      vertex 2.40182 23.025 24.9701
    endloop
  endfacet
  facet normal 0 1 0
    outer loop
      vertex 2.525 23.025 24.9093
      vertex 1.475 23.025 24.9093
      vertex 1.59818 23.025 24.9701
    endloop
  endfacet
  facet normal 0 1 0
    outer loop
      vertex 2.6392 23.025 24.833
      vertex 1.475 23.025 24.9093
      vertex 2.525 23.025 24.9093
    endloop
  endfacet
  facet normal 0 1 0
    outer loop
      vertex 2.6392 23.025 24.833
      vertex 1.3608 23.025 24.833
      vertex 1.475 23.025 24.9093
    endloop
  endfacet
  facet normal 0 1 0
    outer loop
      vertex 2.74246 23.025 24.7425
      vertex 1.3608 23.025 24.833
      vertex 2.6392 23.025 24.833
    endloop
  endfacet
  facet normal 0 1 0
    outer loop
      vertex 2.74246 23.025 24.7425
      vertex 1.25754 23.025 24.7425
      vertex 1.3608 23.025 24.833
    endloop
  endfacet
  facet normal 0 1 0
    outer loop
      vertex 2.83302 23.025 24.6392
      vertex 1.25754 23.025 24.7425
      vertex 2.74246 23.025 24.7425
    endloop
  endfacet
  facet normal 0 1 0
    outer loop
      vertex 2.83302 23.025 24.6392
      vertex 1.16698 23.025 24.6392
      vertex 1.25754 23.025 24.7425
    endloop
  endfacet
  facet normal 0 1 0
    outer loop
      vertex 2.90933 23.025 24.525
      vertex 1.16698 23.025 24.6392
      vertex 2.83302 23.025 24.6392
    endloop
  endfacet
  facet normal 0 1 0
    outer loop
      vertex 2.90933 23.025 24.525
      vertex 1.09067 23.025 24.525
      vertex 1.16698 23.025 24.6392
    endloop
  endfacet
  facet normal 0 1 0
    outer loop
      vertex 2.97007 23.025 24.4018
      vertex 1.09067 23.025 24.525
      vertex 2.90933 23.025 24.525
    endloop
  endfacet
  facet normal 0 1 0
    outer loop
      vertex 2.97007 23.025 24.4018
      vertex 1.02993 23.025 24.4018
      vertex 1.09067 23.025 24.525
    endloop
  endfacet
  facet normal 0 1 0
    outer loop
      vertex 3.01422 23.025 24.2718
      vertex 1.02993 23.025 24.4018
      vertex 2.97007 23.025 24.4018
    endloop
  endfacet
  facet normal 0 1 0
    outer loop
      vertex 3.01422 23.025 24.2718
      vertex 0.985778 23.025 24.2718
      vertex 1.02993 23.025 24.4018
    endloop
  endfacet
  facet normal 0 1 0
    outer loop
      vertex 3.04102 23.025 24.1371
      vertex 0.985778 23.025 24.2718
      vertex 3.01422 23.025 24.2718
    endloop
  endfacet
  facet normal 0 1 0
    outer loop
      vertex 3.04102 23.025 24.1371
      vertex 0.958982 23.025 24.1371
      vertex 0.985778 23.025 24.2718
    endloop
  endfacet
  facet normal 0 1 0
    outer loop
      vertex 3.05 23.025 24
      vertex 0.958982 23.025 24.1371
      vertex 3.04102 23.025 24.1371
    endloop
  endfacet
  facet normal 0 1 0
    outer loop
      vertex 3.05 23.025 24
      vertex 0.95 23.025 24
      vertex 0.958982 23.025 24.1371
    endloop
  endfacet
  facet normal 0 1 -0
    outer loop
      vertex 3.04102 23.025 23.8629
      vertex 0.95 23.025 24
      vertex 3.05 23.025 24
    endloop
  endfacet
  facet normal 0 1 0
    outer loop
      vertex 3.04102 23.025 23.8629
      vertex 0.958982 23.025 23.8629
      vertex 0.95 23.025 24
    endloop
  endfacet
  facet normal 0 1 -0
    outer loop
      vertex 3.01422 23.025 23.7282
      vertex 0.958982 23.025 23.8629
      vertex 3.04102 23.025 23.8629
    endloop
  endfacet
  facet normal 0 1 0
    outer loop
      vertex 3.01422 23.025 23.7282
      vertex 0.985778 23.025 23.7282
      vertex 0.958982 23.025 23.8629
    endloop
  endfacet
  facet normal 0 1 -0
    outer loop
      vertex 2.97007 23.025 23.5982
      vertex 0.985778 23.025 23.7282
      vertex 3.01422 23.025 23.7282
    endloop
  endfacet
  facet normal 0 1 0
    outer loop
      vertex 2.97007 23.025 23.5982
      vertex 1.02993 23.025 23.5982
      vertex 0.985778 23.025 23.7282
    endloop
  endfacet
  facet normal 0 1 -0
    outer loop
      vertex 2.90933 23.025 23.475
      vertex 1.02993 23.025 23.5982
      vertex 2.97007 23.025 23.5982
    endloop
  endfacet
  facet normal 0 1 0
    outer loop
      vertex 2.90933 23.025 23.475
      vertex 1.09067 23.025 23.475
      vertex 1.02993 23.025 23.5982
    endloop
  endfacet
  facet normal 0 1 -0
    outer loop
      vertex 2.83302 23.025 23.3608
      vertex 1.09067 23.025 23.475
      vertex 2.90933 23.025 23.475
    endloop
  endfacet
  facet normal 0 1 0
    outer loop
      vertex 2.83302 23.025 23.3608
      vertex 1.16698 23.025 23.3608
      vertex 1.09067 23.025 23.475
    endloop
  endfacet
  facet normal 0 1 -0
    outer loop
      vertex 2.74246 23.025 23.2575
      vertex 1.16698 23.025 23.3608
      vertex 2.83302 23.025 23.3608
    endloop
  endfacet
  facet normal 0 1 0
    outer loop
      vertex 2.74246 23.025 23.2575
      vertex 1.25754 23.025 23.2575
      vertex 1.16698 23.025 23.3608
    endloop
  endfacet
  facet normal 0 1 -0
    outer loop
      vertex 2.6392 23.025 23.167
      vertex 1.25754 23.025 23.2575
      vertex 2.74246 23.025 23.2575
    endloop
  endfacet
  facet normal 0 1 0
    outer loop
      vertex 2.6392 23.025 23.167
      vertex 1.3608 23.025 23.167
      vertex 1.25754 23.025 23.2575
    endloop
  endfacet
  facet normal 0 1 -0
    outer loop
      vertex 2.525 23.025 23.0907
      vertex 1.3608 23.025 23.167
      vertex 2.6392 23.025 23.167
    endloop
  endfacet
  facet normal 0 1 0
    outer loop
      vertex 2.525 23.025 23.0907
      vertex 1.475 23.025 23.0907
      vertex 1.3608 23.025 23.167
    endloop
  endfacet
  facet normal 0 1 -0
    outer loop
      vertex 2.40182 23.025 23.0299
      vertex 1.475 23.025 23.0907
      vertex 2.525 23.025 23.0907
    endloop
  endfacet
  facet normal 0 1 0
    outer loop
      vertex 2.40182 23.025 23.0299
      vertex 1.59818 23.025 23.0299
      vertex 1.475 23.025 23.0907
    endloop
  endfacet
  facet normal 0 1 -0
    outer loop
      vertex 2.27176 23.025 22.9858
      vertex 1.59818 23.025 23.0299
      vertex 2.40182 23.025 23.0299
    endloop
  endfacet
  facet normal 0 1 0
    outer loop
      vertex 2.27176 23.025 22.9858
      vertex 1.72824 23.025 22.9858
      vertex 1.59818 23.025 23.0299
    endloop
  endfacet
  facet normal 0 1 -0
    outer loop
      vertex 2.13705 23.025 22.959
      vertex 1.72824 23.025 22.9858
      vertex 2.27176 23.025 22.9858
    endloop
  endfacet
  facet normal 0 1 0
    outer loop
      vertex 2.13705 23.025 22.959
      vertex 1.86295 23.025 22.959
      vertex 1.72824 23.025 22.9858
    endloop
  endfacet
  facet normal -0 1 0
    outer loop
      vertex 1.86295 23.025 22.959
      vertex 2.13705 23.025 22.959
      vertex 2 23.025 22.95
    endloop
  endfacet
  facet normal -0.659113 0 0.752044
    outer loop
      vertex 1.25754 23.025 24.7425
      vertex 1.3608 22.475 24.833
      vertex 1.3608 23.025 24.833
    endloop
  endfacet
  facet normal -0.659113 0 0.752044
    outer loop
      vertex 1.3608 22.475 24.833
      vertex 1.25754 23.025 24.7425
      vertex 1.25754 22.475 24.7425
    endloop
  endfacet
  facet normal -0.442607 0 -0.896716
    outer loop
      vertex 1.475 22.475 23.0907
      vertex 1.59818 23.025 23.0299
      vertex 1.59818 22.475 23.0299
    endloop
  endfacet
  facet normal -0.442607 0 -0.896716
    outer loop
      vertex 1.59818 23.025 23.0299
      vertex 1.475 22.475 23.0907
      vertex 1.475 23.025 23.0907
    endloop
  endfacet
  facet normal -0.980782 0 -0.195108
    outer loop
      vertex 0.985778 22.475 23.7282
      vertex 0.958982 23.025 23.8629
      vertex 0.985778 23.025 23.7282
    endloop
  endfacet
  facet normal -0.980782 -0 -0.195108
    outer loop
      vertex 0.958982 23.025 23.8629
      vertex 0.985778 22.475 23.7282
      vertex 0.958982 22.475 23.8629
    endloop
  endfacet
  facet normal -0.997861 0 -0.0653741
    outer loop
      vertex 0.958982 22.475 23.8629
      vertex 0.95 23.025 24
      vertex 0.958982 23.025 23.8629
    endloop
  endfacet
  facet normal -0.997861 -0 -0.0653741
    outer loop
      vertex 0.95 23.025 24
      vertex 0.958982 22.475 23.8629
      vertex 0.95 22.475 24
    endloop
  endfacet
  facet normal -0.831456 0 0.55559
    outer loop
      vertex 1.09067 22.475 24.525
      vertex 1.16698 23.025 24.6392
      vertex 1.09067 23.025 24.525
    endloop
  endfacet
  facet normal -0.831456 0 0.55559
    outer loop
      vertex 1.16698 23.025 24.6392
      vertex 1.09067 22.475 24.525
      vertex 1.16698 22.475 24.6392
    endloop
  endfacet
  facet normal -0.751954 0 0.659215
    outer loop
      vertex 1.16698 22.475 24.6392
      vertex 1.25754 23.025 24.7425
      vertex 1.16698 23.025 24.6392
    endloop
  endfacet
  facet normal -0.751954 0 0.659215
    outer loop
      vertex 1.25754 23.025 24.7425
      vertex 1.16698 22.475 24.6392
      vertex 1.25754 22.475 24.7425
    endloop
  endfacet
  facet normal 0.0655283 0 -0.997851
    outer loop
      vertex 2 22.475 22.95
      vertex 2.13705 23.025 22.959
      vertex 2.13705 22.475 22.959
    endloop
  endfacet
  facet normal 0.0655283 0 -0.997851
    outer loop
      vertex 2.13705 23.025 22.959
      vertex 2 22.475 22.95
      vertex 2 23.025 22.95
    endloop
  endfacet
  facet normal -0.195122 0 0.980779
    outer loop
      vertex 1.72824 23.025 25.0142
      vertex 1.86295 22.475 25.041
      vertex 1.86295 23.025 25.041
    endloop
  endfacet
  facet normal -0.195122 0 0.980779
    outer loop
      vertex 1.86295 22.475 25.041
      vertex 1.72824 23.025 25.0142
      vertex 1.72824 22.475 25.0142
    endloop
  endfacet
  facet normal 0.896918 -0 0.442198
    outer loop
      vertex 2.90933 22.475 24.525
      vertex 2.97007 23.025 24.4018
      vertex 2.90933 23.025 24.525
    endloop
  endfacet
  facet normal 0.896918 0 0.442198
    outer loop
      vertex 2.97007 23.025 24.4018
      vertex 2.90933 22.475 24.525
      vertex 2.97007 22.475 24.4018
    endloop
  endfacet
  facet normal -0.896918 0 -0.442198
    outer loop
      vertex 1.09067 22.475 23.475
      vertex 1.02993 23.025 23.5982
      vertex 1.09067 23.025 23.475
    endloop
  endfacet
  facet normal -0.896918 -0 -0.442198
    outer loop
      vertex 1.02993 23.025 23.5982
      vertex 1.09067 22.475 23.475
      vertex 1.02993 22.475 23.5982
    endloop
  endfacet
  facet normal 0.659113 0 0.752044
    outer loop
      vertex 2.6392 23.025 24.833
      vertex 2.74246 22.475 24.7425
      vertex 2.74246 23.025 24.7425
    endloop
  endfacet
  facet normal 0.659113 0 0.752044
    outer loop
      vertex 2.74246 22.475 24.7425
      vertex 2.6392 23.025 24.833
      vertex 2.6392 22.475 24.833
    endloop
  endfacet
  facet normal 0.751954 -0 0.659215
    outer loop
      vertex 2.74246 22.475 24.7425
      vertex 2.83302 23.025 24.6392
      vertex 2.74246 23.025 24.7425
    endloop
  endfacet
  facet normal 0.751954 0 0.659215
    outer loop
      vertex 2.83302 23.025 24.6392
      vertex 2.74246 22.475 24.7425
      vertex 2.83302 22.475 24.6392
    endloop
  endfacet
  facet normal 0 -1 0
    outer loop
      vertex 1.86295 22.475 25.041
      vertex 2.13705 22.475 25.041
      vertex 2 22.475 25.05
    endloop
  endfacet
  facet normal 0 -1 0
    outer loop
      vertex 1.72824 22.475 25.0142
      vertex 2.13705 22.475 25.041
      vertex 1.86295 22.475 25.041
    endloop
  endfacet
  facet normal 0 -1 0
    outer loop
      vertex 1.72824 22.475 25.0142
      vertex 2.27176 22.475 25.0142
      vertex 2.13705 22.475 25.041
    endloop
  endfacet
  facet normal 0 -1 0
    outer loop
      vertex 1.59818 22.475 24.9701
      vertex 2.27176 22.475 25.0142
      vertex 1.72824 22.475 25.0142
    endloop
  endfacet
  facet normal 0 -1 0
    outer loop
      vertex 1.59818 22.475 24.9701
      vertex 2.40182 22.475 24.9701
      vertex 2.27176 22.475 25.0142
    endloop
  endfacet
  facet normal 0 -1 0
    outer loop
      vertex 1.475 22.475 24.9093
      vertex 2.40182 22.475 24.9701
      vertex 1.59818 22.475 24.9701
    endloop
  endfacet
  facet normal 0 -1 0
    outer loop
      vertex 1.475 22.475 24.9093
      vertex 2.525 22.475 24.9093
      vertex 2.40182 22.475 24.9701
    endloop
  endfacet
  facet normal 0 -1 0
    outer loop
      vertex 1.3608 22.475 24.833
      vertex 2.525 22.475 24.9093
      vertex 1.475 22.475 24.9093
    endloop
  endfacet
  facet normal 0 -1 0
    outer loop
      vertex 1.3608 22.475 24.833
      vertex 2.6392 22.475 24.833
      vertex 2.525 22.475 24.9093
    endloop
  endfacet
  facet normal 0 -1 0
    outer loop
      vertex 1.25754 22.475 24.7425
      vertex 2.6392 22.475 24.833
      vertex 1.3608 22.475 24.833
    endloop
  endfacet
  facet normal 0 -1 0
    outer loop
      vertex 1.25754 22.475 24.7425
      vertex 2.74246 22.475 24.7425
      vertex 2.6392 22.475 24.833
    endloop
  endfacet
  facet normal 0 -1 0
    outer loop
      vertex 1.16698 22.475 24.6392
      vertex 2.74246 22.475 24.7425
      vertex 1.25754 22.475 24.7425
    endloop
  endfacet
  facet normal 0 -1 0
    outer loop
      vertex 1.16698 22.475 24.6392
      vertex 2.83302 22.475 24.6392
      vertex 2.74246 22.475 24.7425
    endloop
  endfacet
  facet normal 0 -1 0
    outer loop
      vertex 1.09067 22.475 24.525
      vertex 2.83302 22.475 24.6392
      vertex 1.16698 22.475 24.6392
    endloop
  endfacet
  facet normal 0 -1 0
    outer loop
      vertex 1.09067 22.475 24.525
      vertex 2.90933 22.475 24.525
      vertex 2.83302 22.475 24.6392
    endloop
  endfacet
  facet normal 0 -1 0
    outer loop
      vertex 1.02993 22.475 24.4018
      vertex 2.90933 22.475 24.525
      vertex 1.09067 22.475 24.525
    endloop
  endfacet
  facet normal 0 -1 0
    outer loop
      vertex 1.02993 22.475 24.4018
      vertex 2.97007 22.475 24.4018
      vertex 2.90933 22.475 24.525
    endloop
  endfacet
  facet normal 0 -1 0
    outer loop
      vertex 0.985778 22.475 24.2718
      vertex 2.97007 22.475 24.4018
      vertex 1.02993 22.475 24.4018
    endloop
  endfacet
  facet normal 0 -1 0
    outer loop
      vertex 0.985778 22.475 24.2718
      vertex 3.01422 22.475 24.2718
      vertex 2.97007 22.475 24.4018
    endloop
  endfacet
  facet normal 0 -1 0
    outer loop
      vertex 0.958982 22.475 24.1371
      vertex 3.01422 22.475 24.2718
      vertex 0.985778 22.475 24.2718
    endloop
  endfacet
  facet normal 0 -1 0
    outer loop
      vertex 0.958982 22.475 24.1371
      vertex 3.04102 22.475 24.1371
      vertex 3.01422 22.475 24.2718
    endloop
  endfacet
  facet normal 0 -1 0
    outer loop
      vertex 0.95 22.475 24
      vertex 3.04102 22.475 24.1371
      vertex 0.958982 22.475 24.1371
    endloop
  endfacet
  facet normal 0 -1 0
    outer loop
      vertex 0.95 22.475 24
      vertex 3.05 22.475 24
      vertex 3.04102 22.475 24.1371
    endloop
  endfacet
  facet normal 0 -1 0
    outer loop
      vertex 0.958982 22.475 23.8629
      vertex 3.05 22.475 24
      vertex 0.95 22.475 24
    endloop
  endfacet
  facet normal 0 -1 0
    outer loop
      vertex 0.958982 22.475 23.8629
      vertex 3.04102 22.475 23.8629
      vertex 3.05 22.475 24
    endloop
  endfacet
  facet normal 0 -1 0
    outer loop
      vertex 0.985778 22.475 23.7282
      vertex 3.04102 22.475 23.8629
      vertex 0.958982 22.475 23.8629
    endloop
  endfacet
  facet normal 0 -1 0
    outer loop
      vertex 0.985778 22.475 23.7282
      vertex 3.01422 22.475 23.7282
      vertex 3.04102 22.475 23.8629
    endloop
  endfacet
  facet normal 0 -1 0
    outer loop
      vertex 1.02993 22.475 23.5982
      vertex 3.01422 22.475 23.7282
      vertex 0.985778 22.475 23.7282
    endloop
  endfacet
  facet normal 0 -1 0
    outer loop
      vertex 1.02993 22.475 23.5982
      vertex 2.97007 22.475 23.5982
      vertex 3.01422 22.475 23.7282
    endloop
  endfacet
  facet normal 0 -1 0
    outer loop
      vertex 1.09067 22.475 23.475
      vertex 2.97007 22.475 23.5982
      vertex 1.02993 22.475 23.5982
    endloop
  endfacet
  facet normal 0 -1 0
    outer loop
      vertex 1.09067 22.475 23.475
      vertex 2.90933 22.475 23.475
      vertex 2.97007 22.475 23.5982
    endloop
  endfacet
  facet normal 0 -1 0
    outer loop
      vertex 1.16698 22.475 23.3608
      vertex 2.90933 22.475 23.475
      vertex 1.09067 22.475 23.475
    endloop
  endfacet
  facet normal 0 -1 0
    outer loop
      vertex 1.16698 22.475 23.3608
      vertex 2.83302 22.475 23.3608
      vertex 2.90933 22.475 23.475
    endloop
  endfacet
  facet normal 0 -1 0
    outer loop
      vertex 1.25754 22.475 23.2575
      vertex 2.83302 22.475 23.3608
      vertex 1.16698 22.475 23.3608
    endloop
  endfacet
  facet normal 0 -1 0
    outer loop
      vertex 1.25754 22.475 23.2575
      vertex 2.74246 22.475 23.2575
      vertex 2.83302 22.475 23.3608
    endloop
  endfacet
  facet normal 0 -1 0
    outer loop
      vertex 1.3608 22.475 23.167
      vertex 2.74246 22.475 23.2575
      vertex 1.25754 22.475 23.2575
    endloop
  endfacet
  facet normal 0 -1 0
    outer loop
      vertex 1.3608 22.475 23.167
      vertex 2.6392 22.475 23.167
      vertex 2.74246 22.475 23.2575
    endloop
  endfacet
  facet normal 0 -1 0
    outer loop
      vertex 1.475 22.475 23.0907
      vertex 2.6392 22.475 23.167
      vertex 1.3608 22.475 23.167
    endloop
  endfacet
  facet normal 0 -1 0
    outer loop
      vertex 1.475 22.475 23.0907
      vertex 2.525 22.475 23.0907
      vertex 2.6392 22.475 23.167
    endloop
  endfacet
  facet normal 0 -1 0
    outer loop
      vertex 1.59818 22.475 23.0299
      vertex 2.525 22.475 23.0907
      vertex 1.475 22.475 23.0907
    endloop
  endfacet
  facet normal 0 -1 0
    outer loop
      vertex 1.59818 22.475 23.0299
      vertex 2.40182 22.475 23.0299
      vertex 2.525 22.475 23.0907
    endloop
  endfacet
  facet normal 0 -1 0
    outer loop
      vertex 1.72824 22.475 22.9858
      vertex 2.40182 22.475 23.0299
      vertex 1.59818 22.475 23.0299
    endloop
  endfacet
  facet normal 0 -1 0
    outer loop
      vertex 1.72824 22.475 22.9858
      vertex 2.27176 22.475 22.9858
      vertex 2.40182 22.475 23.0299
    endloop
  endfacet
  facet normal 0 -1 0
    outer loop
      vertex 1.86295 22.475 22.959
      vertex 2.27176 22.475 22.9858
      vertex 1.72824 22.475 22.9858
    endloop
  endfacet
  facet normal 0 -1 0
    outer loop
      vertex 1.86295 22.475 22.959
      vertex 2.13705 22.475 22.959
      vertex 2.27176 22.475 22.9858
    endloop
  endfacet
  facet normal -0 -1 0
    outer loop
      vertex 2.13705 22.475 22.959
      vertex 1.86295 22.475 22.959
      vertex 2 22.475 22.95
    endloop
  endfacet
  facet normal -0.442607 0 0.896716
    outer loop
      vertex 1.475 23.025 24.9093
      vertex 1.59818 22.475 24.9701
      vertex 1.59818 23.025 24.9701
    endloop
  endfacet
  facet normal -0.442607 0 0.896716
    outer loop
      vertex 1.59818 22.475 24.9701
      vertex 1.475 23.025 24.9093
      vertex 1.475 22.475 24.9093
    endloop
  endfacet
  facet normal 0.980776 0 -0.195136
    outer loop
      vertex 8.04102 22.475 23.8629
      vertex 8.01422 23.025 23.7282
      vertex 8.04102 23.025 23.8629
    endloop
  endfacet
  facet normal 0.980776 0 -0.195136
    outer loop
      vertex 8.01422 23.025 23.7282
      vertex 8.04102 22.475 23.8629
      vertex 8.01422 22.475 23.7282
    endloop
  endfacet
  facet normal 0.997862 0 -0.0653596
    outer loop
      vertex 8.05 22.475 24
      vertex 8.04102 23.025 23.8629
      vertex 8.05 23.025 24
    endloop
  endfacet
  facet normal 0.997862 0 -0.0653596
    outer loop
      vertex 8.04102 23.025 23.8629
      vertex 8.05 22.475 24
      vertex 8.04102 22.475 23.8629
    endloop
  endfacet
  facet normal 0.751954 0 -0.659215
    outer loop
      vertex 7.83302 22.475 23.3608
      vertex 7.74246 23.025 23.2575
      vertex 7.83302 23.025 23.3608
    endloop
  endfacet
  facet normal 0.751954 0 -0.659215
    outer loop
      vertex 7.74246 23.025 23.2575
      vertex 7.83302 22.475 23.3608
      vertex 7.74246 22.475 23.2575
    endloop
  endfacet
  facet normal 0.0655283 0 0.997851
    outer loop
      vertex 7 23.025 25.05
      vertex 7.13705 22.475 25.041
      vertex 7.13705 23.025 25.041
    endloop
  endfacet
  facet normal 0.0655283 0 0.997851
    outer loop
      vertex 7.13705 22.475 25.041
      vertex 7 23.025 25.05
      vertex 7 22.475 25.05
    endloop
  endfacet
  facet normal 0.659113 0 -0.752044
    outer loop
      vertex 7.6392 22.475 23.167
      vertex 7.74246 23.025 23.2575
      vertex 7.74246 22.475 23.2575
    endloop
  endfacet
  facet normal 0.659113 0 -0.752044
    outer loop
      vertex 7.74246 23.025 23.2575
      vertex 7.6392 22.475 23.167
      vertex 7.6392 23.025 23.167
    endloop
  endfacet
  facet normal 0.195122 0 -0.980779
    outer loop
      vertex 7.13705 22.475 22.959
      vertex 7.27176 23.025 22.9858
      vertex 7.27176 22.475 22.9858
    endloop
  endfacet
  facet normal 0.195122 0 -0.980779
    outer loop
      vertex 7.27176 23.025 22.9858
      vertex 7.13705 22.475 22.959
      vertex 7.13705 23.025 22.959
    endloop
  endfacet
  facet normal 0.831456 0 -0.55559
    outer loop
      vertex 7.90933 22.475 23.475
      vertex 7.83302 23.025 23.3608
      vertex 7.90933 23.025 23.475
    endloop
  endfacet
  facet normal 0.831456 0 -0.55559
    outer loop
      vertex 7.83302 23.025 23.3608
      vertex 7.90933 22.475 23.475
      vertex 7.83302 22.475 23.3608
    endloop
  endfacet
  facet normal 0.997862 -0 0.0653596
    outer loop
      vertex 8.04102 22.475 24.1371
      vertex 8.05 23.025 24
      vertex 8.04102 23.025 24.1371
    endloop
  endfacet
  facet normal 0.997862 0 0.0653596
    outer loop
      vertex 8.05 23.025 24
      vertex 8.04102 22.475 24.1371
      vertex 8.05 22.475 24
    endloop
  endfacet
  facet normal -0.751954 0 -0.659215
    outer loop
      vertex 6.25754 22.475 23.2575
      vertex 6.16698 23.025 23.3608
      vertex 6.25754 23.025 23.2575
    endloop
  endfacet
  facet normal -0.751954 -0 -0.659215
    outer loop
      vertex 6.16698 23.025 23.3608
      vertex 6.25754 22.475 23.2575
      vertex 6.16698 22.475 23.3608
    endloop
  endfacet
  facet normal 0.831456 -0 0.55559
    outer loop
      vertex 7.83302 22.475 24.6392
      vertex 7.90933 23.025 24.525
      vertex 7.83302 23.025 24.6392
    endloop
  endfacet
  facet normal 0.831456 0 0.55559
    outer loop
      vertex 7.90933 23.025 24.525
      vertex 7.83302 22.475 24.6392
      vertex 7.90933 22.475 24.525
    endloop
  endfacet
  facet normal 0.946884 0 -0.321576
    outer loop
      vertex 8.01422 22.475 23.7282
      vertex 7.97007 23.025 23.5982
      vertex 8.01422 23.025 23.7282
    endloop
  endfacet
  facet normal 0.946884 0 -0.321576
    outer loop
      vertex 7.97007 23.025 23.5982
      vertex 8.01422 22.475 23.7282
      vertex 7.97007 22.475 23.5982
    endloop
  endfacet
  facet normal -0.831456 0 -0.55559
    outer loop
      vertex 6.16698 22.475 23.3608
      vertex 6.09067 23.025 23.475
      vertex 6.16698 23.025 23.3608
    endloop
  endfacet
  facet normal -0.831456 -0 -0.55559
    outer loop
      vertex 6.09067 23.025 23.475
      vertex 6.16698 22.475 23.3608
      vertex 6.09067 22.475 23.475
    endloop
  endfacet
  facet normal -0.946884 0 -0.321576
    outer loop
      vertex 6.02993 22.475 23.5982
      vertex 5.98578 23.025 23.7282
      vertex 6.02993 23.025 23.5982
    endloop
  endfacet
  facet normal -0.946884 -0 -0.321576
    outer loop
      vertex 5.98578 23.025 23.7282
      vertex 6.02993 22.475 23.5982
      vertex 5.98578 22.475 23.7282
    endloop
  endfacet
  facet normal 0.195122 0 0.980779
    outer loop
      vertex 7.13705 23.025 25.041
      vertex 7.27176 22.475 25.0142
      vertex 7.27176 23.025 25.0142
    endloop
  endfacet
  facet normal 0.195122 0 0.980779
    outer loop
      vertex 7.27176 22.475 25.0142
      vertex 7.13705 23.025 25.041
      vertex 7.13705 22.475 25.041
    endloop
  endfacet
  facet normal 0.321117 0 -0.94704
    outer loop
      vertex 7.27176 22.475 22.9858
      vertex 7.40182 23.025 23.0299
      vertex 7.40182 22.475 23.0299
    endloop
  endfacet
  facet normal 0.321117 0 -0.94704
    outer loop
      vertex 7.40182 23.025 23.0299
      vertex 7.27176 22.475 22.9858
      vertex 7.27176 23.025 22.9858
    endloop
  endfacet
  facet normal -0.55554 0 -0.83149
    outer loop
      vertex 6.3608 22.475 23.167
      vertex 6.475 23.025 23.0907
      vertex 6.475 22.475 23.0907
    endloop
  endfacet
  facet normal -0.55554 0 -0.83149
    outer loop
      vertex 6.475 23.025 23.0907
      vertex 6.3608 22.475 23.167
      vertex 6.3608 23.025 23.167
    endloop
  endfacet
  facet normal -0.946884 0 0.321576
    outer loop
      vertex 5.98578 22.475 24.2718
      vertex 6.02993 23.025 24.4018
      vertex 5.98578 23.025 24.2718
    endloop
  endfacet
  facet normal -0.946884 0 0.321576
    outer loop
      vertex 6.02993 23.025 24.4018
      vertex 5.98578 22.475 24.2718
      vertex 6.02993 22.475 24.4018
    endloop
  endfacet
  facet normal 0.442607 0 0.896716
    outer loop
      vertex 7.40182 23.025 24.9701
      vertex 7.525 22.475 24.9093
      vertex 7.525 23.025 24.9093
    endloop
  endfacet
  facet normal 0.442607 0 0.896716
    outer loop
      vertex 7.525 22.475 24.9093
      vertex 7.40182 23.025 24.9701
      vertex 7.40182 22.475 24.9701
    endloop
  endfacet
  facet normal 0.442607 0 -0.896716
    outer loop
      vertex 7.40182 22.475 23.0299
      vertex 7.525 23.025 23.0907
      vertex 7.525 22.475 23.0907
    endloop
  endfacet
  facet normal 0.442607 0 -0.896716
    outer loop
      vertex 7.525 23.025 23.0907
      vertex 7.40182 22.475 23.0299
      vertex 7.40182 23.025 23.0299
    endloop
  endfacet
  facet normal -0.0655283 0 0.997851
    outer loop
      vertex 6.86295 23.025 25.041
      vertex 7 22.475 25.05
      vertex 7 23.025 25.05
    endloop
  endfacet
  facet normal -0.0655283 0 0.997851
    outer loop
      vertex 7 22.475 25.05
      vertex 6.86295 23.025 25.041
      vertex 6.86295 22.475 25.041
    endloop
  endfacet
  facet normal 0.946884 -0 0.321576
    outer loop
      vertex 7.97007 22.475 24.4018
      vertex 8.01422 23.025 24.2718
      vertex 7.97007 23.025 24.4018
    endloop
  endfacet
  facet normal 0.946884 0 0.321576
    outer loop
      vertex 8.01422 23.025 24.2718
      vertex 7.97007 22.475 24.4018
      vertex 8.01422 22.475 24.2718
    endloop
  endfacet
  facet normal -0.321117 0 -0.94704
    outer loop
      vertex 6.59818 22.475 23.0299
      vertex 6.72824 23.025 22.9858
      vertex 6.72824 22.475 22.9858
    endloop
  endfacet
  facet normal -0.321117 0 -0.94704
    outer loop
      vertex 6.72824 23.025 22.9858
      vertex 6.59818 22.475 23.0299
      vertex 6.59818 23.025 23.0299
    endloop
  endfacet
  facet normal 0.55554 0 -0.83149
    outer loop
      vertex 7.525 22.475 23.0907
      vertex 7.6392 23.025 23.167
      vertex 7.6392 22.475 23.167
    endloop
  endfacet
  facet normal 0.55554 0 -0.83149
    outer loop
      vertex 7.6392 23.025 23.167
      vertex 7.525 22.475 23.0907
      vertex 7.525 23.025 23.0907
    endloop
  endfacet
  facet normal -0.321117 0 0.94704
    outer loop
      vertex 6.59818 23.025 24.9701
      vertex 6.72824 22.475 25.0142
      vertex 6.72824 23.025 25.0142
    endloop
  endfacet
  facet normal -0.321117 0 0.94704
    outer loop
      vertex 6.72824 22.475 25.0142
      vertex 6.59818 23.025 24.9701
      vertex 6.59818 22.475 24.9701
    endloop
  endfacet
  facet normal -0.896918 0 0.442198
    outer loop
      vertex 6.02993 22.475 24.4018
      vertex 6.09067 23.025 24.525
      vertex 6.02993 23.025 24.4018
    endloop
  endfacet
  facet normal -0.896918 0 0.442198
    outer loop
      vertex 6.09067 23.025 24.525
      vertex 6.02993 22.475 24.4018
      vertex 6.09067 22.475 24.525
    endloop
  endfacet
  facet normal 0.321117 0 0.94704
    outer loop
      vertex 7.27176 23.025 25.0142
      vertex 7.40182 22.475 24.9701
      vertex 7.40182 23.025 24.9701
    endloop
  endfacet
  facet normal 0.321117 0 0.94704
    outer loop
      vertex 7.40182 22.475 24.9701
      vertex 7.27176 23.025 25.0142
      vertex 7.27176 22.475 25.0142
    endloop
  endfacet
  facet normal -0.195122 0 -0.980779
    outer loop
      vertex 6.72824 22.475 22.9858
      vertex 6.86295 23.025 22.959
      vertex 6.86295 22.475 22.959
    endloop
  endfacet
  facet normal -0.195122 0 -0.980779
    outer loop
      vertex 6.86295 23.025 22.959
      vertex 6.72824 22.475 22.9858
      vertex 6.72824 23.025 22.9858
    endloop
  endfacet
  facet normal 0.896918 0 -0.442198
    outer loop
      vertex 7.97007 22.475 23.5982
      vertex 7.90933 23.025 23.475
      vertex 7.97007 23.025 23.5982
    endloop
  endfacet
  facet normal 0.896918 0 -0.442198
    outer loop
      vertex 7.90933 23.025 23.475
      vertex 7.97007 22.475 23.5982
      vertex 7.90933 22.475 23.475
    endloop
  endfacet
  facet normal 0.980776 -0 0.195136
    outer loop
      vertex 8.01422 22.475 24.2718
      vertex 8.04102 23.025 24.1371
      vertex 8.01422 23.025 24.2718
    endloop
  endfacet
  facet normal 0.980776 0 0.195136
    outer loop
      vertex 8.04102 23.025 24.1371
      vertex 8.01422 22.475 24.2718
      vertex 8.04102 22.475 24.1371
    endloop
  endfacet
  facet normal -0.980776 0 0.195136
    outer loop
      vertex 5.95898 22.475 24.1371
      vertex 5.98578 23.025 24.2718
      vertex 5.95898 23.025 24.1371
    endloop
  endfacet
  facet normal -0.980776 0 0.195136
    outer loop
      vertex 5.98578 23.025 24.2718
      vertex 5.95898 22.475 24.1371
      vertex 5.98578 22.475 24.2718
    endloop
  endfacet
  facet normal -0.0655283 0 -0.997851
    outer loop
      vertex 6.86295 22.475 22.959
      vertex 7 23.025 22.95
      vertex 7 22.475 22.95
    endloop
  endfacet
  facet normal -0.0655283 0 -0.997851
    outer loop
      vertex 7 23.025 22.95
      vertex 6.86295 22.475 22.959
      vertex 6.86295 23.025 22.959
    endloop
  endfacet
  facet normal -0.55554 0 0.83149
    outer loop
      vertex 6.3608 23.025 24.833
      vertex 6.475 22.475 24.9093
      vertex 6.475 23.025 24.9093
    endloop
  endfacet
  facet normal -0.55554 0 0.83149
    outer loop
      vertex 6.475 22.475 24.9093
      vertex 6.3608 23.025 24.833
      vertex 6.3608 22.475 24.833
    endloop
  endfacet
  facet normal -0.659113 0 -0.752044
    outer loop
      vertex 6.25754 22.475 23.2575
      vertex 6.3608 23.025 23.167
      vertex 6.3608 22.475 23.167
    endloop
  endfacet
  facet normal -0.659113 0 -0.752044
    outer loop
      vertex 6.3608 23.025 23.167
      vertex 6.25754 22.475 23.2575
      vertex 6.25754 23.025 23.2575
    endloop
  endfacet
  facet normal 0.55554 0 0.83149
    outer loop
      vertex 7.525 23.025 24.9093
      vertex 7.6392 22.475 24.833
      vertex 7.6392 23.025 24.833
    endloop
  endfacet
  facet normal 0.55554 0 0.83149
    outer loop
      vertex 7.6392 22.475 24.833
      vertex 7.525 23.025 24.9093
      vertex 7.525 22.475 24.9093
    endloop
  endfacet
  facet normal -0.997862 0 0.0653596
    outer loop
      vertex 5.95 22.475 24
      vertex 5.95898 23.025 24.1371
      vertex 5.95 23.025 24
    endloop
  endfacet
  facet normal -0.997862 0 0.0653596
    outer loop
      vertex 5.95898 23.025 24.1371
      vertex 5.95 22.475 24
      vertex 5.95898 22.475 24.1371
    endloop
  endfacet
  facet normal 0 1 0
    outer loop
      vertex 7.13705 23.025 25.041
      vertex 6.86295 23.025 25.041
      vertex 7 23.025 25.05
    endloop
  endfacet
  facet normal 0 1 0
    outer loop
      vertex 7.27176 23.025 25.0142
      vertex 6.86295 23.025 25.041
      vertex 7.13705 23.025 25.041
    endloop
  endfacet
  facet normal 0 1 0
    outer loop
      vertex 7.27176 23.025 25.0142
      vertex 6.72824 23.025 25.0142
      vertex 6.86295 23.025 25.041
    endloop
  endfacet
  facet normal 0 1 0
    outer loop
      vertex 7.40182 23.025 24.9701
      vertex 6.72824 23.025 25.0142
      vertex 7.27176 23.025 25.0142
    endloop
  endfacet
  facet normal 0 1 0
    outer loop
      vertex 7.40182 23.025 24.9701
      vertex 6.59818 23.025 24.9701
      vertex 6.72824 23.025 25.0142
    endloop
  endfacet
  facet normal 0 1 0
    outer loop
      vertex 7.525 23.025 24.9093
      vertex 6.59818 23.025 24.9701
      vertex 7.40182 23.025 24.9701
    endloop
  endfacet
  facet normal 0 1 0
    outer loop
      vertex 7.525 23.025 24.9093
      vertex 6.475 23.025 24.9093
      vertex 6.59818 23.025 24.9701
    endloop
  endfacet
  facet normal 0 1 0
    outer loop
      vertex 7.6392 23.025 24.833
      vertex 6.475 23.025 24.9093
      vertex 7.525 23.025 24.9093
    endloop
  endfacet
  facet normal 0 1 0
    outer loop
      vertex 7.6392 23.025 24.833
      vertex 6.3608 23.025 24.833
      vertex 6.475 23.025 24.9093
    endloop
  endfacet
  facet normal 0 1 0
    outer loop
      vertex 7.74246 23.025 24.7425
      vertex 6.3608 23.025 24.833
      vertex 7.6392 23.025 24.833
    endloop
  endfacet
  facet normal 0 1 0
    outer loop
      vertex 7.74246 23.025 24.7425
      vertex 6.25754 23.025 24.7425
      vertex 6.3608 23.025 24.833
    endloop
  endfacet
  facet normal 0 1 0
    outer loop
      vertex 7.83302 23.025 24.6392
      vertex 6.25754 23.025 24.7425
      vertex 7.74246 23.025 24.7425
    endloop
  endfacet
  facet normal 0 1 0
    outer loop
      vertex 7.83302 23.025 24.6392
      vertex 6.16698 23.025 24.6392
      vertex 6.25754 23.025 24.7425
    endloop
  endfacet
  facet normal 0 1 0
    outer loop
      vertex 7.90933 23.025 24.525
      vertex 6.16698 23.025 24.6392
      vertex 7.83302 23.025 24.6392
    endloop
  endfacet
  facet normal 0 1 0
    outer loop
      vertex 7.90933 23.025 24.525
      vertex 6.09067 23.025 24.525
      vertex 6.16698 23.025 24.6392
    endloop
  endfacet
  facet normal 0 1 0
    outer loop
      vertex 7.97007 23.025 24.4018
      vertex 6.09067 23.025 24.525
      vertex 7.90933 23.025 24.525
    endloop
  endfacet
  facet normal 0 1 0
    outer loop
      vertex 7.97007 23.025 24.4018
      vertex 6.02993 23.025 24.4018
      vertex 6.09067 23.025 24.525
    endloop
  endfacet
  facet normal 0 1 0
    outer loop
      vertex 8.01422 23.025 24.2718
      vertex 6.02993 23.025 24.4018
      vertex 7.97007 23.025 24.4018
    endloop
  endfacet
  facet normal 0 1 0
    outer loop
      vertex 8.01422 23.025 24.2718
      vertex 5.98578 23.025 24.2718
      vertex 6.02993 23.025 24.4018
    endloop
  endfacet
  facet normal 0 1 0
    outer loop
      vertex 8.04102 23.025 24.1371
      vertex 5.98578 23.025 24.2718
      vertex 8.01422 23.025 24.2718
    endloop
  endfacet
  facet normal 0 1 0
    outer loop
      vertex 8.04102 23.025 24.1371
      vertex 5.95898 23.025 24.1371
      vertex 5.98578 23.025 24.2718
    endloop
  endfacet
  facet normal 0 1 0
    outer loop
      vertex 8.05 23.025 24
      vertex 5.95898 23.025 24.1371
      vertex 8.04102 23.025 24.1371
    endloop
  endfacet
  facet normal 0 1 0
    outer loop
      vertex 8.05 23.025 24
      vertex 5.95 23.025 24
      vertex 5.95898 23.025 24.1371
    endloop
  endfacet
  facet normal 0 1 -0
    outer loop
      vertex 8.04102 23.025 23.8629
      vertex 5.95 23.025 24
      vertex 8.05 23.025 24
    endloop
  endfacet
  facet normal 0 1 0
    outer loop
      vertex 8.04102 23.025 23.8629
      vertex 5.95898 23.025 23.8629
      vertex 5.95 23.025 24
    endloop
  endfacet
  facet normal 0 1 -0
    outer loop
      vertex 8.01422 23.025 23.7282
      vertex 5.95898 23.025 23.8629
      vertex 8.04102 23.025 23.8629
    endloop
  endfacet
  facet normal 0 1 0
    outer loop
      vertex 8.01422 23.025 23.7282
      vertex 5.98578 23.025 23.7282
      vertex 5.95898 23.025 23.8629
    endloop
  endfacet
  facet normal 0 1 -0
    outer loop
      vertex 7.97007 23.025 23.5982
      vertex 5.98578 23.025 23.7282
      vertex 8.01422 23.025 23.7282
    endloop
  endfacet
  facet normal 0 1 0
    outer loop
      vertex 7.97007 23.025 23.5982
      vertex 6.02993 23.025 23.5982
      vertex 5.98578 23.025 23.7282
    endloop
  endfacet
  facet normal 0 1 -0
    outer loop
      vertex 7.90933 23.025 23.475
      vertex 6.02993 23.025 23.5982
      vertex 7.97007 23.025 23.5982
    endloop
  endfacet
  facet normal 0 1 0
    outer loop
      vertex 7.90933 23.025 23.475
      vertex 6.09067 23.025 23.475
      vertex 6.02993 23.025 23.5982
    endloop
  endfacet
  facet normal 0 1 -0
    outer loop
      vertex 7.83302 23.025 23.3608
      vertex 6.09067 23.025 23.475
      vertex 7.90933 23.025 23.475
    endloop
  endfacet
  facet normal 0 1 0
    outer loop
      vertex 7.83302 23.025 23.3608
      vertex 6.16698 23.025 23.3608
      vertex 6.09067 23.025 23.475
    endloop
  endfacet
  facet normal 0 1 -0
    outer loop
      vertex 7.74246 23.025 23.2575
      vertex 6.16698 23.025 23.3608
      vertex 7.83302 23.025 23.3608
    endloop
  endfacet
  facet normal 0 1 0
    outer loop
      vertex 7.74246 23.025 23.2575
      vertex 6.25754 23.025 23.2575
      vertex 6.16698 23.025 23.3608
    endloop
  endfacet
  facet normal 0 1 -0
    outer loop
      vertex 7.6392 23.025 23.167
      vertex 6.25754 23.025 23.2575
      vertex 7.74246 23.025 23.2575
    endloop
  endfacet
  facet normal 0 1 0
    outer loop
      vertex 7.6392 23.025 23.167
      vertex 6.3608 23.025 23.167
      vertex 6.25754 23.025 23.2575
    endloop
  endfacet
  facet normal 0 1 -0
    outer loop
      vertex 7.525 23.025 23.0907
      vertex 6.3608 23.025 23.167
      vertex 7.6392 23.025 23.167
    endloop
  endfacet
  facet normal 0 1 0
    outer loop
      vertex 7.525 23.025 23.0907
      vertex 6.475 23.025 23.0907
      vertex 6.3608 23.025 23.167
    endloop
  endfacet
  facet normal 0 1 -0
    outer loop
      vertex 7.40182 23.025 23.0299
      vertex 6.475 23.025 23.0907
      vertex 7.525 23.025 23.0907
    endloop
  endfacet
  facet normal 0 1 0
    outer loop
      vertex 7.40182 23.025 23.0299
      vertex 6.59818 23.025 23.0299
      vertex 6.475 23.025 23.0907
    endloop
  endfacet
  facet normal 0 1 -0
    outer loop
      vertex 7.27176 23.025 22.9858
      vertex 6.59818 23.025 23.0299
      vertex 7.40182 23.025 23.0299
    endloop
  endfacet
  facet normal 0 1 0
    outer loop
      vertex 7.27176 23.025 22.9858
      vertex 6.72824 23.025 22.9858
      vertex 6.59818 23.025 23.0299
    endloop
  endfacet
  facet normal 0 1 -0
    outer loop
      vertex 7.13705 23.025 22.959
      vertex 6.72824 23.025 22.9858
      vertex 7.27176 23.025 22.9858
    endloop
  endfacet
  facet normal 0 1 0
    outer loop
      vertex 7.13705 23.025 22.959
      vertex 6.86295 23.025 22.959
      vertex 6.72824 23.025 22.9858
    endloop
  endfacet
  facet normal -0 1 0
    outer loop
      vertex 6.86295 23.025 22.959
      vertex 7.13705 23.025 22.959
      vertex 7 23.025 22.95
    endloop
  endfacet
  facet normal -0.659113 0 0.752044
    outer loop
      vertex 6.25754 23.025 24.7425
      vertex 6.3608 22.475 24.833
      vertex 6.3608 23.025 24.833
    endloop
  endfacet
  facet normal -0.659113 0 0.752044
    outer loop
      vertex 6.3608 22.475 24.833
      vertex 6.25754 23.025 24.7425
      vertex 6.25754 22.475 24.7425
    endloop
  endfacet
  facet normal -0.442607 0 -0.896716
    outer loop
      vertex 6.475 22.475 23.0907
      vertex 6.59818 23.025 23.0299
      vertex 6.59818 22.475 23.0299
    endloop
  endfacet
  facet normal -0.442607 0 -0.896716
    outer loop
      vertex 6.59818 23.025 23.0299
      vertex 6.475 22.475 23.0907
      vertex 6.475 23.025 23.0907
    endloop
  endfacet
  facet normal -0.980776 0 -0.195136
    outer loop
      vertex 5.98578 22.475 23.7282
      vertex 5.95898 23.025 23.8629
      vertex 5.98578 23.025 23.7282
    endloop
  endfacet
  facet normal -0.980776 -0 -0.195136
    outer loop
      vertex 5.95898 23.025 23.8629
      vertex 5.98578 22.475 23.7282
      vertex 5.95898 22.475 23.8629
    endloop
  endfacet
  facet normal -0.997862 0 -0.0653596
    outer loop
      vertex 5.95898 22.475 23.8629
      vertex 5.95 23.025 24
      vertex 5.95898 23.025 23.8629
    endloop
  endfacet
  facet normal -0.997862 -0 -0.0653596
    outer loop
      vertex 5.95 23.025 24
      vertex 5.95898 22.475 23.8629
      vertex 5.95 22.475 24
    endloop
  endfacet
  facet normal -0.831456 0 0.55559
    outer loop
      vertex 6.09067 22.475 24.525
      vertex 6.16698 23.025 24.6392
      vertex 6.09067 23.025 24.525
    endloop
  endfacet
  facet normal -0.831456 0 0.55559
    outer loop
      vertex 6.16698 23.025 24.6392
      vertex 6.09067 22.475 24.525
      vertex 6.16698 22.475 24.6392
    endloop
  endfacet
  facet normal -0.751954 0 0.659215
    outer loop
      vertex 6.16698 22.475 24.6392
      vertex 6.25754 23.025 24.7425
      vertex 6.16698 23.025 24.6392
    endloop
  endfacet
  facet normal -0.751954 0 0.659215
    outer loop
      vertex 6.25754 23.025 24.7425
      vertex 6.16698 22.475 24.6392
      vertex 6.25754 22.475 24.7425
    endloop
  endfacet
  facet normal 0.0655283 0 -0.997851
    outer loop
      vertex 7 22.475 22.95
      vertex 7.13705 23.025 22.959
      vertex 7.13705 22.475 22.959
    endloop
  endfacet
  facet normal 0.0655283 0 -0.997851
    outer loop
      vertex 7.13705 23.025 22.959
      vertex 7 22.475 22.95
      vertex 7 23.025 22.95
    endloop
  endfacet
  facet normal -0.195122 0 0.980779
    outer loop
      vertex 6.72824 23.025 25.0142
      vertex 6.86295 22.475 25.041
      vertex 6.86295 23.025 25.041
    endloop
  endfacet
  facet normal -0.195122 0 0.980779
    outer loop
      vertex 6.86295 22.475 25.041
      vertex 6.72824 23.025 25.0142
      vertex 6.72824 22.475 25.0142
    endloop
  endfacet
  facet normal 0.896918 -0 0.442198
    outer loop
      vertex 7.90933 22.475 24.525
      vertex 7.97007 23.025 24.4018
      vertex 7.90933 23.025 24.525
    endloop
  endfacet
  facet normal 0.896918 0 0.442198
    outer loop
      vertex 7.97007 23.025 24.4018
      vertex 7.90933 22.475 24.525
      vertex 7.97007 22.475 24.4018
    endloop
  endfacet
  facet normal -0.896918 0 -0.442198
    outer loop
      vertex 6.09067 22.475 23.475
      vertex 6.02993 23.025 23.5982
      vertex 6.09067 23.025 23.475
    endloop
  endfacet
  facet normal -0.896918 -0 -0.442198
    outer loop
      vertex 6.02993 23.025 23.5982
      vertex 6.09067 22.475 23.475
      vertex 6.02993 22.475 23.5982
    endloop
  endfacet
  facet normal 0.659113 0 0.752044
    outer loop
      vertex 7.6392 23.025 24.833
      vertex 7.74246 22.475 24.7425
      vertex 7.74246 23.025 24.7425
    endloop
  endfacet
  facet normal 0.659113 0 0.752044
    outer loop
      vertex 7.74246 22.475 24.7425
      vertex 7.6392 23.025 24.833
      vertex 7.6392 22.475 24.833
    endloop
  endfacet
  facet normal 0.751954 -0 0.659215
    outer loop
      vertex 7.74246 22.475 24.7425
      vertex 7.83302 23.025 24.6392
      vertex 7.74246 23.025 24.7425
    endloop
  endfacet
  facet normal 0.751954 0 0.659215
    outer loop
      vertex 7.83302 23.025 24.6392
      vertex 7.74246 22.475 24.7425
      vertex 7.83302 22.475 24.6392
    endloop
  endfacet
  facet normal 0 -1 0
    outer loop
      vertex 6.86295 22.475 25.041
      vertex 7.13705 22.475 25.041
      vertex 7 22.475 25.05
    endloop
  endfacet
  facet normal 0 -1 0
    outer loop
      vertex 6.72824 22.475 25.0142
      vertex 7.13705 22.475 25.041
      vertex 6.86295 22.475 25.041
    endloop
  endfacet
  facet normal 0 -1 0
    outer loop
      vertex 6.72824 22.475 25.0142
      vertex 7.27176 22.475 25.0142
      vertex 7.13705 22.475 25.041
    endloop
  endfacet
  facet normal 0 -1 0
    outer loop
      vertex 6.59818 22.475 24.9701
      vertex 7.27176 22.475 25.0142
      vertex 6.72824 22.475 25.0142
    endloop
  endfacet
  facet normal 0 -1 0
    outer loop
      vertex 6.59818 22.475 24.9701
      vertex 7.40182 22.475 24.9701
      vertex 7.27176 22.475 25.0142
    endloop
  endfacet
  facet normal 0 -1 0
    outer loop
      vertex 6.475 22.475 24.9093
      vertex 7.40182 22.475 24.9701
      vertex 6.59818 22.475 24.9701
    endloop
  endfacet
  facet normal 0 -1 0
    outer loop
      vertex 6.475 22.475 24.9093
      vertex 7.525 22.475 24.9093
      vertex 7.40182 22.475 24.9701
    endloop
  endfacet
  facet normal 0 -1 0
    outer loop
      vertex 6.3608 22.475 24.833
      vertex 7.525 22.475 24.9093
      vertex 6.475 22.475 24.9093
    endloop
  endfacet
  facet normal 0 -1 0
    outer loop
      vertex 6.3608 22.475 24.833
      vertex 7.6392 22.475 24.833
      vertex 7.525 22.475 24.9093
    endloop
  endfacet
  facet normal 0 -1 0
    outer loop
      vertex 6.25754 22.475 24.7425
      vertex 7.6392 22.475 24.833
      vertex 6.3608 22.475 24.833
    endloop
  endfacet
  facet normal 0 -1 0
    outer loop
      vertex 6.25754 22.475 24.7425
      vertex 7.74246 22.475 24.7425
      vertex 7.6392 22.475 24.833
    endloop
  endfacet
  facet normal 0 -1 0
    outer loop
      vertex 6.16698 22.475 24.6392
      vertex 7.74246 22.475 24.7425
      vertex 6.25754 22.475 24.7425
    endloop
  endfacet
  facet normal 0 -1 0
    outer loop
      vertex 6.16698 22.475 24.6392
      vertex 7.83302 22.475 24.6392
      vertex 7.74246 22.475 24.7425
    endloop
  endfacet
  facet normal 0 -1 0
    outer loop
      vertex 6.09067 22.475 24.525
      vertex 7.83302 22.475 24.6392
      vertex 6.16698 22.475 24.6392
    endloop
  endfacet
  facet normal 0 -1 0
    outer loop
      vertex 6.09067 22.475 24.525
      vertex 7.90933 22.475 24.525
      vertex 7.83302 22.475 24.6392
    endloop
  endfacet
  facet normal 0 -1 0
    outer loop
      vertex 6.02993 22.475 24.4018
      vertex 7.90933 22.475 24.525
      vertex 6.09067 22.475 24.525
    endloop
  endfacet
  facet normal 0 -1 0
    outer loop
      vertex 6.02993 22.475 24.4018
      vertex 7.97007 22.475 24.4018
      vertex 7.90933 22.475 24.525
    endloop
  endfacet
  facet normal 0 -1 0
    outer loop
      vertex 5.98578 22.475 24.2718
      vertex 7.97007 22.475 24.4018
      vertex 6.02993 22.475 24.4018
    endloop
  endfacet
  facet normal 0 -1 0
    outer loop
      vertex 5.98578 22.475 24.2718
      vertex 8.01422 22.475 24.2718
      vertex 7.97007 22.475 24.4018
    endloop
  endfacet
  facet normal 0 -1 0
    outer loop
      vertex 5.95898 22.475 24.1371
      vertex 8.01422 22.475 24.2718
      vertex 5.98578 22.475 24.2718
    endloop
  endfacet
  facet normal 0 -1 0
    outer loop
      vertex 5.95898 22.475 24.1371
      vertex 8.04102 22.475 24.1371
      vertex 8.01422 22.475 24.2718
    endloop
  endfacet
  facet normal 0 -1 0
    outer loop
      vertex 5.95 22.475 24
      vertex 8.04102 22.475 24.1371
      vertex 5.95898 22.475 24.1371
    endloop
  endfacet
  facet normal 0 -1 0
    outer loop
      vertex 5.95 22.475 24
      vertex 8.05 22.475 24
      vertex 8.04102 22.475 24.1371
    endloop
  endfacet
  facet normal 0 -1 0
    outer loop
      vertex 5.95898 22.475 23.8629
      vertex 8.05 22.475 24
      vertex 5.95 22.475 24
    endloop
  endfacet
  facet normal 0 -1 0
    outer loop
      vertex 5.95898 22.475 23.8629
      vertex 8.04102 22.475 23.8629
      vertex 8.05 22.475 24
    endloop
  endfacet
  facet normal 0 -1 0
    outer loop
      vertex 5.98578 22.475 23.7282
      vertex 8.04102 22.475 23.8629
      vertex 5.95898 22.475 23.8629
    endloop
  endfacet
  facet normal 0 -1 0
    outer loop
      vertex 5.98578 22.475 23.7282
      vertex 8.01422 22.475 23.7282
      vertex 8.04102 22.475 23.8629
    endloop
  endfacet
  facet normal 0 -1 0
    outer loop
      vertex 6.02993 22.475 23.5982
      vertex 8.01422 22.475 23.7282
      vertex 5.98578 22.475 23.7282
    endloop
  endfacet
  facet normal 0 -1 0
    outer loop
      vertex 6.02993 22.475 23.5982
      vertex 7.97007 22.475 23.5982
      vertex 8.01422 22.475 23.7282
    endloop
  endfacet
  facet normal 0 -1 0
    outer loop
      vertex 6.09067 22.475 23.475
      vertex 7.97007 22.475 23.5982
      vertex 6.02993 22.475 23.5982
    endloop
  endfacet
  facet normal 0 -1 0
    outer loop
      vertex 6.09067 22.475 23.475
      vertex 7.90933 22.475 23.475
      vertex 7.97007 22.475 23.5982
    endloop
  endfacet
  facet normal 0 -1 0
    outer loop
      vertex 6.16698 22.475 23.3608
      vertex 7.90933 22.475 23.475
      vertex 6.09067 22.475 23.475
    endloop
  endfacet
  facet normal 0 -1 0
    outer loop
      vertex 6.16698 22.475 23.3608
      vertex 7.83302 22.475 23.3608
      vertex 7.90933 22.475 23.475
    endloop
  endfacet
  facet normal 0 -1 0
    outer loop
      vertex 6.25754 22.475 23.2575
      vertex 7.83302 22.475 23.3608
      vertex 6.16698 22.475 23.3608
    endloop
  endfacet
  facet normal 0 -1 0
    outer loop
      vertex 6.25754 22.475 23.2575
      vertex 7.74246 22.475 23.2575
      vertex 7.83302 22.475 23.3608
    endloop
  endfacet
  facet normal 0 -1 0
    outer loop
      vertex 6.3608 22.475 23.167
      vertex 7.74246 22.475 23.2575
      vertex 6.25754 22.475 23.2575
    endloop
  endfacet
  facet normal 0 -1 0
    outer loop
      vertex 6.3608 22.475 23.167
      vertex 7.6392 22.475 23.167
      vertex 7.74246 22.475 23.2575
    endloop
  endfacet
  facet normal 0 -1 0
    outer loop
      vertex 6.475 22.475 23.0907
      vertex 7.6392 22.475 23.167
      vertex 6.3608 22.475 23.167
    endloop
  endfacet
  facet normal 0 -1 0
    outer loop
      vertex 6.475 22.475 23.0907
      vertex 7.525 22.475 23.0907
      vertex 7.6392 22.475 23.167
    endloop
  endfacet
  facet normal 0 -1 0
    outer loop
      vertex 6.59818 22.475 23.0299
      vertex 7.525 22.475 23.0907
      vertex 6.475 22.475 23.0907
    endloop
  endfacet
  facet normal 0 -1 0
    outer loop
      vertex 6.59818 22.475 23.0299
      vertex 7.40182 22.475 23.0299
      vertex 7.525 22.475 23.0907
    endloop
  endfacet
  facet normal 0 -1 0
    outer loop
      vertex 6.72824 22.475 22.9858
      vertex 7.40182 22.475 23.0299
      vertex 6.59818 22.475 23.0299
    endloop
  endfacet
  facet normal 0 -1 0
    outer loop
      vertex 6.72824 22.475 22.9858
      vertex 7.27176 22.475 22.9858
      vertex 7.40182 22.475 23.0299
    endloop
  endfacet
  facet normal 0 -1 0
    outer loop
      vertex 6.86295 22.475 22.959
      vertex 7.27176 22.475 22.9858
      vertex 6.72824 22.475 22.9858
    endloop
  endfacet
  facet normal 0 -1 0
    outer loop
      vertex 6.86295 22.475 22.959
      vertex 7.13705 22.475 22.959
      vertex 7.27176 22.475 22.9858
    endloop
  endfacet
  facet normal -0 -1 0
    outer loop
      vertex 7.13705 22.475 22.959
      vertex 6.86295 22.475 22.959
      vertex 7 22.475 22.95
    endloop
  endfacet
  facet normal -0.442607 0 0.896716
    outer loop
      vertex 6.475 23.025 24.9093
      vertex 6.59818 22.475 24.9701
      vertex 6.59818 23.025 24.9701
    endloop
  endfacet
  facet normal -0.442607 0 0.896716
    outer loop
      vertex 6.59818 22.475 24.9701
      vertex 6.475 23.025 24.9093
      vertex 6.475 22.475 24.9093
    endloop
  endfacet
  facet normal -1 0 0
    outer loop
      vertex -43.53 7.325 9.3
      vertex -43.53 15.075 13.7
      vertex -43.53 15.075 9.3
    endloop
  endfacet
  facet normal -1 -0 0
    outer loop
      vertex -43.53 15.075 13.7
      vertex -43.53 7.325 9.3
      vertex -43.53 7.325 13.7
    endloop
  endfacet
  facet normal 0 0 1
    outer loop
      vertex -38.13 15.075 13.7
      vertex -42.98 14.525 13.7
      vertex -38.13 14.525 13.7
    endloop
  endfacet
  facet normal 0 0 1
    outer loop
      vertex -42.98 14.525 13.7
      vertex -43.53 15.075 13.7
      vertex -42.98 7.875 13.7
    endloop
  endfacet
  facet normal -0 0 1
    outer loop
      vertex -43.53 15.075 13.7
      vertex -42.98 14.525 13.7
      vertex -38.13 15.075 13.7
    endloop
  endfacet
  facet normal -0 0 1
    outer loop
      vertex -42.98 7.875 13.7
      vertex -38.13 7.325 13.7
      vertex -38.13 7.875 13.7
    endloop
  endfacet
  facet normal 0 0 1
    outer loop
      vertex -42.98 7.875 13.7
      vertex -43.53 7.325 13.7
      vertex -38.13 7.325 13.7
    endloop
  endfacet
  facet normal 0 0 1
    outer loop
      vertex -43.53 7.325 13.7
      vertex -42.98 7.875 13.7
      vertex -43.53 15.075 13.7
    endloop
  endfacet
  facet normal 0 0 -1
    outer loop
      vertex -43.53 7.325 9.3
      vertex -38.13 15.075 9.3
      vertex -38.13 7.325 9.3
    endloop
  endfacet
  facet normal -0 0 -1
    outer loop
      vertex -38.13 15.075 9.3
      vertex -43.53 7.325 9.3
      vertex -43.53 15.075 9.3
    endloop
  endfacet
  facet normal 1 0 0
    outer loop
      vertex -38.13 7.875 13.7
      vertex -38.13 7.325 13.7
      vertex -38.13 7.875 9.85
    endloop
  endfacet
  facet normal 1 0 0
    outer loop
      vertex -38.13 14.525 9.85
      vertex -38.13 15.075 13.7
      vertex -38.13 14.525 13.7
    endloop
  endfacet
  facet normal 1 0 0
    outer loop
      vertex -38.13 15.075 13.7
      vertex -38.13 14.525 9.85
      vertex -38.13 15.075 9.3
    endloop
  endfacet
  facet normal 1 -0 0
    outer loop
      vertex -38.13 7.875 9.85
      vertex -38.13 15.075 9.3
      vertex -38.13 14.525 9.85
    endloop
  endfacet
  facet normal 1 0 0
    outer loop
      vertex -38.13 7.875 9.85
      vertex -38.13 7.325 9.3
      vertex -38.13 15.075 9.3
    endloop
  endfacet
  facet normal 1 0 0
    outer loop
      vertex -38.13 7.325 9.3
      vertex -38.13 7.875 9.85
      vertex -38.13 7.325 13.7
    endloop
  endfacet
  facet normal 0 -1 0
    outer loop
      vertex -43.53 7.325 9.3
      vertex -38.13 7.325 13.7
      vertex -43.53 7.325 13.7
    endloop
  endfacet
  facet normal 0 -1 -0
    outer loop
      vertex -38.13 7.325 13.7
      vertex -43.53 7.325 9.3
      vertex -38.13 7.325 9.3
    endloop
  endfacet
  facet normal 0 1 -0
    outer loop
      vertex -38.13 15.075 9.3
      vertex -43.53 15.075 13.7
      vertex -38.13 15.075 13.7
    endloop
  endfacet
  facet normal 0 1 0
    outer loop
      vertex -43.53 15.075 13.7
      vertex -38.13 15.075 9.3
      vertex -43.53 15.075 9.3
    endloop
  endfacet
  facet normal 1 -0 0
    outer loop
      vertex -42.98 7.875 13.7
      vertex -42.98 14.525 9.85
      vertex -42.98 14.525 13.7
    endloop
  endfacet
  facet normal 1 0 0
    outer loop
      vertex -42.98 14.525 9.85
      vertex -42.98 7.875 13.7
      vertex -42.98 7.875 9.85
    endloop
  endfacet
  facet normal -0 0 1
    outer loop
      vertex -42.98 14.525 9.85
      vertex -38.13 7.875 9.85
      vertex -38.13 14.525 9.85
    endloop
  endfacet
  facet normal 0 0 1
    outer loop
      vertex -38.13 7.875 9.85
      vertex -42.98 14.525 9.85
      vertex -42.98 7.875 9.85
    endloop
  endfacet
  facet normal 0 1 -0
    outer loop
      vertex -38.13 7.875 9.85
      vertex -42.98 7.875 13.7
      vertex -38.13 7.875 13.7
    endloop
  endfacet
  facet normal 0 1 0
    outer loop
      vertex -42.98 7.875 13.7
      vertex -38.13 7.875 9.85
      vertex -42.98 7.875 9.85
    endloop
  endfacet
  facet normal 0 -1 0
    outer loop
      vertex -42.98 14.525 9.85
      vertex -38.13 14.525 13.7
      vertex -42.98 14.525 13.7
    endloop
  endfacet
  facet normal 0 -1 -0
    outer loop
      vertex -38.13 14.525 13.7
      vertex -42.98 14.525 9.85
      vertex -38.13 14.525 9.85
    endloop
  endfacet
  facet normal -1 0 0
    outer loop
      vertex -43.33 0.55 9.3
      vertex -43.33 7.05 13.3
      vertex -43.33 7.05 9.3
    endloop
  endfacet
  facet normal -1 -0 0
    outer loop
      vertex -43.33 7.05 13.3
      vertex -43.33 0.55 9.3
      vertex -43.33 0.55 13.3
    endloop
  endfacet
  facet normal 0 0 1
    outer loop
      vertex -38.13 7.05 13.3
      vertex -42.78 6.5 13.3
      vertex -38.13 6.5 13.3
    endloop
  endfacet
  facet normal 0 0 1
    outer loop
      vertex -42.78 6.5 13.3
      vertex -43.33 7.05 13.3
      vertex -42.78 1.1 13.3
    endloop
  endfacet
  facet normal -0 0 1
    outer loop
      vertex -43.33 7.05 13.3
      vertex -42.78 6.5 13.3
      vertex -38.13 7.05 13.3
    endloop
  endfacet
  facet normal -0 0 1
    outer loop
      vertex -42.78 1.1 13.3
      vertex -38.13 0.55 13.3
      vertex -38.13 1.1 13.3
    endloop
  endfacet
  facet normal 0 0 1
    outer loop
      vertex -42.78 1.1 13.3
      vertex -43.33 0.55 13.3
      vertex -38.13 0.55 13.3
    endloop
  endfacet
  facet normal 0 0 1
    outer loop
      vertex -43.33 0.55 13.3
      vertex -42.78 1.1 13.3
      vertex -43.33 7.05 13.3
    endloop
  endfacet
  facet normal 0 0 -1
    outer loop
      vertex -43.33 0.55 9.3
      vertex -38.13 7.05 9.3
      vertex -38.13 0.55 9.3
    endloop
  endfacet
  facet normal -0 0 -1
    outer loop
      vertex -38.13 7.05 9.3
      vertex -43.33 0.55 9.3
      vertex -43.33 7.05 9.3
    endloop
  endfacet
  facet normal 1 0 0
    outer loop
      vertex -38.13 1.1 13.3
      vertex -38.13 0.55 13.3
      vertex -38.13 1.1 9.85
    endloop
  endfacet
  facet normal 1 0 0
    outer loop
      vertex -38.13 6.5 9.85
      vertex -38.13 7.05 13.3
      vertex -38.13 6.5 13.3
    endloop
  endfacet
  facet normal 1 0 0
    outer loop
      vertex -38.13 7.05 13.3
      vertex -38.13 6.5 9.85
      vertex -38.13 7.05 9.3
    endloop
  endfacet
  facet normal 1 -0 0
    outer loop
      vertex -38.13 1.1 9.85
      vertex -38.13 7.05 9.3
      vertex -38.13 6.5 9.85
    endloop
  endfacet
  facet normal 1 0 0
    outer loop
      vertex -38.13 1.1 9.85
      vertex -38.13 0.55 9.3
      vertex -38.13 7.05 9.3
    endloop
  endfacet
  facet normal 1 0 0
    outer loop
      vertex -38.13 0.55 9.3
      vertex -38.13 1.1 9.85
      vertex -38.13 0.55 13.3
    endloop
  endfacet
  facet normal 0 -1 0
    outer loop
      vertex -43.33 0.55 9.3
      vertex -38.13 0.55 13.3
      vertex -43.33 0.55 13.3
    endloop
  endfacet
  facet normal 0 -1 -0
    outer loop
      vertex -38.13 0.55 13.3
      vertex -43.33 0.55 9.3
      vertex -38.13 0.55 9.3
    endloop
  endfacet
  facet normal 0 1 -0
    outer loop
      vertex -38.13 7.05 9.3
      vertex -43.33 7.05 13.3
      vertex -38.13 7.05 13.3
    endloop
  endfacet
  facet normal 0 1 0
    outer loop
      vertex -43.33 7.05 13.3
      vertex -38.13 7.05 9.3
      vertex -43.33 7.05 9.3
    endloop
  endfacet
  facet normal 1 -0 0
    outer loop
      vertex -42.78 1.1 13.3
      vertex -42.78 6.5 9.85
      vertex -42.78 6.5 13.3
    endloop
  endfacet
  facet normal 1 0 0
    outer loop
      vertex -42.78 6.5 9.85
      vertex -42.78 1.1 13.3
      vertex -42.78 1.1 9.85
    endloop
  endfacet
  facet normal -0 0 1
    outer loop
      vertex -42.78 6.5 9.85
      vertex -38.13 1.1 9.85
      vertex -38.13 6.5 9.85
    endloop
  endfacet
  facet normal 0 0 1
    outer loop
      vertex -38.13 1.1 9.85
      vertex -42.78 6.5 9.85
      vertex -42.78 1.1 9.85
    endloop
  endfacet
  facet normal 0 1 -0
    outer loop
      vertex -38.13 1.1 9.85
      vertex -42.78 1.1 13.3
      vertex -38.13 1.1 13.3
    endloop
  endfacet
  facet normal 0 1 0
    outer loop
      vertex -42.78 1.1 13.3
      vertex -38.13 1.1 9.85
      vertex -42.78 1.1 9.85
    endloop
  endfacet
  facet normal 0 -1 0
    outer loop
      vertex -42.78 6.5 9.85
      vertex -38.13 6.5 13.3
      vertex -42.78 6.5 13.3
    endloop
  endfacet
  facet normal 0 -1 -0
    outer loop
      vertex -38.13 6.5 13.3
      vertex -42.78 6.5 9.85
      vertex -38.13 6.5 9.85
    endloop
  endfacet
  facet normal -1 0 0
    outer loop
      vertex -43.33 -6.65 9.3
      vertex -43.33 -0.15 13.3
      vertex -43.33 -0.15 9.3
    endloop
  endfacet
  facet normal -1 -0 0
    outer loop
      vertex -43.33 -0.15 13.3
      vertex -43.33 -6.65 9.3
      vertex -43.33 -6.65 13.3
    endloop
  endfacet
  facet normal 0 0 1
    outer loop
      vertex -38.13 -0.15 13.3
      vertex -42.78 -0.699999 13.3
      vertex -38.13 -0.699999 13.3
    endloop
  endfacet
  facet normal 0 0 1
    outer loop
      vertex -42.78 -0.699999 13.3
      vertex -43.33 -0.15 13.3
      vertex -42.78 -6.1 13.3
    endloop
  endfacet
  facet normal -0 0 1
    outer loop
      vertex -43.33 -0.15 13.3
      vertex -42.78 -0.699999 13.3
      vertex -38.13 -0.15 13.3
    endloop
  endfacet
  facet normal -0 0 1
    outer loop
      vertex -42.78 -6.1 13.3
      vertex -38.13 -6.65 13.3
      vertex -38.13 -6.1 13.3
    endloop
  endfacet
  facet normal 0 0 1
    outer loop
      vertex -42.78 -6.1 13.3
      vertex -43.33 -6.65 13.3
      vertex -38.13 -6.65 13.3
    endloop
  endfacet
  facet normal 0 0 1
    outer loop
      vertex -43.33 -6.65 13.3
      vertex -42.78 -6.1 13.3
      vertex -43.33 -0.15 13.3
    endloop
  endfacet
  facet normal 0 0 -1
    outer loop
      vertex -43.33 -6.65 9.3
      vertex -38.13 -0.15 9.3
      vertex -38.13 -6.65 9.3
    endloop
  endfacet
  facet normal -0 0 -1
    outer loop
      vertex -38.13 -0.15 9.3
      vertex -43.33 -6.65 9.3
      vertex -43.33 -0.15 9.3
    endloop
  endfacet
  facet normal 1 0 0
    outer loop
      vertex -38.13 -6.1 13.3
      vertex -38.13 -6.65 13.3
      vertex -38.13 -6.1 9.85
    endloop
  endfacet
  facet normal 1 0 0
    outer loop
      vertex -38.13 -0.699999 9.85
      vertex -38.13 -0.15 13.3
      vertex -38.13 -0.699999 13.3
    endloop
  endfacet
  facet normal 1 0 0
    outer loop
      vertex -38.13 -0.15 13.3
      vertex -38.13 -0.699999 9.85
      vertex -38.13 -0.15 9.3
    endloop
  endfacet
  facet normal 1 -0 0
    outer loop
      vertex -38.13 -6.1 9.85
      vertex -38.13 -0.15 9.3
      vertex -38.13 -0.699999 9.85
    endloop
  endfacet
  facet normal 1 0 0
    outer loop
      vertex -38.13 -6.1 9.85
      vertex -38.13 -6.65 9.3
      vertex -38.13 -0.15 9.3
    endloop
  endfacet
  facet normal 1 0 0
    outer loop
      vertex -38.13 -6.65 9.3
      vertex -38.13 -6.1 9.85
      vertex -38.13 -6.65 13.3
    endloop
  endfacet
  facet normal 0 -1 0
    outer loop
      vertex -43.33 -6.65 9.3
      vertex -38.13 -6.65 13.3
      vertex -43.33 -6.65 13.3
    endloop
  endfacet
  facet normal 0 -1 -0
    outer loop
      vertex -38.13 -6.65 13.3
      vertex -43.33 -6.65 9.3
      vertex -38.13 -6.65 9.3
    endloop
  endfacet
  facet normal 0 1 -0
    outer loop
      vertex -38.13 -0.15 9.3
      vertex -43.33 -0.15 13.3
      vertex -38.13 -0.15 13.3
    endloop
  endfacet
  facet normal 0 1 0
    outer loop
      vertex -43.33 -0.15 13.3
      vertex -38.13 -0.15 9.3
      vertex -43.33 -0.15 9.3
    endloop
  endfacet
  facet normal 1 -0 0
    outer loop
      vertex -42.78 -6.1 13.3
      vertex -42.78 -0.699999 9.85
      vertex -42.78 -0.699999 13.3
    endloop
  endfacet
  facet normal 1 0 0
    outer loop
      vertex -42.78 -0.699999 9.85
      vertex -42.78 -6.1 13.3
      vertex -42.78 -6.1 9.85
    endloop
  endfacet
  facet normal -0 0 1
    outer loop
      vertex -42.78 -0.699999 9.85
      vertex -38.13 -6.1 9.85
      vertex -38.13 -0.699999 9.85
    endloop
  endfacet
  facet normal 0 0 1
    outer loop
      vertex -38.13 -6.1 9.85
      vertex -42.78 -0.699999 9.85
      vertex -42.78 -6.1 9.85
    endloop
  endfacet
  facet normal 0 1 -0
    outer loop
      vertex -38.13 -6.1 9.85
      vertex -42.78 -6.1 13.3
      vertex -38.13 -6.1 13.3
    endloop
  endfacet
  facet normal 0 1 0
    outer loop
      vertex -42.78 -6.1 13.3
      vertex -38.13 -6.1 9.85
      vertex -42.78 -6.1 9.85
    endloop
  endfacet
  facet normal 0 -1 0
    outer loop
      vertex -42.78 -0.699999 9.85
      vertex -38.13 -0.699999 13.3
      vertex -42.78 -0.699999 13.3
    endloop
  endfacet
  facet normal 0 -1 -0
    outer loop
      vertex -38.13 -0.699999 13.3
      vertex -42.78 -0.699999 9.85
      vertex -38.13 -0.699999 9.85
    endloop
  endfacet
  facet normal -1 0 0
    outer loop
      vertex -43.53 -14.875 9.3
      vertex -43.53 -7.125 13.7
      vertex -43.53 -7.125 9.3
    endloop
  endfacet
  facet normal -1 -0 0
    outer loop
      vertex -43.53 -7.125 13.7
      vertex -43.53 -14.875 9.3
      vertex -43.53 -14.875 13.7
    endloop
  endfacet
  facet normal 0 0 1
    outer loop
      vertex -38.13 -7.125 13.7
      vertex -42.98 -7.675 13.7
      vertex -38.13 -7.675 13.7
    endloop
  endfacet
  facet normal 0 0 1
    outer loop
      vertex -42.98 -7.675 13.7
      vertex -43.53 -7.125 13.7
      vertex -42.98 -14.325 13.7
    endloop
  endfacet
  facet normal -0 0 1
    outer loop
      vertex -43.53 -7.125 13.7
      vertex -42.98 -7.675 13.7
      vertex -38.13 -7.125 13.7
    endloop
  endfacet
  facet normal -0 0 1
    outer loop
      vertex -42.98 -14.325 13.7
      vertex -38.13 -14.875 13.7
      vertex -38.13 -14.325 13.7
    endloop
  endfacet
  facet normal 0 0 1
    outer loop
      vertex -42.98 -14.325 13.7
      vertex -43.53 -14.875 13.7
      vertex -38.13 -14.875 13.7
    endloop
  endfacet
  facet normal 0 0 1
    outer loop
      vertex -43.53 -14.875 13.7
      vertex -42.98 -14.325 13.7
      vertex -43.53 -7.125 13.7
    endloop
  endfacet
  facet normal 0 0 -1
    outer loop
      vertex -43.53 -14.875 9.3
      vertex -38.13 -7.125 9.3
      vertex -38.13 -14.875 9.3
    endloop
  endfacet
  facet normal -0 0 -1
    outer loop
      vertex -38.13 -7.125 9.3
      vertex -43.53 -14.875 9.3
      vertex -43.53 -7.125 9.3
    endloop
  endfacet
  facet normal 1 0 0
    outer loop
      vertex -38.13 -14.325 13.7
      vertex -38.13 -14.875 13.7
      vertex -38.13 -14.325 9.85
    endloop
  endfacet
  facet normal 1 0 0
    outer loop
      vertex -38.13 -7.675 9.85
      vertex -38.13 -7.125 13.7
      vertex -38.13 -7.675 13.7
    endloop
  endfacet
  facet normal 1 0 0
    outer loop
      vertex -38.13 -7.125 13.7
      vertex -38.13 -7.675 9.85
      vertex -38.13 -7.125 9.3
    endloop
  endfacet
  facet normal 1 -0 0
    outer loop
      vertex -38.13 -14.325 9.85
      vertex -38.13 -7.125 9.3
      vertex -38.13 -7.675 9.85
    endloop
  endfacet
  facet normal 1 0 0
    outer loop
      vertex -38.13 -14.325 9.85
      vertex -38.13 -14.875 9.3
      vertex -38.13 -7.125 9.3
    endloop
  endfacet
  facet normal 1 0 0
    outer loop
      vertex -38.13 -14.875 9.3
      vertex -38.13 -14.325 9.85
      vertex -38.13 -14.875 13.7
    endloop
  endfacet
  facet normal 0 -1 0
    outer loop
      vertex -43.53 -14.875 9.3
      vertex -38.13 -14.875 13.7
      vertex -43.53 -14.875 13.7
    endloop
  endfacet
  facet normal 0 -1 -0
    outer loop
      vertex -38.13 -14.875 13.7
      vertex -43.53 -14.875 9.3
      vertex -38.13 -14.875 9.3
    endloop
  endfacet
  facet normal 0 1 -0
    outer loop
      vertex -38.13 -7.125 9.3
      vertex -43.53 -7.125 13.7
      vertex -38.13 -7.125 13.7
    endloop
  endfacet
  facet normal 0 1 0
    outer loop
      vertex -43.53 -7.125 13.7
      vertex -38.13 -7.125 9.3
      vertex -43.53 -7.125 9.3
    endloop
  endfacet
  facet normal 1 -0 0
    outer loop
      vertex -42.98 -14.325 13.7
      vertex -42.98 -7.675 9.85
      vertex -42.98 -7.675 13.7
    endloop
  endfacet
  facet normal 1 0 0
    outer loop
      vertex -42.98 -7.675 9.85
      vertex -42.98 -14.325 13.7
      vertex -42.98 -14.325 9.85
    endloop
  endfacet
  facet normal -0 0 1
    outer loop
      vertex -42.98 -7.675 9.85
      vertex -38.13 -14.325 9.85
      vertex -38.13 -7.675 9.85
    endloop
  endfacet
  facet normal 0 0 1
    outer loop
      vertex -38.13 -14.325 9.85
      vertex -42.98 -7.675 9.85
      vertex -42.98 -14.325 9.85
    endloop
  endfacet
  facet normal 0 1 -0
    outer loop
      vertex -38.13 -14.325 9.85
      vertex -42.98 -14.325 13.7
      vertex -38.13 -14.325 13.7
    endloop
  endfacet
  facet normal 0 1 0
    outer loop
      vertex -42.98 -14.325 13.7
      vertex -38.13 -14.325 9.85
      vertex -42.98 -14.325 9.85
    endloop
  endfacet
  facet normal 0 -1 0
    outer loop
      vertex -42.98 -7.675 9.85
      vertex -38.13 -7.675 13.7
      vertex -42.98 -7.675 13.7
    endloop
  endfacet
  facet normal 0 -1 -0
    outer loop
      vertex -38.13 -7.675 13.7
      vertex -42.98 -7.675 9.85
      vertex -38.13 -7.675 9.85
    endloop
  endfacet
  facet normal 1 -0 0
    outer loop
      vertex -36.45 -1.9 22.2
      vertex -36.45 1.9 19.8
      vertex -36.45 1.9 22.2
    endloop
  endfacet
  facet normal 1 0 0
    outer loop
      vertex -36.45 1.9 19.8
      vertex -36.45 -1.9 22.2
      vertex -36.45 -1.9 19.8
    endloop
  endfacet
  facet normal -0 0 1
    outer loop
      vertex -37.85 1.9 22.2
      vertex -36.45 -1.9 22.2
      vertex -36.45 1.9 22.2
    endloop
  endfacet
  facet normal 0 0 1
    outer loop
      vertex -36.45 -1.9 22.2
      vertex -37.85 1.9 22.2
      vertex -37.85 -1.9 22.2
    endloop
  endfacet
  facet normal 0 0 -1
    outer loop
      vertex -37.85 -1.9 19.8
      vertex -36.45 1.9 19.8
      vertex -36.45 -1.9 19.8
    endloop
  endfacet
  facet normal -0 0 -1
    outer loop
      vertex -36.45 1.9 19.8
      vertex -37.85 -1.9 19.8
      vertex -37.85 1.9 19.8
    endloop
  endfacet
  facet normal -1 0 0
    outer loop
      vertex -37.85 -1.9 19.8
      vertex -37.85 1.9 22.2
      vertex -37.85 1.9 19.8
    endloop
  endfacet
  facet normal -1 -0 0
    outer loop
      vertex -37.85 1.9 22.2
      vertex -37.85 -1.9 19.8
      vertex -37.85 -1.9 22.2
    endloop
  endfacet
  facet normal 0 1 -0
    outer loop
      vertex -36.45 1.9 19.8
      vertex -37.85 1.9 22.2
      vertex -36.45 1.9 22.2
    endloop
  endfacet
  facet normal 0 1 0
    outer loop
      vertex -37.85 1.9 22.2
      vertex -36.45 1.9 19.8
      vertex -37.85 1.9 19.8
    endloop
  endfacet
  facet normal 0 -1 0
    outer loop
      vertex -37.85 -1.9 19.8
      vertex -36.45 -1.9 22.2
      vertex -37.85 -1.9 22.2
    endloop
  endfacet
  facet normal 0 -1 -0
    outer loop
      vertex -36.45 -1.9 22.2
      vertex -37.85 -1.9 19.8
      vertex -36.45 -1.9 19.8
    endloop
  endfacet
endsolid OpenSCAD_Model
