solid OpenSCAD_Model
  facet normal 0.980783 -0.195101 0
    outer loop
      vertex -52.3437 33.7882 3
      vertex -52.2735 34.1411 0
      vertex -52.2735 34.1411 3
    endloop
  endfacet
  facet normal 0.980783 -0.195101 0
    outer loop
      vertex -52.2735 34.1411 0
      vertex -52.3437 33.7882 3
      vertex -52.3437 33.7882 0
    endloop
  endfacet
  facet normal 0.980783 0.195101 0
    outer loop
      vertex -52.2735 34.8589 3
      vertex -52.3437 35.2118 0
      vertex -52.3437 35.2118 3
    endloop
  endfacet
  facet normal 0.980783 0.195101 0
    outer loop
      vertex -52.3437 35.2118 0
      vertex -52.2735 34.8589 3
      vertex -52.2735 34.8589 0
    endloop
  endfacet
  facet normal 0.997863 0.0653379 0
    outer loop
      vertex -52.25 34.5 3
      vertex -52.2735 34.8589 0
      vertex -52.2735 34.8589 3
    endloop
  endfacet
  facet normal 0.997863 0.0653379 0
    outer loop
      vertex -52.2735 34.8589 0
      vertex -52.25 34.5 3
      vertex -52.25 34.5 0
    endloop
  endfacet
  facet normal 0.946945 0.321394 0
    outer loop
      vertex -52.3437 35.2118 3
      vertex -52.4593 35.5524 0
      vertex -52.4593 35.5524 3
    endloop
  endfacet
  facet normal 0.946945 0.321394 0
    outer loop
      vertex -52.4593 35.5524 0
      vertex -52.3437 35.2118 3
      vertex -52.3437 35.2118 0
    endloop
  endfacet
  facet normal -0.997863 0.0653379 0
    outer loop
      vertex -57.75 34.5 0
      vertex -57.7265 34.8589 3
      vertex -57.7265 34.8589 0
    endloop
  endfacet
  facet normal -0.997863 0.0653379 0
    outer loop
      vertex -57.7265 34.8589 3
      vertex -57.75 34.5 0
      vertex -57.75 34.5 3
    endloop
  endfacet
  facet normal 0.442314 -0.89686 0
    outer loop
      vertex -53.9476 31.9593 0
      vertex -53.625 32.1184 3
      vertex -53.9476 31.9593 3
    endloop
  endfacet
  facet normal 0.442314 -0.89686 0
    outer loop
      vertex -53.625 32.1184 3
      vertex -53.9476 31.9593 0
      vertex -53.625 32.1184 0
    endloop
  endfacet
  facet normal 0.195101 0.980783 -0
    outer loop
      vertex -54.2882 37.1563 0
      vertex -54.6411 37.2265 3
      vertex -54.2882 37.1563 3
    endloop
  endfacet
  facet normal 0.195101 0.980783 0
    outer loop
      vertex -54.6411 37.2265 3
      vertex -54.2882 37.1563 0
      vertex -54.6411 37.2265 0
    endloop
  endfacet
  facet normal 0.195101 -0.980783 0
    outer loop
      vertex -54.6411 31.7735 0
      vertex -54.2882 31.8437 3
      vertex -54.6411 31.7735 3
    endloop
  endfacet
  facet normal 0.195101 -0.980783 0
    outer loop
      vertex -54.2882 31.8437 3
      vertex -54.6411 31.7735 0
      vertex -54.2882 31.8437 0
    endloop
  endfacet
  facet normal 0.0653379 -0.997863 0
    outer loop
      vertex -55 31.75 0
      vertex -54.6411 31.7735 3
      vertex -55 31.75 3
    endloop
  endfacet
  facet normal 0.0653379 -0.997863 0
    outer loop
      vertex -54.6411 31.7735 3
      vertex -55 31.75 0
      vertex -54.6411 31.7735 0
    endloop
  endfacet
  facet normal -0.659449 0.751749 0
    outer loop
      vertex -56.6741 36.6817 0
      vertex -56.9445 36.4445 3
      vertex -56.6741 36.6817 3
    endloop
  endfacet
  facet normal -0.659449 0.751749 0
    outer loop
      vertex -56.9445 36.4445 3
      vertex -56.6741 36.6817 0
      vertex -56.9445 36.4445 0
    endloop
  endfacet
  facet normal -0.831408 0.555662 0
    outer loop
      vertex -57.3816 35.875 0
      vertex -57.1817 36.1741 3
      vertex -57.1817 36.1741 0
    endloop
  endfacet
  facet normal -0.831408 0.555662 0
    outer loop
      vertex -57.1817 36.1741 3
      vertex -57.3816 35.875 0
      vertex -57.3816 35.875 3
    endloop
  endfacet
  facet normal 0.321394 0.946945 -0
    outer loop
      vertex -53.9476 37.0407 0
      vertex -54.2882 37.1563 3
      vertex -53.9476 37.0407 3
    endloop
  endfacet
  facet normal 0.321394 0.946945 0
    outer loop
      vertex -54.2882 37.1563 3
      vertex -53.9476 37.0407 0
      vertex -54.2882 37.1563 0
    endloop
  endfacet
  facet normal 0.659449 -0.751749 0
    outer loop
      vertex -53.3259 32.3183 0
      vertex -53.0555 32.5555 3
      vertex -53.3259 32.3183 3
    endloop
  endfacet
  facet normal 0.659449 -0.751749 0
    outer loop
      vertex -53.0555 32.5555 3
      vertex -53.3259 32.3183 0
      vertex -53.0555 32.5555 0
    endloop
  endfacet
  facet normal -0.442314 0.89686 0
    outer loop
      vertex -56.0524 37.0407 0
      vertex -56.375 36.8816 3
      vertex -56.0524 37.0407 3
    endloop
  endfacet
  facet normal -0.442314 0.89686 0
    outer loop
      vertex -56.375 36.8816 3
      vertex -56.0524 37.0407 0
      vertex -56.375 36.8816 0
    endloop
  endfacet
  facet normal -0.0653379 -0.997863 0
    outer loop
      vertex -55.3589 31.7735 0
      vertex -55 31.75 3
      vertex -55.3589 31.7735 3
    endloop
  endfacet
  facet normal -0.0653379 -0.997863 -0
    outer loop
      vertex -55 31.75 3
      vertex -55.3589 31.7735 0
      vertex -55 31.75 0
    endloop
  endfacet
  facet normal 0.751749 -0.659449 0
    outer loop
      vertex -53.0555 32.5555 3
      vertex -52.8183 32.8259 0
      vertex -52.8183 32.8259 3
    endloop
  endfacet
  facet normal 0.751749 -0.659449 0
    outer loop
      vertex -52.8183 32.8259 0
      vertex -53.0555 32.5555 3
      vertex -53.0555 32.5555 0
    endloop
  endfacet
  facet normal -0.946945 -0.321394 0
    outer loop
      vertex -57.5407 33.4476 0
      vertex -57.6563 33.7882 3
      vertex -57.6563 33.7882 0
    endloop
  endfacet
  facet normal -0.946945 -0.321394 0
    outer loop
      vertex -57.6563 33.7882 3
      vertex -57.5407 33.4476 0
      vertex -57.5407 33.4476 3
    endloop
  endfacet
  facet normal 0.321394 -0.946945 0
    outer loop
      vertex -54.2882 31.8437 0
      vertex -53.9476 31.9593 3
      vertex -54.2882 31.8437 3
    endloop
  endfacet
  facet normal 0.321394 -0.946945 0
    outer loop
      vertex -53.9476 31.9593 3
      vertex -54.2882 31.8437 0
      vertex -53.9476 31.9593 0
    endloop
  endfacet
  facet normal -0.321394 0.946945 0
    outer loop
      vertex -55.7118 37.1563 0
      vertex -56.0524 37.0407 3
      vertex -55.7118 37.1563 3
    endloop
  endfacet
  facet normal -0.321394 0.946945 0
    outer loop
      vertex -56.0524 37.0407 3
      vertex -55.7118 37.1563 0
      vertex -56.0524 37.0407 0
    endloop
  endfacet
  facet normal -0.555662 0.831408 0
    outer loop
      vertex -56.375 36.8816 0
      vertex -56.6741 36.6817 3
      vertex -56.375 36.8816 3
    endloop
  endfacet
  facet normal -0.555662 0.831408 0
    outer loop
      vertex -56.6741 36.6817 3
      vertex -56.375 36.8816 0
      vertex -56.6741 36.6817 0
    endloop
  endfacet
  facet normal -0.946945 0.321394 0
    outer loop
      vertex -57.6563 35.2118 0
      vertex -57.5407 35.5524 3
      vertex -57.5407 35.5524 0
    endloop
  endfacet
  facet normal -0.946945 0.321394 0
    outer loop
      vertex -57.5407 35.5524 3
      vertex -57.6563 35.2118 0
      vertex -57.6563 35.2118 3
    endloop
  endfacet
  facet normal 0.89686 0.442314 0
    outer loop
      vertex -52.4593 35.5524 3
      vertex -52.6184 35.875 0
      vertex -52.6184 35.875 3
    endloop
  endfacet
  facet normal 0.89686 0.442314 0
    outer loop
      vertex -52.6184 35.875 0
      vertex -52.4593 35.5524 3
      vertex -52.4593 35.5524 0
    endloop
  endfacet
  facet normal -0.195101 0.980783 0
    outer loop
      vertex -55.3589 37.2265 0
      vertex -55.7118 37.1563 3
      vertex -55.3589 37.2265 3
    endloop
  endfacet
  facet normal -0.195101 0.980783 0
    outer loop
      vertex -55.7118 37.1563 3
      vertex -55.3589 37.2265 0
      vertex -55.7118 37.1563 0
    endloop
  endfacet
  facet normal 0.659449 0.751749 -0
    outer loop
      vertex -53.0555 36.4445 0
      vertex -53.3259 36.6817 3
      vertex -53.0555 36.4445 3
    endloop
  endfacet
  facet normal 0.659449 0.751749 0
    outer loop
      vertex -53.3259 36.6817 3
      vertex -53.0555 36.4445 0
      vertex -53.3259 36.6817 0
    endloop
  endfacet
  facet normal 0.997863 -0.0653379 0
    outer loop
      vertex -52.2735 34.1411 3
      vertex -52.25 34.5 0
      vertex -52.25 34.5 3
    endloop
  endfacet
  facet normal 0.997863 -0.0653379 0
    outer loop
      vertex -52.25 34.5 0
      vertex -52.2735 34.1411 3
      vertex -52.2735 34.1411 0
    endloop
  endfacet
  facet normal 0.442314 0.89686 -0
    outer loop
      vertex -53.625 36.8816 0
      vertex -53.9476 37.0407 3
      vertex -53.625 36.8816 3
    endloop
  endfacet
  facet normal 0.442314 0.89686 0
    outer loop
      vertex -53.9476 37.0407 3
      vertex -53.625 36.8816 0
      vertex -53.9476 37.0407 0
    endloop
  endfacet
  facet normal -0.321394 -0.946945 0
    outer loop
      vertex -56.0524 31.9593 0
      vertex -55.7118 31.8437 3
      vertex -56.0524 31.9593 3
    endloop
  endfacet
  facet normal -0.321394 -0.946945 -0
    outer loop
      vertex -55.7118 31.8437 3
      vertex -56.0524 31.9593 0
      vertex -55.7118 31.8437 0
    endloop
  endfacet
  facet normal -0.980783 0.195101 0
    outer loop
      vertex -57.7265 34.8589 0
      vertex -57.6563 35.2118 3
      vertex -57.6563 35.2118 0
    endloop
  endfacet
  facet normal -0.980783 0.195101 0
    outer loop
      vertex -57.6563 35.2118 3
      vertex -57.7265 34.8589 0
      vertex -57.7265 34.8589 3
    endloop
  endfacet
  facet normal -0.0653379 0.997863 0
    outer loop
      vertex -55 37.25 0
      vertex -55.3589 37.2265 3
      vertex -55 37.25 3
    endloop
  endfacet
  facet normal -0.0653379 0.997863 0
    outer loop
      vertex -55.3589 37.2265 3
      vertex -55 37.25 0
      vertex -55.3589 37.2265 0
    endloop
  endfacet
  facet normal -0.195101 -0.980783 0
    outer loop
      vertex -55.7118 31.8437 0
      vertex -55.3589 31.7735 3
      vertex -55.7118 31.8437 3
    endloop
  endfacet
  facet normal -0.195101 -0.980783 -0
    outer loop
      vertex -55.3589 31.7735 3
      vertex -55.7118 31.8437 0
      vertex -55.3589 31.7735 0
    endloop
  endfacet
  facet normal 0.946945 -0.321394 0
    outer loop
      vertex -52.4593 33.4476 3
      vertex -52.3437 33.7882 0
      vertex -52.3437 33.7882 3
    endloop
  endfacet
  facet normal 0.946945 -0.321394 0
    outer loop
      vertex -52.3437 33.7882 0
      vertex -52.4593 33.4476 3
      vertex -52.4593 33.4476 0
    endloop
  endfacet
  facet normal 0.831408 0.555662 0
    outer loop
      vertex -52.6184 35.875 3
      vertex -52.8183 36.1741 0
      vertex -52.8183 36.1741 3
    endloop
  endfacet
  facet normal 0.831408 0.555662 0
    outer loop
      vertex -52.8183 36.1741 0
      vertex -52.6184 35.875 3
      vertex -52.6184 35.875 0
    endloop
  endfacet
  facet normal 0.751749 0.659449 0
    outer loop
      vertex -52.8183 36.1741 3
      vertex -53.0555 36.4445 0
      vertex -53.0555 36.4445 3
    endloop
  endfacet
  facet normal 0.751749 0.659449 0
    outer loop
      vertex -53.0555 36.4445 0
      vertex -52.8183 36.1741 3
      vertex -52.8183 36.1741 0
    endloop
  endfacet
  facet normal -0.89686 -0.442314 0
    outer loop
      vertex -57.3816 33.125 0
      vertex -57.5407 33.4476 3
      vertex -57.5407 33.4476 0
    endloop
  endfacet
  facet normal -0.89686 -0.442314 0
    outer loop
      vertex -57.5407 33.4476 3
      vertex -57.3816 33.125 0
      vertex -57.3816 33.125 3
    endloop
  endfacet
  facet normal 0.89686 -0.442314 0
    outer loop
      vertex -52.6184 33.125 3
      vertex -52.4593 33.4476 0
      vertex -52.4593 33.4476 3
    endloop
  endfacet
  facet normal 0.89686 -0.442314 0
    outer loop
      vertex -52.4593 33.4476 0
      vertex -52.6184 33.125 3
      vertex -52.6184 33.125 0
    endloop
  endfacet
  facet normal -0.751749 -0.659449 0
    outer loop
      vertex -56.9445 32.5555 0
      vertex -57.1817 32.8259 3
      vertex -57.1817 32.8259 0
    endloop
  endfacet
  facet normal -0.751749 -0.659449 0
    outer loop
      vertex -57.1817 32.8259 3
      vertex -56.9445 32.5555 0
      vertex -56.9445 32.5555 3
    endloop
  endfacet
  facet normal 0.831408 -0.555662 0
    outer loop
      vertex -52.8183 32.8259 3
      vertex -52.6184 33.125 0
      vertex -52.6184 33.125 3
    endloop
  endfacet
  facet normal 0.831408 -0.555662 0
    outer loop
      vertex -52.6184 33.125 0
      vertex -52.8183 32.8259 3
      vertex -52.8183 32.8259 0
    endloop
  endfacet
  facet normal 0 0 -1
    outer loop
      vertex -53.4 34.5 0
      vertex -52.25 34.5 0
      vertex -52.2735 34.1411 0
    endloop
  endfacet
  facet normal 0 0 -1
    outer loop
      vertex -53.4137 34.2912 0
      vertex -52.2735 34.1411 0
      vertex -52.3437 33.7882 0
    endloop
  endfacet
  facet normal 0 0 -1
    outer loop
      vertex -52.25 34.5 0
      vertex -53.4 34.5 0
      vertex -52.2735 34.8589 0
    endloop
  endfacet
  facet normal 0 0 -1
    outer loop
      vertex -53.4545 34.0859 0
      vertex -52.3437 33.7882 0
      vertex -52.4593 33.4476 0
    endloop
  endfacet
  facet normal 0 0 -1
    outer loop
      vertex -53.4137 34.7088 0
      vertex -52.2735 34.8589 0
      vertex -53.4 34.5 0
    endloop
  endfacet
  facet normal 0 0 -1
    outer loop
      vertex -53.5218 33.8877 0
      vertex -52.4593 33.4476 0
      vertex -52.6184 33.125 0
    endloop
  endfacet
  facet normal -0 0 -1
    outer loop
      vertex -52.2735 34.8589 0
      vertex -53.4137 34.7088 0
      vertex -52.3437 35.2118 0
    endloop
  endfacet
  facet normal 0 0 -1
    outer loop
      vertex -53.6144 33.7 0
      vertex -52.6184 33.125 0
      vertex -52.8183 32.8259 0
    endloop
  endfacet
  facet normal 0 0 -1
    outer loop
      vertex -53.4545 34.9141 0
      vertex -52.3437 35.2118 0
      vertex -53.4137 34.7088 0
    endloop
  endfacet
  facet normal 0 0 -1
    outer loop
      vertex -53.7306 33.526 0
      vertex -52.8183 32.8259 0
      vertex -53.0555 32.5555 0
    endloop
  endfacet
  facet normal -0 0 -1
    outer loop
      vertex -52.3437 35.2118 0
      vertex -53.4545 34.9141 0
      vertex -52.4593 35.5524 0
    endloop
  endfacet
  facet normal 0 0 -1
    outer loop
      vertex -53.8686 33.3686 0
      vertex -53.0555 32.5555 0
      vertex -53.3259 32.3183 0
    endloop
  endfacet
  facet normal 0 0 -1
    outer loop
      vertex -53.5218 35.1123 0
      vertex -52.4593 35.5524 0
      vertex -53.4545 34.9141 0
    endloop
  endfacet
  facet normal -0 0 -1
    outer loop
      vertex -52.4593 35.5524 0
      vertex -53.5218 35.1123 0
      vertex -52.6184 35.875 0
    endloop
  endfacet
  facet normal 0 0 -1
    outer loop
      vertex -52.2735 34.1411 0
      vertex -53.4137 34.2912 0
      vertex -53.4 34.5 0
    endloop
  endfacet
  facet normal 0 0 -1
    outer loop
      vertex -52.3437 33.7882 0
      vertex -53.4545 34.0859 0
      vertex -53.4137 34.2912 0
    endloop
  endfacet
  facet normal 0 0 -1
    outer loop
      vertex -52.4593 33.4476 0
      vertex -53.5218 33.8877 0
      vertex -53.4545 34.0859 0
    endloop
  endfacet
  facet normal 0 0 -1
    outer loop
      vertex -52.6184 33.125 0
      vertex -53.6144 33.7 0
      vertex -53.5218 33.8877 0
    endloop
  endfacet
  facet normal 0 0 -1
    outer loop
      vertex -54.026 33.2306 0
      vertex -53.3259 32.3183 0
      vertex -53.625 32.1184 0
    endloop
  endfacet
  facet normal 0 0 -1
    outer loop
      vertex -52.8183 32.8259 0
      vertex -53.7306 33.526 0
      vertex -53.6144 33.7 0
    endloop
  endfacet
  facet normal 0 0 -1
    outer loop
      vertex -53.0555 32.5555 0
      vertex -53.8686 33.3686 0
      vertex -53.7306 33.526 0
    endloop
  endfacet
  facet normal 0 0 -1
    outer loop
      vertex -54.2 33.1144 0
      vertex -53.625 32.1184 0
      vertex -53.9476 31.9593 0
    endloop
  endfacet
  facet normal 0 0 -1
    outer loop
      vertex -53.3259 32.3183 0
      vertex -54.026 33.2306 0
      vertex -53.8686 33.3686 0
    endloop
  endfacet
  facet normal 0 0 -1
    outer loop
      vertex -53.625 32.1184 0
      vertex -54.2 33.1144 0
      vertex -54.026 33.2306 0
    endloop
  endfacet
  facet normal 0 0 -1
    outer loop
      vertex -54.3877 33.0218 0
      vertex -53.9476 31.9593 0
      vertex -54.2882 31.8437 0
    endloop
  endfacet
  facet normal 0 0 -1
    outer loop
      vertex -53.9476 31.9593 0
      vertex -54.3877 33.0218 0
      vertex -54.2 33.1144 0
    endloop
  endfacet
  facet normal 0 0 -1
    outer loop
      vertex -54.2882 31.8437 0
      vertex -54.5859 32.9545 0
      vertex -54.3877 33.0218 0
    endloop
  endfacet
  facet normal 0 0 -1
    outer loop
      vertex -54.6411 31.7735 0
      vertex -54.5859 32.9545 0
      vertex -54.2882 31.8437 0
    endloop
  endfacet
  facet normal 0 0 -1
    outer loop
      vertex -54.6411 31.7735 0
      vertex -54.7912 32.9137 0
      vertex -54.5859 32.9545 0
    endloop
  endfacet
  facet normal 0 0 -1
    outer loop
      vertex -55 31.75 0
      vertex -54.7912 32.9137 0
      vertex -54.6411 31.7735 0
    endloop
  endfacet
  facet normal 0 0 -1
    outer loop
      vertex -55 31.75 0
      vertex -55 32.9 0
      vertex -54.7912 32.9137 0
    endloop
  endfacet
  facet normal 0 0 -1
    outer loop
      vertex -55 31.75 0
      vertex -55.2088 32.9137 0
      vertex -55 32.9 0
    endloop
  endfacet
  facet normal 0 0 -1
    outer loop
      vertex -55.3589 31.7735 0
      vertex -55.2088 32.9137 0
      vertex -55 31.75 0
    endloop
  endfacet
  facet normal 0 0 -1
    outer loop
      vertex -55.3589 31.7735 0
      vertex -55.4141 32.9545 0
      vertex -55.2088 32.9137 0
    endloop
  endfacet
  facet normal 0 0 -1
    outer loop
      vertex -55.7118 31.8437 0
      vertex -55.4141 32.9545 0
      vertex -55.3589 31.7735 0
    endloop
  endfacet
  facet normal -0 0 -1
    outer loop
      vertex -55.4141 32.9545 0
      vertex -55.7118 31.8437 0
      vertex -55.6123 33.0218 0
    endloop
  endfacet
  facet normal 0 0 -1
    outer loop
      vertex -56.0524 31.9593 0
      vertex -55.6123 33.0218 0
      vertex -55.7118 31.8437 0
    endloop
  endfacet
  facet normal -0 0 -1
    outer loop
      vertex -55.6123 33.0218 0
      vertex -56.0524 31.9593 0
      vertex -55.8 33.1144 0
    endloop
  endfacet
  facet normal 0 0 -1
    outer loop
      vertex -56.375 32.1184 0
      vertex -55.8 33.1144 0
      vertex -56.0524 31.9593 0
    endloop
  endfacet
  facet normal -0 0 -1
    outer loop
      vertex -55.8 33.1144 0
      vertex -56.375 32.1184 0
      vertex -55.974 33.2306 0
    endloop
  endfacet
  facet normal 0 0 -1
    outer loop
      vertex -56.6741 32.3183 0
      vertex -55.974 33.2306 0
      vertex -56.375 32.1184 0
    endloop
  endfacet
  facet normal -0 0 -1
    outer loop
      vertex -55.974 33.2306 0
      vertex -56.6741 32.3183 0
      vertex -56.1314 33.3686 0
    endloop
  endfacet
  facet normal 0 0 -1
    outer loop
      vertex -56.9445 32.5555 0
      vertex -56.1314 33.3686 0
      vertex -56.6741 32.3183 0
    endloop
  endfacet
  facet normal -0 0 -1
    outer loop
      vertex -56.1314 33.3686 0
      vertex -56.9445 32.5555 0
      vertex -56.2694 33.526 0
    endloop
  endfacet
  facet normal 0 0 -1
    outer loop
      vertex -57.1817 32.8259 0
      vertex -56.2694 33.526 0
      vertex -56.9445 32.5555 0
    endloop
  endfacet
  facet normal -0 0 -1
    outer loop
      vertex -56.2694 33.526 0
      vertex -57.1817 32.8259 0
      vertex -56.3856 33.7 0
    endloop
  endfacet
  facet normal -0 0 -1
    outer loop
      vertex -56.3856 33.7 0
      vertex -57.3816 33.125 0
      vertex -56.4782 33.8877 0
    endloop
  endfacet
  facet normal 0 0 -1
    outer loop
      vertex -57.3816 33.125 0
      vertex -56.3856 33.7 0
      vertex -57.1817 32.8259 0
    endloop
  endfacet
  facet normal 0 0 -1
    outer loop
      vertex -53.6144 35.3 0
      vertex -52.6184 35.875 0
      vertex -53.5218 35.1123 0
    endloop
  endfacet
  facet normal -0 0 -1
    outer loop
      vertex -52.6184 35.875 0
      vertex -53.6144 35.3 0
      vertex -52.8183 36.1741 0
    endloop
  endfacet
  facet normal 0 0 -1
    outer loop
      vertex -53.7306 35.474 0
      vertex -52.8183 36.1741 0
      vertex -53.6144 35.3 0
    endloop
  endfacet
  facet normal -0 0 -1
    outer loop
      vertex -52.8183 36.1741 0
      vertex -53.7306 35.474 0
      vertex -53.0555 36.4445 0
    endloop
  endfacet
  facet normal 0 0 -1
    outer loop
      vertex -53.8686 35.6314 0
      vertex -53.0555 36.4445 0
      vertex -53.7306 35.474 0
    endloop
  endfacet
  facet normal -0 0 -1
    outer loop
      vertex -53.0555 36.4445 0
      vertex -53.8686 35.6314 0
      vertex -53.3259 36.6817 0
    endloop
  endfacet
  facet normal 0 0 -1
    outer loop
      vertex -54.026 35.7694 0
      vertex -53.3259 36.6817 0
      vertex -53.8686 35.6314 0
    endloop
  endfacet
  facet normal -0 0 -1
    outer loop
      vertex -53.3259 36.6817 0
      vertex -54.026 35.7694 0
      vertex -53.625 36.8816 0
    endloop
  endfacet
  facet normal 0 0 -1
    outer loop
      vertex -54.2 35.8856 0
      vertex -53.625 36.8816 0
      vertex -54.026 35.7694 0
    endloop
  endfacet
  facet normal -0 0 -1
    outer loop
      vertex -53.625 36.8816 0
      vertex -54.2 35.8856 0
      vertex -53.9476 37.0407 0
    endloop
  endfacet
  facet normal 0 0 -1
    outer loop
      vertex -54.3877 35.9782 0
      vertex -53.9476 37.0407 0
      vertex -54.2 35.8856 0
    endloop
  endfacet
  facet normal -0 0 -1
    outer loop
      vertex -53.9476 37.0407 0
      vertex -54.3877 35.9782 0
      vertex -54.2882 37.1563 0
    endloop
  endfacet
  facet normal 0 0 -1
    outer loop
      vertex -54.5859 36.0455 0
      vertex -54.2882 37.1563 0
      vertex -54.3877 35.9782 0
    endloop
  endfacet
  facet normal 0 0 -1
    outer loop
      vertex -54.5859 36.0455 0
      vertex -54.6411 37.2265 0
      vertex -54.2882 37.1563 0
    endloop
  endfacet
  facet normal 0 0 -1
    outer loop
      vertex -54.7912 36.0863 0
      vertex -54.6411 37.2265 0
      vertex -54.5859 36.0455 0
    endloop
  endfacet
  facet normal 0 0 -1
    outer loop
      vertex -55 36.1 0
      vertex -54.6411 37.2265 0
      vertex -54.7912 36.0863 0
    endloop
  endfacet
  facet normal 0 0 -1
    outer loop
      vertex -55 36.1 0
      vertex -55 37.25 0
      vertex -54.6411 37.2265 0
    endloop
  endfacet
  facet normal 0 0 -1
    outer loop
      vertex -55.2088 36.0863 0
      vertex -55 37.25 0
      vertex -55 36.1 0
    endloop
  endfacet
  facet normal 0 0 -1
    outer loop
      vertex -55.2088 36.0863 0
      vertex -55.3589 37.2265 0
      vertex -55 37.25 0
    endloop
  endfacet
  facet normal 0 0 -1
    outer loop
      vertex -55.4141 36.0455 0
      vertex -55.3589 37.2265 0
      vertex -55.2088 36.0863 0
    endloop
  endfacet
  facet normal 0 0 -1
    outer loop
      vertex -55.7118 37.1563 0
      vertex -55.4141 36.0455 0
      vertex -55.6123 35.9782 0
    endloop
  endfacet
  facet normal 0 0 -1
    outer loop
      vertex -55.4141 36.0455 0
      vertex -55.7118 37.1563 0
      vertex -55.3589 37.2265 0
    endloop
  endfacet
  facet normal 0 0 -1
    outer loop
      vertex -56.0524 37.0407 0
      vertex -55.6123 35.9782 0
      vertex -55.8 35.8856 0
    endloop
  endfacet
  facet normal 0 0 -1
    outer loop
      vertex -56.375 36.8816 0
      vertex -55.8 35.8856 0
      vertex -55.974 35.7694 0
    endloop
  endfacet
  facet normal 0 0 -1
    outer loop
      vertex -55.6123 35.9782 0
      vertex -56.0524 37.0407 0
      vertex -55.7118 37.1563 0
    endloop
  endfacet
  facet normal 0 0 -1
    outer loop
      vertex -56.6741 36.6817 0
      vertex -55.974 35.7694 0
      vertex -56.1314 35.6314 0
    endloop
  endfacet
  facet normal 0 0 -1
    outer loop
      vertex -56.9445 36.4445 0
      vertex -56.1314 35.6314 0
      vertex -56.2694 35.474 0
    endloop
  endfacet
  facet normal 0 0 -1
    outer loop
      vertex -55.8 35.8856 0
      vertex -56.375 36.8816 0
      vertex -56.0524 37.0407 0
    endloop
  endfacet
  facet normal 0 0 -1
    outer loop
      vertex -57.1817 36.1741 0
      vertex -56.2694 35.474 0
      vertex -56.3856 35.3 0
    endloop
  endfacet
  facet normal 0 0 -1
    outer loop
      vertex -57.3816 35.875 0
      vertex -56.3856 35.3 0
      vertex -56.4782 35.1123 0
    endloop
  endfacet
  facet normal 0 0 -1
    outer loop
      vertex -57.5407 35.5524 0
      vertex -56.4782 35.1123 0
      vertex -56.5455 34.9141 0
    endloop
  endfacet
  facet normal 0 0 -1
    outer loop
      vertex -57.6563 35.2118 0
      vertex -56.5455 34.9141 0
      vertex -56.5863 34.7088 0
    endloop
  endfacet
  facet normal 0 0 -1
    outer loop
      vertex -55.974 35.7694 0
      vertex -56.6741 36.6817 0
      vertex -56.375 36.8816 0
    endloop
  endfacet
  facet normal 0 0 -1
    outer loop
      vertex -57.7265 34.8589 0
      vertex -56.5863 34.7088 0
      vertex -56.6 34.5 0
    endloop
  endfacet
  facet normal 0 0 -1
    outer loop
      vertex -57.5407 33.4476 0
      vertex -56.4782 33.8877 0
      vertex -57.3816 33.125 0
    endloop
  endfacet
  facet normal -0 0 -1
    outer loop
      vertex -56.4782 33.8877 0
      vertex -57.5407 33.4476 0
      vertex -56.5455 34.0859 0
    endloop
  endfacet
  facet normal 0 0 -1
    outer loop
      vertex -56.1314 35.6314 0
      vertex -56.9445 36.4445 0
      vertex -56.6741 36.6817 0
    endloop
  endfacet
  facet normal 0 0 -1
    outer loop
      vertex -57.6563 33.7882 0
      vertex -56.5455 34.0859 0
      vertex -57.5407 33.4476 0
    endloop
  endfacet
  facet normal 0 0 -1
    outer loop
      vertex -56.2694 35.474 0
      vertex -57.1817 36.1741 0
      vertex -56.9445 36.4445 0
    endloop
  endfacet
  facet normal -0 0 -1
    outer loop
      vertex -56.5455 34.0859 0
      vertex -57.6563 33.7882 0
      vertex -56.5863 34.2912 0
    endloop
  endfacet
  facet normal 0 0 -1
    outer loop
      vertex -56.3856 35.3 0
      vertex -57.3816 35.875 0
      vertex -57.1817 36.1741 0
    endloop
  endfacet
  facet normal 0 0 -1
    outer loop
      vertex -57.7265 34.1411 0
      vertex -56.5863 34.2912 0
      vertex -57.6563 33.7882 0
    endloop
  endfacet
  facet normal 0 0 -1
    outer loop
      vertex -56.4782 35.1123 0
      vertex -57.5407 35.5524 0
      vertex -57.3816 35.875 0
    endloop
  endfacet
  facet normal -0 0 -1
    outer loop
      vertex -56.5863 34.2912 0
      vertex -57.7265 34.1411 0
      vertex -56.6 34.5 0
    endloop
  endfacet
  facet normal 0 0 -1
    outer loop
      vertex -56.5455 34.9141 0
      vertex -57.6563 35.2118 0
      vertex -57.5407 35.5524 0
    endloop
  endfacet
  facet normal 0 0 -1
    outer loop
      vertex -57.75 34.5 0
      vertex -56.6 34.5 0
      vertex -57.7265 34.1411 0
    endloop
  endfacet
  facet normal 0 0 -1
    outer loop
      vertex -56.5863 34.7088 0
      vertex -57.7265 34.8589 0
      vertex -57.6563 35.2118 0
    endloop
  endfacet
  facet normal 0 0 -1
    outer loop
      vertex -56.6 34.5 0
      vertex -57.75 34.5 0
      vertex -57.7265 34.8589 0
    endloop
  endfacet
  facet normal -0.751749 0.659449 0
    outer loop
      vertex -57.1817 36.1741 0
      vertex -56.9445 36.4445 3
      vertex -56.9445 36.4445 0
    endloop
  endfacet
  facet normal -0.751749 0.659449 0
    outer loop
      vertex -56.9445 36.4445 3
      vertex -57.1817 36.1741 0
      vertex -57.1817 36.1741 3
    endloop
  endfacet
  facet normal 0.0653379 0.997863 -0
    outer loop
      vertex -54.6411 37.2265 0
      vertex -55 37.25 3
      vertex -54.6411 37.2265 3
    endloop
  endfacet
  facet normal 0.0653379 0.997863 0
    outer loop
      vertex -55 37.25 3
      vertex -54.6411 37.2265 0
      vertex -55 37.25 0
    endloop
  endfacet
  facet normal 0.555662 0.831408 -0
    outer loop
      vertex -53.3259 36.6817 0
      vertex -53.625 36.8816 3
      vertex -53.3259 36.6817 3
    endloop
  endfacet
  facet normal 0.555662 0.831408 0
    outer loop
      vertex -53.625 36.8816 3
      vertex -53.3259 36.6817 0
      vertex -53.625 36.8816 0
    endloop
  endfacet
  facet normal 0 0 1
    outer loop
      vertex -53.4 34.5 3
      vertex -52.25 34.5 3
      vertex -52.2735 34.8589 3
    endloop
  endfacet
  facet normal 0 0 1
    outer loop
      vertex -53.4137 34.7088 3
      vertex -52.2735 34.8589 3
      vertex -52.3437 35.2118 3
    endloop
  endfacet
  facet normal 0 0 1
    outer loop
      vertex -52.25 34.5 3
      vertex -53.4 34.5 3
      vertex -52.2735 34.1411 3
    endloop
  endfacet
  facet normal 0 0 1
    outer loop
      vertex -53.4545 34.9141 3
      vertex -52.3437 35.2118 3
      vertex -52.4593 35.5524 3
    endloop
  endfacet
  facet normal -0 0 1
    outer loop
      vertex -53.4137 34.2912 3
      vertex -52.2735 34.1411 3
      vertex -53.4 34.5 3
    endloop
  endfacet
  facet normal 0 0 1
    outer loop
      vertex -53.5218 35.1123 3
      vertex -52.4593 35.5524 3
      vertex -52.6184 35.875 3
    endloop
  endfacet
  facet normal 0 0 1
    outer loop
      vertex -52.2735 34.1411 3
      vertex -53.4137 34.2912 3
      vertex -52.3437 33.7882 3
    endloop
  endfacet
  facet normal 0 0 1
    outer loop
      vertex -53.6144 35.3 3
      vertex -52.6184 35.875 3
      vertex -52.8183 36.1741 3
    endloop
  endfacet
  facet normal -0 0 1
    outer loop
      vertex -53.4545 34.0859 3
      vertex -52.3437 33.7882 3
      vertex -53.4137 34.2912 3
    endloop
  endfacet
  facet normal 0 0 1
    outer loop
      vertex -53.7306 35.474 3
      vertex -52.8183 36.1741 3
      vertex -53.0555 36.4445 3
    endloop
  endfacet
  facet normal 0 0 1
    outer loop
      vertex -52.3437 33.7882 3
      vertex -53.4545 34.0859 3
      vertex -52.4593 33.4476 3
    endloop
  endfacet
  facet normal 0 0 1
    outer loop
      vertex -53.8686 35.6314 3
      vertex -53.0555 36.4445 3
      vertex -53.3259 36.6817 3
    endloop
  endfacet
  facet normal -0 0 1
    outer loop
      vertex -53.5218 33.8877 3
      vertex -52.4593 33.4476 3
      vertex -53.4545 34.0859 3
    endloop
  endfacet
  facet normal 0 0 1
    outer loop
      vertex -52.4593 33.4476 3
      vertex -53.5218 33.8877 3
      vertex -52.6184 33.125 3
    endloop
  endfacet
  facet normal 0 0 1
    outer loop
      vertex -52.2735 34.8589 3
      vertex -53.4137 34.7088 3
      vertex -53.4 34.5 3
    endloop
  endfacet
  facet normal 0 0 1
    outer loop
      vertex -52.3437 35.2118 3
      vertex -53.4545 34.9141 3
      vertex -53.4137 34.7088 3
    endloop
  endfacet
  facet normal 0 0 1
    outer loop
      vertex -52.4593 35.5524 3
      vertex -53.5218 35.1123 3
      vertex -53.4545 34.9141 3
    endloop
  endfacet
  facet normal 0 0 1
    outer loop
      vertex -52.6184 35.875 3
      vertex -53.6144 35.3 3
      vertex -53.5218 35.1123 3
    endloop
  endfacet
  facet normal 0 0 1
    outer loop
      vertex -54.026 35.7694 3
      vertex -53.3259 36.6817 3
      vertex -53.625 36.8816 3
    endloop
  endfacet
  facet normal 0 0 1
    outer loop
      vertex -52.8183 36.1741 3
      vertex -53.7306 35.474 3
      vertex -53.6144 35.3 3
    endloop
  endfacet
  facet normal 0 0 1
    outer loop
      vertex -53.0555 36.4445 3
      vertex -53.8686 35.6314 3
      vertex -53.7306 35.474 3
    endloop
  endfacet
  facet normal 0 0 1
    outer loop
      vertex -54.2 35.8856 3
      vertex -53.625 36.8816 3
      vertex -53.9476 37.0407 3
    endloop
  endfacet
  facet normal 0 0 1
    outer loop
      vertex -53.3259 36.6817 3
      vertex -54.026 35.7694 3
      vertex -53.8686 35.6314 3
    endloop
  endfacet
  facet normal 0 0 1
    outer loop
      vertex -53.625 36.8816 3
      vertex -54.2 35.8856 3
      vertex -54.026 35.7694 3
    endloop
  endfacet
  facet normal 0 0 1
    outer loop
      vertex -54.3877 35.9782 3
      vertex -53.9476 37.0407 3
      vertex -54.2882 37.1563 3
    endloop
  endfacet
  facet normal 0 0 1
    outer loop
      vertex -53.9476 37.0407 3
      vertex -54.3877 35.9782 3
      vertex -54.2 35.8856 3
    endloop
  endfacet
  facet normal 0 0 1
    outer loop
      vertex -54.2882 37.1563 3
      vertex -54.5859 36.0455 3
      vertex -54.3877 35.9782 3
    endloop
  endfacet
  facet normal 0 0 1
    outer loop
      vertex -54.6411 37.2265 3
      vertex -54.5859 36.0455 3
      vertex -54.2882 37.1563 3
    endloop
  endfacet
  facet normal 0 0 1
    outer loop
      vertex -54.6411 37.2265 3
      vertex -54.7912 36.0863 3
      vertex -54.5859 36.0455 3
    endloop
  endfacet
  facet normal 0 0 1
    outer loop
      vertex -55 37.25 3
      vertex -54.7912 36.0863 3
      vertex -54.6411 37.2265 3
    endloop
  endfacet
  facet normal 0 0 1
    outer loop
      vertex -55 37.25 3
      vertex -55 36.1 3
      vertex -54.7912 36.0863 3
    endloop
  endfacet
  facet normal 0 0 1
    outer loop
      vertex -55 37.25 3
      vertex -55.2088 36.0863 3
      vertex -55 36.1 3
    endloop
  endfacet
  facet normal -0 0 1
    outer loop
      vertex -55.3589 37.2265 3
      vertex -55.2088 36.0863 3
      vertex -55 37.25 3
    endloop
  endfacet
  facet normal 0 0 1
    outer loop
      vertex -55.3589 37.2265 3
      vertex -55.4141 36.0455 3
      vertex -55.2088 36.0863 3
    endloop
  endfacet
  facet normal -0 0 1
    outer loop
      vertex -55.7118 37.1563 3
      vertex -55.4141 36.0455 3
      vertex -55.3589 37.2265 3
    endloop
  endfacet
  facet normal 0 0 1
    outer loop
      vertex -55.4141 36.0455 3
      vertex -55.7118 37.1563 3
      vertex -55.6123 35.9782 3
    endloop
  endfacet
  facet normal -0 0 1
    outer loop
      vertex -56.0524 37.0407 3
      vertex -55.6123 35.9782 3
      vertex -55.7118 37.1563 3
    endloop
  endfacet
  facet normal 0 0 1
    outer loop
      vertex -55.6123 35.9782 3
      vertex -56.0524 37.0407 3
      vertex -55.8 35.8856 3
    endloop
  endfacet
  facet normal -0 0 1
    outer loop
      vertex -56.375 36.8816 3
      vertex -55.8 35.8856 3
      vertex -56.0524 37.0407 3
    endloop
  endfacet
  facet normal 0 0 1
    outer loop
      vertex -55.8 35.8856 3
      vertex -56.375 36.8816 3
      vertex -55.974 35.7694 3
    endloop
  endfacet
  facet normal -0 0 1
    outer loop
      vertex -56.6741 36.6817 3
      vertex -55.974 35.7694 3
      vertex -56.375 36.8816 3
    endloop
  endfacet
  facet normal 0 0 1
    outer loop
      vertex -55.974 35.7694 3
      vertex -56.6741 36.6817 3
      vertex -56.1314 35.6314 3
    endloop
  endfacet
  facet normal -0 0 1
    outer loop
      vertex -56.9445 36.4445 3
      vertex -56.1314 35.6314 3
      vertex -56.6741 36.6817 3
    endloop
  endfacet
  facet normal 0 0 1
    outer loop
      vertex -56.1314 35.6314 3
      vertex -56.9445 36.4445 3
      vertex -56.2694 35.474 3
    endloop
  endfacet
  facet normal -0 0 1
    outer loop
      vertex -57.1817 36.1741 3
      vertex -56.2694 35.474 3
      vertex -56.9445 36.4445 3
    endloop
  endfacet
  facet normal 0 0 1
    outer loop
      vertex -56.2694 35.474 3
      vertex -57.1817 36.1741 3
      vertex -56.3856 35.3 3
    endloop
  endfacet
  facet normal 0 0 1
    outer loop
      vertex -56.3856 35.3 3
      vertex -57.3816 35.875 3
      vertex -56.4782 35.1123 3
    endloop
  endfacet
  facet normal -0 0 1
    outer loop
      vertex -57.3816 35.875 3
      vertex -56.3856 35.3 3
      vertex -57.1817 36.1741 3
    endloop
  endfacet
  facet normal -0 0 1
    outer loop
      vertex -53.6144 33.7 3
      vertex -52.6184 33.125 3
      vertex -53.5218 33.8877 3
    endloop
  endfacet
  facet normal 0 0 1
    outer loop
      vertex -52.6184 33.125 3
      vertex -53.6144 33.7 3
      vertex -52.8183 32.8259 3
    endloop
  endfacet
  facet normal -0 0 1
    outer loop
      vertex -53.7306 33.526 3
      vertex -52.8183 32.8259 3
      vertex -53.6144 33.7 3
    endloop
  endfacet
  facet normal 0 0 1
    outer loop
      vertex -52.8183 32.8259 3
      vertex -53.7306 33.526 3
      vertex -53.0555 32.5555 3
    endloop
  endfacet
  facet normal -0 0 1
    outer loop
      vertex -53.8686 33.3686 3
      vertex -53.0555 32.5555 3
      vertex -53.7306 33.526 3
    endloop
  endfacet
  facet normal 0 0 1
    outer loop
      vertex -53.0555 32.5555 3
      vertex -53.8686 33.3686 3
      vertex -53.3259 32.3183 3
    endloop
  endfacet
  facet normal -0 0 1
    outer loop
      vertex -54.026 33.2306 3
      vertex -53.3259 32.3183 3
      vertex -53.8686 33.3686 3
    endloop
  endfacet
  facet normal 0 0 1
    outer loop
      vertex -53.3259 32.3183 3
      vertex -54.026 33.2306 3
      vertex -53.625 32.1184 3
    endloop
  endfacet
  facet normal -0 0 1
    outer loop
      vertex -54.2 33.1144 3
      vertex -53.625 32.1184 3
      vertex -54.026 33.2306 3
    endloop
  endfacet
  facet normal 0 0 1
    outer loop
      vertex -53.625 32.1184 3
      vertex -54.2 33.1144 3
      vertex -53.9476 31.9593 3
    endloop
  endfacet
  facet normal -0 0 1
    outer loop
      vertex -54.3877 33.0218 3
      vertex -53.9476 31.9593 3
      vertex -54.2 33.1144 3
    endloop
  endfacet
  facet normal 0 0 1
    outer loop
      vertex -53.9476 31.9593 3
      vertex -54.3877 33.0218 3
      vertex -54.2882 31.8437 3
    endloop
  endfacet
  facet normal -0 0 1
    outer loop
      vertex -54.5859 32.9545 3
      vertex -54.2882 31.8437 3
      vertex -54.3877 33.0218 3
    endloop
  endfacet
  facet normal 0 0 1
    outer loop
      vertex -54.5859 32.9545 3
      vertex -54.6411 31.7735 3
      vertex -54.2882 31.8437 3
    endloop
  endfacet
  facet normal -0 0 1
    outer loop
      vertex -54.7912 32.9137 3
      vertex -54.6411 31.7735 3
      vertex -54.5859 32.9545 3
    endloop
  endfacet
  facet normal -0 0 1
    outer loop
      vertex -55 32.9 3
      vertex -54.6411 31.7735 3
      vertex -54.7912 32.9137 3
    endloop
  endfacet
  facet normal 0 0 1
    outer loop
      vertex -55 32.9 3
      vertex -55 31.75 3
      vertex -54.6411 31.7735 3
    endloop
  endfacet
  facet normal 0 0 1
    outer loop
      vertex -55.2088 32.9137 3
      vertex -55 31.75 3
      vertex -55 32.9 3
    endloop
  endfacet
  facet normal 0 0 1
    outer loop
      vertex -55.2088 32.9137 3
      vertex -55.3589 31.7735 3
      vertex -55 31.75 3
    endloop
  endfacet
  facet normal 0 0 1
    outer loop
      vertex -55.4141 32.9545 3
      vertex -55.3589 31.7735 3
      vertex -55.2088 32.9137 3
    endloop
  endfacet
  facet normal 0 0 1
    outer loop
      vertex -55.7118 31.8437 3
      vertex -55.4141 32.9545 3
      vertex -55.6123 33.0218 3
    endloop
  endfacet
  facet normal 0 0 1
    outer loop
      vertex -55.4141 32.9545 3
      vertex -55.7118 31.8437 3
      vertex -55.3589 31.7735 3
    endloop
  endfacet
  facet normal 0 0 1
    outer loop
      vertex -56.0524 31.9593 3
      vertex -55.6123 33.0218 3
      vertex -55.8 33.1144 3
    endloop
  endfacet
  facet normal 0 0 1
    outer loop
      vertex -56.375 32.1184 3
      vertex -55.8 33.1144 3
      vertex -55.974 33.2306 3
    endloop
  endfacet
  facet normal 0 0 1
    outer loop
      vertex -55.6123 33.0218 3
      vertex -56.0524 31.9593 3
      vertex -55.7118 31.8437 3
    endloop
  endfacet
  facet normal 0 0 1
    outer loop
      vertex -56.6741 32.3183 3
      vertex -55.974 33.2306 3
      vertex -56.1314 33.3686 3
    endloop
  endfacet
  facet normal 0 0 1
    outer loop
      vertex -56.9445 32.5555 3
      vertex -56.1314 33.3686 3
      vertex -56.2694 33.526 3
    endloop
  endfacet
  facet normal 0 0 1
    outer loop
      vertex -55.8 33.1144 3
      vertex -56.375 32.1184 3
      vertex -56.0524 31.9593 3
    endloop
  endfacet
  facet normal 0 0 1
    outer loop
      vertex -57.1817 32.8259 3
      vertex -56.2694 33.526 3
      vertex -56.3856 33.7 3
    endloop
  endfacet
  facet normal 0 0 1
    outer loop
      vertex -57.3816 33.125 3
      vertex -56.3856 33.7 3
      vertex -56.4782 33.8877 3
    endloop
  endfacet
  facet normal 0 0 1
    outer loop
      vertex -57.5407 33.4476 3
      vertex -56.4782 33.8877 3
      vertex -56.5455 34.0859 3
    endloop
  endfacet
  facet normal 0 0 1
    outer loop
      vertex -57.6563 33.7882 3
      vertex -56.5455 34.0859 3
      vertex -56.5863 34.2912 3
    endloop
  endfacet
  facet normal 0 0 1
    outer loop
      vertex -55.974 33.2306 3
      vertex -56.6741 32.3183 3
      vertex -56.375 32.1184 3
    endloop
  endfacet
  facet normal 0 0 1
    outer loop
      vertex -57.7265 34.1411 3
      vertex -56.5863 34.2912 3
      vertex -56.6 34.5 3
    endloop
  endfacet
  facet normal -0 0 1
    outer loop
      vertex -57.5407 35.5524 3
      vertex -56.4782 35.1123 3
      vertex -57.3816 35.875 3
    endloop
  endfacet
  facet normal 0 0 1
    outer loop
      vertex -56.4782 35.1123 3
      vertex -57.5407 35.5524 3
      vertex -56.5455 34.9141 3
    endloop
  endfacet
  facet normal 0 0 1
    outer loop
      vertex -56.1314 33.3686 3
      vertex -56.9445 32.5555 3
      vertex -56.6741 32.3183 3
    endloop
  endfacet
  facet normal -0 0 1
    outer loop
      vertex -57.6563 35.2118 3
      vertex -56.5455 34.9141 3
      vertex -57.5407 35.5524 3
    endloop
  endfacet
  facet normal 0 0 1
    outer loop
      vertex -56.2694 33.526 3
      vertex -57.1817 32.8259 3
      vertex -56.9445 32.5555 3
    endloop
  endfacet
  facet normal 0 0 1
    outer loop
      vertex -56.5455 34.9141 3
      vertex -57.6563 35.2118 3
      vertex -56.5863 34.7088 3
    endloop
  endfacet
  facet normal 0 0 1
    outer loop
      vertex -56.3856 33.7 3
      vertex -57.3816 33.125 3
      vertex -57.1817 32.8259 3
    endloop
  endfacet
  facet normal -0 0 1
    outer loop
      vertex -57.7265 34.8589 3
      vertex -56.5863 34.7088 3
      vertex -57.6563 35.2118 3
    endloop
  endfacet
  facet normal 0 0 1
    outer loop
      vertex -56.4782 33.8877 3
      vertex -57.5407 33.4476 3
      vertex -57.3816 33.125 3
    endloop
  endfacet
  facet normal 0 0 1
    outer loop
      vertex -56.5863 34.7088 3
      vertex -57.7265 34.8589 3
      vertex -56.6 34.5 3
    endloop
  endfacet
  facet normal 0 0 1
    outer loop
      vertex -56.5455 34.0859 3
      vertex -57.6563 33.7882 3
      vertex -57.5407 33.4476 3
    endloop
  endfacet
  facet normal 0 0 1
    outer loop
      vertex -57.75 34.5 3
      vertex -56.6 34.5 3
      vertex -57.7265 34.8589 3
    endloop
  endfacet
  facet normal 0 0 1
    outer loop
      vertex -56.5863 34.2912 3
      vertex -57.7265 34.1411 3
      vertex -57.6563 33.7882 3
    endloop
  endfacet
  facet normal 0 0 1
    outer loop
      vertex -56.6 34.5 3
      vertex -57.75 34.5 3
      vertex -57.7265 34.1411 3
    endloop
  endfacet
  facet normal -0.442314 -0.89686 0
    outer loop
      vertex -56.375 32.1184 0
      vertex -56.0524 31.9593 3
      vertex -56.375 32.1184 3
    endloop
  endfacet
  facet normal -0.442314 -0.89686 -0
    outer loop
      vertex -56.0524 31.9593 3
      vertex -56.375 32.1184 0
      vertex -56.0524 31.9593 0
    endloop
  endfacet
  facet normal -0.831408 -0.555662 0
    outer loop
      vertex -57.1817 32.8259 0
      vertex -57.3816 33.125 3
      vertex -57.3816 33.125 0
    endloop
  endfacet
  facet normal -0.831408 -0.555662 0
    outer loop
      vertex -57.3816 33.125 3
      vertex -57.1817 32.8259 0
      vertex -57.1817 32.8259 3
    endloop
  endfacet
  facet normal -0.980783 -0.195101 0
    outer loop
      vertex -57.6563 33.7882 0
      vertex -57.7265 34.1411 3
      vertex -57.7265 34.1411 0
    endloop
  endfacet
  facet normal -0.980783 -0.195101 0
    outer loop
      vertex -57.7265 34.1411 3
      vertex -57.6563 33.7882 0
      vertex -57.6563 33.7882 3
    endloop
  endfacet
  facet normal -0.659449 -0.751749 0
    outer loop
      vertex -56.9445 32.5555 0
      vertex -56.6741 32.3183 3
      vertex -56.9445 32.5555 3
    endloop
  endfacet
  facet normal -0.659449 -0.751749 -0
    outer loop
      vertex -56.6741 32.3183 3
      vertex -56.9445 32.5555 0
      vertex -56.6741 32.3183 0
    endloop
  endfacet
  facet normal -0.89686 0.442314 0
    outer loop
      vertex -57.5407 35.5524 0
      vertex -57.3816 35.875 3
      vertex -57.3816 35.875 0
    endloop
  endfacet
  facet normal -0.89686 0.442314 0
    outer loop
      vertex -57.3816 35.875 3
      vertex -57.5407 35.5524 0
      vertex -57.5407 35.5524 3
    endloop
  endfacet
  facet normal -0.997863 -0.0653379 0
    outer loop
      vertex -57.7265 34.1411 0
      vertex -57.75 34.5 3
      vertex -57.75 34.5 0
    endloop
  endfacet
  facet normal -0.997863 -0.0653379 0
    outer loop
      vertex -57.75 34.5 3
      vertex -57.7265 34.1411 0
      vertex -57.7265 34.1411 3
    endloop
  endfacet
  facet normal 0.555662 -0.831408 0
    outer loop
      vertex -53.625 32.1184 0
      vertex -53.3259 32.3183 3
      vertex -53.625 32.1184 3
    endloop
  endfacet
  facet normal 0.555662 -0.831408 0
    outer loop
      vertex -53.3259 32.3183 3
      vertex -53.625 32.1184 0
      vertex -53.3259 32.3183 0
    endloop
  endfacet
  facet normal -0.555662 -0.831408 0
    outer loop
      vertex -56.6741 32.3183 0
      vertex -56.375 32.1184 3
      vertex -56.6741 32.3183 3
    endloop
  endfacet
  facet normal -0.555662 -0.831408 -0
    outer loop
      vertex -56.375 32.1184 3
      vertex -56.6741 32.3183 0
      vertex -56.375 32.1184 0
    endloop
  endfacet
  facet normal -0.194922 -0.980819 0
    outer loop
      vertex -54.7912 36.0863 0
      vertex -54.5859 36.0455 3
      vertex -54.7912 36.0863 3
    endloop
  endfacet
  facet normal -0.194922 -0.980819 -0
    outer loop
      vertex -54.5859 36.0455 3
      vertex -54.7912 36.0863 0
      vertex -54.5859 36.0455 0
    endloop
  endfacet
  facet normal -0.980819 -0.194922 0
    outer loop
      vertex -53.4137 34.7088 0
      vertex -53.4545 34.9141 3
      vertex -53.4545 34.9141 0
    endloop
  endfacet
  facet normal -0.980819 -0.194922 0
    outer loop
      vertex -53.4545 34.9141 3
      vertex -53.4137 34.7088 0
      vertex -53.4137 34.7088 3
    endloop
  endfacet
  facet normal -0.997854 -0.0654722 0
    outer loop
      vertex -53.4 34.5 0
      vertex -53.4137 34.7088 3
      vertex -53.4137 34.7088 0
    endloop
  endfacet
  facet normal -0.997854 -0.0654722 0
    outer loop
      vertex -53.4137 34.7088 3
      vertex -53.4 34.5 0
      vertex -53.4 34.5 3
    endloop
  endfacet
  facet normal -0.946901 -0.321526 0
    outer loop
      vertex -53.4545 34.9141 0
      vertex -53.5218 35.1123 3
      vertex -53.5218 35.1123 0
    endloop
  endfacet
  facet normal -0.946901 -0.321526 0
    outer loop
      vertex -53.5218 35.1123 3
      vertex -53.4545 34.9141 0
      vertex -53.4545 34.9141 3
    endloop
  endfacet
  facet normal -0.831609 -0.555362 0
    outer loop
      vertex -53.6144 35.3 0
      vertex -53.7306 35.474 3
      vertex -53.7306 35.474 0
    endloop
  endfacet
  facet normal -0.831609 -0.555362 0
    outer loop
      vertex -53.7306 35.474 3
      vertex -53.6144 35.3 0
      vertex -53.6144 35.3 3
    endloop
  endfacet
  facet normal -0.321526 -0.946901 0
    outer loop
      vertex -54.5859 36.0455 0
      vertex -54.3877 35.9782 3
      vertex -54.5859 36.0455 3
    endloop
  endfacet
  facet normal -0.321526 -0.946901 -0
    outer loop
      vertex -54.3877 35.9782 3
      vertex -54.5859 36.0455 0
      vertex -54.3877 35.9782 0
    endloop
  endfacet
  facet normal -0.997854 0.0654722 0
    outer loop
      vertex -53.4137 34.2912 0
      vertex -53.4 34.5 3
      vertex -53.4 34.5 0
    endloop
  endfacet
  facet normal -0.997854 0.0654722 0
    outer loop
      vertex -53.4 34.5 3
      vertex -53.4137 34.2912 0
      vertex -53.4137 34.2912 3
    endloop
  endfacet
  facet normal 0.555362 0.831609 -0
    outer loop
      vertex -55.8 33.1144 0
      vertex -55.974 33.2306 3
      vertex -55.8 33.1144 3
    endloop
  endfacet
  facet normal 0.555362 0.831609 0
    outer loop
      vertex -55.974 33.2306 3
      vertex -55.8 33.1144 0
      vertex -55.974 33.2306 0
    endloop
  endfacet
  facet normal 0.321526 0.946901 -0
    outer loop
      vertex -55.4141 32.9545 0
      vertex -55.6123 33.0218 3
      vertex -55.4141 32.9545 3
    endloop
  endfacet
  facet normal 0.321526 0.946901 0
    outer loop
      vertex -55.6123 33.0218 3
      vertex -55.4141 32.9545 0
      vertex -55.6123 33.0218 0
    endloop
  endfacet
  facet normal -0.896803 -0.442429 0
    outer loop
      vertex -53.5218 35.1123 0
      vertex -53.6144 35.3 3
      vertex -53.6144 35.3 0
    endloop
  endfacet
  facet normal -0.896803 -0.442429 0
    outer loop
      vertex -53.6144 35.3 3
      vertex -53.5218 35.1123 0
      vertex -53.5218 35.1123 3
    endloop
  endfacet
  facet normal 0.321526 -0.946901 0
    outer loop
      vertex -55.6123 35.9782 0
      vertex -55.4141 36.0455 3
      vertex -55.6123 35.9782 3
    endloop
  endfacet
  facet normal 0.321526 -0.946901 0
    outer loop
      vertex -55.4141 36.0455 3
      vertex -55.6123 35.9782 0
      vertex -55.4141 36.0455 0
    endloop
  endfacet
  facet normal -0.751925 -0.659248 0
    outer loop
      vertex -53.7306 35.474 0
      vertex -53.8686 35.6314 3
      vertex -53.8686 35.6314 0
    endloop
  endfacet
  facet normal -0.751925 -0.659248 0
    outer loop
      vertex -53.8686 35.6314 3
      vertex -53.7306 35.474 0
      vertex -53.7306 35.474 3
    endloop
  endfacet
  facet normal -0.946901 0.321526 0
    outer loop
      vertex -53.5218 33.8877 0
      vertex -53.4545 34.0859 3
      vertex -53.4545 34.0859 0
    endloop
  endfacet
  facet normal -0.946901 0.321526 0
    outer loop
      vertex -53.4545 34.0859 3
      vertex -53.5218 33.8877 0
      vertex -53.5218 33.8877 3
    endloop
  endfacet
  facet normal 0.751925 0.659248 0
    outer loop
      vertex -56.1314 33.3686 3
      vertex -56.2694 33.526 0
      vertex -56.2694 33.526 3
    endloop
  endfacet
  facet normal 0.751925 0.659248 0
    outer loop
      vertex -56.2694 33.526 0
      vertex -56.1314 33.3686 3
      vertex -56.1314 33.3686 0
    endloop
  endfacet
  facet normal -0.980819 0.194922 0
    outer loop
      vertex -53.4545 34.0859 0
      vertex -53.4137 34.2912 3
      vertex -53.4137 34.2912 0
    endloop
  endfacet
  facet normal -0.980819 0.194922 0
    outer loop
      vertex -53.4137 34.2912 3
      vertex -53.4545 34.0859 0
      vertex -53.4545 34.0859 3
    endloop
  endfacet
  facet normal 0.659248 -0.751925 0
    outer loop
      vertex -56.1314 35.6314 0
      vertex -55.974 35.7694 3
      vertex -56.1314 35.6314 3
    endloop
  endfacet
  facet normal 0.659248 -0.751925 0
    outer loop
      vertex -55.974 35.7694 3
      vertex -56.1314 35.6314 0
      vertex -55.974 35.7694 0
    endloop
  endfacet
  facet normal 0.946901 0.321526 0
    outer loop
      vertex -56.4782 33.8877 3
      vertex -56.5455 34.0859 0
      vertex -56.5455 34.0859 3
    endloop
  endfacet
  facet normal 0.946901 0.321526 0
    outer loop
      vertex -56.5455 34.0859 0
      vertex -56.4782 33.8877 3
      vertex -56.4782 33.8877 0
    endloop
  endfacet
  facet normal -0.831609 0.555362 0
    outer loop
      vertex -53.7306 33.526 0
      vertex -53.6144 33.7 3
      vertex -53.6144 33.7 0
    endloop
  endfacet
  facet normal -0.831609 0.555362 0
    outer loop
      vertex -53.6144 33.7 3
      vertex -53.7306 33.526 0
      vertex -53.7306 33.526 3
    endloop
  endfacet
  facet normal -0.442429 -0.896803 0
    outer loop
      vertex -54.3877 35.9782 0
      vertex -54.2 35.8856 3
      vertex -54.3877 35.9782 3
    endloop
  endfacet
  facet normal -0.442429 -0.896803 -0
    outer loop
      vertex -54.2 35.8856 3
      vertex -54.3877 35.9782 0
      vertex -54.2 35.8856 0
    endloop
  endfacet
  facet normal 0.442429 -0.896803 0
    outer loop
      vertex -55.8 35.8856 0
      vertex -55.6123 35.9782 3
      vertex -55.8 35.8856 3
    endloop
  endfacet
  facet normal 0.442429 -0.896803 0
    outer loop
      vertex -55.6123 35.9782 3
      vertex -55.8 35.8856 0
      vertex -55.6123 35.9782 0
    endloop
  endfacet
  facet normal -0.442429 0.896803 0
    outer loop
      vertex -54.2 33.1144 0
      vertex -54.3877 33.0218 3
      vertex -54.2 33.1144 3
    endloop
  endfacet
  facet normal -0.442429 0.896803 0
    outer loop
      vertex -54.3877 33.0218 3
      vertex -54.2 33.1144 0
      vertex -54.3877 33.0218 0
    endloop
  endfacet
  facet normal -0.321526 0.946901 0
    outer loop
      vertex -54.3877 33.0218 0
      vertex -54.5859 32.9545 3
      vertex -54.3877 33.0218 3
    endloop
  endfacet
  facet normal -0.321526 0.946901 0
    outer loop
      vertex -54.5859 32.9545 3
      vertex -54.3877 33.0218 0
      vertex -54.5859 32.9545 0
    endloop
  endfacet
  facet normal 0.980819 0.194922 0
    outer loop
      vertex -56.5455 34.0859 3
      vertex -56.5863 34.2912 0
      vertex -56.5863 34.2912 3
    endloop
  endfacet
  facet normal 0.980819 0.194922 0
    outer loop
      vertex -56.5863 34.2912 0
      vertex -56.5455 34.0859 3
      vertex -56.5455 34.0859 0
    endloop
  endfacet
  facet normal 0.555362 -0.831609 0
    outer loop
      vertex -55.974 35.7694 0
      vertex -55.8 35.8856 3
      vertex -55.974 35.7694 3
    endloop
  endfacet
  facet normal 0.555362 -0.831609 0
    outer loop
      vertex -55.8 35.8856 3
      vertex -55.974 35.7694 0
      vertex -55.8 35.8856 0
    endloop
  endfacet
  facet normal -0.555362 0.831609 0
    outer loop
      vertex -54.026 33.2306 0
      vertex -54.2 33.1144 3
      vertex -54.026 33.2306 3
    endloop
  endfacet
  facet normal -0.555362 0.831609 0
    outer loop
      vertex -54.2 33.1144 3
      vertex -54.026 33.2306 0
      vertex -54.2 33.1144 0
    endloop
  endfacet
  facet normal -0.194922 0.980819 0
    outer loop
      vertex -54.5859 32.9545 0
      vertex -54.7912 32.9137 3
      vertex -54.5859 32.9545 3
    endloop
  endfacet
  facet normal -0.194922 0.980819 0
    outer loop
      vertex -54.7912 32.9137 3
      vertex -54.5859 32.9545 0
      vertex -54.7912 32.9137 0
    endloop
  endfacet
  facet normal -0.659248 -0.751925 0
    outer loop
      vertex -54.026 35.7694 0
      vertex -53.8686 35.6314 3
      vertex -54.026 35.7694 3
    endloop
  endfacet
  facet normal -0.659248 -0.751925 -0
    outer loop
      vertex -53.8686 35.6314 3
      vertex -54.026 35.7694 0
      vertex -53.8686 35.6314 0
    endloop
  endfacet
  facet normal 0.946901 -0.321526 0
    outer loop
      vertex -56.5455 34.9141 3
      vertex -56.4782 35.1123 0
      vertex -56.4782 35.1123 3
    endloop
  endfacet
  facet normal 0.946901 -0.321526 0
    outer loop
      vertex -56.4782 35.1123 0
      vertex -56.5455 34.9141 3
      vertex -56.5455 34.9141 0
    endloop
  endfacet
  facet normal -0.0654722 0.997854 0
    outer loop
      vertex -54.7912 32.9137 0
      vertex -55 32.9 3
      vertex -54.7912 32.9137 3
    endloop
  endfacet
  facet normal -0.0654722 0.997854 0
    outer loop
      vertex -55 32.9 3
      vertex -54.7912 32.9137 0
      vertex -55 32.9 0
    endloop
  endfacet
  facet normal 0.194922 -0.980819 0
    outer loop
      vertex -55.4141 36.0455 0
      vertex -55.2088 36.0863 3
      vertex -55.4141 36.0455 3
    endloop
  endfacet
  facet normal 0.194922 -0.980819 0
    outer loop
      vertex -55.2088 36.0863 3
      vertex -55.4141 36.0455 0
      vertex -55.2088 36.0863 0
    endloop
  endfacet
  facet normal 0.659248 0.751925 -0
    outer loop
      vertex -55.974 33.2306 0
      vertex -56.1314 33.3686 3
      vertex -55.974 33.2306 3
    endloop
  endfacet
  facet normal 0.659248 0.751925 0
    outer loop
      vertex -56.1314 33.3686 3
      vertex -55.974 33.2306 0
      vertex -56.1314 33.3686 0
    endloop
  endfacet
  facet normal -0.659248 0.751925 0
    outer loop
      vertex -53.8686 33.3686 0
      vertex -54.026 33.2306 3
      vertex -53.8686 33.3686 3
    endloop
  endfacet
  facet normal -0.659248 0.751925 0
    outer loop
      vertex -54.026 33.2306 3
      vertex -53.8686 33.3686 0
      vertex -54.026 33.2306 0
    endloop
  endfacet
  facet normal 0.896803 -0.442429 0
    outer loop
      vertex -56.4782 35.1123 3
      vertex -56.3856 35.3 0
      vertex -56.3856 35.3 3
    endloop
  endfacet
  facet normal 0.896803 -0.442429 0
    outer loop
      vertex -56.3856 35.3 0
      vertex -56.4782 35.1123 3
      vertex -56.4782 35.1123 0
    endloop
  endfacet
  facet normal -0.896803 0.442429 0
    outer loop
      vertex -53.6144 33.7 0
      vertex -53.5218 33.8877 3
      vertex -53.5218 33.8877 0
    endloop
  endfacet
  facet normal -0.896803 0.442429 0
    outer loop
      vertex -53.5218 33.8877 3
      vertex -53.6144 33.7 0
      vertex -53.6144 33.7 3
    endloop
  endfacet
  facet normal -0.751925 0.659248 0
    outer loop
      vertex -53.8686 33.3686 0
      vertex -53.7306 33.526 3
      vertex -53.7306 33.526 0
    endloop
  endfacet
  facet normal -0.751925 0.659248 0
    outer loop
      vertex -53.7306 33.526 3
      vertex -53.8686 33.3686 0
      vertex -53.8686 33.3686 3
    endloop
  endfacet
  facet normal 0.0654722 0.997854 -0
    outer loop
      vertex -55 32.9 0
      vertex -55.2088 32.9137 3
      vertex -55 32.9 3
    endloop
  endfacet
  facet normal 0.0654722 0.997854 0
    outer loop
      vertex -55.2088 32.9137 3
      vertex -55 32.9 0
      vertex -55.2088 32.9137 0
    endloop
  endfacet
  facet normal -0.0654722 -0.997854 0
    outer loop
      vertex -55 36.1 0
      vertex -54.7912 36.0863 3
      vertex -55 36.1 3
    endloop
  endfacet
  facet normal -0.0654722 -0.997854 -0
    outer loop
      vertex -54.7912 36.0863 3
      vertex -55 36.1 0
      vertex -54.7912 36.0863 0
    endloop
  endfacet
  facet normal -0.555362 -0.831609 0
    outer loop
      vertex -54.2 35.8856 0
      vertex -54.026 35.7694 3
      vertex -54.2 35.8856 3
    endloop
  endfacet
  facet normal -0.555362 -0.831609 -0
    outer loop
      vertex -54.026 35.7694 3
      vertex -54.2 35.8856 0
      vertex -54.026 35.7694 0
    endloop
  endfacet
  facet normal 0.997854 0.0654722 0
    outer loop
      vertex -56.5863 34.2912 3
      vertex -56.6 34.5 0
      vertex -56.6 34.5 3
    endloop
  endfacet
  facet normal 0.997854 0.0654722 0
    outer loop
      vertex -56.6 34.5 0
      vertex -56.5863 34.2912 3
      vertex -56.5863 34.2912 0
    endloop
  endfacet
  facet normal 0.751925 -0.659248 0
    outer loop
      vertex -56.2694 35.474 3
      vertex -56.1314 35.6314 0
      vertex -56.1314 35.6314 3
    endloop
  endfacet
  facet normal 0.751925 -0.659248 0
    outer loop
      vertex -56.1314 35.6314 0
      vertex -56.2694 35.474 3
      vertex -56.2694 35.474 0
    endloop
  endfacet
  facet normal 0.0654722 -0.997854 0
    outer loop
      vertex -55.2088 36.0863 0
      vertex -55 36.1 3
      vertex -55.2088 36.0863 3
    endloop
  endfacet
  facet normal 0.0654722 -0.997854 0
    outer loop
      vertex -55 36.1 3
      vertex -55.2088 36.0863 0
      vertex -55 36.1 0
    endloop
  endfacet
  facet normal 0.194922 0.980819 -0
    outer loop
      vertex -55.2088 32.9137 0
      vertex -55.4141 32.9545 3
      vertex -55.2088 32.9137 3
    endloop
  endfacet
  facet normal 0.194922 0.980819 0
    outer loop
      vertex -55.4141 32.9545 3
      vertex -55.2088 32.9137 0
      vertex -55.4141 32.9545 0
    endloop
  endfacet
  facet normal 0.980819 -0.194922 0
    outer loop
      vertex -56.5863 34.7088 3
      vertex -56.5455 34.9141 0
      vertex -56.5455 34.9141 3
    endloop
  endfacet
  facet normal 0.980819 -0.194922 0
    outer loop
      vertex -56.5455 34.9141 0
      vertex -56.5863 34.7088 3
      vertex -56.5863 34.7088 0
    endloop
  endfacet
  facet normal 0.997854 -0.0654722 0
    outer loop
      vertex -56.6 34.5 3
      vertex -56.5863 34.7088 0
      vertex -56.5863 34.7088 3
    endloop
  endfacet
  facet normal 0.997854 -0.0654722 0
    outer loop
      vertex -56.5863 34.7088 0
      vertex -56.6 34.5 3
      vertex -56.6 34.5 0
    endloop
  endfacet
  facet normal 0.442429 0.896803 -0
    outer loop
      vertex -55.6123 33.0218 0
      vertex -55.8 33.1144 3
      vertex -55.6123 33.0218 3
    endloop
  endfacet
  facet normal 0.442429 0.896803 0
    outer loop
      vertex -55.8 33.1144 3
      vertex -55.6123 33.0218 0
      vertex -55.8 33.1144 0
    endloop
  endfacet
  facet normal 0.831609 -0.555362 0
    outer loop
      vertex -56.3856 35.3 3
      vertex -56.2694 35.474 0
      vertex -56.2694 35.474 3
    endloop
  endfacet
  facet normal 0.831609 -0.555362 0
    outer loop
      vertex -56.2694 35.474 0
      vertex -56.3856 35.3 3
      vertex -56.3856 35.3 0
    endloop
  endfacet
  facet normal 0.831609 0.555362 0
    outer loop
      vertex -56.2694 33.526 3
      vertex -56.3856 33.7 0
      vertex -56.3856 33.7 3
    endloop
  endfacet
  facet normal 0.831609 0.555362 0
    outer loop
      vertex -56.3856 33.7 0
      vertex -56.2694 33.526 3
      vertex -56.2694 33.526 0
    endloop
  endfacet
  facet normal 0.896803 0.442429 0
    outer loop
      vertex -56.3856 33.7 3
      vertex -56.4782 33.8877 0
      vertex -56.4782 33.8877 3
    endloop
  endfacet
  facet normal 0.896803 0.442429 0
    outer loop
      vertex -56.4782 33.8877 0
      vertex -56.3856 33.7 3
      vertex -56.3856 33.7 0
    endloop
  endfacet
  facet normal 0.980783 -0.195101 0
    outer loop
      vertex 57.6563 33.7882 3
      vertex 57.7265 34.1411 0
      vertex 57.7265 34.1411 3
    endloop
  endfacet
  facet normal 0.980783 -0.195101 0
    outer loop
      vertex 57.7265 34.1411 0
      vertex 57.6563 33.7882 3
      vertex 57.6563 33.7882 0
    endloop
  endfacet
  facet normal 0.980783 0.195101 0
    outer loop
      vertex 57.7265 34.8589 3
      vertex 57.6563 35.2118 0
      vertex 57.6563 35.2118 3
    endloop
  endfacet
  facet normal 0.980783 0.195101 0
    outer loop
      vertex 57.6563 35.2118 0
      vertex 57.7265 34.8589 3
      vertex 57.7265 34.8589 0
    endloop
  endfacet
  facet normal 0.997863 0.0653379 0
    outer loop
      vertex 57.75 34.5 3
      vertex 57.7265 34.8589 0
      vertex 57.7265 34.8589 3
    endloop
  endfacet
  facet normal 0.997863 0.0653379 0
    outer loop
      vertex 57.7265 34.8589 0
      vertex 57.75 34.5 3
      vertex 57.75 34.5 0
    endloop
  endfacet
  facet normal 0.946945 0.321394 0
    outer loop
      vertex 57.6563 35.2118 3
      vertex 57.5407 35.5524 0
      vertex 57.5407 35.5524 3
    endloop
  endfacet
  facet normal 0.946945 0.321394 0
    outer loop
      vertex 57.5407 35.5524 0
      vertex 57.6563 35.2118 3
      vertex 57.6563 35.2118 0
    endloop
  endfacet
  facet normal -0.997863 0.0653379 0
    outer loop
      vertex 52.25 34.5 0
      vertex 52.2735 34.8589 3
      vertex 52.2735 34.8589 0
    endloop
  endfacet
  facet normal -0.997863 0.0653379 0
    outer loop
      vertex 52.2735 34.8589 3
      vertex 52.25 34.5 0
      vertex 52.25 34.5 3
    endloop
  endfacet
  facet normal 0.442314 -0.89686 0
    outer loop
      vertex 56.0524 31.9593 0
      vertex 56.375 32.1184 3
      vertex 56.0524 31.9593 3
    endloop
  endfacet
  facet normal 0.442314 -0.89686 0
    outer loop
      vertex 56.375 32.1184 3
      vertex 56.0524 31.9593 0
      vertex 56.375 32.1184 0
    endloop
  endfacet
  facet normal 0.195101 0.980783 -0
    outer loop
      vertex 55.7118 37.1563 0
      vertex 55.3589 37.2265 3
      vertex 55.7118 37.1563 3
    endloop
  endfacet
  facet normal 0.195101 0.980783 0
    outer loop
      vertex 55.3589 37.2265 3
      vertex 55.7118 37.1563 0
      vertex 55.3589 37.2265 0
    endloop
  endfacet
  facet normal 0.195101 -0.980783 0
    outer loop
      vertex 55.3589 31.7735 0
      vertex 55.7118 31.8437 3
      vertex 55.3589 31.7735 3
    endloop
  endfacet
  facet normal 0.195101 -0.980783 0
    outer loop
      vertex 55.7118 31.8437 3
      vertex 55.3589 31.7735 0
      vertex 55.7118 31.8437 0
    endloop
  endfacet
  facet normal 0.0653379 -0.997863 0
    outer loop
      vertex 55 31.75 0
      vertex 55.3589 31.7735 3
      vertex 55 31.75 3
    endloop
  endfacet
  facet normal 0.0653379 -0.997863 0
    outer loop
      vertex 55.3589 31.7735 3
      vertex 55 31.75 0
      vertex 55.3589 31.7735 0
    endloop
  endfacet
  facet normal -0.659449 0.751749 0
    outer loop
      vertex 53.3259 36.6817 0
      vertex 53.0555 36.4445 3
      vertex 53.3259 36.6817 3
    endloop
  endfacet
  facet normal -0.659449 0.751749 0
    outer loop
      vertex 53.0555 36.4445 3
      vertex 53.3259 36.6817 0
      vertex 53.0555 36.4445 0
    endloop
  endfacet
  facet normal -0.831408 0.555662 0
    outer loop
      vertex 52.6184 35.875 0
      vertex 52.8183 36.1741 3
      vertex 52.8183 36.1741 0
    endloop
  endfacet
  facet normal -0.831408 0.555662 0
    outer loop
      vertex 52.8183 36.1741 3
      vertex 52.6184 35.875 0
      vertex 52.6184 35.875 3
    endloop
  endfacet
  facet normal 0.321394 0.946945 -0
    outer loop
      vertex 56.0524 37.0407 0
      vertex 55.7118 37.1563 3
      vertex 56.0524 37.0407 3
    endloop
  endfacet
  facet normal 0.321394 0.946945 0
    outer loop
      vertex 55.7118 37.1563 3
      vertex 56.0524 37.0407 0
      vertex 55.7118 37.1563 0
    endloop
  endfacet
  facet normal 0.659449 -0.751749 0
    outer loop
      vertex 56.6741 32.3183 0
      vertex 56.9445 32.5555 3
      vertex 56.6741 32.3183 3
    endloop
  endfacet
  facet normal 0.659449 -0.751749 0
    outer loop
      vertex 56.9445 32.5555 3
      vertex 56.6741 32.3183 0
      vertex 56.9445 32.5555 0
    endloop
  endfacet
  facet normal -0.442314 0.89686 0
    outer loop
      vertex 53.9476 37.0407 0
      vertex 53.625 36.8816 3
      vertex 53.9476 37.0407 3
    endloop
  endfacet
  facet normal -0.442314 0.89686 0
    outer loop
      vertex 53.625 36.8816 3
      vertex 53.9476 37.0407 0
      vertex 53.625 36.8816 0
    endloop
  endfacet
  facet normal -0.0653379 -0.997863 0
    outer loop
      vertex 54.6411 31.7735 0
      vertex 55 31.75 3
      vertex 54.6411 31.7735 3
    endloop
  endfacet
  facet normal -0.0653379 -0.997863 -0
    outer loop
      vertex 55 31.75 3
      vertex 54.6411 31.7735 0
      vertex 55 31.75 0
    endloop
  endfacet
  facet normal 0.751749 -0.659449 0
    outer loop
      vertex 56.9445 32.5555 3
      vertex 57.1817 32.8259 0
      vertex 57.1817 32.8259 3
    endloop
  endfacet
  facet normal 0.751749 -0.659449 0
    outer loop
      vertex 57.1817 32.8259 0
      vertex 56.9445 32.5555 3
      vertex 56.9445 32.5555 0
    endloop
  endfacet
  facet normal -0.946945 -0.321394 0
    outer loop
      vertex 52.4593 33.4476 0
      vertex 52.3437 33.7882 3
      vertex 52.3437 33.7882 0
    endloop
  endfacet
  facet normal -0.946945 -0.321394 0
    outer loop
      vertex 52.3437 33.7882 3
      vertex 52.4593 33.4476 0
      vertex 52.4593 33.4476 3
    endloop
  endfacet
  facet normal 0.321394 -0.946945 0
    outer loop
      vertex 55.7118 31.8437 0
      vertex 56.0524 31.9593 3
      vertex 55.7118 31.8437 3
    endloop
  endfacet
  facet normal 0.321394 -0.946945 0
    outer loop
      vertex 56.0524 31.9593 3
      vertex 55.7118 31.8437 0
      vertex 56.0524 31.9593 0
    endloop
  endfacet
  facet normal -0.321394 0.946945 0
    outer loop
      vertex 54.2882 37.1563 0
      vertex 53.9476 37.0407 3
      vertex 54.2882 37.1563 3
    endloop
  endfacet
  facet normal -0.321394 0.946945 0
    outer loop
      vertex 53.9476 37.0407 3
      vertex 54.2882 37.1563 0
      vertex 53.9476 37.0407 0
    endloop
  endfacet
  facet normal -0.555662 0.831408 0
    outer loop
      vertex 53.625 36.8816 0
      vertex 53.3259 36.6817 3
      vertex 53.625 36.8816 3
    endloop
  endfacet
  facet normal -0.555662 0.831408 0
    outer loop
      vertex 53.3259 36.6817 3
      vertex 53.625 36.8816 0
      vertex 53.3259 36.6817 0
    endloop
  endfacet
  facet normal -0.946945 0.321394 0
    outer loop
      vertex 52.3437 35.2118 0
      vertex 52.4593 35.5524 3
      vertex 52.4593 35.5524 0
    endloop
  endfacet
  facet normal -0.946945 0.321394 0
    outer loop
      vertex 52.4593 35.5524 3
      vertex 52.3437 35.2118 0
      vertex 52.3437 35.2118 3
    endloop
  endfacet
  facet normal 0.89686 0.442314 0
    outer loop
      vertex 57.5407 35.5524 3
      vertex 57.3816 35.875 0
      vertex 57.3816 35.875 3
    endloop
  endfacet
  facet normal 0.89686 0.442314 0
    outer loop
      vertex 57.3816 35.875 0
      vertex 57.5407 35.5524 3
      vertex 57.5407 35.5524 0
    endloop
  endfacet
  facet normal -0.195101 0.980783 0
    outer loop
      vertex 54.6411 37.2265 0
      vertex 54.2882 37.1563 3
      vertex 54.6411 37.2265 3
    endloop
  endfacet
  facet normal -0.195101 0.980783 0
    outer loop
      vertex 54.2882 37.1563 3
      vertex 54.6411 37.2265 0
      vertex 54.2882 37.1563 0
    endloop
  endfacet
  facet normal 0.659449 0.751749 -0
    outer loop
      vertex 56.9445 36.4445 0
      vertex 56.6741 36.6817 3
      vertex 56.9445 36.4445 3
    endloop
  endfacet
  facet normal 0.659449 0.751749 0
    outer loop
      vertex 56.6741 36.6817 3
      vertex 56.9445 36.4445 0
      vertex 56.6741 36.6817 0
    endloop
  endfacet
  facet normal 0.997863 -0.0653379 0
    outer loop
      vertex 57.7265 34.1411 3
      vertex 57.75 34.5 0
      vertex 57.75 34.5 3
    endloop
  endfacet
  facet normal 0.997863 -0.0653379 0
    outer loop
      vertex 57.75 34.5 0
      vertex 57.7265 34.1411 3
      vertex 57.7265 34.1411 0
    endloop
  endfacet
  facet normal 0.442314 0.89686 -0
    outer loop
      vertex 56.375 36.8816 0
      vertex 56.0524 37.0407 3
      vertex 56.375 36.8816 3
    endloop
  endfacet
  facet normal 0.442314 0.89686 0
    outer loop
      vertex 56.0524 37.0407 3
      vertex 56.375 36.8816 0
      vertex 56.0524 37.0407 0
    endloop
  endfacet
  facet normal -0.321394 -0.946945 0
    outer loop
      vertex 53.9476 31.9593 0
      vertex 54.2882 31.8437 3
      vertex 53.9476 31.9593 3
    endloop
  endfacet
  facet normal -0.321394 -0.946945 -0
    outer loop
      vertex 54.2882 31.8437 3
      vertex 53.9476 31.9593 0
      vertex 54.2882 31.8437 0
    endloop
  endfacet
  facet normal -0.980783 0.195101 0
    outer loop
      vertex 52.2735 34.8589 0
      vertex 52.3437 35.2118 3
      vertex 52.3437 35.2118 0
    endloop
  endfacet
  facet normal -0.980783 0.195101 0
    outer loop
      vertex 52.3437 35.2118 3
      vertex 52.2735 34.8589 0
      vertex 52.2735 34.8589 3
    endloop
  endfacet
  facet normal -0.0653379 0.997863 0
    outer loop
      vertex 55 37.25 0
      vertex 54.6411 37.2265 3
      vertex 55 37.25 3
    endloop
  endfacet
  facet normal -0.0653379 0.997863 0
    outer loop
      vertex 54.6411 37.2265 3
      vertex 55 37.25 0
      vertex 54.6411 37.2265 0
    endloop
  endfacet
  facet normal -0.195101 -0.980783 0
    outer loop
      vertex 54.2882 31.8437 0
      vertex 54.6411 31.7735 3
      vertex 54.2882 31.8437 3
    endloop
  endfacet
  facet normal -0.195101 -0.980783 -0
    outer loop
      vertex 54.6411 31.7735 3
      vertex 54.2882 31.8437 0
      vertex 54.6411 31.7735 0
    endloop
  endfacet
  facet normal 0.946945 -0.321394 0
    outer loop
      vertex 57.5407 33.4476 3
      vertex 57.6563 33.7882 0
      vertex 57.6563 33.7882 3
    endloop
  endfacet
  facet normal 0.946945 -0.321394 0
    outer loop
      vertex 57.6563 33.7882 0
      vertex 57.5407 33.4476 3
      vertex 57.5407 33.4476 0
    endloop
  endfacet
  facet normal 0.831408 0.555662 0
    outer loop
      vertex 57.3816 35.875 3
      vertex 57.1817 36.1741 0
      vertex 57.1817 36.1741 3
    endloop
  endfacet
  facet normal 0.831408 0.555662 0
    outer loop
      vertex 57.1817 36.1741 0
      vertex 57.3816 35.875 3
      vertex 57.3816 35.875 0
    endloop
  endfacet
  facet normal 0.751749 0.659449 0
    outer loop
      vertex 57.1817 36.1741 3
      vertex 56.9445 36.4445 0
      vertex 56.9445 36.4445 3
    endloop
  endfacet
  facet normal 0.751749 0.659449 0
    outer loop
      vertex 56.9445 36.4445 0
      vertex 57.1817 36.1741 3
      vertex 57.1817 36.1741 0
    endloop
  endfacet
  facet normal -0.89686 -0.442314 0
    outer loop
      vertex 52.6184 33.125 0
      vertex 52.4593 33.4476 3
      vertex 52.4593 33.4476 0
    endloop
  endfacet
  facet normal -0.89686 -0.442314 0
    outer loop
      vertex 52.4593 33.4476 3
      vertex 52.6184 33.125 0
      vertex 52.6184 33.125 3
    endloop
  endfacet
  facet normal 0.89686 -0.442314 0
    outer loop
      vertex 57.3816 33.125 3
      vertex 57.5407 33.4476 0
      vertex 57.5407 33.4476 3
    endloop
  endfacet
  facet normal 0.89686 -0.442314 0
    outer loop
      vertex 57.5407 33.4476 0
      vertex 57.3816 33.125 3
      vertex 57.3816 33.125 0
    endloop
  endfacet
  facet normal -0.751749 -0.659449 0
    outer loop
      vertex 53.0555 32.5555 0
      vertex 52.8183 32.8259 3
      vertex 52.8183 32.8259 0
    endloop
  endfacet
  facet normal -0.751749 -0.659449 0
    outer loop
      vertex 52.8183 32.8259 3
      vertex 53.0555 32.5555 0
      vertex 53.0555 32.5555 3
    endloop
  endfacet
  facet normal 0.831408 -0.555662 0
    outer loop
      vertex 57.1817 32.8259 3
      vertex 57.3816 33.125 0
      vertex 57.3816 33.125 3
    endloop
  endfacet
  facet normal 0.831408 -0.555662 0
    outer loop
      vertex 57.3816 33.125 0
      vertex 57.1817 32.8259 3
      vertex 57.1817 32.8259 0
    endloop
  endfacet
  facet normal 0 0 -1
    outer loop
      vertex 56.6 34.5 0
      vertex 57.75 34.5 0
      vertex 57.7265 34.1411 0
    endloop
  endfacet
  facet normal 0 0 -1
    outer loop
      vertex 56.5863 34.2912 0
      vertex 57.7265 34.1411 0
      vertex 57.6563 33.7882 0
    endloop
  endfacet
  facet normal 0 0 -1
    outer loop
      vertex 57.75 34.5 0
      vertex 56.6 34.5 0
      vertex 57.7265 34.8589 0
    endloop
  endfacet
  facet normal 0 0 -1
    outer loop
      vertex 56.5455 34.0859 0
      vertex 57.6563 33.7882 0
      vertex 57.5407 33.4476 0
    endloop
  endfacet
  facet normal 0 0 -1
    outer loop
      vertex 56.5863 34.7088 0
      vertex 57.7265 34.8589 0
      vertex 56.6 34.5 0
    endloop
  endfacet
  facet normal 0 0 -1
    outer loop
      vertex 56.4782 33.8877 0
      vertex 57.5407 33.4476 0
      vertex 57.3816 33.125 0
    endloop
  endfacet
  facet normal -0 0 -1
    outer loop
      vertex 57.7265 34.8589 0
      vertex 56.5863 34.7088 0
      vertex 57.6563 35.2118 0
    endloop
  endfacet
  facet normal 0 0 -1
    outer loop
      vertex 56.3856 33.7 0
      vertex 57.3816 33.125 0
      vertex 57.1817 32.8259 0
    endloop
  endfacet
  facet normal 0 0 -1
    outer loop
      vertex 56.5455 34.9141 0
      vertex 57.6563 35.2118 0
      vertex 56.5863 34.7088 0
    endloop
  endfacet
  facet normal 0 0 -1
    outer loop
      vertex 56.2694 33.526 0
      vertex 57.1817 32.8259 0
      vertex 56.9445 32.5555 0
    endloop
  endfacet
  facet normal -0 0 -1
    outer loop
      vertex 57.6563 35.2118 0
      vertex 56.5455 34.9141 0
      vertex 57.5407 35.5524 0
    endloop
  endfacet
  facet normal 0 0 -1
    outer loop
      vertex 56.1314 33.3686 0
      vertex 56.9445 32.5555 0
      vertex 56.6741 32.3183 0
    endloop
  endfacet
  facet normal 0 0 -1
    outer loop
      vertex 56.4782 35.1123 0
      vertex 57.5407 35.5524 0
      vertex 56.5455 34.9141 0
    endloop
  endfacet
  facet normal -0 0 -1
    outer loop
      vertex 57.5407 35.5524 0
      vertex 56.4782 35.1123 0
      vertex 57.3816 35.875 0
    endloop
  endfacet
  facet normal 0 0 -1
    outer loop
      vertex 57.7265 34.1411 0
      vertex 56.5863 34.2912 0
      vertex 56.6 34.5 0
    endloop
  endfacet
  facet normal 0 0 -1
    outer loop
      vertex 57.6563 33.7882 0
      vertex 56.5455 34.0859 0
      vertex 56.5863 34.2912 0
    endloop
  endfacet
  facet normal 0 0 -1
    outer loop
      vertex 57.5407 33.4476 0
      vertex 56.4782 33.8877 0
      vertex 56.5455 34.0859 0
    endloop
  endfacet
  facet normal 0 0 -1
    outer loop
      vertex 57.3816 33.125 0
      vertex 56.3856 33.7 0
      vertex 56.4782 33.8877 0
    endloop
  endfacet
  facet normal 0 0 -1
    outer loop
      vertex 55.974 33.2306 0
      vertex 56.6741 32.3183 0
      vertex 56.375 32.1184 0
    endloop
  endfacet
  facet normal 0 0 -1
    outer loop
      vertex 57.1817 32.8259 0
      vertex 56.2694 33.526 0
      vertex 56.3856 33.7 0
    endloop
  endfacet
  facet normal 0 0 -1
    outer loop
      vertex 56.9445 32.5555 0
      vertex 56.1314 33.3686 0
      vertex 56.2694 33.526 0
    endloop
  endfacet
  facet normal 0 0 -1
    outer loop
      vertex 55.8 33.1144 0
      vertex 56.375 32.1184 0
      vertex 56.0524 31.9593 0
    endloop
  endfacet
  facet normal 0 0 -1
    outer loop
      vertex 56.6741 32.3183 0
      vertex 55.974 33.2306 0
      vertex 56.1314 33.3686 0
    endloop
  endfacet
  facet normal 0 0 -1
    outer loop
      vertex 56.375 32.1184 0
      vertex 55.8 33.1144 0
      vertex 55.974 33.2306 0
    endloop
  endfacet
  facet normal 0 0 -1
    outer loop
      vertex 55.6123 33.0218 0
      vertex 56.0524 31.9593 0
      vertex 55.7118 31.8437 0
    endloop
  endfacet
  facet normal 0 0 -1
    outer loop
      vertex 56.0524 31.9593 0
      vertex 55.6123 33.0218 0
      vertex 55.8 33.1144 0
    endloop
  endfacet
  facet normal 0 0 -1
    outer loop
      vertex 55.7118 31.8437 0
      vertex 55.4141 32.9545 0
      vertex 55.6123 33.0218 0
    endloop
  endfacet
  facet normal 0 0 -1
    outer loop
      vertex 55.3589 31.7735 0
      vertex 55.4141 32.9545 0
      vertex 55.7118 31.8437 0
    endloop
  endfacet
  facet normal 0 0 -1
    outer loop
      vertex 55.3589 31.7735 0
      vertex 55.2088 32.9137 0
      vertex 55.4141 32.9545 0
    endloop
  endfacet
  facet normal 0 0 -1
    outer loop
      vertex 55 31.75 0
      vertex 55.2088 32.9137 0
      vertex 55.3589 31.7735 0
    endloop
  endfacet
  facet normal 0 0 -1
    outer loop
      vertex 55 31.75 0
      vertex 55 32.9 0
      vertex 55.2088 32.9137 0
    endloop
  endfacet
  facet normal 0 0 -1
    outer loop
      vertex 55 31.75 0
      vertex 54.7912 32.9137 0
      vertex 55 32.9 0
    endloop
  endfacet
  facet normal 0 0 -1
    outer loop
      vertex 54.6411 31.7735 0
      vertex 54.7912 32.9137 0
      vertex 55 31.75 0
    endloop
  endfacet
  facet normal 0 0 -1
    outer loop
      vertex 54.6411 31.7735 0
      vertex 54.5859 32.9545 0
      vertex 54.7912 32.9137 0
    endloop
  endfacet
  facet normal 0 0 -1
    outer loop
      vertex 54.2882 31.8437 0
      vertex 54.5859 32.9545 0
      vertex 54.6411 31.7735 0
    endloop
  endfacet
  facet normal -0 0 -1
    outer loop
      vertex 54.5859 32.9545 0
      vertex 54.2882 31.8437 0
      vertex 54.3877 33.0218 0
    endloop
  endfacet
  facet normal 0 0 -1
    outer loop
      vertex 53.9476 31.9593 0
      vertex 54.3877 33.0218 0
      vertex 54.2882 31.8437 0
    endloop
  endfacet
  facet normal -0 0 -1
    outer loop
      vertex 54.3877 33.0218 0
      vertex 53.9476 31.9593 0
      vertex 54.2 33.1144 0
    endloop
  endfacet
  facet normal 0 0 -1
    outer loop
      vertex 53.625 32.1184 0
      vertex 54.2 33.1144 0
      vertex 53.9476 31.9593 0
    endloop
  endfacet
  facet normal -0 0 -1
    outer loop
      vertex 54.2 33.1144 0
      vertex 53.625 32.1184 0
      vertex 54.026 33.2306 0
    endloop
  endfacet
  facet normal 0 0 -1
    outer loop
      vertex 53.3259 32.3183 0
      vertex 54.026 33.2306 0
      vertex 53.625 32.1184 0
    endloop
  endfacet
  facet normal -0 0 -1
    outer loop
      vertex 54.026 33.2306 0
      vertex 53.3259 32.3183 0
      vertex 53.8686 33.3686 0
    endloop
  endfacet
  facet normal 0 0 -1
    outer loop
      vertex 53.0555 32.5555 0
      vertex 53.8686 33.3686 0
      vertex 53.3259 32.3183 0
    endloop
  endfacet
  facet normal -0 0 -1
    outer loop
      vertex 53.8686 33.3686 0
      vertex 53.0555 32.5555 0
      vertex 53.7306 33.526 0
    endloop
  endfacet
  facet normal 0 0 -1
    outer loop
      vertex 52.8183 32.8259 0
      vertex 53.7306 33.526 0
      vertex 53.0555 32.5555 0
    endloop
  endfacet
  facet normal -0 0 -1
    outer loop
      vertex 53.7306 33.526 0
      vertex 52.8183 32.8259 0
      vertex 53.6144 33.7 0
    endloop
  endfacet
  facet normal -0 0 -1
    outer loop
      vertex 53.6144 33.7 0
      vertex 52.6184 33.125 0
      vertex 53.5218 33.8877 0
    endloop
  endfacet
  facet normal 0 0 -1
    outer loop
      vertex 52.6184 33.125 0
      vertex 53.6144 33.7 0
      vertex 52.8183 32.8259 0
    endloop
  endfacet
  facet normal 0 0 -1
    outer loop
      vertex 56.3856 35.3 0
      vertex 57.3816 35.875 0
      vertex 56.4782 35.1123 0
    endloop
  endfacet
  facet normal -0 0 -1
    outer loop
      vertex 57.3816 35.875 0
      vertex 56.3856 35.3 0
      vertex 57.1817 36.1741 0
    endloop
  endfacet
  facet normal 0 0 -1
    outer loop
      vertex 56.2694 35.474 0
      vertex 57.1817 36.1741 0
      vertex 56.3856 35.3 0
    endloop
  endfacet
  facet normal -0 0 -1
    outer loop
      vertex 57.1817 36.1741 0
      vertex 56.2694 35.474 0
      vertex 56.9445 36.4445 0
    endloop
  endfacet
  facet normal 0 0 -1
    outer loop
      vertex 56.1314 35.6314 0
      vertex 56.9445 36.4445 0
      vertex 56.2694 35.474 0
    endloop
  endfacet
  facet normal -0 0 -1
    outer loop
      vertex 56.9445 36.4445 0
      vertex 56.1314 35.6314 0
      vertex 56.6741 36.6817 0
    endloop
  endfacet
  facet normal 0 0 -1
    outer loop
      vertex 55.974 35.7694 0
      vertex 56.6741 36.6817 0
      vertex 56.1314 35.6314 0
    endloop
  endfacet
  facet normal -0 0 -1
    outer loop
      vertex 56.6741 36.6817 0
      vertex 55.974 35.7694 0
      vertex 56.375 36.8816 0
    endloop
  endfacet
  facet normal 0 0 -1
    outer loop
      vertex 55.8 35.8856 0
      vertex 56.375 36.8816 0
      vertex 55.974 35.7694 0
    endloop
  endfacet
  facet normal -0 0 -1
    outer loop
      vertex 56.375 36.8816 0
      vertex 55.8 35.8856 0
      vertex 56.0524 37.0407 0
    endloop
  endfacet
  facet normal 0 0 -1
    outer loop
      vertex 55.6123 35.9782 0
      vertex 56.0524 37.0407 0
      vertex 55.8 35.8856 0
    endloop
  endfacet
  facet normal -0 0 -1
    outer loop
      vertex 56.0524 37.0407 0
      vertex 55.6123 35.9782 0
      vertex 55.7118 37.1563 0
    endloop
  endfacet
  facet normal 0 0 -1
    outer loop
      vertex 55.4141 36.0455 0
      vertex 55.7118 37.1563 0
      vertex 55.6123 35.9782 0
    endloop
  endfacet
  facet normal 0 0 -1
    outer loop
      vertex 55.4141 36.0455 0
      vertex 55.3589 37.2265 0
      vertex 55.7118 37.1563 0
    endloop
  endfacet
  facet normal 0 0 -1
    outer loop
      vertex 55.2088 36.0863 0
      vertex 55.3589 37.2265 0
      vertex 55.4141 36.0455 0
    endloop
  endfacet
  facet normal 0 0 -1
    outer loop
      vertex 55 36.1 0
      vertex 55.3589 37.2265 0
      vertex 55.2088 36.0863 0
    endloop
  endfacet
  facet normal 0 0 -1
    outer loop
      vertex 55 36.1 0
      vertex 55 37.25 0
      vertex 55.3589 37.2265 0
    endloop
  endfacet
  facet normal 0 0 -1
    outer loop
      vertex 54.7912 36.0863 0
      vertex 55 37.25 0
      vertex 55 36.1 0
    endloop
  endfacet
  facet normal 0 0 -1
    outer loop
      vertex 54.7912 36.0863 0
      vertex 54.6411 37.2265 0
      vertex 55 37.25 0
    endloop
  endfacet
  facet normal 0 0 -1
    outer loop
      vertex 54.5859 36.0455 0
      vertex 54.6411 37.2265 0
      vertex 54.7912 36.0863 0
    endloop
  endfacet
  facet normal 0 0 -1
    outer loop
      vertex 54.2882 37.1563 0
      vertex 54.5859 36.0455 0
      vertex 54.3877 35.9782 0
    endloop
  endfacet
  facet normal 0 0 -1
    outer loop
      vertex 54.5859 36.0455 0
      vertex 54.2882 37.1563 0
      vertex 54.6411 37.2265 0
    endloop
  endfacet
  facet normal 0 0 -1
    outer loop
      vertex 53.9476 37.0407 0
      vertex 54.3877 35.9782 0
      vertex 54.2 35.8856 0
    endloop
  endfacet
  facet normal 0 0 -1
    outer loop
      vertex 53.625 36.8816 0
      vertex 54.2 35.8856 0
      vertex 54.026 35.7694 0
    endloop
  endfacet
  facet normal 0 0 -1
    outer loop
      vertex 54.3877 35.9782 0
      vertex 53.9476 37.0407 0
      vertex 54.2882 37.1563 0
    endloop
  endfacet
  facet normal 0 0 -1
    outer loop
      vertex 53.3259 36.6817 0
      vertex 54.026 35.7694 0
      vertex 53.8686 35.6314 0
    endloop
  endfacet
  facet normal 0 0 -1
    outer loop
      vertex 53.0555 36.4445 0
      vertex 53.8686 35.6314 0
      vertex 53.7306 35.474 0
    endloop
  endfacet
  facet normal 0 0 -1
    outer loop
      vertex 54.2 35.8856 0
      vertex 53.625 36.8816 0
      vertex 53.9476 37.0407 0
    endloop
  endfacet
  facet normal 0 0 -1
    outer loop
      vertex 52.8183 36.1741 0
      vertex 53.7306 35.474 0
      vertex 53.6144 35.3 0
    endloop
  endfacet
  facet normal 0 0 -1
    outer loop
      vertex 52.6184 35.875 0
      vertex 53.6144 35.3 0
      vertex 53.5218 35.1123 0
    endloop
  endfacet
  facet normal 0 0 -1
    outer loop
      vertex 52.4593 35.5524 0
      vertex 53.5218 35.1123 0
      vertex 53.4545 34.9141 0
    endloop
  endfacet
  facet normal 0 0 -1
    outer loop
      vertex 52.3437 35.2118 0
      vertex 53.4545 34.9141 0
      vertex 53.4137 34.7088 0
    endloop
  endfacet
  facet normal 0 0 -1
    outer loop
      vertex 54.026 35.7694 0
      vertex 53.3259 36.6817 0
      vertex 53.625 36.8816 0
    endloop
  endfacet
  facet normal 0 0 -1
    outer loop
      vertex 52.2735 34.8589 0
      vertex 53.4137 34.7088 0
      vertex 53.4 34.5 0
    endloop
  endfacet
  facet normal 0 0 -1
    outer loop
      vertex 52.4593 33.4476 0
      vertex 53.5218 33.8877 0
      vertex 52.6184 33.125 0
    endloop
  endfacet
  facet normal -0 0 -1
    outer loop
      vertex 53.5218 33.8877 0
      vertex 52.4593 33.4476 0
      vertex 53.4545 34.0859 0
    endloop
  endfacet
  facet normal 0 0 -1
    outer loop
      vertex 53.8686 35.6314 0
      vertex 53.0555 36.4445 0
      vertex 53.3259 36.6817 0
    endloop
  endfacet
  facet normal 0 0 -1
    outer loop
      vertex 52.3437 33.7882 0
      vertex 53.4545 34.0859 0
      vertex 52.4593 33.4476 0
    endloop
  endfacet
  facet normal 0 0 -1
    outer loop
      vertex 53.7306 35.474 0
      vertex 52.8183 36.1741 0
      vertex 53.0555 36.4445 0
    endloop
  endfacet
  facet normal -0 0 -1
    outer loop
      vertex 53.4545 34.0859 0
      vertex 52.3437 33.7882 0
      vertex 53.4137 34.2912 0
    endloop
  endfacet
  facet normal 0 0 -1
    outer loop
      vertex 53.6144 35.3 0
      vertex 52.6184 35.875 0
      vertex 52.8183 36.1741 0
    endloop
  endfacet
  facet normal 0 0 -1
    outer loop
      vertex 52.2735 34.1411 0
      vertex 53.4137 34.2912 0
      vertex 52.3437 33.7882 0
    endloop
  endfacet
  facet normal 0 0 -1
    outer loop
      vertex 53.5218 35.1123 0
      vertex 52.4593 35.5524 0
      vertex 52.6184 35.875 0
    endloop
  endfacet
  facet normal -0 0 -1
    outer loop
      vertex 53.4137 34.2912 0
      vertex 52.2735 34.1411 0
      vertex 53.4 34.5 0
    endloop
  endfacet
  facet normal 0 0 -1
    outer loop
      vertex 53.4545 34.9141 0
      vertex 52.3437 35.2118 0
      vertex 52.4593 35.5524 0
    endloop
  endfacet
  facet normal 0 0 -1
    outer loop
      vertex 52.25 34.5 0
      vertex 53.4 34.5 0
      vertex 52.2735 34.1411 0
    endloop
  endfacet
  facet normal 0 0 -1
    outer loop
      vertex 53.4137 34.7088 0
      vertex 52.2735 34.8589 0
      vertex 52.3437 35.2118 0
    endloop
  endfacet
  facet normal 0 0 -1
    outer loop
      vertex 53.4 34.5 0
      vertex 52.25 34.5 0
      vertex 52.2735 34.8589 0
    endloop
  endfacet
  facet normal -0.751749 0.659449 0
    outer loop
      vertex 52.8183 36.1741 0
      vertex 53.0555 36.4445 3
      vertex 53.0555 36.4445 0
    endloop
  endfacet
  facet normal -0.751749 0.659449 0
    outer loop
      vertex 53.0555 36.4445 3
      vertex 52.8183 36.1741 0
      vertex 52.8183 36.1741 3
    endloop
  endfacet
  facet normal 0.0653379 0.997863 -0
    outer loop
      vertex 55.3589 37.2265 0
      vertex 55 37.25 3
      vertex 55.3589 37.2265 3
    endloop
  endfacet
  facet normal 0.0653379 0.997863 0
    outer loop
      vertex 55 37.25 3
      vertex 55.3589 37.2265 0
      vertex 55 37.25 0
    endloop
  endfacet
  facet normal 0.555662 0.831408 -0
    outer loop
      vertex 56.6741 36.6817 0
      vertex 56.375 36.8816 3
      vertex 56.6741 36.6817 3
    endloop
  endfacet
  facet normal 0.555662 0.831408 0
    outer loop
      vertex 56.375 36.8816 3
      vertex 56.6741 36.6817 0
      vertex 56.375 36.8816 0
    endloop
  endfacet
  facet normal 0 0 1
    outer loop
      vertex 56.6 34.5 3
      vertex 57.75 34.5 3
      vertex 57.7265 34.8589 3
    endloop
  endfacet
  facet normal 0 0 1
    outer loop
      vertex 56.5863 34.7088 3
      vertex 57.7265 34.8589 3
      vertex 57.6563 35.2118 3
    endloop
  endfacet
  facet normal 0 0 1
    outer loop
      vertex 57.75 34.5 3
      vertex 56.6 34.5 3
      vertex 57.7265 34.1411 3
    endloop
  endfacet
  facet normal 0 0 1
    outer loop
      vertex 56.5455 34.9141 3
      vertex 57.6563 35.2118 3
      vertex 57.5407 35.5524 3
    endloop
  endfacet
  facet normal -0 0 1
    outer loop
      vertex 56.5863 34.2912 3
      vertex 57.7265 34.1411 3
      vertex 56.6 34.5 3
    endloop
  endfacet
  facet normal 0 0 1
    outer loop
      vertex 56.4782 35.1123 3
      vertex 57.5407 35.5524 3
      vertex 57.3816 35.875 3
    endloop
  endfacet
  facet normal 0 0 1
    outer loop
      vertex 57.7265 34.1411 3
      vertex 56.5863 34.2912 3
      vertex 57.6563 33.7882 3
    endloop
  endfacet
  facet normal 0 0 1
    outer loop
      vertex 56.3856 35.3 3
      vertex 57.3816 35.875 3
      vertex 57.1817 36.1741 3
    endloop
  endfacet
  facet normal -0 0 1
    outer loop
      vertex 56.5455 34.0859 3
      vertex 57.6563 33.7882 3
      vertex 56.5863 34.2912 3
    endloop
  endfacet
  facet normal 0 0 1
    outer loop
      vertex 56.2694 35.474 3
      vertex 57.1817 36.1741 3
      vertex 56.9445 36.4445 3
    endloop
  endfacet
  facet normal 0 0 1
    outer loop
      vertex 57.6563 33.7882 3
      vertex 56.5455 34.0859 3
      vertex 57.5407 33.4476 3
    endloop
  endfacet
  facet normal 0 0 1
    outer loop
      vertex 56.1314 35.6314 3
      vertex 56.9445 36.4445 3
      vertex 56.6741 36.6817 3
    endloop
  endfacet
  facet normal -0 0 1
    outer loop
      vertex 56.4782 33.8877 3
      vertex 57.5407 33.4476 3
      vertex 56.5455 34.0859 3
    endloop
  endfacet
  facet normal 0 0 1
    outer loop
      vertex 57.5407 33.4476 3
      vertex 56.4782 33.8877 3
      vertex 57.3816 33.125 3
    endloop
  endfacet
  facet normal 0 0 1
    outer loop
      vertex 57.7265 34.8589 3
      vertex 56.5863 34.7088 3
      vertex 56.6 34.5 3
    endloop
  endfacet
  facet normal 0 0 1
    outer loop
      vertex 57.6563 35.2118 3
      vertex 56.5455 34.9141 3
      vertex 56.5863 34.7088 3
    endloop
  endfacet
  facet normal 0 0 1
    outer loop
      vertex 57.5407 35.5524 3
      vertex 56.4782 35.1123 3
      vertex 56.5455 34.9141 3
    endloop
  endfacet
  facet normal 0 0 1
    outer loop
      vertex 57.3816 35.875 3
      vertex 56.3856 35.3 3
      vertex 56.4782 35.1123 3
    endloop
  endfacet
  facet normal 0 0 1
    outer loop
      vertex 55.974 35.7694 3
      vertex 56.6741 36.6817 3
      vertex 56.375 36.8816 3
    endloop
  endfacet
  facet normal 0 0 1
    outer loop
      vertex 57.1817 36.1741 3
      vertex 56.2694 35.474 3
      vertex 56.3856 35.3 3
    endloop
  endfacet
  facet normal 0 0 1
    outer loop
      vertex 56.9445 36.4445 3
      vertex 56.1314 35.6314 3
      vertex 56.2694 35.474 3
    endloop
  endfacet
  facet normal 0 0 1
    outer loop
      vertex 55.8 35.8856 3
      vertex 56.375 36.8816 3
      vertex 56.0524 37.0407 3
    endloop
  endfacet
  facet normal 0 0 1
    outer loop
      vertex 56.6741 36.6817 3
      vertex 55.974 35.7694 3
      vertex 56.1314 35.6314 3
    endloop
  endfacet
  facet normal 0 0 1
    outer loop
      vertex 56.375 36.8816 3
      vertex 55.8 35.8856 3
      vertex 55.974 35.7694 3
    endloop
  endfacet
  facet normal 0 0 1
    outer loop
      vertex 55.6123 35.9782 3
      vertex 56.0524 37.0407 3
      vertex 55.7118 37.1563 3
    endloop
  endfacet
  facet normal 0 0 1
    outer loop
      vertex 56.0524 37.0407 3
      vertex 55.6123 35.9782 3
      vertex 55.8 35.8856 3
    endloop
  endfacet
  facet normal 0 0 1
    outer loop
      vertex 55.7118 37.1563 3
      vertex 55.4141 36.0455 3
      vertex 55.6123 35.9782 3
    endloop
  endfacet
  facet normal 0 0 1
    outer loop
      vertex 55.3589 37.2265 3
      vertex 55.4141 36.0455 3
      vertex 55.7118 37.1563 3
    endloop
  endfacet
  facet normal 0 0 1
    outer loop
      vertex 55.3589 37.2265 3
      vertex 55.2088 36.0863 3
      vertex 55.4141 36.0455 3
    endloop
  endfacet
  facet normal 0 0 1
    outer loop
      vertex 55 37.25 3
      vertex 55.2088 36.0863 3
      vertex 55.3589 37.2265 3
    endloop
  endfacet
  facet normal 0 0 1
    outer loop
      vertex 55 37.25 3
      vertex 55 36.1 3
      vertex 55.2088 36.0863 3
    endloop
  endfacet
  facet normal 0 0 1
    outer loop
      vertex 55 37.25 3
      vertex 54.7912 36.0863 3
      vertex 55 36.1 3
    endloop
  endfacet
  facet normal -0 0 1
    outer loop
      vertex 54.6411 37.2265 3
      vertex 54.7912 36.0863 3
      vertex 55 37.25 3
    endloop
  endfacet
  facet normal 0 0 1
    outer loop
      vertex 54.6411 37.2265 3
      vertex 54.5859 36.0455 3
      vertex 54.7912 36.0863 3
    endloop
  endfacet
  facet normal -0 0 1
    outer loop
      vertex 54.2882 37.1563 3
      vertex 54.5859 36.0455 3
      vertex 54.6411 37.2265 3
    endloop
  endfacet
  facet normal 0 0 1
    outer loop
      vertex 54.5859 36.0455 3
      vertex 54.2882 37.1563 3
      vertex 54.3877 35.9782 3
    endloop
  endfacet
  facet normal -0 0 1
    outer loop
      vertex 53.9476 37.0407 3
      vertex 54.3877 35.9782 3
      vertex 54.2882 37.1563 3
    endloop
  endfacet
  facet normal 0 0 1
    outer loop
      vertex 54.3877 35.9782 3
      vertex 53.9476 37.0407 3
      vertex 54.2 35.8856 3
    endloop
  endfacet
  facet normal -0 0 1
    outer loop
      vertex 53.625 36.8816 3
      vertex 54.2 35.8856 3
      vertex 53.9476 37.0407 3
    endloop
  endfacet
  facet normal 0 0 1
    outer loop
      vertex 54.2 35.8856 3
      vertex 53.625 36.8816 3
      vertex 54.026 35.7694 3
    endloop
  endfacet
  facet normal -0 0 1
    outer loop
      vertex 53.3259 36.6817 3
      vertex 54.026 35.7694 3
      vertex 53.625 36.8816 3
    endloop
  endfacet
  facet normal 0 0 1
    outer loop
      vertex 54.026 35.7694 3
      vertex 53.3259 36.6817 3
      vertex 53.8686 35.6314 3
    endloop
  endfacet
  facet normal -0 0 1
    outer loop
      vertex 53.0555 36.4445 3
      vertex 53.8686 35.6314 3
      vertex 53.3259 36.6817 3
    endloop
  endfacet
  facet normal 0 0 1
    outer loop
      vertex 53.8686 35.6314 3
      vertex 53.0555 36.4445 3
      vertex 53.7306 35.474 3
    endloop
  endfacet
  facet normal -0 0 1
    outer loop
      vertex 52.8183 36.1741 3
      vertex 53.7306 35.474 3
      vertex 53.0555 36.4445 3
    endloop
  endfacet
  facet normal 0 0 1
    outer loop
      vertex 53.7306 35.474 3
      vertex 52.8183 36.1741 3
      vertex 53.6144 35.3 3
    endloop
  endfacet
  facet normal 0 0 1
    outer loop
      vertex 53.6144 35.3 3
      vertex 52.6184 35.875 3
      vertex 53.5218 35.1123 3
    endloop
  endfacet
  facet normal -0 0 1
    outer loop
      vertex 52.6184 35.875 3
      vertex 53.6144 35.3 3
      vertex 52.8183 36.1741 3
    endloop
  endfacet
  facet normal -0 0 1
    outer loop
      vertex 56.3856 33.7 3
      vertex 57.3816 33.125 3
      vertex 56.4782 33.8877 3
    endloop
  endfacet
  facet normal 0 0 1
    outer loop
      vertex 57.3816 33.125 3
      vertex 56.3856 33.7 3
      vertex 57.1817 32.8259 3
    endloop
  endfacet
  facet normal -0 0 1
    outer loop
      vertex 56.2694 33.526 3
      vertex 57.1817 32.8259 3
      vertex 56.3856 33.7 3
    endloop
  endfacet
  facet normal 0 0 1
    outer loop
      vertex 57.1817 32.8259 3
      vertex 56.2694 33.526 3
      vertex 56.9445 32.5555 3
    endloop
  endfacet
  facet normal -0 0 1
    outer loop
      vertex 56.1314 33.3686 3
      vertex 56.9445 32.5555 3
      vertex 56.2694 33.526 3
    endloop
  endfacet
  facet normal 0 0 1
    outer loop
      vertex 56.9445 32.5555 3
      vertex 56.1314 33.3686 3
      vertex 56.6741 32.3183 3
    endloop
  endfacet
  facet normal -0 0 1
    outer loop
      vertex 55.974 33.2306 3
      vertex 56.6741 32.3183 3
      vertex 56.1314 33.3686 3
    endloop
  endfacet
  facet normal 0 0 1
    outer loop
      vertex 56.6741 32.3183 3
      vertex 55.974 33.2306 3
      vertex 56.375 32.1184 3
    endloop
  endfacet
  facet normal -0 0 1
    outer loop
      vertex 55.8 33.1144 3
      vertex 56.375 32.1184 3
      vertex 55.974 33.2306 3
    endloop
  endfacet
  facet normal 0 0 1
    outer loop
      vertex 56.375 32.1184 3
      vertex 55.8 33.1144 3
      vertex 56.0524 31.9593 3
    endloop
  endfacet
  facet normal -0 0 1
    outer loop
      vertex 55.6123 33.0218 3
      vertex 56.0524 31.9593 3
      vertex 55.8 33.1144 3
    endloop
  endfacet
  facet normal 0 0 1
    outer loop
      vertex 56.0524 31.9593 3
      vertex 55.6123 33.0218 3
      vertex 55.7118 31.8437 3
    endloop
  endfacet
  facet normal -0 0 1
    outer loop
      vertex 55.4141 32.9545 3
      vertex 55.7118 31.8437 3
      vertex 55.6123 33.0218 3
    endloop
  endfacet
  facet normal 0 0 1
    outer loop
      vertex 55.4141 32.9545 3
      vertex 55.3589 31.7735 3
      vertex 55.7118 31.8437 3
    endloop
  endfacet
  facet normal -0 0 1
    outer loop
      vertex 55.2088 32.9137 3
      vertex 55.3589 31.7735 3
      vertex 55.4141 32.9545 3
    endloop
  endfacet
  facet normal -0 0 1
    outer loop
      vertex 55 32.9 3
      vertex 55.3589 31.7735 3
      vertex 55.2088 32.9137 3
    endloop
  endfacet
  facet normal 0 0 1
    outer loop
      vertex 55 32.9 3
      vertex 55 31.75 3
      vertex 55.3589 31.7735 3
    endloop
  endfacet
  facet normal 0 0 1
    outer loop
      vertex 54.7912 32.9137 3
      vertex 55 31.75 3
      vertex 55 32.9 3
    endloop
  endfacet
  facet normal 0 0 1
    outer loop
      vertex 54.7912 32.9137 3
      vertex 54.6411 31.7735 3
      vertex 55 31.75 3
    endloop
  endfacet
  facet normal 0 0 1
    outer loop
      vertex 54.5859 32.9545 3
      vertex 54.6411 31.7735 3
      vertex 54.7912 32.9137 3
    endloop
  endfacet
  facet normal 0 0 1
    outer loop
      vertex 54.2882 31.8437 3
      vertex 54.5859 32.9545 3
      vertex 54.3877 33.0218 3
    endloop
  endfacet
  facet normal 0 0 1
    outer loop
      vertex 54.5859 32.9545 3
      vertex 54.2882 31.8437 3
      vertex 54.6411 31.7735 3
    endloop
  endfacet
  facet normal 0 0 1
    outer loop
      vertex 53.9476 31.9593 3
      vertex 54.3877 33.0218 3
      vertex 54.2 33.1144 3
    endloop
  endfacet
  facet normal 0 0 1
    outer loop
      vertex 53.625 32.1184 3
      vertex 54.2 33.1144 3
      vertex 54.026 33.2306 3
    endloop
  endfacet
  facet normal 0 0 1
    outer loop
      vertex 54.3877 33.0218 3
      vertex 53.9476 31.9593 3
      vertex 54.2882 31.8437 3
    endloop
  endfacet
  facet normal 0 0 1
    outer loop
      vertex 53.3259 32.3183 3
      vertex 54.026 33.2306 3
      vertex 53.8686 33.3686 3
    endloop
  endfacet
  facet normal 0 0 1
    outer loop
      vertex 53.0555 32.5555 3
      vertex 53.8686 33.3686 3
      vertex 53.7306 33.526 3
    endloop
  endfacet
  facet normal 0 0 1
    outer loop
      vertex 54.2 33.1144 3
      vertex 53.625 32.1184 3
      vertex 53.9476 31.9593 3
    endloop
  endfacet
  facet normal 0 0 1
    outer loop
      vertex 52.8183 32.8259 3
      vertex 53.7306 33.526 3
      vertex 53.6144 33.7 3
    endloop
  endfacet
  facet normal 0 0 1
    outer loop
      vertex 52.6184 33.125 3
      vertex 53.6144 33.7 3
      vertex 53.5218 33.8877 3
    endloop
  endfacet
  facet normal 0 0 1
    outer loop
      vertex 52.4593 33.4476 3
      vertex 53.5218 33.8877 3
      vertex 53.4545 34.0859 3
    endloop
  endfacet
  facet normal 0 0 1
    outer loop
      vertex 52.3437 33.7882 3
      vertex 53.4545 34.0859 3
      vertex 53.4137 34.2912 3
    endloop
  endfacet
  facet normal 0 0 1
    outer loop
      vertex 54.026 33.2306 3
      vertex 53.3259 32.3183 3
      vertex 53.625 32.1184 3
    endloop
  endfacet
  facet normal 0 0 1
    outer loop
      vertex 52.2735 34.1411 3
      vertex 53.4137 34.2912 3
      vertex 53.4 34.5 3
    endloop
  endfacet
  facet normal -0 0 1
    outer loop
      vertex 52.4593 35.5524 3
      vertex 53.5218 35.1123 3
      vertex 52.6184 35.875 3
    endloop
  endfacet
  facet normal 0 0 1
    outer loop
      vertex 53.5218 35.1123 3
      vertex 52.4593 35.5524 3
      vertex 53.4545 34.9141 3
    endloop
  endfacet
  facet normal 0 0 1
    outer loop
      vertex 53.8686 33.3686 3
      vertex 53.0555 32.5555 3
      vertex 53.3259 32.3183 3
    endloop
  endfacet
  facet normal -0 0 1
    outer loop
      vertex 52.3437 35.2118 3
      vertex 53.4545 34.9141 3
      vertex 52.4593 35.5524 3
    endloop
  endfacet
  facet normal 0 0 1
    outer loop
      vertex 53.7306 33.526 3
      vertex 52.8183 32.8259 3
      vertex 53.0555 32.5555 3
    endloop
  endfacet
  facet normal 0 0 1
    outer loop
      vertex 53.4545 34.9141 3
      vertex 52.3437 35.2118 3
      vertex 53.4137 34.7088 3
    endloop
  endfacet
  facet normal 0 0 1
    outer loop
      vertex 53.6144 33.7 3
      vertex 52.6184 33.125 3
      vertex 52.8183 32.8259 3
    endloop
  endfacet
  facet normal -0 0 1
    outer loop
      vertex 52.2735 34.8589 3
      vertex 53.4137 34.7088 3
      vertex 52.3437 35.2118 3
    endloop
  endfacet
  facet normal 0 0 1
    outer loop
      vertex 53.5218 33.8877 3
      vertex 52.4593 33.4476 3
      vertex 52.6184 33.125 3
    endloop
  endfacet
  facet normal 0 0 1
    outer loop
      vertex 53.4137 34.7088 3
      vertex 52.2735 34.8589 3
      vertex 53.4 34.5 3
    endloop
  endfacet
  facet normal 0 0 1
    outer loop
      vertex 53.4545 34.0859 3
      vertex 52.3437 33.7882 3
      vertex 52.4593 33.4476 3
    endloop
  endfacet
  facet normal 0 0 1
    outer loop
      vertex 52.25 34.5 3
      vertex 53.4 34.5 3
      vertex 52.2735 34.8589 3
    endloop
  endfacet
  facet normal 0 0 1
    outer loop
      vertex 53.4137 34.2912 3
      vertex 52.2735 34.1411 3
      vertex 52.3437 33.7882 3
    endloop
  endfacet
  facet normal 0 0 1
    outer loop
      vertex 53.4 34.5 3
      vertex 52.25 34.5 3
      vertex 52.2735 34.1411 3
    endloop
  endfacet
  facet normal -0.442314 -0.89686 0
    outer loop
      vertex 53.625 32.1184 0
      vertex 53.9476 31.9593 3
      vertex 53.625 32.1184 3
    endloop
  endfacet
  facet normal -0.442314 -0.89686 -0
    outer loop
      vertex 53.9476 31.9593 3
      vertex 53.625 32.1184 0
      vertex 53.9476 31.9593 0
    endloop
  endfacet
  facet normal -0.831408 -0.555662 0
    outer loop
      vertex 52.8183 32.8259 0
      vertex 52.6184 33.125 3
      vertex 52.6184 33.125 0
    endloop
  endfacet
  facet normal -0.831408 -0.555662 0
    outer loop
      vertex 52.6184 33.125 3
      vertex 52.8183 32.8259 0
      vertex 52.8183 32.8259 3
    endloop
  endfacet
  facet normal -0.980783 -0.195101 0
    outer loop
      vertex 52.3437 33.7882 0
      vertex 52.2735 34.1411 3
      vertex 52.2735 34.1411 0
    endloop
  endfacet
  facet normal -0.980783 -0.195101 0
    outer loop
      vertex 52.2735 34.1411 3
      vertex 52.3437 33.7882 0
      vertex 52.3437 33.7882 3
    endloop
  endfacet
  facet normal -0.659449 -0.751749 0
    outer loop
      vertex 53.0555 32.5555 0
      vertex 53.3259 32.3183 3
      vertex 53.0555 32.5555 3
    endloop
  endfacet
  facet normal -0.659449 -0.751749 -0
    outer loop
      vertex 53.3259 32.3183 3
      vertex 53.0555 32.5555 0
      vertex 53.3259 32.3183 0
    endloop
  endfacet
  facet normal -0.89686 0.442314 0
    outer loop
      vertex 52.4593 35.5524 0
      vertex 52.6184 35.875 3
      vertex 52.6184 35.875 0
    endloop
  endfacet
  facet normal -0.89686 0.442314 0
    outer loop
      vertex 52.6184 35.875 3
      vertex 52.4593 35.5524 0
      vertex 52.4593 35.5524 3
    endloop
  endfacet
  facet normal -0.997863 -0.0653379 0
    outer loop
      vertex 52.2735 34.1411 0
      vertex 52.25 34.5 3
      vertex 52.25 34.5 0
    endloop
  endfacet
  facet normal -0.997863 -0.0653379 0
    outer loop
      vertex 52.25 34.5 3
      vertex 52.2735 34.1411 0
      vertex 52.2735 34.1411 3
    endloop
  endfacet
  facet normal 0.555662 -0.831408 0
    outer loop
      vertex 56.375 32.1184 0
      vertex 56.6741 32.3183 3
      vertex 56.375 32.1184 3
    endloop
  endfacet
  facet normal 0.555662 -0.831408 0
    outer loop
      vertex 56.6741 32.3183 3
      vertex 56.375 32.1184 0
      vertex 56.6741 32.3183 0
    endloop
  endfacet
  facet normal -0.555662 -0.831408 0
    outer loop
      vertex 53.3259 32.3183 0
      vertex 53.625 32.1184 3
      vertex 53.3259 32.3183 3
    endloop
  endfacet
  facet normal -0.555662 -0.831408 -0
    outer loop
      vertex 53.625 32.1184 3
      vertex 53.3259 32.3183 0
      vertex 53.625 32.1184 0
    endloop
  endfacet
  facet normal -0.194922 -0.980819 0
    outer loop
      vertex 55.2088 36.0863 0
      vertex 55.4141 36.0455 3
      vertex 55.2088 36.0863 3
    endloop
  endfacet
  facet normal -0.194922 -0.980819 -0
    outer loop
      vertex 55.4141 36.0455 3
      vertex 55.2088 36.0863 0
      vertex 55.4141 36.0455 0
    endloop
  endfacet
  facet normal -0.980819 -0.194922 0
    outer loop
      vertex 56.5863 34.7088 0
      vertex 56.5455 34.9141 3
      vertex 56.5455 34.9141 0
    endloop
  endfacet
  facet normal -0.980819 -0.194922 0
    outer loop
      vertex 56.5455 34.9141 3
      vertex 56.5863 34.7088 0
      vertex 56.5863 34.7088 3
    endloop
  endfacet
  facet normal -0.997854 -0.0654722 0
    outer loop
      vertex 56.6 34.5 0
      vertex 56.5863 34.7088 3
      vertex 56.5863 34.7088 0
    endloop
  endfacet
  facet normal -0.997854 -0.0654722 0
    outer loop
      vertex 56.5863 34.7088 3
      vertex 56.6 34.5 0
      vertex 56.6 34.5 3
    endloop
  endfacet
  facet normal -0.946901 -0.321526 0
    outer loop
      vertex 56.5455 34.9141 0
      vertex 56.4782 35.1123 3
      vertex 56.4782 35.1123 0
    endloop
  endfacet
  facet normal -0.946901 -0.321526 0
    outer loop
      vertex 56.4782 35.1123 3
      vertex 56.5455 34.9141 0
      vertex 56.5455 34.9141 3
    endloop
  endfacet
  facet normal -0.831609 -0.555362 0
    outer loop
      vertex 56.3856 35.3 0
      vertex 56.2694 35.474 3
      vertex 56.2694 35.474 0
    endloop
  endfacet
  facet normal -0.831609 -0.555362 0
    outer loop
      vertex 56.2694 35.474 3
      vertex 56.3856 35.3 0
      vertex 56.3856 35.3 3
    endloop
  endfacet
  facet normal -0.321526 -0.946901 0
    outer loop
      vertex 55.4141 36.0455 0
      vertex 55.6123 35.9782 3
      vertex 55.4141 36.0455 3
    endloop
  endfacet
  facet normal -0.321526 -0.946901 -0
    outer loop
      vertex 55.6123 35.9782 3
      vertex 55.4141 36.0455 0
      vertex 55.6123 35.9782 0
    endloop
  endfacet
  facet normal -0.997854 0.0654722 0
    outer loop
      vertex 56.5863 34.2912 0
      vertex 56.6 34.5 3
      vertex 56.6 34.5 0
    endloop
  endfacet
  facet normal -0.997854 0.0654722 0
    outer loop
      vertex 56.6 34.5 3
      vertex 56.5863 34.2912 0
      vertex 56.5863 34.2912 3
    endloop
  endfacet
  facet normal 0.555362 0.831609 -0
    outer loop
      vertex 54.2 33.1144 0
      vertex 54.026 33.2306 3
      vertex 54.2 33.1144 3
    endloop
  endfacet
  facet normal 0.555362 0.831609 0
    outer loop
      vertex 54.026 33.2306 3
      vertex 54.2 33.1144 0
      vertex 54.026 33.2306 0
    endloop
  endfacet
  facet normal 0.321526 0.946901 -0
    outer loop
      vertex 54.5859 32.9545 0
      vertex 54.3877 33.0218 3
      vertex 54.5859 32.9545 3
    endloop
  endfacet
  facet normal 0.321526 0.946901 0
    outer loop
      vertex 54.3877 33.0218 3
      vertex 54.5859 32.9545 0
      vertex 54.3877 33.0218 0
    endloop
  endfacet
  facet normal -0.896803 -0.442429 0
    outer loop
      vertex 56.4782 35.1123 0
      vertex 56.3856 35.3 3
      vertex 56.3856 35.3 0
    endloop
  endfacet
  facet normal -0.896803 -0.442429 0
    outer loop
      vertex 56.3856 35.3 3
      vertex 56.4782 35.1123 0
      vertex 56.4782 35.1123 3
    endloop
  endfacet
  facet normal 0.321526 -0.946901 0
    outer loop
      vertex 54.3877 35.9782 0
      vertex 54.5859 36.0455 3
      vertex 54.3877 35.9782 3
    endloop
  endfacet
  facet normal 0.321526 -0.946901 0
    outer loop
      vertex 54.5859 36.0455 3
      vertex 54.3877 35.9782 0
      vertex 54.5859 36.0455 0
    endloop
  endfacet
  facet normal -0.751925 -0.659248 0
    outer loop
      vertex 56.2694 35.474 0
      vertex 56.1314 35.6314 3
      vertex 56.1314 35.6314 0
    endloop
  endfacet
  facet normal -0.751925 -0.659248 0
    outer loop
      vertex 56.1314 35.6314 3
      vertex 56.2694 35.474 0
      vertex 56.2694 35.474 3
    endloop
  endfacet
  facet normal -0.946901 0.321526 0
    outer loop
      vertex 56.4782 33.8877 0
      vertex 56.5455 34.0859 3
      vertex 56.5455 34.0859 0
    endloop
  endfacet
  facet normal -0.946901 0.321526 0
    outer loop
      vertex 56.5455 34.0859 3
      vertex 56.4782 33.8877 0
      vertex 56.4782 33.8877 3
    endloop
  endfacet
  facet normal 0.751925 0.659248 0
    outer loop
      vertex 53.8686 33.3686 3
      vertex 53.7306 33.526 0
      vertex 53.7306 33.526 3
    endloop
  endfacet
  facet normal 0.751925 0.659248 0
    outer loop
      vertex 53.7306 33.526 0
      vertex 53.8686 33.3686 3
      vertex 53.8686 33.3686 0
    endloop
  endfacet
  facet normal -0.980819 0.194922 0
    outer loop
      vertex 56.5455 34.0859 0
      vertex 56.5863 34.2912 3
      vertex 56.5863 34.2912 0
    endloop
  endfacet
  facet normal -0.980819 0.194922 0
    outer loop
      vertex 56.5863 34.2912 3
      vertex 56.5455 34.0859 0
      vertex 56.5455 34.0859 3
    endloop
  endfacet
  facet normal 0.659248 -0.751925 0
    outer loop
      vertex 53.8686 35.6314 0
      vertex 54.026 35.7694 3
      vertex 53.8686 35.6314 3
    endloop
  endfacet
  facet normal 0.659248 -0.751925 0
    outer loop
      vertex 54.026 35.7694 3
      vertex 53.8686 35.6314 0
      vertex 54.026 35.7694 0
    endloop
  endfacet
  facet normal 0.946901 0.321526 0
    outer loop
      vertex 53.5218 33.8877 3
      vertex 53.4545 34.0859 0
      vertex 53.4545 34.0859 3
    endloop
  endfacet
  facet normal 0.946901 0.321526 0
    outer loop
      vertex 53.4545 34.0859 0
      vertex 53.5218 33.8877 3
      vertex 53.5218 33.8877 0
    endloop
  endfacet
  facet normal -0.831609 0.555362 0
    outer loop
      vertex 56.2694 33.526 0
      vertex 56.3856 33.7 3
      vertex 56.3856 33.7 0
    endloop
  endfacet
  facet normal -0.831609 0.555362 0
    outer loop
      vertex 56.3856 33.7 3
      vertex 56.2694 33.526 0
      vertex 56.2694 33.526 3
    endloop
  endfacet
  facet normal -0.442429 -0.896803 0
    outer loop
      vertex 55.6123 35.9782 0
      vertex 55.8 35.8856 3
      vertex 55.6123 35.9782 3
    endloop
  endfacet
  facet normal -0.442429 -0.896803 -0
    outer loop
      vertex 55.8 35.8856 3
      vertex 55.6123 35.9782 0
      vertex 55.8 35.8856 0
    endloop
  endfacet
  facet normal 0.442429 -0.896803 0
    outer loop
      vertex 54.2 35.8856 0
      vertex 54.3877 35.9782 3
      vertex 54.2 35.8856 3
    endloop
  endfacet
  facet normal 0.442429 -0.896803 0
    outer loop
      vertex 54.3877 35.9782 3
      vertex 54.2 35.8856 0
      vertex 54.3877 35.9782 0
    endloop
  endfacet
  facet normal -0.442429 0.896803 0
    outer loop
      vertex 55.8 33.1144 0
      vertex 55.6123 33.0218 3
      vertex 55.8 33.1144 3
    endloop
  endfacet
  facet normal -0.442429 0.896803 0
    outer loop
      vertex 55.6123 33.0218 3
      vertex 55.8 33.1144 0
      vertex 55.6123 33.0218 0
    endloop
  endfacet
  facet normal -0.321526 0.946901 0
    outer loop
      vertex 55.6123 33.0218 0
      vertex 55.4141 32.9545 3
      vertex 55.6123 33.0218 3
    endloop
  endfacet
  facet normal -0.321526 0.946901 0
    outer loop
      vertex 55.4141 32.9545 3
      vertex 55.6123 33.0218 0
      vertex 55.4141 32.9545 0
    endloop
  endfacet
  facet normal 0.980819 0.194922 0
    outer loop
      vertex 53.4545 34.0859 3
      vertex 53.4137 34.2912 0
      vertex 53.4137 34.2912 3
    endloop
  endfacet
  facet normal 0.980819 0.194922 0
    outer loop
      vertex 53.4137 34.2912 0
      vertex 53.4545 34.0859 3
      vertex 53.4545 34.0859 0
    endloop
  endfacet
  facet normal 0.555362 -0.831609 0
    outer loop
      vertex 54.026 35.7694 0
      vertex 54.2 35.8856 3
      vertex 54.026 35.7694 3
    endloop
  endfacet
  facet normal 0.555362 -0.831609 0
    outer loop
      vertex 54.2 35.8856 3
      vertex 54.026 35.7694 0
      vertex 54.2 35.8856 0
    endloop
  endfacet
  facet normal -0.555362 0.831609 0
    outer loop
      vertex 55.974 33.2306 0
      vertex 55.8 33.1144 3
      vertex 55.974 33.2306 3
    endloop
  endfacet
  facet normal -0.555362 0.831609 0
    outer loop
      vertex 55.8 33.1144 3
      vertex 55.974 33.2306 0
      vertex 55.8 33.1144 0
    endloop
  endfacet
  facet normal -0.194922 0.980819 0
    outer loop
      vertex 55.4141 32.9545 0
      vertex 55.2088 32.9137 3
      vertex 55.4141 32.9545 3
    endloop
  endfacet
  facet normal -0.194922 0.980819 0
    outer loop
      vertex 55.2088 32.9137 3
      vertex 55.4141 32.9545 0
      vertex 55.2088 32.9137 0
    endloop
  endfacet
  facet normal -0.659248 -0.751925 0
    outer loop
      vertex 55.974 35.7694 0
      vertex 56.1314 35.6314 3
      vertex 55.974 35.7694 3
    endloop
  endfacet
  facet normal -0.659248 -0.751925 -0
    outer loop
      vertex 56.1314 35.6314 3
      vertex 55.974 35.7694 0
      vertex 56.1314 35.6314 0
    endloop
  endfacet
  facet normal 0.946901 -0.321526 0
    outer loop
      vertex 53.4545 34.9141 3
      vertex 53.5218 35.1123 0
      vertex 53.5218 35.1123 3
    endloop
  endfacet
  facet normal 0.946901 -0.321526 0
    outer loop
      vertex 53.5218 35.1123 0
      vertex 53.4545 34.9141 3
      vertex 53.4545 34.9141 0
    endloop
  endfacet
  facet normal -0.0654722 0.997854 0
    outer loop
      vertex 55.2088 32.9137 0
      vertex 55 32.9 3
      vertex 55.2088 32.9137 3
    endloop
  endfacet
  facet normal -0.0654722 0.997854 0
    outer loop
      vertex 55 32.9 3
      vertex 55.2088 32.9137 0
      vertex 55 32.9 0
    endloop
  endfacet
  facet normal 0.194922 -0.980819 0
    outer loop
      vertex 54.5859 36.0455 0
      vertex 54.7912 36.0863 3
      vertex 54.5859 36.0455 3
    endloop
  endfacet
  facet normal 0.194922 -0.980819 0
    outer loop
      vertex 54.7912 36.0863 3
      vertex 54.5859 36.0455 0
      vertex 54.7912 36.0863 0
    endloop
  endfacet
  facet normal 0.659248 0.751925 -0
    outer loop
      vertex 54.026 33.2306 0
      vertex 53.8686 33.3686 3
      vertex 54.026 33.2306 3
    endloop
  endfacet
  facet normal 0.659248 0.751925 0
    outer loop
      vertex 53.8686 33.3686 3
      vertex 54.026 33.2306 0
      vertex 53.8686 33.3686 0
    endloop
  endfacet
  facet normal -0.659248 0.751925 0
    outer loop
      vertex 56.1314 33.3686 0
      vertex 55.974 33.2306 3
      vertex 56.1314 33.3686 3
    endloop
  endfacet
  facet normal -0.659248 0.751925 0
    outer loop
      vertex 55.974 33.2306 3
      vertex 56.1314 33.3686 0
      vertex 55.974 33.2306 0
    endloop
  endfacet
  facet normal 0.896803 -0.442429 0
    outer loop
      vertex 53.5218 35.1123 3
      vertex 53.6144 35.3 0
      vertex 53.6144 35.3 3
    endloop
  endfacet
  facet normal 0.896803 -0.442429 0
    outer loop
      vertex 53.6144 35.3 0
      vertex 53.5218 35.1123 3
      vertex 53.5218 35.1123 0
    endloop
  endfacet
  facet normal -0.896803 0.442429 0
    outer loop
      vertex 56.3856 33.7 0
      vertex 56.4782 33.8877 3
      vertex 56.4782 33.8877 0
    endloop
  endfacet
  facet normal -0.896803 0.442429 0
    outer loop
      vertex 56.4782 33.8877 3
      vertex 56.3856 33.7 0
      vertex 56.3856 33.7 3
    endloop
  endfacet
  facet normal -0.751925 0.659248 0
    outer loop
      vertex 56.1314 33.3686 0
      vertex 56.2694 33.526 3
      vertex 56.2694 33.526 0
    endloop
  endfacet
  facet normal -0.751925 0.659248 0
    outer loop
      vertex 56.2694 33.526 3
      vertex 56.1314 33.3686 0
      vertex 56.1314 33.3686 3
    endloop
  endfacet
  facet normal 0.0654722 0.997854 -0
    outer loop
      vertex 55 32.9 0
      vertex 54.7912 32.9137 3
      vertex 55 32.9 3
    endloop
  endfacet
  facet normal 0.0654722 0.997854 0
    outer loop
      vertex 54.7912 32.9137 3
      vertex 55 32.9 0
      vertex 54.7912 32.9137 0
    endloop
  endfacet
  facet normal -0.0654722 -0.997854 0
    outer loop
      vertex 55 36.1 0
      vertex 55.2088 36.0863 3
      vertex 55 36.1 3
    endloop
  endfacet
  facet normal -0.0654722 -0.997854 -0
    outer loop
      vertex 55.2088 36.0863 3
      vertex 55 36.1 0
      vertex 55.2088 36.0863 0
    endloop
  endfacet
  facet normal -0.555362 -0.831609 0
    outer loop
      vertex 55.8 35.8856 0
      vertex 55.974 35.7694 3
      vertex 55.8 35.8856 3
    endloop
  endfacet
  facet normal -0.555362 -0.831609 -0
    outer loop
      vertex 55.974 35.7694 3
      vertex 55.8 35.8856 0
      vertex 55.974 35.7694 0
    endloop
  endfacet
  facet normal 0.997854 0.0654722 0
    outer loop
      vertex 53.4137 34.2912 3
      vertex 53.4 34.5 0
      vertex 53.4 34.5 3
    endloop
  endfacet
  facet normal 0.997854 0.0654722 0
    outer loop
      vertex 53.4 34.5 0
      vertex 53.4137 34.2912 3
      vertex 53.4137 34.2912 0
    endloop
  endfacet
  facet normal 0.751925 -0.659248 0
    outer loop
      vertex 53.7306 35.474 3
      vertex 53.8686 35.6314 0
      vertex 53.8686 35.6314 3
    endloop
  endfacet
  facet normal 0.751925 -0.659248 0
    outer loop
      vertex 53.8686 35.6314 0
      vertex 53.7306 35.474 3
      vertex 53.7306 35.474 0
    endloop
  endfacet
  facet normal 0.0654722 -0.997854 0
    outer loop
      vertex 54.7912 36.0863 0
      vertex 55 36.1 3
      vertex 54.7912 36.0863 3
    endloop
  endfacet
  facet normal 0.0654722 -0.997854 0
    outer loop
      vertex 55 36.1 3
      vertex 54.7912 36.0863 0
      vertex 55 36.1 0
    endloop
  endfacet
  facet normal 0.194922 0.980819 -0
    outer loop
      vertex 54.7912 32.9137 0
      vertex 54.5859 32.9545 3
      vertex 54.7912 32.9137 3
    endloop
  endfacet
  facet normal 0.194922 0.980819 0
    outer loop
      vertex 54.5859 32.9545 3
      vertex 54.7912 32.9137 0
      vertex 54.5859 32.9545 0
    endloop
  endfacet
  facet normal 0.980819 -0.194922 0
    outer loop
      vertex 53.4137 34.7088 3
      vertex 53.4545 34.9141 0
      vertex 53.4545 34.9141 3
    endloop
  endfacet
  facet normal 0.980819 -0.194922 0
    outer loop
      vertex 53.4545 34.9141 0
      vertex 53.4137 34.7088 3
      vertex 53.4137 34.7088 0
    endloop
  endfacet
  facet normal 0.997854 -0.0654722 0
    outer loop
      vertex 53.4 34.5 3
      vertex 53.4137 34.7088 0
      vertex 53.4137 34.7088 3
    endloop
  endfacet
  facet normal 0.997854 -0.0654722 0
    outer loop
      vertex 53.4137 34.7088 0
      vertex 53.4 34.5 3
      vertex 53.4 34.5 0
    endloop
  endfacet
  facet normal 0.442429 0.896803 -0
    outer loop
      vertex 54.3877 33.0218 0
      vertex 54.2 33.1144 3
      vertex 54.3877 33.0218 3
    endloop
  endfacet
  facet normal 0.442429 0.896803 0
    outer loop
      vertex 54.2 33.1144 3
      vertex 54.3877 33.0218 0
      vertex 54.2 33.1144 0
    endloop
  endfacet
  facet normal 0.831609 -0.555362 0
    outer loop
      vertex 53.6144 35.3 3
      vertex 53.7306 35.474 0
      vertex 53.7306 35.474 3
    endloop
  endfacet
  facet normal 0.831609 -0.555362 0
    outer loop
      vertex 53.7306 35.474 0
      vertex 53.6144 35.3 3
      vertex 53.6144 35.3 0
    endloop
  endfacet
  facet normal 0.831609 0.555362 0
    outer loop
      vertex 53.7306 33.526 3
      vertex 53.6144 33.7 0
      vertex 53.6144 33.7 3
    endloop
  endfacet
  facet normal 0.831609 0.555362 0
    outer loop
      vertex 53.6144 33.7 0
      vertex 53.7306 33.526 3
      vertex 53.7306 33.526 0
    endloop
  endfacet
  facet normal 0.896803 0.442429 0
    outer loop
      vertex 53.6144 33.7 3
      vertex 53.5218 33.8877 0
      vertex 53.5218 33.8877 3
    endloop
  endfacet
  facet normal 0.896803 0.442429 0
    outer loop
      vertex 53.5218 33.8877 0
      vertex 53.6144 33.7 3
      vertex 53.6144 33.7 0
    endloop
  endfacet
  facet normal 0.980783 -0.195101 0
    outer loop
      vertex -52.3437 -35.2118 3
      vertex -52.2735 -34.8589 0
      vertex -52.2735 -34.8589 3
    endloop
  endfacet
  facet normal 0.980783 -0.195101 0
    outer loop
      vertex -52.2735 -34.8589 0
      vertex -52.3437 -35.2118 3
      vertex -52.3437 -35.2118 0
    endloop
  endfacet
  facet normal 0.980783 0.195101 0
    outer loop
      vertex -52.2735 -34.1411 3
      vertex -52.3437 -33.7882 0
      vertex -52.3437 -33.7882 3
    endloop
  endfacet
  facet normal 0.980783 0.195101 0
    outer loop
      vertex -52.3437 -33.7882 0
      vertex -52.2735 -34.1411 3
      vertex -52.2735 -34.1411 0
    endloop
  endfacet
  facet normal 0.997863 0.0653379 0
    outer loop
      vertex -52.25 -34.5 3
      vertex -52.2735 -34.1411 0
      vertex -52.2735 -34.1411 3
    endloop
  endfacet
  facet normal 0.997863 0.0653379 0
    outer loop
      vertex -52.2735 -34.1411 0
      vertex -52.25 -34.5 3
      vertex -52.25 -34.5 0
    endloop
  endfacet
  facet normal 0.946945 0.321394 0
    outer loop
      vertex -52.3437 -33.7882 3
      vertex -52.4593 -33.4476 0
      vertex -52.4593 -33.4476 3
    endloop
  endfacet
  facet normal 0.946945 0.321394 0
    outer loop
      vertex -52.4593 -33.4476 0
      vertex -52.3437 -33.7882 3
      vertex -52.3437 -33.7882 0
    endloop
  endfacet
  facet normal -0.997863 0.0653379 0
    outer loop
      vertex -57.75 -34.5 0
      vertex -57.7265 -34.1411 3
      vertex -57.7265 -34.1411 0
    endloop
  endfacet
  facet normal -0.997863 0.0653379 0
    outer loop
      vertex -57.7265 -34.1411 3
      vertex -57.75 -34.5 0
      vertex -57.75 -34.5 3
    endloop
  endfacet
  facet normal 0.442314 -0.89686 0
    outer loop
      vertex -53.9476 -37.0407 0
      vertex -53.625 -36.8816 3
      vertex -53.9476 -37.0407 3
    endloop
  endfacet
  facet normal 0.442314 -0.89686 0
    outer loop
      vertex -53.625 -36.8816 3
      vertex -53.9476 -37.0407 0
      vertex -53.625 -36.8816 0
    endloop
  endfacet
  facet normal 0.195101 0.980783 -0
    outer loop
      vertex -54.2882 -31.8437 0
      vertex -54.6411 -31.7735 3
      vertex -54.2882 -31.8437 3
    endloop
  endfacet
  facet normal 0.195101 0.980783 0
    outer loop
      vertex -54.6411 -31.7735 3
      vertex -54.2882 -31.8437 0
      vertex -54.6411 -31.7735 0
    endloop
  endfacet
  facet normal 0.195101 -0.980783 0
    outer loop
      vertex -54.6411 -37.2265 0
      vertex -54.2882 -37.1563 3
      vertex -54.6411 -37.2265 3
    endloop
  endfacet
  facet normal 0.195101 -0.980783 0
    outer loop
      vertex -54.2882 -37.1563 3
      vertex -54.6411 -37.2265 0
      vertex -54.2882 -37.1563 0
    endloop
  endfacet
  facet normal 0.0653379 -0.997863 0
    outer loop
      vertex -55 -37.25 0
      vertex -54.6411 -37.2265 3
      vertex -55 -37.25 3
    endloop
  endfacet
  facet normal 0.0653379 -0.997863 0
    outer loop
      vertex -54.6411 -37.2265 3
      vertex -55 -37.25 0
      vertex -54.6411 -37.2265 0
    endloop
  endfacet
  facet normal -0.659449 0.751749 0
    outer loop
      vertex -56.6741 -32.3183 0
      vertex -56.9445 -32.5555 3
      vertex -56.6741 -32.3183 3
    endloop
  endfacet
  facet normal -0.659449 0.751749 0
    outer loop
      vertex -56.9445 -32.5555 3
      vertex -56.6741 -32.3183 0
      vertex -56.9445 -32.5555 0
    endloop
  endfacet
  facet normal -0.831408 0.555662 0
    outer loop
      vertex -57.3816 -33.125 0
      vertex -57.1817 -32.8259 3
      vertex -57.1817 -32.8259 0
    endloop
  endfacet
  facet normal -0.831408 0.555662 0
    outer loop
      vertex -57.1817 -32.8259 3
      vertex -57.3816 -33.125 0
      vertex -57.3816 -33.125 3
    endloop
  endfacet
  facet normal 0.321394 0.946945 -0
    outer loop
      vertex -53.9476 -31.9593 0
      vertex -54.2882 -31.8437 3
      vertex -53.9476 -31.9593 3
    endloop
  endfacet
  facet normal 0.321394 0.946945 0
    outer loop
      vertex -54.2882 -31.8437 3
      vertex -53.9476 -31.9593 0
      vertex -54.2882 -31.8437 0
    endloop
  endfacet
  facet normal 0.659449 -0.751749 0
    outer loop
      vertex -53.3259 -36.6817 0
      vertex -53.0555 -36.4445 3
      vertex -53.3259 -36.6817 3
    endloop
  endfacet
  facet normal 0.659449 -0.751749 0
    outer loop
      vertex -53.0555 -36.4445 3
      vertex -53.3259 -36.6817 0
      vertex -53.0555 -36.4445 0
    endloop
  endfacet
  facet normal -0.442314 0.89686 0
    outer loop
      vertex -56.0524 -31.9593 0
      vertex -56.375 -32.1184 3
      vertex -56.0524 -31.9593 3
    endloop
  endfacet
  facet normal -0.442314 0.89686 0
    outer loop
      vertex -56.375 -32.1184 3
      vertex -56.0524 -31.9593 0
      vertex -56.375 -32.1184 0
    endloop
  endfacet
  facet normal -0.0653379 -0.997863 0
    outer loop
      vertex -55.3589 -37.2265 0
      vertex -55 -37.25 3
      vertex -55.3589 -37.2265 3
    endloop
  endfacet
  facet normal -0.0653379 -0.997863 -0
    outer loop
      vertex -55 -37.25 3
      vertex -55.3589 -37.2265 0
      vertex -55 -37.25 0
    endloop
  endfacet
  facet normal 0.751749 -0.659449 0
    outer loop
      vertex -53.0555 -36.4445 3
      vertex -52.8183 -36.1741 0
      vertex -52.8183 -36.1741 3
    endloop
  endfacet
  facet normal 0.751749 -0.659449 0
    outer loop
      vertex -52.8183 -36.1741 0
      vertex -53.0555 -36.4445 3
      vertex -53.0555 -36.4445 0
    endloop
  endfacet
  facet normal -0.946945 -0.321394 0
    outer loop
      vertex -57.5407 -35.5524 0
      vertex -57.6563 -35.2118 3
      vertex -57.6563 -35.2118 0
    endloop
  endfacet
  facet normal -0.946945 -0.321394 0
    outer loop
      vertex -57.6563 -35.2118 3
      vertex -57.5407 -35.5524 0
      vertex -57.5407 -35.5524 3
    endloop
  endfacet
  facet normal 0.321394 -0.946945 0
    outer loop
      vertex -54.2882 -37.1563 0
      vertex -53.9476 -37.0407 3
      vertex -54.2882 -37.1563 3
    endloop
  endfacet
  facet normal 0.321394 -0.946945 0
    outer loop
      vertex -53.9476 -37.0407 3
      vertex -54.2882 -37.1563 0
      vertex -53.9476 -37.0407 0
    endloop
  endfacet
  facet normal -0.321394 0.946945 0
    outer loop
      vertex -55.7118 -31.8437 0
      vertex -56.0524 -31.9593 3
      vertex -55.7118 -31.8437 3
    endloop
  endfacet
  facet normal -0.321394 0.946945 0
    outer loop
      vertex -56.0524 -31.9593 3
      vertex -55.7118 -31.8437 0
      vertex -56.0524 -31.9593 0
    endloop
  endfacet
  facet normal -0.555662 0.831408 0
    outer loop
      vertex -56.375 -32.1184 0
      vertex -56.6741 -32.3183 3
      vertex -56.375 -32.1184 3
    endloop
  endfacet
  facet normal -0.555662 0.831408 0
    outer loop
      vertex -56.6741 -32.3183 3
      vertex -56.375 -32.1184 0
      vertex -56.6741 -32.3183 0
    endloop
  endfacet
  facet normal -0.946945 0.321394 0
    outer loop
      vertex -57.6563 -33.7882 0
      vertex -57.5407 -33.4476 3
      vertex -57.5407 -33.4476 0
    endloop
  endfacet
  facet normal -0.946945 0.321394 0
    outer loop
      vertex -57.5407 -33.4476 3
      vertex -57.6563 -33.7882 0
      vertex -57.6563 -33.7882 3
    endloop
  endfacet
  facet normal 0.89686 0.442314 0
    outer loop
      vertex -52.4593 -33.4476 3
      vertex -52.6184 -33.125 0
      vertex -52.6184 -33.125 3
    endloop
  endfacet
  facet normal 0.89686 0.442314 0
    outer loop
      vertex -52.6184 -33.125 0
      vertex -52.4593 -33.4476 3
      vertex -52.4593 -33.4476 0
    endloop
  endfacet
  facet normal -0.195101 0.980783 0
    outer loop
      vertex -55.3589 -31.7735 0
      vertex -55.7118 -31.8437 3
      vertex -55.3589 -31.7735 3
    endloop
  endfacet
  facet normal -0.195101 0.980783 0
    outer loop
      vertex -55.7118 -31.8437 3
      vertex -55.3589 -31.7735 0
      vertex -55.7118 -31.8437 0
    endloop
  endfacet
  facet normal 0.659449 0.751749 -0
    outer loop
      vertex -53.0555 -32.5555 0
      vertex -53.3259 -32.3183 3
      vertex -53.0555 -32.5555 3
    endloop
  endfacet
  facet normal 0.659449 0.751749 0
    outer loop
      vertex -53.3259 -32.3183 3
      vertex -53.0555 -32.5555 0
      vertex -53.3259 -32.3183 0
    endloop
  endfacet
  facet normal 0.997863 -0.0653379 0
    outer loop
      vertex -52.2735 -34.8589 3
      vertex -52.25 -34.5 0
      vertex -52.25 -34.5 3
    endloop
  endfacet
  facet normal 0.997863 -0.0653379 0
    outer loop
      vertex -52.25 -34.5 0
      vertex -52.2735 -34.8589 3
      vertex -52.2735 -34.8589 0
    endloop
  endfacet
  facet normal 0.442314 0.89686 -0
    outer loop
      vertex -53.625 -32.1184 0
      vertex -53.9476 -31.9593 3
      vertex -53.625 -32.1184 3
    endloop
  endfacet
  facet normal 0.442314 0.89686 0
    outer loop
      vertex -53.9476 -31.9593 3
      vertex -53.625 -32.1184 0
      vertex -53.9476 -31.9593 0
    endloop
  endfacet
  facet normal -0.321394 -0.946945 0
    outer loop
      vertex -56.0524 -37.0407 0
      vertex -55.7118 -37.1563 3
      vertex -56.0524 -37.0407 3
    endloop
  endfacet
  facet normal -0.321394 -0.946945 -0
    outer loop
      vertex -55.7118 -37.1563 3
      vertex -56.0524 -37.0407 0
      vertex -55.7118 -37.1563 0
    endloop
  endfacet
  facet normal -0.980783 0.195101 0
    outer loop
      vertex -57.7265 -34.1411 0
      vertex -57.6563 -33.7882 3
      vertex -57.6563 -33.7882 0
    endloop
  endfacet
  facet normal -0.980783 0.195101 0
    outer loop
      vertex -57.6563 -33.7882 3
      vertex -57.7265 -34.1411 0
      vertex -57.7265 -34.1411 3
    endloop
  endfacet
  facet normal -0.0653379 0.997863 0
    outer loop
      vertex -55 -31.75 0
      vertex -55.3589 -31.7735 3
      vertex -55 -31.75 3
    endloop
  endfacet
  facet normal -0.0653379 0.997863 0
    outer loop
      vertex -55.3589 -31.7735 3
      vertex -55 -31.75 0
      vertex -55.3589 -31.7735 0
    endloop
  endfacet
  facet normal -0.195101 -0.980783 0
    outer loop
      vertex -55.7118 -37.1563 0
      vertex -55.3589 -37.2265 3
      vertex -55.7118 -37.1563 3
    endloop
  endfacet
  facet normal -0.195101 -0.980783 -0
    outer loop
      vertex -55.3589 -37.2265 3
      vertex -55.7118 -37.1563 0
      vertex -55.3589 -37.2265 0
    endloop
  endfacet
  facet normal 0.946945 -0.321394 0
    outer loop
      vertex -52.4593 -35.5524 3
      vertex -52.3437 -35.2118 0
      vertex -52.3437 -35.2118 3
    endloop
  endfacet
  facet normal 0.946945 -0.321394 0
    outer loop
      vertex -52.3437 -35.2118 0
      vertex -52.4593 -35.5524 3
      vertex -52.4593 -35.5524 0
    endloop
  endfacet
  facet normal 0.831408 0.555662 0
    outer loop
      vertex -52.6184 -33.125 3
      vertex -52.8183 -32.8259 0
      vertex -52.8183 -32.8259 3
    endloop
  endfacet
  facet normal 0.831408 0.555662 0
    outer loop
      vertex -52.8183 -32.8259 0
      vertex -52.6184 -33.125 3
      vertex -52.6184 -33.125 0
    endloop
  endfacet
  facet normal 0.751749 0.659449 0
    outer loop
      vertex -52.8183 -32.8259 3
      vertex -53.0555 -32.5555 0
      vertex -53.0555 -32.5555 3
    endloop
  endfacet
  facet normal 0.751749 0.659449 0
    outer loop
      vertex -53.0555 -32.5555 0
      vertex -52.8183 -32.8259 3
      vertex -52.8183 -32.8259 0
    endloop
  endfacet
  facet normal -0.89686 -0.442314 0
    outer loop
      vertex -57.3816 -35.875 0
      vertex -57.5407 -35.5524 3
      vertex -57.5407 -35.5524 0
    endloop
  endfacet
  facet normal -0.89686 -0.442314 0
    outer loop
      vertex -57.5407 -35.5524 3
      vertex -57.3816 -35.875 0
      vertex -57.3816 -35.875 3
    endloop
  endfacet
  facet normal 0.89686 -0.442314 0
    outer loop
      vertex -52.6184 -35.875 3
      vertex -52.4593 -35.5524 0
      vertex -52.4593 -35.5524 3
    endloop
  endfacet
  facet normal 0.89686 -0.442314 0
    outer loop
      vertex -52.4593 -35.5524 0
      vertex -52.6184 -35.875 3
      vertex -52.6184 -35.875 0
    endloop
  endfacet
  facet normal -0.751749 -0.659449 0
    outer loop
      vertex -56.9445 -36.4445 0
      vertex -57.1817 -36.1741 3
      vertex -57.1817 -36.1741 0
    endloop
  endfacet
  facet normal -0.751749 -0.659449 0
    outer loop
      vertex -57.1817 -36.1741 3
      vertex -56.9445 -36.4445 0
      vertex -56.9445 -36.4445 3
    endloop
  endfacet
  facet normal 0.831408 -0.555662 0
    outer loop
      vertex -52.8183 -36.1741 3
      vertex -52.6184 -35.875 0
      vertex -52.6184 -35.875 3
    endloop
  endfacet
  facet normal 0.831408 -0.555662 0
    outer loop
      vertex -52.6184 -35.875 0
      vertex -52.8183 -36.1741 3
      vertex -52.8183 -36.1741 0
    endloop
  endfacet
  facet normal 0 0 -1
    outer loop
      vertex -53.4 -34.5 0
      vertex -52.25 -34.5 0
      vertex -52.2735 -34.8589 0
    endloop
  endfacet
  facet normal 0 0 -1
    outer loop
      vertex -53.4137 -34.7088 0
      vertex -52.2735 -34.8589 0
      vertex -52.3437 -35.2118 0
    endloop
  endfacet
  facet normal 0 0 -1
    outer loop
      vertex -52.25 -34.5 0
      vertex -53.4 -34.5 0
      vertex -52.2735 -34.1411 0
    endloop
  endfacet
  facet normal 0 0 -1
    outer loop
      vertex -53.4545 -34.9141 0
      vertex -52.3437 -35.2118 0
      vertex -52.4593 -35.5524 0
    endloop
  endfacet
  facet normal 0 0 -1
    outer loop
      vertex -53.4137 -34.2912 0
      vertex -52.2735 -34.1411 0
      vertex -53.4 -34.5 0
    endloop
  endfacet
  facet normal 0 0 -1
    outer loop
      vertex -53.5218 -35.1123 0
      vertex -52.4593 -35.5524 0
      vertex -52.6184 -35.875 0
    endloop
  endfacet
  facet normal -0 0 -1
    outer loop
      vertex -52.2735 -34.1411 0
      vertex -53.4137 -34.2912 0
      vertex -52.3437 -33.7882 0
    endloop
  endfacet
  facet normal 0 0 -1
    outer loop
      vertex -53.6144 -35.3 0
      vertex -52.6184 -35.875 0
      vertex -52.8183 -36.1741 0
    endloop
  endfacet
  facet normal 0 0 -1
    outer loop
      vertex -53.4545 -34.0859 0
      vertex -52.3437 -33.7882 0
      vertex -53.4137 -34.2912 0
    endloop
  endfacet
  facet normal 0 0 -1
    outer loop
      vertex -53.7306 -35.474 0
      vertex -52.8183 -36.1741 0
      vertex -53.0555 -36.4445 0
    endloop
  endfacet
  facet normal -0 0 -1
    outer loop
      vertex -52.3437 -33.7882 0
      vertex -53.4545 -34.0859 0
      vertex -52.4593 -33.4476 0
    endloop
  endfacet
  facet normal 0 0 -1
    outer loop
      vertex -53.8686 -35.6314 0
      vertex -53.0555 -36.4445 0
      vertex -53.3259 -36.6817 0
    endloop
  endfacet
  facet normal 0 0 -1
    outer loop
      vertex -53.5218 -33.8877 0
      vertex -52.4593 -33.4476 0
      vertex -53.4545 -34.0859 0
    endloop
  endfacet
  facet normal -0 0 -1
    outer loop
      vertex -52.4593 -33.4476 0
      vertex -53.5218 -33.8877 0
      vertex -52.6184 -33.125 0
    endloop
  endfacet
  facet normal 0 0 -1
    outer loop
      vertex -52.2735 -34.8589 0
      vertex -53.4137 -34.7088 0
      vertex -53.4 -34.5 0
    endloop
  endfacet
  facet normal 0 0 -1
    outer loop
      vertex -52.3437 -35.2118 0
      vertex -53.4545 -34.9141 0
      vertex -53.4137 -34.7088 0
    endloop
  endfacet
  facet normal 0 0 -1
    outer loop
      vertex -52.4593 -35.5524 0
      vertex -53.5218 -35.1123 0
      vertex -53.4545 -34.9141 0
    endloop
  endfacet
  facet normal 0 0 -1
    outer loop
      vertex -52.6184 -35.875 0
      vertex -53.6144 -35.3 0
      vertex -53.5218 -35.1123 0
    endloop
  endfacet
  facet normal 0 0 -1
    outer loop
      vertex -54.026 -35.7694 0
      vertex -53.3259 -36.6817 0
      vertex -53.625 -36.8816 0
    endloop
  endfacet
  facet normal 0 0 -1
    outer loop
      vertex -52.8183 -36.1741 0
      vertex -53.7306 -35.474 0
      vertex -53.6144 -35.3 0
    endloop
  endfacet
  facet normal 0 0 -1
    outer loop
      vertex -53.0555 -36.4445 0
      vertex -53.8686 -35.6314 0
      vertex -53.7306 -35.474 0
    endloop
  endfacet
  facet normal 0 0 -1
    outer loop
      vertex -54.2 -35.8856 0
      vertex -53.625 -36.8816 0
      vertex -53.9476 -37.0407 0
    endloop
  endfacet
  facet normal 0 0 -1
    outer loop
      vertex -53.3259 -36.6817 0
      vertex -54.026 -35.7694 0
      vertex -53.8686 -35.6314 0
    endloop
  endfacet
  facet normal 0 0 -1
    outer loop
      vertex -53.625 -36.8816 0
      vertex -54.2 -35.8856 0
      vertex -54.026 -35.7694 0
    endloop
  endfacet
  facet normal 0 0 -1
    outer loop
      vertex -54.3877 -35.9782 0
      vertex -53.9476 -37.0407 0
      vertex -54.2882 -37.1563 0
    endloop
  endfacet
  facet normal 0 0 -1
    outer loop
      vertex -53.9476 -37.0407 0
      vertex -54.3877 -35.9782 0
      vertex -54.2 -35.8856 0
    endloop
  endfacet
  facet normal 0 0 -1
    outer loop
      vertex -54.2882 -37.1563 0
      vertex -54.5859 -36.0455 0
      vertex -54.3877 -35.9782 0
    endloop
  endfacet
  facet normal 0 0 -1
    outer loop
      vertex -54.6411 -37.2265 0
      vertex -54.5859 -36.0455 0
      vertex -54.2882 -37.1563 0
    endloop
  endfacet
  facet normal 0 0 -1
    outer loop
      vertex -54.6411 -37.2265 0
      vertex -54.7912 -36.0863 0
      vertex -54.5859 -36.0455 0
    endloop
  endfacet
  facet normal 0 0 -1
    outer loop
      vertex -55 -37.25 0
      vertex -54.7912 -36.0863 0
      vertex -54.6411 -37.2265 0
    endloop
  endfacet
  facet normal 0 0 -1
    outer loop
      vertex -55 -37.25 0
      vertex -55 -36.1 0
      vertex -54.7912 -36.0863 0
    endloop
  endfacet
  facet normal 0 0 -1
    outer loop
      vertex -55 -37.25 0
      vertex -55.2088 -36.0863 0
      vertex -55 -36.1 0
    endloop
  endfacet
  facet normal 0 0 -1
    outer loop
      vertex -55.3589 -37.2265 0
      vertex -55.2088 -36.0863 0
      vertex -55 -37.25 0
    endloop
  endfacet
  facet normal 0 0 -1
    outer loop
      vertex -55.3589 -37.2265 0
      vertex -55.4141 -36.0455 0
      vertex -55.2088 -36.0863 0
    endloop
  endfacet
  facet normal 0 0 -1
    outer loop
      vertex -55.7118 -37.1563 0
      vertex -55.4141 -36.0455 0
      vertex -55.3589 -37.2265 0
    endloop
  endfacet
  facet normal -0 0 -1
    outer loop
      vertex -55.4141 -36.0455 0
      vertex -55.7118 -37.1563 0
      vertex -55.6123 -35.9782 0
    endloop
  endfacet
  facet normal 0 0 -1
    outer loop
      vertex -56.0524 -37.0407 0
      vertex -55.6123 -35.9782 0
      vertex -55.7118 -37.1563 0
    endloop
  endfacet
  facet normal -0 0 -1
    outer loop
      vertex -55.6123 -35.9782 0
      vertex -56.0524 -37.0407 0
      vertex -55.8 -35.8856 0
    endloop
  endfacet
  facet normal 0 0 -1
    outer loop
      vertex -56.375 -36.8816 0
      vertex -55.8 -35.8856 0
      vertex -56.0524 -37.0407 0
    endloop
  endfacet
  facet normal -0 0 -1
    outer loop
      vertex -55.8 -35.8856 0
      vertex -56.375 -36.8816 0
      vertex -55.974 -35.7694 0
    endloop
  endfacet
  facet normal 0 0 -1
    outer loop
      vertex -56.6741 -36.6817 0
      vertex -55.974 -35.7694 0
      vertex -56.375 -36.8816 0
    endloop
  endfacet
  facet normal -0 0 -1
    outer loop
      vertex -55.974 -35.7694 0
      vertex -56.6741 -36.6817 0
      vertex -56.1314 -35.6314 0
    endloop
  endfacet
  facet normal 0 0 -1
    outer loop
      vertex -56.9445 -36.4445 0
      vertex -56.1314 -35.6314 0
      vertex -56.6741 -36.6817 0
    endloop
  endfacet
  facet normal -0 0 -1
    outer loop
      vertex -56.1314 -35.6314 0
      vertex -56.9445 -36.4445 0
      vertex -56.2694 -35.474 0
    endloop
  endfacet
  facet normal 0 0 -1
    outer loop
      vertex -57.1817 -36.1741 0
      vertex -56.2694 -35.474 0
      vertex -56.9445 -36.4445 0
    endloop
  endfacet
  facet normal -0 0 -1
    outer loop
      vertex -56.2694 -35.474 0
      vertex -57.1817 -36.1741 0
      vertex -56.3856 -35.3 0
    endloop
  endfacet
  facet normal -0 0 -1
    outer loop
      vertex -56.3856 -35.3 0
      vertex -57.3816 -35.875 0
      vertex -56.4782 -35.1123 0
    endloop
  endfacet
  facet normal 0 0 -1
    outer loop
      vertex -57.3816 -35.875 0
      vertex -56.3856 -35.3 0
      vertex -57.1817 -36.1741 0
    endloop
  endfacet
  facet normal 0 0 -1
    outer loop
      vertex -53.6144 -33.7 0
      vertex -52.6184 -33.125 0
      vertex -53.5218 -33.8877 0
    endloop
  endfacet
  facet normal -0 0 -1
    outer loop
      vertex -52.6184 -33.125 0
      vertex -53.6144 -33.7 0
      vertex -52.8183 -32.8259 0
    endloop
  endfacet
  facet normal 0 0 -1
    outer loop
      vertex -53.7306 -33.526 0
      vertex -52.8183 -32.8259 0
      vertex -53.6144 -33.7 0
    endloop
  endfacet
  facet normal -0 0 -1
    outer loop
      vertex -52.8183 -32.8259 0
      vertex -53.7306 -33.526 0
      vertex -53.0555 -32.5555 0
    endloop
  endfacet
  facet normal 0 0 -1
    outer loop
      vertex -53.8686 -33.3686 0
      vertex -53.0555 -32.5555 0
      vertex -53.7306 -33.526 0
    endloop
  endfacet
  facet normal -0 0 -1
    outer loop
      vertex -53.0555 -32.5555 0
      vertex -53.8686 -33.3686 0
      vertex -53.3259 -32.3183 0
    endloop
  endfacet
  facet normal 0 0 -1
    outer loop
      vertex -54.026 -33.2306 0
      vertex -53.3259 -32.3183 0
      vertex -53.8686 -33.3686 0
    endloop
  endfacet
  facet normal -0 0 -1
    outer loop
      vertex -53.3259 -32.3183 0
      vertex -54.026 -33.2306 0
      vertex -53.625 -32.1184 0
    endloop
  endfacet
  facet normal 0 0 -1
    outer loop
      vertex -54.2 -33.1144 0
      vertex -53.625 -32.1184 0
      vertex -54.026 -33.2306 0
    endloop
  endfacet
  facet normal -0 0 -1
    outer loop
      vertex -53.625 -32.1184 0
      vertex -54.2 -33.1144 0
      vertex -53.9476 -31.9593 0
    endloop
  endfacet
  facet normal 0 0 -1
    outer loop
      vertex -54.3877 -33.0218 0
      vertex -53.9476 -31.9593 0
      vertex -54.2 -33.1144 0
    endloop
  endfacet
  facet normal -0 0 -1
    outer loop
      vertex -53.9476 -31.9593 0
      vertex -54.3877 -33.0218 0
      vertex -54.2882 -31.8437 0
    endloop
  endfacet
  facet normal 0 0 -1
    outer loop
      vertex -54.5859 -32.9545 0
      vertex -54.2882 -31.8437 0
      vertex -54.3877 -33.0218 0
    endloop
  endfacet
  facet normal 0 0 -1
    outer loop
      vertex -54.5859 -32.9545 0
      vertex -54.6411 -31.7735 0
      vertex -54.2882 -31.8437 0
    endloop
  endfacet
  facet normal 0 0 -1
    outer loop
      vertex -54.7912 -32.9137 0
      vertex -54.6411 -31.7735 0
      vertex -54.5859 -32.9545 0
    endloop
  endfacet
  facet normal 0 0 -1
    outer loop
      vertex -55 -32.9 0
      vertex -54.6411 -31.7735 0
      vertex -54.7912 -32.9137 0
    endloop
  endfacet
  facet normal 0 0 -1
    outer loop
      vertex -55 -32.9 0
      vertex -55 -31.75 0
      vertex -54.6411 -31.7735 0
    endloop
  endfacet
  facet normal 0 0 -1
    outer loop
      vertex -55.2088 -32.9137 0
      vertex -55 -31.75 0
      vertex -55 -32.9 0
    endloop
  endfacet
  facet normal 0 0 -1
    outer loop
      vertex -55.2088 -32.9137 0
      vertex -55.3589 -31.7735 0
      vertex -55 -31.75 0
    endloop
  endfacet
  facet normal 0 0 -1
    outer loop
      vertex -55.4141 -32.9545 0
      vertex -55.3589 -31.7735 0
      vertex -55.2088 -32.9137 0
    endloop
  endfacet
  facet normal 0 0 -1
    outer loop
      vertex -55.7118 -31.8437 0
      vertex -55.4141 -32.9545 0
      vertex -55.6123 -33.0218 0
    endloop
  endfacet
  facet normal 0 0 -1
    outer loop
      vertex -55.4141 -32.9545 0
      vertex -55.7118 -31.8437 0
      vertex -55.3589 -31.7735 0
    endloop
  endfacet
  facet normal 0 0 -1
    outer loop
      vertex -56.0524 -31.9593 0
      vertex -55.6123 -33.0218 0
      vertex -55.8 -33.1144 0
    endloop
  endfacet
  facet normal 0 0 -1
    outer loop
      vertex -56.375 -32.1184 0
      vertex -55.8 -33.1144 0
      vertex -55.974 -33.2306 0
    endloop
  endfacet
  facet normal 0 0 -1
    outer loop
      vertex -55.6123 -33.0218 0
      vertex -56.0524 -31.9593 0
      vertex -55.7118 -31.8437 0
    endloop
  endfacet
  facet normal 0 0 -1
    outer loop
      vertex -56.6741 -32.3183 0
      vertex -55.974 -33.2306 0
      vertex -56.1314 -33.3686 0
    endloop
  endfacet
  facet normal 0 0 -1
    outer loop
      vertex -56.9445 -32.5555 0
      vertex -56.1314 -33.3686 0
      vertex -56.2694 -33.526 0
    endloop
  endfacet
  facet normal 0 0 -1
    outer loop
      vertex -55.8 -33.1144 0
      vertex -56.375 -32.1184 0
      vertex -56.0524 -31.9593 0
    endloop
  endfacet
  facet normal 0 0 -1
    outer loop
      vertex -57.1817 -32.8259 0
      vertex -56.2694 -33.526 0
      vertex -56.3856 -33.7 0
    endloop
  endfacet
  facet normal 0 0 -1
    outer loop
      vertex -57.3816 -33.125 0
      vertex -56.3856 -33.7 0
      vertex -56.4782 -33.8877 0
    endloop
  endfacet
  facet normal 0 0 -1
    outer loop
      vertex -57.5407 -33.4476 0
      vertex -56.4782 -33.8877 0
      vertex -56.5455 -34.0859 0
    endloop
  endfacet
  facet normal 0 0 -1
    outer loop
      vertex -57.6563 -33.7882 0
      vertex -56.5455 -34.0859 0
      vertex -56.5863 -34.2912 0
    endloop
  endfacet
  facet normal 0 0 -1
    outer loop
      vertex -55.974 -33.2306 0
      vertex -56.6741 -32.3183 0
      vertex -56.375 -32.1184 0
    endloop
  endfacet
  facet normal 0 0 -1
    outer loop
      vertex -57.7265 -34.1411 0
      vertex -56.5863 -34.2912 0
      vertex -56.6 -34.5 0
    endloop
  endfacet
  facet normal 0 0 -1
    outer loop
      vertex -57.5407 -35.5524 0
      vertex -56.4782 -35.1123 0
      vertex -57.3816 -35.875 0
    endloop
  endfacet
  facet normal -0 0 -1
    outer loop
      vertex -56.4782 -35.1123 0
      vertex -57.5407 -35.5524 0
      vertex -56.5455 -34.9141 0
    endloop
  endfacet
  facet normal 0 0 -1
    outer loop
      vertex -56.1314 -33.3686 0
      vertex -56.9445 -32.5555 0
      vertex -56.6741 -32.3183 0
    endloop
  endfacet
  facet normal 0 0 -1
    outer loop
      vertex -57.6563 -35.2118 0
      vertex -56.5455 -34.9141 0
      vertex -57.5407 -35.5524 0
    endloop
  endfacet
  facet normal 0 0 -1
    outer loop
      vertex -56.2694 -33.526 0
      vertex -57.1817 -32.8259 0
      vertex -56.9445 -32.5555 0
    endloop
  endfacet
  facet normal -0 0 -1
    outer loop
      vertex -56.5455 -34.9141 0
      vertex -57.6563 -35.2118 0
      vertex -56.5863 -34.7088 0
    endloop
  endfacet
  facet normal 0 0 -1
    outer loop
      vertex -56.3856 -33.7 0
      vertex -57.3816 -33.125 0
      vertex -57.1817 -32.8259 0
    endloop
  endfacet
  facet normal 0 0 -1
    outer loop
      vertex -57.7265 -34.8589 0
      vertex -56.5863 -34.7088 0
      vertex -57.6563 -35.2118 0
    endloop
  endfacet
  facet normal 0 0 -1
    outer loop
      vertex -56.4782 -33.8877 0
      vertex -57.5407 -33.4476 0
      vertex -57.3816 -33.125 0
    endloop
  endfacet
  facet normal -0 0 -1
    outer loop
      vertex -56.5863 -34.7088 0
      vertex -57.7265 -34.8589 0
      vertex -56.6 -34.5 0
    endloop
  endfacet
  facet normal 0 0 -1
    outer loop
      vertex -56.5455 -34.0859 0
      vertex -57.6563 -33.7882 0
      vertex -57.5407 -33.4476 0
    endloop
  endfacet
  facet normal 0 0 -1
    outer loop
      vertex -57.75 -34.5 0
      vertex -56.6 -34.5 0
      vertex -57.7265 -34.8589 0
    endloop
  endfacet
  facet normal 0 0 -1
    outer loop
      vertex -56.5863 -34.2912 0
      vertex -57.7265 -34.1411 0
      vertex -57.6563 -33.7882 0
    endloop
  endfacet
  facet normal 0 0 -1
    outer loop
      vertex -56.6 -34.5 0
      vertex -57.75 -34.5 0
      vertex -57.7265 -34.1411 0
    endloop
  endfacet
  facet normal -0.751749 0.659449 0
    outer loop
      vertex -57.1817 -32.8259 0
      vertex -56.9445 -32.5555 3
      vertex -56.9445 -32.5555 0
    endloop
  endfacet
  facet normal -0.751749 0.659449 0
    outer loop
      vertex -56.9445 -32.5555 3
      vertex -57.1817 -32.8259 0
      vertex -57.1817 -32.8259 3
    endloop
  endfacet
  facet normal 0.0653379 0.997863 -0
    outer loop
      vertex -54.6411 -31.7735 0
      vertex -55 -31.75 3
      vertex -54.6411 -31.7735 3
    endloop
  endfacet
  facet normal 0.0653379 0.997863 0
    outer loop
      vertex -55 -31.75 3
      vertex -54.6411 -31.7735 0
      vertex -55 -31.75 0
    endloop
  endfacet
  facet normal 0.555662 0.831408 -0
    outer loop
      vertex -53.3259 -32.3183 0
      vertex -53.625 -32.1184 3
      vertex -53.3259 -32.3183 3
    endloop
  endfacet
  facet normal 0.555662 0.831408 0
    outer loop
      vertex -53.625 -32.1184 3
      vertex -53.3259 -32.3183 0
      vertex -53.625 -32.1184 0
    endloop
  endfacet
  facet normal 0 0 1
    outer loop
      vertex -53.4 -34.5 3
      vertex -52.25 -34.5 3
      vertex -52.2735 -34.1411 3
    endloop
  endfacet
  facet normal 0 0 1
    outer loop
      vertex -53.4137 -34.2912 3
      vertex -52.2735 -34.1411 3
      vertex -52.3437 -33.7882 3
    endloop
  endfacet
  facet normal 0 0 1
    outer loop
      vertex -52.25 -34.5 3
      vertex -53.4 -34.5 3
      vertex -52.2735 -34.8589 3
    endloop
  endfacet
  facet normal 0 0 1
    outer loop
      vertex -53.4545 -34.0859 3
      vertex -52.3437 -33.7882 3
      vertex -52.4593 -33.4476 3
    endloop
  endfacet
  facet normal -0 0 1
    outer loop
      vertex -53.4137 -34.7088 3
      vertex -52.2735 -34.8589 3
      vertex -53.4 -34.5 3
    endloop
  endfacet
  facet normal 0 0 1
    outer loop
      vertex -53.5218 -33.8877 3
      vertex -52.4593 -33.4476 3
      vertex -52.6184 -33.125 3
    endloop
  endfacet
  facet normal 0 0 1
    outer loop
      vertex -52.2735 -34.8589 3
      vertex -53.4137 -34.7088 3
      vertex -52.3437 -35.2118 3
    endloop
  endfacet
  facet normal 0 0 1
    outer loop
      vertex -53.6144 -33.7 3
      vertex -52.6184 -33.125 3
      vertex -52.8183 -32.8259 3
    endloop
  endfacet
  facet normal -0 0 1
    outer loop
      vertex -53.4545 -34.9141 3
      vertex -52.3437 -35.2118 3
      vertex -53.4137 -34.7088 3
    endloop
  endfacet
  facet normal 0 0 1
    outer loop
      vertex -53.7306 -33.526 3
      vertex -52.8183 -32.8259 3
      vertex -53.0555 -32.5555 3
    endloop
  endfacet
  facet normal 0 0 1
    outer loop
      vertex -52.3437 -35.2118 3
      vertex -53.4545 -34.9141 3
      vertex -52.4593 -35.5524 3
    endloop
  endfacet
  facet normal 0 0 1
    outer loop
      vertex -53.8686 -33.3686 3
      vertex -53.0555 -32.5555 3
      vertex -53.3259 -32.3183 3
    endloop
  endfacet
  facet normal -0 0 1
    outer loop
      vertex -53.5218 -35.1123 3
      vertex -52.4593 -35.5524 3
      vertex -53.4545 -34.9141 3
    endloop
  endfacet
  facet normal 0 0 1
    outer loop
      vertex -52.4593 -35.5524 3
      vertex -53.5218 -35.1123 3
      vertex -52.6184 -35.875 3
    endloop
  endfacet
  facet normal 0 0 1
    outer loop
      vertex -52.2735 -34.1411 3
      vertex -53.4137 -34.2912 3
      vertex -53.4 -34.5 3
    endloop
  endfacet
  facet normal 0 0 1
    outer loop
      vertex -52.3437 -33.7882 3
      vertex -53.4545 -34.0859 3
      vertex -53.4137 -34.2912 3
    endloop
  endfacet
  facet normal 0 0 1
    outer loop
      vertex -52.4593 -33.4476 3
      vertex -53.5218 -33.8877 3
      vertex -53.4545 -34.0859 3
    endloop
  endfacet
  facet normal 0 0 1
    outer loop
      vertex -52.6184 -33.125 3
      vertex -53.6144 -33.7 3
      vertex -53.5218 -33.8877 3
    endloop
  endfacet
  facet normal 0 0 1
    outer loop
      vertex -54.026 -33.2306 3
      vertex -53.3259 -32.3183 3
      vertex -53.625 -32.1184 3
    endloop
  endfacet
  facet normal 0 0 1
    outer loop
      vertex -52.8183 -32.8259 3
      vertex -53.7306 -33.526 3
      vertex -53.6144 -33.7 3
    endloop
  endfacet
  facet normal 0 0 1
    outer loop
      vertex -53.0555 -32.5555 3
      vertex -53.8686 -33.3686 3
      vertex -53.7306 -33.526 3
    endloop
  endfacet
  facet normal 0 0 1
    outer loop
      vertex -54.2 -33.1144 3
      vertex -53.625 -32.1184 3
      vertex -53.9476 -31.9593 3
    endloop
  endfacet
  facet normal 0 0 1
    outer loop
      vertex -53.3259 -32.3183 3
      vertex -54.026 -33.2306 3
      vertex -53.8686 -33.3686 3
    endloop
  endfacet
  facet normal 0 0 1
    outer loop
      vertex -53.625 -32.1184 3
      vertex -54.2 -33.1144 3
      vertex -54.026 -33.2306 3
    endloop
  endfacet
  facet normal 0 0 1
    outer loop
      vertex -54.3877 -33.0218 3
      vertex -53.9476 -31.9593 3
      vertex -54.2882 -31.8437 3
    endloop
  endfacet
  facet normal 0 0 1
    outer loop
      vertex -53.9476 -31.9593 3
      vertex -54.3877 -33.0218 3
      vertex -54.2 -33.1144 3
    endloop
  endfacet
  facet normal 0 0 1
    outer loop
      vertex -54.2882 -31.8437 3
      vertex -54.5859 -32.9545 3
      vertex -54.3877 -33.0218 3
    endloop
  endfacet
  facet normal 0 0 1
    outer loop
      vertex -54.6411 -31.7735 3
      vertex -54.5859 -32.9545 3
      vertex -54.2882 -31.8437 3
    endloop
  endfacet
  facet normal 0 0 1
    outer loop
      vertex -54.6411 -31.7735 3
      vertex -54.7912 -32.9137 3
      vertex -54.5859 -32.9545 3
    endloop
  endfacet
  facet normal 0 0 1
    outer loop
      vertex -55 -31.75 3
      vertex -54.7912 -32.9137 3
      vertex -54.6411 -31.7735 3
    endloop
  endfacet
  facet normal 0 0 1
    outer loop
      vertex -55 -31.75 3
      vertex -55 -32.9 3
      vertex -54.7912 -32.9137 3
    endloop
  endfacet
  facet normal 0 0 1
    outer loop
      vertex -55 -31.75 3
      vertex -55.2088 -32.9137 3
      vertex -55 -32.9 3
    endloop
  endfacet
  facet normal -0 0 1
    outer loop
      vertex -55.3589 -31.7735 3
      vertex -55.2088 -32.9137 3
      vertex -55 -31.75 3
    endloop
  endfacet
  facet normal 0 0 1
    outer loop
      vertex -55.3589 -31.7735 3
      vertex -55.4141 -32.9545 3
      vertex -55.2088 -32.9137 3
    endloop
  endfacet
  facet normal -0 0 1
    outer loop
      vertex -55.7118 -31.8437 3
      vertex -55.4141 -32.9545 3
      vertex -55.3589 -31.7735 3
    endloop
  endfacet
  facet normal 0 0 1
    outer loop
      vertex -55.4141 -32.9545 3
      vertex -55.7118 -31.8437 3
      vertex -55.6123 -33.0218 3
    endloop
  endfacet
  facet normal -0 0 1
    outer loop
      vertex -56.0524 -31.9593 3
      vertex -55.6123 -33.0218 3
      vertex -55.7118 -31.8437 3
    endloop
  endfacet
  facet normal 0 0 1
    outer loop
      vertex -55.6123 -33.0218 3
      vertex -56.0524 -31.9593 3
      vertex -55.8 -33.1144 3
    endloop
  endfacet
  facet normal -0 0 1
    outer loop
      vertex -56.375 -32.1184 3
      vertex -55.8 -33.1144 3
      vertex -56.0524 -31.9593 3
    endloop
  endfacet
  facet normal 0 0 1
    outer loop
      vertex -55.8 -33.1144 3
      vertex -56.375 -32.1184 3
      vertex -55.974 -33.2306 3
    endloop
  endfacet
  facet normal -0 0 1
    outer loop
      vertex -56.6741 -32.3183 3
      vertex -55.974 -33.2306 3
      vertex -56.375 -32.1184 3
    endloop
  endfacet
  facet normal 0 0 1
    outer loop
      vertex -55.974 -33.2306 3
      vertex -56.6741 -32.3183 3
      vertex -56.1314 -33.3686 3
    endloop
  endfacet
  facet normal -0 0 1
    outer loop
      vertex -56.9445 -32.5555 3
      vertex -56.1314 -33.3686 3
      vertex -56.6741 -32.3183 3
    endloop
  endfacet
  facet normal 0 0 1
    outer loop
      vertex -56.1314 -33.3686 3
      vertex -56.9445 -32.5555 3
      vertex -56.2694 -33.526 3
    endloop
  endfacet
  facet normal -0 0 1
    outer loop
      vertex -57.1817 -32.8259 3
      vertex -56.2694 -33.526 3
      vertex -56.9445 -32.5555 3
    endloop
  endfacet
  facet normal 0 0 1
    outer loop
      vertex -56.2694 -33.526 3
      vertex -57.1817 -32.8259 3
      vertex -56.3856 -33.7 3
    endloop
  endfacet
  facet normal 0 0 1
    outer loop
      vertex -56.3856 -33.7 3
      vertex -57.3816 -33.125 3
      vertex -56.4782 -33.8877 3
    endloop
  endfacet
  facet normal -0 0 1
    outer loop
      vertex -57.3816 -33.125 3
      vertex -56.3856 -33.7 3
      vertex -57.1817 -32.8259 3
    endloop
  endfacet
  facet normal -0 0 1
    outer loop
      vertex -53.6144 -35.3 3
      vertex -52.6184 -35.875 3
      vertex -53.5218 -35.1123 3
    endloop
  endfacet
  facet normal 0 0 1
    outer loop
      vertex -52.6184 -35.875 3
      vertex -53.6144 -35.3 3
      vertex -52.8183 -36.1741 3
    endloop
  endfacet
  facet normal -0 0 1
    outer loop
      vertex -53.7306 -35.474 3
      vertex -52.8183 -36.1741 3
      vertex -53.6144 -35.3 3
    endloop
  endfacet
  facet normal 0 0 1
    outer loop
      vertex -52.8183 -36.1741 3
      vertex -53.7306 -35.474 3
      vertex -53.0555 -36.4445 3
    endloop
  endfacet
  facet normal -0 0 1
    outer loop
      vertex -53.8686 -35.6314 3
      vertex -53.0555 -36.4445 3
      vertex -53.7306 -35.474 3
    endloop
  endfacet
  facet normal 0 0 1
    outer loop
      vertex -53.0555 -36.4445 3
      vertex -53.8686 -35.6314 3
      vertex -53.3259 -36.6817 3
    endloop
  endfacet
  facet normal -0 0 1
    outer loop
      vertex -54.026 -35.7694 3
      vertex -53.3259 -36.6817 3
      vertex -53.8686 -35.6314 3
    endloop
  endfacet
  facet normal 0 0 1
    outer loop
      vertex -53.3259 -36.6817 3
      vertex -54.026 -35.7694 3
      vertex -53.625 -36.8816 3
    endloop
  endfacet
  facet normal -0 0 1
    outer loop
      vertex -54.2 -35.8856 3
      vertex -53.625 -36.8816 3
      vertex -54.026 -35.7694 3
    endloop
  endfacet
  facet normal 0 0 1
    outer loop
      vertex -53.625 -36.8816 3
      vertex -54.2 -35.8856 3
      vertex -53.9476 -37.0407 3
    endloop
  endfacet
  facet normal -0 0 1
    outer loop
      vertex -54.3877 -35.9782 3
      vertex -53.9476 -37.0407 3
      vertex -54.2 -35.8856 3
    endloop
  endfacet
  facet normal 0 0 1
    outer loop
      vertex -53.9476 -37.0407 3
      vertex -54.3877 -35.9782 3
      vertex -54.2882 -37.1563 3
    endloop
  endfacet
  facet normal -0 0 1
    outer loop
      vertex -54.5859 -36.0455 3
      vertex -54.2882 -37.1563 3
      vertex -54.3877 -35.9782 3
    endloop
  endfacet
  facet normal 0 0 1
    outer loop
      vertex -54.5859 -36.0455 3
      vertex -54.6411 -37.2265 3
      vertex -54.2882 -37.1563 3
    endloop
  endfacet
  facet normal -0 0 1
    outer loop
      vertex -54.7912 -36.0863 3
      vertex -54.6411 -37.2265 3
      vertex -54.5859 -36.0455 3
    endloop
  endfacet
  facet normal -0 0 1
    outer loop
      vertex -55 -36.1 3
      vertex -54.6411 -37.2265 3
      vertex -54.7912 -36.0863 3
    endloop
  endfacet
  facet normal 0 0 1
    outer loop
      vertex -55 -36.1 3
      vertex -55 -37.25 3
      vertex -54.6411 -37.2265 3
    endloop
  endfacet
  facet normal 0 0 1
    outer loop
      vertex -55.2088 -36.0863 3
      vertex -55 -37.25 3
      vertex -55 -36.1 3
    endloop
  endfacet
  facet normal 0 0 1
    outer loop
      vertex -55.2088 -36.0863 3
      vertex -55.3589 -37.2265 3
      vertex -55 -37.25 3
    endloop
  endfacet
  facet normal 0 0 1
    outer loop
      vertex -55.4141 -36.0455 3
      vertex -55.3589 -37.2265 3
      vertex -55.2088 -36.0863 3
    endloop
  endfacet
  facet normal 0 0 1
    outer loop
      vertex -55.7118 -37.1563 3
      vertex -55.4141 -36.0455 3
      vertex -55.6123 -35.9782 3
    endloop
  endfacet
  facet normal 0 0 1
    outer loop
      vertex -55.4141 -36.0455 3
      vertex -55.7118 -37.1563 3
      vertex -55.3589 -37.2265 3
    endloop
  endfacet
  facet normal 0 0 1
    outer loop
      vertex -56.0524 -37.0407 3
      vertex -55.6123 -35.9782 3
      vertex -55.8 -35.8856 3
    endloop
  endfacet
  facet normal 0 0 1
    outer loop
      vertex -56.375 -36.8816 3
      vertex -55.8 -35.8856 3
      vertex -55.974 -35.7694 3
    endloop
  endfacet
  facet normal 0 0 1
    outer loop
      vertex -55.6123 -35.9782 3
      vertex -56.0524 -37.0407 3
      vertex -55.7118 -37.1563 3
    endloop
  endfacet
  facet normal 0 0 1
    outer loop
      vertex -56.6741 -36.6817 3
      vertex -55.974 -35.7694 3
      vertex -56.1314 -35.6314 3
    endloop
  endfacet
  facet normal 0 0 1
    outer loop
      vertex -56.9445 -36.4445 3
      vertex -56.1314 -35.6314 3
      vertex -56.2694 -35.474 3
    endloop
  endfacet
  facet normal 0 0 1
    outer loop
      vertex -55.8 -35.8856 3
      vertex -56.375 -36.8816 3
      vertex -56.0524 -37.0407 3
    endloop
  endfacet
  facet normal 0 0 1
    outer loop
      vertex -57.1817 -36.1741 3
      vertex -56.2694 -35.474 3
      vertex -56.3856 -35.3 3
    endloop
  endfacet
  facet normal 0 0 1
    outer loop
      vertex -57.3816 -35.875 3
      vertex -56.3856 -35.3 3
      vertex -56.4782 -35.1123 3
    endloop
  endfacet
  facet normal 0 0 1
    outer loop
      vertex -57.5407 -35.5524 3
      vertex -56.4782 -35.1123 3
      vertex -56.5455 -34.9141 3
    endloop
  endfacet
  facet normal 0 0 1
    outer loop
      vertex -57.6563 -35.2118 3
      vertex -56.5455 -34.9141 3
      vertex -56.5863 -34.7088 3
    endloop
  endfacet
  facet normal 0 0 1
    outer loop
      vertex -55.974 -35.7694 3
      vertex -56.6741 -36.6817 3
      vertex -56.375 -36.8816 3
    endloop
  endfacet
  facet normal 0 0 1
    outer loop
      vertex -57.7265 -34.8589 3
      vertex -56.5863 -34.7088 3
      vertex -56.6 -34.5 3
    endloop
  endfacet
  facet normal -0 0 1
    outer loop
      vertex -57.5407 -33.4476 3
      vertex -56.4782 -33.8877 3
      vertex -57.3816 -33.125 3
    endloop
  endfacet
  facet normal 0 0 1
    outer loop
      vertex -56.4782 -33.8877 3
      vertex -57.5407 -33.4476 3
      vertex -56.5455 -34.0859 3
    endloop
  endfacet
  facet normal 0 0 1
    outer loop
      vertex -56.1314 -35.6314 3
      vertex -56.9445 -36.4445 3
      vertex -56.6741 -36.6817 3
    endloop
  endfacet
  facet normal -0 0 1
    outer loop
      vertex -57.6563 -33.7882 3
      vertex -56.5455 -34.0859 3
      vertex -57.5407 -33.4476 3
    endloop
  endfacet
  facet normal 0 0 1
    outer loop
      vertex -56.2694 -35.474 3
      vertex -57.1817 -36.1741 3
      vertex -56.9445 -36.4445 3
    endloop
  endfacet
  facet normal 0 0 1
    outer loop
      vertex -56.5455 -34.0859 3
      vertex -57.6563 -33.7882 3
      vertex -56.5863 -34.2912 3
    endloop
  endfacet
  facet normal 0 0 1
    outer loop
      vertex -56.3856 -35.3 3
      vertex -57.3816 -35.875 3
      vertex -57.1817 -36.1741 3
    endloop
  endfacet
  facet normal -0 0 1
    outer loop
      vertex -57.7265 -34.1411 3
      vertex -56.5863 -34.2912 3
      vertex -57.6563 -33.7882 3
    endloop
  endfacet
  facet normal 0 0 1
    outer loop
      vertex -56.4782 -35.1123 3
      vertex -57.5407 -35.5524 3
      vertex -57.3816 -35.875 3
    endloop
  endfacet
  facet normal 0 0 1
    outer loop
      vertex -56.5863 -34.2912 3
      vertex -57.7265 -34.1411 3
      vertex -56.6 -34.5 3
    endloop
  endfacet
  facet normal 0 0 1
    outer loop
      vertex -56.5455 -34.9141 3
      vertex -57.6563 -35.2118 3
      vertex -57.5407 -35.5524 3
    endloop
  endfacet
  facet normal 0 0 1
    outer loop
      vertex -57.75 -34.5 3
      vertex -56.6 -34.5 3
      vertex -57.7265 -34.1411 3
    endloop
  endfacet
  facet normal 0 0 1
    outer loop
      vertex -56.5863 -34.7088 3
      vertex -57.7265 -34.8589 3
      vertex -57.6563 -35.2118 3
    endloop
  endfacet
  facet normal 0 0 1
    outer loop
      vertex -56.6 -34.5 3
      vertex -57.75 -34.5 3
      vertex -57.7265 -34.8589 3
    endloop
  endfacet
  facet normal -0.442314 -0.89686 0
    outer loop
      vertex -56.375 -36.8816 0
      vertex -56.0524 -37.0407 3
      vertex -56.375 -36.8816 3
    endloop
  endfacet
  facet normal -0.442314 -0.89686 -0
    outer loop
      vertex -56.0524 -37.0407 3
      vertex -56.375 -36.8816 0
      vertex -56.0524 -37.0407 0
    endloop
  endfacet
  facet normal -0.831408 -0.555662 0
    outer loop
      vertex -57.1817 -36.1741 0
      vertex -57.3816 -35.875 3
      vertex -57.3816 -35.875 0
    endloop
  endfacet
  facet normal -0.831408 -0.555662 0
    outer loop
      vertex -57.3816 -35.875 3
      vertex -57.1817 -36.1741 0
      vertex -57.1817 -36.1741 3
    endloop
  endfacet
  facet normal -0.980783 -0.195101 0
    outer loop
      vertex -57.6563 -35.2118 0
      vertex -57.7265 -34.8589 3
      vertex -57.7265 -34.8589 0
    endloop
  endfacet
  facet normal -0.980783 -0.195101 0
    outer loop
      vertex -57.7265 -34.8589 3
      vertex -57.6563 -35.2118 0
      vertex -57.6563 -35.2118 3
    endloop
  endfacet
  facet normal -0.659449 -0.751749 0
    outer loop
      vertex -56.9445 -36.4445 0
      vertex -56.6741 -36.6817 3
      vertex -56.9445 -36.4445 3
    endloop
  endfacet
  facet normal -0.659449 -0.751749 -0
    outer loop
      vertex -56.6741 -36.6817 3
      vertex -56.9445 -36.4445 0
      vertex -56.6741 -36.6817 0
    endloop
  endfacet
  facet normal -0.89686 0.442314 0
    outer loop
      vertex -57.5407 -33.4476 0
      vertex -57.3816 -33.125 3
      vertex -57.3816 -33.125 0
    endloop
  endfacet
  facet normal -0.89686 0.442314 0
    outer loop
      vertex -57.3816 -33.125 3
      vertex -57.5407 -33.4476 0
      vertex -57.5407 -33.4476 3
    endloop
  endfacet
  facet normal -0.997863 -0.0653379 0
    outer loop
      vertex -57.7265 -34.8589 0
      vertex -57.75 -34.5 3
      vertex -57.75 -34.5 0
    endloop
  endfacet
  facet normal -0.997863 -0.0653379 0
    outer loop
      vertex -57.75 -34.5 3
      vertex -57.7265 -34.8589 0
      vertex -57.7265 -34.8589 3
    endloop
  endfacet
  facet normal 0.555662 -0.831408 0
    outer loop
      vertex -53.625 -36.8816 0
      vertex -53.3259 -36.6817 3
      vertex -53.625 -36.8816 3
    endloop
  endfacet
  facet normal 0.555662 -0.831408 0
    outer loop
      vertex -53.3259 -36.6817 3
      vertex -53.625 -36.8816 0
      vertex -53.3259 -36.6817 0
    endloop
  endfacet
  facet normal -0.555662 -0.831408 0
    outer loop
      vertex -56.6741 -36.6817 0
      vertex -56.375 -36.8816 3
      vertex -56.6741 -36.6817 3
    endloop
  endfacet
  facet normal -0.555662 -0.831408 -0
    outer loop
      vertex -56.375 -36.8816 3
      vertex -56.6741 -36.6817 0
      vertex -56.375 -36.8816 0
    endloop
  endfacet
  facet normal -0.194922 -0.980819 0
    outer loop
      vertex -54.7912 -32.9137 0
      vertex -54.5859 -32.9545 3
      vertex -54.7912 -32.9137 3
    endloop
  endfacet
  facet normal -0.194922 -0.980819 -0
    outer loop
      vertex -54.5859 -32.9545 3
      vertex -54.7912 -32.9137 0
      vertex -54.5859 -32.9545 0
    endloop
  endfacet
  facet normal -0.980819 -0.194922 0
    outer loop
      vertex -53.4137 -34.2912 0
      vertex -53.4545 -34.0859 3
      vertex -53.4545 -34.0859 0
    endloop
  endfacet
  facet normal -0.980819 -0.194922 0
    outer loop
      vertex -53.4545 -34.0859 3
      vertex -53.4137 -34.2912 0
      vertex -53.4137 -34.2912 3
    endloop
  endfacet
  facet normal -0.997854 -0.0654722 0
    outer loop
      vertex -53.4 -34.5 0
      vertex -53.4137 -34.2912 3
      vertex -53.4137 -34.2912 0
    endloop
  endfacet
  facet normal -0.997854 -0.0654722 0
    outer loop
      vertex -53.4137 -34.2912 3
      vertex -53.4 -34.5 0
      vertex -53.4 -34.5 3
    endloop
  endfacet
  facet normal -0.946901 -0.321526 0
    outer loop
      vertex -53.4545 -34.0859 0
      vertex -53.5218 -33.8877 3
      vertex -53.5218 -33.8877 0
    endloop
  endfacet
  facet normal -0.946901 -0.321526 0
    outer loop
      vertex -53.5218 -33.8877 3
      vertex -53.4545 -34.0859 0
      vertex -53.4545 -34.0859 3
    endloop
  endfacet
  facet normal -0.831609 -0.555362 0
    outer loop
      vertex -53.6144 -33.7 0
      vertex -53.7306 -33.526 3
      vertex -53.7306 -33.526 0
    endloop
  endfacet
  facet normal -0.831609 -0.555362 0
    outer loop
      vertex -53.7306 -33.526 3
      vertex -53.6144 -33.7 0
      vertex -53.6144 -33.7 3
    endloop
  endfacet
  facet normal -0.321526 -0.946901 0
    outer loop
      vertex -54.5859 -32.9545 0
      vertex -54.3877 -33.0218 3
      vertex -54.5859 -32.9545 3
    endloop
  endfacet
  facet normal -0.321526 -0.946901 -0
    outer loop
      vertex -54.3877 -33.0218 3
      vertex -54.5859 -32.9545 0
      vertex -54.3877 -33.0218 0
    endloop
  endfacet
  facet normal -0.997854 0.0654722 0
    outer loop
      vertex -53.4137 -34.7088 0
      vertex -53.4 -34.5 3
      vertex -53.4 -34.5 0
    endloop
  endfacet
  facet normal -0.997854 0.0654722 0
    outer loop
      vertex -53.4 -34.5 3
      vertex -53.4137 -34.7088 0
      vertex -53.4137 -34.7088 3
    endloop
  endfacet
  facet normal 0.555362 0.831609 -0
    outer loop
      vertex -55.8 -35.8856 0
      vertex -55.974 -35.7694 3
      vertex -55.8 -35.8856 3
    endloop
  endfacet
  facet normal 0.555362 0.831609 0
    outer loop
      vertex -55.974 -35.7694 3
      vertex -55.8 -35.8856 0
      vertex -55.974 -35.7694 0
    endloop
  endfacet
  facet normal 0.321526 0.946901 -0
    outer loop
      vertex -55.4141 -36.0455 0
      vertex -55.6123 -35.9782 3
      vertex -55.4141 -36.0455 3
    endloop
  endfacet
  facet normal 0.321526 0.946901 0
    outer loop
      vertex -55.6123 -35.9782 3
      vertex -55.4141 -36.0455 0
      vertex -55.6123 -35.9782 0
    endloop
  endfacet
  facet normal -0.896803 -0.442429 0
    outer loop
      vertex -53.5218 -33.8877 0
      vertex -53.6144 -33.7 3
      vertex -53.6144 -33.7 0
    endloop
  endfacet
  facet normal -0.896803 -0.442429 0
    outer loop
      vertex -53.6144 -33.7 3
      vertex -53.5218 -33.8877 0
      vertex -53.5218 -33.8877 3
    endloop
  endfacet
  facet normal 0.321526 -0.946901 0
    outer loop
      vertex -55.6123 -33.0218 0
      vertex -55.4141 -32.9545 3
      vertex -55.6123 -33.0218 3
    endloop
  endfacet
  facet normal 0.321526 -0.946901 0
    outer loop
      vertex -55.4141 -32.9545 3
      vertex -55.6123 -33.0218 0
      vertex -55.4141 -32.9545 0
    endloop
  endfacet
  facet normal -0.751925 -0.659248 0
    outer loop
      vertex -53.7306 -33.526 0
      vertex -53.8686 -33.3686 3
      vertex -53.8686 -33.3686 0
    endloop
  endfacet
  facet normal -0.751925 -0.659248 0
    outer loop
      vertex -53.8686 -33.3686 3
      vertex -53.7306 -33.526 0
      vertex -53.7306 -33.526 3
    endloop
  endfacet
  facet normal -0.946901 0.321526 0
    outer loop
      vertex -53.5218 -35.1123 0
      vertex -53.4545 -34.9141 3
      vertex -53.4545 -34.9141 0
    endloop
  endfacet
  facet normal -0.946901 0.321526 0
    outer loop
      vertex -53.4545 -34.9141 3
      vertex -53.5218 -35.1123 0
      vertex -53.5218 -35.1123 3
    endloop
  endfacet
  facet normal 0.751925 0.659248 0
    outer loop
      vertex -56.1314 -35.6314 3
      vertex -56.2694 -35.474 0
      vertex -56.2694 -35.474 3
    endloop
  endfacet
  facet normal 0.751925 0.659248 0
    outer loop
      vertex -56.2694 -35.474 0
      vertex -56.1314 -35.6314 3
      vertex -56.1314 -35.6314 0
    endloop
  endfacet
  facet normal -0.980819 0.194922 0
    outer loop
      vertex -53.4545 -34.9141 0
      vertex -53.4137 -34.7088 3
      vertex -53.4137 -34.7088 0
    endloop
  endfacet
  facet normal -0.980819 0.194922 0
    outer loop
      vertex -53.4137 -34.7088 3
      vertex -53.4545 -34.9141 0
      vertex -53.4545 -34.9141 3
    endloop
  endfacet
  facet normal 0.659248 -0.751925 0
    outer loop
      vertex -56.1314 -33.3686 0
      vertex -55.974 -33.2306 3
      vertex -56.1314 -33.3686 3
    endloop
  endfacet
  facet normal 0.659248 -0.751925 0
    outer loop
      vertex -55.974 -33.2306 3
      vertex -56.1314 -33.3686 0
      vertex -55.974 -33.2306 0
    endloop
  endfacet
  facet normal 0.946901 0.321526 0
    outer loop
      vertex -56.4782 -35.1123 3
      vertex -56.5455 -34.9141 0
      vertex -56.5455 -34.9141 3
    endloop
  endfacet
  facet normal 0.946901 0.321526 0
    outer loop
      vertex -56.5455 -34.9141 0
      vertex -56.4782 -35.1123 3
      vertex -56.4782 -35.1123 0
    endloop
  endfacet
  facet normal -0.831609 0.555362 0
    outer loop
      vertex -53.7306 -35.474 0
      vertex -53.6144 -35.3 3
      vertex -53.6144 -35.3 0
    endloop
  endfacet
  facet normal -0.831609 0.555362 0
    outer loop
      vertex -53.6144 -35.3 3
      vertex -53.7306 -35.474 0
      vertex -53.7306 -35.474 3
    endloop
  endfacet
  facet normal -0.442429 -0.896803 0
    outer loop
      vertex -54.3877 -33.0218 0
      vertex -54.2 -33.1144 3
      vertex -54.3877 -33.0218 3
    endloop
  endfacet
  facet normal -0.442429 -0.896803 -0
    outer loop
      vertex -54.2 -33.1144 3
      vertex -54.3877 -33.0218 0
      vertex -54.2 -33.1144 0
    endloop
  endfacet
  facet normal 0.442429 -0.896803 0
    outer loop
      vertex -55.8 -33.1144 0
      vertex -55.6123 -33.0218 3
      vertex -55.8 -33.1144 3
    endloop
  endfacet
  facet normal 0.442429 -0.896803 0
    outer loop
      vertex -55.6123 -33.0218 3
      vertex -55.8 -33.1144 0
      vertex -55.6123 -33.0218 0
    endloop
  endfacet
  facet normal -0.442429 0.896803 0
    outer loop
      vertex -54.2 -35.8856 0
      vertex -54.3877 -35.9782 3
      vertex -54.2 -35.8856 3
    endloop
  endfacet
  facet normal -0.442429 0.896803 0
    outer loop
      vertex -54.3877 -35.9782 3
      vertex -54.2 -35.8856 0
      vertex -54.3877 -35.9782 0
    endloop
  endfacet
  facet normal -0.321526 0.946901 0
    outer loop
      vertex -54.3877 -35.9782 0
      vertex -54.5859 -36.0455 3
      vertex -54.3877 -35.9782 3
    endloop
  endfacet
  facet normal -0.321526 0.946901 0
    outer loop
      vertex -54.5859 -36.0455 3
      vertex -54.3877 -35.9782 0
      vertex -54.5859 -36.0455 0
    endloop
  endfacet
  facet normal 0.980819 0.194922 0
    outer loop
      vertex -56.5455 -34.9141 3
      vertex -56.5863 -34.7088 0
      vertex -56.5863 -34.7088 3
    endloop
  endfacet
  facet normal 0.980819 0.194922 0
    outer loop
      vertex -56.5863 -34.7088 0
      vertex -56.5455 -34.9141 3
      vertex -56.5455 -34.9141 0
    endloop
  endfacet
  facet normal 0.555362 -0.831609 0
    outer loop
      vertex -55.974 -33.2306 0
      vertex -55.8 -33.1144 3
      vertex -55.974 -33.2306 3
    endloop
  endfacet
  facet normal 0.555362 -0.831609 0
    outer loop
      vertex -55.8 -33.1144 3
      vertex -55.974 -33.2306 0
      vertex -55.8 -33.1144 0
    endloop
  endfacet
  facet normal -0.555362 0.831609 0
    outer loop
      vertex -54.026 -35.7694 0
      vertex -54.2 -35.8856 3
      vertex -54.026 -35.7694 3
    endloop
  endfacet
  facet normal -0.555362 0.831609 0
    outer loop
      vertex -54.2 -35.8856 3
      vertex -54.026 -35.7694 0
      vertex -54.2 -35.8856 0
    endloop
  endfacet
  facet normal -0.194922 0.980819 0
    outer loop
      vertex -54.5859 -36.0455 0
      vertex -54.7912 -36.0863 3
      vertex -54.5859 -36.0455 3
    endloop
  endfacet
  facet normal -0.194922 0.980819 0
    outer loop
      vertex -54.7912 -36.0863 3
      vertex -54.5859 -36.0455 0
      vertex -54.7912 -36.0863 0
    endloop
  endfacet
  facet normal -0.659248 -0.751925 0
    outer loop
      vertex -54.026 -33.2306 0
      vertex -53.8686 -33.3686 3
      vertex -54.026 -33.2306 3
    endloop
  endfacet
  facet normal -0.659248 -0.751925 -0
    outer loop
      vertex -53.8686 -33.3686 3
      vertex -54.026 -33.2306 0
      vertex -53.8686 -33.3686 0
    endloop
  endfacet
  facet normal 0.946901 -0.321526 0
    outer loop
      vertex -56.5455 -34.0859 3
      vertex -56.4782 -33.8877 0
      vertex -56.4782 -33.8877 3
    endloop
  endfacet
  facet normal 0.946901 -0.321526 0
    outer loop
      vertex -56.4782 -33.8877 0
      vertex -56.5455 -34.0859 3
      vertex -56.5455 -34.0859 0
    endloop
  endfacet
  facet normal -0.0654722 0.997854 0
    outer loop
      vertex -54.7912 -36.0863 0
      vertex -55 -36.1 3
      vertex -54.7912 -36.0863 3
    endloop
  endfacet
  facet normal -0.0654722 0.997854 0
    outer loop
      vertex -55 -36.1 3
      vertex -54.7912 -36.0863 0
      vertex -55 -36.1 0
    endloop
  endfacet
  facet normal 0.194922 -0.980819 0
    outer loop
      vertex -55.4141 -32.9545 0
      vertex -55.2088 -32.9137 3
      vertex -55.4141 -32.9545 3
    endloop
  endfacet
  facet normal 0.194922 -0.980819 0
    outer loop
      vertex -55.2088 -32.9137 3
      vertex -55.4141 -32.9545 0
      vertex -55.2088 -32.9137 0
    endloop
  endfacet
  facet normal 0.659248 0.751925 -0
    outer loop
      vertex -55.974 -35.7694 0
      vertex -56.1314 -35.6314 3
      vertex -55.974 -35.7694 3
    endloop
  endfacet
  facet normal 0.659248 0.751925 0
    outer loop
      vertex -56.1314 -35.6314 3
      vertex -55.974 -35.7694 0
      vertex -56.1314 -35.6314 0
    endloop
  endfacet
  facet normal -0.659248 0.751925 0
    outer loop
      vertex -53.8686 -35.6314 0
      vertex -54.026 -35.7694 3
      vertex -53.8686 -35.6314 3
    endloop
  endfacet
  facet normal -0.659248 0.751925 0
    outer loop
      vertex -54.026 -35.7694 3
      vertex -53.8686 -35.6314 0
      vertex -54.026 -35.7694 0
    endloop
  endfacet
  facet normal 0.896803 -0.442429 0
    outer loop
      vertex -56.4782 -33.8877 3
      vertex -56.3856 -33.7 0
      vertex -56.3856 -33.7 3
    endloop
  endfacet
  facet normal 0.896803 -0.442429 0
    outer loop
      vertex -56.3856 -33.7 0
      vertex -56.4782 -33.8877 3
      vertex -56.4782 -33.8877 0
    endloop
  endfacet
  facet normal -0.896803 0.442429 0
    outer loop
      vertex -53.6144 -35.3 0
      vertex -53.5218 -35.1123 3
      vertex -53.5218 -35.1123 0
    endloop
  endfacet
  facet normal -0.896803 0.442429 0
    outer loop
      vertex -53.5218 -35.1123 3
      vertex -53.6144 -35.3 0
      vertex -53.6144 -35.3 3
    endloop
  endfacet
  facet normal -0.751925 0.659248 0
    outer loop
      vertex -53.8686 -35.6314 0
      vertex -53.7306 -35.474 3
      vertex -53.7306 -35.474 0
    endloop
  endfacet
  facet normal -0.751925 0.659248 0
    outer loop
      vertex -53.7306 -35.474 3
      vertex -53.8686 -35.6314 0
      vertex -53.8686 -35.6314 3
    endloop
  endfacet
  facet normal 0.0654722 0.997854 -0
    outer loop
      vertex -55 -36.1 0
      vertex -55.2088 -36.0863 3
      vertex -55 -36.1 3
    endloop
  endfacet
  facet normal 0.0654722 0.997854 0
    outer loop
      vertex -55.2088 -36.0863 3
      vertex -55 -36.1 0
      vertex -55.2088 -36.0863 0
    endloop
  endfacet
  facet normal -0.0654722 -0.997854 0
    outer loop
      vertex -55 -32.9 0
      vertex -54.7912 -32.9137 3
      vertex -55 -32.9 3
    endloop
  endfacet
  facet normal -0.0654722 -0.997854 -0
    outer loop
      vertex -54.7912 -32.9137 3
      vertex -55 -32.9 0
      vertex -54.7912 -32.9137 0
    endloop
  endfacet
  facet normal -0.555362 -0.831609 0
    outer loop
      vertex -54.2 -33.1144 0
      vertex -54.026 -33.2306 3
      vertex -54.2 -33.1144 3
    endloop
  endfacet
  facet normal -0.555362 -0.831609 -0
    outer loop
      vertex -54.026 -33.2306 3
      vertex -54.2 -33.1144 0
      vertex -54.026 -33.2306 0
    endloop
  endfacet
  facet normal 0.997854 0.0654722 0
    outer loop
      vertex -56.5863 -34.7088 3
      vertex -56.6 -34.5 0
      vertex -56.6 -34.5 3
    endloop
  endfacet
  facet normal 0.997854 0.0654722 0
    outer loop
      vertex -56.6 -34.5 0
      vertex -56.5863 -34.7088 3
      vertex -56.5863 -34.7088 0
    endloop
  endfacet
  facet normal 0.751925 -0.659248 0
    outer loop
      vertex -56.2694 -33.526 3
      vertex -56.1314 -33.3686 0
      vertex -56.1314 -33.3686 3
    endloop
  endfacet
  facet normal 0.751925 -0.659248 0
    outer loop
      vertex -56.1314 -33.3686 0
      vertex -56.2694 -33.526 3
      vertex -56.2694 -33.526 0
    endloop
  endfacet
  facet normal 0.0654722 -0.997854 0
    outer loop
      vertex -55.2088 -32.9137 0
      vertex -55 -32.9 3
      vertex -55.2088 -32.9137 3
    endloop
  endfacet
  facet normal 0.0654722 -0.997854 0
    outer loop
      vertex -55 -32.9 3
      vertex -55.2088 -32.9137 0
      vertex -55 -32.9 0
    endloop
  endfacet
  facet normal 0.194922 0.980819 -0
    outer loop
      vertex -55.2088 -36.0863 0
      vertex -55.4141 -36.0455 3
      vertex -55.2088 -36.0863 3
    endloop
  endfacet
  facet normal 0.194922 0.980819 0
    outer loop
      vertex -55.4141 -36.0455 3
      vertex -55.2088 -36.0863 0
      vertex -55.4141 -36.0455 0
    endloop
  endfacet
  facet normal 0.980819 -0.194922 0
    outer loop
      vertex -56.5863 -34.2912 3
      vertex -56.5455 -34.0859 0
      vertex -56.5455 -34.0859 3
    endloop
  endfacet
  facet normal 0.980819 -0.194922 0
    outer loop
      vertex -56.5455 -34.0859 0
      vertex -56.5863 -34.2912 3
      vertex -56.5863 -34.2912 0
    endloop
  endfacet
  facet normal 0.997854 -0.0654722 0
    outer loop
      vertex -56.6 -34.5 3
      vertex -56.5863 -34.2912 0
      vertex -56.5863 -34.2912 3
    endloop
  endfacet
  facet normal 0.997854 -0.0654722 0
    outer loop
      vertex -56.5863 -34.2912 0
      vertex -56.6 -34.5 3
      vertex -56.6 -34.5 0
    endloop
  endfacet
  facet normal 0.442429 0.896803 -0
    outer loop
      vertex -55.6123 -35.9782 0
      vertex -55.8 -35.8856 3
      vertex -55.6123 -35.9782 3
    endloop
  endfacet
  facet normal 0.442429 0.896803 0
    outer loop
      vertex -55.8 -35.8856 3
      vertex -55.6123 -35.9782 0
      vertex -55.8 -35.8856 0
    endloop
  endfacet
  facet normal 0.831609 -0.555362 0
    outer loop
      vertex -56.3856 -33.7 3
      vertex -56.2694 -33.526 0
      vertex -56.2694 -33.526 3
    endloop
  endfacet
  facet normal 0.831609 -0.555362 0
    outer loop
      vertex -56.2694 -33.526 0
      vertex -56.3856 -33.7 3
      vertex -56.3856 -33.7 0
    endloop
  endfacet
  facet normal 0.831609 0.555362 0
    outer loop
      vertex -56.2694 -35.474 3
      vertex -56.3856 -35.3 0
      vertex -56.3856 -35.3 3
    endloop
  endfacet
  facet normal 0.831609 0.555362 0
    outer loop
      vertex -56.3856 -35.3 0
      vertex -56.2694 -35.474 3
      vertex -56.2694 -35.474 0
    endloop
  endfacet
  facet normal 0.896803 0.442429 0
    outer loop
      vertex -56.3856 -35.3 3
      vertex -56.4782 -35.1123 0
      vertex -56.4782 -35.1123 3
    endloop
  endfacet
  facet normal 0.896803 0.442429 0
    outer loop
      vertex -56.4782 -35.1123 0
      vertex -56.3856 -35.3 3
      vertex -56.3856 -35.3 0
    endloop
  endfacet
  facet normal 0.980783 -0.195101 0
    outer loop
      vertex 57.6563 -35.2118 3
      vertex 57.7265 -34.8589 0
      vertex 57.7265 -34.8589 3
    endloop
  endfacet
  facet normal 0.980783 -0.195101 0
    outer loop
      vertex 57.7265 -34.8589 0
      vertex 57.6563 -35.2118 3
      vertex 57.6563 -35.2118 0
    endloop
  endfacet
  facet normal 0.980783 0.195101 0
    outer loop
      vertex 57.7265 -34.1411 3
      vertex 57.6563 -33.7882 0
      vertex 57.6563 -33.7882 3
    endloop
  endfacet
  facet normal 0.980783 0.195101 0
    outer loop
      vertex 57.6563 -33.7882 0
      vertex 57.7265 -34.1411 3
      vertex 57.7265 -34.1411 0
    endloop
  endfacet
  facet normal 0.997863 0.0653379 0
    outer loop
      vertex 57.75 -34.5 3
      vertex 57.7265 -34.1411 0
      vertex 57.7265 -34.1411 3
    endloop
  endfacet
  facet normal 0.997863 0.0653379 0
    outer loop
      vertex 57.7265 -34.1411 0
      vertex 57.75 -34.5 3
      vertex 57.75 -34.5 0
    endloop
  endfacet
  facet normal 0.946945 0.321394 0
    outer loop
      vertex 57.6563 -33.7882 3
      vertex 57.5407 -33.4476 0
      vertex 57.5407 -33.4476 3
    endloop
  endfacet
  facet normal 0.946945 0.321394 0
    outer loop
      vertex 57.5407 -33.4476 0
      vertex 57.6563 -33.7882 3
      vertex 57.6563 -33.7882 0
    endloop
  endfacet
  facet normal -0.997863 0.0653379 0
    outer loop
      vertex 52.25 -34.5 0
      vertex 52.2735 -34.1411 3
      vertex 52.2735 -34.1411 0
    endloop
  endfacet
  facet normal -0.997863 0.0653379 0
    outer loop
      vertex 52.2735 -34.1411 3
      vertex 52.25 -34.5 0
      vertex 52.25 -34.5 3
    endloop
  endfacet
  facet normal 0.442314 -0.89686 0
    outer loop
      vertex 56.0524 -37.0407 0
      vertex 56.375 -36.8816 3
      vertex 56.0524 -37.0407 3
    endloop
  endfacet
  facet normal 0.442314 -0.89686 0
    outer loop
      vertex 56.375 -36.8816 3
      vertex 56.0524 -37.0407 0
      vertex 56.375 -36.8816 0
    endloop
  endfacet
  facet normal 0.195101 0.980783 -0
    outer loop
      vertex 55.7118 -31.8437 0
      vertex 55.3589 -31.7735 3
      vertex 55.7118 -31.8437 3
    endloop
  endfacet
  facet normal 0.195101 0.980783 0
    outer loop
      vertex 55.3589 -31.7735 3
      vertex 55.7118 -31.8437 0
      vertex 55.3589 -31.7735 0
    endloop
  endfacet
  facet normal 0.195101 -0.980783 0
    outer loop
      vertex 55.3589 -37.2265 0
      vertex 55.7118 -37.1563 3
      vertex 55.3589 -37.2265 3
    endloop
  endfacet
  facet normal 0.195101 -0.980783 0
    outer loop
      vertex 55.7118 -37.1563 3
      vertex 55.3589 -37.2265 0
      vertex 55.7118 -37.1563 0
    endloop
  endfacet
  facet normal 0.0653379 -0.997863 0
    outer loop
      vertex 55 -37.25 0
      vertex 55.3589 -37.2265 3
      vertex 55 -37.25 3
    endloop
  endfacet
  facet normal 0.0653379 -0.997863 0
    outer loop
      vertex 55.3589 -37.2265 3
      vertex 55 -37.25 0
      vertex 55.3589 -37.2265 0
    endloop
  endfacet
  facet normal -0.659449 0.751749 0
    outer loop
      vertex 53.3259 -32.3183 0
      vertex 53.0555 -32.5555 3
      vertex 53.3259 -32.3183 3
    endloop
  endfacet
  facet normal -0.659449 0.751749 0
    outer loop
      vertex 53.0555 -32.5555 3
      vertex 53.3259 -32.3183 0
      vertex 53.0555 -32.5555 0
    endloop
  endfacet
  facet normal -0.831408 0.555662 0
    outer loop
      vertex 52.6184 -33.125 0
      vertex 52.8183 -32.8259 3
      vertex 52.8183 -32.8259 0
    endloop
  endfacet
  facet normal -0.831408 0.555662 0
    outer loop
      vertex 52.8183 -32.8259 3
      vertex 52.6184 -33.125 0
      vertex 52.6184 -33.125 3
    endloop
  endfacet
  facet normal 0.321394 0.946945 -0
    outer loop
      vertex 56.0524 -31.9593 0
      vertex 55.7118 -31.8437 3
      vertex 56.0524 -31.9593 3
    endloop
  endfacet
  facet normal 0.321394 0.946945 0
    outer loop
      vertex 55.7118 -31.8437 3
      vertex 56.0524 -31.9593 0
      vertex 55.7118 -31.8437 0
    endloop
  endfacet
  facet normal 0.659449 -0.751749 0
    outer loop
      vertex 56.6741 -36.6817 0
      vertex 56.9445 -36.4445 3
      vertex 56.6741 -36.6817 3
    endloop
  endfacet
  facet normal 0.659449 -0.751749 0
    outer loop
      vertex 56.9445 -36.4445 3
      vertex 56.6741 -36.6817 0
      vertex 56.9445 -36.4445 0
    endloop
  endfacet
  facet normal -0.442314 0.89686 0
    outer loop
      vertex 53.9476 -31.9593 0
      vertex 53.625 -32.1184 3
      vertex 53.9476 -31.9593 3
    endloop
  endfacet
  facet normal -0.442314 0.89686 0
    outer loop
      vertex 53.625 -32.1184 3
      vertex 53.9476 -31.9593 0
      vertex 53.625 -32.1184 0
    endloop
  endfacet
  facet normal -0.0653379 -0.997863 0
    outer loop
      vertex 54.6411 -37.2265 0
      vertex 55 -37.25 3
      vertex 54.6411 -37.2265 3
    endloop
  endfacet
  facet normal -0.0653379 -0.997863 -0
    outer loop
      vertex 55 -37.25 3
      vertex 54.6411 -37.2265 0
      vertex 55 -37.25 0
    endloop
  endfacet
  facet normal 0.751749 -0.659449 0
    outer loop
      vertex 56.9445 -36.4445 3
      vertex 57.1817 -36.1741 0
      vertex 57.1817 -36.1741 3
    endloop
  endfacet
  facet normal 0.751749 -0.659449 0
    outer loop
      vertex 57.1817 -36.1741 0
      vertex 56.9445 -36.4445 3
      vertex 56.9445 -36.4445 0
    endloop
  endfacet
  facet normal -0.946945 -0.321394 0
    outer loop
      vertex 52.4593 -35.5524 0
      vertex 52.3437 -35.2118 3
      vertex 52.3437 -35.2118 0
    endloop
  endfacet
  facet normal -0.946945 -0.321394 0
    outer loop
      vertex 52.3437 -35.2118 3
      vertex 52.4593 -35.5524 0
      vertex 52.4593 -35.5524 3
    endloop
  endfacet
  facet normal 0.321394 -0.946945 0
    outer loop
      vertex 55.7118 -37.1563 0
      vertex 56.0524 -37.0407 3
      vertex 55.7118 -37.1563 3
    endloop
  endfacet
  facet normal 0.321394 -0.946945 0
    outer loop
      vertex 56.0524 -37.0407 3
      vertex 55.7118 -37.1563 0
      vertex 56.0524 -37.0407 0
    endloop
  endfacet
  facet normal -0.321394 0.946945 0
    outer loop
      vertex 54.2882 -31.8437 0
      vertex 53.9476 -31.9593 3
      vertex 54.2882 -31.8437 3
    endloop
  endfacet
  facet normal -0.321394 0.946945 0
    outer loop
      vertex 53.9476 -31.9593 3
      vertex 54.2882 -31.8437 0
      vertex 53.9476 -31.9593 0
    endloop
  endfacet
  facet normal -0.555662 0.831408 0
    outer loop
      vertex 53.625 -32.1184 0
      vertex 53.3259 -32.3183 3
      vertex 53.625 -32.1184 3
    endloop
  endfacet
  facet normal -0.555662 0.831408 0
    outer loop
      vertex 53.3259 -32.3183 3
      vertex 53.625 -32.1184 0
      vertex 53.3259 -32.3183 0
    endloop
  endfacet
  facet normal -0.946945 0.321394 0
    outer loop
      vertex 52.3437 -33.7882 0
      vertex 52.4593 -33.4476 3
      vertex 52.4593 -33.4476 0
    endloop
  endfacet
  facet normal -0.946945 0.321394 0
    outer loop
      vertex 52.4593 -33.4476 3
      vertex 52.3437 -33.7882 0
      vertex 52.3437 -33.7882 3
    endloop
  endfacet
  facet normal 0.89686 0.442314 0
    outer loop
      vertex 57.5407 -33.4476 3
      vertex 57.3816 -33.125 0
      vertex 57.3816 -33.125 3
    endloop
  endfacet
  facet normal 0.89686 0.442314 0
    outer loop
      vertex 57.3816 -33.125 0
      vertex 57.5407 -33.4476 3
      vertex 57.5407 -33.4476 0
    endloop
  endfacet
  facet normal -0.195101 0.980783 0
    outer loop
      vertex 54.6411 -31.7735 0
      vertex 54.2882 -31.8437 3
      vertex 54.6411 -31.7735 3
    endloop
  endfacet
  facet normal -0.195101 0.980783 0
    outer loop
      vertex 54.2882 -31.8437 3
      vertex 54.6411 -31.7735 0
      vertex 54.2882 -31.8437 0
    endloop
  endfacet
  facet normal 0.659449 0.751749 -0
    outer loop
      vertex 56.9445 -32.5555 0
      vertex 56.6741 -32.3183 3
      vertex 56.9445 -32.5555 3
    endloop
  endfacet
  facet normal 0.659449 0.751749 0
    outer loop
      vertex 56.6741 -32.3183 3
      vertex 56.9445 -32.5555 0
      vertex 56.6741 -32.3183 0
    endloop
  endfacet
  facet normal 0.997863 -0.0653379 0
    outer loop
      vertex 57.7265 -34.8589 3
      vertex 57.75 -34.5 0
      vertex 57.75 -34.5 3
    endloop
  endfacet
  facet normal 0.997863 -0.0653379 0
    outer loop
      vertex 57.75 -34.5 0
      vertex 57.7265 -34.8589 3
      vertex 57.7265 -34.8589 0
    endloop
  endfacet
  facet normal 0.442314 0.89686 -0
    outer loop
      vertex 56.375 -32.1184 0
      vertex 56.0524 -31.9593 3
      vertex 56.375 -32.1184 3
    endloop
  endfacet
  facet normal 0.442314 0.89686 0
    outer loop
      vertex 56.0524 -31.9593 3
      vertex 56.375 -32.1184 0
      vertex 56.0524 -31.9593 0
    endloop
  endfacet
  facet normal -0.321394 -0.946945 0
    outer loop
      vertex 53.9476 -37.0407 0
      vertex 54.2882 -37.1563 3
      vertex 53.9476 -37.0407 3
    endloop
  endfacet
  facet normal -0.321394 -0.946945 -0
    outer loop
      vertex 54.2882 -37.1563 3
      vertex 53.9476 -37.0407 0
      vertex 54.2882 -37.1563 0
    endloop
  endfacet
  facet normal -0.980783 0.195101 0
    outer loop
      vertex 52.2735 -34.1411 0
      vertex 52.3437 -33.7882 3
      vertex 52.3437 -33.7882 0
    endloop
  endfacet
  facet normal -0.980783 0.195101 0
    outer loop
      vertex 52.3437 -33.7882 3
      vertex 52.2735 -34.1411 0
      vertex 52.2735 -34.1411 3
    endloop
  endfacet
  facet normal -0.0653379 0.997863 0
    outer loop
      vertex 55 -31.75 0
      vertex 54.6411 -31.7735 3
      vertex 55 -31.75 3
    endloop
  endfacet
  facet normal -0.0653379 0.997863 0
    outer loop
      vertex 54.6411 -31.7735 3
      vertex 55 -31.75 0
      vertex 54.6411 -31.7735 0
    endloop
  endfacet
  facet normal -0.195101 -0.980783 0
    outer loop
      vertex 54.2882 -37.1563 0
      vertex 54.6411 -37.2265 3
      vertex 54.2882 -37.1563 3
    endloop
  endfacet
  facet normal -0.195101 -0.980783 -0
    outer loop
      vertex 54.6411 -37.2265 3
      vertex 54.2882 -37.1563 0
      vertex 54.6411 -37.2265 0
    endloop
  endfacet
  facet normal 0.946945 -0.321394 0
    outer loop
      vertex 57.5407 -35.5524 3
      vertex 57.6563 -35.2118 0
      vertex 57.6563 -35.2118 3
    endloop
  endfacet
  facet normal 0.946945 -0.321394 0
    outer loop
      vertex 57.6563 -35.2118 0
      vertex 57.5407 -35.5524 3
      vertex 57.5407 -35.5524 0
    endloop
  endfacet
  facet normal 0.831408 0.555662 0
    outer loop
      vertex 57.3816 -33.125 3
      vertex 57.1817 -32.8259 0
      vertex 57.1817 -32.8259 3
    endloop
  endfacet
  facet normal 0.831408 0.555662 0
    outer loop
      vertex 57.1817 -32.8259 0
      vertex 57.3816 -33.125 3
      vertex 57.3816 -33.125 0
    endloop
  endfacet
  facet normal 0.751749 0.659449 0
    outer loop
      vertex 57.1817 -32.8259 3
      vertex 56.9445 -32.5555 0
      vertex 56.9445 -32.5555 3
    endloop
  endfacet
  facet normal 0.751749 0.659449 0
    outer loop
      vertex 56.9445 -32.5555 0
      vertex 57.1817 -32.8259 3
      vertex 57.1817 -32.8259 0
    endloop
  endfacet
  facet normal -0.89686 -0.442314 0
    outer loop
      vertex 52.6184 -35.875 0
      vertex 52.4593 -35.5524 3
      vertex 52.4593 -35.5524 0
    endloop
  endfacet
  facet normal -0.89686 -0.442314 0
    outer loop
      vertex 52.4593 -35.5524 3
      vertex 52.6184 -35.875 0
      vertex 52.6184 -35.875 3
    endloop
  endfacet
  facet normal 0.89686 -0.442314 0
    outer loop
      vertex 57.3816 -35.875 3
      vertex 57.5407 -35.5524 0
      vertex 57.5407 -35.5524 3
    endloop
  endfacet
  facet normal 0.89686 -0.442314 0
    outer loop
      vertex 57.5407 -35.5524 0
      vertex 57.3816 -35.875 3
      vertex 57.3816 -35.875 0
    endloop
  endfacet
  facet normal -0.751749 -0.659449 0
    outer loop
      vertex 53.0555 -36.4445 0
      vertex 52.8183 -36.1741 3
      vertex 52.8183 -36.1741 0
    endloop
  endfacet
  facet normal -0.751749 -0.659449 0
    outer loop
      vertex 52.8183 -36.1741 3
      vertex 53.0555 -36.4445 0
      vertex 53.0555 -36.4445 3
    endloop
  endfacet
  facet normal 0.831408 -0.555662 0
    outer loop
      vertex 57.1817 -36.1741 3
      vertex 57.3816 -35.875 0
      vertex 57.3816 -35.875 3
    endloop
  endfacet
  facet normal 0.831408 -0.555662 0
    outer loop
      vertex 57.3816 -35.875 0
      vertex 57.1817 -36.1741 3
      vertex 57.1817 -36.1741 0
    endloop
  endfacet
  facet normal 0 0 -1
    outer loop
      vertex 56.6 -34.5 0
      vertex 57.75 -34.5 0
      vertex 57.7265 -34.8589 0
    endloop
  endfacet
  facet normal 0 0 -1
    outer loop
      vertex 56.5863 -34.7088 0
      vertex 57.7265 -34.8589 0
      vertex 57.6563 -35.2118 0
    endloop
  endfacet
  facet normal 0 0 -1
    outer loop
      vertex 57.75 -34.5 0
      vertex 56.6 -34.5 0
      vertex 57.7265 -34.1411 0
    endloop
  endfacet
  facet normal 0 0 -1
    outer loop
      vertex 56.5455 -34.9141 0
      vertex 57.6563 -35.2118 0
      vertex 57.5407 -35.5524 0
    endloop
  endfacet
  facet normal 0 0 -1
    outer loop
      vertex 56.5863 -34.2912 0
      vertex 57.7265 -34.1411 0
      vertex 56.6 -34.5 0
    endloop
  endfacet
  facet normal 0 0 -1
    outer loop
      vertex 56.4782 -35.1123 0
      vertex 57.5407 -35.5524 0
      vertex 57.3816 -35.875 0
    endloop
  endfacet
  facet normal -0 0 -1
    outer loop
      vertex 57.7265 -34.1411 0
      vertex 56.5863 -34.2912 0
      vertex 57.6563 -33.7882 0
    endloop
  endfacet
  facet normal 0 0 -1
    outer loop
      vertex 56.3856 -35.3 0
      vertex 57.3816 -35.875 0
      vertex 57.1817 -36.1741 0
    endloop
  endfacet
  facet normal 0 0 -1
    outer loop
      vertex 56.5455 -34.0859 0
      vertex 57.6563 -33.7882 0
      vertex 56.5863 -34.2912 0
    endloop
  endfacet
  facet normal 0 0 -1
    outer loop
      vertex 56.2694 -35.474 0
      vertex 57.1817 -36.1741 0
      vertex 56.9445 -36.4445 0
    endloop
  endfacet
  facet normal -0 0 -1
    outer loop
      vertex 57.6563 -33.7882 0
      vertex 56.5455 -34.0859 0
      vertex 57.5407 -33.4476 0
    endloop
  endfacet
  facet normal 0 0 -1
    outer loop
      vertex 56.1314 -35.6314 0
      vertex 56.9445 -36.4445 0
      vertex 56.6741 -36.6817 0
    endloop
  endfacet
  facet normal 0 0 -1
    outer loop
      vertex 56.4782 -33.8877 0
      vertex 57.5407 -33.4476 0
      vertex 56.5455 -34.0859 0
    endloop
  endfacet
  facet normal -0 0 -1
    outer loop
      vertex 57.5407 -33.4476 0
      vertex 56.4782 -33.8877 0
      vertex 57.3816 -33.125 0
    endloop
  endfacet
  facet normal 0 0 -1
    outer loop
      vertex 57.7265 -34.8589 0
      vertex 56.5863 -34.7088 0
      vertex 56.6 -34.5 0
    endloop
  endfacet
  facet normal 0 0 -1
    outer loop
      vertex 57.6563 -35.2118 0
      vertex 56.5455 -34.9141 0
      vertex 56.5863 -34.7088 0
    endloop
  endfacet
  facet normal 0 0 -1
    outer loop
      vertex 57.5407 -35.5524 0
      vertex 56.4782 -35.1123 0
      vertex 56.5455 -34.9141 0
    endloop
  endfacet
  facet normal 0 0 -1
    outer loop
      vertex 57.3816 -35.875 0
      vertex 56.3856 -35.3 0
      vertex 56.4782 -35.1123 0
    endloop
  endfacet
  facet normal 0 0 -1
    outer loop
      vertex 55.974 -35.7694 0
      vertex 56.6741 -36.6817 0
      vertex 56.375 -36.8816 0
    endloop
  endfacet
  facet normal 0 0 -1
    outer loop
      vertex 57.1817 -36.1741 0
      vertex 56.2694 -35.474 0
      vertex 56.3856 -35.3 0
    endloop
  endfacet
  facet normal 0 0 -1
    outer loop
      vertex 56.9445 -36.4445 0
      vertex 56.1314 -35.6314 0
      vertex 56.2694 -35.474 0
    endloop
  endfacet
  facet normal 0 0 -1
    outer loop
      vertex 55.8 -35.8856 0
      vertex 56.375 -36.8816 0
      vertex 56.0524 -37.0407 0
    endloop
  endfacet
  facet normal 0 0 -1
    outer loop
      vertex 56.6741 -36.6817 0
      vertex 55.974 -35.7694 0
      vertex 56.1314 -35.6314 0
    endloop
  endfacet
  facet normal 0 0 -1
    outer loop
      vertex 56.375 -36.8816 0
      vertex 55.8 -35.8856 0
      vertex 55.974 -35.7694 0
    endloop
  endfacet
  facet normal 0 0 -1
    outer loop
      vertex 55.6123 -35.9782 0
      vertex 56.0524 -37.0407 0
      vertex 55.7118 -37.1563 0
    endloop
  endfacet
  facet normal 0 0 -1
    outer loop
      vertex 56.0524 -37.0407 0
      vertex 55.6123 -35.9782 0
      vertex 55.8 -35.8856 0
    endloop
  endfacet
  facet normal 0 0 -1
    outer loop
      vertex 55.7118 -37.1563 0
      vertex 55.4141 -36.0455 0
      vertex 55.6123 -35.9782 0
    endloop
  endfacet
  facet normal 0 0 -1
    outer loop
      vertex 55.3589 -37.2265 0
      vertex 55.4141 -36.0455 0
      vertex 55.7118 -37.1563 0
    endloop
  endfacet
  facet normal 0 0 -1
    outer loop
      vertex 55.3589 -37.2265 0
      vertex 55.2088 -36.0863 0
      vertex 55.4141 -36.0455 0
    endloop
  endfacet
  facet normal 0 0 -1
    outer loop
      vertex 55 -37.25 0
      vertex 55.2088 -36.0863 0
      vertex 55.3589 -37.2265 0
    endloop
  endfacet
  facet normal 0 0 -1
    outer loop
      vertex 55 -37.25 0
      vertex 55 -36.1 0
      vertex 55.2088 -36.0863 0
    endloop
  endfacet
  facet normal 0 0 -1
    outer loop
      vertex 55 -37.25 0
      vertex 54.7912 -36.0863 0
      vertex 55 -36.1 0
    endloop
  endfacet
  facet normal 0 0 -1
    outer loop
      vertex 54.6411 -37.2265 0
      vertex 54.7912 -36.0863 0
      vertex 55 -37.25 0
    endloop
  endfacet
  facet normal 0 0 -1
    outer loop
      vertex 54.6411 -37.2265 0
      vertex 54.5859 -36.0455 0
      vertex 54.7912 -36.0863 0
    endloop
  endfacet
  facet normal 0 0 -1
    outer loop
      vertex 54.2882 -37.1563 0
      vertex 54.5859 -36.0455 0
      vertex 54.6411 -37.2265 0
    endloop
  endfacet
  facet normal -0 0 -1
    outer loop
      vertex 54.5859 -36.0455 0
      vertex 54.2882 -37.1563 0
      vertex 54.3877 -35.9782 0
    endloop
  endfacet
  facet normal 0 0 -1
    outer loop
      vertex 53.9476 -37.0407 0
      vertex 54.3877 -35.9782 0
      vertex 54.2882 -37.1563 0
    endloop
  endfacet
  facet normal -0 0 -1
    outer loop
      vertex 54.3877 -35.9782 0
      vertex 53.9476 -37.0407 0
      vertex 54.2 -35.8856 0
    endloop
  endfacet
  facet normal 0 0 -1
    outer loop
      vertex 53.625 -36.8816 0
      vertex 54.2 -35.8856 0
      vertex 53.9476 -37.0407 0
    endloop
  endfacet
  facet normal -0 0 -1
    outer loop
      vertex 54.2 -35.8856 0
      vertex 53.625 -36.8816 0
      vertex 54.026 -35.7694 0
    endloop
  endfacet
  facet normal 0 0 -1
    outer loop
      vertex 53.3259 -36.6817 0
      vertex 54.026 -35.7694 0
      vertex 53.625 -36.8816 0
    endloop
  endfacet
  facet normal -0 0 -1
    outer loop
      vertex 54.026 -35.7694 0
      vertex 53.3259 -36.6817 0
      vertex 53.8686 -35.6314 0
    endloop
  endfacet
  facet normal 0 0 -1
    outer loop
      vertex 53.0555 -36.4445 0
      vertex 53.8686 -35.6314 0
      vertex 53.3259 -36.6817 0
    endloop
  endfacet
  facet normal -0 0 -1
    outer loop
      vertex 53.8686 -35.6314 0
      vertex 53.0555 -36.4445 0
      vertex 53.7306 -35.474 0
    endloop
  endfacet
  facet normal 0 0 -1
    outer loop
      vertex 52.8183 -36.1741 0
      vertex 53.7306 -35.474 0
      vertex 53.0555 -36.4445 0
    endloop
  endfacet
  facet normal -0 0 -1
    outer loop
      vertex 53.7306 -35.474 0
      vertex 52.8183 -36.1741 0
      vertex 53.6144 -35.3 0
    endloop
  endfacet
  facet normal -0 0 -1
    outer loop
      vertex 53.6144 -35.3 0
      vertex 52.6184 -35.875 0
      vertex 53.5218 -35.1123 0
    endloop
  endfacet
  facet normal 0 0 -1
    outer loop
      vertex 52.6184 -35.875 0
      vertex 53.6144 -35.3 0
      vertex 52.8183 -36.1741 0
    endloop
  endfacet
  facet normal 0 0 -1
    outer loop
      vertex 56.3856 -33.7 0
      vertex 57.3816 -33.125 0
      vertex 56.4782 -33.8877 0
    endloop
  endfacet
  facet normal -0 0 -1
    outer loop
      vertex 57.3816 -33.125 0
      vertex 56.3856 -33.7 0
      vertex 57.1817 -32.8259 0
    endloop
  endfacet
  facet normal 0 0 -1
    outer loop
      vertex 56.2694 -33.526 0
      vertex 57.1817 -32.8259 0
      vertex 56.3856 -33.7 0
    endloop
  endfacet
  facet normal -0 0 -1
    outer loop
      vertex 57.1817 -32.8259 0
      vertex 56.2694 -33.526 0
      vertex 56.9445 -32.5555 0
    endloop
  endfacet
  facet normal 0 0 -1
    outer loop
      vertex 56.1314 -33.3686 0
      vertex 56.9445 -32.5555 0
      vertex 56.2694 -33.526 0
    endloop
  endfacet
  facet normal -0 0 -1
    outer loop
      vertex 56.9445 -32.5555 0
      vertex 56.1314 -33.3686 0
      vertex 56.6741 -32.3183 0
    endloop
  endfacet
  facet normal 0 0 -1
    outer loop
      vertex 55.974 -33.2306 0
      vertex 56.6741 -32.3183 0
      vertex 56.1314 -33.3686 0
    endloop
  endfacet
  facet normal -0 0 -1
    outer loop
      vertex 56.6741 -32.3183 0
      vertex 55.974 -33.2306 0
      vertex 56.375 -32.1184 0
    endloop
  endfacet
  facet normal 0 0 -1
    outer loop
      vertex 55.8 -33.1144 0
      vertex 56.375 -32.1184 0
      vertex 55.974 -33.2306 0
    endloop
  endfacet
  facet normal -0 0 -1
    outer loop
      vertex 56.375 -32.1184 0
      vertex 55.8 -33.1144 0
      vertex 56.0524 -31.9593 0
    endloop
  endfacet
  facet normal 0 0 -1
    outer loop
      vertex 55.6123 -33.0218 0
      vertex 56.0524 -31.9593 0
      vertex 55.8 -33.1144 0
    endloop
  endfacet
  facet normal -0 0 -1
    outer loop
      vertex 56.0524 -31.9593 0
      vertex 55.6123 -33.0218 0
      vertex 55.7118 -31.8437 0
    endloop
  endfacet
  facet normal 0 0 -1
    outer loop
      vertex 55.4141 -32.9545 0
      vertex 55.7118 -31.8437 0
      vertex 55.6123 -33.0218 0
    endloop
  endfacet
  facet normal 0 0 -1
    outer loop
      vertex 55.4141 -32.9545 0
      vertex 55.3589 -31.7735 0
      vertex 55.7118 -31.8437 0
    endloop
  endfacet
  facet normal 0 0 -1
    outer loop
      vertex 55.2088 -32.9137 0
      vertex 55.3589 -31.7735 0
      vertex 55.4141 -32.9545 0
    endloop
  endfacet
  facet normal 0 0 -1
    outer loop
      vertex 55 -32.9 0
      vertex 55.3589 -31.7735 0
      vertex 55.2088 -32.9137 0
    endloop
  endfacet
  facet normal 0 0 -1
    outer loop
      vertex 55 -32.9 0
      vertex 55 -31.75 0
      vertex 55.3589 -31.7735 0
    endloop
  endfacet
  facet normal 0 0 -1
    outer loop
      vertex 54.7912 -32.9137 0
      vertex 55 -31.75 0
      vertex 55 -32.9 0
    endloop
  endfacet
  facet normal 0 0 -1
    outer loop
      vertex 54.7912 -32.9137 0
      vertex 54.6411 -31.7735 0
      vertex 55 -31.75 0
    endloop
  endfacet
  facet normal 0 0 -1
    outer loop
      vertex 54.5859 -32.9545 0
      vertex 54.6411 -31.7735 0
      vertex 54.7912 -32.9137 0
    endloop
  endfacet
  facet normal 0 0 -1
    outer loop
      vertex 54.2882 -31.8437 0
      vertex 54.5859 -32.9545 0
      vertex 54.3877 -33.0218 0
    endloop
  endfacet
  facet normal 0 0 -1
    outer loop
      vertex 54.5859 -32.9545 0
      vertex 54.2882 -31.8437 0
      vertex 54.6411 -31.7735 0
    endloop
  endfacet
  facet normal 0 0 -1
    outer loop
      vertex 53.9476 -31.9593 0
      vertex 54.3877 -33.0218 0
      vertex 54.2 -33.1144 0
    endloop
  endfacet
  facet normal 0 0 -1
    outer loop
      vertex 53.625 -32.1184 0
      vertex 54.2 -33.1144 0
      vertex 54.026 -33.2306 0
    endloop
  endfacet
  facet normal 0 0 -1
    outer loop
      vertex 54.3877 -33.0218 0
      vertex 53.9476 -31.9593 0
      vertex 54.2882 -31.8437 0
    endloop
  endfacet
  facet normal 0 0 -1
    outer loop
      vertex 53.3259 -32.3183 0
      vertex 54.026 -33.2306 0
      vertex 53.8686 -33.3686 0
    endloop
  endfacet
  facet normal 0 0 -1
    outer loop
      vertex 53.0555 -32.5555 0
      vertex 53.8686 -33.3686 0
      vertex 53.7306 -33.526 0
    endloop
  endfacet
  facet normal 0 0 -1
    outer loop
      vertex 54.2 -33.1144 0
      vertex 53.625 -32.1184 0
      vertex 53.9476 -31.9593 0
    endloop
  endfacet
  facet normal 0 0 -1
    outer loop
      vertex 52.8183 -32.8259 0
      vertex 53.7306 -33.526 0
      vertex 53.6144 -33.7 0
    endloop
  endfacet
  facet normal 0 0 -1
    outer loop
      vertex 52.6184 -33.125 0
      vertex 53.6144 -33.7 0
      vertex 53.5218 -33.8877 0
    endloop
  endfacet
  facet normal 0 0 -1
    outer loop
      vertex 52.4593 -33.4476 0
      vertex 53.5218 -33.8877 0
      vertex 53.4545 -34.0859 0
    endloop
  endfacet
  facet normal 0 0 -1
    outer loop
      vertex 52.3437 -33.7882 0
      vertex 53.4545 -34.0859 0
      vertex 53.4137 -34.2912 0
    endloop
  endfacet
  facet normal 0 0 -1
    outer loop
      vertex 54.026 -33.2306 0
      vertex 53.3259 -32.3183 0
      vertex 53.625 -32.1184 0
    endloop
  endfacet
  facet normal 0 0 -1
    outer loop
      vertex 52.2735 -34.1411 0
      vertex 53.4137 -34.2912 0
      vertex 53.4 -34.5 0
    endloop
  endfacet
  facet normal 0 0 -1
    outer loop
      vertex 52.4593 -35.5524 0
      vertex 53.5218 -35.1123 0
      vertex 52.6184 -35.875 0
    endloop
  endfacet
  facet normal -0 0 -1
    outer loop
      vertex 53.5218 -35.1123 0
      vertex 52.4593 -35.5524 0
      vertex 53.4545 -34.9141 0
    endloop
  endfacet
  facet normal 0 0 -1
    outer loop
      vertex 53.8686 -33.3686 0
      vertex 53.0555 -32.5555 0
      vertex 53.3259 -32.3183 0
    endloop
  endfacet
  facet normal 0 0 -1
    outer loop
      vertex 52.3437 -35.2118 0
      vertex 53.4545 -34.9141 0
      vertex 52.4593 -35.5524 0
    endloop
  endfacet
  facet normal 0 0 -1
    outer loop
      vertex 53.7306 -33.526 0
      vertex 52.8183 -32.8259 0
      vertex 53.0555 -32.5555 0
    endloop
  endfacet
  facet normal -0 0 -1
    outer loop
      vertex 53.4545 -34.9141 0
      vertex 52.3437 -35.2118 0
      vertex 53.4137 -34.7088 0
    endloop
  endfacet
  facet normal 0 0 -1
    outer loop
      vertex 53.6144 -33.7 0
      vertex 52.6184 -33.125 0
      vertex 52.8183 -32.8259 0
    endloop
  endfacet
  facet normal 0 0 -1
    outer loop
      vertex 52.2735 -34.8589 0
      vertex 53.4137 -34.7088 0
      vertex 52.3437 -35.2118 0
    endloop
  endfacet
  facet normal 0 0 -1
    outer loop
      vertex 53.5218 -33.8877 0
      vertex 52.4593 -33.4476 0
      vertex 52.6184 -33.125 0
    endloop
  endfacet
  facet normal -0 0 -1
    outer loop
      vertex 53.4137 -34.7088 0
      vertex 52.2735 -34.8589 0
      vertex 53.4 -34.5 0
    endloop
  endfacet
  facet normal 0 0 -1
    outer loop
      vertex 53.4545 -34.0859 0
      vertex 52.3437 -33.7882 0
      vertex 52.4593 -33.4476 0
    endloop
  endfacet
  facet normal 0 0 -1
    outer loop
      vertex 52.25 -34.5 0
      vertex 53.4 -34.5 0
      vertex 52.2735 -34.8589 0
    endloop
  endfacet
  facet normal 0 0 -1
    outer loop
      vertex 53.4137 -34.2912 0
      vertex 52.2735 -34.1411 0
      vertex 52.3437 -33.7882 0
    endloop
  endfacet
  facet normal 0 0 -1
    outer loop
      vertex 53.4 -34.5 0
      vertex 52.25 -34.5 0
      vertex 52.2735 -34.1411 0
    endloop
  endfacet
  facet normal -0.751749 0.659449 0
    outer loop
      vertex 52.8183 -32.8259 0
      vertex 53.0555 -32.5555 3
      vertex 53.0555 -32.5555 0
    endloop
  endfacet
  facet normal -0.751749 0.659449 0
    outer loop
      vertex 53.0555 -32.5555 3
      vertex 52.8183 -32.8259 0
      vertex 52.8183 -32.8259 3
    endloop
  endfacet
  facet normal 0.0653379 0.997863 -0
    outer loop
      vertex 55.3589 -31.7735 0
      vertex 55 -31.75 3
      vertex 55.3589 -31.7735 3
    endloop
  endfacet
  facet normal 0.0653379 0.997863 0
    outer loop
      vertex 55 -31.75 3
      vertex 55.3589 -31.7735 0
      vertex 55 -31.75 0
    endloop
  endfacet
  facet normal 0.555662 0.831408 -0
    outer loop
      vertex 56.6741 -32.3183 0
      vertex 56.375 -32.1184 3
      vertex 56.6741 -32.3183 3
    endloop
  endfacet
  facet normal 0.555662 0.831408 0
    outer loop
      vertex 56.375 -32.1184 3
      vertex 56.6741 -32.3183 0
      vertex 56.375 -32.1184 0
    endloop
  endfacet
  facet normal 0 0 1
    outer loop
      vertex 56.6 -34.5 3
      vertex 57.75 -34.5 3
      vertex 57.7265 -34.1411 3
    endloop
  endfacet
  facet normal 0 0 1
    outer loop
      vertex 56.5863 -34.2912 3
      vertex 57.7265 -34.1411 3
      vertex 57.6563 -33.7882 3
    endloop
  endfacet
  facet normal 0 0 1
    outer loop
      vertex 57.75 -34.5 3
      vertex 56.6 -34.5 3
      vertex 57.7265 -34.8589 3
    endloop
  endfacet
  facet normal 0 0 1
    outer loop
      vertex 56.5455 -34.0859 3
      vertex 57.6563 -33.7882 3
      vertex 57.5407 -33.4476 3
    endloop
  endfacet
  facet normal -0 0 1
    outer loop
      vertex 56.5863 -34.7088 3
      vertex 57.7265 -34.8589 3
      vertex 56.6 -34.5 3
    endloop
  endfacet
  facet normal 0 0 1
    outer loop
      vertex 56.4782 -33.8877 3
      vertex 57.5407 -33.4476 3
      vertex 57.3816 -33.125 3
    endloop
  endfacet
  facet normal 0 0 1
    outer loop
      vertex 57.7265 -34.8589 3
      vertex 56.5863 -34.7088 3
      vertex 57.6563 -35.2118 3
    endloop
  endfacet
  facet normal 0 0 1
    outer loop
      vertex 56.3856 -33.7 3
      vertex 57.3816 -33.125 3
      vertex 57.1817 -32.8259 3
    endloop
  endfacet
  facet normal -0 0 1
    outer loop
      vertex 56.5455 -34.9141 3
      vertex 57.6563 -35.2118 3
      vertex 56.5863 -34.7088 3
    endloop
  endfacet
  facet normal 0 0 1
    outer loop
      vertex 56.2694 -33.526 3
      vertex 57.1817 -32.8259 3
      vertex 56.9445 -32.5555 3
    endloop
  endfacet
  facet normal 0 0 1
    outer loop
      vertex 57.6563 -35.2118 3
      vertex 56.5455 -34.9141 3
      vertex 57.5407 -35.5524 3
    endloop
  endfacet
  facet normal 0 0 1
    outer loop
      vertex 56.1314 -33.3686 3
      vertex 56.9445 -32.5555 3
      vertex 56.6741 -32.3183 3
    endloop
  endfacet
  facet normal -0 0 1
    outer loop
      vertex 56.4782 -35.1123 3
      vertex 57.5407 -35.5524 3
      vertex 56.5455 -34.9141 3
    endloop
  endfacet
  facet normal 0 0 1
    outer loop
      vertex 57.5407 -35.5524 3
      vertex 56.4782 -35.1123 3
      vertex 57.3816 -35.875 3
    endloop
  endfacet
  facet normal 0 0 1
    outer loop
      vertex 57.7265 -34.1411 3
      vertex 56.5863 -34.2912 3
      vertex 56.6 -34.5 3
    endloop
  endfacet
  facet normal 0 0 1
    outer loop
      vertex 57.6563 -33.7882 3
      vertex 56.5455 -34.0859 3
      vertex 56.5863 -34.2912 3
    endloop
  endfacet
  facet normal 0 0 1
    outer loop
      vertex 57.5407 -33.4476 3
      vertex 56.4782 -33.8877 3
      vertex 56.5455 -34.0859 3
    endloop
  endfacet
  facet normal 0 0 1
    outer loop
      vertex 57.3816 -33.125 3
      vertex 56.3856 -33.7 3
      vertex 56.4782 -33.8877 3
    endloop
  endfacet
  facet normal 0 0 1
    outer loop
      vertex 55.974 -33.2306 3
      vertex 56.6741 -32.3183 3
      vertex 56.375 -32.1184 3
    endloop
  endfacet
  facet normal 0 0 1
    outer loop
      vertex 57.1817 -32.8259 3
      vertex 56.2694 -33.526 3
      vertex 56.3856 -33.7 3
    endloop
  endfacet
  facet normal 0 0 1
    outer loop
      vertex 56.9445 -32.5555 3
      vertex 56.1314 -33.3686 3
      vertex 56.2694 -33.526 3
    endloop
  endfacet
  facet normal 0 0 1
    outer loop
      vertex 55.8 -33.1144 3
      vertex 56.375 -32.1184 3
      vertex 56.0524 -31.9593 3
    endloop
  endfacet
  facet normal 0 0 1
    outer loop
      vertex 56.6741 -32.3183 3
      vertex 55.974 -33.2306 3
      vertex 56.1314 -33.3686 3
    endloop
  endfacet
  facet normal 0 0 1
    outer loop
      vertex 56.375 -32.1184 3
      vertex 55.8 -33.1144 3
      vertex 55.974 -33.2306 3
    endloop
  endfacet
  facet normal 0 0 1
    outer loop
      vertex 55.6123 -33.0218 3
      vertex 56.0524 -31.9593 3
      vertex 55.7118 -31.8437 3
    endloop
  endfacet
  facet normal 0 0 1
    outer loop
      vertex 56.0524 -31.9593 3
      vertex 55.6123 -33.0218 3
      vertex 55.8 -33.1144 3
    endloop
  endfacet
  facet normal 0 0 1
    outer loop
      vertex 55.7118 -31.8437 3
      vertex 55.4141 -32.9545 3
      vertex 55.6123 -33.0218 3
    endloop
  endfacet
  facet normal 0 0 1
    outer loop
      vertex 55.3589 -31.7735 3
      vertex 55.4141 -32.9545 3
      vertex 55.7118 -31.8437 3
    endloop
  endfacet
  facet normal 0 0 1
    outer loop
      vertex 55.3589 -31.7735 3
      vertex 55.2088 -32.9137 3
      vertex 55.4141 -32.9545 3
    endloop
  endfacet
  facet normal 0 0 1
    outer loop
      vertex 55 -31.75 3
      vertex 55.2088 -32.9137 3
      vertex 55.3589 -31.7735 3
    endloop
  endfacet
  facet normal 0 0 1
    outer loop
      vertex 55 -31.75 3
      vertex 55 -32.9 3
      vertex 55.2088 -32.9137 3
    endloop
  endfacet
  facet normal 0 0 1
    outer loop
      vertex 55 -31.75 3
      vertex 54.7912 -32.9137 3
      vertex 55 -32.9 3
    endloop
  endfacet
  facet normal -0 0 1
    outer loop
      vertex 54.6411 -31.7735 3
      vertex 54.7912 -32.9137 3
      vertex 55 -31.75 3
    endloop
  endfacet
  facet normal 0 0 1
    outer loop
      vertex 54.6411 -31.7735 3
      vertex 54.5859 -32.9545 3
      vertex 54.7912 -32.9137 3
    endloop
  endfacet
  facet normal -0 0 1
    outer loop
      vertex 54.2882 -31.8437 3
      vertex 54.5859 -32.9545 3
      vertex 54.6411 -31.7735 3
    endloop
  endfacet
  facet normal 0 0 1
    outer loop
      vertex 54.5859 -32.9545 3
      vertex 54.2882 -31.8437 3
      vertex 54.3877 -33.0218 3
    endloop
  endfacet
  facet normal -0 0 1
    outer loop
      vertex 53.9476 -31.9593 3
      vertex 54.3877 -33.0218 3
      vertex 54.2882 -31.8437 3
    endloop
  endfacet
  facet normal 0 0 1
    outer loop
      vertex 54.3877 -33.0218 3
      vertex 53.9476 -31.9593 3
      vertex 54.2 -33.1144 3
    endloop
  endfacet
  facet normal -0 0 1
    outer loop
      vertex 53.625 -32.1184 3
      vertex 54.2 -33.1144 3
      vertex 53.9476 -31.9593 3
    endloop
  endfacet
  facet normal 0 0 1
    outer loop
      vertex 54.2 -33.1144 3
      vertex 53.625 -32.1184 3
      vertex 54.026 -33.2306 3
    endloop
  endfacet
  facet normal -0 0 1
    outer loop
      vertex 53.3259 -32.3183 3
      vertex 54.026 -33.2306 3
      vertex 53.625 -32.1184 3
    endloop
  endfacet
  facet normal 0 0 1
    outer loop
      vertex 54.026 -33.2306 3
      vertex 53.3259 -32.3183 3
      vertex 53.8686 -33.3686 3
    endloop
  endfacet
  facet normal -0 0 1
    outer loop
      vertex 53.0555 -32.5555 3
      vertex 53.8686 -33.3686 3
      vertex 53.3259 -32.3183 3
    endloop
  endfacet
  facet normal 0 0 1
    outer loop
      vertex 53.8686 -33.3686 3
      vertex 53.0555 -32.5555 3
      vertex 53.7306 -33.526 3
    endloop
  endfacet
  facet normal -0 0 1
    outer loop
      vertex 52.8183 -32.8259 3
      vertex 53.7306 -33.526 3
      vertex 53.0555 -32.5555 3
    endloop
  endfacet
  facet normal 0 0 1
    outer loop
      vertex 53.7306 -33.526 3
      vertex 52.8183 -32.8259 3
      vertex 53.6144 -33.7 3
    endloop
  endfacet
  facet normal 0 0 1
    outer loop
      vertex 53.6144 -33.7 3
      vertex 52.6184 -33.125 3
      vertex 53.5218 -33.8877 3
    endloop
  endfacet
  facet normal -0 0 1
    outer loop
      vertex 52.6184 -33.125 3
      vertex 53.6144 -33.7 3
      vertex 52.8183 -32.8259 3
    endloop
  endfacet
  facet normal -0 0 1
    outer loop
      vertex 56.3856 -35.3 3
      vertex 57.3816 -35.875 3
      vertex 56.4782 -35.1123 3
    endloop
  endfacet
  facet normal 0 0 1
    outer loop
      vertex 57.3816 -35.875 3
      vertex 56.3856 -35.3 3
      vertex 57.1817 -36.1741 3
    endloop
  endfacet
  facet normal -0 0 1
    outer loop
      vertex 56.2694 -35.474 3
      vertex 57.1817 -36.1741 3
      vertex 56.3856 -35.3 3
    endloop
  endfacet
  facet normal 0 0 1
    outer loop
      vertex 57.1817 -36.1741 3
      vertex 56.2694 -35.474 3
      vertex 56.9445 -36.4445 3
    endloop
  endfacet
  facet normal -0 0 1
    outer loop
      vertex 56.1314 -35.6314 3
      vertex 56.9445 -36.4445 3
      vertex 56.2694 -35.474 3
    endloop
  endfacet
  facet normal 0 0 1
    outer loop
      vertex 56.9445 -36.4445 3
      vertex 56.1314 -35.6314 3
      vertex 56.6741 -36.6817 3
    endloop
  endfacet
  facet normal -0 0 1
    outer loop
      vertex 55.974 -35.7694 3
      vertex 56.6741 -36.6817 3
      vertex 56.1314 -35.6314 3
    endloop
  endfacet
  facet normal 0 0 1
    outer loop
      vertex 56.6741 -36.6817 3
      vertex 55.974 -35.7694 3
      vertex 56.375 -36.8816 3
    endloop
  endfacet
  facet normal -0 0 1
    outer loop
      vertex 55.8 -35.8856 3
      vertex 56.375 -36.8816 3
      vertex 55.974 -35.7694 3
    endloop
  endfacet
  facet normal 0 0 1
    outer loop
      vertex 56.375 -36.8816 3
      vertex 55.8 -35.8856 3
      vertex 56.0524 -37.0407 3
    endloop
  endfacet
  facet normal -0 0 1
    outer loop
      vertex 55.6123 -35.9782 3
      vertex 56.0524 -37.0407 3
      vertex 55.8 -35.8856 3
    endloop
  endfacet
  facet normal 0 0 1
    outer loop
      vertex 56.0524 -37.0407 3
      vertex 55.6123 -35.9782 3
      vertex 55.7118 -37.1563 3
    endloop
  endfacet
  facet normal -0 0 1
    outer loop
      vertex 55.4141 -36.0455 3
      vertex 55.7118 -37.1563 3
      vertex 55.6123 -35.9782 3
    endloop
  endfacet
  facet normal 0 0 1
    outer loop
      vertex 55.4141 -36.0455 3
      vertex 55.3589 -37.2265 3
      vertex 55.7118 -37.1563 3
    endloop
  endfacet
  facet normal -0 0 1
    outer loop
      vertex 55.2088 -36.0863 3
      vertex 55.3589 -37.2265 3
      vertex 55.4141 -36.0455 3
    endloop
  endfacet
  facet normal -0 0 1
    outer loop
      vertex 55 -36.1 3
      vertex 55.3589 -37.2265 3
      vertex 55.2088 -36.0863 3
    endloop
  endfacet
  facet normal 0 0 1
    outer loop
      vertex 55 -36.1 3
      vertex 55 -37.25 3
      vertex 55.3589 -37.2265 3
    endloop
  endfacet
  facet normal 0 0 1
    outer loop
      vertex 54.7912 -36.0863 3
      vertex 55 -37.25 3
      vertex 55 -36.1 3
    endloop
  endfacet
  facet normal 0 0 1
    outer loop
      vertex 54.7912 -36.0863 3
      vertex 54.6411 -37.2265 3
      vertex 55 -37.25 3
    endloop
  endfacet
  facet normal 0 0 1
    outer loop
      vertex 54.5859 -36.0455 3
      vertex 54.6411 -37.2265 3
      vertex 54.7912 -36.0863 3
    endloop
  endfacet
  facet normal 0 0 1
    outer loop
      vertex 54.2882 -37.1563 3
      vertex 54.5859 -36.0455 3
      vertex 54.3877 -35.9782 3
    endloop
  endfacet
  facet normal 0 0 1
    outer loop
      vertex 54.5859 -36.0455 3
      vertex 54.2882 -37.1563 3
      vertex 54.6411 -37.2265 3
    endloop
  endfacet
  facet normal 0 0 1
    outer loop
      vertex 53.9476 -37.0407 3
      vertex 54.3877 -35.9782 3
      vertex 54.2 -35.8856 3
    endloop
  endfacet
  facet normal 0 0 1
    outer loop
      vertex 53.625 -36.8816 3
      vertex 54.2 -35.8856 3
      vertex 54.026 -35.7694 3
    endloop
  endfacet
  facet normal 0 0 1
    outer loop
      vertex 54.3877 -35.9782 3
      vertex 53.9476 -37.0407 3
      vertex 54.2882 -37.1563 3
    endloop
  endfacet
  facet normal 0 0 1
    outer loop
      vertex 53.3259 -36.6817 3
      vertex 54.026 -35.7694 3
      vertex 53.8686 -35.6314 3
    endloop
  endfacet
  facet normal 0 0 1
    outer loop
      vertex 53.0555 -36.4445 3
      vertex 53.8686 -35.6314 3
      vertex 53.7306 -35.474 3
    endloop
  endfacet
  facet normal 0 0 1
    outer loop
      vertex 54.2 -35.8856 3
      vertex 53.625 -36.8816 3
      vertex 53.9476 -37.0407 3
    endloop
  endfacet
  facet normal 0 0 1
    outer loop
      vertex 52.8183 -36.1741 3
      vertex 53.7306 -35.474 3
      vertex 53.6144 -35.3 3
    endloop
  endfacet
  facet normal 0 0 1
    outer loop
      vertex 52.6184 -35.875 3
      vertex 53.6144 -35.3 3
      vertex 53.5218 -35.1123 3
    endloop
  endfacet
  facet normal 0 0 1
    outer loop
      vertex 52.4593 -35.5524 3
      vertex 53.5218 -35.1123 3
      vertex 53.4545 -34.9141 3
    endloop
  endfacet
  facet normal 0 0 1
    outer loop
      vertex 52.3437 -35.2118 3
      vertex 53.4545 -34.9141 3
      vertex 53.4137 -34.7088 3
    endloop
  endfacet
  facet normal 0 0 1
    outer loop
      vertex 54.026 -35.7694 3
      vertex 53.3259 -36.6817 3
      vertex 53.625 -36.8816 3
    endloop
  endfacet
  facet normal 0 0 1
    outer loop
      vertex 52.2735 -34.8589 3
      vertex 53.4137 -34.7088 3
      vertex 53.4 -34.5 3
    endloop
  endfacet
  facet normal -0 0 1
    outer loop
      vertex 52.4593 -33.4476 3
      vertex 53.5218 -33.8877 3
      vertex 52.6184 -33.125 3
    endloop
  endfacet
  facet normal 0 0 1
    outer loop
      vertex 53.5218 -33.8877 3
      vertex 52.4593 -33.4476 3
      vertex 53.4545 -34.0859 3
    endloop
  endfacet
  facet normal 0 0 1
    outer loop
      vertex 53.8686 -35.6314 3
      vertex 53.0555 -36.4445 3
      vertex 53.3259 -36.6817 3
    endloop
  endfacet
  facet normal -0 0 1
    outer loop
      vertex 52.3437 -33.7882 3
      vertex 53.4545 -34.0859 3
      vertex 52.4593 -33.4476 3
    endloop
  endfacet
  facet normal 0 0 1
    outer loop
      vertex 53.7306 -35.474 3
      vertex 52.8183 -36.1741 3
      vertex 53.0555 -36.4445 3
    endloop
  endfacet
  facet normal 0 0 1
    outer loop
      vertex 53.4545 -34.0859 3
      vertex 52.3437 -33.7882 3
      vertex 53.4137 -34.2912 3
    endloop
  endfacet
  facet normal 0 0 1
    outer loop
      vertex 53.6144 -35.3 3
      vertex 52.6184 -35.875 3
      vertex 52.8183 -36.1741 3
    endloop
  endfacet
  facet normal -0 0 1
    outer loop
      vertex 52.2735 -34.1411 3
      vertex 53.4137 -34.2912 3
      vertex 52.3437 -33.7882 3
    endloop
  endfacet
  facet normal 0 0 1
    outer loop
      vertex 53.5218 -35.1123 3
      vertex 52.4593 -35.5524 3
      vertex 52.6184 -35.875 3
    endloop
  endfacet
  facet normal 0 0 1
    outer loop
      vertex 53.4137 -34.2912 3
      vertex 52.2735 -34.1411 3
      vertex 53.4 -34.5 3
    endloop
  endfacet
  facet normal 0 0 1
    outer loop
      vertex 53.4545 -34.9141 3
      vertex 52.3437 -35.2118 3
      vertex 52.4593 -35.5524 3
    endloop
  endfacet
  facet normal 0 0 1
    outer loop
      vertex 52.25 -34.5 3
      vertex 53.4 -34.5 3
      vertex 52.2735 -34.1411 3
    endloop
  endfacet
  facet normal 0 0 1
    outer loop
      vertex 53.4137 -34.7088 3
      vertex 52.2735 -34.8589 3
      vertex 52.3437 -35.2118 3
    endloop
  endfacet
  facet normal 0 0 1
    outer loop
      vertex 53.4 -34.5 3
      vertex 52.25 -34.5 3
      vertex 52.2735 -34.8589 3
    endloop
  endfacet
  facet normal -0.442314 -0.89686 0
    outer loop
      vertex 53.625 -36.8816 0
      vertex 53.9476 -37.0407 3
      vertex 53.625 -36.8816 3
    endloop
  endfacet
  facet normal -0.442314 -0.89686 -0
    outer loop
      vertex 53.9476 -37.0407 3
      vertex 53.625 -36.8816 0
      vertex 53.9476 -37.0407 0
    endloop
  endfacet
  facet normal -0.831408 -0.555662 0
    outer loop
      vertex 52.8183 -36.1741 0
      vertex 52.6184 -35.875 3
      vertex 52.6184 -35.875 0
    endloop
  endfacet
  facet normal -0.831408 -0.555662 0
    outer loop
      vertex 52.6184 -35.875 3
      vertex 52.8183 -36.1741 0
      vertex 52.8183 -36.1741 3
    endloop
  endfacet
  facet normal -0.980783 -0.195101 0
    outer loop
      vertex 52.3437 -35.2118 0
      vertex 52.2735 -34.8589 3
      vertex 52.2735 -34.8589 0
    endloop
  endfacet
  facet normal -0.980783 -0.195101 0
    outer loop
      vertex 52.2735 -34.8589 3
      vertex 52.3437 -35.2118 0
      vertex 52.3437 -35.2118 3
    endloop
  endfacet
  facet normal -0.659449 -0.751749 0
    outer loop
      vertex 53.0555 -36.4445 0
      vertex 53.3259 -36.6817 3
      vertex 53.0555 -36.4445 3
    endloop
  endfacet
  facet normal -0.659449 -0.751749 -0
    outer loop
      vertex 53.3259 -36.6817 3
      vertex 53.0555 -36.4445 0
      vertex 53.3259 -36.6817 0
    endloop
  endfacet
  facet normal -0.89686 0.442314 0
    outer loop
      vertex 52.4593 -33.4476 0
      vertex 52.6184 -33.125 3
      vertex 52.6184 -33.125 0
    endloop
  endfacet
  facet normal -0.89686 0.442314 0
    outer loop
      vertex 52.6184 -33.125 3
      vertex 52.4593 -33.4476 0
      vertex 52.4593 -33.4476 3
    endloop
  endfacet
  facet normal -0.997863 -0.0653379 0
    outer loop
      vertex 52.2735 -34.8589 0
      vertex 52.25 -34.5 3
      vertex 52.25 -34.5 0
    endloop
  endfacet
  facet normal -0.997863 -0.0653379 0
    outer loop
      vertex 52.25 -34.5 3
      vertex 52.2735 -34.8589 0
      vertex 52.2735 -34.8589 3
    endloop
  endfacet
  facet normal 0.555662 -0.831408 0
    outer loop
      vertex 56.375 -36.8816 0
      vertex 56.6741 -36.6817 3
      vertex 56.375 -36.8816 3
    endloop
  endfacet
  facet normal 0.555662 -0.831408 0
    outer loop
      vertex 56.6741 -36.6817 3
      vertex 56.375 -36.8816 0
      vertex 56.6741 -36.6817 0
    endloop
  endfacet
  facet normal -0.555662 -0.831408 0
    outer loop
      vertex 53.3259 -36.6817 0
      vertex 53.625 -36.8816 3
      vertex 53.3259 -36.6817 3
    endloop
  endfacet
  facet normal -0.555662 -0.831408 -0
    outer loop
      vertex 53.625 -36.8816 3
      vertex 53.3259 -36.6817 0
      vertex 53.625 -36.8816 0
    endloop
  endfacet
  facet normal -0.194922 -0.980819 0
    outer loop
      vertex 55.2088 -32.9137 0
      vertex 55.4141 -32.9545 3
      vertex 55.2088 -32.9137 3
    endloop
  endfacet
  facet normal -0.194922 -0.980819 -0
    outer loop
      vertex 55.4141 -32.9545 3
      vertex 55.2088 -32.9137 0
      vertex 55.4141 -32.9545 0
    endloop
  endfacet
  facet normal -0.980819 -0.194922 0
    outer loop
      vertex 56.5863 -34.2912 0
      vertex 56.5455 -34.0859 3
      vertex 56.5455 -34.0859 0
    endloop
  endfacet
  facet normal -0.980819 -0.194922 0
    outer loop
      vertex 56.5455 -34.0859 3
      vertex 56.5863 -34.2912 0
      vertex 56.5863 -34.2912 3
    endloop
  endfacet
  facet normal -0.997854 -0.0654722 0
    outer loop
      vertex 56.6 -34.5 0
      vertex 56.5863 -34.2912 3
      vertex 56.5863 -34.2912 0
    endloop
  endfacet
  facet normal -0.997854 -0.0654722 0
    outer loop
      vertex 56.5863 -34.2912 3
      vertex 56.6 -34.5 0
      vertex 56.6 -34.5 3
    endloop
  endfacet
  facet normal -0.946901 -0.321526 0
    outer loop
      vertex 56.5455 -34.0859 0
      vertex 56.4782 -33.8877 3
      vertex 56.4782 -33.8877 0
    endloop
  endfacet
  facet normal -0.946901 -0.321526 0
    outer loop
      vertex 56.4782 -33.8877 3
      vertex 56.5455 -34.0859 0
      vertex 56.5455 -34.0859 3
    endloop
  endfacet
  facet normal -0.831609 -0.555362 0
    outer loop
      vertex 56.3856 -33.7 0
      vertex 56.2694 -33.526 3
      vertex 56.2694 -33.526 0
    endloop
  endfacet
  facet normal -0.831609 -0.555362 0
    outer loop
      vertex 56.2694 -33.526 3
      vertex 56.3856 -33.7 0
      vertex 56.3856 -33.7 3
    endloop
  endfacet
  facet normal -0.321526 -0.946901 0
    outer loop
      vertex 55.4141 -32.9545 0
      vertex 55.6123 -33.0218 3
      vertex 55.4141 -32.9545 3
    endloop
  endfacet
  facet normal -0.321526 -0.946901 -0
    outer loop
      vertex 55.6123 -33.0218 3
      vertex 55.4141 -32.9545 0
      vertex 55.6123 -33.0218 0
    endloop
  endfacet
  facet normal -0.997854 0.0654722 0
    outer loop
      vertex 56.5863 -34.7088 0
      vertex 56.6 -34.5 3
      vertex 56.6 -34.5 0
    endloop
  endfacet
  facet normal -0.997854 0.0654722 0
    outer loop
      vertex 56.6 -34.5 3
      vertex 56.5863 -34.7088 0
      vertex 56.5863 -34.7088 3
    endloop
  endfacet
  facet normal 0.555362 0.831609 -0
    outer loop
      vertex 54.2 -35.8856 0
      vertex 54.026 -35.7694 3
      vertex 54.2 -35.8856 3
    endloop
  endfacet
  facet normal 0.555362 0.831609 0
    outer loop
      vertex 54.026 -35.7694 3
      vertex 54.2 -35.8856 0
      vertex 54.026 -35.7694 0
    endloop
  endfacet
  facet normal 0.321526 0.946901 -0
    outer loop
      vertex 54.5859 -36.0455 0
      vertex 54.3877 -35.9782 3
      vertex 54.5859 -36.0455 3
    endloop
  endfacet
  facet normal 0.321526 0.946901 0
    outer loop
      vertex 54.3877 -35.9782 3
      vertex 54.5859 -36.0455 0
      vertex 54.3877 -35.9782 0
    endloop
  endfacet
  facet normal -0.896803 -0.442429 0
    outer loop
      vertex 56.4782 -33.8877 0
      vertex 56.3856 -33.7 3
      vertex 56.3856 -33.7 0
    endloop
  endfacet
  facet normal -0.896803 -0.442429 0
    outer loop
      vertex 56.3856 -33.7 3
      vertex 56.4782 -33.8877 0
      vertex 56.4782 -33.8877 3
    endloop
  endfacet
  facet normal 0.321526 -0.946901 0
    outer loop
      vertex 54.3877 -33.0218 0
      vertex 54.5859 -32.9545 3
      vertex 54.3877 -33.0218 3
    endloop
  endfacet
  facet normal 0.321526 -0.946901 0
    outer loop
      vertex 54.5859 -32.9545 3
      vertex 54.3877 -33.0218 0
      vertex 54.5859 -32.9545 0
    endloop
  endfacet
  facet normal -0.751925 -0.659248 0
    outer loop
      vertex 56.2694 -33.526 0
      vertex 56.1314 -33.3686 3
      vertex 56.1314 -33.3686 0
    endloop
  endfacet
  facet normal -0.751925 -0.659248 0
    outer loop
      vertex 56.1314 -33.3686 3
      vertex 56.2694 -33.526 0
      vertex 56.2694 -33.526 3
    endloop
  endfacet
  facet normal -0.946901 0.321526 0
    outer loop
      vertex 56.4782 -35.1123 0
      vertex 56.5455 -34.9141 3
      vertex 56.5455 -34.9141 0
    endloop
  endfacet
  facet normal -0.946901 0.321526 0
    outer loop
      vertex 56.5455 -34.9141 3
      vertex 56.4782 -35.1123 0
      vertex 56.4782 -35.1123 3
    endloop
  endfacet
  facet normal 0.751925 0.659248 0
    outer loop
      vertex 53.8686 -35.6314 3
      vertex 53.7306 -35.474 0
      vertex 53.7306 -35.474 3
    endloop
  endfacet
  facet normal 0.751925 0.659248 0
    outer loop
      vertex 53.7306 -35.474 0
      vertex 53.8686 -35.6314 3
      vertex 53.8686 -35.6314 0
    endloop
  endfacet
  facet normal -0.980819 0.194922 0
    outer loop
      vertex 56.5455 -34.9141 0
      vertex 56.5863 -34.7088 3
      vertex 56.5863 -34.7088 0
    endloop
  endfacet
  facet normal -0.980819 0.194922 0
    outer loop
      vertex 56.5863 -34.7088 3
      vertex 56.5455 -34.9141 0
      vertex 56.5455 -34.9141 3
    endloop
  endfacet
  facet normal 0.659248 -0.751925 0
    outer loop
      vertex 53.8686 -33.3686 0
      vertex 54.026 -33.2306 3
      vertex 53.8686 -33.3686 3
    endloop
  endfacet
  facet normal 0.659248 -0.751925 0
    outer loop
      vertex 54.026 -33.2306 3
      vertex 53.8686 -33.3686 0
      vertex 54.026 -33.2306 0
    endloop
  endfacet
  facet normal 0.946901 0.321526 0
    outer loop
      vertex 53.5218 -35.1123 3
      vertex 53.4545 -34.9141 0
      vertex 53.4545 -34.9141 3
    endloop
  endfacet
  facet normal 0.946901 0.321526 0
    outer loop
      vertex 53.4545 -34.9141 0
      vertex 53.5218 -35.1123 3
      vertex 53.5218 -35.1123 0
    endloop
  endfacet
  facet normal -0.831609 0.555362 0
    outer loop
      vertex 56.2694 -35.474 0
      vertex 56.3856 -35.3 3
      vertex 56.3856 -35.3 0
    endloop
  endfacet
  facet normal -0.831609 0.555362 0
    outer loop
      vertex 56.3856 -35.3 3
      vertex 56.2694 -35.474 0
      vertex 56.2694 -35.474 3
    endloop
  endfacet
  facet normal -0.442429 -0.896803 0
    outer loop
      vertex 55.6123 -33.0218 0
      vertex 55.8 -33.1144 3
      vertex 55.6123 -33.0218 3
    endloop
  endfacet
  facet normal -0.442429 -0.896803 -0
    outer loop
      vertex 55.8 -33.1144 3
      vertex 55.6123 -33.0218 0
      vertex 55.8 -33.1144 0
    endloop
  endfacet
  facet normal 0.442429 -0.896803 0
    outer loop
      vertex 54.2 -33.1144 0
      vertex 54.3877 -33.0218 3
      vertex 54.2 -33.1144 3
    endloop
  endfacet
  facet normal 0.442429 -0.896803 0
    outer loop
      vertex 54.3877 -33.0218 3
      vertex 54.2 -33.1144 0
      vertex 54.3877 -33.0218 0
    endloop
  endfacet
  facet normal -0.442429 0.896803 0
    outer loop
      vertex 55.8 -35.8856 0
      vertex 55.6123 -35.9782 3
      vertex 55.8 -35.8856 3
    endloop
  endfacet
  facet normal -0.442429 0.896803 0
    outer loop
      vertex 55.6123 -35.9782 3
      vertex 55.8 -35.8856 0
      vertex 55.6123 -35.9782 0
    endloop
  endfacet
  facet normal -0.321526 0.946901 0
    outer loop
      vertex 55.6123 -35.9782 0
      vertex 55.4141 -36.0455 3
      vertex 55.6123 -35.9782 3
    endloop
  endfacet
  facet normal -0.321526 0.946901 0
    outer loop
      vertex 55.4141 -36.0455 3
      vertex 55.6123 -35.9782 0
      vertex 55.4141 -36.0455 0
    endloop
  endfacet
  facet normal 0.980819 0.194922 0
    outer loop
      vertex 53.4545 -34.9141 3
      vertex 53.4137 -34.7088 0
      vertex 53.4137 -34.7088 3
    endloop
  endfacet
  facet normal 0.980819 0.194922 0
    outer loop
      vertex 53.4137 -34.7088 0
      vertex 53.4545 -34.9141 3
      vertex 53.4545 -34.9141 0
    endloop
  endfacet
  facet normal 0.555362 -0.831609 0
    outer loop
      vertex 54.026 -33.2306 0
      vertex 54.2 -33.1144 3
      vertex 54.026 -33.2306 3
    endloop
  endfacet
  facet normal 0.555362 -0.831609 0
    outer loop
      vertex 54.2 -33.1144 3
      vertex 54.026 -33.2306 0
      vertex 54.2 -33.1144 0
    endloop
  endfacet
  facet normal -0.555362 0.831609 0
    outer loop
      vertex 55.974 -35.7694 0
      vertex 55.8 -35.8856 3
      vertex 55.974 -35.7694 3
    endloop
  endfacet
  facet normal -0.555362 0.831609 0
    outer loop
      vertex 55.8 -35.8856 3
      vertex 55.974 -35.7694 0
      vertex 55.8 -35.8856 0
    endloop
  endfacet
  facet normal -0.194922 0.980819 0
    outer loop
      vertex 55.4141 -36.0455 0
      vertex 55.2088 -36.0863 3
      vertex 55.4141 -36.0455 3
    endloop
  endfacet
  facet normal -0.194922 0.980819 0
    outer loop
      vertex 55.2088 -36.0863 3
      vertex 55.4141 -36.0455 0
      vertex 55.2088 -36.0863 0
    endloop
  endfacet
  facet normal -0.659248 -0.751925 0
    outer loop
      vertex 55.974 -33.2306 0
      vertex 56.1314 -33.3686 3
      vertex 55.974 -33.2306 3
    endloop
  endfacet
  facet normal -0.659248 -0.751925 -0
    outer loop
      vertex 56.1314 -33.3686 3
      vertex 55.974 -33.2306 0
      vertex 56.1314 -33.3686 0
    endloop
  endfacet
  facet normal 0.946901 -0.321526 0
    outer loop
      vertex 53.4545 -34.0859 3
      vertex 53.5218 -33.8877 0
      vertex 53.5218 -33.8877 3
    endloop
  endfacet
  facet normal 0.946901 -0.321526 0
    outer loop
      vertex 53.5218 -33.8877 0
      vertex 53.4545 -34.0859 3
      vertex 53.4545 -34.0859 0
    endloop
  endfacet
  facet normal -0.0654722 0.997854 0
    outer loop
      vertex 55.2088 -36.0863 0
      vertex 55 -36.1 3
      vertex 55.2088 -36.0863 3
    endloop
  endfacet
  facet normal -0.0654722 0.997854 0
    outer loop
      vertex 55 -36.1 3
      vertex 55.2088 -36.0863 0
      vertex 55 -36.1 0
    endloop
  endfacet
  facet normal 0.194922 -0.980819 0
    outer loop
      vertex 54.5859 -32.9545 0
      vertex 54.7912 -32.9137 3
      vertex 54.5859 -32.9545 3
    endloop
  endfacet
  facet normal 0.194922 -0.980819 0
    outer loop
      vertex 54.7912 -32.9137 3
      vertex 54.5859 -32.9545 0
      vertex 54.7912 -32.9137 0
    endloop
  endfacet
  facet normal 0.659248 0.751925 -0
    outer loop
      vertex 54.026 -35.7694 0
      vertex 53.8686 -35.6314 3
      vertex 54.026 -35.7694 3
    endloop
  endfacet
  facet normal 0.659248 0.751925 0
    outer loop
      vertex 53.8686 -35.6314 3
      vertex 54.026 -35.7694 0
      vertex 53.8686 -35.6314 0
    endloop
  endfacet
  facet normal -0.659248 0.751925 0
    outer loop
      vertex 56.1314 -35.6314 0
      vertex 55.974 -35.7694 3
      vertex 56.1314 -35.6314 3
    endloop
  endfacet
  facet normal -0.659248 0.751925 0
    outer loop
      vertex 55.974 -35.7694 3
      vertex 56.1314 -35.6314 0
      vertex 55.974 -35.7694 0
    endloop
  endfacet
  facet normal 0.896803 -0.442429 0
    outer loop
      vertex 53.5218 -33.8877 3
      vertex 53.6144 -33.7 0
      vertex 53.6144 -33.7 3
    endloop
  endfacet
  facet normal 0.896803 -0.442429 0
    outer loop
      vertex 53.6144 -33.7 0
      vertex 53.5218 -33.8877 3
      vertex 53.5218 -33.8877 0
    endloop
  endfacet
  facet normal -0.896803 0.442429 0
    outer loop
      vertex 56.3856 -35.3 0
      vertex 56.4782 -35.1123 3
      vertex 56.4782 -35.1123 0
    endloop
  endfacet
  facet normal -0.896803 0.442429 0
    outer loop
      vertex 56.4782 -35.1123 3
      vertex 56.3856 -35.3 0
      vertex 56.3856 -35.3 3
    endloop
  endfacet
  facet normal -0.751925 0.659248 0
    outer loop
      vertex 56.1314 -35.6314 0
      vertex 56.2694 -35.474 3
      vertex 56.2694 -35.474 0
    endloop
  endfacet
  facet normal -0.751925 0.659248 0
    outer loop
      vertex 56.2694 -35.474 3
      vertex 56.1314 -35.6314 0
      vertex 56.1314 -35.6314 3
    endloop
  endfacet
  facet normal 0.0654722 0.997854 -0
    outer loop
      vertex 55 -36.1 0
      vertex 54.7912 -36.0863 3
      vertex 55 -36.1 3
    endloop
  endfacet
  facet normal 0.0654722 0.997854 0
    outer loop
      vertex 54.7912 -36.0863 3
      vertex 55 -36.1 0
      vertex 54.7912 -36.0863 0
    endloop
  endfacet
  facet normal -0.0654722 -0.997854 0
    outer loop
      vertex 55 -32.9 0
      vertex 55.2088 -32.9137 3
      vertex 55 -32.9 3
    endloop
  endfacet
  facet normal -0.0654722 -0.997854 -0
    outer loop
      vertex 55.2088 -32.9137 3
      vertex 55 -32.9 0
      vertex 55.2088 -32.9137 0
    endloop
  endfacet
  facet normal -0.555362 -0.831609 0
    outer loop
      vertex 55.8 -33.1144 0
      vertex 55.974 -33.2306 3
      vertex 55.8 -33.1144 3
    endloop
  endfacet
  facet normal -0.555362 -0.831609 -0
    outer loop
      vertex 55.974 -33.2306 3
      vertex 55.8 -33.1144 0
      vertex 55.974 -33.2306 0
    endloop
  endfacet
  facet normal 0.997854 0.0654722 0
    outer loop
      vertex 53.4137 -34.7088 3
      vertex 53.4 -34.5 0
      vertex 53.4 -34.5 3
    endloop
  endfacet
  facet normal 0.997854 0.0654722 0
    outer loop
      vertex 53.4 -34.5 0
      vertex 53.4137 -34.7088 3
      vertex 53.4137 -34.7088 0
    endloop
  endfacet
  facet normal 0.751925 -0.659248 0
    outer loop
      vertex 53.7306 -33.526 3
      vertex 53.8686 -33.3686 0
      vertex 53.8686 -33.3686 3
    endloop
  endfacet
  facet normal 0.751925 -0.659248 0
    outer loop
      vertex 53.8686 -33.3686 0
      vertex 53.7306 -33.526 3
      vertex 53.7306 -33.526 0
    endloop
  endfacet
  facet normal 0.0654722 -0.997854 0
    outer loop
      vertex 54.7912 -32.9137 0
      vertex 55 -32.9 3
      vertex 54.7912 -32.9137 3
    endloop
  endfacet
  facet normal 0.0654722 -0.997854 0
    outer loop
      vertex 55 -32.9 3
      vertex 54.7912 -32.9137 0
      vertex 55 -32.9 0
    endloop
  endfacet
  facet normal 0.194922 0.980819 -0
    outer loop
      vertex 54.7912 -36.0863 0
      vertex 54.5859 -36.0455 3
      vertex 54.7912 -36.0863 3
    endloop
  endfacet
  facet normal 0.194922 0.980819 0
    outer loop
      vertex 54.5859 -36.0455 3
      vertex 54.7912 -36.0863 0
      vertex 54.5859 -36.0455 0
    endloop
  endfacet
  facet normal 0.980819 -0.194922 0
    outer loop
      vertex 53.4137 -34.2912 3
      vertex 53.4545 -34.0859 0
      vertex 53.4545 -34.0859 3
    endloop
  endfacet
  facet normal 0.980819 -0.194922 0
    outer loop
      vertex 53.4545 -34.0859 0
      vertex 53.4137 -34.2912 3
      vertex 53.4137 -34.2912 0
    endloop
  endfacet
  facet normal 0.997854 -0.0654722 0
    outer loop
      vertex 53.4 -34.5 3
      vertex 53.4137 -34.2912 0
      vertex 53.4137 -34.2912 3
    endloop
  endfacet
  facet normal 0.997854 -0.0654722 0
    outer loop
      vertex 53.4137 -34.2912 0
      vertex 53.4 -34.5 3
      vertex 53.4 -34.5 0
    endloop
  endfacet
  facet normal 0.442429 0.896803 -0
    outer loop
      vertex 54.3877 -35.9782 0
      vertex 54.2 -35.8856 3
      vertex 54.3877 -35.9782 3
    endloop
  endfacet
  facet normal 0.442429 0.896803 0
    outer loop
      vertex 54.2 -35.8856 3
      vertex 54.3877 -35.9782 0
      vertex 54.2 -35.8856 0
    endloop
  endfacet
  facet normal 0.831609 -0.555362 0
    outer loop
      vertex 53.6144 -33.7 3
      vertex 53.7306 -33.526 0
      vertex 53.7306 -33.526 3
    endloop
  endfacet
  facet normal 0.831609 -0.555362 0
    outer loop
      vertex 53.7306 -33.526 0
      vertex 53.6144 -33.7 3
      vertex 53.6144 -33.7 0
    endloop
  endfacet
  facet normal 0.831609 0.555362 0
    outer loop
      vertex 53.7306 -35.474 3
      vertex 53.6144 -35.3 0
      vertex 53.6144 -35.3 3
    endloop
  endfacet
  facet normal 0.831609 0.555362 0
    outer loop
      vertex 53.6144 -35.3 0
      vertex 53.7306 -35.474 3
      vertex 53.7306 -35.474 0
    endloop
  endfacet
  facet normal 0.896803 0.442429 0
    outer loop
      vertex 53.6144 -35.3 3
      vertex 53.5218 -35.1123 0
      vertex 53.5218 -35.1123 3
    endloop
  endfacet
  facet normal 0.896803 0.442429 0
    outer loop
      vertex 53.5218 -35.1123 0
      vertex 53.6144 -35.3 3
      vertex 53.6144 -35.3 0
    endloop
  endfacet
  facet normal 0.980783 -0.195101 0
    outer loop
      vertex -52.3437 33.7882 7.8
      vertex -52.2735 34.1411 6
      vertex -52.2735 34.1411 7.8
    endloop
  endfacet
  facet normal 0.980783 -0.195101 0
    outer loop
      vertex -52.2735 34.1411 6
      vertex -52.3437 33.7882 7.8
      vertex -52.3437 33.7882 6
    endloop
  endfacet
  facet normal 0.980783 0.195101 0
    outer loop
      vertex -52.2735 34.8589 7.8
      vertex -52.3437 35.2118 6
      vertex -52.3437 35.2118 7.8
    endloop
  endfacet
  facet normal 0.980783 0.195101 0
    outer loop
      vertex -52.3437 35.2118 6
      vertex -52.2735 34.8589 7.8
      vertex -52.2735 34.8589 6
    endloop
  endfacet
  facet normal 0.997863 0.0653379 0
    outer loop
      vertex -52.25 34.5 7.8
      vertex -52.2735 34.8589 6
      vertex -52.2735 34.8589 7.8
    endloop
  endfacet
  facet normal 0.997863 0.0653379 0
    outer loop
      vertex -52.2735 34.8589 6
      vertex -52.25 34.5 7.8
      vertex -52.25 34.5 6
    endloop
  endfacet
  facet normal 0.946945 0.321394 0
    outer loop
      vertex -52.3437 35.2118 7.8
      vertex -52.4593 35.5524 6
      vertex -52.4593 35.5524 7.8
    endloop
  endfacet
  facet normal 0.946945 0.321394 0
    outer loop
      vertex -52.4593 35.5524 6
      vertex -52.3437 35.2118 7.8
      vertex -52.3437 35.2118 6
    endloop
  endfacet
  facet normal 0.442314 -0.89686 0
    outer loop
      vertex -53.9476 31.9593 6
      vertex -53.625 32.1184 7.8
      vertex -53.9476 31.9593 7.8
    endloop
  endfacet
  facet normal 0.442314 -0.89686 0
    outer loop
      vertex -53.625 32.1184 7.8
      vertex -53.9476 31.9593 6
      vertex -53.625 32.1184 6
    endloop
  endfacet
  facet normal 0.195101 0.980783 -0
    outer loop
      vertex -54.2882 37.1563 6
      vertex -54.6411 37.2265 7.8
      vertex -54.2882 37.1563 7.8
    endloop
  endfacet
  facet normal 0.195101 0.980783 0
    outer loop
      vertex -54.6411 37.2265 7.8
      vertex -54.2882 37.1563 6
      vertex -54.6411 37.2265 6
    endloop
  endfacet
  facet normal 0.195101 -0.980783 0
    outer loop
      vertex -54.6411 31.7735 6
      vertex -54.2882 31.8437 7.8
      vertex -54.6411 31.7735 7.8
    endloop
  endfacet
  facet normal 0.195101 -0.980783 0
    outer loop
      vertex -54.2882 31.8437 7.8
      vertex -54.6411 31.7735 6
      vertex -54.2882 31.8437 6
    endloop
  endfacet
  facet normal 0.0653379 -0.997863 0
    outer loop
      vertex -55 31.75 6
      vertex -54.6411 31.7735 7.8
      vertex -55 31.75 7.8
    endloop
  endfacet
  facet normal 0.0653379 -0.997863 0
    outer loop
      vertex -54.6411 31.7735 7.8
      vertex -55 31.75 6
      vertex -54.6411 31.7735 6
    endloop
  endfacet
  facet normal -0.659449 0.751749 0
    outer loop
      vertex -56.6741 36.6817 6
      vertex -56.9445 36.4445 7.8
      vertex -56.6741 36.6817 7.8
    endloop
  endfacet
  facet normal -0.659449 0.751749 0
    outer loop
      vertex -56.9445 36.4445 7.8
      vertex -56.6741 36.6817 6
      vertex -56.9445 36.4445 6
    endloop
  endfacet
  facet normal -0.831408 0.555662 0
    outer loop
      vertex -57.3816 35.875 6
      vertex -57.1817 36.1741 7.8
      vertex -57.1817 36.1741 6
    endloop
  endfacet
  facet normal -0.831408 0.555662 0
    outer loop
      vertex -57.1817 36.1741 7.8
      vertex -57.3816 35.875 6
      vertex -57.3816 35.875 7.8
    endloop
  endfacet
  facet normal 0.321394 0.946945 -0
    outer loop
      vertex -53.9476 37.0407 6
      vertex -54.2882 37.1563 7.8
      vertex -53.9476 37.0407 7.8
    endloop
  endfacet
  facet normal 0.321394 0.946945 0
    outer loop
      vertex -54.2882 37.1563 7.8
      vertex -53.9476 37.0407 6
      vertex -54.2882 37.1563 6
    endloop
  endfacet
  facet normal 0.659449 -0.751749 0
    outer loop
      vertex -53.3259 32.3183 6
      vertex -53.0555 32.5555 7.8
      vertex -53.3259 32.3183 7.8
    endloop
  endfacet
  facet normal 0.659449 -0.751749 0
    outer loop
      vertex -53.0555 32.5555 7.8
      vertex -53.3259 32.3183 6
      vertex -53.0555 32.5555 6
    endloop
  endfacet
  facet normal -0.442314 0.89686 0
    outer loop
      vertex -56.0524 37.0407 6
      vertex -56.375 36.8816 7.8
      vertex -56.0524 37.0407 7.8
    endloop
  endfacet
  facet normal -0.442314 0.89686 0
    outer loop
      vertex -56.375 36.8816 7.8
      vertex -56.0524 37.0407 6
      vertex -56.375 36.8816 6
    endloop
  endfacet
  facet normal -0.0653379 -0.997863 0
    outer loop
      vertex -55.3589 31.7735 6
      vertex -55 31.75 7.8
      vertex -55.3589 31.7735 7.8
    endloop
  endfacet
  facet normal -0.0653379 -0.997863 -0
    outer loop
      vertex -55 31.75 7.8
      vertex -55.3589 31.7735 6
      vertex -55 31.75 6
    endloop
  endfacet
  facet normal 0.751749 -0.659449 0
    outer loop
      vertex -53.0555 32.5555 7.8
      vertex -52.8183 32.8259 6
      vertex -52.8183 32.8259 7.8
    endloop
  endfacet
  facet normal 0.751749 -0.659449 0
    outer loop
      vertex -52.8183 32.8259 6
      vertex -53.0555 32.5555 7.8
      vertex -53.0555 32.5555 6
    endloop
  endfacet
  facet normal -0.946945 -0.321394 0
    outer loop
      vertex -57.5407 33.4476 6
      vertex -57.6563 33.7882 7.8
      vertex -57.6563 33.7882 6
    endloop
  endfacet
  facet normal -0.946945 -0.321394 0
    outer loop
      vertex -57.6563 33.7882 7.8
      vertex -57.5407 33.4476 6
      vertex -57.5407 33.4476 7.8
    endloop
  endfacet
  facet normal 0.321394 -0.946945 0
    outer loop
      vertex -54.2882 31.8437 6
      vertex -53.9476 31.9593 7.8
      vertex -54.2882 31.8437 7.8
    endloop
  endfacet
  facet normal 0.321394 -0.946945 0
    outer loop
      vertex -53.9476 31.9593 7.8
      vertex -54.2882 31.8437 6
      vertex -53.9476 31.9593 6
    endloop
  endfacet
  facet normal -0.321394 0.946945 0
    outer loop
      vertex -55.7118 37.1563 6
      vertex -56.0524 37.0407 7.8
      vertex -55.7118 37.1563 7.8
    endloop
  endfacet
  facet normal -0.321394 0.946945 0
    outer loop
      vertex -56.0524 37.0407 7.8
      vertex -55.7118 37.1563 6
      vertex -56.0524 37.0407 6
    endloop
  endfacet
  facet normal 0.751749 0.659449 0
    outer loop
      vertex -52.8183 36.1741 7.8
      vertex -53.0555 36.4445 6
      vertex -53.0555 36.4445 7.8
    endloop
  endfacet
  facet normal 0.751749 0.659449 0
    outer loop
      vertex -53.0555 36.4445 6
      vertex -52.8183 36.1741 7.8
      vertex -52.8183 36.1741 6
    endloop
  endfacet
  facet normal -0.555662 0.831408 0
    outer loop
      vertex -56.375 36.8816 6
      vertex -56.6741 36.6817 7.8
      vertex -56.375 36.8816 7.8
    endloop
  endfacet
  facet normal -0.555662 0.831408 0
    outer loop
      vertex -56.6741 36.6817 7.8
      vertex -56.375 36.8816 6
      vertex -56.6741 36.6817 6
    endloop
  endfacet
  facet normal -0.946945 0.321394 0
    outer loop
      vertex -57.6563 35.2118 6
      vertex -57.5407 35.5524 7.8
      vertex -57.5407 35.5524 6
    endloop
  endfacet
  facet normal -0.946945 0.321394 0
    outer loop
      vertex -57.5407 35.5524 7.8
      vertex -57.6563 35.2118 6
      vertex -57.6563 35.2118 7.8
    endloop
  endfacet
  facet normal 0.89686 0.442314 0
    outer loop
      vertex -52.4593 35.5524 7.8
      vertex -52.6184 35.875 6
      vertex -52.6184 35.875 7.8
    endloop
  endfacet
  facet normal 0.89686 0.442314 0
    outer loop
      vertex -52.6184 35.875 6
      vertex -52.4593 35.5524 7.8
      vertex -52.4593 35.5524 6
    endloop
  endfacet
  facet normal -0.195101 0.980783 0
    outer loop
      vertex -55.3589 37.2265 6
      vertex -55.7118 37.1563 7.8
      vertex -55.3589 37.2265 7.8
    endloop
  endfacet
  facet normal -0.195101 0.980783 0
    outer loop
      vertex -55.7118 37.1563 7.8
      vertex -55.3589 37.2265 6
      vertex -55.7118 37.1563 6
    endloop
  endfacet
  facet normal 0.659449 0.751749 -0
    outer loop
      vertex -53.0555 36.4445 6
      vertex -53.3259 36.6817 7.8
      vertex -53.0555 36.4445 7.8
    endloop
  endfacet
  facet normal 0.659449 0.751749 0
    outer loop
      vertex -53.3259 36.6817 7.8
      vertex -53.0555 36.4445 6
      vertex -53.3259 36.6817 6
    endloop
  endfacet
  facet normal 0.997863 -0.0653379 0
    outer loop
      vertex -52.2735 34.1411 7.8
      vertex -52.25 34.5 6
      vertex -52.25 34.5 7.8
    endloop
  endfacet
  facet normal 0.997863 -0.0653379 0
    outer loop
      vertex -52.25 34.5 6
      vertex -52.2735 34.1411 7.8
      vertex -52.2735 34.1411 6
    endloop
  endfacet
  facet normal 0.442314 0.89686 -0
    outer loop
      vertex -53.625 36.8816 6
      vertex -53.9476 37.0407 7.8
      vertex -53.625 36.8816 7.8
    endloop
  endfacet
  facet normal 0.442314 0.89686 0
    outer loop
      vertex -53.9476 37.0407 7.8
      vertex -53.625 36.8816 6
      vertex -53.9476 37.0407 6
    endloop
  endfacet
  facet normal -0.321394 -0.946945 0
    outer loop
      vertex -56.0524 31.9593 6
      vertex -55.7118 31.8437 7.8
      vertex -56.0524 31.9593 7.8
    endloop
  endfacet
  facet normal -0.321394 -0.946945 -0
    outer loop
      vertex -55.7118 31.8437 7.8
      vertex -56.0524 31.9593 6
      vertex -55.7118 31.8437 6
    endloop
  endfacet
  facet normal -0.980783 0.195101 0
    outer loop
      vertex -57.7265 34.8589 6
      vertex -57.6563 35.2118 7.8
      vertex -57.6563 35.2118 6
    endloop
  endfacet
  facet normal -0.980783 0.195101 0
    outer loop
      vertex -57.6563 35.2118 7.8
      vertex -57.7265 34.8589 6
      vertex -57.7265 34.8589 7.8
    endloop
  endfacet
  facet normal -0.0653379 0.997863 0
    outer loop
      vertex -55 37.25 6
      vertex -55.3589 37.2265 7.8
      vertex -55 37.25 7.8
    endloop
  endfacet
  facet normal -0.0653379 0.997863 0
    outer loop
      vertex -55.3589 37.2265 7.8
      vertex -55 37.25 6
      vertex -55.3589 37.2265 6
    endloop
  endfacet
  facet normal -0.195101 -0.980783 0
    outer loop
      vertex -55.7118 31.8437 6
      vertex -55.3589 31.7735 7.8
      vertex -55.7118 31.8437 7.8
    endloop
  endfacet
  facet normal -0.195101 -0.980783 -0
    outer loop
      vertex -55.3589 31.7735 7.8
      vertex -55.7118 31.8437 6
      vertex -55.3589 31.7735 6
    endloop
  endfacet
  facet normal 0.946945 -0.321394 0
    outer loop
      vertex -52.4593 33.4476 7.8
      vertex -52.3437 33.7882 6
      vertex -52.3437 33.7882 7.8
    endloop
  endfacet
  facet normal 0.946945 -0.321394 0
    outer loop
      vertex -52.3437 33.7882 6
      vertex -52.4593 33.4476 7.8
      vertex -52.4593 33.4476 6
    endloop
  endfacet
  facet normal 0.831408 0.555662 0
    outer loop
      vertex -52.6184 35.875 7.8
      vertex -52.8183 36.1741 6
      vertex -52.8183 36.1741 7.8
    endloop
  endfacet
  facet normal 0.831408 0.555662 0
    outer loop
      vertex -52.8183 36.1741 6
      vertex -52.6184 35.875 7.8
      vertex -52.6184 35.875 6
    endloop
  endfacet
  facet normal -0.89686 -0.442314 0
    outer loop
      vertex -57.3816 33.125 6
      vertex -57.5407 33.4476 7.8
      vertex -57.5407 33.4476 6
    endloop
  endfacet
  facet normal -0.89686 -0.442314 0
    outer loop
      vertex -57.5407 33.4476 7.8
      vertex -57.3816 33.125 6
      vertex -57.3816 33.125 7.8
    endloop
  endfacet
  facet normal 0.89686 -0.442314 0
    outer loop
      vertex -52.6184 33.125 7.8
      vertex -52.4593 33.4476 6
      vertex -52.4593 33.4476 7.8
    endloop
  endfacet
  facet normal 0.89686 -0.442314 0
    outer loop
      vertex -52.4593 33.4476 6
      vertex -52.6184 33.125 7.8
      vertex -52.6184 33.125 6
    endloop
  endfacet
  facet normal -0.751749 -0.659449 0
    outer loop
      vertex -56.9445 32.5555 6
      vertex -57.1817 32.8259 7.8
      vertex -57.1817 32.8259 6
    endloop
  endfacet
  facet normal -0.751749 -0.659449 0
    outer loop
      vertex -57.1817 32.8259 7.8
      vertex -56.9445 32.5555 6
      vertex -56.9445 32.5555 7.8
    endloop
  endfacet
  facet normal 0.831408 -0.555662 0
    outer loop
      vertex -52.8183 32.8259 7.8
      vertex -52.6184 33.125 6
      vertex -52.6184 33.125 7.8
    endloop
  endfacet
  facet normal 0.831408 -0.555662 0
    outer loop
      vertex -52.6184 33.125 6
      vertex -52.8183 32.8259 7.8
      vertex -52.8183 32.8259 6
    endloop
  endfacet
  facet normal 0 0 -1
    outer loop
      vertex -52.2735 34.1411 6
      vertex -52.2735 34.8589 6
      vertex -52.25 34.5 6
    endloop
  endfacet
  facet normal 0 0 -1
    outer loop
      vertex -52.3437 33.7882 6
      vertex -52.2735 34.8589 6
      vertex -52.2735 34.1411 6
    endloop
  endfacet
  facet normal 0 0 -1
    outer loop
      vertex -52.3437 33.7882 6
      vertex -52.3437 35.2118 6
      vertex -52.2735 34.8589 6
    endloop
  endfacet
  facet normal 0 0 -1
    outer loop
      vertex -52.4593 33.4476 6
      vertex -52.3437 35.2118 6
      vertex -52.3437 33.7882 6
    endloop
  endfacet
  facet normal 0 0 -1
    outer loop
      vertex -52.4593 33.4476 6
      vertex -52.4593 35.5524 6
      vertex -52.3437 35.2118 6
    endloop
  endfacet
  facet normal 0 0 -1
    outer loop
      vertex -52.6184 33.125 6
      vertex -52.4593 35.5524 6
      vertex -52.4593 33.4476 6
    endloop
  endfacet
  facet normal 0 0 -1
    outer loop
      vertex -52.6184 33.125 6
      vertex -52.6184 35.875 6
      vertex -52.4593 35.5524 6
    endloop
  endfacet
  facet normal 0 0 -1
    outer loop
      vertex -52.8183 32.8259 6
      vertex -52.6184 35.875 6
      vertex -52.6184 33.125 6
    endloop
  endfacet
  facet normal 0 0 -1
    outer loop
      vertex -52.8183 32.8259 6
      vertex -52.8183 36.1741 6
      vertex -52.6184 35.875 6
    endloop
  endfacet
  facet normal 0 0 -1
    outer loop
      vertex -53.0555 32.5555 6
      vertex -52.8183 36.1741 6
      vertex -52.8183 32.8259 6
    endloop
  endfacet
  facet normal 0 0 -1
    outer loop
      vertex -53.0555 32.5555 6
      vertex -53.0555 36.4445 6
      vertex -52.8183 36.1741 6
    endloop
  endfacet
  facet normal 0 0 -1
    outer loop
      vertex -53.3259 32.3183 6
      vertex -53.0555 36.4445 6
      vertex -53.0555 32.5555 6
    endloop
  endfacet
  facet normal 0 0 -1
    outer loop
      vertex -53.3259 32.3183 6
      vertex -53.3259 36.6817 6
      vertex -53.0555 36.4445 6
    endloop
  endfacet
  facet normal 0 0 -1
    outer loop
      vertex -53.625 32.1184 6
      vertex -53.3259 36.6817 6
      vertex -53.3259 32.3183 6
    endloop
  endfacet
  facet normal 0 0 -1
    outer loop
      vertex -53.625 32.1184 6
      vertex -53.625 36.8816 6
      vertex -53.3259 36.6817 6
    endloop
  endfacet
  facet normal 0 0 -1
    outer loop
      vertex -53.9476 31.9593 6
      vertex -53.625 36.8816 6
      vertex -53.625 32.1184 6
    endloop
  endfacet
  facet normal 0 0 -1
    outer loop
      vertex -53.9476 31.9593 6
      vertex -53.9476 37.0407 6
      vertex -53.625 36.8816 6
    endloop
  endfacet
  facet normal 0 0 -1
    outer loop
      vertex -54.2882 31.8437 6
      vertex -53.9476 37.0407 6
      vertex -53.9476 31.9593 6
    endloop
  endfacet
  facet normal 0 0 -1
    outer loop
      vertex -54.2882 31.8437 6
      vertex -54.2882 37.1563 6
      vertex -53.9476 37.0407 6
    endloop
  endfacet
  facet normal 0 0 -1
    outer loop
      vertex -54.6411 31.7735 6
      vertex -54.2882 37.1563 6
      vertex -54.2882 31.8437 6
    endloop
  endfacet
  facet normal 0 0 -1
    outer loop
      vertex -54.6411 31.7735 6
      vertex -54.6411 37.2265 6
      vertex -54.2882 37.1563 6
    endloop
  endfacet
  facet normal 0 0 -1
    outer loop
      vertex -55 31.75 6
      vertex -54.6411 37.2265 6
      vertex -54.6411 31.7735 6
    endloop
  endfacet
  facet normal 0 0 -1
    outer loop
      vertex -55 31.75 6
      vertex -55 37.25 6
      vertex -54.6411 37.2265 6
    endloop
  endfacet
  facet normal 0 0 -1
    outer loop
      vertex -55.3589 31.7735 6
      vertex -55 37.25 6
      vertex -55 31.75 6
    endloop
  endfacet
  facet normal 0 0 -1
    outer loop
      vertex -55.3589 31.7735 6
      vertex -55.3589 37.2265 6
      vertex -55 37.25 6
    endloop
  endfacet
  facet normal 0 0 -1
    outer loop
      vertex -55.7118 31.8437 6
      vertex -55.3589 37.2265 6
      vertex -55.3589 31.7735 6
    endloop
  endfacet
  facet normal 0 0 -1
    outer loop
      vertex -55.7118 31.8437 6
      vertex -55.7118 37.1563 6
      vertex -55.3589 37.2265 6
    endloop
  endfacet
  facet normal 0 0 -1
    outer loop
      vertex -56.0524 31.9593 6
      vertex -55.7118 37.1563 6
      vertex -55.7118 31.8437 6
    endloop
  endfacet
  facet normal 0 0 -1
    outer loop
      vertex -56.0524 31.9593 6
      vertex -56.0524 37.0407 6
      vertex -55.7118 37.1563 6
    endloop
  endfacet
  facet normal 0 0 -1
    outer loop
      vertex -56.375 32.1184 6
      vertex -56.0524 37.0407 6
      vertex -56.0524 31.9593 6
    endloop
  endfacet
  facet normal 0 0 -1
    outer loop
      vertex -56.375 32.1184 6
      vertex -56.375 36.8816 6
      vertex -56.0524 37.0407 6
    endloop
  endfacet
  facet normal 0 0 -1
    outer loop
      vertex -56.6741 32.3183 6
      vertex -56.375 36.8816 6
      vertex -56.375 32.1184 6
    endloop
  endfacet
  facet normal 0 0 -1
    outer loop
      vertex -56.6741 32.3183 6
      vertex -56.6741 36.6817 6
      vertex -56.375 36.8816 6
    endloop
  endfacet
  facet normal 0 0 -1
    outer loop
      vertex -56.9445 32.5555 6
      vertex -56.6741 36.6817 6
      vertex -56.6741 32.3183 6
    endloop
  endfacet
  facet normal 0 0 -1
    outer loop
      vertex -56.9445 32.5555 6
      vertex -56.9445 36.4445 6
      vertex -56.6741 36.6817 6
    endloop
  endfacet
  facet normal 0 0 -1
    outer loop
      vertex -57.1817 32.8259 6
      vertex -56.9445 36.4445 6
      vertex -56.9445 32.5555 6
    endloop
  endfacet
  facet normal 0 0 -1
    outer loop
      vertex -57.1817 32.8259 6
      vertex -57.1817 36.1741 6
      vertex -56.9445 36.4445 6
    endloop
  endfacet
  facet normal 0 0 -1
    outer loop
      vertex -57.3816 33.125 6
      vertex -57.1817 36.1741 6
      vertex -57.1817 32.8259 6
    endloop
  endfacet
  facet normal 0 0 -1
    outer loop
      vertex -57.3816 33.125 6
      vertex -57.3816 35.875 6
      vertex -57.1817 36.1741 6
    endloop
  endfacet
  facet normal 0 0 -1
    outer loop
      vertex -57.5407 33.4476 6
      vertex -57.3816 35.875 6
      vertex -57.3816 33.125 6
    endloop
  endfacet
  facet normal 0 0 -1
    outer loop
      vertex -57.5407 33.4476 6
      vertex -57.5407 35.5524 6
      vertex -57.3816 35.875 6
    endloop
  endfacet
  facet normal 0 0 -1
    outer loop
      vertex -57.6563 33.7882 6
      vertex -57.5407 35.5524 6
      vertex -57.5407 33.4476 6
    endloop
  endfacet
  facet normal 0 0 -1
    outer loop
      vertex -57.6563 33.7882 6
      vertex -57.6563 35.2118 6
      vertex -57.5407 35.5524 6
    endloop
  endfacet
  facet normal 0 0 -1
    outer loop
      vertex -57.7265 34.1411 6
      vertex -57.6563 35.2118 6
      vertex -57.6563 33.7882 6
    endloop
  endfacet
  facet normal 0 0 -1
    outer loop
      vertex -57.7265 34.1411 6
      vertex -57.7265 34.8589 6
      vertex -57.6563 35.2118 6
    endloop
  endfacet
  facet normal 0 -0 -1
    outer loop
      vertex -57.7265 34.8589 6
      vertex -57.7265 34.1411 6
      vertex -57.75 34.5 6
    endloop
  endfacet
  facet normal -0.751749 0.659449 0
    outer loop
      vertex -57.1817 36.1741 6
      vertex -56.9445 36.4445 7.8
      vertex -56.9445 36.4445 6
    endloop
  endfacet
  facet normal -0.751749 0.659449 0
    outer loop
      vertex -56.9445 36.4445 7.8
      vertex -57.1817 36.1741 6
      vertex -57.1817 36.1741 7.8
    endloop
  endfacet
  facet normal 0.0653379 0.997863 -0
    outer loop
      vertex -54.6411 37.2265 6
      vertex -55 37.25 7.8
      vertex -54.6411 37.2265 7.8
    endloop
  endfacet
  facet normal 0.0653379 0.997863 0
    outer loop
      vertex -55 37.25 7.8
      vertex -54.6411 37.2265 6
      vertex -55 37.25 6
    endloop
  endfacet
  facet normal 0.555662 0.831408 -0
    outer loop
      vertex -53.3259 36.6817 6
      vertex -53.625 36.8816 7.8
      vertex -53.3259 36.6817 7.8
    endloop
  endfacet
  facet normal 0.555662 0.831408 0
    outer loop
      vertex -53.625 36.8816 7.8
      vertex -53.3259 36.6817 6
      vertex -53.625 36.8816 6
    endloop
  endfacet
  facet normal 0 0 1
    outer loop
      vertex -53.75 34.5 7.8
      vertex -52.25 34.5 7.8
      vertex -52.2735 34.8589 7.8
    endloop
  endfacet
  facet normal 0 0 1
    outer loop
      vertex -53.7607 34.6632 7.8
      vertex -52.2735 34.8589 7.8
      vertex -52.3437 35.2118 7.8
    endloop
  endfacet
  facet normal 0 0 1
    outer loop
      vertex -52.25 34.5 7.8
      vertex -53.75 34.5 7.8
      vertex -52.2735 34.1411 7.8
    endloop
  endfacet
  facet normal 0 0 1
    outer loop
      vertex -53.7926 34.8235 7.8
      vertex -52.3437 35.2118 7.8
      vertex -52.4593 35.5524 7.8
    endloop
  endfacet
  facet normal -0 0 1
    outer loop
      vertex -53.7607 34.3368 7.8
      vertex -52.2735 34.1411 7.8
      vertex -53.75 34.5 7.8
    endloop
  endfacet
  facet normal 0 0 1
    outer loop
      vertex -53.8451 34.9784 7.8
      vertex -52.4593 35.5524 7.8
      vertex -52.6184 35.875 7.8
    endloop
  endfacet
  facet normal 0 0 1
    outer loop
      vertex -52.2735 34.1411 7.8
      vertex -53.7607 34.3368 7.8
      vertex -52.3437 33.7882 7.8
    endloop
  endfacet
  facet normal 0 0 1
    outer loop
      vertex -53.9175 35.125 7.8
      vertex -52.6184 35.875 7.8
      vertex -52.8183 36.1741 7.8
    endloop
  endfacet
  facet normal -0 0 1
    outer loop
      vertex -53.7926 34.1765 7.8
      vertex -52.3437 33.7882 7.8
      vertex -53.7607 34.3368 7.8
    endloop
  endfacet
  facet normal 0 0 1
    outer loop
      vertex -54.0083 35.261 7.8
      vertex -52.8183 36.1741 7.8
      vertex -53.0555 36.4445 7.8
    endloop
  endfacet
  facet normal 0 0 1
    outer loop
      vertex -52.3437 33.7882 7.8
      vertex -53.7926 34.1765 7.8
      vertex -52.4593 33.4476 7.8
    endloop
  endfacet
  facet normal 0 0 1
    outer loop
      vertex -54.1161 35.3839 7.8
      vertex -53.0555 36.4445 7.8
      vertex -53.3259 36.6817 7.8
    endloop
  endfacet
  facet normal -0 0 1
    outer loop
      vertex -53.8451 34.0216 7.8
      vertex -52.4593 33.4476 7.8
      vertex -53.7926 34.1765 7.8
    endloop
  endfacet
  facet normal 0 0 1
    outer loop
      vertex -54.239 35.4917 7.8
      vertex -53.3259 36.6817 7.8
      vertex -53.625 36.8816 7.8
    endloop
  endfacet
  facet normal 0 0 1
    outer loop
      vertex -52.4593 33.4476 7.8
      vertex -53.8451 34.0216 7.8
      vertex -52.6184 33.125 7.8
    endloop
  endfacet
  facet normal -0 0 1
    outer loop
      vertex -53.9175 33.875 7.8
      vertex -52.6184 33.125 7.8
      vertex -53.8451 34.0216 7.8
    endloop
  endfacet
  facet normal 0 0 1
    outer loop
      vertex -52.2735 34.8589 7.8
      vertex -53.7607 34.6632 7.8
      vertex -53.75 34.5 7.8
    endloop
  endfacet
  facet normal 0 0 1
    outer loop
      vertex -52.3437 35.2118 7.8
      vertex -53.7926 34.8235 7.8
      vertex -53.7607 34.6632 7.8
    endloop
  endfacet
  facet normal 0 0 1
    outer loop
      vertex -52.4593 35.5524 7.8
      vertex -53.8451 34.9784 7.8
      vertex -53.7926 34.8235 7.8
    endloop
  endfacet
  facet normal 0 0 1
    outer loop
      vertex -52.6184 35.875 7.8
      vertex -53.9175 35.125 7.8
      vertex -53.8451 34.9784 7.8
    endloop
  endfacet
  facet normal 0 0 1
    outer loop
      vertex -54.375 35.5825 7.8
      vertex -53.625 36.8816 7.8
      vertex -53.9476 37.0407 7.8
    endloop
  endfacet
  facet normal 0 0 1
    outer loop
      vertex -52.8183 36.1741 7.8
      vertex -54.0083 35.261 7.8
      vertex -53.9175 35.125 7.8
    endloop
  endfacet
  facet normal 0 0 1
    outer loop
      vertex -53.0555 36.4445 7.8
      vertex -54.1161 35.3839 7.8
      vertex -54.0083 35.261 7.8
    endloop
  endfacet
  facet normal 0 0 1
    outer loop
      vertex -53.3259 36.6817 7.8
      vertex -54.239 35.4917 7.8
      vertex -54.1161 35.3839 7.8
    endloop
  endfacet
  facet normal 0 0 1
    outer loop
      vertex -54.5216 35.6549 7.8
      vertex -53.9476 37.0407 7.8
      vertex -54.2882 37.1563 7.8
    endloop
  endfacet
  facet normal 0 0 1
    outer loop
      vertex -53.625 36.8816 7.8
      vertex -54.375 35.5825 7.8
      vertex -54.239 35.4917 7.8
    endloop
  endfacet
  facet normal 0 0 1
    outer loop
      vertex -53.9476 37.0407 7.8
      vertex -54.5216 35.6549 7.8
      vertex -54.375 35.5825 7.8
    endloop
  endfacet
  facet normal 0 0 1
    outer loop
      vertex -54.6765 35.7074 7.8
      vertex -54.2882 37.1563 7.8
      vertex -54.6411 37.2265 7.8
    endloop
  endfacet
  facet normal 0 0 1
    outer loop
      vertex -54.2882 37.1563 7.8
      vertex -54.6765 35.7074 7.8
      vertex -54.5216 35.6549 7.8
    endloop
  endfacet
  facet normal 0 0 1
    outer loop
      vertex -54.6411 37.2265 7.8
      vertex -54.8368 35.7393 7.8
      vertex -54.6765 35.7074 7.8
    endloop
  endfacet
  facet normal 0 0 1
    outer loop
      vertex -55 37.25 7.8
      vertex -54.8368 35.7393 7.8
      vertex -54.6411 37.2265 7.8
    endloop
  endfacet
  facet normal 0 0 1
    outer loop
      vertex -55 37.25 7.8
      vertex -55 35.75 7.8
      vertex -54.8368 35.7393 7.8
    endloop
  endfacet
  facet normal 0 0 1
    outer loop
      vertex -55 37.25 7.8
      vertex -55.1632 35.7393 7.8
      vertex -55 35.75 7.8
    endloop
  endfacet
  facet normal -0 0 1
    outer loop
      vertex -55.3589 37.2265 7.8
      vertex -55.1632 35.7393 7.8
      vertex -55 37.25 7.8
    endloop
  endfacet
  facet normal 0 0 1
    outer loop
      vertex -55.1632 35.7393 7.8
      vertex -55.3589 37.2265 7.8
      vertex -55.3235 35.7074 7.8
    endloop
  endfacet
  facet normal -0 0 1
    outer loop
      vertex -55.7118 37.1563 7.8
      vertex -55.3235 35.7074 7.8
      vertex -55.3589 37.2265 7.8
    endloop
  endfacet
  facet normal 0 0 1
    outer loop
      vertex -55.3235 35.7074 7.8
      vertex -55.7118 37.1563 7.8
      vertex -55.4784 35.6549 7.8
    endloop
  endfacet
  facet normal -0 0 1
    outer loop
      vertex -56.0524 37.0407 7.8
      vertex -55.4784 35.6549 7.8
      vertex -55.7118 37.1563 7.8
    endloop
  endfacet
  facet normal 0 0 1
    outer loop
      vertex -55.4784 35.6549 7.8
      vertex -56.0524 37.0407 7.8
      vertex -55.625 35.5825 7.8
    endloop
  endfacet
  facet normal -0 0 1
    outer loop
      vertex -56.375 36.8816 7.8
      vertex -55.625 35.5825 7.8
      vertex -56.0524 37.0407 7.8
    endloop
  endfacet
  facet normal 0 0 1
    outer loop
      vertex -55.625 35.5825 7.8
      vertex -56.375 36.8816 7.8
      vertex -55.761 35.4917 7.8
    endloop
  endfacet
  facet normal -0 0 1
    outer loop
      vertex -56.6741 36.6817 7.8
      vertex -55.761 35.4917 7.8
      vertex -56.375 36.8816 7.8
    endloop
  endfacet
  facet normal 0 0 1
    outer loop
      vertex -55.761 35.4917 7.8
      vertex -56.6741 36.6817 7.8
      vertex -55.8839 35.3839 7.8
    endloop
  endfacet
  facet normal -0 0 1
    outer loop
      vertex -56.9445 36.4445 7.8
      vertex -55.8839 35.3839 7.8
      vertex -56.6741 36.6817 7.8
    endloop
  endfacet
  facet normal 0 0 1
    outer loop
      vertex -55.8839 35.3839 7.8
      vertex -56.9445 36.4445 7.8
      vertex -55.9917 35.261 7.8
    endloop
  endfacet
  facet normal -0 0 1
    outer loop
      vertex -57.1817 36.1741 7.8
      vertex -55.9917 35.261 7.8
      vertex -56.9445 36.4445 7.8
    endloop
  endfacet
  facet normal -0 0 1
    outer loop
      vertex -57.3816 35.875 7.8
      vertex -56.0825 35.125 7.8
      vertex -57.1817 36.1741 7.8
    endloop
  endfacet
  facet normal 0 0 1
    outer loop
      vertex -55.9917 35.261 7.8
      vertex -57.1817 36.1741 7.8
      vertex -56.0825 35.125 7.8
    endloop
  endfacet
  facet normal 0 0 1
    outer loop
      vertex -52.6184 33.125 7.8
      vertex -53.9175 33.875 7.8
      vertex -52.8183 32.8259 7.8
    endloop
  endfacet
  facet normal -0 0 1
    outer loop
      vertex -54.0083 33.739 7.8
      vertex -52.8183 32.8259 7.8
      vertex -53.9175 33.875 7.8
    endloop
  endfacet
  facet normal 0 0 1
    outer loop
      vertex -52.8183 32.8259 7.8
      vertex -54.0083 33.739 7.8
      vertex -53.0555 32.5555 7.8
    endloop
  endfacet
  facet normal -0 0 1
    outer loop
      vertex -54.1161 33.6161 7.8
      vertex -53.0555 32.5555 7.8
      vertex -54.0083 33.739 7.8
    endloop
  endfacet
  facet normal 0 0 1
    outer loop
      vertex -53.0555 32.5555 7.8
      vertex -54.1161 33.6161 7.8
      vertex -53.3259 32.3183 7.8
    endloop
  endfacet
  facet normal -0 0 1
    outer loop
      vertex -54.239 33.5083 7.8
      vertex -53.3259 32.3183 7.8
      vertex -54.1161 33.6161 7.8
    endloop
  endfacet
  facet normal 0 0 1
    outer loop
      vertex -53.3259 32.3183 7.8
      vertex -54.239 33.5083 7.8
      vertex -53.625 32.1184 7.8
    endloop
  endfacet
  facet normal -0 0 1
    outer loop
      vertex -54.375 33.4175 7.8
      vertex -53.625 32.1184 7.8
      vertex -54.239 33.5083 7.8
    endloop
  endfacet
  facet normal 0 0 1
    outer loop
      vertex -53.625 32.1184 7.8
      vertex -54.375 33.4175 7.8
      vertex -53.9476 31.9593 7.8
    endloop
  endfacet
  facet normal -0 0 1
    outer loop
      vertex -54.5216 33.3451 7.8
      vertex -53.9476 31.9593 7.8
      vertex -54.375 33.4175 7.8
    endloop
  endfacet
  facet normal 0 0 1
    outer loop
      vertex -53.9476 31.9593 7.8
      vertex -54.5216 33.3451 7.8
      vertex -54.2882 31.8437 7.8
    endloop
  endfacet
  facet normal -0 0 1
    outer loop
      vertex -54.6765 33.2926 7.8
      vertex -54.2882 31.8437 7.8
      vertex -54.5216 33.3451 7.8
    endloop
  endfacet
  facet normal 0 0 1
    outer loop
      vertex -54.2882 31.8437 7.8
      vertex -54.6765 33.2926 7.8
      vertex -54.6411 31.7735 7.8
    endloop
  endfacet
  facet normal -0 0 1
    outer loop
      vertex -54.8368 33.2607 7.8
      vertex -54.6411 31.7735 7.8
      vertex -54.6765 33.2926 7.8
    endloop
  endfacet
  facet normal -0 0 1
    outer loop
      vertex -55 33.25 7.8
      vertex -54.6411 31.7735 7.8
      vertex -54.8368 33.2607 7.8
    endloop
  endfacet
  facet normal 0 0 1
    outer loop
      vertex -55 33.25 7.8
      vertex -55 31.75 7.8
      vertex -54.6411 31.7735 7.8
    endloop
  endfacet
  facet normal 0 0 1
    outer loop
      vertex -55.1632 33.2607 7.8
      vertex -55 31.75 7.8
      vertex -55 33.25 7.8
    endloop
  endfacet
  facet normal 0 0 1
    outer loop
      vertex -55.3589 31.7735 7.8
      vertex -55.1632 33.2607 7.8
      vertex -55.3235 33.2926 7.8
    endloop
  endfacet
  facet normal 0 0 1
    outer loop
      vertex -55.1632 33.2607 7.8
      vertex -55.3589 31.7735 7.8
      vertex -55 31.75 7.8
    endloop
  endfacet
  facet normal 0 0 1
    outer loop
      vertex -55.7118 31.8437 7.8
      vertex -55.3235 33.2926 7.8
      vertex -55.4784 33.3451 7.8
    endloop
  endfacet
  facet normal 0 0 1
    outer loop
      vertex -56.0524 31.9593 7.8
      vertex -55.4784 33.3451 7.8
      vertex -55.625 33.4175 7.8
    endloop
  endfacet
  facet normal 0 0 1
    outer loop
      vertex -55.3235 33.2926 7.8
      vertex -55.7118 31.8437 7.8
      vertex -55.3589 31.7735 7.8
    endloop
  endfacet
  facet normal 0 0 1
    outer loop
      vertex -56.375 32.1184 7.8
      vertex -55.625 33.4175 7.8
      vertex -55.761 33.5083 7.8
    endloop
  endfacet
  facet normal 0 0 1
    outer loop
      vertex -56.6741 32.3183 7.8
      vertex -55.761 33.5083 7.8
      vertex -55.8839 33.6161 7.8
    endloop
  endfacet
  facet normal 0 0 1
    outer loop
      vertex -56.9445 32.5555 7.8
      vertex -55.8839 33.6161 7.8
      vertex -55.9917 33.739 7.8
    endloop
  endfacet
  facet normal 0 0 1
    outer loop
      vertex -55.4784 33.3451 7.8
      vertex -56.0524 31.9593 7.8
      vertex -55.7118 31.8437 7.8
    endloop
  endfacet
  facet normal 0 0 1
    outer loop
      vertex -57.1817 32.8259 7.8
      vertex -55.9917 33.739 7.8
      vertex -56.0825 33.875 7.8
    endloop
  endfacet
  facet normal 0 0 1
    outer loop
      vertex -57.3816 33.125 7.8
      vertex -56.0825 33.875 7.8
      vertex -56.1549 34.0216 7.8
    endloop
  endfacet
  facet normal 0 0 1
    outer loop
      vertex -57.5407 33.4476 7.8
      vertex -56.1549 34.0216 7.8
      vertex -56.2074 34.1765 7.8
    endloop
  endfacet
  facet normal 0 0 1
    outer loop
      vertex -57.6563 33.7882 7.8
      vertex -56.2074 34.1765 7.8
      vertex -56.2393 34.3368 7.8
    endloop
  endfacet
  facet normal 0 0 1
    outer loop
      vertex -55.625 33.4175 7.8
      vertex -56.375 32.1184 7.8
      vertex -56.0524 31.9593 7.8
    endloop
  endfacet
  facet normal 0 0 1
    outer loop
      vertex -57.7265 34.1411 7.8
      vertex -56.2393 34.3368 7.8
      vertex -56.25 34.5 7.8
    endloop
  endfacet
  facet normal 0 0 1
    outer loop
      vertex -56.0825 35.125 7.8
      vertex -57.3816 35.875 7.8
      vertex -56.1549 34.9784 7.8
    endloop
  endfacet
  facet normal -0 0 1
    outer loop
      vertex -57.5407 35.5524 7.8
      vertex -56.1549 34.9784 7.8
      vertex -57.3816 35.875 7.8
    endloop
  endfacet
  facet normal 0 0 1
    outer loop
      vertex -55.761 33.5083 7.8
      vertex -56.6741 32.3183 7.8
      vertex -56.375 32.1184 7.8
    endloop
  endfacet
  facet normal 0 0 1
    outer loop
      vertex -56.1549 34.9784 7.8
      vertex -57.5407 35.5524 7.8
      vertex -56.2074 34.8235 7.8
    endloop
  endfacet
  facet normal 0 0 1
    outer loop
      vertex -55.8839 33.6161 7.8
      vertex -56.9445 32.5555 7.8
      vertex -56.6741 32.3183 7.8
    endloop
  endfacet
  facet normal -0 0 1
    outer loop
      vertex -57.6563 35.2118 7.8
      vertex -56.2074 34.8235 7.8
      vertex -57.5407 35.5524 7.8
    endloop
  endfacet
  facet normal 0 0 1
    outer loop
      vertex -55.9917 33.739 7.8
      vertex -57.1817 32.8259 7.8
      vertex -56.9445 32.5555 7.8
    endloop
  endfacet
  facet normal 0 0 1
    outer loop
      vertex -56.2074 34.8235 7.8
      vertex -57.6563 35.2118 7.8
      vertex -56.2393 34.6632 7.8
    endloop
  endfacet
  facet normal 0 0 1
    outer loop
      vertex -56.0825 33.875 7.8
      vertex -57.3816 33.125 7.8
      vertex -57.1817 32.8259 7.8
    endloop
  endfacet
  facet normal -0 0 1
    outer loop
      vertex -57.7265 34.8589 7.8
      vertex -56.2393 34.6632 7.8
      vertex -57.6563 35.2118 7.8
    endloop
  endfacet
  facet normal 0 0 1
    outer loop
      vertex -56.1549 34.0216 7.8
      vertex -57.5407 33.4476 7.8
      vertex -57.3816 33.125 7.8
    endloop
  endfacet
  facet normal 0 0 1
    outer loop
      vertex -56.2393 34.6632 7.8
      vertex -57.7265 34.8589 7.8
      vertex -56.25 34.5 7.8
    endloop
  endfacet
  facet normal 0 0 1
    outer loop
      vertex -56.2074 34.1765 7.8
      vertex -57.6563 33.7882 7.8
      vertex -57.5407 33.4476 7.8
    endloop
  endfacet
  facet normal 0 0 1
    outer loop
      vertex -57.75 34.5 7.8
      vertex -56.25 34.5 7.8
      vertex -57.7265 34.8589 7.8
    endloop
  endfacet
  facet normal 0 0 1
    outer loop
      vertex -56.2393 34.3368 7.8
      vertex -57.7265 34.1411 7.8
      vertex -57.6563 33.7882 7.8
    endloop
  endfacet
  facet normal 0 0 1
    outer loop
      vertex -56.25 34.5 7.8
      vertex -57.75 34.5 7.8
      vertex -57.7265 34.1411 7.8
    endloop
  endfacet
  facet normal -0.442314 -0.89686 0
    outer loop
      vertex -56.375 32.1184 6
      vertex -56.0524 31.9593 7.8
      vertex -56.375 32.1184 7.8
    endloop
  endfacet
  facet normal -0.442314 -0.89686 -0
    outer loop
      vertex -56.0524 31.9593 7.8
      vertex -56.375 32.1184 6
      vertex -56.0524 31.9593 6
    endloop
  endfacet
  facet normal -0.831408 -0.555662 0
    outer loop
      vertex -57.1817 32.8259 6
      vertex -57.3816 33.125 7.8
      vertex -57.3816 33.125 6
    endloop
  endfacet
  facet normal -0.831408 -0.555662 0
    outer loop
      vertex -57.3816 33.125 7.8
      vertex -57.1817 32.8259 6
      vertex -57.1817 32.8259 7.8
    endloop
  endfacet
  facet normal -0.980783 -0.195101 0
    outer loop
      vertex -57.6563 33.7882 6
      vertex -57.7265 34.1411 7.8
      vertex -57.7265 34.1411 6
    endloop
  endfacet
  facet normal -0.980783 -0.195101 0
    outer loop
      vertex -57.7265 34.1411 7.8
      vertex -57.6563 33.7882 6
      vertex -57.6563 33.7882 7.8
    endloop
  endfacet
  facet normal -0.659449 -0.751749 0
    outer loop
      vertex -56.9445 32.5555 6
      vertex -56.6741 32.3183 7.8
      vertex -56.9445 32.5555 7.8
    endloop
  endfacet
  facet normal -0.659449 -0.751749 -0
    outer loop
      vertex -56.6741 32.3183 7.8
      vertex -56.9445 32.5555 6
      vertex -56.6741 32.3183 6
    endloop
  endfacet
  facet normal -0.89686 0.442314 0
    outer loop
      vertex -57.5407 35.5524 6
      vertex -57.3816 35.875 7.8
      vertex -57.3816 35.875 6
    endloop
  endfacet
  facet normal -0.89686 0.442314 0
    outer loop
      vertex -57.3816 35.875 7.8
      vertex -57.5407 35.5524 6
      vertex -57.5407 35.5524 7.8
    endloop
  endfacet
  facet normal -0.997863 -0.0653379 0
    outer loop
      vertex -57.7265 34.1411 6
      vertex -57.75 34.5 7.8
      vertex -57.75 34.5 6
    endloop
  endfacet
  facet normal -0.997863 -0.0653379 0
    outer loop
      vertex -57.75 34.5 7.8
      vertex -57.7265 34.1411 6
      vertex -57.7265 34.1411 7.8
    endloop
  endfacet
  facet normal 0.555662 -0.831408 0
    outer loop
      vertex -53.625 32.1184 6
      vertex -53.3259 32.3183 7.8
      vertex -53.625 32.1184 7.8
    endloop
  endfacet
  facet normal 0.555662 -0.831408 0
    outer loop
      vertex -53.3259 32.3183 7.8
      vertex -53.625 32.1184 6
      vertex -53.3259 32.3183 6
    endloop
  endfacet
  facet normal -0.997863 0.0653379 0
    outer loop
      vertex -57.75 34.5 6
      vertex -57.7265 34.8589 7.8
      vertex -57.7265 34.8589 6
    endloop
  endfacet
  facet normal -0.997863 0.0653379 0
    outer loop
      vertex -57.7265 34.8589 7.8
      vertex -57.75 34.5 6
      vertex -57.75 34.5 7.8
    endloop
  endfacet
  facet normal -0.555662 -0.831408 0
    outer loop
      vertex -56.6741 32.3183 6
      vertex -56.375 32.1184 7.8
      vertex -56.6741 32.3183 7.8
    endloop
  endfacet
  facet normal -0.555662 -0.831408 -0
    outer loop
      vertex -56.375 32.1184 7.8
      vertex -56.6741 32.3183 6
      vertex -56.375 32.1184 6
    endloop
  endfacet
  facet normal 0.980768 -0.195175 0
    outer loop
      vertex -53.7926 34.1765 8.4
      vertex -53.7607 34.3368 7.8
      vertex -53.7607 34.3368 8.4
    endloop
  endfacet
  facet normal 0.980768 -0.195175 0
    outer loop
      vertex -53.7607 34.3368 7.8
      vertex -53.7926 34.1765 8.4
      vertex -53.7926 34.1765 7.8
    endloop
  endfacet
  facet normal 0.980768 0.195175 0
    outer loop
      vertex -53.7607 34.6632 8.4
      vertex -53.7926 34.8235 7.8
      vertex -53.7926 34.8235 8.4
    endloop
  endfacet
  facet normal 0.980768 0.195175 0
    outer loop
      vertex -53.7926 34.8235 7.8
      vertex -53.7607 34.6632 8.4
      vertex -53.7607 34.6632 7.8
    endloop
  endfacet
  facet normal 0.997858 0.0654233 0
    outer loop
      vertex -53.75 34.5 8.4
      vertex -53.7607 34.6632 7.8
      vertex -53.7607 34.6632 8.4
    endloop
  endfacet
  facet normal 0.997858 0.0654233 0
    outer loop
      vertex -53.7607 34.6632 7.8
      vertex -53.75 34.5 8.4
      vertex -53.75 34.5 7.8
    endloop
  endfacet
  facet normal 0.947082 0.320993 0
    outer loop
      vertex -53.7926 34.8235 8.4
      vertex -53.8451 34.9784 7.8
      vertex -53.8451 34.9784 8.4
    endloop
  endfacet
  facet normal 0.947082 0.320993 0
    outer loop
      vertex -53.8451 34.9784 7.8
      vertex -53.7926 34.8235 8.4
      vertex -53.7926 34.8235 7.8
    endloop
  endfacet
  facet normal -0.997858 0.0654233 0
    outer loop
      vertex -56.25 34.5 7.8
      vertex -56.2393 34.6632 8.4
      vertex -56.2393 34.6632 7.8
    endloop
  endfacet
  facet normal -0.997858 0.0654233 0
    outer loop
      vertex -56.2393 34.6632 8.4
      vertex -56.25 34.5 7.8
      vertex -56.25 34.5 8.4
    endloop
  endfacet
  facet normal 0.442805 -0.896618 0
    outer loop
      vertex -54.5216 33.3451 7.8
      vertex -54.375 33.4175 8.4
      vertex -54.5216 33.3451 8.4
    endloop
  endfacet
  facet normal 0.442805 -0.896618 0
    outer loop
      vertex -54.375 33.4175 8.4
      vertex -54.5216 33.3451 7.8
      vertex -54.375 33.4175 7.8
    endloop
  endfacet
  facet normal 0.195175 0.980768 -0
    outer loop
      vertex -54.6765 35.7074 7.8
      vertex -54.8368 35.7393 8.4
      vertex -54.6765 35.7074 8.4
    endloop
  endfacet
  facet normal 0.195175 0.980768 0
    outer loop
      vertex -54.8368 35.7393 8.4
      vertex -54.6765 35.7074 7.8
      vertex -54.8368 35.7393 7.8
    endloop
  endfacet
  facet normal 0.195175 -0.980768 0
    outer loop
      vertex -54.8368 33.2607 7.8
      vertex -54.6765 33.2926 8.4
      vertex -54.8368 33.2607 8.4
    endloop
  endfacet
  facet normal 0.195175 -0.980768 0
    outer loop
      vertex -54.6765 33.2926 8.4
      vertex -54.8368 33.2607 7.8
      vertex -54.6765 33.2926 7.8
    endloop
  endfacet
  facet normal 0.0654233 -0.997858 0
    outer loop
      vertex -55 33.25 7.8
      vertex -54.8368 33.2607 8.4
      vertex -55 33.25 8.4
    endloop
  endfacet
  facet normal 0.0654233 -0.997858 0
    outer loop
      vertex -54.8368 33.2607 8.4
      vertex -55 33.25 7.8
      vertex -54.8368 33.2607 7.8
    endloop
  endfacet
  facet normal -0.659414 0.75178 0
    outer loop
      vertex -55.761 35.4917 7.8
      vertex -55.8839 35.3839 8.4
      vertex -55.761 35.4917 8.4
    endloop
  endfacet
  facet normal -0.659414 0.75178 0
    outer loop
      vertex -55.8839 35.3839 8.4
      vertex -55.761 35.4917 7.8
      vertex -55.8839 35.3839 7.8
    endloop
  endfacet
  facet normal -0.831674 0.555265 0
    outer loop
      vertex -56.0825 35.125 7.8
      vertex -55.9917 35.261 8.4
      vertex -55.9917 35.261 7.8
    endloop
  endfacet
  facet normal -0.831674 0.555265 0
    outer loop
      vertex -55.9917 35.261 8.4
      vertex -56.0825 35.125 7.8
      vertex -56.0825 35.125 8.4
    endloop
  endfacet
  facet normal 0.320993 0.947082 -0
    outer loop
      vertex -54.5216 35.6549 7.8
      vertex -54.6765 35.7074 8.4
      vertex -54.5216 35.6549 8.4
    endloop
  endfacet
  facet normal 0.320993 0.947082 0
    outer loop
      vertex -54.6765 35.7074 8.4
      vertex -54.5216 35.6549 7.8
      vertex -54.6765 35.7074 7.8
    endloop
  endfacet
  facet normal 0.659414 -0.75178 0
    outer loop
      vertex -54.239 33.5083 7.8
      vertex -54.1161 33.6161 8.4
      vertex -54.239 33.5083 8.4
    endloop
  endfacet
  facet normal 0.659414 -0.75178 0
    outer loop
      vertex -54.1161 33.6161 8.4
      vertex -54.239 33.5083 7.8
      vertex -54.1161 33.6161 7.8
    endloop
  endfacet
  facet normal -0.442805 0.896618 0
    outer loop
      vertex -55.4784 35.6549 7.8
      vertex -55.625 35.5825 8.4
      vertex -55.4784 35.6549 8.4
    endloop
  endfacet
  facet normal -0.442805 0.896618 0
    outer loop
      vertex -55.625 35.5825 8.4
      vertex -55.4784 35.6549 7.8
      vertex -55.625 35.5825 7.8
    endloop
  endfacet
  facet normal -0.0654233 -0.997858 0
    outer loop
      vertex -55.1632 33.2607 7.8
      vertex -55 33.25 8.4
      vertex -55.1632 33.2607 8.4
    endloop
  endfacet
  facet normal -0.0654233 -0.997858 -0
    outer loop
      vertex -55 33.25 8.4
      vertex -55.1632 33.2607 7.8
      vertex -55 33.25 7.8
    endloop
  endfacet
  facet normal 0.75178 -0.659414 0
    outer loop
      vertex -54.1161 33.6161 8.4
      vertex -54.0083 33.739 7.8
      vertex -54.0083 33.739 8.4
    endloop
  endfacet
  facet normal 0.75178 -0.659414 0
    outer loop
      vertex -54.0083 33.739 7.8
      vertex -54.1161 33.6161 8.4
      vertex -54.1161 33.6161 7.8
    endloop
  endfacet
  facet normal -0.947082 -0.320993 0
    outer loop
      vertex -56.1549 34.0216 7.8
      vertex -56.2074 34.1765 8.4
      vertex -56.2074 34.1765 7.8
    endloop
  endfacet
  facet normal -0.947082 -0.320993 0
    outer loop
      vertex -56.2074 34.1765 8.4
      vertex -56.1549 34.0216 7.8
      vertex -56.1549 34.0216 8.4
    endloop
  endfacet
  facet normal 0.320993 -0.947082 0
    outer loop
      vertex -54.6765 33.2926 7.8
      vertex -54.5216 33.3451 8.4
      vertex -54.6765 33.2926 8.4
    endloop
  endfacet
  facet normal 0.320993 -0.947082 0
    outer loop
      vertex -54.5216 33.3451 8.4
      vertex -54.6765 33.2926 7.8
      vertex -54.5216 33.3451 7.8
    endloop
  endfacet
  facet normal -0.320993 0.947082 0
    outer loop
      vertex -55.3235 35.7074 7.8
      vertex -55.4784 35.6549 8.4
      vertex -55.3235 35.7074 8.4
    endloop
  endfacet
  facet normal -0.320993 0.947082 0
    outer loop
      vertex -55.4784 35.6549 8.4
      vertex -55.3235 35.7074 7.8
      vertex -55.4784 35.6549 7.8
    endloop
  endfacet
  facet normal -0.555265 0.831674 0
    outer loop
      vertex -55.625 35.5825 7.8
      vertex -55.761 35.4917 8.4
      vertex -55.625 35.5825 8.4
    endloop
  endfacet
  facet normal -0.555265 0.831674 0
    outer loop
      vertex -55.761 35.4917 8.4
      vertex -55.625 35.5825 7.8
      vertex -55.761 35.4917 7.8
    endloop
  endfacet
  facet normal -0.947082 0.320993 0
    outer loop
      vertex -56.2074 34.8235 7.8
      vertex -56.1549 34.9784 8.4
      vertex -56.1549 34.9784 7.8
    endloop
  endfacet
  facet normal -0.947082 0.320993 0
    outer loop
      vertex -56.1549 34.9784 8.4
      vertex -56.2074 34.8235 7.8
      vertex -56.2074 34.8235 8.4
    endloop
  endfacet
  facet normal 0.896618 0.442805 0
    outer loop
      vertex -53.8451 34.9784 8.4
      vertex -53.9175 35.125 7.8
      vertex -53.9175 35.125 8.4
    endloop
  endfacet
  facet normal 0.896618 0.442805 0
    outer loop
      vertex -53.9175 35.125 7.8
      vertex -53.8451 34.9784 8.4
      vertex -53.8451 34.9784 7.8
    endloop
  endfacet
  facet normal -0.195175 0.980768 0
    outer loop
      vertex -55.1632 35.7393 7.8
      vertex -55.3235 35.7074 8.4
      vertex -55.1632 35.7393 8.4
    endloop
  endfacet
  facet normal -0.195175 0.980768 0
    outer loop
      vertex -55.3235 35.7074 8.4
      vertex -55.1632 35.7393 7.8
      vertex -55.3235 35.7074 7.8
    endloop
  endfacet
  facet normal 0.659414 0.75178 -0
    outer loop
      vertex -54.1161 35.3839 7.8
      vertex -54.239 35.4917 8.4
      vertex -54.1161 35.3839 8.4
    endloop
  endfacet
  facet normal 0.659414 0.75178 0
    outer loop
      vertex -54.239 35.4917 8.4
      vertex -54.1161 35.3839 7.8
      vertex -54.239 35.4917 7.8
    endloop
  endfacet
  facet normal 0.997858 -0.0654233 0
    outer loop
      vertex -53.7607 34.3368 8.4
      vertex -53.75 34.5 7.8
      vertex -53.75 34.5 8.4
    endloop
  endfacet
  facet normal 0.997858 -0.0654233 0
    outer loop
      vertex -53.75 34.5 7.8
      vertex -53.7607 34.3368 8.4
      vertex -53.7607 34.3368 7.8
    endloop
  endfacet
  facet normal 0.442805 0.896618 -0
    outer loop
      vertex -54.375 35.5825 7.8
      vertex -54.5216 35.6549 8.4
      vertex -54.375 35.5825 8.4
    endloop
  endfacet
  facet normal 0.442805 0.896618 0
    outer loop
      vertex -54.5216 35.6549 8.4
      vertex -54.375 35.5825 7.8
      vertex -54.5216 35.6549 7.8
    endloop
  endfacet
  facet normal -0.320993 -0.947082 0
    outer loop
      vertex -55.4784 33.3451 7.8
      vertex -55.3235 33.2926 8.4
      vertex -55.4784 33.3451 8.4
    endloop
  endfacet
  facet normal -0.320993 -0.947082 -0
    outer loop
      vertex -55.3235 33.2926 8.4
      vertex -55.4784 33.3451 7.8
      vertex -55.3235 33.2926 7.8
    endloop
  endfacet
  facet normal -0.980768 0.195175 0
    outer loop
      vertex -56.2393 34.6632 7.8
      vertex -56.2074 34.8235 8.4
      vertex -56.2074 34.8235 7.8
    endloop
  endfacet
  facet normal -0.980768 0.195175 0
    outer loop
      vertex -56.2074 34.8235 8.4
      vertex -56.2393 34.6632 7.8
      vertex -56.2393 34.6632 8.4
    endloop
  endfacet
  facet normal -0.0654233 0.997858 0
    outer loop
      vertex -55 35.75 7.8
      vertex -55.1632 35.7393 8.4
      vertex -55 35.75 8.4
    endloop
  endfacet
  facet normal -0.0654233 0.997858 0
    outer loop
      vertex -55.1632 35.7393 8.4
      vertex -55 35.75 7.8
      vertex -55.1632 35.7393 7.8
    endloop
  endfacet
  facet normal -0.195175 -0.980768 0
    outer loop
      vertex -55.3235 33.2926 7.8
      vertex -55.1632 33.2607 8.4
      vertex -55.3235 33.2926 8.4
    endloop
  endfacet
  facet normal -0.195175 -0.980768 -0
    outer loop
      vertex -55.1632 33.2607 8.4
      vertex -55.3235 33.2926 7.8
      vertex -55.1632 33.2607 7.8
    endloop
  endfacet
  facet normal 0.947082 -0.320993 0
    outer loop
      vertex -53.8451 34.0216 8.4
      vertex -53.7926 34.1765 7.8
      vertex -53.7926 34.1765 8.4
    endloop
  endfacet
  facet normal 0.947082 -0.320993 0
    outer loop
      vertex -53.7926 34.1765 7.8
      vertex -53.8451 34.0216 8.4
      vertex -53.8451 34.0216 7.8
    endloop
  endfacet
  facet normal 0.831674 0.555265 0
    outer loop
      vertex -53.9175 35.125 8.4
      vertex -54.0083 35.261 7.8
      vertex -54.0083 35.261 8.4
    endloop
  endfacet
  facet normal 0.831674 0.555265 0
    outer loop
      vertex -54.0083 35.261 7.8
      vertex -53.9175 35.125 8.4
      vertex -53.9175 35.125 7.8
    endloop
  endfacet
  facet normal 0.75178 0.659414 0
    outer loop
      vertex -54.0083 35.261 8.4
      vertex -54.1161 35.3839 7.8
      vertex -54.1161 35.3839 8.4
    endloop
  endfacet
  facet normal 0.75178 0.659414 0
    outer loop
      vertex -54.1161 35.3839 7.8
      vertex -54.0083 35.261 8.4
      vertex -54.0083 35.261 7.8
    endloop
  endfacet
  facet normal -0.896618 -0.442805 0
    outer loop
      vertex -56.0825 33.875 7.8
      vertex -56.1549 34.0216 8.4
      vertex -56.1549 34.0216 7.8
    endloop
  endfacet
  facet normal -0.896618 -0.442805 0
    outer loop
      vertex -56.1549 34.0216 8.4
      vertex -56.0825 33.875 7.8
      vertex -56.0825 33.875 8.4
    endloop
  endfacet
  facet normal 0.896618 -0.442805 0
    outer loop
      vertex -53.9175 33.875 8.4
      vertex -53.8451 34.0216 7.8
      vertex -53.8451 34.0216 8.4
    endloop
  endfacet
  facet normal 0.896618 -0.442805 0
    outer loop
      vertex -53.8451 34.0216 7.8
      vertex -53.9175 33.875 8.4
      vertex -53.9175 33.875 7.8
    endloop
  endfacet
  facet normal -0.75178 -0.659414 0
    outer loop
      vertex -55.8839 33.6161 7.8
      vertex -55.9917 33.739 8.4
      vertex -55.9917 33.739 7.8
    endloop
  endfacet
  facet normal -0.75178 -0.659414 0
    outer loop
      vertex -55.9917 33.739 8.4
      vertex -55.8839 33.6161 7.8
      vertex -55.8839 33.6161 8.4
    endloop
  endfacet
  facet normal 0.831674 -0.555265 0
    outer loop
      vertex -54.0083 33.739 8.4
      vertex -53.9175 33.875 7.8
      vertex -53.9175 33.875 8.4
    endloop
  endfacet
  facet normal 0.831674 -0.555265 0
    outer loop
      vertex -53.9175 33.875 7.8
      vertex -54.0083 33.739 8.4
      vertex -54.0083 33.739 7.8
    endloop
  endfacet
  facet normal -0.75178 0.659414 0
    outer loop
      vertex -55.9917 35.261 7.8
      vertex -55.8839 35.3839 8.4
      vertex -55.8839 35.3839 7.8
    endloop
  endfacet
  facet normal -0.75178 0.659414 0
    outer loop
      vertex -55.8839 35.3839 8.4
      vertex -55.9917 35.261 7.8
      vertex -55.9917 35.261 8.4
    endloop
  endfacet
  facet normal 0.0654233 0.997858 -0
    outer loop
      vertex -54.8368 35.7393 7.8
      vertex -55 35.75 8.4
      vertex -54.8368 35.7393 8.4
    endloop
  endfacet
  facet normal 0.0654233 0.997858 0
    outer loop
      vertex -55 35.75 8.4
      vertex -54.8368 35.7393 7.8
      vertex -55 35.75 7.8
    endloop
  endfacet
  facet normal 0.555265 0.831674 -0
    outer loop
      vertex -54.239 35.4917 7.8
      vertex -54.375 35.5825 8.4
      vertex -54.239 35.4917 8.4
    endloop
  endfacet
  facet normal 0.555265 0.831674 0
    outer loop
      vertex -54.375 35.5825 8.4
      vertex -54.239 35.4917 7.8
      vertex -54.375 35.5825 7.8
    endloop
  endfacet
  facet normal 0 0 1
    outer loop
      vertex -53.7607 34.6632 8.4
      vertex -53.7607 34.3368 8.4
      vertex -53.75 34.5 8.4
    endloop
  endfacet
  facet normal 0 0 1
    outer loop
      vertex -53.7926 34.8235 8.4
      vertex -53.7607 34.3368 8.4
      vertex -53.7607 34.6632 8.4
    endloop
  endfacet
  facet normal 0 0 1
    outer loop
      vertex -53.7926 34.8235 8.4
      vertex -53.7926 34.1765 8.4
      vertex -53.7607 34.3368 8.4
    endloop
  endfacet
  facet normal 0 0 1
    outer loop
      vertex -53.8451 34.9784 8.4
      vertex -53.7926 34.1765 8.4
      vertex -53.7926 34.8235 8.4
    endloop
  endfacet
  facet normal 0 0 1
    outer loop
      vertex -53.8451 34.9784 8.4
      vertex -53.8451 34.0216 8.4
      vertex -53.7926 34.1765 8.4
    endloop
  endfacet
  facet normal 0 0 1
    outer loop
      vertex -53.9175 35.125 8.4
      vertex -53.8451 34.0216 8.4
      vertex -53.8451 34.9784 8.4
    endloop
  endfacet
  facet normal 0 0 1
    outer loop
      vertex -53.9175 35.125 8.4
      vertex -53.9175 33.875 8.4
      vertex -53.8451 34.0216 8.4
    endloop
  endfacet
  facet normal 0 0 1
    outer loop
      vertex -54.0083 35.261 8.4
      vertex -53.9175 33.875 8.4
      vertex -53.9175 35.125 8.4
    endloop
  endfacet
  facet normal 0 0 1
    outer loop
      vertex -54.0083 35.261 8.4
      vertex -54.0083 33.739 8.4
      vertex -53.9175 33.875 8.4
    endloop
  endfacet
  facet normal 0 0 1
    outer loop
      vertex -54.1161 35.3839 8.4
      vertex -54.0083 33.739 8.4
      vertex -54.0083 35.261 8.4
    endloop
  endfacet
  facet normal 0 0 1
    outer loop
      vertex -54.1161 35.3839 8.4
      vertex -54.1161 33.6161 8.4
      vertex -54.0083 33.739 8.4
    endloop
  endfacet
  facet normal 0 0 1
    outer loop
      vertex -54.239 35.4917 8.4
      vertex -54.1161 33.6161 8.4
      vertex -54.1161 35.3839 8.4
    endloop
  endfacet
  facet normal 0 0 1
    outer loop
      vertex -54.239 35.4917 8.4
      vertex -54.239 33.5083 8.4
      vertex -54.1161 33.6161 8.4
    endloop
  endfacet
  facet normal 0 0 1
    outer loop
      vertex -54.375 35.5825 8.4
      vertex -54.239 33.5083 8.4
      vertex -54.239 35.4917 8.4
    endloop
  endfacet
  facet normal 0 0 1
    outer loop
      vertex -54.375 35.5825 8.4
      vertex -54.375 33.4175 8.4
      vertex -54.239 33.5083 8.4
    endloop
  endfacet
  facet normal 0 0 1
    outer loop
      vertex -54.5216 35.6549 8.4
      vertex -54.375 33.4175 8.4
      vertex -54.375 35.5825 8.4
    endloop
  endfacet
  facet normal 0 0 1
    outer loop
      vertex -54.5216 35.6549 8.4
      vertex -54.5216 33.3451 8.4
      vertex -54.375 33.4175 8.4
    endloop
  endfacet
  facet normal 0 0 1
    outer loop
      vertex -54.6765 35.7074 8.4
      vertex -54.5216 33.3451 8.4
      vertex -54.5216 35.6549 8.4
    endloop
  endfacet
  facet normal 0 0 1
    outer loop
      vertex -54.6765 35.7074 8.4
      vertex -54.6765 33.2926 8.4
      vertex -54.5216 33.3451 8.4
    endloop
  endfacet
  facet normal 0 0 1
    outer loop
      vertex -54.8368 35.7393 8.4
      vertex -54.6765 33.2926 8.4
      vertex -54.6765 35.7074 8.4
    endloop
  endfacet
  facet normal 0 0 1
    outer loop
      vertex -54.8368 35.7393 8.4
      vertex -54.8368 33.2607 8.4
      vertex -54.6765 33.2926 8.4
    endloop
  endfacet
  facet normal 0 0 1
    outer loop
      vertex -55 35.75 8.4
      vertex -54.8368 33.2607 8.4
      vertex -54.8368 35.7393 8.4
    endloop
  endfacet
  facet normal 0 0 1
    outer loop
      vertex -55 35.75 8.4
      vertex -55 33.25 8.4
      vertex -54.8368 33.2607 8.4
    endloop
  endfacet
  facet normal -0 0 1
    outer loop
      vertex -55.1632 35.7393 8.4
      vertex -55 33.25 8.4
      vertex -55 35.75 8.4
    endloop
  endfacet
  facet normal 0 0 1
    outer loop
      vertex -55.1632 35.7393 8.4
      vertex -55.1632 33.2607 8.4
      vertex -55 33.25 8.4
    endloop
  endfacet
  facet normal -0 0 1
    outer loop
      vertex -55.3235 35.7074 8.4
      vertex -55.1632 33.2607 8.4
      vertex -55.1632 35.7393 8.4
    endloop
  endfacet
  facet normal 0 0 1
    outer loop
      vertex -55.3235 35.7074 8.4
      vertex -55.3235 33.2926 8.4
      vertex -55.1632 33.2607 8.4
    endloop
  endfacet
  facet normal -0 0 1
    outer loop
      vertex -55.4784 35.6549 8.4
      vertex -55.3235 33.2926 8.4
      vertex -55.3235 35.7074 8.4
    endloop
  endfacet
  facet normal 0 0 1
    outer loop
      vertex -55.4784 35.6549 8.4
      vertex -55.4784 33.3451 8.4
      vertex -55.3235 33.2926 8.4
    endloop
  endfacet
  facet normal -0 0 1
    outer loop
      vertex -55.625 35.5825 8.4
      vertex -55.4784 33.3451 8.4
      vertex -55.4784 35.6549 8.4
    endloop
  endfacet
  facet normal 0 0 1
    outer loop
      vertex -55.625 35.5825 8.4
      vertex -55.625 33.4175 8.4
      vertex -55.4784 33.3451 8.4
    endloop
  endfacet
  facet normal -0 0 1
    outer loop
      vertex -55.761 35.4917 8.4
      vertex -55.625 33.4175 8.4
      vertex -55.625 35.5825 8.4
    endloop
  endfacet
  facet normal 0 0 1
    outer loop
      vertex -55.761 35.4917 8.4
      vertex -55.761 33.5083 8.4
      vertex -55.625 33.4175 8.4
    endloop
  endfacet
  facet normal -0 0 1
    outer loop
      vertex -55.8839 35.3839 8.4
      vertex -55.761 33.5083 8.4
      vertex -55.761 35.4917 8.4
    endloop
  endfacet
  facet normal 0 0 1
    outer loop
      vertex -55.8839 35.3839 8.4
      vertex -55.8839 33.6161 8.4
      vertex -55.761 33.5083 8.4
    endloop
  endfacet
  facet normal -0 0 1
    outer loop
      vertex -55.9917 35.261 8.4
      vertex -55.8839 33.6161 8.4
      vertex -55.8839 35.3839 8.4
    endloop
  endfacet
  facet normal 0 0 1
    outer loop
      vertex -55.9917 35.261 8.4
      vertex -55.9917 33.739 8.4
      vertex -55.8839 33.6161 8.4
    endloop
  endfacet
  facet normal -0 0 1
    outer loop
      vertex -56.0825 35.125 8.4
      vertex -55.9917 33.739 8.4
      vertex -55.9917 35.261 8.4
    endloop
  endfacet
  facet normal 0 0 1
    outer loop
      vertex -56.0825 35.125 8.4
      vertex -56.0825 33.875 8.4
      vertex -55.9917 33.739 8.4
    endloop
  endfacet
  facet normal -0 0 1
    outer loop
      vertex -56.1549 34.9784 8.4
      vertex -56.0825 33.875 8.4
      vertex -56.0825 35.125 8.4
    endloop
  endfacet
  facet normal 0 0 1
    outer loop
      vertex -56.1549 34.9784 8.4
      vertex -56.1549 34.0216 8.4
      vertex -56.0825 33.875 8.4
    endloop
  endfacet
  facet normal -0 0 1
    outer loop
      vertex -56.2074 34.8235 8.4
      vertex -56.1549 34.0216 8.4
      vertex -56.1549 34.9784 8.4
    endloop
  endfacet
  facet normal 0 0 1
    outer loop
      vertex -56.2074 34.8235 8.4
      vertex -56.2074 34.1765 8.4
      vertex -56.1549 34.0216 8.4
    endloop
  endfacet
  facet normal -0 0 1
    outer loop
      vertex -56.2393 34.6632 8.4
      vertex -56.2074 34.1765 8.4
      vertex -56.2074 34.8235 8.4
    endloop
  endfacet
  facet normal 0 0 1
    outer loop
      vertex -56.2393 34.6632 8.4
      vertex -56.2393 34.3368 8.4
      vertex -56.2074 34.1765 8.4
    endloop
  endfacet
  facet normal 0 -0 1
    outer loop
      vertex -56.2393 34.3368 8.4
      vertex -56.2393 34.6632 8.4
      vertex -56.25 34.5 8.4
    endloop
  endfacet
  facet normal -0.442805 -0.896618 0
    outer loop
      vertex -55.625 33.4175 7.8
      vertex -55.4784 33.3451 8.4
      vertex -55.625 33.4175 8.4
    endloop
  endfacet
  facet normal -0.442805 -0.896618 -0
    outer loop
      vertex -55.4784 33.3451 8.4
      vertex -55.625 33.4175 7.8
      vertex -55.4784 33.3451 7.8
    endloop
  endfacet
  facet normal -0.831674 -0.555265 0
    outer loop
      vertex -55.9917 33.739 7.8
      vertex -56.0825 33.875 8.4
      vertex -56.0825 33.875 7.8
    endloop
  endfacet
  facet normal -0.831674 -0.555265 0
    outer loop
      vertex -56.0825 33.875 8.4
      vertex -55.9917 33.739 7.8
      vertex -55.9917 33.739 8.4
    endloop
  endfacet
  facet normal -0.980768 -0.195175 0
    outer loop
      vertex -56.2074 34.1765 7.8
      vertex -56.2393 34.3368 8.4
      vertex -56.2393 34.3368 7.8
    endloop
  endfacet
  facet normal -0.980768 -0.195175 0
    outer loop
      vertex -56.2393 34.3368 8.4
      vertex -56.2074 34.1765 7.8
      vertex -56.2074 34.1765 8.4
    endloop
  endfacet
  facet normal -0.659414 -0.75178 0
    outer loop
      vertex -55.8839 33.6161 7.8
      vertex -55.761 33.5083 8.4
      vertex -55.8839 33.6161 8.4
    endloop
  endfacet
  facet normal -0.659414 -0.75178 -0
    outer loop
      vertex -55.761 33.5083 8.4
      vertex -55.8839 33.6161 7.8
      vertex -55.761 33.5083 7.8
    endloop
  endfacet
  facet normal -0.896618 0.442805 0
    outer loop
      vertex -56.1549 34.9784 7.8
      vertex -56.0825 35.125 8.4
      vertex -56.0825 35.125 7.8
    endloop
  endfacet
  facet normal -0.896618 0.442805 0
    outer loop
      vertex -56.0825 35.125 8.4
      vertex -56.1549 34.9784 7.8
      vertex -56.1549 34.9784 8.4
    endloop
  endfacet
  facet normal -0.997858 -0.0654233 0
    outer loop
      vertex -56.2393 34.3368 7.8
      vertex -56.25 34.5 8.4
      vertex -56.25 34.5 7.8
    endloop
  endfacet
  facet normal -0.997858 -0.0654233 0
    outer loop
      vertex -56.25 34.5 8.4
      vertex -56.2393 34.3368 7.8
      vertex -56.2393 34.3368 8.4
    endloop
  endfacet
  facet normal 0.555265 -0.831674 0
    outer loop
      vertex -54.375 33.4175 7.8
      vertex -54.239 33.5083 8.4
      vertex -54.375 33.4175 8.4
    endloop
  endfacet
  facet normal 0.555265 -0.831674 0
    outer loop
      vertex -54.239 33.5083 8.4
      vertex -54.375 33.4175 7.8
      vertex -54.239 33.5083 7.8
    endloop
  endfacet
  facet normal -0.555265 -0.831674 0
    outer loop
      vertex -55.761 33.5083 7.8
      vertex -55.625 33.4175 8.4
      vertex -55.761 33.5083 8.4
    endloop
  endfacet
  facet normal -0.555265 -0.831674 -0
    outer loop
      vertex -55.625 33.4175 8.4
      vertex -55.761 33.5083 7.8
      vertex -55.625 33.4175 7.8
    endloop
  endfacet
  facet normal 0.980783 -0.195101 0
    outer loop
      vertex 57.6563 33.7882 7.8
      vertex 57.7265 34.1411 6
      vertex 57.7265 34.1411 7.8
    endloop
  endfacet
  facet normal 0.980783 -0.195101 0
    outer loop
      vertex 57.7265 34.1411 6
      vertex 57.6563 33.7882 7.8
      vertex 57.6563 33.7882 6
    endloop
  endfacet
  facet normal 0.980783 0.195101 0
    outer loop
      vertex 57.7265 34.8589 7.8
      vertex 57.6563 35.2118 6
      vertex 57.6563 35.2118 7.8
    endloop
  endfacet
  facet normal 0.980783 0.195101 0
    outer loop
      vertex 57.6563 35.2118 6
      vertex 57.7265 34.8589 7.8
      vertex 57.7265 34.8589 6
    endloop
  endfacet
  facet normal 0.997863 0.0653379 0
    outer loop
      vertex 57.75 34.5 7.8
      vertex 57.7265 34.8589 6
      vertex 57.7265 34.8589 7.8
    endloop
  endfacet
  facet normal 0.997863 0.0653379 0
    outer loop
      vertex 57.7265 34.8589 6
      vertex 57.75 34.5 7.8
      vertex 57.75 34.5 6
    endloop
  endfacet
  facet normal 0.946945 0.321394 0
    outer loop
      vertex 57.6563 35.2118 7.8
      vertex 57.5407 35.5524 6
      vertex 57.5407 35.5524 7.8
    endloop
  endfacet
  facet normal 0.946945 0.321394 0
    outer loop
      vertex 57.5407 35.5524 6
      vertex 57.6563 35.2118 7.8
      vertex 57.6563 35.2118 6
    endloop
  endfacet
  facet normal 0.442314 -0.89686 0
    outer loop
      vertex 56.0524 31.9593 6
      vertex 56.375 32.1184 7.8
      vertex 56.0524 31.9593 7.8
    endloop
  endfacet
  facet normal 0.442314 -0.89686 0
    outer loop
      vertex 56.375 32.1184 7.8
      vertex 56.0524 31.9593 6
      vertex 56.375 32.1184 6
    endloop
  endfacet
  facet normal 0.195101 0.980783 -0
    outer loop
      vertex 55.7118 37.1563 6
      vertex 55.3589 37.2265 7.8
      vertex 55.7118 37.1563 7.8
    endloop
  endfacet
  facet normal 0.195101 0.980783 0
    outer loop
      vertex 55.3589 37.2265 7.8
      vertex 55.7118 37.1563 6
      vertex 55.3589 37.2265 6
    endloop
  endfacet
  facet normal 0.195101 -0.980783 0
    outer loop
      vertex 55.3589 31.7735 6
      vertex 55.7118 31.8437 7.8
      vertex 55.3589 31.7735 7.8
    endloop
  endfacet
  facet normal 0.195101 -0.980783 0
    outer loop
      vertex 55.7118 31.8437 7.8
      vertex 55.3589 31.7735 6
      vertex 55.7118 31.8437 6
    endloop
  endfacet
  facet normal 0.0653379 -0.997863 0
    outer loop
      vertex 55 31.75 6
      vertex 55.3589 31.7735 7.8
      vertex 55 31.75 7.8
    endloop
  endfacet
  facet normal 0.0653379 -0.997863 0
    outer loop
      vertex 55.3589 31.7735 7.8
      vertex 55 31.75 6
      vertex 55.3589 31.7735 6
    endloop
  endfacet
  facet normal -0.659449 0.751749 0
    outer loop
      vertex 53.3259 36.6817 6
      vertex 53.0555 36.4445 7.8
      vertex 53.3259 36.6817 7.8
    endloop
  endfacet
  facet normal -0.659449 0.751749 0
    outer loop
      vertex 53.0555 36.4445 7.8
      vertex 53.3259 36.6817 6
      vertex 53.0555 36.4445 6
    endloop
  endfacet
  facet normal -0.831408 0.555662 0
    outer loop
      vertex 52.6184 35.875 6
      vertex 52.8183 36.1741 7.8
      vertex 52.8183 36.1741 6
    endloop
  endfacet
  facet normal -0.831408 0.555662 0
    outer loop
      vertex 52.8183 36.1741 7.8
      vertex 52.6184 35.875 6
      vertex 52.6184 35.875 7.8
    endloop
  endfacet
  facet normal 0.321394 0.946945 -0
    outer loop
      vertex 56.0524 37.0407 6
      vertex 55.7118 37.1563 7.8
      vertex 56.0524 37.0407 7.8
    endloop
  endfacet
  facet normal 0.321394 0.946945 0
    outer loop
      vertex 55.7118 37.1563 7.8
      vertex 56.0524 37.0407 6
      vertex 55.7118 37.1563 6
    endloop
  endfacet
  facet normal 0.659449 -0.751749 0
    outer loop
      vertex 56.6741 32.3183 6
      vertex 56.9445 32.5555 7.8
      vertex 56.6741 32.3183 7.8
    endloop
  endfacet
  facet normal 0.659449 -0.751749 0
    outer loop
      vertex 56.9445 32.5555 7.8
      vertex 56.6741 32.3183 6
      vertex 56.9445 32.5555 6
    endloop
  endfacet
  facet normal -0.442314 0.89686 0
    outer loop
      vertex 53.9476 37.0407 6
      vertex 53.625 36.8816 7.8
      vertex 53.9476 37.0407 7.8
    endloop
  endfacet
  facet normal -0.442314 0.89686 0
    outer loop
      vertex 53.625 36.8816 7.8
      vertex 53.9476 37.0407 6
      vertex 53.625 36.8816 6
    endloop
  endfacet
  facet normal -0.0653379 -0.997863 0
    outer loop
      vertex 54.6411 31.7735 6
      vertex 55 31.75 7.8
      vertex 54.6411 31.7735 7.8
    endloop
  endfacet
  facet normal -0.0653379 -0.997863 -0
    outer loop
      vertex 55 31.75 7.8
      vertex 54.6411 31.7735 6
      vertex 55 31.75 6
    endloop
  endfacet
  facet normal 0.751749 -0.659449 0
    outer loop
      vertex 56.9445 32.5555 7.8
      vertex 57.1817 32.8259 6
      vertex 57.1817 32.8259 7.8
    endloop
  endfacet
  facet normal 0.751749 -0.659449 0
    outer loop
      vertex 57.1817 32.8259 6
      vertex 56.9445 32.5555 7.8
      vertex 56.9445 32.5555 6
    endloop
  endfacet
  facet normal -0.946945 -0.321394 0
    outer loop
      vertex 52.4593 33.4476 6
      vertex 52.3437 33.7882 7.8
      vertex 52.3437 33.7882 6
    endloop
  endfacet
  facet normal -0.946945 -0.321394 0
    outer loop
      vertex 52.3437 33.7882 7.8
      vertex 52.4593 33.4476 6
      vertex 52.4593 33.4476 7.8
    endloop
  endfacet
  facet normal 0.321394 -0.946945 0
    outer loop
      vertex 55.7118 31.8437 6
      vertex 56.0524 31.9593 7.8
      vertex 55.7118 31.8437 7.8
    endloop
  endfacet
  facet normal 0.321394 -0.946945 0
    outer loop
      vertex 56.0524 31.9593 7.8
      vertex 55.7118 31.8437 6
      vertex 56.0524 31.9593 6
    endloop
  endfacet
  facet normal -0.321394 0.946945 0
    outer loop
      vertex 54.2882 37.1563 6
      vertex 53.9476 37.0407 7.8
      vertex 54.2882 37.1563 7.8
    endloop
  endfacet
  facet normal -0.321394 0.946945 0
    outer loop
      vertex 53.9476 37.0407 7.8
      vertex 54.2882 37.1563 6
      vertex 53.9476 37.0407 6
    endloop
  endfacet
  facet normal 0.751749 0.659449 0
    outer loop
      vertex 57.1817 36.1741 7.8
      vertex 56.9445 36.4445 6
      vertex 56.9445 36.4445 7.8
    endloop
  endfacet
  facet normal 0.751749 0.659449 0
    outer loop
      vertex 56.9445 36.4445 6
      vertex 57.1817 36.1741 7.8
      vertex 57.1817 36.1741 6
    endloop
  endfacet
  facet normal -0.555662 0.831408 0
    outer loop
      vertex 53.625 36.8816 6
      vertex 53.3259 36.6817 7.8
      vertex 53.625 36.8816 7.8
    endloop
  endfacet
  facet normal -0.555662 0.831408 0
    outer loop
      vertex 53.3259 36.6817 7.8
      vertex 53.625 36.8816 6
      vertex 53.3259 36.6817 6
    endloop
  endfacet
  facet normal -0.946945 0.321394 0
    outer loop
      vertex 52.3437 35.2118 6
      vertex 52.4593 35.5524 7.8
      vertex 52.4593 35.5524 6
    endloop
  endfacet
  facet normal -0.946945 0.321394 0
    outer loop
      vertex 52.4593 35.5524 7.8
      vertex 52.3437 35.2118 6
      vertex 52.3437 35.2118 7.8
    endloop
  endfacet
  facet normal 0.89686 0.442314 0
    outer loop
      vertex 57.5407 35.5524 7.8
      vertex 57.3816 35.875 6
      vertex 57.3816 35.875 7.8
    endloop
  endfacet
  facet normal 0.89686 0.442314 0
    outer loop
      vertex 57.3816 35.875 6
      vertex 57.5407 35.5524 7.8
      vertex 57.5407 35.5524 6
    endloop
  endfacet
  facet normal -0.195101 0.980783 0
    outer loop
      vertex 54.6411 37.2265 6
      vertex 54.2882 37.1563 7.8
      vertex 54.6411 37.2265 7.8
    endloop
  endfacet
  facet normal -0.195101 0.980783 0
    outer loop
      vertex 54.2882 37.1563 7.8
      vertex 54.6411 37.2265 6
      vertex 54.2882 37.1563 6
    endloop
  endfacet
  facet normal 0.659449 0.751749 -0
    outer loop
      vertex 56.9445 36.4445 6
      vertex 56.6741 36.6817 7.8
      vertex 56.9445 36.4445 7.8
    endloop
  endfacet
  facet normal 0.659449 0.751749 0
    outer loop
      vertex 56.6741 36.6817 7.8
      vertex 56.9445 36.4445 6
      vertex 56.6741 36.6817 6
    endloop
  endfacet
  facet normal 0.997863 -0.0653379 0
    outer loop
      vertex 57.7265 34.1411 7.8
      vertex 57.75 34.5 6
      vertex 57.75 34.5 7.8
    endloop
  endfacet
  facet normal 0.997863 -0.0653379 0
    outer loop
      vertex 57.75 34.5 6
      vertex 57.7265 34.1411 7.8
      vertex 57.7265 34.1411 6
    endloop
  endfacet
  facet normal 0.442314 0.89686 -0
    outer loop
      vertex 56.375 36.8816 6
      vertex 56.0524 37.0407 7.8
      vertex 56.375 36.8816 7.8
    endloop
  endfacet
  facet normal 0.442314 0.89686 0
    outer loop
      vertex 56.0524 37.0407 7.8
      vertex 56.375 36.8816 6
      vertex 56.0524 37.0407 6
    endloop
  endfacet
  facet normal -0.321394 -0.946945 0
    outer loop
      vertex 53.9476 31.9593 6
      vertex 54.2882 31.8437 7.8
      vertex 53.9476 31.9593 7.8
    endloop
  endfacet
  facet normal -0.321394 -0.946945 -0
    outer loop
      vertex 54.2882 31.8437 7.8
      vertex 53.9476 31.9593 6
      vertex 54.2882 31.8437 6
    endloop
  endfacet
  facet normal -0.980783 0.195101 0
    outer loop
      vertex 52.2735 34.8589 6
      vertex 52.3437 35.2118 7.8
      vertex 52.3437 35.2118 6
    endloop
  endfacet
  facet normal -0.980783 0.195101 0
    outer loop
      vertex 52.3437 35.2118 7.8
      vertex 52.2735 34.8589 6
      vertex 52.2735 34.8589 7.8
    endloop
  endfacet
  facet normal -0.0653379 0.997863 0
    outer loop
      vertex 55 37.25 6
      vertex 54.6411 37.2265 7.8
      vertex 55 37.25 7.8
    endloop
  endfacet
  facet normal -0.0653379 0.997863 0
    outer loop
      vertex 54.6411 37.2265 7.8
      vertex 55 37.25 6
      vertex 54.6411 37.2265 6
    endloop
  endfacet
  facet normal -0.195101 -0.980783 0
    outer loop
      vertex 54.2882 31.8437 6
      vertex 54.6411 31.7735 7.8
      vertex 54.2882 31.8437 7.8
    endloop
  endfacet
  facet normal -0.195101 -0.980783 -0
    outer loop
      vertex 54.6411 31.7735 7.8
      vertex 54.2882 31.8437 6
      vertex 54.6411 31.7735 6
    endloop
  endfacet
  facet normal 0.946945 -0.321394 0
    outer loop
      vertex 57.5407 33.4476 7.8
      vertex 57.6563 33.7882 6
      vertex 57.6563 33.7882 7.8
    endloop
  endfacet
  facet normal 0.946945 -0.321394 0
    outer loop
      vertex 57.6563 33.7882 6
      vertex 57.5407 33.4476 7.8
      vertex 57.5407 33.4476 6
    endloop
  endfacet
  facet normal 0.831408 0.555662 0
    outer loop
      vertex 57.3816 35.875 7.8
      vertex 57.1817 36.1741 6
      vertex 57.1817 36.1741 7.8
    endloop
  endfacet
  facet normal 0.831408 0.555662 0
    outer loop
      vertex 57.1817 36.1741 6
      vertex 57.3816 35.875 7.8
      vertex 57.3816 35.875 6
    endloop
  endfacet
  facet normal -0.89686 -0.442314 0
    outer loop
      vertex 52.6184 33.125 6
      vertex 52.4593 33.4476 7.8
      vertex 52.4593 33.4476 6
    endloop
  endfacet
  facet normal -0.89686 -0.442314 0
    outer loop
      vertex 52.4593 33.4476 7.8
      vertex 52.6184 33.125 6
      vertex 52.6184 33.125 7.8
    endloop
  endfacet
  facet normal 0.89686 -0.442314 0
    outer loop
      vertex 57.3816 33.125 7.8
      vertex 57.5407 33.4476 6
      vertex 57.5407 33.4476 7.8
    endloop
  endfacet
  facet normal 0.89686 -0.442314 0
    outer loop
      vertex 57.5407 33.4476 6
      vertex 57.3816 33.125 7.8
      vertex 57.3816 33.125 6
    endloop
  endfacet
  facet normal -0.751749 -0.659449 0
    outer loop
      vertex 53.0555 32.5555 6
      vertex 52.8183 32.8259 7.8
      vertex 52.8183 32.8259 6
    endloop
  endfacet
  facet normal -0.751749 -0.659449 0
    outer loop
      vertex 52.8183 32.8259 7.8
      vertex 53.0555 32.5555 6
      vertex 53.0555 32.5555 7.8
    endloop
  endfacet
  facet normal 0.831408 -0.555662 0
    outer loop
      vertex 57.1817 32.8259 7.8
      vertex 57.3816 33.125 6
      vertex 57.3816 33.125 7.8
    endloop
  endfacet
  facet normal 0.831408 -0.555662 0
    outer loop
      vertex 57.3816 33.125 6
      vertex 57.1817 32.8259 7.8
      vertex 57.1817 32.8259 6
    endloop
  endfacet
  facet normal 0 0 -1
    outer loop
      vertex 57.7265 34.1411 6
      vertex 57.7265 34.8589 6
      vertex 57.75 34.5 6
    endloop
  endfacet
  facet normal 0 0 -1
    outer loop
      vertex 57.6563 33.7882 6
      vertex 57.7265 34.8589 6
      vertex 57.7265 34.1411 6
    endloop
  endfacet
  facet normal 0 0 -1
    outer loop
      vertex 57.6563 33.7882 6
      vertex 57.6563 35.2118 6
      vertex 57.7265 34.8589 6
    endloop
  endfacet
  facet normal 0 0 -1
    outer loop
      vertex 57.5407 33.4476 6
      vertex 57.6563 35.2118 6
      vertex 57.6563 33.7882 6
    endloop
  endfacet
  facet normal 0 0 -1
    outer loop
      vertex 57.5407 33.4476 6
      vertex 57.5407 35.5524 6
      vertex 57.6563 35.2118 6
    endloop
  endfacet
  facet normal 0 0 -1
    outer loop
      vertex 57.3816 33.125 6
      vertex 57.5407 35.5524 6
      vertex 57.5407 33.4476 6
    endloop
  endfacet
  facet normal 0 0 -1
    outer loop
      vertex 57.3816 33.125 6
      vertex 57.3816 35.875 6
      vertex 57.5407 35.5524 6
    endloop
  endfacet
  facet normal 0 0 -1
    outer loop
      vertex 57.1817 32.8259 6
      vertex 57.3816 35.875 6
      vertex 57.3816 33.125 6
    endloop
  endfacet
  facet normal 0 0 -1
    outer loop
      vertex 57.1817 32.8259 6
      vertex 57.1817 36.1741 6
      vertex 57.3816 35.875 6
    endloop
  endfacet
  facet normal 0 0 -1
    outer loop
      vertex 56.9445 32.5555 6
      vertex 57.1817 36.1741 6
      vertex 57.1817 32.8259 6
    endloop
  endfacet
  facet normal 0 0 -1
    outer loop
      vertex 56.9445 32.5555 6
      vertex 56.9445 36.4445 6
      vertex 57.1817 36.1741 6
    endloop
  endfacet
  facet normal 0 0 -1
    outer loop
      vertex 56.6741 32.3183 6
      vertex 56.9445 36.4445 6
      vertex 56.9445 32.5555 6
    endloop
  endfacet
  facet normal 0 0 -1
    outer loop
      vertex 56.6741 32.3183 6
      vertex 56.6741 36.6817 6
      vertex 56.9445 36.4445 6
    endloop
  endfacet
  facet normal 0 0 -1
    outer loop
      vertex 56.375 32.1184 6
      vertex 56.6741 36.6817 6
      vertex 56.6741 32.3183 6
    endloop
  endfacet
  facet normal 0 0 -1
    outer loop
      vertex 56.375 32.1184 6
      vertex 56.375 36.8816 6
      vertex 56.6741 36.6817 6
    endloop
  endfacet
  facet normal 0 0 -1
    outer loop
      vertex 56.0524 31.9593 6
      vertex 56.375 36.8816 6
      vertex 56.375 32.1184 6
    endloop
  endfacet
  facet normal 0 0 -1
    outer loop
      vertex 56.0524 31.9593 6
      vertex 56.0524 37.0407 6
      vertex 56.375 36.8816 6
    endloop
  endfacet
  facet normal 0 0 -1
    outer loop
      vertex 55.7118 31.8437 6
      vertex 56.0524 37.0407 6
      vertex 56.0524 31.9593 6
    endloop
  endfacet
  facet normal 0 0 -1
    outer loop
      vertex 55.7118 31.8437 6
      vertex 55.7118 37.1563 6
      vertex 56.0524 37.0407 6
    endloop
  endfacet
  facet normal 0 0 -1
    outer loop
      vertex 55.3589 31.7735 6
      vertex 55.7118 37.1563 6
      vertex 55.7118 31.8437 6
    endloop
  endfacet
  facet normal 0 0 -1
    outer loop
      vertex 55.3589 31.7735 6
      vertex 55.3589 37.2265 6
      vertex 55.7118 37.1563 6
    endloop
  endfacet
  facet normal 0 0 -1
    outer loop
      vertex 55 31.75 6
      vertex 55.3589 37.2265 6
      vertex 55.3589 31.7735 6
    endloop
  endfacet
  facet normal 0 0 -1
    outer loop
      vertex 55 31.75 6
      vertex 55 37.25 6
      vertex 55.3589 37.2265 6
    endloop
  endfacet
  facet normal 0 0 -1
    outer loop
      vertex 54.6411 31.7735 6
      vertex 55 37.25 6
      vertex 55 31.75 6
    endloop
  endfacet
  facet normal 0 0 -1
    outer loop
      vertex 54.6411 31.7735 6
      vertex 54.6411 37.2265 6
      vertex 55 37.25 6
    endloop
  endfacet
  facet normal 0 0 -1
    outer loop
      vertex 54.2882 31.8437 6
      vertex 54.6411 37.2265 6
      vertex 54.6411 31.7735 6
    endloop
  endfacet
  facet normal 0 0 -1
    outer loop
      vertex 54.2882 31.8437 6
      vertex 54.2882 37.1563 6
      vertex 54.6411 37.2265 6
    endloop
  endfacet
  facet normal 0 0 -1
    outer loop
      vertex 53.9476 31.9593 6
      vertex 54.2882 37.1563 6
      vertex 54.2882 31.8437 6
    endloop
  endfacet
  facet normal 0 0 -1
    outer loop
      vertex 53.9476 31.9593 6
      vertex 53.9476 37.0407 6
      vertex 54.2882 37.1563 6
    endloop
  endfacet
  facet normal 0 0 -1
    outer loop
      vertex 53.625 32.1184 6
      vertex 53.9476 37.0407 6
      vertex 53.9476 31.9593 6
    endloop
  endfacet
  facet normal 0 0 -1
    outer loop
      vertex 53.625 32.1184 6
      vertex 53.625 36.8816 6
      vertex 53.9476 37.0407 6
    endloop
  endfacet
  facet normal 0 0 -1
    outer loop
      vertex 53.3259 32.3183 6
      vertex 53.625 36.8816 6
      vertex 53.625 32.1184 6
    endloop
  endfacet
  facet normal 0 0 -1
    outer loop
      vertex 53.3259 32.3183 6
      vertex 53.3259 36.6817 6
      vertex 53.625 36.8816 6
    endloop
  endfacet
  facet normal 0 0 -1
    outer loop
      vertex 53.0555 32.5555 6
      vertex 53.3259 36.6817 6
      vertex 53.3259 32.3183 6
    endloop
  endfacet
  facet normal 0 0 -1
    outer loop
      vertex 53.0555 32.5555 6
      vertex 53.0555 36.4445 6
      vertex 53.3259 36.6817 6
    endloop
  endfacet
  facet normal 0 0 -1
    outer loop
      vertex 52.8183 32.8259 6
      vertex 53.0555 36.4445 6
      vertex 53.0555 32.5555 6
    endloop
  endfacet
  facet normal 0 0 -1
    outer loop
      vertex 52.8183 32.8259 6
      vertex 52.8183 36.1741 6
      vertex 53.0555 36.4445 6
    endloop
  endfacet
  facet normal 0 0 -1
    outer loop
      vertex 52.6184 33.125 6
      vertex 52.8183 36.1741 6
      vertex 52.8183 32.8259 6
    endloop
  endfacet
  facet normal 0 0 -1
    outer loop
      vertex 52.6184 33.125 6
      vertex 52.6184 35.875 6
      vertex 52.8183 36.1741 6
    endloop
  endfacet
  facet normal 0 0 -1
    outer loop
      vertex 52.4593 33.4476 6
      vertex 52.6184 35.875 6
      vertex 52.6184 33.125 6
    endloop
  endfacet
  facet normal 0 0 -1
    outer loop
      vertex 52.4593 33.4476 6
      vertex 52.4593 35.5524 6
      vertex 52.6184 35.875 6
    endloop
  endfacet
  facet normal 0 0 -1
    outer loop
      vertex 52.3437 33.7882 6
      vertex 52.4593 35.5524 6
      vertex 52.4593 33.4476 6
    endloop
  endfacet
  facet normal 0 0 -1
    outer loop
      vertex 52.3437 33.7882 6
      vertex 52.3437 35.2118 6
      vertex 52.4593 35.5524 6
    endloop
  endfacet
  facet normal 0 0 -1
    outer loop
      vertex 52.2735 34.1411 6
      vertex 52.3437 35.2118 6
      vertex 52.3437 33.7882 6
    endloop
  endfacet
  facet normal 0 0 -1
    outer loop
      vertex 52.2735 34.1411 6
      vertex 52.2735 34.8589 6
      vertex 52.3437 35.2118 6
    endloop
  endfacet
  facet normal 0 -0 -1
    outer loop
      vertex 52.2735 34.8589 6
      vertex 52.2735 34.1411 6
      vertex 52.25 34.5 6
    endloop
  endfacet
  facet normal -0.751749 0.659449 0
    outer loop
      vertex 52.8183 36.1741 6
      vertex 53.0555 36.4445 7.8
      vertex 53.0555 36.4445 6
    endloop
  endfacet
  facet normal -0.751749 0.659449 0
    outer loop
      vertex 53.0555 36.4445 7.8
      vertex 52.8183 36.1741 6
      vertex 52.8183 36.1741 7.8
    endloop
  endfacet
  facet normal 0.0653379 0.997863 -0
    outer loop
      vertex 55.3589 37.2265 6
      vertex 55 37.25 7.8
      vertex 55.3589 37.2265 7.8
    endloop
  endfacet
  facet normal 0.0653379 0.997863 0
    outer loop
      vertex 55 37.25 7.8
      vertex 55.3589 37.2265 6
      vertex 55 37.25 6
    endloop
  endfacet
  facet normal 0.555662 0.831408 -0
    outer loop
      vertex 56.6741 36.6817 6
      vertex 56.375 36.8816 7.8
      vertex 56.6741 36.6817 7.8
    endloop
  endfacet
  facet normal 0.555662 0.831408 0
    outer loop
      vertex 56.375 36.8816 7.8
      vertex 56.6741 36.6817 6
      vertex 56.375 36.8816 6
    endloop
  endfacet
  facet normal 0 0 1
    outer loop
      vertex 56.25 34.5 7.8
      vertex 57.75 34.5 7.8
      vertex 57.7265 34.8589 7.8
    endloop
  endfacet
  facet normal 0 0 1
    outer loop
      vertex 56.2393 34.6632 7.8
      vertex 57.7265 34.8589 7.8
      vertex 57.6563 35.2118 7.8
    endloop
  endfacet
  facet normal 0 0 1
    outer loop
      vertex 57.75 34.5 7.8
      vertex 56.25 34.5 7.8
      vertex 57.7265 34.1411 7.8
    endloop
  endfacet
  facet normal 0 0 1
    outer loop
      vertex 56.2074 34.8235 7.8
      vertex 57.6563 35.2118 7.8
      vertex 57.5407 35.5524 7.8
    endloop
  endfacet
  facet normal -0 0 1
    outer loop
      vertex 56.2393 34.3368 7.8
      vertex 57.7265 34.1411 7.8
      vertex 56.25 34.5 7.8
    endloop
  endfacet
  facet normal 0 0 1
    outer loop
      vertex 56.1549 34.9784 7.8
      vertex 57.5407 35.5524 7.8
      vertex 57.3816 35.875 7.8
    endloop
  endfacet
  facet normal 0 0 1
    outer loop
      vertex 57.7265 34.1411 7.8
      vertex 56.2393 34.3368 7.8
      vertex 57.6563 33.7882 7.8
    endloop
  endfacet
  facet normal 0 0 1
    outer loop
      vertex 56.0825 35.125 7.8
      vertex 57.3816 35.875 7.8
      vertex 57.1817 36.1741 7.8
    endloop
  endfacet
  facet normal -0 0 1
    outer loop
      vertex 56.2074 34.1765 7.8
      vertex 57.6563 33.7882 7.8
      vertex 56.2393 34.3368 7.8
    endloop
  endfacet
  facet normal 0 0 1
    outer loop
      vertex 55.9917 35.261 7.8
      vertex 57.1817 36.1741 7.8
      vertex 56.9445 36.4445 7.8
    endloop
  endfacet
  facet normal 0 0 1
    outer loop
      vertex 57.6563 33.7882 7.8
      vertex 56.2074 34.1765 7.8
      vertex 57.5407 33.4476 7.8
    endloop
  endfacet
  facet normal 0 0 1
    outer loop
      vertex 55.8839 35.3839 7.8
      vertex 56.9445 36.4445 7.8
      vertex 56.6741 36.6817 7.8
    endloop
  endfacet
  facet normal -0 0 1
    outer loop
      vertex 56.1549 34.0216 7.8
      vertex 57.5407 33.4476 7.8
      vertex 56.2074 34.1765 7.8
    endloop
  endfacet
  facet normal 0 0 1
    outer loop
      vertex 55.761 35.4917 7.8
      vertex 56.6741 36.6817 7.8
      vertex 56.375 36.8816 7.8
    endloop
  endfacet
  facet normal 0 0 1
    outer loop
      vertex 57.5407 33.4476 7.8
      vertex 56.1549 34.0216 7.8
      vertex 57.3816 33.125 7.8
    endloop
  endfacet
  facet normal -0 0 1
    outer loop
      vertex 56.0825 33.875 7.8
      vertex 57.3816 33.125 7.8
      vertex 56.1549 34.0216 7.8
    endloop
  endfacet
  facet normal 0 0 1
    outer loop
      vertex 57.7265 34.8589 7.8
      vertex 56.2393 34.6632 7.8
      vertex 56.25 34.5 7.8
    endloop
  endfacet
  facet normal 0 0 1
    outer loop
      vertex 57.6563 35.2118 7.8
      vertex 56.2074 34.8235 7.8
      vertex 56.2393 34.6632 7.8
    endloop
  endfacet
  facet normal 0 0 1
    outer loop
      vertex 57.5407 35.5524 7.8
      vertex 56.1549 34.9784 7.8
      vertex 56.2074 34.8235 7.8
    endloop
  endfacet
  facet normal 0 0 1
    outer loop
      vertex 57.3816 35.875 7.8
      vertex 56.0825 35.125 7.8
      vertex 56.1549 34.9784 7.8
    endloop
  endfacet
  facet normal 0 0 1
    outer loop
      vertex 55.625 35.5825 7.8
      vertex 56.375 36.8816 7.8
      vertex 56.0524 37.0407 7.8
    endloop
  endfacet
  facet normal 0 0 1
    outer loop
      vertex 57.1817 36.1741 7.8
      vertex 55.9917 35.261 7.8
      vertex 56.0825 35.125 7.8
    endloop
  endfacet
  facet normal 0 0 1
    outer loop
      vertex 56.9445 36.4445 7.8
      vertex 55.8839 35.3839 7.8
      vertex 55.9917 35.261 7.8
    endloop
  endfacet
  facet normal 0 0 1
    outer loop
      vertex 56.6741 36.6817 7.8
      vertex 55.761 35.4917 7.8
      vertex 55.8839 35.3839 7.8
    endloop
  endfacet
  facet normal 0 0 1
    outer loop
      vertex 55.4784 35.6549 7.8
      vertex 56.0524 37.0407 7.8
      vertex 55.7118 37.1563 7.8
    endloop
  endfacet
  facet normal 0 0 1
    outer loop
      vertex 56.375 36.8816 7.8
      vertex 55.625 35.5825 7.8
      vertex 55.761 35.4917 7.8
    endloop
  endfacet
  facet normal 0 0 1
    outer loop
      vertex 56.0524 37.0407 7.8
      vertex 55.4784 35.6549 7.8
      vertex 55.625 35.5825 7.8
    endloop
  endfacet
  facet normal 0 0 1
    outer loop
      vertex 55.3235 35.7074 7.8
      vertex 55.7118 37.1563 7.8
      vertex 55.3589 37.2265 7.8
    endloop
  endfacet
  facet normal 0 0 1
    outer loop
      vertex 55.7118 37.1563 7.8
      vertex 55.3235 35.7074 7.8
      vertex 55.4784 35.6549 7.8
    endloop
  endfacet
  facet normal 0 0 1
    outer loop
      vertex 55.3589 37.2265 7.8
      vertex 55.1632 35.7393 7.8
      vertex 55.3235 35.7074 7.8
    endloop
  endfacet
  facet normal 0 0 1
    outer loop
      vertex 55 37.25 7.8
      vertex 55.1632 35.7393 7.8
      vertex 55.3589 37.2265 7.8
    endloop
  endfacet
  facet normal 0 0 1
    outer loop
      vertex 55 37.25 7.8
      vertex 55 35.75 7.8
      vertex 55.1632 35.7393 7.8
    endloop
  endfacet
  facet normal 0 0 1
    outer loop
      vertex 55 37.25 7.8
      vertex 54.8368 35.7393 7.8
      vertex 55 35.75 7.8
    endloop
  endfacet
  facet normal -0 0 1
    outer loop
      vertex 54.6411 37.2265 7.8
      vertex 54.8368 35.7393 7.8
      vertex 55 37.25 7.8
    endloop
  endfacet
  facet normal 0 0 1
    outer loop
      vertex 54.8368 35.7393 7.8
      vertex 54.6411 37.2265 7.8
      vertex 54.6765 35.7074 7.8
    endloop
  endfacet
  facet normal -0 0 1
    outer loop
      vertex 54.2882 37.1563 7.8
      vertex 54.6765 35.7074 7.8
      vertex 54.6411 37.2265 7.8
    endloop
  endfacet
  facet normal 0 0 1
    outer loop
      vertex 54.6765 35.7074 7.8
      vertex 54.2882 37.1563 7.8
      vertex 54.5216 35.6549 7.8
    endloop
  endfacet
  facet normal -0 0 1
    outer loop
      vertex 53.9476 37.0407 7.8
      vertex 54.5216 35.6549 7.8
      vertex 54.2882 37.1563 7.8
    endloop
  endfacet
  facet normal 0 0 1
    outer loop
      vertex 54.5216 35.6549 7.8
      vertex 53.9476 37.0407 7.8
      vertex 54.375 35.5825 7.8
    endloop
  endfacet
  facet normal -0 0 1
    outer loop
      vertex 53.625 36.8816 7.8
      vertex 54.375 35.5825 7.8
      vertex 53.9476 37.0407 7.8
    endloop
  endfacet
  facet normal 0 0 1
    outer loop
      vertex 54.375 35.5825 7.8
      vertex 53.625 36.8816 7.8
      vertex 54.239 35.4917 7.8
    endloop
  endfacet
  facet normal -0 0 1
    outer loop
      vertex 53.3259 36.6817 7.8
      vertex 54.239 35.4917 7.8
      vertex 53.625 36.8816 7.8
    endloop
  endfacet
  facet normal 0 0 1
    outer loop
      vertex 54.239 35.4917 7.8
      vertex 53.3259 36.6817 7.8
      vertex 54.1161 35.3839 7.8
    endloop
  endfacet
  facet normal -0 0 1
    outer loop
      vertex 53.0555 36.4445 7.8
      vertex 54.1161 35.3839 7.8
      vertex 53.3259 36.6817 7.8
    endloop
  endfacet
  facet normal 0 0 1
    outer loop
      vertex 54.1161 35.3839 7.8
      vertex 53.0555 36.4445 7.8
      vertex 54.0083 35.261 7.8
    endloop
  endfacet
  facet normal -0 0 1
    outer loop
      vertex 52.8183 36.1741 7.8
      vertex 54.0083 35.261 7.8
      vertex 53.0555 36.4445 7.8
    endloop
  endfacet
  facet normal -0 0 1
    outer loop
      vertex 52.6184 35.875 7.8
      vertex 53.9175 35.125 7.8
      vertex 52.8183 36.1741 7.8
    endloop
  endfacet
  facet normal 0 0 1
    outer loop
      vertex 54.0083 35.261 7.8
      vertex 52.8183 36.1741 7.8
      vertex 53.9175 35.125 7.8
    endloop
  endfacet
  facet normal 0 0 1
    outer loop
      vertex 57.3816 33.125 7.8
      vertex 56.0825 33.875 7.8
      vertex 57.1817 32.8259 7.8
    endloop
  endfacet
  facet normal -0 0 1
    outer loop
      vertex 55.9917 33.739 7.8
      vertex 57.1817 32.8259 7.8
      vertex 56.0825 33.875 7.8
    endloop
  endfacet
  facet normal 0 0 1
    outer loop
      vertex 57.1817 32.8259 7.8
      vertex 55.9917 33.739 7.8
      vertex 56.9445 32.5555 7.8
    endloop
  endfacet
  facet normal -0 0 1
    outer loop
      vertex 55.8839 33.6161 7.8
      vertex 56.9445 32.5555 7.8
      vertex 55.9917 33.739 7.8
    endloop
  endfacet
  facet normal 0 0 1
    outer loop
      vertex 56.9445 32.5555 7.8
      vertex 55.8839 33.6161 7.8
      vertex 56.6741 32.3183 7.8
    endloop
  endfacet
  facet normal -0 0 1
    outer loop
      vertex 55.761 33.5083 7.8
      vertex 56.6741 32.3183 7.8
      vertex 55.8839 33.6161 7.8
    endloop
  endfacet
  facet normal 0 0 1
    outer loop
      vertex 56.6741 32.3183 7.8
      vertex 55.761 33.5083 7.8
      vertex 56.375 32.1184 7.8
    endloop
  endfacet
  facet normal -0 0 1
    outer loop
      vertex 55.625 33.4175 7.8
      vertex 56.375 32.1184 7.8
      vertex 55.761 33.5083 7.8
    endloop
  endfacet
  facet normal 0 0 1
    outer loop
      vertex 56.375 32.1184 7.8
      vertex 55.625 33.4175 7.8
      vertex 56.0524 31.9593 7.8
    endloop
  endfacet
  facet normal -0 0 1
    outer loop
      vertex 55.4784 33.3451 7.8
      vertex 56.0524 31.9593 7.8
      vertex 55.625 33.4175 7.8
    endloop
  endfacet
  facet normal 0 0 1
    outer loop
      vertex 56.0524 31.9593 7.8
      vertex 55.4784 33.3451 7.8
      vertex 55.7118 31.8437 7.8
    endloop
  endfacet
  facet normal -0 0 1
    outer loop
      vertex 55.3235 33.2926 7.8
      vertex 55.7118 31.8437 7.8
      vertex 55.4784 33.3451 7.8
    endloop
  endfacet
  facet normal 0 0 1
    outer loop
      vertex 55.7118 31.8437 7.8
      vertex 55.3235 33.2926 7.8
      vertex 55.3589 31.7735 7.8
    endloop
  endfacet
  facet normal -0 0 1
    outer loop
      vertex 55.1632 33.2607 7.8
      vertex 55.3589 31.7735 7.8
      vertex 55.3235 33.2926 7.8
    endloop
  endfacet
  facet normal -0 0 1
    outer loop
      vertex 55 33.25 7.8
      vertex 55.3589 31.7735 7.8
      vertex 55.1632 33.2607 7.8
    endloop
  endfacet
  facet normal 0 0 1
    outer loop
      vertex 55 33.25 7.8
      vertex 55 31.75 7.8
      vertex 55.3589 31.7735 7.8
    endloop
  endfacet
  facet normal 0 0 1
    outer loop
      vertex 54.8368 33.2607 7.8
      vertex 55 31.75 7.8
      vertex 55 33.25 7.8
    endloop
  endfacet
  facet normal 0 0 1
    outer loop
      vertex 54.6411 31.7735 7.8
      vertex 54.8368 33.2607 7.8
      vertex 54.6765 33.2926 7.8
    endloop
  endfacet
  facet normal 0 0 1
    outer loop
      vertex 54.8368 33.2607 7.8
      vertex 54.6411 31.7735 7.8
      vertex 55 31.75 7.8
    endloop
  endfacet
  facet normal 0 0 1
    outer loop
      vertex 54.2882 31.8437 7.8
      vertex 54.6765 33.2926 7.8
      vertex 54.5216 33.3451 7.8
    endloop
  endfacet
  facet normal 0 0 1
    outer loop
      vertex 53.9476 31.9593 7.8
      vertex 54.5216 33.3451 7.8
      vertex 54.375 33.4175 7.8
    endloop
  endfacet
  facet normal 0 0 1
    outer loop
      vertex 54.6765 33.2926 7.8
      vertex 54.2882 31.8437 7.8
      vertex 54.6411 31.7735 7.8
    endloop
  endfacet
  facet normal 0 0 1
    outer loop
      vertex 53.625 32.1184 7.8
      vertex 54.375 33.4175 7.8
      vertex 54.239 33.5083 7.8
    endloop
  endfacet
  facet normal 0 0 1
    outer loop
      vertex 53.3259 32.3183 7.8
      vertex 54.239 33.5083 7.8
      vertex 54.1161 33.6161 7.8
    endloop
  endfacet
  facet normal 0 0 1
    outer loop
      vertex 53.0555 32.5555 7.8
      vertex 54.1161 33.6161 7.8
      vertex 54.0083 33.739 7.8
    endloop
  endfacet
  facet normal 0 0 1
    outer loop
      vertex 54.5216 33.3451 7.8
      vertex 53.9476 31.9593 7.8
      vertex 54.2882 31.8437 7.8
    endloop
  endfacet
  facet normal 0 0 1
    outer loop
      vertex 52.8183 32.8259 7.8
      vertex 54.0083 33.739 7.8
      vertex 53.9175 33.875 7.8
    endloop
  endfacet
  facet normal 0 0 1
    outer loop
      vertex 52.6184 33.125 7.8
      vertex 53.9175 33.875 7.8
      vertex 53.8451 34.0216 7.8
    endloop
  endfacet
  facet normal 0 0 1
    outer loop
      vertex 52.4593 33.4476 7.8
      vertex 53.8451 34.0216 7.8
      vertex 53.7926 34.1765 7.8
    endloop
  endfacet
  facet normal 0 0 1
    outer loop
      vertex 52.3437 33.7882 7.8
      vertex 53.7926 34.1765 7.8
      vertex 53.7607 34.3368 7.8
    endloop
  endfacet
  facet normal 0 0 1
    outer loop
      vertex 54.375 33.4175 7.8
      vertex 53.625 32.1184 7.8
      vertex 53.9476 31.9593 7.8
    endloop
  endfacet
  facet normal 0 0 1
    outer loop
      vertex 52.2735 34.1411 7.8
      vertex 53.7607 34.3368 7.8
      vertex 53.75 34.5 7.8
    endloop
  endfacet
  facet normal 0 0 1
    outer loop
      vertex 53.9175 35.125 7.8
      vertex 52.6184 35.875 7.8
      vertex 53.8451 34.9784 7.8
    endloop
  endfacet
  facet normal -0 0 1
    outer loop
      vertex 52.4593 35.5524 7.8
      vertex 53.8451 34.9784 7.8
      vertex 52.6184 35.875 7.8
    endloop
  endfacet
  facet normal 0 0 1
    outer loop
      vertex 54.239 33.5083 7.8
      vertex 53.3259 32.3183 7.8
      vertex 53.625 32.1184 7.8
    endloop
  endfacet
  facet normal 0 0 1
    outer loop
      vertex 53.8451 34.9784 7.8
      vertex 52.4593 35.5524 7.8
      vertex 53.7926 34.8235 7.8
    endloop
  endfacet
  facet normal 0 0 1
    outer loop
      vertex 54.1161 33.6161 7.8
      vertex 53.0555 32.5555 7.8
      vertex 53.3259 32.3183 7.8
    endloop
  endfacet
  facet normal -0 0 1
    outer loop
      vertex 52.3437 35.2118 7.8
      vertex 53.7926 34.8235 7.8
      vertex 52.4593 35.5524 7.8
    endloop
  endfacet
  facet normal 0 0 1
    outer loop
      vertex 54.0083 33.739 7.8
      vertex 52.8183 32.8259 7.8
      vertex 53.0555 32.5555 7.8
    endloop
  endfacet
  facet normal 0 0 1
    outer loop
      vertex 53.7926 34.8235 7.8
      vertex 52.3437 35.2118 7.8
      vertex 53.7607 34.6632 7.8
    endloop
  endfacet
  facet normal 0 0 1
    outer loop
      vertex 53.9175 33.875 7.8
      vertex 52.6184 33.125 7.8
      vertex 52.8183 32.8259 7.8
    endloop
  endfacet
  facet normal -0 0 1
    outer loop
      vertex 52.2735 34.8589 7.8
      vertex 53.7607 34.6632 7.8
      vertex 52.3437 35.2118 7.8
    endloop
  endfacet
  facet normal 0 0 1
    outer loop
      vertex 53.8451 34.0216 7.8
      vertex 52.4593 33.4476 7.8
      vertex 52.6184 33.125 7.8
    endloop
  endfacet
  facet normal 0 0 1
    outer loop
      vertex 53.7607 34.6632 7.8
      vertex 52.2735 34.8589 7.8
      vertex 53.75 34.5 7.8
    endloop
  endfacet
  facet normal 0 0 1
    outer loop
      vertex 53.7926 34.1765 7.8
      vertex 52.3437 33.7882 7.8
      vertex 52.4593 33.4476 7.8
    endloop
  endfacet
  facet normal 0 0 1
    outer loop
      vertex 52.25 34.5 7.8
      vertex 53.75 34.5 7.8
      vertex 52.2735 34.8589 7.8
    endloop
  endfacet
  facet normal 0 0 1
    outer loop
      vertex 53.7607 34.3368 7.8
      vertex 52.2735 34.1411 7.8
      vertex 52.3437 33.7882 7.8
    endloop
  endfacet
  facet normal 0 0 1
    outer loop
      vertex 53.75 34.5 7.8
      vertex 52.25 34.5 7.8
      vertex 52.2735 34.1411 7.8
    endloop
  endfacet
  facet normal -0.442314 -0.89686 0
    outer loop
      vertex 53.625 32.1184 6
      vertex 53.9476 31.9593 7.8
      vertex 53.625 32.1184 7.8
    endloop
  endfacet
  facet normal -0.442314 -0.89686 -0
    outer loop
      vertex 53.9476 31.9593 7.8
      vertex 53.625 32.1184 6
      vertex 53.9476 31.9593 6
    endloop
  endfacet
  facet normal -0.831408 -0.555662 0
    outer loop
      vertex 52.8183 32.8259 6
      vertex 52.6184 33.125 7.8
      vertex 52.6184 33.125 6
    endloop
  endfacet
  facet normal -0.831408 -0.555662 0
    outer loop
      vertex 52.6184 33.125 7.8
      vertex 52.8183 32.8259 6
      vertex 52.8183 32.8259 7.8
    endloop
  endfacet
  facet normal -0.980783 -0.195101 0
    outer loop
      vertex 52.3437 33.7882 6
      vertex 52.2735 34.1411 7.8
      vertex 52.2735 34.1411 6
    endloop
  endfacet
  facet normal -0.980783 -0.195101 0
    outer loop
      vertex 52.2735 34.1411 7.8
      vertex 52.3437 33.7882 6
      vertex 52.3437 33.7882 7.8
    endloop
  endfacet
  facet normal -0.659449 -0.751749 0
    outer loop
      vertex 53.0555 32.5555 6
      vertex 53.3259 32.3183 7.8
      vertex 53.0555 32.5555 7.8
    endloop
  endfacet
  facet normal -0.659449 -0.751749 -0
    outer loop
      vertex 53.3259 32.3183 7.8
      vertex 53.0555 32.5555 6
      vertex 53.3259 32.3183 6
    endloop
  endfacet
  facet normal -0.89686 0.442314 0
    outer loop
      vertex 52.4593 35.5524 6
      vertex 52.6184 35.875 7.8
      vertex 52.6184 35.875 6
    endloop
  endfacet
  facet normal -0.89686 0.442314 0
    outer loop
      vertex 52.6184 35.875 7.8
      vertex 52.4593 35.5524 6
      vertex 52.4593 35.5524 7.8
    endloop
  endfacet
  facet normal -0.997863 -0.0653379 0
    outer loop
      vertex 52.2735 34.1411 6
      vertex 52.25 34.5 7.8
      vertex 52.25 34.5 6
    endloop
  endfacet
  facet normal -0.997863 -0.0653379 0
    outer loop
      vertex 52.25 34.5 7.8
      vertex 52.2735 34.1411 6
      vertex 52.2735 34.1411 7.8
    endloop
  endfacet
  facet normal 0.555662 -0.831408 0
    outer loop
      vertex 56.375 32.1184 6
      vertex 56.6741 32.3183 7.8
      vertex 56.375 32.1184 7.8
    endloop
  endfacet
  facet normal 0.555662 -0.831408 0
    outer loop
      vertex 56.6741 32.3183 7.8
      vertex 56.375 32.1184 6
      vertex 56.6741 32.3183 6
    endloop
  endfacet
  facet normal -0.997863 0.0653379 0
    outer loop
      vertex 52.25 34.5 6
      vertex 52.2735 34.8589 7.8
      vertex 52.2735 34.8589 6
    endloop
  endfacet
  facet normal -0.997863 0.0653379 0
    outer loop
      vertex 52.2735 34.8589 7.8
      vertex 52.25 34.5 6
      vertex 52.25 34.5 7.8
    endloop
  endfacet
  facet normal -0.555662 -0.831408 0
    outer loop
      vertex 53.3259 32.3183 6
      vertex 53.625 32.1184 7.8
      vertex 53.3259 32.3183 7.8
    endloop
  endfacet
  facet normal -0.555662 -0.831408 -0
    outer loop
      vertex 53.625 32.1184 7.8
      vertex 53.3259 32.3183 6
      vertex 53.625 32.1184 6
    endloop
  endfacet
  facet normal 0.980768 -0.195175 0
    outer loop
      vertex 56.2074 34.1765 8.4
      vertex 56.2393 34.3368 7.8
      vertex 56.2393 34.3368 8.4
    endloop
  endfacet
  facet normal 0.980768 -0.195175 0
    outer loop
      vertex 56.2393 34.3368 7.8
      vertex 56.2074 34.1765 8.4
      vertex 56.2074 34.1765 7.8
    endloop
  endfacet
  facet normal 0.980768 0.195175 0
    outer loop
      vertex 56.2393 34.6632 8.4
      vertex 56.2074 34.8235 7.8
      vertex 56.2074 34.8235 8.4
    endloop
  endfacet
  facet normal 0.980768 0.195175 0
    outer loop
      vertex 56.2074 34.8235 7.8
      vertex 56.2393 34.6632 8.4
      vertex 56.2393 34.6632 7.8
    endloop
  endfacet
  facet normal 0.997858 0.0654233 0
    outer loop
      vertex 56.25 34.5 8.4
      vertex 56.2393 34.6632 7.8
      vertex 56.2393 34.6632 8.4
    endloop
  endfacet
  facet normal 0.997858 0.0654233 0
    outer loop
      vertex 56.2393 34.6632 7.8
      vertex 56.25 34.5 8.4
      vertex 56.25 34.5 7.8
    endloop
  endfacet
  facet normal 0.947082 0.320993 0
    outer loop
      vertex 56.2074 34.8235 8.4
      vertex 56.1549 34.9784 7.8
      vertex 56.1549 34.9784 8.4
    endloop
  endfacet
  facet normal 0.947082 0.320993 0
    outer loop
      vertex 56.1549 34.9784 7.8
      vertex 56.2074 34.8235 8.4
      vertex 56.2074 34.8235 7.8
    endloop
  endfacet
  facet normal -0.997858 0.0654233 0
    outer loop
      vertex 53.75 34.5 7.8
      vertex 53.7607 34.6632 8.4
      vertex 53.7607 34.6632 7.8
    endloop
  endfacet
  facet normal -0.997858 0.0654233 0
    outer loop
      vertex 53.7607 34.6632 8.4
      vertex 53.75 34.5 7.8
      vertex 53.75 34.5 8.4
    endloop
  endfacet
  facet normal 0.442805 -0.896618 0
    outer loop
      vertex 55.4784 33.3451 7.8
      vertex 55.625 33.4175 8.4
      vertex 55.4784 33.3451 8.4
    endloop
  endfacet
  facet normal 0.442805 -0.896618 0
    outer loop
      vertex 55.625 33.4175 8.4
      vertex 55.4784 33.3451 7.8
      vertex 55.625 33.4175 7.8
    endloop
  endfacet
  facet normal 0.195175 0.980768 -0
    outer loop
      vertex 55.3235 35.7074 7.8
      vertex 55.1632 35.7393 8.4
      vertex 55.3235 35.7074 8.4
    endloop
  endfacet
  facet normal 0.195175 0.980768 0
    outer loop
      vertex 55.1632 35.7393 8.4
      vertex 55.3235 35.7074 7.8
      vertex 55.1632 35.7393 7.8
    endloop
  endfacet
  facet normal 0.195175 -0.980768 0
    outer loop
      vertex 55.1632 33.2607 7.8
      vertex 55.3235 33.2926 8.4
      vertex 55.1632 33.2607 8.4
    endloop
  endfacet
  facet normal 0.195175 -0.980768 0
    outer loop
      vertex 55.3235 33.2926 8.4
      vertex 55.1632 33.2607 7.8
      vertex 55.3235 33.2926 7.8
    endloop
  endfacet
  facet normal 0.0654233 -0.997858 0
    outer loop
      vertex 55 33.25 7.8
      vertex 55.1632 33.2607 8.4
      vertex 55 33.25 8.4
    endloop
  endfacet
  facet normal 0.0654233 -0.997858 0
    outer loop
      vertex 55.1632 33.2607 8.4
      vertex 55 33.25 7.8
      vertex 55.1632 33.2607 7.8
    endloop
  endfacet
  facet normal -0.659414 0.75178 0
    outer loop
      vertex 54.239 35.4917 7.8
      vertex 54.1161 35.3839 8.4
      vertex 54.239 35.4917 8.4
    endloop
  endfacet
  facet normal -0.659414 0.75178 0
    outer loop
      vertex 54.1161 35.3839 8.4
      vertex 54.239 35.4917 7.8
      vertex 54.1161 35.3839 7.8
    endloop
  endfacet
  facet normal -0.831674 0.555265 0
    outer loop
      vertex 53.9175 35.125 7.8
      vertex 54.0083 35.261 8.4
      vertex 54.0083 35.261 7.8
    endloop
  endfacet
  facet normal -0.831674 0.555265 0
    outer loop
      vertex 54.0083 35.261 8.4
      vertex 53.9175 35.125 7.8
      vertex 53.9175 35.125 8.4
    endloop
  endfacet
  facet normal 0.320993 0.947082 -0
    outer loop
      vertex 55.4784 35.6549 7.8
      vertex 55.3235 35.7074 8.4
      vertex 55.4784 35.6549 8.4
    endloop
  endfacet
  facet normal 0.320993 0.947082 0
    outer loop
      vertex 55.3235 35.7074 8.4
      vertex 55.4784 35.6549 7.8
      vertex 55.3235 35.7074 7.8
    endloop
  endfacet
  facet normal 0.659414 -0.75178 0
    outer loop
      vertex 55.761 33.5083 7.8
      vertex 55.8839 33.6161 8.4
      vertex 55.761 33.5083 8.4
    endloop
  endfacet
  facet normal 0.659414 -0.75178 0
    outer loop
      vertex 55.8839 33.6161 8.4
      vertex 55.761 33.5083 7.8
      vertex 55.8839 33.6161 7.8
    endloop
  endfacet
  facet normal -0.442805 0.896618 0
    outer loop
      vertex 54.5216 35.6549 7.8
      vertex 54.375 35.5825 8.4
      vertex 54.5216 35.6549 8.4
    endloop
  endfacet
  facet normal -0.442805 0.896618 0
    outer loop
      vertex 54.375 35.5825 8.4
      vertex 54.5216 35.6549 7.8
      vertex 54.375 35.5825 7.8
    endloop
  endfacet
  facet normal -0.0654233 -0.997858 0
    outer loop
      vertex 54.8368 33.2607 7.8
      vertex 55 33.25 8.4
      vertex 54.8368 33.2607 8.4
    endloop
  endfacet
  facet normal -0.0654233 -0.997858 -0
    outer loop
      vertex 55 33.25 8.4
      vertex 54.8368 33.2607 7.8
      vertex 55 33.25 7.8
    endloop
  endfacet
  facet normal 0.75178 -0.659414 0
    outer loop
      vertex 55.8839 33.6161 8.4
      vertex 55.9917 33.739 7.8
      vertex 55.9917 33.739 8.4
    endloop
  endfacet
  facet normal 0.75178 -0.659414 0
    outer loop
      vertex 55.9917 33.739 7.8
      vertex 55.8839 33.6161 8.4
      vertex 55.8839 33.6161 7.8
    endloop
  endfacet
  facet normal -0.947082 -0.320993 0
    outer loop
      vertex 53.8451 34.0216 7.8
      vertex 53.7926 34.1765 8.4
      vertex 53.7926 34.1765 7.8
    endloop
  endfacet
  facet normal -0.947082 -0.320993 0
    outer loop
      vertex 53.7926 34.1765 8.4
      vertex 53.8451 34.0216 7.8
      vertex 53.8451 34.0216 8.4
    endloop
  endfacet
  facet normal 0.320993 -0.947082 0
    outer loop
      vertex 55.3235 33.2926 7.8
      vertex 55.4784 33.3451 8.4
      vertex 55.3235 33.2926 8.4
    endloop
  endfacet
  facet normal 0.320993 -0.947082 0
    outer loop
      vertex 55.4784 33.3451 8.4
      vertex 55.3235 33.2926 7.8
      vertex 55.4784 33.3451 7.8
    endloop
  endfacet
  facet normal -0.320993 0.947082 0
    outer loop
      vertex 54.6765 35.7074 7.8
      vertex 54.5216 35.6549 8.4
      vertex 54.6765 35.7074 8.4
    endloop
  endfacet
  facet normal -0.320993 0.947082 0
    outer loop
      vertex 54.5216 35.6549 8.4
      vertex 54.6765 35.7074 7.8
      vertex 54.5216 35.6549 7.8
    endloop
  endfacet
  facet normal 0.75178 0.659414 0
    outer loop
      vertex 55.9917 35.261 8.4
      vertex 55.8839 35.3839 7.8
      vertex 55.8839 35.3839 8.4
    endloop
  endfacet
  facet normal 0.75178 0.659414 0
    outer loop
      vertex 55.8839 35.3839 7.8
      vertex 55.9917 35.261 8.4
      vertex 55.9917 35.261 7.8
    endloop
  endfacet
  facet normal -0.555265 0.831674 0
    outer loop
      vertex 54.375 35.5825 7.8
      vertex 54.239 35.4917 8.4
      vertex 54.375 35.5825 8.4
    endloop
  endfacet
  facet normal -0.555265 0.831674 0
    outer loop
      vertex 54.239 35.4917 8.4
      vertex 54.375 35.5825 7.8
      vertex 54.239 35.4917 7.8
    endloop
  endfacet
  facet normal -0.947082 0.320993 0
    outer loop
      vertex 53.7926 34.8235 7.8
      vertex 53.8451 34.9784 8.4
      vertex 53.8451 34.9784 7.8
    endloop
  endfacet
  facet normal -0.947082 0.320993 0
    outer loop
      vertex 53.8451 34.9784 8.4
      vertex 53.7926 34.8235 7.8
      vertex 53.7926 34.8235 8.4
    endloop
  endfacet
  facet normal 0.896618 0.442805 0
    outer loop
      vertex 56.1549 34.9784 8.4
      vertex 56.0825 35.125 7.8
      vertex 56.0825 35.125 8.4
    endloop
  endfacet
  facet normal 0.896618 0.442805 0
    outer loop
      vertex 56.0825 35.125 7.8
      vertex 56.1549 34.9784 8.4
      vertex 56.1549 34.9784 7.8
    endloop
  endfacet
  facet normal -0.195175 0.980768 0
    outer loop
      vertex 54.8368 35.7393 7.8
      vertex 54.6765 35.7074 8.4
      vertex 54.8368 35.7393 8.4
    endloop
  endfacet
  facet normal -0.195175 0.980768 0
    outer loop
      vertex 54.6765 35.7074 8.4
      vertex 54.8368 35.7393 7.8
      vertex 54.6765 35.7074 7.8
    endloop
  endfacet
  facet normal 0.659414 0.75178 -0
    outer loop
      vertex 55.8839 35.3839 7.8
      vertex 55.761 35.4917 8.4
      vertex 55.8839 35.3839 8.4
    endloop
  endfacet
  facet normal 0.659414 0.75178 0
    outer loop
      vertex 55.761 35.4917 8.4
      vertex 55.8839 35.3839 7.8
      vertex 55.761 35.4917 7.8
    endloop
  endfacet
  facet normal 0.997858 -0.0654233 0
    outer loop
      vertex 56.2393 34.3368 8.4
      vertex 56.25 34.5 7.8
      vertex 56.25 34.5 8.4
    endloop
  endfacet
  facet normal 0.997858 -0.0654233 0
    outer loop
      vertex 56.25 34.5 7.8
      vertex 56.2393 34.3368 8.4
      vertex 56.2393 34.3368 7.8
    endloop
  endfacet
  facet normal 0.442805 0.896618 -0
    outer loop
      vertex 55.625 35.5825 7.8
      vertex 55.4784 35.6549 8.4
      vertex 55.625 35.5825 8.4
    endloop
  endfacet
  facet normal 0.442805 0.896618 0
    outer loop
      vertex 55.4784 35.6549 8.4
      vertex 55.625 35.5825 7.8
      vertex 55.4784 35.6549 7.8
    endloop
  endfacet
  facet normal -0.320993 -0.947082 0
    outer loop
      vertex 54.5216 33.3451 7.8
      vertex 54.6765 33.2926 8.4
      vertex 54.5216 33.3451 8.4
    endloop
  endfacet
  facet normal -0.320993 -0.947082 -0
    outer loop
      vertex 54.6765 33.2926 8.4
      vertex 54.5216 33.3451 7.8
      vertex 54.6765 33.2926 7.8
    endloop
  endfacet
  facet normal -0.980768 0.195175 0
    outer loop
      vertex 53.7607 34.6632 7.8
      vertex 53.7926 34.8235 8.4
      vertex 53.7926 34.8235 7.8
    endloop
  endfacet
  facet normal -0.980768 0.195175 0
    outer loop
      vertex 53.7926 34.8235 8.4
      vertex 53.7607 34.6632 7.8
      vertex 53.7607 34.6632 8.4
    endloop
  endfacet
  facet normal -0.0654233 0.997858 0
    outer loop
      vertex 55 35.75 7.8
      vertex 54.8368 35.7393 8.4
      vertex 55 35.75 8.4
    endloop
  endfacet
  facet normal -0.0654233 0.997858 0
    outer loop
      vertex 54.8368 35.7393 8.4
      vertex 55 35.75 7.8
      vertex 54.8368 35.7393 7.8
    endloop
  endfacet
  facet normal -0.195175 -0.980768 0
    outer loop
      vertex 54.6765 33.2926 7.8
      vertex 54.8368 33.2607 8.4
      vertex 54.6765 33.2926 8.4
    endloop
  endfacet
  facet normal -0.195175 -0.980768 -0
    outer loop
      vertex 54.8368 33.2607 8.4
      vertex 54.6765 33.2926 7.8
      vertex 54.8368 33.2607 7.8
    endloop
  endfacet
  facet normal 0.947082 -0.320993 0
    outer loop
      vertex 56.1549 34.0216 8.4
      vertex 56.2074 34.1765 7.8
      vertex 56.2074 34.1765 8.4
    endloop
  endfacet
  facet normal 0.947082 -0.320993 0
    outer loop
      vertex 56.2074 34.1765 7.8
      vertex 56.1549 34.0216 8.4
      vertex 56.1549 34.0216 7.8
    endloop
  endfacet
  facet normal 0.831674 0.555265 0
    outer loop
      vertex 56.0825 35.125 8.4
      vertex 55.9917 35.261 7.8
      vertex 55.9917 35.261 8.4
    endloop
  endfacet
  facet normal 0.831674 0.555265 0
    outer loop
      vertex 55.9917 35.261 7.8
      vertex 56.0825 35.125 8.4
      vertex 56.0825 35.125 7.8
    endloop
  endfacet
  facet normal -0.896618 -0.442805 0
    outer loop
      vertex 53.9175 33.875 7.8
      vertex 53.8451 34.0216 8.4
      vertex 53.8451 34.0216 7.8
    endloop
  endfacet
  facet normal -0.896618 -0.442805 0
    outer loop
      vertex 53.8451 34.0216 8.4
      vertex 53.9175 33.875 7.8
      vertex 53.9175 33.875 8.4
    endloop
  endfacet
  facet normal 0.896618 -0.442805 0
    outer loop
      vertex 56.0825 33.875 8.4
      vertex 56.1549 34.0216 7.8
      vertex 56.1549 34.0216 8.4
    endloop
  endfacet
  facet normal 0.896618 -0.442805 0
    outer loop
      vertex 56.1549 34.0216 7.8
      vertex 56.0825 33.875 8.4
      vertex 56.0825 33.875 7.8
    endloop
  endfacet
  facet normal -0.75178 -0.659414 0
    outer loop
      vertex 54.1161 33.6161 7.8
      vertex 54.0083 33.739 8.4
      vertex 54.0083 33.739 7.8
    endloop
  endfacet
  facet normal -0.75178 -0.659414 0
    outer loop
      vertex 54.0083 33.739 8.4
      vertex 54.1161 33.6161 7.8
      vertex 54.1161 33.6161 8.4
    endloop
  endfacet
  facet normal 0.831674 -0.555265 0
    outer loop
      vertex 55.9917 33.739 8.4
      vertex 56.0825 33.875 7.8
      vertex 56.0825 33.875 8.4
    endloop
  endfacet
  facet normal 0.831674 -0.555265 0
    outer loop
      vertex 56.0825 33.875 7.8
      vertex 55.9917 33.739 8.4
      vertex 55.9917 33.739 7.8
    endloop
  endfacet
  facet normal -0.75178 0.659414 0
    outer loop
      vertex 54.0083 35.261 7.8
      vertex 54.1161 35.3839 8.4
      vertex 54.1161 35.3839 7.8
    endloop
  endfacet
  facet normal -0.75178 0.659414 0
    outer loop
      vertex 54.1161 35.3839 8.4
      vertex 54.0083 35.261 7.8
      vertex 54.0083 35.261 8.4
    endloop
  endfacet
  facet normal 0.0654233 0.997858 -0
    outer loop
      vertex 55.1632 35.7393 7.8
      vertex 55 35.75 8.4
      vertex 55.1632 35.7393 8.4
    endloop
  endfacet
  facet normal 0.0654233 0.997858 0
    outer loop
      vertex 55 35.75 8.4
      vertex 55.1632 35.7393 7.8
      vertex 55 35.75 7.8
    endloop
  endfacet
  facet normal 0.555265 0.831674 -0
    outer loop
      vertex 55.761 35.4917 7.8
      vertex 55.625 35.5825 8.4
      vertex 55.761 35.4917 8.4
    endloop
  endfacet
  facet normal 0.555265 0.831674 0
    outer loop
      vertex 55.625 35.5825 8.4
      vertex 55.761 35.4917 7.8
      vertex 55.625 35.5825 7.8
    endloop
  endfacet
  facet normal 0 0 1
    outer loop
      vertex 56.2393 34.6632 8.4
      vertex 56.2393 34.3368 8.4
      vertex 56.25 34.5 8.4
    endloop
  endfacet
  facet normal 0 0 1
    outer loop
      vertex 56.2074 34.8235 8.4
      vertex 56.2393 34.3368 8.4
      vertex 56.2393 34.6632 8.4
    endloop
  endfacet
  facet normal 0 0 1
    outer loop
      vertex 56.2074 34.8235 8.4
      vertex 56.2074 34.1765 8.4
      vertex 56.2393 34.3368 8.4
    endloop
  endfacet
  facet normal 0 0 1
    outer loop
      vertex 56.1549 34.9784 8.4
      vertex 56.2074 34.1765 8.4
      vertex 56.2074 34.8235 8.4
    endloop
  endfacet
  facet normal 0 0 1
    outer loop
      vertex 56.1549 34.9784 8.4
      vertex 56.1549 34.0216 8.4
      vertex 56.2074 34.1765 8.4
    endloop
  endfacet
  facet normal 0 0 1
    outer loop
      vertex 56.0825 35.125 8.4
      vertex 56.1549 34.0216 8.4
      vertex 56.1549 34.9784 8.4
    endloop
  endfacet
  facet normal 0 0 1
    outer loop
      vertex 56.0825 35.125 8.4
      vertex 56.0825 33.875 8.4
      vertex 56.1549 34.0216 8.4
    endloop
  endfacet
  facet normal 0 0 1
    outer loop
      vertex 55.9917 35.261 8.4
      vertex 56.0825 33.875 8.4
      vertex 56.0825 35.125 8.4
    endloop
  endfacet
  facet normal 0 0 1
    outer loop
      vertex 55.9917 35.261 8.4
      vertex 55.9917 33.739 8.4
      vertex 56.0825 33.875 8.4
    endloop
  endfacet
  facet normal 0 0 1
    outer loop
      vertex 55.8839 35.3839 8.4
      vertex 55.9917 33.739 8.4
      vertex 55.9917 35.261 8.4
    endloop
  endfacet
  facet normal 0 0 1
    outer loop
      vertex 55.8839 35.3839 8.4
      vertex 55.8839 33.6161 8.4
      vertex 55.9917 33.739 8.4
    endloop
  endfacet
  facet normal 0 0 1
    outer loop
      vertex 55.761 35.4917 8.4
      vertex 55.8839 33.6161 8.4
      vertex 55.8839 35.3839 8.4
    endloop
  endfacet
  facet normal 0 0 1
    outer loop
      vertex 55.761 35.4917 8.4
      vertex 55.761 33.5083 8.4
      vertex 55.8839 33.6161 8.4
    endloop
  endfacet
  facet normal 0 0 1
    outer loop
      vertex 55.625 35.5825 8.4
      vertex 55.761 33.5083 8.4
      vertex 55.761 35.4917 8.4
    endloop
  endfacet
  facet normal 0 0 1
    outer loop
      vertex 55.625 35.5825 8.4
      vertex 55.625 33.4175 8.4
      vertex 55.761 33.5083 8.4
    endloop
  endfacet
  facet normal 0 0 1
    outer loop
      vertex 55.4784 35.6549 8.4
      vertex 55.625 33.4175 8.4
      vertex 55.625 35.5825 8.4
    endloop
  endfacet
  facet normal 0 0 1
    outer loop
      vertex 55.4784 35.6549 8.4
      vertex 55.4784 33.3451 8.4
      vertex 55.625 33.4175 8.4
    endloop
  endfacet
  facet normal 0 0 1
    outer loop
      vertex 55.3235 35.7074 8.4
      vertex 55.4784 33.3451 8.4
      vertex 55.4784 35.6549 8.4
    endloop
  endfacet
  facet normal 0 0 1
    outer loop
      vertex 55.3235 35.7074 8.4
      vertex 55.3235 33.2926 8.4
      vertex 55.4784 33.3451 8.4
    endloop
  endfacet
  facet normal 0 0 1
    outer loop
      vertex 55.1632 35.7393 8.4
      vertex 55.3235 33.2926 8.4
      vertex 55.3235 35.7074 8.4
    endloop
  endfacet
  facet normal 0 0 1
    outer loop
      vertex 55.1632 35.7393 8.4
      vertex 55.1632 33.2607 8.4
      vertex 55.3235 33.2926 8.4
    endloop
  endfacet
  facet normal 0 0 1
    outer loop
      vertex 55 35.75 8.4
      vertex 55.1632 33.2607 8.4
      vertex 55.1632 35.7393 8.4
    endloop
  endfacet
  facet normal 0 0 1
    outer loop
      vertex 55 35.75 8.4
      vertex 55 33.25 8.4
      vertex 55.1632 33.2607 8.4
    endloop
  endfacet
  facet normal -0 0 1
    outer loop
      vertex 54.8368 35.7393 8.4
      vertex 55 33.25 8.4
      vertex 55 35.75 8.4
    endloop
  endfacet
  facet normal 0 0 1
    outer loop
      vertex 54.8368 35.7393 8.4
      vertex 54.8368 33.2607 8.4
      vertex 55 33.25 8.4
    endloop
  endfacet
  facet normal -0 0 1
    outer loop
      vertex 54.6765 35.7074 8.4
      vertex 54.8368 33.2607 8.4
      vertex 54.8368 35.7393 8.4
    endloop
  endfacet
  facet normal 0 0 1
    outer loop
      vertex 54.6765 35.7074 8.4
      vertex 54.6765 33.2926 8.4
      vertex 54.8368 33.2607 8.4
    endloop
  endfacet
  facet normal -0 0 1
    outer loop
      vertex 54.5216 35.6549 8.4
      vertex 54.6765 33.2926 8.4
      vertex 54.6765 35.7074 8.4
    endloop
  endfacet
  facet normal 0 0 1
    outer loop
      vertex 54.5216 35.6549 8.4
      vertex 54.5216 33.3451 8.4
      vertex 54.6765 33.2926 8.4
    endloop
  endfacet
  facet normal -0 0 1
    outer loop
      vertex 54.375 35.5825 8.4
      vertex 54.5216 33.3451 8.4
      vertex 54.5216 35.6549 8.4
    endloop
  endfacet
  facet normal 0 0 1
    outer loop
      vertex 54.375 35.5825 8.4
      vertex 54.375 33.4175 8.4
      vertex 54.5216 33.3451 8.4
    endloop
  endfacet
  facet normal -0 0 1
    outer loop
      vertex 54.239 35.4917 8.4
      vertex 54.375 33.4175 8.4
      vertex 54.375 35.5825 8.4
    endloop
  endfacet
  facet normal 0 0 1
    outer loop
      vertex 54.239 35.4917 8.4
      vertex 54.239 33.5083 8.4
      vertex 54.375 33.4175 8.4
    endloop
  endfacet
  facet normal -0 0 1
    outer loop
      vertex 54.1161 35.3839 8.4
      vertex 54.239 33.5083 8.4
      vertex 54.239 35.4917 8.4
    endloop
  endfacet
  facet normal 0 0 1
    outer loop
      vertex 54.1161 35.3839 8.4
      vertex 54.1161 33.6161 8.4
      vertex 54.239 33.5083 8.4
    endloop
  endfacet
  facet normal -0 0 1
    outer loop
      vertex 54.0083 35.261 8.4
      vertex 54.1161 33.6161 8.4
      vertex 54.1161 35.3839 8.4
    endloop
  endfacet
  facet normal 0 0 1
    outer loop
      vertex 54.0083 35.261 8.4
      vertex 54.0083 33.739 8.4
      vertex 54.1161 33.6161 8.4
    endloop
  endfacet
  facet normal -0 0 1
    outer loop
      vertex 53.9175 35.125 8.4
      vertex 54.0083 33.739 8.4
      vertex 54.0083 35.261 8.4
    endloop
  endfacet
  facet normal 0 0 1
    outer loop
      vertex 53.9175 35.125 8.4
      vertex 53.9175 33.875 8.4
      vertex 54.0083 33.739 8.4
    endloop
  endfacet
  facet normal -0 0 1
    outer loop
      vertex 53.8451 34.9784 8.4
      vertex 53.9175 33.875 8.4
      vertex 53.9175 35.125 8.4
    endloop
  endfacet
  facet normal 0 0 1
    outer loop
      vertex 53.8451 34.9784 8.4
      vertex 53.8451 34.0216 8.4
      vertex 53.9175 33.875 8.4
    endloop
  endfacet
  facet normal -0 0 1
    outer loop
      vertex 53.7926 34.8235 8.4
      vertex 53.8451 34.0216 8.4
      vertex 53.8451 34.9784 8.4
    endloop
  endfacet
  facet normal 0 0 1
    outer loop
      vertex 53.7926 34.8235 8.4
      vertex 53.7926 34.1765 8.4
      vertex 53.8451 34.0216 8.4
    endloop
  endfacet
  facet normal -0 0 1
    outer loop
      vertex 53.7607 34.6632 8.4
      vertex 53.7926 34.1765 8.4
      vertex 53.7926 34.8235 8.4
    endloop
  endfacet
  facet normal 0 0 1
    outer loop
      vertex 53.7607 34.6632 8.4
      vertex 53.7607 34.3368 8.4
      vertex 53.7926 34.1765 8.4
    endloop
  endfacet
  facet normal 0 -0 1
    outer loop
      vertex 53.7607 34.3368 8.4
      vertex 53.7607 34.6632 8.4
      vertex 53.75 34.5 8.4
    endloop
  endfacet
  facet normal -0.442805 -0.896618 0
    outer loop
      vertex 54.375 33.4175 7.8
      vertex 54.5216 33.3451 8.4
      vertex 54.375 33.4175 8.4
    endloop
  endfacet
  facet normal -0.442805 -0.896618 -0
    outer loop
      vertex 54.5216 33.3451 8.4
      vertex 54.375 33.4175 7.8
      vertex 54.5216 33.3451 7.8
    endloop
  endfacet
  facet normal -0.831674 -0.555265 0
    outer loop
      vertex 54.0083 33.739 7.8
      vertex 53.9175 33.875 8.4
      vertex 53.9175 33.875 7.8
    endloop
  endfacet
  facet normal -0.831674 -0.555265 0
    outer loop
      vertex 53.9175 33.875 8.4
      vertex 54.0083 33.739 7.8
      vertex 54.0083 33.739 8.4
    endloop
  endfacet
  facet normal -0.980768 -0.195175 0
    outer loop
      vertex 53.7926 34.1765 7.8
      vertex 53.7607 34.3368 8.4
      vertex 53.7607 34.3368 7.8
    endloop
  endfacet
  facet normal -0.980768 -0.195175 0
    outer loop
      vertex 53.7607 34.3368 8.4
      vertex 53.7926 34.1765 7.8
      vertex 53.7926 34.1765 8.4
    endloop
  endfacet
  facet normal -0.659414 -0.75178 0
    outer loop
      vertex 54.1161 33.6161 7.8
      vertex 54.239 33.5083 8.4
      vertex 54.1161 33.6161 8.4
    endloop
  endfacet
  facet normal -0.659414 -0.75178 -0
    outer loop
      vertex 54.239 33.5083 8.4
      vertex 54.1161 33.6161 7.8
      vertex 54.239 33.5083 7.8
    endloop
  endfacet
  facet normal -0.896618 0.442805 0
    outer loop
      vertex 53.8451 34.9784 7.8
      vertex 53.9175 35.125 8.4
      vertex 53.9175 35.125 7.8
    endloop
  endfacet
  facet normal -0.896618 0.442805 0
    outer loop
      vertex 53.9175 35.125 8.4
      vertex 53.8451 34.9784 7.8
      vertex 53.8451 34.9784 8.4
    endloop
  endfacet
  facet normal -0.997858 -0.0654233 0
    outer loop
      vertex 53.7607 34.3368 7.8
      vertex 53.75 34.5 8.4
      vertex 53.75 34.5 7.8
    endloop
  endfacet
  facet normal -0.997858 -0.0654233 0
    outer loop
      vertex 53.75 34.5 8.4
      vertex 53.7607 34.3368 7.8
      vertex 53.7607 34.3368 8.4
    endloop
  endfacet
  facet normal 0.555265 -0.831674 0
    outer loop
      vertex 55.625 33.4175 7.8
      vertex 55.761 33.5083 8.4
      vertex 55.625 33.4175 8.4
    endloop
  endfacet
  facet normal 0.555265 -0.831674 0
    outer loop
      vertex 55.761 33.5083 8.4
      vertex 55.625 33.4175 7.8
      vertex 55.761 33.5083 7.8
    endloop
  endfacet
  facet normal -0.555265 -0.831674 0
    outer loop
      vertex 54.239 33.5083 7.8
      vertex 54.375 33.4175 8.4
      vertex 54.239 33.5083 8.4
    endloop
  endfacet
  facet normal -0.555265 -0.831674 -0
    outer loop
      vertex 54.375 33.4175 8.4
      vertex 54.239 33.5083 7.8
      vertex 54.375 33.4175 7.8
    endloop
  endfacet
  facet normal 0.980783 0.195101 0
    outer loop
      vertex -52.2735 -34.1411 7.8
      vertex -52.3437 -33.7882 6
      vertex -52.3437 -33.7882 7.8
    endloop
  endfacet
  facet normal 0.980783 0.195101 0
    outer loop
      vertex -52.3437 -33.7882 6
      vertex -52.2735 -34.1411 7.8
      vertex -52.2735 -34.1411 6
    endloop
  endfacet
  facet normal 0.0653379 -0.997863 0
    outer loop
      vertex -55 -37.25 6
      vertex -54.6411 -37.2265 7.8
      vertex -55 -37.25 7.8
    endloop
  endfacet
  facet normal 0.0653379 -0.997863 0
    outer loop
      vertex -54.6411 -37.2265 7.8
      vertex -55 -37.25 6
      vertex -54.6411 -37.2265 6
    endloop
  endfacet
  facet normal -0.946945 0.321394 0
    outer loop
      vertex -57.6563 -33.7882 6
      vertex -57.5407 -33.4476 7.8
      vertex -57.5407 -33.4476 6
    endloop
  endfacet
  facet normal -0.946945 0.321394 0
    outer loop
      vertex -57.5407 -33.4476 7.8
      vertex -57.6563 -33.7882 6
      vertex -57.6563 -33.7882 7.8
    endloop
  endfacet
  facet normal 0.831408 0.555662 0
    outer loop
      vertex -52.6184 -33.125 7.8
      vertex -52.8183 -32.8259 6
      vertex -52.8183 -32.8259 7.8
    endloop
  endfacet
  facet normal 0.831408 0.555662 0
    outer loop
      vertex -52.8183 -32.8259 6
      vertex -52.6184 -33.125 7.8
      vertex -52.6184 -33.125 6
    endloop
  endfacet
  facet normal -0.195101 0.980783 0
    outer loop
      vertex -55.3589 -31.7735 6
      vertex -55.7118 -31.8437 7.8
      vertex -55.3589 -31.7735 7.8
    endloop
  endfacet
  facet normal -0.195101 0.980783 0
    outer loop
      vertex -55.7118 -31.8437 7.8
      vertex -55.3589 -31.7735 6
      vertex -55.7118 -31.8437 6
    endloop
  endfacet
  facet normal 0.659449 -0.751749 0
    outer loop
      vertex -53.3259 -36.6817 6
      vertex -53.0555 -36.4445 7.8
      vertex -53.3259 -36.6817 7.8
    endloop
  endfacet
  facet normal 0.659449 -0.751749 0
    outer loop
      vertex -53.0555 -36.4445 7.8
      vertex -53.3259 -36.6817 6
      vertex -53.0555 -36.4445 6
    endloop
  endfacet
  facet normal -0.751749 0.659449 0
    outer loop
      vertex -57.1817 -32.8259 6
      vertex -56.9445 -32.5555 7.8
      vertex -56.9445 -32.5555 6
    endloop
  endfacet
  facet normal -0.751749 0.659449 0
    outer loop
      vertex -56.9445 -32.5555 7.8
      vertex -57.1817 -32.8259 6
      vertex -57.1817 -32.8259 7.8
    endloop
  endfacet
  facet normal -0.442314 -0.89686 0
    outer loop
      vertex -56.375 -36.8816 6
      vertex -56.0524 -37.0407 7.8
      vertex -56.375 -36.8816 7.8
    endloop
  endfacet
  facet normal -0.442314 -0.89686 -0
    outer loop
      vertex -56.0524 -37.0407 7.8
      vertex -56.375 -36.8816 6
      vertex -56.0524 -37.0407 6
    endloop
  endfacet
  facet normal 0.997863 0.0653379 0
    outer loop
      vertex -52.25 -34.5 7.8
      vertex -52.2735 -34.1411 6
      vertex -52.2735 -34.1411 7.8
    endloop
  endfacet
  facet normal 0.997863 0.0653379 0
    outer loop
      vertex -52.2735 -34.1411 6
      vertex -52.25 -34.5 7.8
      vertex -52.25 -34.5 6
    endloop
  endfacet
  facet normal -0.659449 -0.751749 0
    outer loop
      vertex -56.9445 -36.4445 6
      vertex -56.6741 -36.6817 7.8
      vertex -56.9445 -36.4445 7.8
    endloop
  endfacet
  facet normal -0.659449 -0.751749 -0
    outer loop
      vertex -56.6741 -36.6817 7.8
      vertex -56.9445 -36.4445 6
      vertex -56.6741 -36.6817 6
    endloop
  endfacet
  facet normal -0.997863 0.0653379 0
    outer loop
      vertex -57.75 -34.5 6
      vertex -57.7265 -34.1411 7.8
      vertex -57.7265 -34.1411 6
    endloop
  endfacet
  facet normal -0.997863 0.0653379 0
    outer loop
      vertex -57.7265 -34.1411 7.8
      vertex -57.75 -34.5 6
      vertex -57.75 -34.5 7.8
    endloop
  endfacet
  facet normal 0.946945 0.321394 0
    outer loop
      vertex -52.3437 -33.7882 7.8
      vertex -52.4593 -33.4476 6
      vertex -52.4593 -33.4476 7.8
    endloop
  endfacet
  facet normal 0.946945 0.321394 0
    outer loop
      vertex -52.4593 -33.4476 6
      vertex -52.3437 -33.7882 7.8
      vertex -52.3437 -33.7882 6
    endloop
  endfacet
  facet normal -0.321394 -0.946945 0
    outer loop
      vertex -56.0524 -37.0407 6
      vertex -55.7118 -37.1563 7.8
      vertex -56.0524 -37.0407 7.8
    endloop
  endfacet
  facet normal -0.321394 -0.946945 -0
    outer loop
      vertex -55.7118 -37.1563 7.8
      vertex -56.0524 -37.0407 6
      vertex -55.7118 -37.1563 6
    endloop
  endfacet
  facet normal 0.555662 0.831408 -0
    outer loop
      vertex -53.3259 -32.3183 6
      vertex -53.625 -32.1184 7.8
      vertex -53.3259 -32.3183 7.8
    endloop
  endfacet
  facet normal 0.555662 0.831408 0
    outer loop
      vertex -53.625 -32.1184 7.8
      vertex -53.3259 -32.3183 6
      vertex -53.625 -32.1184 6
    endloop
  endfacet
  facet normal -0.997863 -0.0653379 0
    outer loop
      vertex -57.7265 -34.8589 6
      vertex -57.75 -34.5 7.8
      vertex -57.75 -34.5 6
    endloop
  endfacet
  facet normal -0.997863 -0.0653379 0
    outer loop
      vertex -57.75 -34.5 7.8
      vertex -57.7265 -34.8589 6
      vertex -57.7265 -34.8589 7.8
    endloop
  endfacet
  facet normal 0.195101 0.980783 -0
    outer loop
      vertex -54.2882 -31.8437 6
      vertex -54.6411 -31.7735 7.8
      vertex -54.2882 -31.8437 7.8
    endloop
  endfacet
  facet normal 0.195101 0.980783 0
    outer loop
      vertex -54.6411 -31.7735 7.8
      vertex -54.2882 -31.8437 6
      vertex -54.6411 -31.7735 6
    endloop
  endfacet
  facet normal -0.946945 -0.321394 0
    outer loop
      vertex -57.5407 -35.5524 6
      vertex -57.6563 -35.2118 7.8
      vertex -57.6563 -35.2118 6
    endloop
  endfacet
  facet normal -0.946945 -0.321394 0
    outer loop
      vertex -57.6563 -35.2118 7.8
      vertex -57.5407 -35.5524 6
      vertex -57.5407 -35.5524 7.8
    endloop
  endfacet
  facet normal -0.0653379 -0.997863 0
    outer loop
      vertex -55.3589 -37.2265 6
      vertex -55 -37.25 7.8
      vertex -55.3589 -37.2265 7.8
    endloop
  endfacet
  facet normal -0.0653379 -0.997863 -0
    outer loop
      vertex -55 -37.25 7.8
      vertex -55.3589 -37.2265 6
      vertex -55 -37.25 6
    endloop
  endfacet
  facet normal 0.997863 -0.0653379 0
    outer loop
      vertex -52.2735 -34.8589 7.8
      vertex -52.25 -34.5 6
      vertex -52.25 -34.5 7.8
    endloop
  endfacet
  facet normal 0.997863 -0.0653379 0
    outer loop
      vertex -52.25 -34.5 6
      vertex -52.2735 -34.8589 7.8
      vertex -52.2735 -34.8589 6
    endloop
  endfacet
  facet normal 0.442314 -0.89686 0
    outer loop
      vertex -53.9476 -37.0407 6
      vertex -53.625 -36.8816 7.8
      vertex -53.9476 -37.0407 7.8
    endloop
  endfacet
  facet normal 0.442314 -0.89686 0
    outer loop
      vertex -53.625 -36.8816 7.8
      vertex -53.9476 -37.0407 6
      vertex -53.625 -36.8816 6
    endloop
  endfacet
  facet normal 0.0653379 0.997863 -0
    outer loop
      vertex -54.6411 -31.7735 6
      vertex -55 -31.75 7.8
      vertex -54.6411 -31.7735 7.8
    endloop
  endfacet
  facet normal 0.0653379 0.997863 0
    outer loop
      vertex -55 -31.75 7.8
      vertex -54.6411 -31.7735 6
      vertex -55 -31.75 6
    endloop
  endfacet
  facet normal 0.980783 -0.195101 0
    outer loop
      vertex -52.3437 -35.2118 7.8
      vertex -52.2735 -34.8589 6
      vertex -52.2735 -34.8589 7.8
    endloop
  endfacet
  facet normal 0.980783 -0.195101 0
    outer loop
      vertex -52.2735 -34.8589 6
      vertex -52.3437 -35.2118 7.8
      vertex -52.3437 -35.2118 6
    endloop
  endfacet
  facet normal 0.89686 0.442314 0
    outer loop
      vertex -52.4593 -33.4476 7.8
      vertex -52.6184 -33.125 6
      vertex -52.6184 -33.125 7.8
    endloop
  endfacet
  facet normal 0.89686 0.442314 0
    outer loop
      vertex -52.6184 -33.125 6
      vertex -52.4593 -33.4476 7.8
      vertex -52.4593 -33.4476 6
    endloop
  endfacet
  facet normal 0.321394 -0.946945 0
    outer loop
      vertex -54.2882 -37.1563 6
      vertex -53.9476 -37.0407 7.8
      vertex -54.2882 -37.1563 7.8
    endloop
  endfacet
  facet normal 0.321394 -0.946945 0
    outer loop
      vertex -53.9476 -37.0407 7.8
      vertex -54.2882 -37.1563 6
      vertex -53.9476 -37.0407 6
    endloop
  endfacet
  facet normal 0.555662 -0.831408 0
    outer loop
      vertex -53.625 -36.8816 6
      vertex -53.3259 -36.6817 7.8
      vertex -53.625 -36.8816 7.8
    endloop
  endfacet
  facet normal 0.555662 -0.831408 0
    outer loop
      vertex -53.3259 -36.6817 7.8
      vertex -53.625 -36.8816 6
      vertex -53.3259 -36.6817 6
    endloop
  endfacet
  facet normal -0.659449 0.751749 0
    outer loop
      vertex -56.6741 -32.3183 6
      vertex -56.9445 -32.5555 7.8
      vertex -56.6741 -32.3183 7.8
    endloop
  endfacet
  facet normal -0.659449 0.751749 0
    outer loop
      vertex -56.9445 -32.5555 7.8
      vertex -56.6741 -32.3183 6
      vertex -56.9445 -32.5555 6
    endloop
  endfacet
  facet normal 0.442314 0.89686 -0
    outer loop
      vertex -53.625 -32.1184 6
      vertex -53.9476 -31.9593 7.8
      vertex -53.625 -32.1184 7.8
    endloop
  endfacet
  facet normal 0.442314 0.89686 0
    outer loop
      vertex -53.9476 -31.9593 7.8
      vertex -53.625 -32.1184 6
      vertex -53.9476 -31.9593 6
    endloop
  endfacet
  facet normal 0.89686 -0.442314 0
    outer loop
      vertex -52.6184 -35.875 7.8
      vertex -52.4593 -35.5524 6
      vertex -52.4593 -35.5524 7.8
    endloop
  endfacet
  facet normal 0.89686 -0.442314 0
    outer loop
      vertex -52.4593 -35.5524 6
      vertex -52.6184 -35.875 7.8
      vertex -52.6184 -35.875 6
    endloop
  endfacet
  facet normal 0.946945 -0.321394 0
    outer loop
      vertex -52.4593 -35.5524 7.8
      vertex -52.3437 -35.2118 6
      vertex -52.3437 -35.2118 7.8
    endloop
  endfacet
  facet normal 0.946945 -0.321394 0
    outer loop
      vertex -52.3437 -35.2118 6
      vertex -52.4593 -35.5524 7.8
      vertex -52.4593 -35.5524 6
    endloop
  endfacet
  facet normal 0.321394 0.946945 -0
    outer loop
      vertex -53.9476 -31.9593 6
      vertex -54.2882 -31.8437 7.8
      vertex -53.9476 -31.9593 7.8
    endloop
  endfacet
  facet normal 0.321394 0.946945 0
    outer loop
      vertex -54.2882 -31.8437 7.8
      vertex -53.9476 -31.9593 6
      vertex -54.2882 -31.8437 6
    endloop
  endfacet
  facet normal -0.980783 0.195101 0
    outer loop
      vertex -57.7265 -34.1411 6
      vertex -57.6563 -33.7882 7.8
      vertex -57.6563 -33.7882 6
    endloop
  endfacet
  facet normal -0.980783 0.195101 0
    outer loop
      vertex -57.6563 -33.7882 7.8
      vertex -57.7265 -34.1411 6
      vertex -57.7265 -34.1411 7.8
    endloop
  endfacet
  facet normal -0.751749 -0.659449 0
    outer loop
      vertex -56.9445 -36.4445 6
      vertex -57.1817 -36.1741 7.8
      vertex -57.1817 -36.1741 6
    endloop
  endfacet
  facet normal -0.751749 -0.659449 0
    outer loop
      vertex -57.1817 -36.1741 7.8
      vertex -56.9445 -36.4445 6
      vertex -56.9445 -36.4445 7.8
    endloop
  endfacet
  facet normal 0 0 -1
    outer loop
      vertex -52.2735 -34.8589 6
      vertex -52.2735 -34.1411 6
      vertex -52.25 -34.5 6
    endloop
  endfacet
  facet normal 0 0 -1
    outer loop
      vertex -52.3437 -35.2118 6
      vertex -52.2735 -34.1411 6
      vertex -52.2735 -34.8589 6
    endloop
  endfacet
  facet normal 0 0 -1
    outer loop
      vertex -52.3437 -35.2118 6
      vertex -52.3437 -33.7882 6
      vertex -52.2735 -34.1411 6
    endloop
  endfacet
  facet normal 0 0 -1
    outer loop
      vertex -52.4593 -35.5524 6
      vertex -52.3437 -33.7882 6
      vertex -52.3437 -35.2118 6
    endloop
  endfacet
  facet normal 0 0 -1
    outer loop
      vertex -52.4593 -35.5524 6
      vertex -52.4593 -33.4476 6
      vertex -52.3437 -33.7882 6
    endloop
  endfacet
  facet normal 0 0 -1
    outer loop
      vertex -52.6184 -35.875 6
      vertex -52.4593 -33.4476 6
      vertex -52.4593 -35.5524 6
    endloop
  endfacet
  facet normal 0 0 -1
    outer loop
      vertex -52.6184 -35.875 6
      vertex -52.6184 -33.125 6
      vertex -52.4593 -33.4476 6
    endloop
  endfacet
  facet normal 0 0 -1
    outer loop
      vertex -52.8183 -36.1741 6
      vertex -52.6184 -33.125 6
      vertex -52.6184 -35.875 6
    endloop
  endfacet
  facet normal 0 0 -1
    outer loop
      vertex -52.8183 -36.1741 6
      vertex -52.8183 -32.8259 6
      vertex -52.6184 -33.125 6
    endloop
  endfacet
  facet normal 0 0 -1
    outer loop
      vertex -53.0555 -36.4445 6
      vertex -52.8183 -32.8259 6
      vertex -52.8183 -36.1741 6
    endloop
  endfacet
  facet normal 0 0 -1
    outer loop
      vertex -53.0555 -36.4445 6
      vertex -53.0555 -32.5555 6
      vertex -52.8183 -32.8259 6
    endloop
  endfacet
  facet normal 0 0 -1
    outer loop
      vertex -53.3259 -36.6817 6
      vertex -53.0555 -32.5555 6
      vertex -53.0555 -36.4445 6
    endloop
  endfacet
  facet normal 0 0 -1
    outer loop
      vertex -53.3259 -36.6817 6
      vertex -53.3259 -32.3183 6
      vertex -53.0555 -32.5555 6
    endloop
  endfacet
  facet normal 0 0 -1
    outer loop
      vertex -53.625 -36.8816 6
      vertex -53.3259 -32.3183 6
      vertex -53.3259 -36.6817 6
    endloop
  endfacet
  facet normal 0 0 -1
    outer loop
      vertex -53.625 -36.8816 6
      vertex -53.625 -32.1184 6
      vertex -53.3259 -32.3183 6
    endloop
  endfacet
  facet normal 0 0 -1
    outer loop
      vertex -53.9476 -37.0407 6
      vertex -53.625 -32.1184 6
      vertex -53.625 -36.8816 6
    endloop
  endfacet
  facet normal 0 0 -1
    outer loop
      vertex -53.9476 -37.0407 6
      vertex -53.9476 -31.9593 6
      vertex -53.625 -32.1184 6
    endloop
  endfacet
  facet normal 0 0 -1
    outer loop
      vertex -54.2882 -37.1563 6
      vertex -53.9476 -31.9593 6
      vertex -53.9476 -37.0407 6
    endloop
  endfacet
  facet normal 0 0 -1
    outer loop
      vertex -54.2882 -37.1563 6
      vertex -54.2882 -31.8437 6
      vertex -53.9476 -31.9593 6
    endloop
  endfacet
  facet normal 0 0 -1
    outer loop
      vertex -54.6411 -37.2265 6
      vertex -54.2882 -31.8437 6
      vertex -54.2882 -37.1563 6
    endloop
  endfacet
  facet normal 0 0 -1
    outer loop
      vertex -54.6411 -37.2265 6
      vertex -54.6411 -31.7735 6
      vertex -54.2882 -31.8437 6
    endloop
  endfacet
  facet normal 0 0 -1
    outer loop
      vertex -55 -37.25 6
      vertex -54.6411 -31.7735 6
      vertex -54.6411 -37.2265 6
    endloop
  endfacet
  facet normal 0 0 -1
    outer loop
      vertex -55 -37.25 6
      vertex -55 -31.75 6
      vertex -54.6411 -31.7735 6
    endloop
  endfacet
  facet normal 0 0 -1
    outer loop
      vertex -55.3589 -37.2265 6
      vertex -55 -31.75 6
      vertex -55 -37.25 6
    endloop
  endfacet
  facet normal 0 0 -1
    outer loop
      vertex -55.3589 -37.2265 6
      vertex -55.3589 -31.7735 6
      vertex -55 -31.75 6
    endloop
  endfacet
  facet normal 0 0 -1
    outer loop
      vertex -55.7118 -37.1563 6
      vertex -55.3589 -31.7735 6
      vertex -55.3589 -37.2265 6
    endloop
  endfacet
  facet normal 0 0 -1
    outer loop
      vertex -55.7118 -37.1563 6
      vertex -55.7118 -31.8437 6
      vertex -55.3589 -31.7735 6
    endloop
  endfacet
  facet normal 0 0 -1
    outer loop
      vertex -56.0524 -37.0407 6
      vertex -55.7118 -31.8437 6
      vertex -55.7118 -37.1563 6
    endloop
  endfacet
  facet normal 0 0 -1
    outer loop
      vertex -56.0524 -37.0407 6
      vertex -56.0524 -31.9593 6
      vertex -55.7118 -31.8437 6
    endloop
  endfacet
  facet normal 0 0 -1
    outer loop
      vertex -56.375 -36.8816 6
      vertex -56.0524 -31.9593 6
      vertex -56.0524 -37.0407 6
    endloop
  endfacet
  facet normal 0 0 -1
    outer loop
      vertex -56.375 -36.8816 6
      vertex -56.375 -32.1184 6
      vertex -56.0524 -31.9593 6
    endloop
  endfacet
  facet normal 0 0 -1
    outer loop
      vertex -56.6741 -36.6817 6
      vertex -56.375 -32.1184 6
      vertex -56.375 -36.8816 6
    endloop
  endfacet
  facet normal 0 0 -1
    outer loop
      vertex -56.6741 -36.6817 6
      vertex -56.6741 -32.3183 6
      vertex -56.375 -32.1184 6
    endloop
  endfacet
  facet normal 0 0 -1
    outer loop
      vertex -56.9445 -36.4445 6
      vertex -56.6741 -32.3183 6
      vertex -56.6741 -36.6817 6
    endloop
  endfacet
  facet normal 0 0 -1
    outer loop
      vertex -56.9445 -36.4445 6
      vertex -56.9445 -32.5555 6
      vertex -56.6741 -32.3183 6
    endloop
  endfacet
  facet normal 0 0 -1
    outer loop
      vertex -57.1817 -36.1741 6
      vertex -56.9445 -32.5555 6
      vertex -56.9445 -36.4445 6
    endloop
  endfacet
  facet normal 0 0 -1
    outer loop
      vertex -57.1817 -36.1741 6
      vertex -57.1817 -32.8259 6
      vertex -56.9445 -32.5555 6
    endloop
  endfacet
  facet normal 0 0 -1
    outer loop
      vertex -57.3816 -35.875 6
      vertex -57.1817 -32.8259 6
      vertex -57.1817 -36.1741 6
    endloop
  endfacet
  facet normal 0 0 -1
    outer loop
      vertex -57.3816 -35.875 6
      vertex -57.3816 -33.125 6
      vertex -57.1817 -32.8259 6
    endloop
  endfacet
  facet normal 0 0 -1
    outer loop
      vertex -57.5407 -35.5524 6
      vertex -57.3816 -33.125 6
      vertex -57.3816 -35.875 6
    endloop
  endfacet
  facet normal 0 0 -1
    outer loop
      vertex -57.5407 -35.5524 6
      vertex -57.5407 -33.4476 6
      vertex -57.3816 -33.125 6
    endloop
  endfacet
  facet normal 0 0 -1
    outer loop
      vertex -57.6563 -35.2118 6
      vertex -57.5407 -33.4476 6
      vertex -57.5407 -35.5524 6
    endloop
  endfacet
  facet normal 0 0 -1
    outer loop
      vertex -57.6563 -35.2118 6
      vertex -57.6563 -33.7882 6
      vertex -57.5407 -33.4476 6
    endloop
  endfacet
  facet normal 0 0 -1
    outer loop
      vertex -57.7265 -34.8589 6
      vertex -57.6563 -33.7882 6
      vertex -57.6563 -35.2118 6
    endloop
  endfacet
  facet normal 0 0 -1
    outer loop
      vertex -57.7265 -34.8589 6
      vertex -57.7265 -34.1411 6
      vertex -57.6563 -33.7882 6
    endloop
  endfacet
  facet normal 0 -0 -1
    outer loop
      vertex -57.7265 -34.1411 6
      vertex -57.7265 -34.8589 6
      vertex -57.75 -34.5 6
    endloop
  endfacet
  facet normal -0.442314 0.89686 0
    outer loop
      vertex -56.0524 -31.9593 6
      vertex -56.375 -32.1184 7.8
      vertex -56.0524 -31.9593 7.8
    endloop
  endfacet
  facet normal -0.442314 0.89686 0
    outer loop
      vertex -56.375 -32.1184 7.8
      vertex -56.0524 -31.9593 6
      vertex -56.375 -32.1184 6
    endloop
  endfacet
  facet normal -0.89686 0.442314 0
    outer loop
      vertex -57.5407 -33.4476 6
      vertex -57.3816 -33.125 7.8
      vertex -57.3816 -33.125 6
    endloop
  endfacet
  facet normal -0.89686 0.442314 0
    outer loop
      vertex -57.3816 -33.125 7.8
      vertex -57.5407 -33.4476 6
      vertex -57.5407 -33.4476 7.8
    endloop
  endfacet
  facet normal 0.195101 -0.980783 0
    outer loop
      vertex -54.6411 -37.2265 6
      vertex -54.2882 -37.1563 7.8
      vertex -54.6411 -37.2265 7.8
    endloop
  endfacet
  facet normal 0.195101 -0.980783 0
    outer loop
      vertex -54.2882 -37.1563 7.8
      vertex -54.6411 -37.2265 6
      vertex -54.2882 -37.1563 6
    endloop
  endfacet
  facet normal 0 0 1
    outer loop
      vertex -53.75 -34.5 7.8
      vertex -52.25 -34.5 7.8
      vertex -52.2735 -34.1411 7.8
    endloop
  endfacet
  facet normal 0 0 1
    outer loop
      vertex -53.7607 -34.3368 7.8
      vertex -52.2735 -34.1411 7.8
      vertex -52.3437 -33.7882 7.8
    endloop
  endfacet
  facet normal 0 0 1
    outer loop
      vertex -52.25 -34.5 7.8
      vertex -53.75 -34.5 7.8
      vertex -52.2735 -34.8589 7.8
    endloop
  endfacet
  facet normal 0 0 1
    outer loop
      vertex -53.7926 -34.1765 7.8
      vertex -52.3437 -33.7882 7.8
      vertex -52.4593 -33.4476 7.8
    endloop
  endfacet
  facet normal -0 0 1
    outer loop
      vertex -53.7607 -34.6632 7.8
      vertex -52.2735 -34.8589 7.8
      vertex -53.75 -34.5 7.8
    endloop
  endfacet
  facet normal 0 0 1
    outer loop
      vertex -53.8451 -34.0216 7.8
      vertex -52.4593 -33.4476 7.8
      vertex -52.6184 -33.125 7.8
    endloop
  endfacet
  facet normal 0 0 1
    outer loop
      vertex -52.2735 -34.8589 7.8
      vertex -53.7607 -34.6632 7.8
      vertex -52.3437 -35.2118 7.8
    endloop
  endfacet
  facet normal 0 0 1
    outer loop
      vertex -53.9175 -33.875 7.8
      vertex -52.6184 -33.125 7.8
      vertex -52.8183 -32.8259 7.8
    endloop
  endfacet
  facet normal -0 0 1
    outer loop
      vertex -53.7926 -34.8235 7.8
      vertex -52.3437 -35.2118 7.8
      vertex -53.7607 -34.6632 7.8
    endloop
  endfacet
  facet normal 0 0 1
    outer loop
      vertex -54.0083 -33.739 7.8
      vertex -52.8183 -32.8259 7.8
      vertex -53.0555 -32.5555 7.8
    endloop
  endfacet
  facet normal 0 0 1
    outer loop
      vertex -52.3437 -35.2118 7.8
      vertex -53.7926 -34.8235 7.8
      vertex -52.4593 -35.5524 7.8
    endloop
  endfacet
  facet normal 0 0 1
    outer loop
      vertex -54.1161 -33.6161 7.8
      vertex -53.0555 -32.5555 7.8
      vertex -53.3259 -32.3183 7.8
    endloop
  endfacet
  facet normal -0 0 1
    outer loop
      vertex -53.8451 -34.9784 7.8
      vertex -52.4593 -35.5524 7.8
      vertex -53.7926 -34.8235 7.8
    endloop
  endfacet
  facet normal 0 0 1
    outer loop
      vertex -54.239 -33.5083 7.8
      vertex -53.3259 -32.3183 7.8
      vertex -53.625 -32.1184 7.8
    endloop
  endfacet
  facet normal 0 0 1
    outer loop
      vertex -52.4593 -35.5524 7.8
      vertex -53.8451 -34.9784 7.8
      vertex -52.6184 -35.875 7.8
    endloop
  endfacet
  facet normal -0 0 1
    outer loop
      vertex -53.9175 -35.125 7.8
      vertex -52.6184 -35.875 7.8
      vertex -53.8451 -34.9784 7.8
    endloop
  endfacet
  facet normal 0 0 1
    outer loop
      vertex -52.2735 -34.1411 7.8
      vertex -53.7607 -34.3368 7.8
      vertex -53.75 -34.5 7.8
    endloop
  endfacet
  facet normal 0 0 1
    outer loop
      vertex -52.3437 -33.7882 7.8
      vertex -53.7926 -34.1765 7.8
      vertex -53.7607 -34.3368 7.8
    endloop
  endfacet
  facet normal 0 0 1
    outer loop
      vertex -52.4593 -33.4476 7.8
      vertex -53.8451 -34.0216 7.8
      vertex -53.7926 -34.1765 7.8
    endloop
  endfacet
  facet normal 0 0 1
    outer loop
      vertex -52.6184 -33.125 7.8
      vertex -53.9175 -33.875 7.8
      vertex -53.8451 -34.0216 7.8
    endloop
  endfacet
  facet normal 0 0 1
    outer loop
      vertex -54.375 -33.4175 7.8
      vertex -53.625 -32.1184 7.8
      vertex -53.9476 -31.9593 7.8
    endloop
  endfacet
  facet normal 0 0 1
    outer loop
      vertex -52.8183 -32.8259 7.8
      vertex -54.0083 -33.739 7.8
      vertex -53.9175 -33.875 7.8
    endloop
  endfacet
  facet normal 0 0 1
    outer loop
      vertex -53.0555 -32.5555 7.8
      vertex -54.1161 -33.6161 7.8
      vertex -54.0083 -33.739 7.8
    endloop
  endfacet
  facet normal 0 0 1
    outer loop
      vertex -53.3259 -32.3183 7.8
      vertex -54.239 -33.5083 7.8
      vertex -54.1161 -33.6161 7.8
    endloop
  endfacet
  facet normal 0 0 1
    outer loop
      vertex -54.5216 -33.3451 7.8
      vertex -53.9476 -31.9593 7.8
      vertex -54.2882 -31.8437 7.8
    endloop
  endfacet
  facet normal 0 0 1
    outer loop
      vertex -53.625 -32.1184 7.8
      vertex -54.375 -33.4175 7.8
      vertex -54.239 -33.5083 7.8
    endloop
  endfacet
  facet normal 0 0 1
    outer loop
      vertex -53.9476 -31.9593 7.8
      vertex -54.5216 -33.3451 7.8
      vertex -54.375 -33.4175 7.8
    endloop
  endfacet
  facet normal 0 0 1
    outer loop
      vertex -54.6765 -33.2926 7.8
      vertex -54.2882 -31.8437 7.8
      vertex -54.6411 -31.7735 7.8
    endloop
  endfacet
  facet normal 0 0 1
    outer loop
      vertex -54.2882 -31.8437 7.8
      vertex -54.6765 -33.2926 7.8
      vertex -54.5216 -33.3451 7.8
    endloop
  endfacet
  facet normal 0 0 1
    outer loop
      vertex -54.6411 -31.7735 7.8
      vertex -54.8368 -33.2607 7.8
      vertex -54.6765 -33.2926 7.8
    endloop
  endfacet
  facet normal 0 0 1
    outer loop
      vertex -55 -31.75 7.8
      vertex -54.8368 -33.2607 7.8
      vertex -54.6411 -31.7735 7.8
    endloop
  endfacet
  facet normal 0 0 1
    outer loop
      vertex -55 -31.75 7.8
      vertex -55 -33.25 7.8
      vertex -54.8368 -33.2607 7.8
    endloop
  endfacet
  facet normal 0 0 1
    outer loop
      vertex -55 -31.75 7.8
      vertex -55.1632 -33.2607 7.8
      vertex -55 -33.25 7.8
    endloop
  endfacet
  facet normal -0 0 1
    outer loop
      vertex -55.3589 -31.7735 7.8
      vertex -55.1632 -33.2607 7.8
      vertex -55 -31.75 7.8
    endloop
  endfacet
  facet normal 0 0 1
    outer loop
      vertex -55.1632 -33.2607 7.8
      vertex -55.3589 -31.7735 7.8
      vertex -55.3235 -33.2926 7.8
    endloop
  endfacet
  facet normal -0 0 1
    outer loop
      vertex -55.7118 -31.8437 7.8
      vertex -55.3235 -33.2926 7.8
      vertex -55.3589 -31.7735 7.8
    endloop
  endfacet
  facet normal 0 0 1
    outer loop
      vertex -55.3235 -33.2926 7.8
      vertex -55.7118 -31.8437 7.8
      vertex -55.4784 -33.3451 7.8
    endloop
  endfacet
  facet normal -0 0 1
    outer loop
      vertex -56.0524 -31.9593 7.8
      vertex -55.4784 -33.3451 7.8
      vertex -55.7118 -31.8437 7.8
    endloop
  endfacet
  facet normal 0 0 1
    outer loop
      vertex -55.4784 -33.3451 7.8
      vertex -56.0524 -31.9593 7.8
      vertex -55.625 -33.4175 7.8
    endloop
  endfacet
  facet normal -0 0 1
    outer loop
      vertex -56.375 -32.1184 7.8
      vertex -55.625 -33.4175 7.8
      vertex -56.0524 -31.9593 7.8
    endloop
  endfacet
  facet normal 0 0 1
    outer loop
      vertex -55.625 -33.4175 7.8
      vertex -56.375 -32.1184 7.8
      vertex -55.761 -33.5083 7.8
    endloop
  endfacet
  facet normal -0 0 1
    outer loop
      vertex -56.6741 -32.3183 7.8
      vertex -55.761 -33.5083 7.8
      vertex -56.375 -32.1184 7.8
    endloop
  endfacet
  facet normal 0 0 1
    outer loop
      vertex -55.761 -33.5083 7.8
      vertex -56.6741 -32.3183 7.8
      vertex -55.8839 -33.6161 7.8
    endloop
  endfacet
  facet normal -0 0 1
    outer loop
      vertex -56.9445 -32.5555 7.8
      vertex -55.8839 -33.6161 7.8
      vertex -56.6741 -32.3183 7.8
    endloop
  endfacet
  facet normal 0 0 1
    outer loop
      vertex -55.8839 -33.6161 7.8
      vertex -56.9445 -32.5555 7.8
      vertex -55.9917 -33.739 7.8
    endloop
  endfacet
  facet normal -0 0 1
    outer loop
      vertex -57.1817 -32.8259 7.8
      vertex -55.9917 -33.739 7.8
      vertex -56.9445 -32.5555 7.8
    endloop
  endfacet
  facet normal -0 0 1
    outer loop
      vertex -57.3816 -33.125 7.8
      vertex -56.0825 -33.875 7.8
      vertex -57.1817 -32.8259 7.8
    endloop
  endfacet
  facet normal 0 0 1
    outer loop
      vertex -55.9917 -33.739 7.8
      vertex -57.1817 -32.8259 7.8
      vertex -56.0825 -33.875 7.8
    endloop
  endfacet
  facet normal 0 0 1
    outer loop
      vertex -52.6184 -35.875 7.8
      vertex -53.9175 -35.125 7.8
      vertex -52.8183 -36.1741 7.8
    endloop
  endfacet
  facet normal -0 0 1
    outer loop
      vertex -54.0083 -35.261 7.8
      vertex -52.8183 -36.1741 7.8
      vertex -53.9175 -35.125 7.8
    endloop
  endfacet
  facet normal 0 0 1
    outer loop
      vertex -52.8183 -36.1741 7.8
      vertex -54.0083 -35.261 7.8
      vertex -53.0555 -36.4445 7.8
    endloop
  endfacet
  facet normal -0 0 1
    outer loop
      vertex -54.1161 -35.3839 7.8
      vertex -53.0555 -36.4445 7.8
      vertex -54.0083 -35.261 7.8
    endloop
  endfacet
  facet normal 0 0 1
    outer loop
      vertex -53.0555 -36.4445 7.8
      vertex -54.1161 -35.3839 7.8
      vertex -53.3259 -36.6817 7.8
    endloop
  endfacet
  facet normal -0 0 1
    outer loop
      vertex -54.239 -35.4917 7.8
      vertex -53.3259 -36.6817 7.8
      vertex -54.1161 -35.3839 7.8
    endloop
  endfacet
  facet normal 0 0 1
    outer loop
      vertex -53.3259 -36.6817 7.8
      vertex -54.239 -35.4917 7.8
      vertex -53.625 -36.8816 7.8
    endloop
  endfacet
  facet normal -0 0 1
    outer loop
      vertex -54.375 -35.5825 7.8
      vertex -53.625 -36.8816 7.8
      vertex -54.239 -35.4917 7.8
    endloop
  endfacet
  facet normal 0 0 1
    outer loop
      vertex -53.625 -36.8816 7.8
      vertex -54.375 -35.5825 7.8
      vertex -53.9476 -37.0407 7.8
    endloop
  endfacet
  facet normal -0 0 1
    outer loop
      vertex -54.5216 -35.6549 7.8
      vertex -53.9476 -37.0407 7.8
      vertex -54.375 -35.5825 7.8
    endloop
  endfacet
  facet normal 0 0 1
    outer loop
      vertex -53.9476 -37.0407 7.8
      vertex -54.5216 -35.6549 7.8
      vertex -54.2882 -37.1563 7.8
    endloop
  endfacet
  facet normal -0 0 1
    outer loop
      vertex -54.6765 -35.7074 7.8
      vertex -54.2882 -37.1563 7.8
      vertex -54.5216 -35.6549 7.8
    endloop
  endfacet
  facet normal 0 0 1
    outer loop
      vertex -54.2882 -37.1563 7.8
      vertex -54.6765 -35.7074 7.8
      vertex -54.6411 -37.2265 7.8
    endloop
  endfacet
  facet normal -0 0 1
    outer loop
      vertex -54.8368 -35.7393 7.8
      vertex -54.6411 -37.2265 7.8
      vertex -54.6765 -35.7074 7.8
    endloop
  endfacet
  facet normal -0 0 1
    outer loop
      vertex -55 -35.75 7.8
      vertex -54.6411 -37.2265 7.8
      vertex -54.8368 -35.7393 7.8
    endloop
  endfacet
  facet normal 0 0 1
    outer loop
      vertex -55 -35.75 7.8
      vertex -55 -37.25 7.8
      vertex -54.6411 -37.2265 7.8
    endloop
  endfacet
  facet normal 0 0 1
    outer loop
      vertex -55.1632 -35.7393 7.8
      vertex -55 -37.25 7.8
      vertex -55 -35.75 7.8
    endloop
  endfacet
  facet normal 0 0 1
    outer loop
      vertex -55.3589 -37.2265 7.8
      vertex -55.1632 -35.7393 7.8
      vertex -55.3235 -35.7074 7.8
    endloop
  endfacet
  facet normal 0 0 1
    outer loop
      vertex -55.1632 -35.7393 7.8
      vertex -55.3589 -37.2265 7.8
      vertex -55 -37.25 7.8
    endloop
  endfacet
  facet normal 0 0 1
    outer loop
      vertex -55.7118 -37.1563 7.8
      vertex -55.3235 -35.7074 7.8
      vertex -55.4784 -35.6549 7.8
    endloop
  endfacet
  facet normal 0 0 1
    outer loop
      vertex -56.0524 -37.0407 7.8
      vertex -55.4784 -35.6549 7.8
      vertex -55.625 -35.5825 7.8
    endloop
  endfacet
  facet normal 0 0 1
    outer loop
      vertex -55.3235 -35.7074 7.8
      vertex -55.7118 -37.1563 7.8
      vertex -55.3589 -37.2265 7.8
    endloop
  endfacet
  facet normal 0 0 1
    outer loop
      vertex -56.375 -36.8816 7.8
      vertex -55.625 -35.5825 7.8
      vertex -55.761 -35.4917 7.8
    endloop
  endfacet
  facet normal 0 0 1
    outer loop
      vertex -56.6741 -36.6817 7.8
      vertex -55.761 -35.4917 7.8
      vertex -55.8839 -35.3839 7.8
    endloop
  endfacet
  facet normal 0 0 1
    outer loop
      vertex -56.9445 -36.4445 7.8
      vertex -55.8839 -35.3839 7.8
      vertex -55.9917 -35.261 7.8
    endloop
  endfacet
  facet normal 0 0 1
    outer loop
      vertex -55.4784 -35.6549 7.8
      vertex -56.0524 -37.0407 7.8
      vertex -55.7118 -37.1563 7.8
    endloop
  endfacet
  facet normal 0 0 1
    outer loop
      vertex -57.1817 -36.1741 7.8
      vertex -55.9917 -35.261 7.8
      vertex -56.0825 -35.125 7.8
    endloop
  endfacet
  facet normal 0 0 1
    outer loop
      vertex -57.3816 -35.875 7.8
      vertex -56.0825 -35.125 7.8
      vertex -56.1549 -34.9784 7.8
    endloop
  endfacet
  facet normal 0 0 1
    outer loop
      vertex -57.5407 -35.5524 7.8
      vertex -56.1549 -34.9784 7.8
      vertex -56.2074 -34.8235 7.8
    endloop
  endfacet
  facet normal 0 0 1
    outer loop
      vertex -57.6563 -35.2118 7.8
      vertex -56.2074 -34.8235 7.8
      vertex -56.2393 -34.6632 7.8
    endloop
  endfacet
  facet normal 0 0 1
    outer loop
      vertex -55.625 -35.5825 7.8
      vertex -56.375 -36.8816 7.8
      vertex -56.0524 -37.0407 7.8
    endloop
  endfacet
  facet normal 0 0 1
    outer loop
      vertex -57.7265 -34.8589 7.8
      vertex -56.2393 -34.6632 7.8
      vertex -56.25 -34.5 7.8
    endloop
  endfacet
  facet normal 0 0 1
    outer loop
      vertex -56.0825 -33.875 7.8
      vertex -57.3816 -33.125 7.8
      vertex -56.1549 -34.0216 7.8
    endloop
  endfacet
  facet normal -0 0 1
    outer loop
      vertex -57.5407 -33.4476 7.8
      vertex -56.1549 -34.0216 7.8
      vertex -57.3816 -33.125 7.8
    endloop
  endfacet
  facet normal 0 0 1
    outer loop
      vertex -55.761 -35.4917 7.8
      vertex -56.6741 -36.6817 7.8
      vertex -56.375 -36.8816 7.8
    endloop
  endfacet
  facet normal 0 0 1
    outer loop
      vertex -56.1549 -34.0216 7.8
      vertex -57.5407 -33.4476 7.8
      vertex -56.2074 -34.1765 7.8
    endloop
  endfacet
  facet normal 0 0 1
    outer loop
      vertex -55.8839 -35.3839 7.8
      vertex -56.9445 -36.4445 7.8
      vertex -56.6741 -36.6817 7.8
    endloop
  endfacet
  facet normal -0 0 1
    outer loop
      vertex -57.6563 -33.7882 7.8
      vertex -56.2074 -34.1765 7.8
      vertex -57.5407 -33.4476 7.8
    endloop
  endfacet
  facet normal 0 0 1
    outer loop
      vertex -55.9917 -35.261 7.8
      vertex -57.1817 -36.1741 7.8
      vertex -56.9445 -36.4445 7.8
    endloop
  endfacet
  facet normal 0 0 1
    outer loop
      vertex -56.2074 -34.1765 7.8
      vertex -57.6563 -33.7882 7.8
      vertex -56.2393 -34.3368 7.8
    endloop
  endfacet
  facet normal 0 0 1
    outer loop
      vertex -56.0825 -35.125 7.8
      vertex -57.3816 -35.875 7.8
      vertex -57.1817 -36.1741 7.8
    endloop
  endfacet
  facet normal -0 0 1
    outer loop
      vertex -57.7265 -34.1411 7.8
      vertex -56.2393 -34.3368 7.8
      vertex -57.6563 -33.7882 7.8
    endloop
  endfacet
  facet normal 0 0 1
    outer loop
      vertex -56.1549 -34.9784 7.8
      vertex -57.5407 -35.5524 7.8
      vertex -57.3816 -35.875 7.8
    endloop
  endfacet
  facet normal 0 0 1
    outer loop
      vertex -56.2393 -34.3368 7.8
      vertex -57.7265 -34.1411 7.8
      vertex -56.25 -34.5 7.8
    endloop
  endfacet
  facet normal 0 0 1
    outer loop
      vertex -56.2074 -34.8235 7.8
      vertex -57.6563 -35.2118 7.8
      vertex -57.5407 -35.5524 7.8
    endloop
  endfacet
  facet normal 0 0 1
    outer loop
      vertex -57.75 -34.5 7.8
      vertex -56.25 -34.5 7.8
      vertex -57.7265 -34.1411 7.8
    endloop
  endfacet
  facet normal 0 0 1
    outer loop
      vertex -56.2393 -34.6632 7.8
      vertex -57.7265 -34.8589 7.8
      vertex -57.6563 -35.2118 7.8
    endloop
  endfacet
  facet normal 0 0 1
    outer loop
      vertex -56.25 -34.5 7.8
      vertex -57.75 -34.5 7.8
      vertex -57.7265 -34.8589 7.8
    endloop
  endfacet
  facet normal -0.321394 0.946945 0
    outer loop
      vertex -55.7118 -31.8437 6
      vertex -56.0524 -31.9593 7.8
      vertex -55.7118 -31.8437 7.8
    endloop
  endfacet
  facet normal -0.321394 0.946945 0
    outer loop
      vertex -56.0524 -31.9593 7.8
      vertex -55.7118 -31.8437 6
      vertex -56.0524 -31.9593 6
    endloop
  endfacet
  facet normal -0.89686 -0.442314 0
    outer loop
      vertex -57.3816 -35.875 6
      vertex -57.5407 -35.5524 7.8
      vertex -57.5407 -35.5524 6
    endloop
  endfacet
  facet normal -0.89686 -0.442314 0
    outer loop
      vertex -57.5407 -35.5524 7.8
      vertex -57.3816 -35.875 6
      vertex -57.3816 -35.875 7.8
    endloop
  endfacet
  facet normal 0.751749 0.659449 0
    outer loop
      vertex -52.8183 -32.8259 7.8
      vertex -53.0555 -32.5555 6
      vertex -53.0555 -32.5555 7.8
    endloop
  endfacet
  facet normal 0.751749 0.659449 0
    outer loop
      vertex -53.0555 -32.5555 6
      vertex -52.8183 -32.8259 7.8
      vertex -52.8183 -32.8259 6
    endloop
  endfacet
  facet normal -0.831408 -0.555662 0
    outer loop
      vertex -57.1817 -36.1741 6
      vertex -57.3816 -35.875 7.8
      vertex -57.3816 -35.875 6
    endloop
  endfacet
  facet normal -0.831408 -0.555662 0
    outer loop
      vertex -57.3816 -35.875 7.8
      vertex -57.1817 -36.1741 6
      vertex -57.1817 -36.1741 7.8
    endloop
  endfacet
  facet normal 0.659449 0.751749 -0
    outer loop
      vertex -53.0555 -32.5555 6
      vertex -53.3259 -32.3183 7.8
      vertex -53.0555 -32.5555 7.8
    endloop
  endfacet
  facet normal 0.659449 0.751749 0
    outer loop
      vertex -53.3259 -32.3183 7.8
      vertex -53.0555 -32.5555 6
      vertex -53.3259 -32.3183 6
    endloop
  endfacet
  facet normal -0.0653379 0.997863 0
    outer loop
      vertex -55 -31.75 6
      vertex -55.3589 -31.7735 7.8
      vertex -55 -31.75 7.8
    endloop
  endfacet
  facet normal -0.0653379 0.997863 0
    outer loop
      vertex -55.3589 -31.7735 7.8
      vertex -55 -31.75 6
      vertex -55.3589 -31.7735 6
    endloop
  endfacet
  facet normal -0.980783 -0.195101 0
    outer loop
      vertex -57.6563 -35.2118 6
      vertex -57.7265 -34.8589 7.8
      vertex -57.7265 -34.8589 6
    endloop
  endfacet
  facet normal -0.980783 -0.195101 0
    outer loop
      vertex -57.7265 -34.8589 7.8
      vertex -57.6563 -35.2118 6
      vertex -57.6563 -35.2118 7.8
    endloop
  endfacet
  facet normal -0.555662 0.831408 0
    outer loop
      vertex -56.375 -32.1184 6
      vertex -56.6741 -32.3183 7.8
      vertex -56.375 -32.1184 7.8
    endloop
  endfacet
  facet normal -0.555662 0.831408 0
    outer loop
      vertex -56.6741 -32.3183 7.8
      vertex -56.375 -32.1184 6
      vertex -56.6741 -32.3183 6
    endloop
  endfacet
  facet normal -0.555662 -0.831408 0
    outer loop
      vertex -56.6741 -36.6817 6
      vertex -56.375 -36.8816 7.8
      vertex -56.6741 -36.6817 7.8
    endloop
  endfacet
  facet normal -0.555662 -0.831408 -0
    outer loop
      vertex -56.375 -36.8816 7.8
      vertex -56.6741 -36.6817 6
      vertex -56.375 -36.8816 6
    endloop
  endfacet
  facet normal -0.831408 0.555662 0
    outer loop
      vertex -57.3816 -33.125 6
      vertex -57.1817 -32.8259 7.8
      vertex -57.1817 -32.8259 6
    endloop
  endfacet
  facet normal -0.831408 0.555662 0
    outer loop
      vertex -57.1817 -32.8259 7.8
      vertex -57.3816 -33.125 6
      vertex -57.3816 -33.125 7.8
    endloop
  endfacet
  facet normal 0.751749 -0.659449 0
    outer loop
      vertex -53.0555 -36.4445 7.8
      vertex -52.8183 -36.1741 6
      vertex -52.8183 -36.1741 7.8
    endloop
  endfacet
  facet normal 0.751749 -0.659449 0
    outer loop
      vertex -52.8183 -36.1741 6
      vertex -53.0555 -36.4445 7.8
      vertex -53.0555 -36.4445 6
    endloop
  endfacet
  facet normal 0.831408 -0.555662 0
    outer loop
      vertex -52.8183 -36.1741 7.8
      vertex -52.6184 -35.875 6
      vertex -52.6184 -35.875 7.8
    endloop
  endfacet
  facet normal 0.831408 -0.555662 0
    outer loop
      vertex -52.6184 -35.875 6
      vertex -52.8183 -36.1741 7.8
      vertex -52.8183 -36.1741 6
    endloop
  endfacet
  facet normal -0.195101 -0.980783 0
    outer loop
      vertex -55.7118 -37.1563 6
      vertex -55.3589 -37.2265 7.8
      vertex -55.7118 -37.1563 7.8
    endloop
  endfacet
  facet normal -0.195101 -0.980783 -0
    outer loop
      vertex -55.3589 -37.2265 7.8
      vertex -55.7118 -37.1563 6
      vertex -55.3589 -37.2265 6
    endloop
  endfacet
  facet normal 0.980768 -0.195175 0
    outer loop
      vertex -53.7926 -34.8235 8.4
      vertex -53.7607 -34.6632 7.8
      vertex -53.7607 -34.6632 8.4
    endloop
  endfacet
  facet normal 0.980768 -0.195175 0
    outer loop
      vertex -53.7607 -34.6632 7.8
      vertex -53.7926 -34.8235 8.4
      vertex -53.7926 -34.8235 7.8
    endloop
  endfacet
  facet normal 0.980768 0.195175 0
    outer loop
      vertex -53.7607 -34.3368 8.4
      vertex -53.7926 -34.1765 7.8
      vertex -53.7926 -34.1765 8.4
    endloop
  endfacet
  facet normal 0.980768 0.195175 0
    outer loop
      vertex -53.7926 -34.1765 7.8
      vertex -53.7607 -34.3368 8.4
      vertex -53.7607 -34.3368 7.8
    endloop
  endfacet
  facet normal 0.997858 0.0654233 0
    outer loop
      vertex -53.75 -34.5 8.4
      vertex -53.7607 -34.3368 7.8
      vertex -53.7607 -34.3368 8.4
    endloop
  endfacet
  facet normal 0.997858 0.0654233 0
    outer loop
      vertex -53.7607 -34.3368 7.8
      vertex -53.75 -34.5 8.4
      vertex -53.75 -34.5 7.8
    endloop
  endfacet
  facet normal 0.947082 0.320993 0
    outer loop
      vertex -53.7926 -34.1765 8.4
      vertex -53.8451 -34.0216 7.8
      vertex -53.8451 -34.0216 8.4
    endloop
  endfacet
  facet normal 0.947082 0.320993 0
    outer loop
      vertex -53.8451 -34.0216 7.8
      vertex -53.7926 -34.1765 8.4
      vertex -53.7926 -34.1765 7.8
    endloop
  endfacet
  facet normal -0.997858 0.0654233 0
    outer loop
      vertex -56.25 -34.5 7.8
      vertex -56.2393 -34.3368 8.4
      vertex -56.2393 -34.3368 7.8
    endloop
  endfacet
  facet normal -0.997858 0.0654233 0
    outer loop
      vertex -56.2393 -34.3368 8.4
      vertex -56.25 -34.5 7.8
      vertex -56.25 -34.5 8.4
    endloop
  endfacet
  facet normal 0.442805 -0.896618 0
    outer loop
      vertex -54.5216 -35.6549 7.8
      vertex -54.375 -35.5825 8.4
      vertex -54.5216 -35.6549 8.4
    endloop
  endfacet
  facet normal 0.442805 -0.896618 0
    outer loop
      vertex -54.375 -35.5825 8.4
      vertex -54.5216 -35.6549 7.8
      vertex -54.375 -35.5825 7.8
    endloop
  endfacet
  facet normal 0.195175 0.980768 -0
    outer loop
      vertex -54.6765 -33.2926 7.8
      vertex -54.8368 -33.2607 8.4
      vertex -54.6765 -33.2926 8.4
    endloop
  endfacet
  facet normal 0.195175 0.980768 0
    outer loop
      vertex -54.8368 -33.2607 8.4
      vertex -54.6765 -33.2926 7.8
      vertex -54.8368 -33.2607 7.8
    endloop
  endfacet
  facet normal 0.195175 -0.980768 0
    outer loop
      vertex -54.8368 -35.7393 7.8
      vertex -54.6765 -35.7074 8.4
      vertex -54.8368 -35.7393 8.4
    endloop
  endfacet
  facet normal 0.195175 -0.980768 0
    outer loop
      vertex -54.6765 -35.7074 8.4
      vertex -54.8368 -35.7393 7.8
      vertex -54.6765 -35.7074 7.8
    endloop
  endfacet
  facet normal 0.0654233 -0.997858 0
    outer loop
      vertex -55 -35.75 7.8
      vertex -54.8368 -35.7393 8.4
      vertex -55 -35.75 8.4
    endloop
  endfacet
  facet normal 0.0654233 -0.997858 0
    outer loop
      vertex -54.8368 -35.7393 8.4
      vertex -55 -35.75 7.8
      vertex -54.8368 -35.7393 7.8
    endloop
  endfacet
  facet normal -0.659414 0.75178 0
    outer loop
      vertex -55.761 -33.5083 7.8
      vertex -55.8839 -33.6161 8.4
      vertex -55.761 -33.5083 8.4
    endloop
  endfacet
  facet normal -0.659414 0.75178 0
    outer loop
      vertex -55.8839 -33.6161 8.4
      vertex -55.761 -33.5083 7.8
      vertex -55.8839 -33.6161 7.8
    endloop
  endfacet
  facet normal -0.831674 0.555265 0
    outer loop
      vertex -56.0825 -33.875 7.8
      vertex -55.9917 -33.739 8.4
      vertex -55.9917 -33.739 7.8
    endloop
  endfacet
  facet normal -0.831674 0.555265 0
    outer loop
      vertex -55.9917 -33.739 8.4
      vertex -56.0825 -33.875 7.8
      vertex -56.0825 -33.875 8.4
    endloop
  endfacet
  facet normal 0.320993 0.947082 -0
    outer loop
      vertex -54.5216 -33.3451 7.8
      vertex -54.6765 -33.2926 8.4
      vertex -54.5216 -33.3451 8.4
    endloop
  endfacet
  facet normal 0.320993 0.947082 0
    outer loop
      vertex -54.6765 -33.2926 8.4
      vertex -54.5216 -33.3451 7.8
      vertex -54.6765 -33.2926 7.8
    endloop
  endfacet
  facet normal 0.659414 -0.75178 0
    outer loop
      vertex -54.239 -35.4917 7.8
      vertex -54.1161 -35.3839 8.4
      vertex -54.239 -35.4917 8.4
    endloop
  endfacet
  facet normal 0.659414 -0.75178 0
    outer loop
      vertex -54.1161 -35.3839 8.4
      vertex -54.239 -35.4917 7.8
      vertex -54.1161 -35.3839 7.8
    endloop
  endfacet
  facet normal -0.442805 0.896618 0
    outer loop
      vertex -55.4784 -33.3451 7.8
      vertex -55.625 -33.4175 8.4
      vertex -55.4784 -33.3451 8.4
    endloop
  endfacet
  facet normal -0.442805 0.896618 0
    outer loop
      vertex -55.625 -33.4175 8.4
      vertex -55.4784 -33.3451 7.8
      vertex -55.625 -33.4175 7.8
    endloop
  endfacet
  facet normal -0.0654233 -0.997858 0
    outer loop
      vertex -55.1632 -35.7393 7.8
      vertex -55 -35.75 8.4
      vertex -55.1632 -35.7393 8.4
    endloop
  endfacet
  facet normal -0.0654233 -0.997858 -0
    outer loop
      vertex -55 -35.75 8.4
      vertex -55.1632 -35.7393 7.8
      vertex -55 -35.75 7.8
    endloop
  endfacet
  facet normal 0.75178 -0.659414 0
    outer loop
      vertex -54.1161 -35.3839 8.4
      vertex -54.0083 -35.261 7.8
      vertex -54.0083 -35.261 8.4
    endloop
  endfacet
  facet normal 0.75178 -0.659414 0
    outer loop
      vertex -54.0083 -35.261 7.8
      vertex -54.1161 -35.3839 8.4
      vertex -54.1161 -35.3839 7.8
    endloop
  endfacet
  facet normal -0.947082 -0.320993 0
    outer loop
      vertex -56.1549 -34.9784 7.8
      vertex -56.2074 -34.8235 8.4
      vertex -56.2074 -34.8235 7.8
    endloop
  endfacet
  facet normal -0.947082 -0.320993 0
    outer loop
      vertex -56.2074 -34.8235 8.4
      vertex -56.1549 -34.9784 7.8
      vertex -56.1549 -34.9784 8.4
    endloop
  endfacet
  facet normal 0.320993 -0.947082 0
    outer loop
      vertex -54.6765 -35.7074 7.8
      vertex -54.5216 -35.6549 8.4
      vertex -54.6765 -35.7074 8.4
    endloop
  endfacet
  facet normal 0.320993 -0.947082 0
    outer loop
      vertex -54.5216 -35.6549 8.4
      vertex -54.6765 -35.7074 7.8
      vertex -54.5216 -35.6549 7.8
    endloop
  endfacet
  facet normal -0.320993 0.947082 0
    outer loop
      vertex -55.3235 -33.2926 7.8
      vertex -55.4784 -33.3451 8.4
      vertex -55.3235 -33.2926 8.4
    endloop
  endfacet
  facet normal -0.320993 0.947082 0
    outer loop
      vertex -55.4784 -33.3451 8.4
      vertex -55.3235 -33.2926 7.8
      vertex -55.4784 -33.3451 7.8
    endloop
  endfacet
  facet normal -0.555265 0.831674 0
    outer loop
      vertex -55.625 -33.4175 7.8
      vertex -55.761 -33.5083 8.4
      vertex -55.625 -33.4175 8.4
    endloop
  endfacet
  facet normal -0.555265 0.831674 0
    outer loop
      vertex -55.761 -33.5083 8.4
      vertex -55.625 -33.4175 7.8
      vertex -55.761 -33.5083 7.8
    endloop
  endfacet
  facet normal -0.947082 0.320993 0
    outer loop
      vertex -56.2074 -34.1765 7.8
      vertex -56.1549 -34.0216 8.4
      vertex -56.1549 -34.0216 7.8
    endloop
  endfacet
  facet normal -0.947082 0.320993 0
    outer loop
      vertex -56.1549 -34.0216 8.4
      vertex -56.2074 -34.1765 7.8
      vertex -56.2074 -34.1765 8.4
    endloop
  endfacet
  facet normal 0.896618 0.442805 0
    outer loop
      vertex -53.8451 -34.0216 8.4
      vertex -53.9175 -33.875 7.8
      vertex -53.9175 -33.875 8.4
    endloop
  endfacet
  facet normal 0.896618 0.442805 0
    outer loop
      vertex -53.9175 -33.875 7.8
      vertex -53.8451 -34.0216 8.4
      vertex -53.8451 -34.0216 7.8
    endloop
  endfacet
  facet normal -0.195175 0.980768 0
    outer loop
      vertex -55.1632 -33.2607 7.8
      vertex -55.3235 -33.2926 8.4
      vertex -55.1632 -33.2607 8.4
    endloop
  endfacet
  facet normal -0.195175 0.980768 0
    outer loop
      vertex -55.3235 -33.2926 8.4
      vertex -55.1632 -33.2607 7.8
      vertex -55.3235 -33.2926 7.8
    endloop
  endfacet
  facet normal 0.659414 0.75178 -0
    outer loop
      vertex -54.1161 -33.6161 7.8
      vertex -54.239 -33.5083 8.4
      vertex -54.1161 -33.6161 8.4
    endloop
  endfacet
  facet normal 0.659414 0.75178 0
    outer loop
      vertex -54.239 -33.5083 8.4
      vertex -54.1161 -33.6161 7.8
      vertex -54.239 -33.5083 7.8
    endloop
  endfacet
  facet normal 0.997858 -0.0654233 0
    outer loop
      vertex -53.7607 -34.6632 8.4
      vertex -53.75 -34.5 7.8
      vertex -53.75 -34.5 8.4
    endloop
  endfacet
  facet normal 0.997858 -0.0654233 0
    outer loop
      vertex -53.75 -34.5 7.8
      vertex -53.7607 -34.6632 8.4
      vertex -53.7607 -34.6632 7.8
    endloop
  endfacet
  facet normal 0.442805 0.896618 -0
    outer loop
      vertex -54.375 -33.4175 7.8
      vertex -54.5216 -33.3451 8.4
      vertex -54.375 -33.4175 8.4
    endloop
  endfacet
  facet normal 0.442805 0.896618 0
    outer loop
      vertex -54.5216 -33.3451 8.4
      vertex -54.375 -33.4175 7.8
      vertex -54.5216 -33.3451 7.8
    endloop
  endfacet
  facet normal -0.320993 -0.947082 0
    outer loop
      vertex -55.4784 -35.6549 7.8
      vertex -55.3235 -35.7074 8.4
      vertex -55.4784 -35.6549 8.4
    endloop
  endfacet
  facet normal -0.320993 -0.947082 -0
    outer loop
      vertex -55.3235 -35.7074 8.4
      vertex -55.4784 -35.6549 7.8
      vertex -55.3235 -35.7074 7.8
    endloop
  endfacet
  facet normal -0.980768 0.195175 0
    outer loop
      vertex -56.2393 -34.3368 7.8
      vertex -56.2074 -34.1765 8.4
      vertex -56.2074 -34.1765 7.8
    endloop
  endfacet
  facet normal -0.980768 0.195175 0
    outer loop
      vertex -56.2074 -34.1765 8.4
      vertex -56.2393 -34.3368 7.8
      vertex -56.2393 -34.3368 8.4
    endloop
  endfacet
  facet normal -0.0654233 0.997858 0
    outer loop
      vertex -55 -33.25 7.8
      vertex -55.1632 -33.2607 8.4
      vertex -55 -33.25 8.4
    endloop
  endfacet
  facet normal -0.0654233 0.997858 0
    outer loop
      vertex -55.1632 -33.2607 8.4
      vertex -55 -33.25 7.8
      vertex -55.1632 -33.2607 7.8
    endloop
  endfacet
  facet normal -0.195175 -0.980768 0
    outer loop
      vertex -55.3235 -35.7074 7.8
      vertex -55.1632 -35.7393 8.4
      vertex -55.3235 -35.7074 8.4
    endloop
  endfacet
  facet normal -0.195175 -0.980768 -0
    outer loop
      vertex -55.1632 -35.7393 8.4
      vertex -55.3235 -35.7074 7.8
      vertex -55.1632 -35.7393 7.8
    endloop
  endfacet
  facet normal 0.947082 -0.320993 0
    outer loop
      vertex -53.8451 -34.9784 8.4
      vertex -53.7926 -34.8235 7.8
      vertex -53.7926 -34.8235 8.4
    endloop
  endfacet
  facet normal 0.947082 -0.320993 0
    outer loop
      vertex -53.7926 -34.8235 7.8
      vertex -53.8451 -34.9784 8.4
      vertex -53.8451 -34.9784 7.8
    endloop
  endfacet
  facet normal 0.831674 0.555265 0
    outer loop
      vertex -53.9175 -33.875 8.4
      vertex -54.0083 -33.739 7.8
      vertex -54.0083 -33.739 8.4
    endloop
  endfacet
  facet normal 0.831674 0.555265 0
    outer loop
      vertex -54.0083 -33.739 7.8
      vertex -53.9175 -33.875 8.4
      vertex -53.9175 -33.875 7.8
    endloop
  endfacet
  facet normal 0.75178 0.659414 0
    outer loop
      vertex -54.0083 -33.739 8.4
      vertex -54.1161 -33.6161 7.8
      vertex -54.1161 -33.6161 8.4
    endloop
  endfacet
  facet normal 0.75178 0.659414 0
    outer loop
      vertex -54.1161 -33.6161 7.8
      vertex -54.0083 -33.739 8.4
      vertex -54.0083 -33.739 7.8
    endloop
  endfacet
  facet normal -0.896618 -0.442805 0
    outer loop
      vertex -56.0825 -35.125 7.8
      vertex -56.1549 -34.9784 8.4
      vertex -56.1549 -34.9784 7.8
    endloop
  endfacet
  facet normal -0.896618 -0.442805 0
    outer loop
      vertex -56.1549 -34.9784 8.4
      vertex -56.0825 -35.125 7.8
      vertex -56.0825 -35.125 8.4
    endloop
  endfacet
  facet normal 0.896618 -0.442805 0
    outer loop
      vertex -53.9175 -35.125 8.4
      vertex -53.8451 -34.9784 7.8
      vertex -53.8451 -34.9784 8.4
    endloop
  endfacet
  facet normal 0.896618 -0.442805 0
    outer loop
      vertex -53.8451 -34.9784 7.8
      vertex -53.9175 -35.125 8.4
      vertex -53.9175 -35.125 7.8
    endloop
  endfacet
  facet normal -0.75178 -0.659414 0
    outer loop
      vertex -55.8839 -35.3839 7.8
      vertex -55.9917 -35.261 8.4
      vertex -55.9917 -35.261 7.8
    endloop
  endfacet
  facet normal -0.75178 -0.659414 0
    outer loop
      vertex -55.9917 -35.261 8.4
      vertex -55.8839 -35.3839 7.8
      vertex -55.8839 -35.3839 8.4
    endloop
  endfacet
  facet normal 0.831674 -0.555265 0
    outer loop
      vertex -54.0083 -35.261 8.4
      vertex -53.9175 -35.125 7.8
      vertex -53.9175 -35.125 8.4
    endloop
  endfacet
  facet normal 0.831674 -0.555265 0
    outer loop
      vertex -53.9175 -35.125 7.8
      vertex -54.0083 -35.261 8.4
      vertex -54.0083 -35.261 7.8
    endloop
  endfacet
  facet normal -0.75178 0.659414 0
    outer loop
      vertex -55.9917 -33.739 7.8
      vertex -55.8839 -33.6161 8.4
      vertex -55.8839 -33.6161 7.8
    endloop
  endfacet
  facet normal -0.75178 0.659414 0
    outer loop
      vertex -55.8839 -33.6161 8.4
      vertex -55.9917 -33.739 7.8
      vertex -55.9917 -33.739 8.4
    endloop
  endfacet
  facet normal 0.0654233 0.997858 -0
    outer loop
      vertex -54.8368 -33.2607 7.8
      vertex -55 -33.25 8.4
      vertex -54.8368 -33.2607 8.4
    endloop
  endfacet
  facet normal 0.0654233 0.997858 0
    outer loop
      vertex -55 -33.25 8.4
      vertex -54.8368 -33.2607 7.8
      vertex -55 -33.25 7.8
    endloop
  endfacet
  facet normal 0.555265 0.831674 -0
    outer loop
      vertex -54.239 -33.5083 7.8
      vertex -54.375 -33.4175 8.4
      vertex -54.239 -33.5083 8.4
    endloop
  endfacet
  facet normal 0.555265 0.831674 0
    outer loop
      vertex -54.375 -33.4175 8.4
      vertex -54.239 -33.5083 7.8
      vertex -54.375 -33.4175 7.8
    endloop
  endfacet
  facet normal 0 0 1
    outer loop
      vertex -53.7607 -34.3368 8.4
      vertex -53.7607 -34.6632 8.4
      vertex -53.75 -34.5 8.4
    endloop
  endfacet
  facet normal 0 0 1
    outer loop
      vertex -53.7926 -34.1765 8.4
      vertex -53.7607 -34.6632 8.4
      vertex -53.7607 -34.3368 8.4
    endloop
  endfacet
  facet normal 0 0 1
    outer loop
      vertex -53.7926 -34.1765 8.4
      vertex -53.7926 -34.8235 8.4
      vertex -53.7607 -34.6632 8.4
    endloop
  endfacet
  facet normal 0 0 1
    outer loop
      vertex -53.8451 -34.0216 8.4
      vertex -53.7926 -34.8235 8.4
      vertex -53.7926 -34.1765 8.4
    endloop
  endfacet
  facet normal 0 0 1
    outer loop
      vertex -53.8451 -34.0216 8.4
      vertex -53.8451 -34.9784 8.4
      vertex -53.7926 -34.8235 8.4
    endloop
  endfacet
  facet normal 0 0 1
    outer loop
      vertex -53.9175 -33.875 8.4
      vertex -53.8451 -34.9784 8.4
      vertex -53.8451 -34.0216 8.4
    endloop
  endfacet
  facet normal 0 0 1
    outer loop
      vertex -53.9175 -33.875 8.4
      vertex -53.9175 -35.125 8.4
      vertex -53.8451 -34.9784 8.4
    endloop
  endfacet
  facet normal 0 0 1
    outer loop
      vertex -54.0083 -33.739 8.4
      vertex -53.9175 -35.125 8.4
      vertex -53.9175 -33.875 8.4
    endloop
  endfacet
  facet normal 0 0 1
    outer loop
      vertex -54.0083 -33.739 8.4
      vertex -54.0083 -35.261 8.4
      vertex -53.9175 -35.125 8.4
    endloop
  endfacet
  facet normal 0 0 1
    outer loop
      vertex -54.1161 -33.6161 8.4
      vertex -54.0083 -35.261 8.4
      vertex -54.0083 -33.739 8.4
    endloop
  endfacet
  facet normal 0 0 1
    outer loop
      vertex -54.1161 -33.6161 8.4
      vertex -54.1161 -35.3839 8.4
      vertex -54.0083 -35.261 8.4
    endloop
  endfacet
  facet normal 0 0 1
    outer loop
      vertex -54.239 -33.5083 8.4
      vertex -54.1161 -35.3839 8.4
      vertex -54.1161 -33.6161 8.4
    endloop
  endfacet
  facet normal 0 0 1
    outer loop
      vertex -54.239 -33.5083 8.4
      vertex -54.239 -35.4917 8.4
      vertex -54.1161 -35.3839 8.4
    endloop
  endfacet
  facet normal 0 0 1
    outer loop
      vertex -54.375 -33.4175 8.4
      vertex -54.239 -35.4917 8.4
      vertex -54.239 -33.5083 8.4
    endloop
  endfacet
  facet normal 0 0 1
    outer loop
      vertex -54.375 -33.4175 8.4
      vertex -54.375 -35.5825 8.4
      vertex -54.239 -35.4917 8.4
    endloop
  endfacet
  facet normal 0 0 1
    outer loop
      vertex -54.5216 -33.3451 8.4
      vertex -54.375 -35.5825 8.4
      vertex -54.375 -33.4175 8.4
    endloop
  endfacet
  facet normal 0 0 1
    outer loop
      vertex -54.5216 -33.3451 8.4
      vertex -54.5216 -35.6549 8.4
      vertex -54.375 -35.5825 8.4
    endloop
  endfacet
  facet normal 0 0 1
    outer loop
      vertex -54.6765 -33.2926 8.4
      vertex -54.5216 -35.6549 8.4
      vertex -54.5216 -33.3451 8.4
    endloop
  endfacet
  facet normal 0 0 1
    outer loop
      vertex -54.6765 -33.2926 8.4
      vertex -54.6765 -35.7074 8.4
      vertex -54.5216 -35.6549 8.4
    endloop
  endfacet
  facet normal 0 0 1
    outer loop
      vertex -54.8368 -33.2607 8.4
      vertex -54.6765 -35.7074 8.4
      vertex -54.6765 -33.2926 8.4
    endloop
  endfacet
  facet normal 0 0 1
    outer loop
      vertex -54.8368 -33.2607 8.4
      vertex -54.8368 -35.7393 8.4
      vertex -54.6765 -35.7074 8.4
    endloop
  endfacet
  facet normal 0 0 1
    outer loop
      vertex -55 -33.25 8.4
      vertex -54.8368 -35.7393 8.4
      vertex -54.8368 -33.2607 8.4
    endloop
  endfacet
  facet normal 0 0 1
    outer loop
      vertex -55 -33.25 8.4
      vertex -55 -35.75 8.4
      vertex -54.8368 -35.7393 8.4
    endloop
  endfacet
  facet normal -0 0 1
    outer loop
      vertex -55.1632 -33.2607 8.4
      vertex -55 -35.75 8.4
      vertex -55 -33.25 8.4
    endloop
  endfacet
  facet normal 0 0 1
    outer loop
      vertex -55.1632 -33.2607 8.4
      vertex -55.1632 -35.7393 8.4
      vertex -55 -35.75 8.4
    endloop
  endfacet
  facet normal -0 0 1
    outer loop
      vertex -55.3235 -33.2926 8.4
      vertex -55.1632 -35.7393 8.4
      vertex -55.1632 -33.2607 8.4
    endloop
  endfacet
  facet normal 0 0 1
    outer loop
      vertex -55.3235 -33.2926 8.4
      vertex -55.3235 -35.7074 8.4
      vertex -55.1632 -35.7393 8.4
    endloop
  endfacet
  facet normal -0 0 1
    outer loop
      vertex -55.4784 -33.3451 8.4
      vertex -55.3235 -35.7074 8.4
      vertex -55.3235 -33.2926 8.4
    endloop
  endfacet
  facet normal 0 0 1
    outer loop
      vertex -55.4784 -33.3451 8.4
      vertex -55.4784 -35.6549 8.4
      vertex -55.3235 -35.7074 8.4
    endloop
  endfacet
  facet normal -0 0 1
    outer loop
      vertex -55.625 -33.4175 8.4
      vertex -55.4784 -35.6549 8.4
      vertex -55.4784 -33.3451 8.4
    endloop
  endfacet
  facet normal 0 0 1
    outer loop
      vertex -55.625 -33.4175 8.4
      vertex -55.625 -35.5825 8.4
      vertex -55.4784 -35.6549 8.4
    endloop
  endfacet
  facet normal -0 0 1
    outer loop
      vertex -55.761 -33.5083 8.4
      vertex -55.625 -35.5825 8.4
      vertex -55.625 -33.4175 8.4
    endloop
  endfacet
  facet normal 0 0 1
    outer loop
      vertex -55.761 -33.5083 8.4
      vertex -55.761 -35.4917 8.4
      vertex -55.625 -35.5825 8.4
    endloop
  endfacet
  facet normal -0 0 1
    outer loop
      vertex -55.8839 -33.6161 8.4
      vertex -55.761 -35.4917 8.4
      vertex -55.761 -33.5083 8.4
    endloop
  endfacet
  facet normal 0 0 1
    outer loop
      vertex -55.8839 -33.6161 8.4
      vertex -55.8839 -35.3839 8.4
      vertex -55.761 -35.4917 8.4
    endloop
  endfacet
  facet normal -0 0 1
    outer loop
      vertex -55.9917 -33.739 8.4
      vertex -55.8839 -35.3839 8.4
      vertex -55.8839 -33.6161 8.4
    endloop
  endfacet
  facet normal 0 0 1
    outer loop
      vertex -55.9917 -33.739 8.4
      vertex -55.9917 -35.261 8.4
      vertex -55.8839 -35.3839 8.4
    endloop
  endfacet
  facet normal -0 0 1
    outer loop
      vertex -56.0825 -33.875 8.4
      vertex -55.9917 -35.261 8.4
      vertex -55.9917 -33.739 8.4
    endloop
  endfacet
  facet normal 0 0 1
    outer loop
      vertex -56.0825 -33.875 8.4
      vertex -56.0825 -35.125 8.4
      vertex -55.9917 -35.261 8.4
    endloop
  endfacet
  facet normal -0 0 1
    outer loop
      vertex -56.1549 -34.0216 8.4
      vertex -56.0825 -35.125 8.4
      vertex -56.0825 -33.875 8.4
    endloop
  endfacet
  facet normal 0 0 1
    outer loop
      vertex -56.1549 -34.0216 8.4
      vertex -56.1549 -34.9784 8.4
      vertex -56.0825 -35.125 8.4
    endloop
  endfacet
  facet normal -0 0 1
    outer loop
      vertex -56.2074 -34.1765 8.4
      vertex -56.1549 -34.9784 8.4
      vertex -56.1549 -34.0216 8.4
    endloop
  endfacet
  facet normal 0 0 1
    outer loop
      vertex -56.2074 -34.1765 8.4
      vertex -56.2074 -34.8235 8.4
      vertex -56.1549 -34.9784 8.4
    endloop
  endfacet
  facet normal -0 0 1
    outer loop
      vertex -56.2393 -34.3368 8.4
      vertex -56.2074 -34.8235 8.4
      vertex -56.2074 -34.1765 8.4
    endloop
  endfacet
  facet normal 0 0 1
    outer loop
      vertex -56.2393 -34.3368 8.4
      vertex -56.2393 -34.6632 8.4
      vertex -56.2074 -34.8235 8.4
    endloop
  endfacet
  facet normal 0 -0 1
    outer loop
      vertex -56.2393 -34.6632 8.4
      vertex -56.2393 -34.3368 8.4
      vertex -56.25 -34.5 8.4
    endloop
  endfacet
  facet normal -0.442805 -0.896618 0
    outer loop
      vertex -55.625 -35.5825 7.8
      vertex -55.4784 -35.6549 8.4
      vertex -55.625 -35.5825 8.4
    endloop
  endfacet
  facet normal -0.442805 -0.896618 -0
    outer loop
      vertex -55.4784 -35.6549 8.4
      vertex -55.625 -35.5825 7.8
      vertex -55.4784 -35.6549 7.8
    endloop
  endfacet
  facet normal -0.831674 -0.555265 0
    outer loop
      vertex -55.9917 -35.261 7.8
      vertex -56.0825 -35.125 8.4
      vertex -56.0825 -35.125 7.8
    endloop
  endfacet
  facet normal -0.831674 -0.555265 0
    outer loop
      vertex -56.0825 -35.125 8.4
      vertex -55.9917 -35.261 7.8
      vertex -55.9917 -35.261 8.4
    endloop
  endfacet
  facet normal -0.980768 -0.195175 0
    outer loop
      vertex -56.2074 -34.8235 7.8
      vertex -56.2393 -34.6632 8.4
      vertex -56.2393 -34.6632 7.8
    endloop
  endfacet
  facet normal -0.980768 -0.195175 0
    outer loop
      vertex -56.2393 -34.6632 8.4
      vertex -56.2074 -34.8235 7.8
      vertex -56.2074 -34.8235 8.4
    endloop
  endfacet
  facet normal -0.659414 -0.75178 0
    outer loop
      vertex -55.8839 -35.3839 7.8
      vertex -55.761 -35.4917 8.4
      vertex -55.8839 -35.3839 8.4
    endloop
  endfacet
  facet normal -0.659414 -0.75178 -0
    outer loop
      vertex -55.761 -35.4917 8.4
      vertex -55.8839 -35.3839 7.8
      vertex -55.761 -35.4917 7.8
    endloop
  endfacet
  facet normal -0.896618 0.442805 0
    outer loop
      vertex -56.1549 -34.0216 7.8
      vertex -56.0825 -33.875 8.4
      vertex -56.0825 -33.875 7.8
    endloop
  endfacet
  facet normal -0.896618 0.442805 0
    outer loop
      vertex -56.0825 -33.875 8.4
      vertex -56.1549 -34.0216 7.8
      vertex -56.1549 -34.0216 8.4
    endloop
  endfacet
  facet normal -0.997858 -0.0654233 0
    outer loop
      vertex -56.2393 -34.6632 7.8
      vertex -56.25 -34.5 8.4
      vertex -56.25 -34.5 7.8
    endloop
  endfacet
  facet normal -0.997858 -0.0654233 0
    outer loop
      vertex -56.25 -34.5 8.4
      vertex -56.2393 -34.6632 7.8
      vertex -56.2393 -34.6632 8.4
    endloop
  endfacet
  facet normal 0.555265 -0.831674 0
    outer loop
      vertex -54.375 -35.5825 7.8
      vertex -54.239 -35.4917 8.4
      vertex -54.375 -35.5825 8.4
    endloop
  endfacet
  facet normal 0.555265 -0.831674 0
    outer loop
      vertex -54.239 -35.4917 8.4
      vertex -54.375 -35.5825 7.8
      vertex -54.239 -35.4917 7.8
    endloop
  endfacet
  facet normal -0.555265 -0.831674 0
    outer loop
      vertex -55.761 -35.4917 7.8
      vertex -55.625 -35.5825 8.4
      vertex -55.761 -35.4917 8.4
    endloop
  endfacet
  facet normal -0.555265 -0.831674 -0
    outer loop
      vertex -55.625 -35.5825 8.4
      vertex -55.761 -35.4917 7.8
      vertex -55.625 -35.5825 7.8
    endloop
  endfacet
  facet normal 0.980783 -0.195101 0
    outer loop
      vertex 57.6563 -35.2118 7.8
      vertex 57.7265 -34.8589 6
      vertex 57.7265 -34.8589 7.8
    endloop
  endfacet
  facet normal 0.980783 -0.195101 0
    outer loop
      vertex 57.7265 -34.8589 6
      vertex 57.6563 -35.2118 7.8
      vertex 57.6563 -35.2118 6
    endloop
  endfacet
  facet normal 0.980783 0.195101 0
    outer loop
      vertex 57.7265 -34.1411 7.8
      vertex 57.6563 -33.7882 6
      vertex 57.6563 -33.7882 7.8
    endloop
  endfacet
  facet normal 0.980783 0.195101 0
    outer loop
      vertex 57.6563 -33.7882 6
      vertex 57.7265 -34.1411 7.8
      vertex 57.7265 -34.1411 6
    endloop
  endfacet
  facet normal 0.997863 0.0653379 0
    outer loop
      vertex 57.75 -34.5 7.8
      vertex 57.7265 -34.1411 6
      vertex 57.7265 -34.1411 7.8
    endloop
  endfacet
  facet normal 0.997863 0.0653379 0
    outer loop
      vertex 57.7265 -34.1411 6
      vertex 57.75 -34.5 7.8
      vertex 57.75 -34.5 6
    endloop
  endfacet
  facet normal 0.946945 0.321394 0
    outer loop
      vertex 57.6563 -33.7882 7.8
      vertex 57.5407 -33.4476 6
      vertex 57.5407 -33.4476 7.8
    endloop
  endfacet
  facet normal 0.946945 0.321394 0
    outer loop
      vertex 57.5407 -33.4476 6
      vertex 57.6563 -33.7882 7.8
      vertex 57.6563 -33.7882 6
    endloop
  endfacet
  facet normal -0.997863 0.0653379 0
    outer loop
      vertex 52.25 -34.5 6
      vertex 52.2735 -34.1411 7.8
      vertex 52.2735 -34.1411 6
    endloop
  endfacet
  facet normal -0.997863 0.0653379 0
    outer loop
      vertex 52.2735 -34.1411 7.8
      vertex 52.25 -34.5 6
      vertex 52.25 -34.5 7.8
    endloop
  endfacet
  facet normal 0.442314 -0.89686 0
    outer loop
      vertex 56.0524 -37.0407 6
      vertex 56.375 -36.8816 7.8
      vertex 56.0524 -37.0407 7.8
    endloop
  endfacet
  facet normal 0.442314 -0.89686 0
    outer loop
      vertex 56.375 -36.8816 7.8
      vertex 56.0524 -37.0407 6
      vertex 56.375 -36.8816 6
    endloop
  endfacet
  facet normal 0.195101 0.980783 -0
    outer loop
      vertex 55.7118 -31.8437 6
      vertex 55.3589 -31.7735 7.8
      vertex 55.7118 -31.8437 7.8
    endloop
  endfacet
  facet normal 0.195101 0.980783 0
    outer loop
      vertex 55.3589 -31.7735 7.8
      vertex 55.7118 -31.8437 6
      vertex 55.3589 -31.7735 6
    endloop
  endfacet
  facet normal 0.195101 -0.980783 0
    outer loop
      vertex 55.3589 -37.2265 6
      vertex 55.7118 -37.1563 7.8
      vertex 55.3589 -37.2265 7.8
    endloop
  endfacet
  facet normal 0.195101 -0.980783 0
    outer loop
      vertex 55.7118 -37.1563 7.8
      vertex 55.3589 -37.2265 6
      vertex 55.7118 -37.1563 6
    endloop
  endfacet
  facet normal 0.0653379 -0.997863 0
    outer loop
      vertex 55 -37.25 6
      vertex 55.3589 -37.2265 7.8
      vertex 55 -37.25 7.8
    endloop
  endfacet
  facet normal 0.0653379 -0.997863 0
    outer loop
      vertex 55.3589 -37.2265 7.8
      vertex 55 -37.25 6
      vertex 55.3589 -37.2265 6
    endloop
  endfacet
  facet normal -0.659449 0.751749 0
    outer loop
      vertex 53.3259 -32.3183 6
      vertex 53.0555 -32.5555 7.8
      vertex 53.3259 -32.3183 7.8
    endloop
  endfacet
  facet normal -0.659449 0.751749 0
    outer loop
      vertex 53.0555 -32.5555 7.8
      vertex 53.3259 -32.3183 6
      vertex 53.0555 -32.5555 6
    endloop
  endfacet
  facet normal -0.831408 0.555662 0
    outer loop
      vertex 52.6184 -33.125 6
      vertex 52.8183 -32.8259 7.8
      vertex 52.8183 -32.8259 6
    endloop
  endfacet
  facet normal -0.831408 0.555662 0
    outer loop
      vertex 52.8183 -32.8259 7.8
      vertex 52.6184 -33.125 6
      vertex 52.6184 -33.125 7.8
    endloop
  endfacet
  facet normal 0.321394 0.946945 -0
    outer loop
      vertex 56.0524 -31.9593 6
      vertex 55.7118 -31.8437 7.8
      vertex 56.0524 -31.9593 7.8
    endloop
  endfacet
  facet normal 0.321394 0.946945 0
    outer loop
      vertex 55.7118 -31.8437 7.8
      vertex 56.0524 -31.9593 6
      vertex 55.7118 -31.8437 6
    endloop
  endfacet
  facet normal 0.659449 -0.751749 0
    outer loop
      vertex 56.6741 -36.6817 6
      vertex 56.9445 -36.4445 7.8
      vertex 56.6741 -36.6817 7.8
    endloop
  endfacet
  facet normal 0.659449 -0.751749 0
    outer loop
      vertex 56.9445 -36.4445 7.8
      vertex 56.6741 -36.6817 6
      vertex 56.9445 -36.4445 6
    endloop
  endfacet
  facet normal -0.442314 0.89686 0
    outer loop
      vertex 53.9476 -31.9593 6
      vertex 53.625 -32.1184 7.8
      vertex 53.9476 -31.9593 7.8
    endloop
  endfacet
  facet normal -0.442314 0.89686 0
    outer loop
      vertex 53.625 -32.1184 7.8
      vertex 53.9476 -31.9593 6
      vertex 53.625 -32.1184 6
    endloop
  endfacet
  facet normal -0.0653379 -0.997863 0
    outer loop
      vertex 54.6411 -37.2265 6
      vertex 55 -37.25 7.8
      vertex 54.6411 -37.2265 7.8
    endloop
  endfacet
  facet normal -0.0653379 -0.997863 -0
    outer loop
      vertex 55 -37.25 7.8
      vertex 54.6411 -37.2265 6
      vertex 55 -37.25 6
    endloop
  endfacet
  facet normal 0.751749 -0.659449 0
    outer loop
      vertex 56.9445 -36.4445 7.8
      vertex 57.1817 -36.1741 6
      vertex 57.1817 -36.1741 7.8
    endloop
  endfacet
  facet normal 0.751749 -0.659449 0
    outer loop
      vertex 57.1817 -36.1741 6
      vertex 56.9445 -36.4445 7.8
      vertex 56.9445 -36.4445 6
    endloop
  endfacet
  facet normal -0.946945 -0.321394 0
    outer loop
      vertex 52.4593 -35.5524 6
      vertex 52.3437 -35.2118 7.8
      vertex 52.3437 -35.2118 6
    endloop
  endfacet
  facet normal -0.946945 -0.321394 0
    outer loop
      vertex 52.3437 -35.2118 7.8
      vertex 52.4593 -35.5524 6
      vertex 52.4593 -35.5524 7.8
    endloop
  endfacet
  facet normal 0.321394 -0.946945 0
    outer loop
      vertex 55.7118 -37.1563 6
      vertex 56.0524 -37.0407 7.8
      vertex 55.7118 -37.1563 7.8
    endloop
  endfacet
  facet normal 0.321394 -0.946945 0
    outer loop
      vertex 56.0524 -37.0407 7.8
      vertex 55.7118 -37.1563 6
      vertex 56.0524 -37.0407 6
    endloop
  endfacet
  facet normal -0.321394 0.946945 0
    outer loop
      vertex 54.2882 -31.8437 6
      vertex 53.9476 -31.9593 7.8
      vertex 54.2882 -31.8437 7.8
    endloop
  endfacet
  facet normal -0.321394 0.946945 0
    outer loop
      vertex 53.9476 -31.9593 7.8
      vertex 54.2882 -31.8437 6
      vertex 53.9476 -31.9593 6
    endloop
  endfacet
  facet normal 0.751749 0.659449 0
    outer loop
      vertex 57.1817 -32.8259 7.8
      vertex 56.9445 -32.5555 6
      vertex 56.9445 -32.5555 7.8
    endloop
  endfacet
  facet normal 0.751749 0.659449 0
    outer loop
      vertex 56.9445 -32.5555 6
      vertex 57.1817 -32.8259 7.8
      vertex 57.1817 -32.8259 6
    endloop
  endfacet
  facet normal -0.555662 0.831408 0
    outer loop
      vertex 53.625 -32.1184 6
      vertex 53.3259 -32.3183 7.8
      vertex 53.625 -32.1184 7.8
    endloop
  endfacet
  facet normal -0.555662 0.831408 0
    outer loop
      vertex 53.3259 -32.3183 7.8
      vertex 53.625 -32.1184 6
      vertex 53.3259 -32.3183 6
    endloop
  endfacet
  facet normal -0.946945 0.321394 0
    outer loop
      vertex 52.3437 -33.7882 6
      vertex 52.4593 -33.4476 7.8
      vertex 52.4593 -33.4476 6
    endloop
  endfacet
  facet normal -0.946945 0.321394 0
    outer loop
      vertex 52.4593 -33.4476 7.8
      vertex 52.3437 -33.7882 6
      vertex 52.3437 -33.7882 7.8
    endloop
  endfacet
  facet normal 0.89686 0.442314 0
    outer loop
      vertex 57.5407 -33.4476 7.8
      vertex 57.3816 -33.125 6
      vertex 57.3816 -33.125 7.8
    endloop
  endfacet
  facet normal 0.89686 0.442314 0
    outer loop
      vertex 57.3816 -33.125 6
      vertex 57.5407 -33.4476 7.8
      vertex 57.5407 -33.4476 6
    endloop
  endfacet
  facet normal -0.195101 0.980783 0
    outer loop
      vertex 54.6411 -31.7735 6
      vertex 54.2882 -31.8437 7.8
      vertex 54.6411 -31.7735 7.8
    endloop
  endfacet
  facet normal -0.195101 0.980783 0
    outer loop
      vertex 54.2882 -31.8437 7.8
      vertex 54.6411 -31.7735 6
      vertex 54.2882 -31.8437 6
    endloop
  endfacet
  facet normal 0.659449 0.751749 -0
    outer loop
      vertex 56.9445 -32.5555 6
      vertex 56.6741 -32.3183 7.8
      vertex 56.9445 -32.5555 7.8
    endloop
  endfacet
  facet normal 0.659449 0.751749 0
    outer loop
      vertex 56.6741 -32.3183 7.8
      vertex 56.9445 -32.5555 6
      vertex 56.6741 -32.3183 6
    endloop
  endfacet
  facet normal 0.997863 -0.0653379 0
    outer loop
      vertex 57.7265 -34.8589 7.8
      vertex 57.75 -34.5 6
      vertex 57.75 -34.5 7.8
    endloop
  endfacet
  facet normal 0.997863 -0.0653379 0
    outer loop
      vertex 57.75 -34.5 6
      vertex 57.7265 -34.8589 7.8
      vertex 57.7265 -34.8589 6
    endloop
  endfacet
  facet normal 0.442314 0.89686 -0
    outer loop
      vertex 56.375 -32.1184 6
      vertex 56.0524 -31.9593 7.8
      vertex 56.375 -32.1184 7.8
    endloop
  endfacet
  facet normal 0.442314 0.89686 0
    outer loop
      vertex 56.0524 -31.9593 7.8
      vertex 56.375 -32.1184 6
      vertex 56.0524 -31.9593 6
    endloop
  endfacet
  facet normal -0.321394 -0.946945 0
    outer loop
      vertex 53.9476 -37.0407 6
      vertex 54.2882 -37.1563 7.8
      vertex 53.9476 -37.0407 7.8
    endloop
  endfacet
  facet normal -0.321394 -0.946945 -0
    outer loop
      vertex 54.2882 -37.1563 7.8
      vertex 53.9476 -37.0407 6
      vertex 54.2882 -37.1563 6
    endloop
  endfacet
  facet normal -0.980783 0.195101 0
    outer loop
      vertex 52.2735 -34.1411 6
      vertex 52.3437 -33.7882 7.8
      vertex 52.3437 -33.7882 6
    endloop
  endfacet
  facet normal -0.980783 0.195101 0
    outer loop
      vertex 52.3437 -33.7882 7.8
      vertex 52.2735 -34.1411 6
      vertex 52.2735 -34.1411 7.8
    endloop
  endfacet
  facet normal -0.0653379 0.997863 0
    outer loop
      vertex 55 -31.75 6
      vertex 54.6411 -31.7735 7.8
      vertex 55 -31.75 7.8
    endloop
  endfacet
  facet normal -0.0653379 0.997863 0
    outer loop
      vertex 54.6411 -31.7735 7.8
      vertex 55 -31.75 6
      vertex 54.6411 -31.7735 6
    endloop
  endfacet
  facet normal -0.195101 -0.980783 0
    outer loop
      vertex 54.2882 -37.1563 6
      vertex 54.6411 -37.2265 7.8
      vertex 54.2882 -37.1563 7.8
    endloop
  endfacet
  facet normal -0.195101 -0.980783 -0
    outer loop
      vertex 54.6411 -37.2265 7.8
      vertex 54.2882 -37.1563 6
      vertex 54.6411 -37.2265 6
    endloop
  endfacet
  facet normal 0.946945 -0.321394 0
    outer loop
      vertex 57.5407 -35.5524 7.8
      vertex 57.6563 -35.2118 6
      vertex 57.6563 -35.2118 7.8
    endloop
  endfacet
  facet normal 0.946945 -0.321394 0
    outer loop
      vertex 57.6563 -35.2118 6
      vertex 57.5407 -35.5524 7.8
      vertex 57.5407 -35.5524 6
    endloop
  endfacet
  facet normal 0.831408 0.555662 0
    outer loop
      vertex 57.3816 -33.125 7.8
      vertex 57.1817 -32.8259 6
      vertex 57.1817 -32.8259 7.8
    endloop
  endfacet
  facet normal 0.831408 0.555662 0
    outer loop
      vertex 57.1817 -32.8259 6
      vertex 57.3816 -33.125 7.8
      vertex 57.3816 -33.125 6
    endloop
  endfacet
  facet normal -0.89686 -0.442314 0
    outer loop
      vertex 52.6184 -35.875 6
      vertex 52.4593 -35.5524 7.8
      vertex 52.4593 -35.5524 6
    endloop
  endfacet
  facet normal -0.89686 -0.442314 0
    outer loop
      vertex 52.4593 -35.5524 7.8
      vertex 52.6184 -35.875 6
      vertex 52.6184 -35.875 7.8
    endloop
  endfacet
  facet normal 0.89686 -0.442314 0
    outer loop
      vertex 57.3816 -35.875 7.8
      vertex 57.5407 -35.5524 6
      vertex 57.5407 -35.5524 7.8
    endloop
  endfacet
  facet normal 0.89686 -0.442314 0
    outer loop
      vertex 57.5407 -35.5524 6
      vertex 57.3816 -35.875 7.8
      vertex 57.3816 -35.875 6
    endloop
  endfacet
  facet normal -0.751749 -0.659449 0
    outer loop
      vertex 53.0555 -36.4445 6
      vertex 52.8183 -36.1741 7.8
      vertex 52.8183 -36.1741 6
    endloop
  endfacet
  facet normal -0.751749 -0.659449 0
    outer loop
      vertex 52.8183 -36.1741 7.8
      vertex 53.0555 -36.4445 6
      vertex 53.0555 -36.4445 7.8
    endloop
  endfacet
  facet normal 0.831408 -0.555662 0
    outer loop
      vertex 57.1817 -36.1741 7.8
      vertex 57.3816 -35.875 6
      vertex 57.3816 -35.875 7.8
    endloop
  endfacet
  facet normal 0.831408 -0.555662 0
    outer loop
      vertex 57.3816 -35.875 6
      vertex 57.1817 -36.1741 7.8
      vertex 57.1817 -36.1741 6
    endloop
  endfacet
  facet normal 0 0 -1
    outer loop
      vertex 57.7265 -34.8589 6
      vertex 57.7265 -34.1411 6
      vertex 57.75 -34.5 6
    endloop
  endfacet
  facet normal 0 0 -1
    outer loop
      vertex 57.6563 -35.2118 6
      vertex 57.7265 -34.1411 6
      vertex 57.7265 -34.8589 6
    endloop
  endfacet
  facet normal 0 0 -1
    outer loop
      vertex 57.6563 -35.2118 6
      vertex 57.6563 -33.7882 6
      vertex 57.7265 -34.1411 6
    endloop
  endfacet
  facet normal 0 0 -1
    outer loop
      vertex 57.5407 -35.5524 6
      vertex 57.6563 -33.7882 6
      vertex 57.6563 -35.2118 6
    endloop
  endfacet
  facet normal 0 0 -1
    outer loop
      vertex 57.5407 -35.5524 6
      vertex 57.5407 -33.4476 6
      vertex 57.6563 -33.7882 6
    endloop
  endfacet
  facet normal 0 0 -1
    outer loop
      vertex 57.3816 -35.875 6
      vertex 57.5407 -33.4476 6
      vertex 57.5407 -35.5524 6
    endloop
  endfacet
  facet normal 0 0 -1
    outer loop
      vertex 57.3816 -35.875 6
      vertex 57.3816 -33.125 6
      vertex 57.5407 -33.4476 6
    endloop
  endfacet
  facet normal 0 0 -1
    outer loop
      vertex 57.1817 -36.1741 6
      vertex 57.3816 -33.125 6
      vertex 57.3816 -35.875 6
    endloop
  endfacet
  facet normal 0 0 -1
    outer loop
      vertex 57.1817 -36.1741 6
      vertex 57.1817 -32.8259 6
      vertex 57.3816 -33.125 6
    endloop
  endfacet
  facet normal 0 0 -1
    outer loop
      vertex 56.9445 -36.4445 6
      vertex 57.1817 -32.8259 6
      vertex 57.1817 -36.1741 6
    endloop
  endfacet
  facet normal 0 0 -1
    outer loop
      vertex 56.9445 -36.4445 6
      vertex 56.9445 -32.5555 6
      vertex 57.1817 -32.8259 6
    endloop
  endfacet
  facet normal 0 0 -1
    outer loop
      vertex 56.6741 -36.6817 6
      vertex 56.9445 -32.5555 6
      vertex 56.9445 -36.4445 6
    endloop
  endfacet
  facet normal 0 0 -1
    outer loop
      vertex 56.6741 -36.6817 6
      vertex 56.6741 -32.3183 6
      vertex 56.9445 -32.5555 6
    endloop
  endfacet
  facet normal 0 0 -1
    outer loop
      vertex 56.375 -36.8816 6
      vertex 56.6741 -32.3183 6
      vertex 56.6741 -36.6817 6
    endloop
  endfacet
  facet normal 0 0 -1
    outer loop
      vertex 56.375 -36.8816 6
      vertex 56.375 -32.1184 6
      vertex 56.6741 -32.3183 6
    endloop
  endfacet
  facet normal 0 0 -1
    outer loop
      vertex 56.0524 -37.0407 6
      vertex 56.375 -32.1184 6
      vertex 56.375 -36.8816 6
    endloop
  endfacet
  facet normal 0 0 -1
    outer loop
      vertex 56.0524 -37.0407 6
      vertex 56.0524 -31.9593 6
      vertex 56.375 -32.1184 6
    endloop
  endfacet
  facet normal 0 0 -1
    outer loop
      vertex 55.7118 -37.1563 6
      vertex 56.0524 -31.9593 6
      vertex 56.0524 -37.0407 6
    endloop
  endfacet
  facet normal 0 0 -1
    outer loop
      vertex 55.7118 -37.1563 6
      vertex 55.7118 -31.8437 6
      vertex 56.0524 -31.9593 6
    endloop
  endfacet
  facet normal 0 0 -1
    outer loop
      vertex 55.3589 -37.2265 6
      vertex 55.7118 -31.8437 6
      vertex 55.7118 -37.1563 6
    endloop
  endfacet
  facet normal 0 0 -1
    outer loop
      vertex 55.3589 -37.2265 6
      vertex 55.3589 -31.7735 6
      vertex 55.7118 -31.8437 6
    endloop
  endfacet
  facet normal 0 0 -1
    outer loop
      vertex 55 -37.25 6
      vertex 55.3589 -31.7735 6
      vertex 55.3589 -37.2265 6
    endloop
  endfacet
  facet normal 0 0 -1
    outer loop
      vertex 55 -37.25 6
      vertex 55 -31.75 6
      vertex 55.3589 -31.7735 6
    endloop
  endfacet
  facet normal 0 0 -1
    outer loop
      vertex 54.6411 -37.2265 6
      vertex 55 -31.75 6
      vertex 55 -37.25 6
    endloop
  endfacet
  facet normal 0 0 -1
    outer loop
      vertex 54.6411 -37.2265 6
      vertex 54.6411 -31.7735 6
      vertex 55 -31.75 6
    endloop
  endfacet
  facet normal 0 0 -1
    outer loop
      vertex 54.2882 -37.1563 6
      vertex 54.6411 -31.7735 6
      vertex 54.6411 -37.2265 6
    endloop
  endfacet
  facet normal 0 0 -1
    outer loop
      vertex 54.2882 -37.1563 6
      vertex 54.2882 -31.8437 6
      vertex 54.6411 -31.7735 6
    endloop
  endfacet
  facet normal 0 0 -1
    outer loop
      vertex 53.9476 -37.0407 6
      vertex 54.2882 -31.8437 6
      vertex 54.2882 -37.1563 6
    endloop
  endfacet
  facet normal 0 0 -1
    outer loop
      vertex 53.9476 -37.0407 6
      vertex 53.9476 -31.9593 6
      vertex 54.2882 -31.8437 6
    endloop
  endfacet
  facet normal 0 0 -1
    outer loop
      vertex 53.625 -36.8816 6
      vertex 53.9476 -31.9593 6
      vertex 53.9476 -37.0407 6
    endloop
  endfacet
  facet normal 0 0 -1
    outer loop
      vertex 53.625 -36.8816 6
      vertex 53.625 -32.1184 6
      vertex 53.9476 -31.9593 6
    endloop
  endfacet
  facet normal 0 0 -1
    outer loop
      vertex 53.3259 -36.6817 6
      vertex 53.625 -32.1184 6
      vertex 53.625 -36.8816 6
    endloop
  endfacet
  facet normal 0 0 -1
    outer loop
      vertex 53.3259 -36.6817 6
      vertex 53.3259 -32.3183 6
      vertex 53.625 -32.1184 6
    endloop
  endfacet
  facet normal 0 0 -1
    outer loop
      vertex 53.0555 -36.4445 6
      vertex 53.3259 -32.3183 6
      vertex 53.3259 -36.6817 6
    endloop
  endfacet
  facet normal 0 0 -1
    outer loop
      vertex 53.0555 -36.4445 6
      vertex 53.0555 -32.5555 6
      vertex 53.3259 -32.3183 6
    endloop
  endfacet
  facet normal 0 0 -1
    outer loop
      vertex 52.8183 -36.1741 6
      vertex 53.0555 -32.5555 6
      vertex 53.0555 -36.4445 6
    endloop
  endfacet
  facet normal 0 0 -1
    outer loop
      vertex 52.8183 -36.1741 6
      vertex 52.8183 -32.8259 6
      vertex 53.0555 -32.5555 6
    endloop
  endfacet
  facet normal 0 0 -1
    outer loop
      vertex 52.6184 -35.875 6
      vertex 52.8183 -32.8259 6
      vertex 52.8183 -36.1741 6
    endloop
  endfacet
  facet normal 0 0 -1
    outer loop
      vertex 52.6184 -35.875 6
      vertex 52.6184 -33.125 6
      vertex 52.8183 -32.8259 6
    endloop
  endfacet
  facet normal 0 0 -1
    outer loop
      vertex 52.4593 -35.5524 6
      vertex 52.6184 -33.125 6
      vertex 52.6184 -35.875 6
    endloop
  endfacet
  facet normal 0 0 -1
    outer loop
      vertex 52.4593 -35.5524 6
      vertex 52.4593 -33.4476 6
      vertex 52.6184 -33.125 6
    endloop
  endfacet
  facet normal 0 0 -1
    outer loop
      vertex 52.3437 -35.2118 6
      vertex 52.4593 -33.4476 6
      vertex 52.4593 -35.5524 6
    endloop
  endfacet
  facet normal 0 0 -1
    outer loop
      vertex 52.3437 -35.2118 6
      vertex 52.3437 -33.7882 6
      vertex 52.4593 -33.4476 6
    endloop
  endfacet
  facet normal 0 0 -1
    outer loop
      vertex 52.2735 -34.8589 6
      vertex 52.3437 -33.7882 6
      vertex 52.3437 -35.2118 6
    endloop
  endfacet
  facet normal 0 0 -1
    outer loop
      vertex 52.2735 -34.8589 6
      vertex 52.2735 -34.1411 6
      vertex 52.3437 -33.7882 6
    endloop
  endfacet
  facet normal 0 -0 -1
    outer loop
      vertex 52.2735 -34.1411 6
      vertex 52.2735 -34.8589 6
      vertex 52.25 -34.5 6
    endloop
  endfacet
  facet normal -0.751749 0.659449 0
    outer loop
      vertex 52.8183 -32.8259 6
      vertex 53.0555 -32.5555 7.8
      vertex 53.0555 -32.5555 6
    endloop
  endfacet
  facet normal -0.751749 0.659449 0
    outer loop
      vertex 53.0555 -32.5555 7.8
      vertex 52.8183 -32.8259 6
      vertex 52.8183 -32.8259 7.8
    endloop
  endfacet
  facet normal 0.0653379 0.997863 -0
    outer loop
      vertex 55.3589 -31.7735 6
      vertex 55 -31.75 7.8
      vertex 55.3589 -31.7735 7.8
    endloop
  endfacet
  facet normal 0.0653379 0.997863 0
    outer loop
      vertex 55 -31.75 7.8
      vertex 55.3589 -31.7735 6
      vertex 55 -31.75 6
    endloop
  endfacet
  facet normal 0.555662 0.831408 -0
    outer loop
      vertex 56.6741 -32.3183 6
      vertex 56.375 -32.1184 7.8
      vertex 56.6741 -32.3183 7.8
    endloop
  endfacet
  facet normal 0.555662 0.831408 0
    outer loop
      vertex 56.375 -32.1184 7.8
      vertex 56.6741 -32.3183 6
      vertex 56.375 -32.1184 6
    endloop
  endfacet
  facet normal 0 0 1
    outer loop
      vertex 56.25 -34.5 7.8
      vertex 57.75 -34.5 7.8
      vertex 57.7265 -34.1411 7.8
    endloop
  endfacet
  facet normal 0 0 1
    outer loop
      vertex 56.2393 -34.3368 7.8
      vertex 57.7265 -34.1411 7.8
      vertex 57.6563 -33.7882 7.8
    endloop
  endfacet
  facet normal 0 0 1
    outer loop
      vertex 57.75 -34.5 7.8
      vertex 56.25 -34.5 7.8
      vertex 57.7265 -34.8589 7.8
    endloop
  endfacet
  facet normal 0 0 1
    outer loop
      vertex 56.2074 -34.1765 7.8
      vertex 57.6563 -33.7882 7.8
      vertex 57.5407 -33.4476 7.8
    endloop
  endfacet
  facet normal -0 0 1
    outer loop
      vertex 56.2393 -34.6632 7.8
      vertex 57.7265 -34.8589 7.8
      vertex 56.25 -34.5 7.8
    endloop
  endfacet
  facet normal 0 0 1
    outer loop
      vertex 56.1549 -34.0216 7.8
      vertex 57.5407 -33.4476 7.8
      vertex 57.3816 -33.125 7.8
    endloop
  endfacet
  facet normal 0 0 1
    outer loop
      vertex 57.7265 -34.8589 7.8
      vertex 56.2393 -34.6632 7.8
      vertex 57.6563 -35.2118 7.8
    endloop
  endfacet
  facet normal 0 0 1
    outer loop
      vertex 56.0825 -33.875 7.8
      vertex 57.3816 -33.125 7.8
      vertex 57.1817 -32.8259 7.8
    endloop
  endfacet
  facet normal -0 0 1
    outer loop
      vertex 56.2074 -34.8235 7.8
      vertex 57.6563 -35.2118 7.8
      vertex 56.2393 -34.6632 7.8
    endloop
  endfacet
  facet normal 0 0 1
    outer loop
      vertex 55.9917 -33.739 7.8
      vertex 57.1817 -32.8259 7.8
      vertex 56.9445 -32.5555 7.8
    endloop
  endfacet
  facet normal 0 0 1
    outer loop
      vertex 57.6563 -35.2118 7.8
      vertex 56.2074 -34.8235 7.8
      vertex 57.5407 -35.5524 7.8
    endloop
  endfacet
  facet normal 0 0 1
    outer loop
      vertex 55.8839 -33.6161 7.8
      vertex 56.9445 -32.5555 7.8
      vertex 56.6741 -32.3183 7.8
    endloop
  endfacet
  facet normal -0 0 1
    outer loop
      vertex 56.1549 -34.9784 7.8
      vertex 57.5407 -35.5524 7.8
      vertex 56.2074 -34.8235 7.8
    endloop
  endfacet
  facet normal 0 0 1
    outer loop
      vertex 55.761 -33.5083 7.8
      vertex 56.6741 -32.3183 7.8
      vertex 56.375 -32.1184 7.8
    endloop
  endfacet
  facet normal 0 0 1
    outer loop
      vertex 57.5407 -35.5524 7.8
      vertex 56.1549 -34.9784 7.8
      vertex 57.3816 -35.875 7.8
    endloop
  endfacet
  facet normal -0 0 1
    outer loop
      vertex 56.0825 -35.125 7.8
      vertex 57.3816 -35.875 7.8
      vertex 56.1549 -34.9784 7.8
    endloop
  endfacet
  facet normal 0 0 1
    outer loop
      vertex 57.7265 -34.1411 7.8
      vertex 56.2393 -34.3368 7.8
      vertex 56.25 -34.5 7.8
    endloop
  endfacet
  facet normal 0 0 1
    outer loop
      vertex 57.6563 -33.7882 7.8
      vertex 56.2074 -34.1765 7.8
      vertex 56.2393 -34.3368 7.8
    endloop
  endfacet
  facet normal 0 0 1
    outer loop
      vertex 57.5407 -33.4476 7.8
      vertex 56.1549 -34.0216 7.8
      vertex 56.2074 -34.1765 7.8
    endloop
  endfacet
  facet normal 0 0 1
    outer loop
      vertex 57.3816 -33.125 7.8
      vertex 56.0825 -33.875 7.8
      vertex 56.1549 -34.0216 7.8
    endloop
  endfacet
  facet normal 0 0 1
    outer loop
      vertex 55.625 -33.4175 7.8
      vertex 56.375 -32.1184 7.8
      vertex 56.0524 -31.9593 7.8
    endloop
  endfacet
  facet normal 0 0 1
    outer loop
      vertex 57.1817 -32.8259 7.8
      vertex 55.9917 -33.739 7.8
      vertex 56.0825 -33.875 7.8
    endloop
  endfacet
  facet normal 0 0 1
    outer loop
      vertex 56.9445 -32.5555 7.8
      vertex 55.8839 -33.6161 7.8
      vertex 55.9917 -33.739 7.8
    endloop
  endfacet
  facet normal 0 0 1
    outer loop
      vertex 56.6741 -32.3183 7.8
      vertex 55.761 -33.5083 7.8
      vertex 55.8839 -33.6161 7.8
    endloop
  endfacet
  facet normal 0 0 1
    outer loop
      vertex 55.4784 -33.3451 7.8
      vertex 56.0524 -31.9593 7.8
      vertex 55.7118 -31.8437 7.8
    endloop
  endfacet
  facet normal 0 0 1
    outer loop
      vertex 56.375 -32.1184 7.8
      vertex 55.625 -33.4175 7.8
      vertex 55.761 -33.5083 7.8
    endloop
  endfacet
  facet normal 0 0 1
    outer loop
      vertex 56.0524 -31.9593 7.8
      vertex 55.4784 -33.3451 7.8
      vertex 55.625 -33.4175 7.8
    endloop
  endfacet
  facet normal 0 0 1
    outer loop
      vertex 55.3235 -33.2926 7.8
      vertex 55.7118 -31.8437 7.8
      vertex 55.3589 -31.7735 7.8
    endloop
  endfacet
  facet normal 0 0 1
    outer loop
      vertex 55.7118 -31.8437 7.8
      vertex 55.3235 -33.2926 7.8
      vertex 55.4784 -33.3451 7.8
    endloop
  endfacet
  facet normal 0 0 1
    outer loop
      vertex 55.3589 -31.7735 7.8
      vertex 55.1632 -33.2607 7.8
      vertex 55.3235 -33.2926 7.8
    endloop
  endfacet
  facet normal 0 0 1
    outer loop
      vertex 55 -31.75 7.8
      vertex 55.1632 -33.2607 7.8
      vertex 55.3589 -31.7735 7.8
    endloop
  endfacet
  facet normal 0 0 1
    outer loop
      vertex 55 -31.75 7.8
      vertex 55 -33.25 7.8
      vertex 55.1632 -33.2607 7.8
    endloop
  endfacet
  facet normal 0 0 1
    outer loop
      vertex 55 -31.75 7.8
      vertex 54.8368 -33.2607 7.8
      vertex 55 -33.25 7.8
    endloop
  endfacet
  facet normal -0 0 1
    outer loop
      vertex 54.6411 -31.7735 7.8
      vertex 54.8368 -33.2607 7.8
      vertex 55 -31.75 7.8
    endloop
  endfacet
  facet normal 0 0 1
    outer loop
      vertex 54.8368 -33.2607 7.8
      vertex 54.6411 -31.7735 7.8
      vertex 54.6765 -33.2926 7.8
    endloop
  endfacet
  facet normal -0 0 1
    outer loop
      vertex 54.2882 -31.8437 7.8
      vertex 54.6765 -33.2926 7.8
      vertex 54.6411 -31.7735 7.8
    endloop
  endfacet
  facet normal 0 0 1
    outer loop
      vertex 54.6765 -33.2926 7.8
      vertex 54.2882 -31.8437 7.8
      vertex 54.5216 -33.3451 7.8
    endloop
  endfacet
  facet normal -0 0 1
    outer loop
      vertex 53.9476 -31.9593 7.8
      vertex 54.5216 -33.3451 7.8
      vertex 54.2882 -31.8437 7.8
    endloop
  endfacet
  facet normal 0 0 1
    outer loop
      vertex 54.5216 -33.3451 7.8
      vertex 53.9476 -31.9593 7.8
      vertex 54.375 -33.4175 7.8
    endloop
  endfacet
  facet normal -0 0 1
    outer loop
      vertex 53.625 -32.1184 7.8
      vertex 54.375 -33.4175 7.8
      vertex 53.9476 -31.9593 7.8
    endloop
  endfacet
  facet normal 0 0 1
    outer loop
      vertex 54.375 -33.4175 7.8
      vertex 53.625 -32.1184 7.8
      vertex 54.239 -33.5083 7.8
    endloop
  endfacet
  facet normal -0 0 1
    outer loop
      vertex 53.3259 -32.3183 7.8
      vertex 54.239 -33.5083 7.8
      vertex 53.625 -32.1184 7.8
    endloop
  endfacet
  facet normal 0 0 1
    outer loop
      vertex 54.239 -33.5083 7.8
      vertex 53.3259 -32.3183 7.8
      vertex 54.1161 -33.6161 7.8
    endloop
  endfacet
  facet normal -0 0 1
    outer loop
      vertex 53.0555 -32.5555 7.8
      vertex 54.1161 -33.6161 7.8
      vertex 53.3259 -32.3183 7.8
    endloop
  endfacet
  facet normal 0 0 1
    outer loop
      vertex 54.1161 -33.6161 7.8
      vertex 53.0555 -32.5555 7.8
      vertex 54.0083 -33.739 7.8
    endloop
  endfacet
  facet normal -0 0 1
    outer loop
      vertex 52.8183 -32.8259 7.8
      vertex 54.0083 -33.739 7.8
      vertex 53.0555 -32.5555 7.8
    endloop
  endfacet
  facet normal -0 0 1
    outer loop
      vertex 52.6184 -33.125 7.8
      vertex 53.9175 -33.875 7.8
      vertex 52.8183 -32.8259 7.8
    endloop
  endfacet
  facet normal 0 0 1
    outer loop
      vertex 54.0083 -33.739 7.8
      vertex 52.8183 -32.8259 7.8
      vertex 53.9175 -33.875 7.8
    endloop
  endfacet
  facet normal 0 0 1
    outer loop
      vertex 57.3816 -35.875 7.8
      vertex 56.0825 -35.125 7.8
      vertex 57.1817 -36.1741 7.8
    endloop
  endfacet
  facet normal -0 0 1
    outer loop
      vertex 55.9917 -35.261 7.8
      vertex 57.1817 -36.1741 7.8
      vertex 56.0825 -35.125 7.8
    endloop
  endfacet
  facet normal 0 0 1
    outer loop
      vertex 57.1817 -36.1741 7.8
      vertex 55.9917 -35.261 7.8
      vertex 56.9445 -36.4445 7.8
    endloop
  endfacet
  facet normal -0 0 1
    outer loop
      vertex 55.8839 -35.3839 7.8
      vertex 56.9445 -36.4445 7.8
      vertex 55.9917 -35.261 7.8
    endloop
  endfacet
  facet normal 0 0 1
    outer loop
      vertex 56.9445 -36.4445 7.8
      vertex 55.8839 -35.3839 7.8
      vertex 56.6741 -36.6817 7.8
    endloop
  endfacet
  facet normal -0 0 1
    outer loop
      vertex 55.761 -35.4917 7.8
      vertex 56.6741 -36.6817 7.8
      vertex 55.8839 -35.3839 7.8
    endloop
  endfacet
  facet normal 0 0 1
    outer loop
      vertex 56.6741 -36.6817 7.8
      vertex 55.761 -35.4917 7.8
      vertex 56.375 -36.8816 7.8
    endloop
  endfacet
  facet normal -0 0 1
    outer loop
      vertex 55.625 -35.5825 7.8
      vertex 56.375 -36.8816 7.8
      vertex 55.761 -35.4917 7.8
    endloop
  endfacet
  facet normal 0 0 1
    outer loop
      vertex 56.375 -36.8816 7.8
      vertex 55.625 -35.5825 7.8
      vertex 56.0524 -37.0407 7.8
    endloop
  endfacet
  facet normal -0 0 1
    outer loop
      vertex 55.4784 -35.6549 7.8
      vertex 56.0524 -37.0407 7.8
      vertex 55.625 -35.5825 7.8
    endloop
  endfacet
  facet normal 0 0 1
    outer loop
      vertex 56.0524 -37.0407 7.8
      vertex 55.4784 -35.6549 7.8
      vertex 55.7118 -37.1563 7.8
    endloop
  endfacet
  facet normal -0 0 1
    outer loop
      vertex 55.3235 -35.7074 7.8
      vertex 55.7118 -37.1563 7.8
      vertex 55.4784 -35.6549 7.8
    endloop
  endfacet
  facet normal 0 0 1
    outer loop
      vertex 55.7118 -37.1563 7.8
      vertex 55.3235 -35.7074 7.8
      vertex 55.3589 -37.2265 7.8
    endloop
  endfacet
  facet normal -0 0 1
    outer loop
      vertex 55.1632 -35.7393 7.8
      vertex 55.3589 -37.2265 7.8
      vertex 55.3235 -35.7074 7.8
    endloop
  endfacet
  facet normal -0 0 1
    outer loop
      vertex 55 -35.75 7.8
      vertex 55.3589 -37.2265 7.8
      vertex 55.1632 -35.7393 7.8
    endloop
  endfacet
  facet normal 0 0 1
    outer loop
      vertex 55 -35.75 7.8
      vertex 55 -37.25 7.8
      vertex 55.3589 -37.2265 7.8
    endloop
  endfacet
  facet normal 0 0 1
    outer loop
      vertex 54.8368 -35.7393 7.8
      vertex 55 -37.25 7.8
      vertex 55 -35.75 7.8
    endloop
  endfacet
  facet normal 0 0 1
    outer loop
      vertex 54.6411 -37.2265 7.8
      vertex 54.8368 -35.7393 7.8
      vertex 54.6765 -35.7074 7.8
    endloop
  endfacet
  facet normal 0 0 1
    outer loop
      vertex 54.8368 -35.7393 7.8
      vertex 54.6411 -37.2265 7.8
      vertex 55 -37.25 7.8
    endloop
  endfacet
  facet normal 0 0 1
    outer loop
      vertex 54.2882 -37.1563 7.8
      vertex 54.6765 -35.7074 7.8
      vertex 54.5216 -35.6549 7.8
    endloop
  endfacet
  facet normal 0 0 1
    outer loop
      vertex 53.9476 -37.0407 7.8
      vertex 54.5216 -35.6549 7.8
      vertex 54.375 -35.5825 7.8
    endloop
  endfacet
  facet normal 0 0 1
    outer loop
      vertex 54.6765 -35.7074 7.8
      vertex 54.2882 -37.1563 7.8
      vertex 54.6411 -37.2265 7.8
    endloop
  endfacet
  facet normal 0 0 1
    outer loop
      vertex 53.625 -36.8816 7.8
      vertex 54.375 -35.5825 7.8
      vertex 54.239 -35.4917 7.8
    endloop
  endfacet
  facet normal 0 0 1
    outer loop
      vertex 53.3259 -36.6817 7.8
      vertex 54.239 -35.4917 7.8
      vertex 54.1161 -35.3839 7.8
    endloop
  endfacet
  facet normal 0 0 1
    outer loop
      vertex 53.0555 -36.4445 7.8
      vertex 54.1161 -35.3839 7.8
      vertex 54.0083 -35.261 7.8
    endloop
  endfacet
  facet normal 0 0 1
    outer loop
      vertex 54.5216 -35.6549 7.8
      vertex 53.9476 -37.0407 7.8
      vertex 54.2882 -37.1563 7.8
    endloop
  endfacet
  facet normal 0 0 1
    outer loop
      vertex 52.8183 -36.1741 7.8
      vertex 54.0083 -35.261 7.8
      vertex 53.9175 -35.125 7.8
    endloop
  endfacet
  facet normal 0 0 1
    outer loop
      vertex 52.6184 -35.875 7.8
      vertex 53.9175 -35.125 7.8
      vertex 53.8451 -34.9784 7.8
    endloop
  endfacet
  facet normal 0 0 1
    outer loop
      vertex 52.4593 -35.5524 7.8
      vertex 53.8451 -34.9784 7.8
      vertex 53.7926 -34.8235 7.8
    endloop
  endfacet
  facet normal 0 0 1
    outer loop
      vertex 52.3437 -35.2118 7.8
      vertex 53.7926 -34.8235 7.8
      vertex 53.7607 -34.6632 7.8
    endloop
  endfacet
  facet normal 0 0 1
    outer loop
      vertex 54.375 -35.5825 7.8
      vertex 53.625 -36.8816 7.8
      vertex 53.9476 -37.0407 7.8
    endloop
  endfacet
  facet normal 0 0 1
    outer loop
      vertex 52.2735 -34.8589 7.8
      vertex 53.7607 -34.6632 7.8
      vertex 53.75 -34.5 7.8
    endloop
  endfacet
  facet normal 0 0 1
    outer loop
      vertex 53.9175 -33.875 7.8
      vertex 52.6184 -33.125 7.8
      vertex 53.8451 -34.0216 7.8
    endloop
  endfacet
  facet normal -0 0 1
    outer loop
      vertex 52.4593 -33.4476 7.8
      vertex 53.8451 -34.0216 7.8
      vertex 52.6184 -33.125 7.8
    endloop
  endfacet
  facet normal 0 0 1
    outer loop
      vertex 54.239 -35.4917 7.8
      vertex 53.3259 -36.6817 7.8
      vertex 53.625 -36.8816 7.8
    endloop
  endfacet
  facet normal 0 0 1
    outer loop
      vertex 53.8451 -34.0216 7.8
      vertex 52.4593 -33.4476 7.8
      vertex 53.7926 -34.1765 7.8
    endloop
  endfacet
  facet normal 0 0 1
    outer loop
      vertex 54.1161 -35.3839 7.8
      vertex 53.0555 -36.4445 7.8
      vertex 53.3259 -36.6817 7.8
    endloop
  endfacet
  facet normal -0 0 1
    outer loop
      vertex 52.3437 -33.7882 7.8
      vertex 53.7926 -34.1765 7.8
      vertex 52.4593 -33.4476 7.8
    endloop
  endfacet
  facet normal 0 0 1
    outer loop
      vertex 54.0083 -35.261 7.8
      vertex 52.8183 -36.1741 7.8
      vertex 53.0555 -36.4445 7.8
    endloop
  endfacet
  facet normal 0 0 1
    outer loop
      vertex 53.7926 -34.1765 7.8
      vertex 52.3437 -33.7882 7.8
      vertex 53.7607 -34.3368 7.8
    endloop
  endfacet
  facet normal 0 0 1
    outer loop
      vertex 53.9175 -35.125 7.8
      vertex 52.6184 -35.875 7.8
      vertex 52.8183 -36.1741 7.8
    endloop
  endfacet
  facet normal -0 0 1
    outer loop
      vertex 52.2735 -34.1411 7.8
      vertex 53.7607 -34.3368 7.8
      vertex 52.3437 -33.7882 7.8
    endloop
  endfacet
  facet normal 0 0 1
    outer loop
      vertex 53.8451 -34.9784 7.8
      vertex 52.4593 -35.5524 7.8
      vertex 52.6184 -35.875 7.8
    endloop
  endfacet
  facet normal 0 0 1
    outer loop
      vertex 53.7607 -34.3368 7.8
      vertex 52.2735 -34.1411 7.8
      vertex 53.75 -34.5 7.8
    endloop
  endfacet
  facet normal 0 0 1
    outer loop
      vertex 53.7926 -34.8235 7.8
      vertex 52.3437 -35.2118 7.8
      vertex 52.4593 -35.5524 7.8
    endloop
  endfacet
  facet normal 0 0 1
    outer loop
      vertex 52.25 -34.5 7.8
      vertex 53.75 -34.5 7.8
      vertex 52.2735 -34.1411 7.8
    endloop
  endfacet
  facet normal 0 0 1
    outer loop
      vertex 53.7607 -34.6632 7.8
      vertex 52.2735 -34.8589 7.8
      vertex 52.3437 -35.2118 7.8
    endloop
  endfacet
  facet normal 0 0 1
    outer loop
      vertex 53.75 -34.5 7.8
      vertex 52.25 -34.5 7.8
      vertex 52.2735 -34.8589 7.8
    endloop
  endfacet
  facet normal -0.442314 -0.89686 0
    outer loop
      vertex 53.625 -36.8816 6
      vertex 53.9476 -37.0407 7.8
      vertex 53.625 -36.8816 7.8
    endloop
  endfacet
  facet normal -0.442314 -0.89686 -0
    outer loop
      vertex 53.9476 -37.0407 7.8
      vertex 53.625 -36.8816 6
      vertex 53.9476 -37.0407 6
    endloop
  endfacet
  facet normal -0.831408 -0.555662 0
    outer loop
      vertex 52.8183 -36.1741 6
      vertex 52.6184 -35.875 7.8
      vertex 52.6184 -35.875 6
    endloop
  endfacet
  facet normal -0.831408 -0.555662 0
    outer loop
      vertex 52.6184 -35.875 7.8
      vertex 52.8183 -36.1741 6
      vertex 52.8183 -36.1741 7.8
    endloop
  endfacet
  facet normal -0.980783 -0.195101 0
    outer loop
      vertex 52.3437 -35.2118 6
      vertex 52.2735 -34.8589 7.8
      vertex 52.2735 -34.8589 6
    endloop
  endfacet
  facet normal -0.980783 -0.195101 0
    outer loop
      vertex 52.2735 -34.8589 7.8
      vertex 52.3437 -35.2118 6
      vertex 52.3437 -35.2118 7.8
    endloop
  endfacet
  facet normal -0.659449 -0.751749 0
    outer loop
      vertex 53.0555 -36.4445 6
      vertex 53.3259 -36.6817 7.8
      vertex 53.0555 -36.4445 7.8
    endloop
  endfacet
  facet normal -0.659449 -0.751749 -0
    outer loop
      vertex 53.3259 -36.6817 7.8
      vertex 53.0555 -36.4445 6
      vertex 53.3259 -36.6817 6
    endloop
  endfacet
  facet normal -0.89686 0.442314 0
    outer loop
      vertex 52.4593 -33.4476 6
      vertex 52.6184 -33.125 7.8
      vertex 52.6184 -33.125 6
    endloop
  endfacet
  facet normal -0.89686 0.442314 0
    outer loop
      vertex 52.6184 -33.125 7.8
      vertex 52.4593 -33.4476 6
      vertex 52.4593 -33.4476 7.8
    endloop
  endfacet
  facet normal -0.997863 -0.0653379 0
    outer loop
      vertex 52.2735 -34.8589 6
      vertex 52.25 -34.5 7.8
      vertex 52.25 -34.5 6
    endloop
  endfacet
  facet normal -0.997863 -0.0653379 0
    outer loop
      vertex 52.25 -34.5 7.8
      vertex 52.2735 -34.8589 6
      vertex 52.2735 -34.8589 7.8
    endloop
  endfacet
  facet normal 0.555662 -0.831408 0
    outer loop
      vertex 56.375 -36.8816 6
      vertex 56.6741 -36.6817 7.8
      vertex 56.375 -36.8816 7.8
    endloop
  endfacet
  facet normal 0.555662 -0.831408 0
    outer loop
      vertex 56.6741 -36.6817 7.8
      vertex 56.375 -36.8816 6
      vertex 56.6741 -36.6817 6
    endloop
  endfacet
  facet normal -0.555662 -0.831408 0
    outer loop
      vertex 53.3259 -36.6817 6
      vertex 53.625 -36.8816 7.8
      vertex 53.3259 -36.6817 7.8
    endloop
  endfacet
  facet normal -0.555662 -0.831408 -0
    outer loop
      vertex 53.625 -36.8816 7.8
      vertex 53.3259 -36.6817 6
      vertex 53.625 -36.8816 6
    endloop
  endfacet
  facet normal -0.75178 0.659414 0
    outer loop
      vertex 54.0083 -33.739 7.8
      vertex 54.1161 -33.6161 8.4
      vertex 54.1161 -33.6161 7.8
    endloop
  endfacet
  facet normal -0.75178 0.659414 0
    outer loop
      vertex 54.1161 -33.6161 8.4
      vertex 54.0083 -33.739 7.8
      vertex 54.0083 -33.739 8.4
    endloop
  endfacet
  facet normal 0.980768 0.195175 0
    outer loop
      vertex 56.2393 -34.3368 8.4
      vertex 56.2074 -34.1765 7.8
      vertex 56.2074 -34.1765 8.4
    endloop
  endfacet
  facet normal 0.980768 0.195175 0
    outer loop
      vertex 56.2074 -34.1765 7.8
      vertex 56.2393 -34.3368 8.4
      vertex 56.2393 -34.3368 7.8
    endloop
  endfacet
  facet normal 0.0654233 -0.997858 0
    outer loop
      vertex 55 -35.75 7.8
      vertex 55.1632 -35.7393 8.4
      vertex 55 -35.75 8.4
    endloop
  endfacet
  facet normal 0.0654233 -0.997858 0
    outer loop
      vertex 55.1632 -35.7393 8.4
      vertex 55 -35.75 7.8
      vertex 55.1632 -35.7393 7.8
    endloop
  endfacet
  facet normal -0.947082 0.320993 0
    outer loop
      vertex 53.7926 -34.1765 7.8
      vertex 53.8451 -34.0216 8.4
      vertex 53.8451 -34.0216 7.8
    endloop
  endfacet
  facet normal -0.947082 0.320993 0
    outer loop
      vertex 53.8451 -34.0216 8.4
      vertex 53.7926 -34.1765 7.8
      vertex 53.7926 -34.1765 8.4
    endloop
  endfacet
  facet normal 0.831674 0.555265 0
    outer loop
      vertex 56.0825 -33.875 8.4
      vertex 55.9917 -33.739 7.8
      vertex 55.9917 -33.739 8.4
    endloop
  endfacet
  facet normal 0.831674 0.555265 0
    outer loop
      vertex 55.9917 -33.739 7.8
      vertex 56.0825 -33.875 8.4
      vertex 56.0825 -33.875 7.8
    endloop
  endfacet
  facet normal -0.195175 0.980768 0
    outer loop
      vertex 54.8368 -33.2607 7.8
      vertex 54.6765 -33.2926 8.4
      vertex 54.8368 -33.2607 8.4
    endloop
  endfacet
  facet normal -0.195175 0.980768 0
    outer loop
      vertex 54.6765 -33.2926 8.4
      vertex 54.8368 -33.2607 7.8
      vertex 54.6765 -33.2926 7.8
    endloop
  endfacet
  facet normal 0.659414 -0.75178 0
    outer loop
      vertex 55.761 -35.4917 7.8
      vertex 55.8839 -35.3839 8.4
      vertex 55.761 -35.4917 8.4
    endloop
  endfacet
  facet normal 0.659414 -0.75178 0
    outer loop
      vertex 55.8839 -35.3839 8.4
      vertex 55.761 -35.4917 7.8
      vertex 55.8839 -35.3839 7.8
    endloop
  endfacet
  facet normal 0.997858 0.0654233 0
    outer loop
      vertex 56.25 -34.5 8.4
      vertex 56.2393 -34.3368 7.8
      vertex 56.2393 -34.3368 8.4
    endloop
  endfacet
  facet normal 0.997858 0.0654233 0
    outer loop
      vertex 56.2393 -34.3368 7.8
      vertex 56.25 -34.5 8.4
      vertex 56.25 -34.5 7.8
    endloop
  endfacet
  facet normal -0.997858 0.0654233 0
    outer loop
      vertex 53.75 -34.5 7.8
      vertex 53.7607 -34.3368 8.4
      vertex 53.7607 -34.3368 7.8
    endloop
  endfacet
  facet normal -0.997858 0.0654233 0
    outer loop
      vertex 53.7607 -34.3368 8.4
      vertex 53.75 -34.5 7.8
      vertex 53.75 -34.5 8.4
    endloop
  endfacet
  facet normal 0.947082 0.320993 0
    outer loop
      vertex 56.2074 -34.1765 8.4
      vertex 56.1549 -34.0216 7.8
      vertex 56.1549 -34.0216 8.4
    endloop
  endfacet
  facet normal 0.947082 0.320993 0
    outer loop
      vertex 56.1549 -34.0216 7.8
      vertex 56.2074 -34.1765 8.4
      vertex 56.2074 -34.1765 7.8
    endloop
  endfacet
  facet normal -0.320993 -0.947082 0
    outer loop
      vertex 54.5216 -35.6549 7.8
      vertex 54.6765 -35.7074 8.4
      vertex 54.5216 -35.6549 8.4
    endloop
  endfacet
  facet normal -0.320993 -0.947082 -0
    outer loop
      vertex 54.6765 -35.7074 8.4
      vertex 54.5216 -35.6549 7.8
      vertex 54.6765 -35.7074 7.8
    endloop
  endfacet
  facet normal 0.555265 0.831674 -0
    outer loop
      vertex 55.761 -33.5083 7.8
      vertex 55.625 -33.4175 8.4
      vertex 55.761 -33.5083 8.4
    endloop
  endfacet
  facet normal 0.555265 0.831674 0
    outer loop
      vertex 55.625 -33.4175 8.4
      vertex 55.761 -33.5083 7.8
      vertex 55.625 -33.4175 7.8
    endloop
  endfacet
  facet normal -0.997858 -0.0654233 0
    outer loop
      vertex 53.7607 -34.6632 7.8
      vertex 53.75 -34.5 8.4
      vertex 53.75 -34.5 7.8
    endloop
  endfacet
  facet normal -0.997858 -0.0654233 0
    outer loop
      vertex 53.75 -34.5 8.4
      vertex 53.7607 -34.6632 7.8
      vertex 53.7607 -34.6632 8.4
    endloop
  endfacet
  facet normal 0.195175 0.980768 -0
    outer loop
      vertex 55.3235 -33.2926 7.8
      vertex 55.1632 -33.2607 8.4
      vertex 55.3235 -33.2926 8.4
    endloop
  endfacet
  facet normal 0.195175 0.980768 0
    outer loop
      vertex 55.1632 -33.2607 8.4
      vertex 55.3235 -33.2926 7.8
      vertex 55.1632 -33.2607 7.8
    endloop
  endfacet
  facet normal -0.947082 -0.320993 0
    outer loop
      vertex 53.8451 -34.9784 7.8
      vertex 53.7926 -34.8235 8.4
      vertex 53.7926 -34.8235 7.8
    endloop
  endfacet
  facet normal -0.947082 -0.320993 0
    outer loop
      vertex 53.7926 -34.8235 8.4
      vertex 53.8451 -34.9784 7.8
      vertex 53.8451 -34.9784 8.4
    endloop
  endfacet
  facet normal -0.0654233 -0.997858 0
    outer loop
      vertex 54.8368 -35.7393 7.8
      vertex 55 -35.75 8.4
      vertex 54.8368 -35.7393 8.4
    endloop
  endfacet
  facet normal -0.0654233 -0.997858 -0
    outer loop
      vertex 55 -35.75 8.4
      vertex 54.8368 -35.7393 7.8
      vertex 55 -35.75 7.8
    endloop
  endfacet
  facet normal 0.997858 -0.0654233 0
    outer loop
      vertex 56.2393 -34.6632 8.4
      vertex 56.25 -34.5 7.8
      vertex 56.25 -34.5 8.4
    endloop
  endfacet
  facet normal 0.997858 -0.0654233 0
    outer loop
      vertex 56.25 -34.5 7.8
      vertex 56.2393 -34.6632 8.4
      vertex 56.2393 -34.6632 7.8
    endloop
  endfacet
  facet normal 0.442805 -0.896618 0
    outer loop
      vertex 55.4784 -35.6549 7.8
      vertex 55.625 -35.5825 8.4
      vertex 55.4784 -35.6549 8.4
    endloop
  endfacet
  facet normal 0.442805 -0.896618 0
    outer loop
      vertex 55.625 -35.5825 8.4
      vertex 55.4784 -35.6549 7.8
      vertex 55.625 -35.5825 7.8
    endloop
  endfacet
  facet normal 0.0654233 0.997858 -0
    outer loop
      vertex 55.1632 -33.2607 7.8
      vertex 55 -33.25 8.4
      vertex 55.1632 -33.2607 8.4
    endloop
  endfacet
  facet normal 0.0654233 0.997858 0
    outer loop
      vertex 55 -33.25 8.4
      vertex 55.1632 -33.2607 7.8
      vertex 55 -33.25 7.8
    endloop
  endfacet
  facet normal -0.659414 -0.75178 0
    outer loop
      vertex 54.1161 -35.3839 7.8
      vertex 54.239 -35.4917 8.4
      vertex 54.1161 -35.3839 8.4
    endloop
  endfacet
  facet normal -0.659414 -0.75178 -0
    outer loop
      vertex 54.239 -35.4917 8.4
      vertex 54.1161 -35.3839 7.8
      vertex 54.239 -35.4917 7.8
    endloop
  endfacet
  facet normal 0.980768 -0.195175 0
    outer loop
      vertex 56.2074 -34.8235 8.4
      vertex 56.2393 -34.6632 7.8
      vertex 56.2393 -34.6632 8.4
    endloop
  endfacet
  facet normal 0.980768 -0.195175 0
    outer loop
      vertex 56.2393 -34.6632 7.8
      vertex 56.2074 -34.8235 8.4
      vertex 56.2074 -34.8235 7.8
    endloop
  endfacet
  facet normal 0.831674 -0.555265 0
    outer loop
      vertex 55.9917 -35.261 8.4
      vertex 56.0825 -35.125 7.8
      vertex 56.0825 -35.125 8.4
    endloop
  endfacet
  facet normal 0.831674 -0.555265 0
    outer loop
      vertex 56.0825 -35.125 7.8
      vertex 55.9917 -35.261 8.4
      vertex 55.9917 -35.261 7.8
    endloop
  endfacet
  facet normal 0.896618 0.442805 0
    outer loop
      vertex 56.1549 -34.0216 8.4
      vertex 56.0825 -33.875 7.8
      vertex 56.0825 -33.875 8.4
    endloop
  endfacet
  facet normal 0.896618 0.442805 0
    outer loop
      vertex 56.0825 -33.875 7.8
      vertex 56.1549 -34.0216 8.4
      vertex 56.1549 -34.0216 7.8
    endloop
  endfacet
  facet normal 0.320993 -0.947082 0
    outer loop
      vertex 55.3235 -35.7074 7.8
      vertex 55.4784 -35.6549 8.4
      vertex 55.3235 -35.7074 8.4
    endloop
  endfacet
  facet normal 0.320993 -0.947082 0
    outer loop
      vertex 55.4784 -35.6549 8.4
      vertex 55.3235 -35.7074 7.8
      vertex 55.4784 -35.6549 7.8
    endloop
  endfacet
  facet normal 0.555265 -0.831674 0
    outer loop
      vertex 55.625 -35.5825 7.8
      vertex 55.761 -35.4917 8.4
      vertex 55.625 -35.5825 8.4
    endloop
  endfacet
  facet normal 0.555265 -0.831674 0
    outer loop
      vertex 55.761 -35.4917 8.4
      vertex 55.625 -35.5825 7.8
      vertex 55.761 -35.4917 7.8
    endloop
  endfacet
  facet normal -0.659414 0.75178 0
    outer loop
      vertex 54.239 -33.5083 7.8
      vertex 54.1161 -33.6161 8.4
      vertex 54.239 -33.5083 8.4
    endloop
  endfacet
  facet normal -0.659414 0.75178 0
    outer loop
      vertex 54.1161 -33.6161 8.4
      vertex 54.239 -33.5083 7.8
      vertex 54.1161 -33.6161 7.8
    endloop
  endfacet
  facet normal 0.442805 0.896618 -0
    outer loop
      vertex 55.625 -33.4175 7.8
      vertex 55.4784 -33.3451 8.4
      vertex 55.625 -33.4175 8.4
    endloop
  endfacet
  facet normal 0.442805 0.896618 0
    outer loop
      vertex 55.4784 -33.3451 8.4
      vertex 55.625 -33.4175 7.8
      vertex 55.4784 -33.3451 7.8
    endloop
  endfacet
  facet normal 0.896618 -0.442805 0
    outer loop
      vertex 56.0825 -35.125 8.4
      vertex 56.1549 -34.9784 7.8
      vertex 56.1549 -34.9784 8.4
    endloop
  endfacet
  facet normal 0.896618 -0.442805 0
    outer loop
      vertex 56.1549 -34.9784 7.8
      vertex 56.0825 -35.125 8.4
      vertex 56.0825 -35.125 7.8
    endloop
  endfacet
  facet normal -0.555265 -0.831674 0
    outer loop
      vertex 54.239 -35.4917 7.8
      vertex 54.375 -35.5825 8.4
      vertex 54.239 -35.4917 8.4
    endloop
  endfacet
  facet normal -0.555265 -0.831674 -0
    outer loop
      vertex 54.375 -35.5825 8.4
      vertex 54.239 -35.4917 7.8
      vertex 54.375 -35.5825 7.8
    endloop
  endfacet
  facet normal 0.947082 -0.320993 0
    outer loop
      vertex 56.1549 -34.9784 8.4
      vertex 56.2074 -34.8235 7.8
      vertex 56.2074 -34.8235 8.4
    endloop
  endfacet
  facet normal 0.947082 -0.320993 0
    outer loop
      vertex 56.2074 -34.8235 7.8
      vertex 56.1549 -34.9784 8.4
      vertex 56.1549 -34.9784 7.8
    endloop
  endfacet
  facet normal 0.320993 0.947082 -0
    outer loop
      vertex 55.4784 -33.3451 7.8
      vertex 55.3235 -33.2926 8.4
      vertex 55.4784 -33.3451 8.4
    endloop
  endfacet
  facet normal 0.320993 0.947082 0
    outer loop
      vertex 55.3235 -33.2926 8.4
      vertex 55.4784 -33.3451 7.8
      vertex 55.3235 -33.2926 7.8
    endloop
  endfacet
  facet normal -0.980768 0.195175 0
    outer loop
      vertex 53.7607 -34.3368 7.8
      vertex 53.7926 -34.1765 8.4
      vertex 53.7926 -34.1765 7.8
    endloop
  endfacet
  facet normal -0.980768 0.195175 0
    outer loop
      vertex 53.7926 -34.1765 8.4
      vertex 53.7607 -34.3368 7.8
      vertex 53.7607 -34.3368 8.4
    endloop
  endfacet
  facet normal -0.75178 -0.659414 0
    outer loop
      vertex 54.1161 -35.3839 7.8
      vertex 54.0083 -35.261 8.4
      vertex 54.0083 -35.261 7.8
    endloop
  endfacet
  facet normal -0.75178 -0.659414 0
    outer loop
      vertex 54.0083 -35.261 8.4
      vertex 54.1161 -35.3839 7.8
      vertex 54.1161 -35.3839 8.4
    endloop
  endfacet
  facet normal -0.442805 0.896618 0
    outer loop
      vertex 54.5216 -33.3451 7.8
      vertex 54.375 -33.4175 8.4
      vertex 54.5216 -33.3451 8.4
    endloop
  endfacet
  facet normal -0.442805 0.896618 0
    outer loop
      vertex 54.375 -33.4175 8.4
      vertex 54.5216 -33.3451 7.8
      vertex 54.375 -33.4175 7.8
    endloop
  endfacet
  facet normal -0.896618 0.442805 0
    outer loop
      vertex 53.8451 -34.0216 7.8
      vertex 53.9175 -33.875 8.4
      vertex 53.9175 -33.875 7.8
    endloop
  endfacet
  facet normal -0.896618 0.442805 0
    outer loop
      vertex 53.9175 -33.875 8.4
      vertex 53.8451 -34.0216 7.8
      vertex 53.8451 -34.0216 8.4
    endloop
  endfacet
  facet normal 0.195175 -0.980768 0
    outer loop
      vertex 55.1632 -35.7393 7.8
      vertex 55.3235 -35.7074 8.4
      vertex 55.1632 -35.7393 8.4
    endloop
  endfacet
  facet normal 0.195175 -0.980768 0
    outer loop
      vertex 55.3235 -35.7074 8.4
      vertex 55.1632 -35.7393 7.8
      vertex 55.3235 -35.7074 7.8
    endloop
  endfacet
  facet normal -0.320993 0.947082 0
    outer loop
      vertex 54.6765 -33.2926 7.8
      vertex 54.5216 -33.3451 8.4
      vertex 54.6765 -33.2926 8.4
    endloop
  endfacet
  facet normal -0.320993 0.947082 0
    outer loop
      vertex 54.5216 -33.3451 8.4
      vertex 54.6765 -33.2926 7.8
      vertex 54.5216 -33.3451 7.8
    endloop
  endfacet
  facet normal -0.896618 -0.442805 0
    outer loop
      vertex 53.9175 -35.125 7.8
      vertex 53.8451 -34.9784 8.4
      vertex 53.8451 -34.9784 7.8
    endloop
  endfacet
  facet normal -0.896618 -0.442805 0
    outer loop
      vertex 53.8451 -34.9784 8.4
      vertex 53.9175 -35.125 7.8
      vertex 53.9175 -35.125 8.4
    endloop
  endfacet
  facet normal 0.75178 0.659414 0
    outer loop
      vertex 55.9917 -33.739 8.4
      vertex 55.8839 -33.6161 7.8
      vertex 55.8839 -33.6161 8.4
    endloop
  endfacet
  facet normal 0.75178 0.659414 0
    outer loop
      vertex 55.8839 -33.6161 7.8
      vertex 55.9917 -33.739 8.4
      vertex 55.9917 -33.739 7.8
    endloop
  endfacet
  facet normal -0.831674 0.555265 0
    outer loop
      vertex 53.9175 -33.875 7.8
      vertex 54.0083 -33.739 8.4
      vertex 54.0083 -33.739 7.8
    endloop
  endfacet
  facet normal -0.831674 0.555265 0
    outer loop
      vertex 54.0083 -33.739 8.4
      vertex 53.9175 -33.875 7.8
      vertex 53.9175 -33.875 8.4
    endloop
  endfacet
  facet normal -0.831674 -0.555265 0
    outer loop
      vertex 54.0083 -35.261 7.8
      vertex 53.9175 -35.125 8.4
      vertex 53.9175 -35.125 7.8
    endloop
  endfacet
  facet normal -0.831674 -0.555265 0
    outer loop
      vertex 53.9175 -35.125 8.4
      vertex 54.0083 -35.261 7.8
      vertex 54.0083 -35.261 8.4
    endloop
  endfacet
  facet normal 0.659414 0.75178 -0
    outer loop
      vertex 55.8839 -33.6161 7.8
      vertex 55.761 -33.5083 8.4
      vertex 55.8839 -33.6161 8.4
    endloop
  endfacet
  facet normal 0.659414 0.75178 0
    outer loop
      vertex 55.761 -33.5083 8.4
      vertex 55.8839 -33.6161 7.8
      vertex 55.761 -33.5083 7.8
    endloop
  endfacet
  facet normal -0.0654233 0.997858 0
    outer loop
      vertex 55 -33.25 7.8
      vertex 54.8368 -33.2607 8.4
      vertex 55 -33.25 8.4
    endloop
  endfacet
  facet normal -0.0654233 0.997858 0
    outer loop
      vertex 54.8368 -33.2607 8.4
      vertex 55 -33.25 7.8
      vertex 54.8368 -33.2607 7.8
    endloop
  endfacet
  facet normal -0.980768 -0.195175 0
    outer loop
      vertex 53.7926 -34.8235 7.8
      vertex 53.7607 -34.6632 8.4
      vertex 53.7607 -34.6632 7.8
    endloop
  endfacet
  facet normal -0.980768 -0.195175 0
    outer loop
      vertex 53.7607 -34.6632 8.4
      vertex 53.7926 -34.8235 7.8
      vertex 53.7926 -34.8235 8.4
    endloop
  endfacet
  facet normal -0.555265 0.831674 0
    outer loop
      vertex 54.375 -33.4175 7.8
      vertex 54.239 -33.5083 8.4
      vertex 54.375 -33.4175 8.4
    endloop
  endfacet
  facet normal -0.555265 0.831674 0
    outer loop
      vertex 54.239 -33.5083 8.4
      vertex 54.375 -33.4175 7.8
      vertex 54.239 -33.5083 7.8
    endloop
  endfacet
  facet normal 0 0 1
    outer loop
      vertex 56.2393 -34.3368 8.4
      vertex 56.2393 -34.6632 8.4
      vertex 56.25 -34.5 8.4
    endloop
  endfacet
  facet normal 0 0 1
    outer loop
      vertex 56.2074 -34.1765 8.4
      vertex 56.2393 -34.6632 8.4
      vertex 56.2393 -34.3368 8.4
    endloop
  endfacet
  facet normal 0 0 1
    outer loop
      vertex 56.2074 -34.1765 8.4
      vertex 56.2074 -34.8235 8.4
      vertex 56.2393 -34.6632 8.4
    endloop
  endfacet
  facet normal 0 0 1
    outer loop
      vertex 56.1549 -34.0216 8.4
      vertex 56.2074 -34.8235 8.4
      vertex 56.2074 -34.1765 8.4
    endloop
  endfacet
  facet normal 0 0 1
    outer loop
      vertex 56.1549 -34.0216 8.4
      vertex 56.1549 -34.9784 8.4
      vertex 56.2074 -34.8235 8.4
    endloop
  endfacet
  facet normal 0 0 1
    outer loop
      vertex 56.0825 -33.875 8.4
      vertex 56.1549 -34.9784 8.4
      vertex 56.1549 -34.0216 8.4
    endloop
  endfacet
  facet normal 0 0 1
    outer loop
      vertex 56.0825 -33.875 8.4
      vertex 56.0825 -35.125 8.4
      vertex 56.1549 -34.9784 8.4
    endloop
  endfacet
  facet normal 0 0 1
    outer loop
      vertex 55.9917 -33.739 8.4
      vertex 56.0825 -35.125 8.4
      vertex 56.0825 -33.875 8.4
    endloop
  endfacet
  facet normal 0 0 1
    outer loop
      vertex 55.9917 -33.739 8.4
      vertex 55.9917 -35.261 8.4
      vertex 56.0825 -35.125 8.4
    endloop
  endfacet
  facet normal 0 0 1
    outer loop
      vertex 55.8839 -33.6161 8.4
      vertex 55.9917 -35.261 8.4
      vertex 55.9917 -33.739 8.4
    endloop
  endfacet
  facet normal 0 0 1
    outer loop
      vertex 55.8839 -33.6161 8.4
      vertex 55.8839 -35.3839 8.4
      vertex 55.9917 -35.261 8.4
    endloop
  endfacet
  facet normal 0 0 1
    outer loop
      vertex 55.761 -33.5083 8.4
      vertex 55.8839 -35.3839 8.4
      vertex 55.8839 -33.6161 8.4
    endloop
  endfacet
  facet normal 0 0 1
    outer loop
      vertex 55.761 -33.5083 8.4
      vertex 55.761 -35.4917 8.4
      vertex 55.8839 -35.3839 8.4
    endloop
  endfacet
  facet normal 0 0 1
    outer loop
      vertex 55.625 -33.4175 8.4
      vertex 55.761 -35.4917 8.4
      vertex 55.761 -33.5083 8.4
    endloop
  endfacet
  facet normal 0 0 1
    outer loop
      vertex 55.625 -33.4175 8.4
      vertex 55.625 -35.5825 8.4
      vertex 55.761 -35.4917 8.4
    endloop
  endfacet
  facet normal 0 0 1
    outer loop
      vertex 55.4784 -33.3451 8.4
      vertex 55.625 -35.5825 8.4
      vertex 55.625 -33.4175 8.4
    endloop
  endfacet
  facet normal 0 0 1
    outer loop
      vertex 55.4784 -33.3451 8.4
      vertex 55.4784 -35.6549 8.4
      vertex 55.625 -35.5825 8.4
    endloop
  endfacet
  facet normal 0 0 1
    outer loop
      vertex 55.3235 -33.2926 8.4
      vertex 55.4784 -35.6549 8.4
      vertex 55.4784 -33.3451 8.4
    endloop
  endfacet
  facet normal 0 0 1
    outer loop
      vertex 55.3235 -33.2926 8.4
      vertex 55.3235 -35.7074 8.4
      vertex 55.4784 -35.6549 8.4
    endloop
  endfacet
  facet normal 0 0 1
    outer loop
      vertex 55.1632 -33.2607 8.4
      vertex 55.3235 -35.7074 8.4
      vertex 55.3235 -33.2926 8.4
    endloop
  endfacet
  facet normal 0 0 1
    outer loop
      vertex 55.1632 -33.2607 8.4
      vertex 55.1632 -35.7393 8.4
      vertex 55.3235 -35.7074 8.4
    endloop
  endfacet
  facet normal 0 0 1
    outer loop
      vertex 55 -33.25 8.4
      vertex 55.1632 -35.7393 8.4
      vertex 55.1632 -33.2607 8.4
    endloop
  endfacet
  facet normal 0 0 1
    outer loop
      vertex 55 -33.25 8.4
      vertex 55 -35.75 8.4
      vertex 55.1632 -35.7393 8.4
    endloop
  endfacet
  facet normal -0 0 1
    outer loop
      vertex 54.8368 -33.2607 8.4
      vertex 55 -35.75 8.4
      vertex 55 -33.25 8.4
    endloop
  endfacet
  facet normal 0 0 1
    outer loop
      vertex 54.8368 -33.2607 8.4
      vertex 54.8368 -35.7393 8.4
      vertex 55 -35.75 8.4
    endloop
  endfacet
  facet normal -0 0 1
    outer loop
      vertex 54.6765 -33.2926 8.4
      vertex 54.8368 -35.7393 8.4
      vertex 54.8368 -33.2607 8.4
    endloop
  endfacet
  facet normal 0 0 1
    outer loop
      vertex 54.6765 -33.2926 8.4
      vertex 54.6765 -35.7074 8.4
      vertex 54.8368 -35.7393 8.4
    endloop
  endfacet
  facet normal -0 0 1
    outer loop
      vertex 54.5216 -33.3451 8.4
      vertex 54.6765 -35.7074 8.4
      vertex 54.6765 -33.2926 8.4
    endloop
  endfacet
  facet normal 0 0 1
    outer loop
      vertex 54.5216 -33.3451 8.4
      vertex 54.5216 -35.6549 8.4
      vertex 54.6765 -35.7074 8.4
    endloop
  endfacet
  facet normal -0 0 1
    outer loop
      vertex 54.375 -33.4175 8.4
      vertex 54.5216 -35.6549 8.4
      vertex 54.5216 -33.3451 8.4
    endloop
  endfacet
  facet normal 0 0 1
    outer loop
      vertex 54.375 -33.4175 8.4
      vertex 54.375 -35.5825 8.4
      vertex 54.5216 -35.6549 8.4
    endloop
  endfacet
  facet normal -0 0 1
    outer loop
      vertex 54.239 -33.5083 8.4
      vertex 54.375 -35.5825 8.4
      vertex 54.375 -33.4175 8.4
    endloop
  endfacet
  facet normal 0 0 1
    outer loop
      vertex 54.239 -33.5083 8.4
      vertex 54.239 -35.4917 8.4
      vertex 54.375 -35.5825 8.4
    endloop
  endfacet
  facet normal -0 0 1
    outer loop
      vertex 54.1161 -33.6161 8.4
      vertex 54.239 -35.4917 8.4
      vertex 54.239 -33.5083 8.4
    endloop
  endfacet
  facet normal 0 0 1
    outer loop
      vertex 54.1161 -33.6161 8.4
      vertex 54.1161 -35.3839 8.4
      vertex 54.239 -35.4917 8.4
    endloop
  endfacet
  facet normal -0 0 1
    outer loop
      vertex 54.0083 -33.739 8.4
      vertex 54.1161 -35.3839 8.4
      vertex 54.1161 -33.6161 8.4
    endloop
  endfacet
  facet normal 0 0 1
    outer loop
      vertex 54.0083 -33.739 8.4
      vertex 54.0083 -35.261 8.4
      vertex 54.1161 -35.3839 8.4
    endloop
  endfacet
  facet normal -0 0 1
    outer loop
      vertex 53.9175 -33.875 8.4
      vertex 54.0083 -35.261 8.4
      vertex 54.0083 -33.739 8.4
    endloop
  endfacet
  facet normal 0 0 1
    outer loop
      vertex 53.9175 -33.875 8.4
      vertex 53.9175 -35.125 8.4
      vertex 54.0083 -35.261 8.4
    endloop
  endfacet
  facet normal -0 0 1
    outer loop
      vertex 53.8451 -34.0216 8.4
      vertex 53.9175 -35.125 8.4
      vertex 53.9175 -33.875 8.4
    endloop
  endfacet
  facet normal 0 0 1
    outer loop
      vertex 53.8451 -34.0216 8.4
      vertex 53.8451 -34.9784 8.4
      vertex 53.9175 -35.125 8.4
    endloop
  endfacet
  facet normal -0 0 1
    outer loop
      vertex 53.7926 -34.1765 8.4
      vertex 53.8451 -34.9784 8.4
      vertex 53.8451 -34.0216 8.4
    endloop
  endfacet
  facet normal 0 0 1
    outer loop
      vertex 53.7926 -34.1765 8.4
      vertex 53.7926 -34.8235 8.4
      vertex 53.8451 -34.9784 8.4
    endloop
  endfacet
  facet normal -0 0 1
    outer loop
      vertex 53.7607 -34.3368 8.4
      vertex 53.7926 -34.8235 8.4
      vertex 53.7926 -34.1765 8.4
    endloop
  endfacet
  facet normal 0 0 1
    outer loop
      vertex 53.7607 -34.3368 8.4
      vertex 53.7607 -34.6632 8.4
      vertex 53.7926 -34.8235 8.4
    endloop
  endfacet
  facet normal 0 -0 1
    outer loop
      vertex 53.7607 -34.6632 8.4
      vertex 53.7607 -34.3368 8.4
      vertex 53.75 -34.5 8.4
    endloop
  endfacet
  facet normal -0.442805 -0.896618 0
    outer loop
      vertex 54.375 -35.5825 7.8
      vertex 54.5216 -35.6549 8.4
      vertex 54.375 -35.5825 8.4
    endloop
  endfacet
  facet normal -0.442805 -0.896618 -0
    outer loop
      vertex 54.5216 -35.6549 8.4
      vertex 54.375 -35.5825 7.8
      vertex 54.5216 -35.6549 7.8
    endloop
  endfacet
  facet normal 0.75178 -0.659414 0
    outer loop
      vertex 55.8839 -35.3839 8.4
      vertex 55.9917 -35.261 7.8
      vertex 55.9917 -35.261 8.4
    endloop
  endfacet
  facet normal 0.75178 -0.659414 0
    outer loop
      vertex 55.9917 -35.261 7.8
      vertex 55.8839 -35.3839 8.4
      vertex 55.8839 -35.3839 7.8
    endloop
  endfacet
  facet normal -0.195175 -0.980768 0
    outer loop
      vertex 54.6765 -35.7074 7.8
      vertex 54.8368 -35.7393 8.4
      vertex 54.6765 -35.7074 8.4
    endloop
  endfacet
  facet normal -0.195175 -0.980768 -0
    outer loop
      vertex 54.8368 -35.7393 8.4
      vertex 54.6765 -35.7074 7.8
      vertex 54.8368 -35.7393 7.8
    endloop
  endfacet
  facet normal 0.980961 0.194204 0
    outer loop
      vertex -127.043 35.1526 3.2
      vertex -127.17 35.7941 0
      vertex -127.17 35.7941 3.2
    endloop
  endfacet
  facet normal 0.980961 0.194204 0
    outer loop
      vertex -127.17 35.7941 0
      vertex -127.043 35.1526 3.2
      vertex -127.043 35.1526 0
    endloop
  endfacet
  facet normal 0.997836 0.0657477 0
    outer loop
      vertex -127 34.5 3.2
      vertex -127.043 35.1526 0
      vertex -127.043 35.1526 3.2
    endloop
  endfacet
  facet normal 0.997836 0.0657477 0
    outer loop
      vertex -127.043 35.1526 0
      vertex -127 34.5 3.2
      vertex -127 34.5 0
    endloop
  endfacet
  facet normal 0.321546 -0.946894 0
    outer loop
      vertex -130.706 29.6704 0
      vertex -130.087 29.8806 3.2
      vertex -130.706 29.6704 3.2
    endloop
  endfacet
  facet normal 0.321546 -0.946894 0
    outer loop
      vertex -130.087 29.8806 3.2
      vertex -130.706 29.6704 0
      vertex -130.087 29.8806 0
    endloop
  endfacet
  facet normal 0.831721 0.555194 0
    outer loop
      vertex -127.67 37 3.2
      vertex -128.033 37.5438 0
      vertex -128.033 37.5438 3.2
    endloop
  endfacet
  facet normal 0.831721 0.555194 0
    outer loop
      vertex -128.033 37.5438 0
      vertex -127.67 37 3.2
      vertex -127.67 37 0
    endloop
  endfacet
  facet normal -0.897042 0.441945 0
    outer loop
      vertex -136.619 36.4134 0
      vertex -136.33 37 3.2
      vertex -136.33 37 0
    endloop
  endfacet
  facet normal -0.897042 0.441945 0
    outer loop
      vertex -136.33 37 3.2
      vertex -136.619 36.4134 0
      vertex -136.619 36.4134 3.2
    endloop
  endfacet
  facet normal -0.55537 0.831603 0
    outer loop
      vertex -134.5 38.8301 0
      vertex -135.044 38.4668 3.2
      vertex -134.5 38.8301 3.2
    endloop
  endfacet
  facet normal -0.55537 0.831603 0
    outer loop
      vertex -135.044 38.4668 3.2
      vertex -134.5 38.8301 0
      vertex -135.044 38.4668 0
    endloop
  endfacet
  facet normal -0.659197 0.75197 0
    outer loop
      vertex -135.044 38.4668 0
      vertex -135.536 38.0355 3.2
      vertex -135.044 38.4668 3.2
    endloop
  endfacet
  facet normal -0.659197 0.75197 0
    outer loop
      vertex -135.536 38.0355 3.2
      vertex -135.044 38.4668 0
      vertex -135.536 38.0355 0
    endloop
  endfacet
  facet normal -0.751998 0.659165 0
    outer loop
      vertex -135.967 37.5438 0
      vertex -135.536 38.0355 3.2
      vertex -135.536 38.0355 0
    endloop
  endfacet
  facet normal -0.751998 0.659165 0
    outer loop
      vertex -135.536 38.0355 3.2
      vertex -135.967 37.5438 0
      vertex -135.967 37.5438 3.2
    endloop
  endfacet
  facet normal 0.946569 -0.322503 0
    outer loop
      vertex -127.381 32.5866 3.2
      vertex -127.17 33.2059 0
      vertex -127.17 33.2059 3.2
    endloop
  endfacet
  facet normal 0.946569 -0.322503 0
    outer loop
      vertex -127.17 33.2059 0
      vertex -127.381 32.5866 3.2
      vertex -127.381 32.5866 0
    endloop
  endfacet
  facet normal -0.997836 0.0657477 0
    outer loop
      vertex -137 34.5 0
      vertex -136.957 35.1526 3.2
      vertex -136.957 35.1526 0
    endloop
  endfacet
  facet normal -0.997836 0.0657477 0
    outer loop
      vertex -136.957 35.1526 3.2
      vertex -137 34.5 0
      vertex -137 34.5 3.2
    endloop
  endfacet
  facet normal 0.55537 0.831603 -0
    outer loop
      vertex -128.956 38.4668 0
      vertex -129.5 38.8301 3.2
      vertex -128.956 38.4668 3.2
    endloop
  endfacet
  facet normal 0.55537 0.831603 0
    outer loop
      vertex -129.5 38.8301 3.2
      vertex -128.956 38.4668 0
      vertex -129.5 38.8301 0
    endloop
  endfacet
  facet normal -0.321546 -0.946894 0
    outer loop
      vertex -133.913 29.8806 0
      vertex -133.294 29.6704 3.2
      vertex -133.913 29.8806 3.2
    endloop
  endfacet
  facet normal -0.321546 -0.946894 -0
    outer loop
      vertex -133.294 29.6704 3.2
      vertex -133.913 29.8806 0
      vertex -133.294 29.6704 0
    endloop
  endfacet
  facet normal 0.195233 -0.980757 0
    outer loop
      vertex -131.347 29.5428 0
      vertex -130.706 29.6704 3.2
      vertex -131.347 29.5428 3.2
    endloop
  endfacet
  facet normal 0.195233 -0.980757 0
    outer loop
      vertex -130.706 29.6704 3.2
      vertex -131.347 29.5428 0
      vertex -130.706 29.6704 0
    endloop
  endfacet
  facet normal -0.321546 0.946894 0
    outer loop
      vertex -133.294 39.3296 0
      vertex -133.913 39.1194 3.2
      vertex -133.294 39.3296 3.2
    endloop
  endfacet
  facet normal -0.321546 0.946894 0
    outer loop
      vertex -133.913 39.1194 3.2
      vertex -133.294 39.3296 0
      vertex -133.913 39.1194 0
    endloop
  endfacet
  facet normal -0.831721 -0.555194 0
    outer loop
      vertex -135.967 31.4562 0
      vertex -136.33 32 3.2
      vertex -136.33 32 0
    endloop
  endfacet
  facet normal -0.831721 -0.555194 0
    outer loop
      vertex -136.33 32 3.2
      vertex -135.967 31.4562 0
      vertex -135.967 31.4562 3.2
    endloop
  endfacet
  facet normal 0.55537 -0.831603 0
    outer loop
      vertex -129.5 30.1699 0
      vertex -128.956 30.5332 3.2
      vertex -129.5 30.1699 3.2
    endloop
  endfacet
  facet normal 0.55537 -0.831603 0
    outer loop
      vertex -128.956 30.5332 3.2
      vertex -129.5 30.1699 0
      vertex -128.956 30.5332 0
    endloop
  endfacet
  facet normal -0.946569 0.322503 0
    outer loop
      vertex -136.83 35.7941 0
      vertex -136.619 36.4134 3.2
      vertex -136.619 36.4134 0
    endloop
  endfacet
  facet normal -0.946569 0.322503 0
    outer loop
      vertex -136.619 36.4134 3.2
      vertex -136.83 35.7941 0
      vertex -136.83 35.7941 3.2
    endloop
  endfacet
  facet normal 0.321546 0.946894 -0
    outer loop
      vertex -130.087 39.1194 0
      vertex -130.706 39.3296 3.2
      vertex -130.087 39.1194 3.2
    endloop
  endfacet
  facet normal 0.321546 0.946894 0
    outer loop
      vertex -130.706 39.3296 3.2
      vertex -130.087 39.1194 0
      vertex -130.706 39.3296 0
    endloop
  endfacet
  facet normal 0.0654033 0.997859 -0
    outer loop
      vertex -131.347 39.4572 0
      vertex -132 39.5 3.2
      vertex -131.347 39.4572 3.2
    endloop
  endfacet
  facet normal 0.0654033 0.997859 0
    outer loop
      vertex -132 39.5 3.2
      vertex -131.347 39.4572 0
      vertex -132 39.5 0
    endloop
  endfacet
  facet normal -0.442072 0.89698 0
    outer loop
      vertex -133.913 39.1194 0
      vertex -134.5 38.8301 3.2
      vertex -133.913 39.1194 3.2
    endloop
  endfacet
  facet normal -0.442072 0.89698 0
    outer loop
      vertex -134.5 38.8301 3.2
      vertex -133.913 39.1194 0
      vertex -134.5 38.8301 0
    endloop
  endfacet
  facet normal 0.831721 -0.555194 0
    outer loop
      vertex -128.033 31.4562 3.2
      vertex -127.67 32 0
      vertex -127.67 32 3.2
    endloop
  endfacet
  facet normal 0.831721 -0.555194 0
    outer loop
      vertex -127.67 32 0
      vertex -128.033 31.4562 3.2
      vertex -128.033 31.4562 0
    endloop
  endfacet
  facet normal -0.997836 -0.0657477 0
    outer loop
      vertex -136.957 33.8474 0
      vertex -137 34.5 3.2
      vertex -137 34.5 0
    endloop
  endfacet
  facet normal -0.997836 -0.0657477 0
    outer loop
      vertex -137 34.5 3.2
      vertex -136.957 33.8474 0
      vertex -136.957 33.8474 3.2
    endloop
  endfacet
  facet normal -0.946569 -0.322503 0
    outer loop
      vertex -136.619 32.5866 0
      vertex -136.83 33.2059 3.2
      vertex -136.83 33.2059 0
    endloop
  endfacet
  facet normal -0.946569 -0.322503 0
    outer loop
      vertex -136.83 33.2059 3.2
      vertex -136.619 32.5866 0
      vertex -136.619 32.5866 3.2
    endloop
  endfacet
  facet normal -0.659197 -0.75197 0
    outer loop
      vertex -135.536 30.9645 0
      vertex -135.044 30.5332 3.2
      vertex -135.536 30.9645 3.2
    endloop
  endfacet
  facet normal -0.659197 -0.75197 -0
    outer loop
      vertex -135.044 30.5332 3.2
      vertex -135.536 30.9645 0
      vertex -135.044 30.5332 0
    endloop
  endfacet
  facet normal 0.442072 0.89698 -0
    outer loop
      vertex -129.5 38.8301 0
      vertex -130.087 39.1194 3.2
      vertex -129.5 38.8301 3.2
    endloop
  endfacet
  facet normal 0.442072 0.89698 0
    outer loop
      vertex -130.087 39.1194 3.2
      vertex -129.5 38.8301 0
      vertex -130.087 39.1194 0
    endloop
  endfacet
  facet normal -0.195233 0.980757 0
    outer loop
      vertex -132.653 39.4572 0
      vertex -133.294 39.3296 3.2
      vertex -132.653 39.4572 3.2
    endloop
  endfacet
  facet normal -0.195233 0.980757 0
    outer loop
      vertex -133.294 39.3296 3.2
      vertex -132.653 39.4572 0
      vertex -133.294 39.3296 0
    endloop
  endfacet
  facet normal 0.751998 0.659165 0
    outer loop
      vertex -128.033 37.5438 3.2
      vertex -128.464 38.0355 0
      vertex -128.464 38.0355 3.2
    endloop
  endfacet
  facet normal 0.751998 0.659165 0
    outer loop
      vertex -128.464 38.0355 0
      vertex -128.033 37.5438 3.2
      vertex -128.033 37.5438 0
    endloop
  endfacet
  facet normal 0.195233 0.980757 -0
    outer loop
      vertex -130.706 39.3296 0
      vertex -131.347 39.4572 3.2
      vertex -130.706 39.3296 3.2
    endloop
  endfacet
  facet normal 0.195233 0.980757 0
    outer loop
      vertex -131.347 39.4572 3.2
      vertex -130.706 39.3296 0
      vertex -131.347 39.4572 0
    endloop
  endfacet
  facet normal 0.751998 -0.659165 0
    outer loop
      vertex -128.464 30.9645 3.2
      vertex -128.033 31.4562 0
      vertex -128.033 31.4562 3.2
    endloop
  endfacet
  facet normal 0.751998 -0.659165 0
    outer loop
      vertex -128.033 31.4562 0
      vertex -128.464 30.9645 3.2
      vertex -128.464 30.9645 0
    endloop
  endfacet
  facet normal -0.442072 -0.89698 0
    outer loop
      vertex -134.5 30.1699 0
      vertex -133.913 29.8806 3.2
      vertex -134.5 30.1699 3.2
    endloop
  endfacet
  facet normal -0.442072 -0.89698 -0
    outer loop
      vertex -133.913 29.8806 3.2
      vertex -134.5 30.1699 0
      vertex -133.913 29.8806 0
    endloop
  endfacet
  facet normal -0.0654033 0.997859 0
    outer loop
      vertex -132 39.5 0
      vertex -132.653 39.4572 3.2
      vertex -132 39.5 3.2
    endloop
  endfacet
  facet normal -0.0654033 0.997859 0
    outer loop
      vertex -132.653 39.4572 3.2
      vertex -132 39.5 0
      vertex -132.653 39.4572 0
    endloop
  endfacet
  facet normal -0.980961 0.194204 0
    outer loop
      vertex -136.957 35.1526 0
      vertex -136.83 35.7941 3.2
      vertex -136.83 35.7941 0
    endloop
  endfacet
  facet normal -0.980961 0.194204 0
    outer loop
      vertex -136.83 35.7941 3.2
      vertex -136.957 35.1526 0
      vertex -136.957 35.1526 3.2
    endloop
  endfacet
  facet normal 0.0654033 -0.997859 0
    outer loop
      vertex -132 29.5 0
      vertex -131.347 29.5428 3.2
      vertex -132 29.5 3.2
    endloop
  endfacet
  facet normal 0.0654033 -0.997859 0
    outer loop
      vertex -131.347 29.5428 3.2
      vertex -132 29.5 0
      vertex -131.347 29.5428 0
    endloop
  endfacet
  facet normal 0.442072 -0.89698 0
    outer loop
      vertex -130.087 29.8806 0
      vertex -129.5 30.1699 3.2
      vertex -130.087 29.8806 3.2
    endloop
  endfacet
  facet normal 0.442072 -0.89698 0
    outer loop
      vertex -129.5 30.1699 3.2
      vertex -130.087 29.8806 0
      vertex -129.5 30.1699 0
    endloop
  endfacet
  facet normal 0 0 -1
    outer loop
      vertex -127.043 33.8474 0
      vertex -127.043 35.1526 0
      vertex -127 34.5 0
    endloop
  endfacet
  facet normal 0 0 -1
    outer loop
      vertex -127.17 33.2059 0
      vertex -127.043 35.1526 0
      vertex -127.043 33.8474 0
    endloop
  endfacet
  facet normal 0 0 -1
    outer loop
      vertex -127.17 33.2059 0
      vertex -127.17 35.7941 0
      vertex -127.043 35.1526 0
    endloop
  endfacet
  facet normal 0 0 -1
    outer loop
      vertex -127.381 32.5866 0
      vertex -127.17 35.7941 0
      vertex -127.17 33.2059 0
    endloop
  endfacet
  facet normal 0 0 -1
    outer loop
      vertex -127.381 32.5866 0
      vertex -127.381 36.4134 0
      vertex -127.17 35.7941 0
    endloop
  endfacet
  facet normal 0 0 -1
    outer loop
      vertex -127.67 32 0
      vertex -127.381 36.4134 0
      vertex -127.381 32.5866 0
    endloop
  endfacet
  facet normal 0 0 -1
    outer loop
      vertex -127.67 32 0
      vertex -127.67 37 0
      vertex -127.381 36.4134 0
    endloop
  endfacet
  facet normal 0 0 -1
    outer loop
      vertex -128.033 31.4562 0
      vertex -127.67 37 0
      vertex -127.67 32 0
    endloop
  endfacet
  facet normal 0 0 -1
    outer loop
      vertex -128.033 31.4562 0
      vertex -128.033 37.5438 0
      vertex -127.67 37 0
    endloop
  endfacet
  facet normal 0 0 -1
    outer loop
      vertex -128.464 30.9645 0
      vertex -128.033 37.5438 0
      vertex -128.033 31.4562 0
    endloop
  endfacet
  facet normal 0 0 -1
    outer loop
      vertex -128.464 30.9645 0
      vertex -128.464 38.0355 0
      vertex -128.033 37.5438 0
    endloop
  endfacet
  facet normal 0 0 -1
    outer loop
      vertex -128.956 30.5332 0
      vertex -128.464 38.0355 0
      vertex -128.464 30.9645 0
    endloop
  endfacet
  facet normal 0 0 -1
    outer loop
      vertex -128.956 30.5332 0
      vertex -128.956 38.4668 0
      vertex -128.464 38.0355 0
    endloop
  endfacet
  facet normal 0 0 -1
    outer loop
      vertex -129.5 30.1699 0
      vertex -128.956 38.4668 0
      vertex -128.956 30.5332 0
    endloop
  endfacet
  facet normal 0 0 -1
    outer loop
      vertex -129.5 30.1699 0
      vertex -129.5 38.8301 0
      vertex -128.956 38.4668 0
    endloop
  endfacet
  facet normal 0 0 -1
    outer loop
      vertex -130.087 29.8806 0
      vertex -129.5 38.8301 0
      vertex -129.5 30.1699 0
    endloop
  endfacet
  facet normal 0 0 -1
    outer loop
      vertex -130.087 29.8806 0
      vertex -130.087 39.1194 0
      vertex -129.5 38.8301 0
    endloop
  endfacet
  facet normal 0 0 -1
    outer loop
      vertex -130.706 29.6704 0
      vertex -130.087 39.1194 0
      vertex -130.087 29.8806 0
    endloop
  endfacet
  facet normal 0 0 -1
    outer loop
      vertex -130.706 29.6704 0
      vertex -130.706 39.3296 0
      vertex -130.087 39.1194 0
    endloop
  endfacet
  facet normal 0 0 -1
    outer loop
      vertex -131.347 29.5428 0
      vertex -130.706 39.3296 0
      vertex -130.706 29.6704 0
    endloop
  endfacet
  facet normal 0 0 -1
    outer loop
      vertex -131.347 29.5428 0
      vertex -131.347 39.4572 0
      vertex -130.706 39.3296 0
    endloop
  endfacet
  facet normal 0 0 -1
    outer loop
      vertex -132 29.5 0
      vertex -131.347 39.4572 0
      vertex -131.347 29.5428 0
    endloop
  endfacet
  facet normal 0 0 -1
    outer loop
      vertex -132 29.5 0
      vertex -132 39.5 0
      vertex -131.347 39.4572 0
    endloop
  endfacet
  facet normal 0 0 -1
    outer loop
      vertex -132.653 29.5428 0
      vertex -132 39.5 0
      vertex -132 29.5 0
    endloop
  endfacet
  facet normal 0 0 -1
    outer loop
      vertex -132.653 29.5428 0
      vertex -132.653 39.4572 0
      vertex -132 39.5 0
    endloop
  endfacet
  facet normal 0 0 -1
    outer loop
      vertex -133.294 29.6704 0
      vertex -132.653 39.4572 0
      vertex -132.653 29.5428 0
    endloop
  endfacet
  facet normal 0 0 -1
    outer loop
      vertex -133.294 29.6704 0
      vertex -133.294 39.3296 0
      vertex -132.653 39.4572 0
    endloop
  endfacet
  facet normal 0 0 -1
    outer loop
      vertex -133.913 29.8806 0
      vertex -133.294 39.3296 0
      vertex -133.294 29.6704 0
    endloop
  endfacet
  facet normal 0 0 -1
    outer loop
      vertex -133.913 29.8806 0
      vertex -133.913 39.1194 0
      vertex -133.294 39.3296 0
    endloop
  endfacet
  facet normal 0 0 -1
    outer loop
      vertex -134.5 30.1699 0
      vertex -133.913 39.1194 0
      vertex -133.913 29.8806 0
    endloop
  endfacet
  facet normal 0 0 -1
    outer loop
      vertex -134.5 30.1699 0
      vertex -134.5 38.8301 0
      vertex -133.913 39.1194 0
    endloop
  endfacet
  facet normal 0 0 -1
    outer loop
      vertex -135.044 30.5332 0
      vertex -134.5 38.8301 0
      vertex -134.5 30.1699 0
    endloop
  endfacet
  facet normal 0 0 -1
    outer loop
      vertex -135.044 30.5332 0
      vertex -135.044 38.4668 0
      vertex -134.5 38.8301 0
    endloop
  endfacet
  facet normal 0 0 -1
    outer loop
      vertex -135.536 30.9645 0
      vertex -135.044 38.4668 0
      vertex -135.044 30.5332 0
    endloop
  endfacet
  facet normal 0 0 -1
    outer loop
      vertex -135.536 30.9645 0
      vertex -135.536 38.0355 0
      vertex -135.044 38.4668 0
    endloop
  endfacet
  facet normal 0 0 -1
    outer loop
      vertex -135.967 31.4562 0
      vertex -135.536 38.0355 0
      vertex -135.536 30.9645 0
    endloop
  endfacet
  facet normal 0 0 -1
    outer loop
      vertex -135.967 31.4562 0
      vertex -135.967 37.5438 0
      vertex -135.536 38.0355 0
    endloop
  endfacet
  facet normal 0 0 -1
    outer loop
      vertex -136.33 32 0
      vertex -135.967 37.5438 0
      vertex -135.967 31.4562 0
    endloop
  endfacet
  facet normal 0 0 -1
    outer loop
      vertex -136.33 32 0
      vertex -136.33 37 0
      vertex -135.967 37.5438 0
    endloop
  endfacet
  facet normal 0 0 -1
    outer loop
      vertex -136.619 32.5866 0
      vertex -136.33 37 0
      vertex -136.33 32 0
    endloop
  endfacet
  facet normal 0 0 -1
    outer loop
      vertex -136.619 32.5866 0
      vertex -136.619 36.4134 0
      vertex -136.33 37 0
    endloop
  endfacet
  facet normal 0 0 -1
    outer loop
      vertex -136.83 33.2059 0
      vertex -136.619 36.4134 0
      vertex -136.619 32.5866 0
    endloop
  endfacet
  facet normal 0 0 -1
    outer loop
      vertex -136.83 33.2059 0
      vertex -136.83 35.7941 0
      vertex -136.619 36.4134 0
    endloop
  endfacet
  facet normal 0 0 -1
    outer loop
      vertex -136.957 33.8474 0
      vertex -136.83 35.7941 0
      vertex -136.83 33.2059 0
    endloop
  endfacet
  facet normal 0 0 -1
    outer loop
      vertex -136.957 33.8474 0
      vertex -136.957 35.1526 0
      vertex -136.83 35.7941 0
    endloop
  endfacet
  facet normal 0 -0 -1
    outer loop
      vertex -136.957 35.1526 0
      vertex -136.957 33.8474 0
      vertex -137 34.5 0
    endloop
  endfacet
  facet normal 0.659197 -0.75197 0
    outer loop
      vertex -128.956 30.5332 0
      vertex -128.464 30.9645 3.2
      vertex -128.956 30.5332 3.2
    endloop
  endfacet
  facet normal 0.659197 -0.75197 0
    outer loop
      vertex -128.464 30.9645 3.2
      vertex -128.956 30.5332 0
      vertex -128.464 30.9645 0
    endloop
  endfacet
  facet normal -0.897042 -0.441945 0
    outer loop
      vertex -136.33 32 0
      vertex -136.619 32.5866 3.2
      vertex -136.619 32.5866 0
    endloop
  endfacet
  facet normal -0.897042 -0.441945 0
    outer loop
      vertex -136.619 32.5866 3.2
      vertex -136.33 32 0
      vertex -136.33 32 3.2
    endloop
  endfacet
  facet normal 0.897042 -0.441945 0
    outer loop
      vertex -127.67 32 3.2
      vertex -127.381 32.5866 0
      vertex -127.381 32.5866 3.2
    endloop
  endfacet
  facet normal 0.897042 -0.441945 0
    outer loop
      vertex -127.381 32.5866 0
      vertex -127.67 32 3.2
      vertex -127.67 32 0
    endloop
  endfacet
  facet normal 0.659197 0.75197 -0
    outer loop
      vertex -128.464 38.0355 0
      vertex -128.956 38.4668 3.2
      vertex -128.464 38.0355 3.2
    endloop
  endfacet
  facet normal 0.659197 0.75197 0
    outer loop
      vertex -128.956 38.4668 3.2
      vertex -128.464 38.0355 0
      vertex -128.956 38.4668 0
    endloop
  endfacet
  facet normal 0.997836 -0.0657477 0
    outer loop
      vertex -127.043 33.8474 3.2
      vertex -127 34.5 0
      vertex -127 34.5 3.2
    endloop
  endfacet
  facet normal 0.997836 -0.0657477 0
    outer loop
      vertex -127 34.5 0
      vertex -127.043 33.8474 3.2
      vertex -127.043 33.8474 0
    endloop
  endfacet
  facet normal -0.55537 -0.831603 0
    outer loop
      vertex -135.044 30.5332 0
      vertex -134.5 30.1699 3.2
      vertex -135.044 30.5332 3.2
    endloop
  endfacet
  facet normal -0.55537 -0.831603 -0
    outer loop
      vertex -134.5 30.1699 3.2
      vertex -135.044 30.5332 0
      vertex -134.5 30.1699 0
    endloop
  endfacet
  facet normal 0.897042 0.441945 0
    outer loop
      vertex -127.381 36.4134 3.2
      vertex -127.67 37 0
      vertex -127.67 37 3.2
    endloop
  endfacet
  facet normal 0.897042 0.441945 0
    outer loop
      vertex -127.67 37 0
      vertex -127.381 36.4134 3.2
      vertex -127.381 36.4134 0
    endloop
  endfacet
  facet normal 0.980961 -0.194204 0
    outer loop
      vertex -127.17 33.2059 3.2
      vertex -127.043 33.8474 0
      vertex -127.043 33.8474 3.2
    endloop
  endfacet
  facet normal 0.980961 -0.194204 0
    outer loop
      vertex -127.043 33.8474 0
      vertex -127.17 33.2059 3.2
      vertex -127.17 33.2059 0
    endloop
  endfacet
  facet normal 0.946569 0.322503 0
    outer loop
      vertex -127.17 35.7941 3.2
      vertex -127.381 36.4134 0
      vertex -127.381 36.4134 3.2
    endloop
  endfacet
  facet normal 0.946569 0.322503 0
    outer loop
      vertex -127.381 36.4134 0
      vertex -127.17 35.7941 3.2
      vertex -127.17 35.7941 0
    endloop
  endfacet
  facet normal -0.980961 -0.194204 0
    outer loop
      vertex -136.83 33.2059 0
      vertex -136.957 33.8474 3.2
      vertex -136.957 33.8474 0
    endloop
  endfacet
  facet normal -0.980961 -0.194204 0
    outer loop
      vertex -136.957 33.8474 3.2
      vertex -136.83 33.2059 0
      vertex -136.83 33.2059 3.2
    endloop
  endfacet
  facet normal -0.751998 -0.659165 0
    outer loop
      vertex -135.536 30.9645 0
      vertex -135.967 31.4562 3.2
      vertex -135.967 31.4562 0
    endloop
  endfacet
  facet normal -0.751998 -0.659165 0
    outer loop
      vertex -135.967 31.4562 3.2
      vertex -135.536 30.9645 0
      vertex -135.536 30.9645 3.2
    endloop
  endfacet
  facet normal 0 0 1
    outer loop
      vertex -129.25 34.5 3.2
      vertex -127 34.5 3.2
      vertex -127.043 35.1526 3.2
    endloop
  endfacet
  facet normal 0 0 1
    outer loop
      vertex -129.274 34.8589 3.2
      vertex -127.043 35.1526 3.2
      vertex -127.17 35.7941 3.2
    endloop
  endfacet
  facet normal 0 0 1
    outer loop
      vertex -127 34.5 3.2
      vertex -129.25 34.5 3.2
      vertex -127.043 33.8474 3.2
    endloop
  endfacet
  facet normal 0 0 1
    outer loop
      vertex -129.344 35.2118 3.2
      vertex -127.17 35.7941 3.2
      vertex -127.381 36.4134 3.2
    endloop
  endfacet
  facet normal -0 0 1
    outer loop
      vertex -129.274 34.1411 3.2
      vertex -127.043 33.8474 3.2
      vertex -129.25 34.5 3.2
    endloop
  endfacet
  facet normal 0 0 1
    outer loop
      vertex -129.459 35.5524 3.2
      vertex -127.381 36.4134 3.2
      vertex -127.67 37 3.2
    endloop
  endfacet
  facet normal 0 0 1
    outer loop
      vertex -127.043 33.8474 3.2
      vertex -129.274 34.1411 3.2
      vertex -127.17 33.2059 3.2
    endloop
  endfacet
  facet normal 0 0 1
    outer loop
      vertex -129.618 35.875 3.2
      vertex -127.67 37 3.2
      vertex -128.033 37.5438 3.2
    endloop
  endfacet
  facet normal -0 0 1
    outer loop
      vertex -129.344 33.7882 3.2
      vertex -127.17 33.2059 3.2
      vertex -129.274 34.1411 3.2
    endloop
  endfacet
  facet normal 0 0 1
    outer loop
      vertex -129.818 36.1741 3.2
      vertex -128.033 37.5438 3.2
      vertex -128.464 38.0355 3.2
    endloop
  endfacet
  facet normal 0 0 1
    outer loop
      vertex -127.17 33.2059 3.2
      vertex -129.344 33.7882 3.2
      vertex -127.381 32.5866 3.2
    endloop
  endfacet
  facet normal 0 0 1
    outer loop
      vertex -130.055 36.4445 3.2
      vertex -128.464 38.0355 3.2
      vertex -128.956 38.4668 3.2
    endloop
  endfacet
  facet normal -0 0 1
    outer loop
      vertex -129.459 33.4476 3.2
      vertex -127.381 32.5866 3.2
      vertex -129.344 33.7882 3.2
    endloop
  endfacet
  facet normal 0 0 1
    outer loop
      vertex -127.381 32.5866 3.2
      vertex -129.459 33.4476 3.2
      vertex -127.67 32 3.2
    endloop
  endfacet
  facet normal 0 0 1
    outer loop
      vertex -127.043 35.1526 3.2
      vertex -129.274 34.8589 3.2
      vertex -129.25 34.5 3.2
    endloop
  endfacet
  facet normal 0 0 1
    outer loop
      vertex -127.17 35.7941 3.2
      vertex -129.344 35.2118 3.2
      vertex -129.274 34.8589 3.2
    endloop
  endfacet
  facet normal 0 0 1
    outer loop
      vertex -127.381 36.4134 3.2
      vertex -129.459 35.5524 3.2
      vertex -129.344 35.2118 3.2
    endloop
  endfacet
  facet normal 0 0 1
    outer loop
      vertex -130.326 36.6817 3.2
      vertex -128.956 38.4668 3.2
      vertex -129.5 38.8301 3.2
    endloop
  endfacet
  facet normal 0 0 1
    outer loop
      vertex -127.67 37 3.2
      vertex -129.618 35.875 3.2
      vertex -129.459 35.5524 3.2
    endloop
  endfacet
  facet normal 0 0 1
    outer loop
      vertex -128.033 37.5438 3.2
      vertex -129.818 36.1741 3.2
      vertex -129.618 35.875 3.2
    endloop
  endfacet
  facet normal 0 0 1
    outer loop
      vertex -128.464 38.0355 3.2
      vertex -130.055 36.4445 3.2
      vertex -129.818 36.1741 3.2
    endloop
  endfacet
  facet normal 0 0 1
    outer loop
      vertex -130.625 36.8816 3.2
      vertex -129.5 38.8301 3.2
      vertex -130.087 39.1194 3.2
    endloop
  endfacet
  facet normal 0 0 1
    outer loop
      vertex -128.956 38.4668 3.2
      vertex -130.326 36.6817 3.2
      vertex -130.055 36.4445 3.2
    endloop
  endfacet
  facet normal 0 0 1
    outer loop
      vertex -129.5 38.8301 3.2
      vertex -130.625 36.8816 3.2
      vertex -130.326 36.6817 3.2
    endloop
  endfacet
  facet normal 0 0 1
    outer loop
      vertex -130.948 37.0407 3.2
      vertex -130.087 39.1194 3.2
      vertex -130.706 39.3296 3.2
    endloop
  endfacet
  facet normal 0 0 1
    outer loop
      vertex -130.087 39.1194 3.2
      vertex -130.948 37.0407 3.2
      vertex -130.625 36.8816 3.2
    endloop
  endfacet
  facet normal 0 0 1
    outer loop
      vertex -130.706 39.3296 3.2
      vertex -131.288 37.1563 3.2
      vertex -130.948 37.0407 3.2
    endloop
  endfacet
  facet normal 0 0 1
    outer loop
      vertex -131.347 39.4572 3.2
      vertex -131.288 37.1563 3.2
      vertex -130.706 39.3296 3.2
    endloop
  endfacet
  facet normal 0 0 1
    outer loop
      vertex -131.347 39.4572 3.2
      vertex -131.641 37.2265 3.2
      vertex -131.288 37.1563 3.2
    endloop
  endfacet
  facet normal 0 0 1
    outer loop
      vertex -132 39.5 3.2
      vertex -131.641 37.2265 3.2
      vertex -131.347 39.4572 3.2
    endloop
  endfacet
  facet normal 0 0 1
    outer loop
      vertex -132 39.5 3.2
      vertex -132 37.25 3.2
      vertex -131.641 37.2265 3.2
    endloop
  endfacet
  facet normal 0 0 1
    outer loop
      vertex -132 39.5 3.2
      vertex -132.359 37.2265 3.2
      vertex -132 37.25 3.2
    endloop
  endfacet
  facet normal -0 0 1
    outer loop
      vertex -132.653 39.4572 3.2
      vertex -132.359 37.2265 3.2
      vertex -132 39.5 3.2
    endloop
  endfacet
  facet normal 0 0 1
    outer loop
      vertex -132.653 39.4572 3.2
      vertex -132.712 37.1563 3.2
      vertex -132.359 37.2265 3.2
    endloop
  endfacet
  facet normal -0 0 1
    outer loop
      vertex -133.294 39.3296 3.2
      vertex -132.712 37.1563 3.2
      vertex -132.653 39.4572 3.2
    endloop
  endfacet
  facet normal 0 0 1
    outer loop
      vertex -132.712 37.1563 3.2
      vertex -133.294 39.3296 3.2
      vertex -133.052 37.0407 3.2
    endloop
  endfacet
  facet normal -0 0 1
    outer loop
      vertex -133.913 39.1194 3.2
      vertex -133.052 37.0407 3.2
      vertex -133.294 39.3296 3.2
    endloop
  endfacet
  facet normal 0 0 1
    outer loop
      vertex -133.052 37.0407 3.2
      vertex -133.913 39.1194 3.2
      vertex -133.375 36.8816 3.2
    endloop
  endfacet
  facet normal -0 0 1
    outer loop
      vertex -134.5 38.8301 3.2
      vertex -133.375 36.8816 3.2
      vertex -133.913 39.1194 3.2
    endloop
  endfacet
  facet normal 0 0 1
    outer loop
      vertex -133.375 36.8816 3.2
      vertex -134.5 38.8301 3.2
      vertex -133.674 36.6817 3.2
    endloop
  endfacet
  facet normal -0 0 1
    outer loop
      vertex -135.044 38.4668 3.2
      vertex -133.674 36.6817 3.2
      vertex -134.5 38.8301 3.2
    endloop
  endfacet
  facet normal 0 0 1
    outer loop
      vertex -133.674 36.6817 3.2
      vertex -135.044 38.4668 3.2
      vertex -133.945 36.4445 3.2
    endloop
  endfacet
  facet normal -0 0 1
    outer loop
      vertex -135.536 38.0355 3.2
      vertex -133.945 36.4445 3.2
      vertex -135.044 38.4668 3.2
    endloop
  endfacet
  facet normal 0 0 1
    outer loop
      vertex -133.945 36.4445 3.2
      vertex -135.536 38.0355 3.2
      vertex -134.182 36.1741 3.2
    endloop
  endfacet
  facet normal -0 0 1
    outer loop
      vertex -135.967 37.5438 3.2
      vertex -134.182 36.1741 3.2
      vertex -135.536 38.0355 3.2
    endloop
  endfacet
  facet normal 0 0 1
    outer loop
      vertex -134.182 36.1741 3.2
      vertex -135.967 37.5438 3.2
      vertex -134.382 35.875 3.2
    endloop
  endfacet
  facet normal -0 0 1
    outer loop
      vertex -136.33 37 3.2
      vertex -134.382 35.875 3.2
      vertex -135.967 37.5438 3.2
    endloop
  endfacet
  facet normal 0 0 1
    outer loop
      vertex -134.382 35.875 3.2
      vertex -136.33 37 3.2
      vertex -134.541 35.5524 3.2
    endloop
  endfacet
  facet normal -0 0 1
    outer loop
      vertex -129.618 33.125 3.2
      vertex -127.67 32 3.2
      vertex -129.459 33.4476 3.2
    endloop
  endfacet
  facet normal 0 0 1
    outer loop
      vertex -127.67 32 3.2
      vertex -129.618 33.125 3.2
      vertex -128.033 31.4562 3.2
    endloop
  endfacet
  facet normal -0 0 1
    outer loop
      vertex -129.818 32.8259 3.2
      vertex -128.033 31.4562 3.2
      vertex -129.618 33.125 3.2
    endloop
  endfacet
  facet normal 0 0 1
    outer loop
      vertex -128.033 31.4562 3.2
      vertex -129.818 32.8259 3.2
      vertex -128.464 30.9645 3.2
    endloop
  endfacet
  facet normal -0 0 1
    outer loop
      vertex -130.055 32.5555 3.2
      vertex -128.464 30.9645 3.2
      vertex -129.818 32.8259 3.2
    endloop
  endfacet
  facet normal 0 0 1
    outer loop
      vertex -128.464 30.9645 3.2
      vertex -130.055 32.5555 3.2
      vertex -128.956 30.5332 3.2
    endloop
  endfacet
  facet normal -0 0 1
    outer loop
      vertex -130.326 32.3183 3.2
      vertex -128.956 30.5332 3.2
      vertex -130.055 32.5555 3.2
    endloop
  endfacet
  facet normal 0 0 1
    outer loop
      vertex -128.956 30.5332 3.2
      vertex -130.326 32.3183 3.2
      vertex -129.5 30.1699 3.2
    endloop
  endfacet
  facet normal -0 0 1
    outer loop
      vertex -130.625 32.1184 3.2
      vertex -129.5 30.1699 3.2
      vertex -130.326 32.3183 3.2
    endloop
  endfacet
  facet normal 0 0 1
    outer loop
      vertex -129.5 30.1699 3.2
      vertex -130.625 32.1184 3.2
      vertex -130.087 29.8806 3.2
    endloop
  endfacet
  facet normal -0 0 1
    outer loop
      vertex -130.948 31.9593 3.2
      vertex -130.087 29.8806 3.2
      vertex -130.625 32.1184 3.2
    endloop
  endfacet
  facet normal 0 0 1
    outer loop
      vertex -130.087 29.8806 3.2
      vertex -130.948 31.9593 3.2
      vertex -130.706 29.6704 3.2
    endloop
  endfacet
  facet normal -0 0 1
    outer loop
      vertex -131.288 31.8437 3.2
      vertex -130.706 29.6704 3.2
      vertex -130.948 31.9593 3.2
    endloop
  endfacet
  facet normal 0 0 1
    outer loop
      vertex -131.288 31.8437 3.2
      vertex -131.347 29.5428 3.2
      vertex -130.706 29.6704 3.2
    endloop
  endfacet
  facet normal -0 0 1
    outer loop
      vertex -131.641 31.7735 3.2
      vertex -131.347 29.5428 3.2
      vertex -131.288 31.8437 3.2
    endloop
  endfacet
  facet normal -0 0 1
    outer loop
      vertex -132 31.75 3.2
      vertex -131.347 29.5428 3.2
      vertex -131.641 31.7735 3.2
    endloop
  endfacet
  facet normal 0 0 1
    outer loop
      vertex -132 31.75 3.2
      vertex -132 29.5 3.2
      vertex -131.347 29.5428 3.2
    endloop
  endfacet
  facet normal 0 0 1
    outer loop
      vertex -132.359 31.7735 3.2
      vertex -132 29.5 3.2
      vertex -132 31.75 3.2
    endloop
  endfacet
  facet normal 0 0 1
    outer loop
      vertex -132.359 31.7735 3.2
      vertex -132.653 29.5428 3.2
      vertex -132 29.5 3.2
    endloop
  endfacet
  facet normal 0 0 1
    outer loop
      vertex -132.712 31.8437 3.2
      vertex -132.653 29.5428 3.2
      vertex -132.359 31.7735 3.2
    endloop
  endfacet
  facet normal 0 0 1
    outer loop
      vertex -133.294 29.6704 3.2
      vertex -132.712 31.8437 3.2
      vertex -133.052 31.9593 3.2
    endloop
  endfacet
  facet normal 0 0 1
    outer loop
      vertex -132.712 31.8437 3.2
      vertex -133.294 29.6704 3.2
      vertex -132.653 29.5428 3.2
    endloop
  endfacet
  facet normal 0 0 1
    outer loop
      vertex -133.913 29.8806 3.2
      vertex -133.052 31.9593 3.2
      vertex -133.375 32.1184 3.2
    endloop
  endfacet
  facet normal 0 0 1
    outer loop
      vertex -134.5 30.1699 3.2
      vertex -133.375 32.1184 3.2
      vertex -133.674 32.3183 3.2
    endloop
  endfacet
  facet normal 0 0 1
    outer loop
      vertex -133.052 31.9593 3.2
      vertex -133.913 29.8806 3.2
      vertex -133.294 29.6704 3.2
    endloop
  endfacet
  facet normal 0 0 1
    outer loop
      vertex -135.044 30.5332 3.2
      vertex -133.674 32.3183 3.2
      vertex -133.945 32.5555 3.2
    endloop
  endfacet
  facet normal 0 0 1
    outer loop
      vertex -135.536 30.9645 3.2
      vertex -133.945 32.5555 3.2
      vertex -134.182 32.8259 3.2
    endloop
  endfacet
  facet normal 0 0 1
    outer loop
      vertex -135.967 31.4562 3.2
      vertex -134.182 32.8259 3.2
      vertex -134.382 33.125 3.2
    endloop
  endfacet
  facet normal 0 0 1
    outer loop
      vertex -133.375 32.1184 3.2
      vertex -134.5 30.1699 3.2
      vertex -133.913 29.8806 3.2
    endloop
  endfacet
  facet normal 0 0 1
    outer loop
      vertex -136.33 32 3.2
      vertex -134.382 33.125 3.2
      vertex -134.541 33.4476 3.2
    endloop
  endfacet
  facet normal 0 0 1
    outer loop
      vertex -136.619 32.5866 3.2
      vertex -134.541 33.4476 3.2
      vertex -134.656 33.7882 3.2
    endloop
  endfacet
  facet normal 0 0 1
    outer loop
      vertex -136.83 33.2059 3.2
      vertex -134.656 33.7882 3.2
      vertex -134.726 34.1411 3.2
    endloop
  endfacet
  facet normal 0 0 1
    outer loop
      vertex -136.957 33.8474 3.2
      vertex -134.726 34.1411 3.2
      vertex -134.75 34.5 3.2
    endloop
  endfacet
  facet normal -0 0 1
    outer loop
      vertex -136.619 36.4134 3.2
      vertex -134.541 35.5524 3.2
      vertex -136.33 37 3.2
    endloop
  endfacet
  facet normal 0 0 1
    outer loop
      vertex -133.674 32.3183 3.2
      vertex -135.044 30.5332 3.2
      vertex -134.5 30.1699 3.2
    endloop
  endfacet
  facet normal 0 0 1
    outer loop
      vertex -134.541 35.5524 3.2
      vertex -136.619 36.4134 3.2
      vertex -134.656 35.2118 3.2
    endloop
  endfacet
  facet normal 0 0 1
    outer loop
      vertex -133.945 32.5555 3.2
      vertex -135.536 30.9645 3.2
      vertex -135.044 30.5332 3.2
    endloop
  endfacet
  facet normal -0 0 1
    outer loop
      vertex -136.83 35.7941 3.2
      vertex -134.656 35.2118 3.2
      vertex -136.619 36.4134 3.2
    endloop
  endfacet
  facet normal 0 0 1
    outer loop
      vertex -134.182 32.8259 3.2
      vertex -135.967 31.4562 3.2
      vertex -135.536 30.9645 3.2
    endloop
  endfacet
  facet normal 0 0 1
    outer loop
      vertex -134.656 35.2118 3.2
      vertex -136.83 35.7941 3.2
      vertex -134.726 34.8589 3.2
    endloop
  endfacet
  facet normal 0 0 1
    outer loop
      vertex -134.382 33.125 3.2
      vertex -136.33 32 3.2
      vertex -135.967 31.4562 3.2
    endloop
  endfacet
  facet normal -0 0 1
    outer loop
      vertex -136.957 35.1526 3.2
      vertex -134.726 34.8589 3.2
      vertex -136.83 35.7941 3.2
    endloop
  endfacet
  facet normal 0 0 1
    outer loop
      vertex -134.541 33.4476 3.2
      vertex -136.619 32.5866 3.2
      vertex -136.33 32 3.2
    endloop
  endfacet
  facet normal 0 0 1
    outer loop
      vertex -134.726 34.8589 3.2
      vertex -136.957 35.1526 3.2
      vertex -134.75 34.5 3.2
    endloop
  endfacet
  facet normal 0 0 1
    outer loop
      vertex -134.656 33.7882 3.2
      vertex -136.83 33.2059 3.2
      vertex -136.619 32.5866 3.2
    endloop
  endfacet
  facet normal 0 0 1
    outer loop
      vertex -137 34.5 3.2
      vertex -134.75 34.5 3.2
      vertex -136.957 35.1526 3.2
    endloop
  endfacet
  facet normal 0 0 1
    outer loop
      vertex -134.726 34.1411 3.2
      vertex -136.957 33.8474 3.2
      vertex -136.83 33.2059 3.2
    endloop
  endfacet
  facet normal 0 0 1
    outer loop
      vertex -134.75 34.5 3.2
      vertex -137 34.5 3.2
      vertex -136.957 33.8474 3.2
    endloop
  endfacet
  facet normal -0.195233 -0.980757 0
    outer loop
      vertex -133.294 29.6704 0
      vertex -132.653 29.5428 3.2
      vertex -133.294 29.6704 3.2
    endloop
  endfacet
  facet normal -0.195233 -0.980757 -0
    outer loop
      vertex -132.653 29.5428 3.2
      vertex -133.294 29.6704 0
      vertex -132.653 29.5428 0
    endloop
  endfacet
  facet normal -0.831721 0.555194 0
    outer loop
      vertex -136.33 37 0
      vertex -135.967 37.5438 3.2
      vertex -135.967 37.5438 0
    endloop
  endfacet
  facet normal -0.831721 0.555194 0
    outer loop
      vertex -135.967 37.5438 3.2
      vertex -136.33 37 0
      vertex -136.33 37 3.2
    endloop
  endfacet
  facet normal -0.0654033 -0.997859 0
    outer loop
      vertex -132.653 29.5428 0
      vertex -132 29.5 3.2
      vertex -132.653 29.5428 3.2
    endloop
  endfacet
  facet normal -0.0654033 -0.997859 -0
    outer loop
      vertex -132 29.5 3.2
      vertex -132.653 29.5428 0
      vertex -132 29.5 0
    endloop
  endfacet
  facet normal 0.980889 -0.194566 0
    outer loop
      vertex -129.344 33.7882 4.7
      vertex -129.274 34.1411 3.2
      vertex -129.274 34.1411 4.7
    endloop
  endfacet
  facet normal 0.980889 -0.194566 0
    outer loop
      vertex -129.274 34.1411 3.2
      vertex -129.344 33.7882 4.7
      vertex -129.344 33.7882 3.2
    endloop
  endfacet
  facet normal 0.980889 0.194566 0
    outer loop
      vertex -129.274 34.8589 4.7
      vertex -129.344 35.2118 3.2
      vertex -129.344 35.2118 4.7
    endloop
  endfacet
  facet normal 0.980889 0.194566 0
    outer loop
      vertex -129.344 35.2118 3.2
      vertex -129.274 34.8589 4.7
      vertex -129.274 34.8589 3.2
    endloop
  endfacet
  facet normal 0.997772 0.066722 0
    outer loop
      vertex -129.25 34.5 4.7
      vertex -129.274 34.8589 3.2
      vertex -129.274 34.8589 4.7
    endloop
  endfacet
  facet normal 0.997772 0.066722 0
    outer loop
      vertex -129.274 34.8589 3.2
      vertex -129.25 34.5 4.7
      vertex -129.25 34.5 3.2
    endloop
  endfacet
  facet normal 0.947452 0.319897 0
    outer loop
      vertex -129.344 35.2118 4.7
      vertex -129.459 35.5524 3.2
      vertex -129.459 35.5524 4.7
    endloop
  endfacet
  facet normal 0.947452 0.319897 0
    outer loop
      vertex -129.459 35.5524 3.2
      vertex -129.344 35.2118 4.7
      vertex -129.344 35.2118 3.2
    endloop
  endfacet
  facet normal 0.441873 -0.897078 0
    outer loop
      vertex -130.948 31.9593 3.2
      vertex -130.625 32.1184 4.7
      vertex -130.948 31.9593 4.7
    endloop
  endfacet
  facet normal 0.441873 -0.897078 0
    outer loop
      vertex -130.625 32.1184 4.7
      vertex -130.948 31.9593 3.2
      vertex -130.625 32.1184 3.2
    endloop
  endfacet
  facet normal 0.195047 0.980794 -0
    outer loop
      vertex -131.288 37.1563 3.2
      vertex -131.641 37.2265 4.7
      vertex -131.288 37.1563 4.7
    endloop
  endfacet
  facet normal 0.195047 0.980794 0
    outer loop
      vertex -131.641 37.2265 4.7
      vertex -131.288 37.1563 3.2
      vertex -131.641 37.2265 3.2
    endloop
  endfacet
  facet normal 0.195047 -0.980794 0
    outer loop
      vertex -131.641 31.7735 3.2
      vertex -131.288 31.8437 4.7
      vertex -131.641 31.7735 4.7
    endloop
  endfacet
  facet normal 0.195047 -0.980794 0
    outer loop
      vertex -131.288 31.8437 4.7
      vertex -131.641 31.7735 3.2
      vertex -131.288 31.8437 3.2
    endloop
  endfacet
  facet normal 0.0653198 -0.997864 0
    outer loop
      vertex -132 31.75 3.2
      vertex -131.641 31.7735 4.7
      vertex -132 31.75 4.7
    endloop
  endfacet
  facet normal 0.0653198 -0.997864 0
    outer loop
      vertex -131.641 31.7735 4.7
      vertex -132 31.75 3.2
      vertex -131.641 31.7735 3.2
    endloop
  endfacet
  facet normal -0.658623 0.752473 0
    outer loop
      vertex -133.674 36.6817 3.2
      vertex -133.945 36.4445 4.7
      vertex -133.674 36.6817 4.7
    endloop
  endfacet
  facet normal -0.658623 0.752473 0
    outer loop
      vertex -133.945 36.4445 4.7
      vertex -133.674 36.6817 3.2
      vertex -133.945 36.4445 3.2
    endloop
  endfacet
  facet normal -0.83128 0.555854 0
    outer loop
      vertex -134.382 35.875 3.2
      vertex -134.182 36.1741 4.7
      vertex -134.182 36.1741 3.2
    endloop
  endfacet
  facet normal -0.83128 0.555854 0
    outer loop
      vertex -134.182 36.1741 4.7
      vertex -134.382 35.875 3.2
      vertex -134.382 35.875 4.7
    endloop
  endfacet
  facet normal 0.321903 0.946773 -0
    outer loop
      vertex -130.948 37.0407 3.2
      vertex -131.288 37.1563 4.7
      vertex -130.948 37.0407 4.7
    endloop
  endfacet
  facet normal 0.321903 0.946773 0
    outer loop
      vertex -131.288 37.1563 4.7
      vertex -130.948 37.0407 3.2
      vertex -131.288 37.1563 3.2
    endloop
  endfacet
  facet normal 0.658623 -0.752473 0
    outer loop
      vertex -130.326 32.3183 3.2
      vertex -130.055 32.5555 4.7
      vertex -130.326 32.3183 4.7
    endloop
  endfacet
  facet normal 0.658623 -0.752473 0
    outer loop
      vertex -130.055 32.5555 4.7
      vertex -130.326 32.3183 3.2
      vertex -130.055 32.5555 3.2
    endloop
  endfacet
  facet normal -0.441873 0.897078 0
    outer loop
      vertex -133.052 37.0407 3.2
      vertex -133.375 36.8816 4.7
      vertex -133.052 37.0407 4.7
    endloop
  endfacet
  facet normal -0.441873 0.897078 0
    outer loop
      vertex -133.375 36.8816 4.7
      vertex -133.052 37.0407 3.2
      vertex -133.375 36.8816 3.2
    endloop
  endfacet
  facet normal -0.0653198 -0.997864 0
    outer loop
      vertex -132.359 31.7735 3.2
      vertex -132 31.75 4.7
      vertex -132.359 31.7735 4.7
    endloop
  endfacet
  facet normal -0.0653198 -0.997864 -0
    outer loop
      vertex -132 31.75 4.7
      vertex -132.359 31.7735 3.2
      vertex -132 31.75 3.2
    endloop
  endfacet
  facet normal 0.752025 -0.659134 0
    outer loop
      vertex -130.055 32.5555 4.7
      vertex -129.818 32.8259 3.2
      vertex -129.818 32.8259 4.7
    endloop
  endfacet
  facet normal 0.752025 -0.659134 0
    outer loop
      vertex -129.818 32.8259 3.2
      vertex -130.055 32.5555 4.7
      vertex -130.055 32.5555 3.2
    endloop
  endfacet
  facet normal -0.947452 -0.319897 0
    outer loop
      vertex -134.541 33.4476 3.2
      vertex -134.656 33.7882 4.7
      vertex -134.656 33.7882 3.2
    endloop
  endfacet
  facet normal -0.947452 -0.319897 0
    outer loop
      vertex -134.656 33.7882 4.7
      vertex -134.541 33.4476 3.2
      vertex -134.541 33.4476 4.7
    endloop
  endfacet
  facet normal 0.321903 -0.946773 0
    outer loop
      vertex -131.288 31.8437 3.2
      vertex -130.948 31.9593 4.7
      vertex -131.288 31.8437 4.7
    endloop
  endfacet
  facet normal 0.321903 -0.946773 0
    outer loop
      vertex -130.948 31.9593 4.7
      vertex -131.288 31.8437 3.2
      vertex -130.948 31.9593 3.2
    endloop
  endfacet
  facet normal -0.321903 0.946773 0
    outer loop
      vertex -132.712 37.1563 3.2
      vertex -133.052 37.0407 4.7
      vertex -132.712 37.1563 4.7
    endloop
  endfacet
  facet normal -0.321903 0.946773 0
    outer loop
      vertex -133.052 37.0407 4.7
      vertex -132.712 37.1563 3.2
      vertex -133.052 37.0407 3.2
    endloop
  endfacet
  facet normal -0.55579 0.831322 0
    outer loop
      vertex -133.375 36.8816 3.2
      vertex -133.674 36.6817 4.7
      vertex -133.375 36.8816 4.7
    endloop
  endfacet
  facet normal -0.55579 0.831322 0
    outer loop
      vertex -133.674 36.6817 4.7
      vertex -133.375 36.8816 3.2
      vertex -133.674 36.6817 3.2
    endloop
  endfacet
  facet normal -0.947452 0.319897 0
    outer loop
      vertex -134.656 35.2118 3.2
      vertex -134.541 35.5524 4.7
      vertex -134.541 35.5524 3.2
    endloop
  endfacet
  facet normal -0.947452 0.319897 0
    outer loop
      vertex -134.541 35.5524 4.7
      vertex -134.656 35.2118 3.2
      vertex -134.656 35.2118 4.7
    endloop
  endfacet
  facet normal 0.896971 0.44209 0
    outer loop
      vertex -129.459 35.5524 4.7
      vertex -129.618 35.875 3.2
      vertex -129.618 35.875 4.7
    endloop
  endfacet
  facet normal 0.896971 0.44209 0
    outer loop
      vertex -129.618 35.875 3.2
      vertex -129.459 35.5524 4.7
      vertex -129.459 35.5524 3.2
    endloop
  endfacet
  facet normal -0.195047 0.980794 0
    outer loop
      vertex -132.359 37.2265 3.2
      vertex -132.712 37.1563 4.7
      vertex -132.359 37.2265 4.7
    endloop
  endfacet
  facet normal -0.195047 0.980794 0
    outer loop
      vertex -132.712 37.1563 4.7
      vertex -132.359 37.2265 3.2
      vertex -132.712 37.1563 3.2
    endloop
  endfacet
  facet normal 0.658623 0.752473 -0
    outer loop
      vertex -130.055 36.4445 3.2
      vertex -130.326 36.6817 4.7
      vertex -130.055 36.4445 4.7
    endloop
  endfacet
  facet normal 0.658623 0.752473 0
    outer loop
      vertex -130.326 36.6817 4.7
      vertex -130.055 36.4445 3.2
      vertex -130.326 36.6817 3.2
    endloop
  endfacet
  facet normal 0.997772 -0.066722 0
    outer loop
      vertex -129.274 34.1411 4.7
      vertex -129.25 34.5 3.2
      vertex -129.25 34.5 4.7
    endloop
  endfacet
  facet normal 0.997772 -0.066722 0
    outer loop
      vertex -129.25 34.5 3.2
      vertex -129.274 34.1411 4.7
      vertex -129.274 34.1411 3.2
    endloop
  endfacet
  facet normal 0.441873 0.897078 -0
    outer loop
      vertex -130.625 36.8816 3.2
      vertex -130.948 37.0407 4.7
      vertex -130.625 36.8816 4.7
    endloop
  endfacet
  facet normal 0.441873 0.897078 0
    outer loop
      vertex -130.948 37.0407 4.7
      vertex -130.625 36.8816 3.2
      vertex -130.948 37.0407 3.2
    endloop
  endfacet
  facet normal -0.321903 -0.946773 0
    outer loop
      vertex -133.052 31.9593 3.2
      vertex -132.712 31.8437 4.7
      vertex -133.052 31.9593 4.7
    endloop
  endfacet
  facet normal -0.321903 -0.946773 -0
    outer loop
      vertex -132.712 31.8437 4.7
      vertex -133.052 31.9593 3.2
      vertex -132.712 31.8437 3.2
    endloop
  endfacet
  facet normal -0.980889 0.194566 0
    outer loop
      vertex -134.726 34.8589 3.2
      vertex -134.656 35.2118 4.7
      vertex -134.656 35.2118 3.2
    endloop
  endfacet
  facet normal -0.980889 0.194566 0
    outer loop
      vertex -134.656 35.2118 4.7
      vertex -134.726 34.8589 3.2
      vertex -134.726 34.8589 4.7
    endloop
  endfacet
  facet normal -0.0653198 0.997864 0
    outer loop
      vertex -132 37.25 3.2
      vertex -132.359 37.2265 4.7
      vertex -132 37.25 4.7
    endloop
  endfacet
  facet normal -0.0653198 0.997864 0
    outer loop
      vertex -132.359 37.2265 4.7
      vertex -132 37.25 3.2
      vertex -132.359 37.2265 3.2
    endloop
  endfacet
  facet normal -0.195047 -0.980794 0
    outer loop
      vertex -132.712 31.8437 3.2
      vertex -132.359 31.7735 4.7
      vertex -132.712 31.8437 4.7
    endloop
  endfacet
  facet normal -0.195047 -0.980794 -0
    outer loop
      vertex -132.359 31.7735 4.7
      vertex -132.712 31.8437 3.2
      vertex -132.359 31.7735 3.2
    endloop
  endfacet
  facet normal 0.947452 -0.319897 0
    outer loop
      vertex -129.459 33.4476 4.7
      vertex -129.344 33.7882 3.2
      vertex -129.344 33.7882 4.7
    endloop
  endfacet
  facet normal 0.947452 -0.319897 0
    outer loop
      vertex -129.344 33.7882 3.2
      vertex -129.459 33.4476 4.7
      vertex -129.459 33.4476 3.2
    endloop
  endfacet
  facet normal 0.83128 0.555854 0
    outer loop
      vertex -129.618 35.875 4.7
      vertex -129.818 36.1741 3.2
      vertex -129.818 36.1741 4.7
    endloop
  endfacet
  facet normal 0.83128 0.555854 0
    outer loop
      vertex -129.818 36.1741 3.2
      vertex -129.618 35.875 4.7
      vertex -129.618 35.875 3.2
    endloop
  endfacet
  facet normal 0.752025 0.659134 0
    outer loop
      vertex -129.818 36.1741 4.7
      vertex -130.055 36.4445 3.2
      vertex -130.055 36.4445 4.7
    endloop
  endfacet
  facet normal 0.752025 0.659134 0
    outer loop
      vertex -130.055 36.4445 3.2
      vertex -129.818 36.1741 4.7
      vertex -129.818 36.1741 3.2
    endloop
  endfacet
  facet normal -0.896971 -0.44209 0
    outer loop
      vertex -134.382 33.125 3.2
      vertex -134.541 33.4476 4.7
      vertex -134.541 33.4476 3.2
    endloop
  endfacet
  facet normal -0.896971 -0.44209 0
    outer loop
      vertex -134.541 33.4476 4.7
      vertex -134.382 33.125 3.2
      vertex -134.382 33.125 4.7
    endloop
  endfacet
  facet normal 0.896971 -0.44209 0
    outer loop
      vertex -129.618 33.125 4.7
      vertex -129.459 33.4476 3.2
      vertex -129.459 33.4476 4.7
    endloop
  endfacet
  facet normal 0.896971 -0.44209 0
    outer loop
      vertex -129.459 33.4476 3.2
      vertex -129.618 33.125 4.7
      vertex -129.618 33.125 3.2
    endloop
  endfacet
  facet normal -0.752025 -0.659134 0
    outer loop
      vertex -133.945 32.5555 3.2
      vertex -134.182 32.8259 4.7
      vertex -134.182 32.8259 3.2
    endloop
  endfacet
  facet normal -0.752025 -0.659134 0
    outer loop
      vertex -134.182 32.8259 4.7
      vertex -133.945 32.5555 3.2
      vertex -133.945 32.5555 4.7
    endloop
  endfacet
  facet normal 0.83128 -0.555854 0
    outer loop
      vertex -129.818 32.8259 4.7
      vertex -129.618 33.125 3.2
      vertex -129.618 33.125 4.7
    endloop
  endfacet
  facet normal 0.83128 -0.555854 0
    outer loop
      vertex -129.618 33.125 3.2
      vertex -129.818 32.8259 4.7
      vertex -129.818 32.8259 3.2
    endloop
  endfacet
  facet normal -0.752025 0.659134 0
    outer loop
      vertex -134.182 36.1741 3.2
      vertex -133.945 36.4445 4.7
      vertex -133.945 36.4445 3.2
    endloop
  endfacet
  facet normal -0.752025 0.659134 0
    outer loop
      vertex -133.945 36.4445 4.7
      vertex -134.182 36.1741 3.2
      vertex -134.182 36.1741 4.7
    endloop
  endfacet
  facet normal 0.0653198 0.997864 -0
    outer loop
      vertex -131.641 37.2265 3.2
      vertex -132 37.25 4.7
      vertex -131.641 37.2265 4.7
    endloop
  endfacet
  facet normal 0.0653198 0.997864 0
    outer loop
      vertex -132 37.25 4.7
      vertex -131.641 37.2265 3.2
      vertex -132 37.25 3.2
    endloop
  endfacet
  facet normal 0.55579 0.831322 -0
    outer loop
      vertex -130.326 36.6817 3.2
      vertex -130.625 36.8816 4.7
      vertex -130.326 36.6817 4.7
    endloop
  endfacet
  facet normal 0.55579 0.831322 0
    outer loop
      vertex -130.625 36.8816 4.7
      vertex -130.326 36.6817 3.2
      vertex -130.625 36.8816 3.2
    endloop
  endfacet
  facet normal 0 0 1
    outer loop
      vertex -129.274 34.8589 4.7
      vertex -129.274 34.1411 4.7
      vertex -129.25 34.5 4.7
    endloop
  endfacet
  facet normal 0 0 1
    outer loop
      vertex -129.344 35.2118 4.7
      vertex -129.274 34.1411 4.7
      vertex -129.274 34.8589 4.7
    endloop
  endfacet
  facet normal 0 0 1
    outer loop
      vertex -129.344 35.2118 4.7
      vertex -129.344 33.7882 4.7
      vertex -129.274 34.1411 4.7
    endloop
  endfacet
  facet normal 0 0 1
    outer loop
      vertex -129.459 35.5524 4.7
      vertex -129.344 33.7882 4.7
      vertex -129.344 35.2118 4.7
    endloop
  endfacet
  facet normal 0 0 1
    outer loop
      vertex -129.459 35.5524 4.7
      vertex -129.459 33.4476 4.7
      vertex -129.344 33.7882 4.7
    endloop
  endfacet
  facet normal 0 0 1
    outer loop
      vertex -129.618 35.875 4.7
      vertex -129.459 33.4476 4.7
      vertex -129.459 35.5524 4.7
    endloop
  endfacet
  facet normal 0 0 1
    outer loop
      vertex -129.618 35.875 4.7
      vertex -129.618 33.125 4.7
      vertex -129.459 33.4476 4.7
    endloop
  endfacet
  facet normal 0 0 1
    outer loop
      vertex -129.818 36.1741 4.7
      vertex -129.618 33.125 4.7
      vertex -129.618 35.875 4.7
    endloop
  endfacet
  facet normal 0 0 1
    outer loop
      vertex -129.818 36.1741 4.7
      vertex -129.818 32.8259 4.7
      vertex -129.618 33.125 4.7
    endloop
  endfacet
  facet normal 0 0 1
    outer loop
      vertex -130.055 36.4445 4.7
      vertex -129.818 32.8259 4.7
      vertex -129.818 36.1741 4.7
    endloop
  endfacet
  facet normal 0 0 1
    outer loop
      vertex -130.055 36.4445 4.7
      vertex -130.055 32.5555 4.7
      vertex -129.818 32.8259 4.7
    endloop
  endfacet
  facet normal 0 0 1
    outer loop
      vertex -130.326 36.6817 4.7
      vertex -130.055 32.5555 4.7
      vertex -130.055 36.4445 4.7
    endloop
  endfacet
  facet normal 0 0 1
    outer loop
      vertex -130.326 36.6817 4.7
      vertex -130.326 32.3183 4.7
      vertex -130.055 32.5555 4.7
    endloop
  endfacet
  facet normal 0 0 1
    outer loop
      vertex -130.625 36.8816 4.7
      vertex -130.326 32.3183 4.7
      vertex -130.326 36.6817 4.7
    endloop
  endfacet
  facet normal 0 0 1
    outer loop
      vertex -130.625 36.8816 4.7
      vertex -130.625 32.1184 4.7
      vertex -130.326 32.3183 4.7
    endloop
  endfacet
  facet normal 0 0 1
    outer loop
      vertex -130.948 37.0407 4.7
      vertex -130.625 32.1184 4.7
      vertex -130.625 36.8816 4.7
    endloop
  endfacet
  facet normal 0 0 1
    outer loop
      vertex -130.948 37.0407 4.7
      vertex -130.948 31.9593 4.7
      vertex -130.625 32.1184 4.7
    endloop
  endfacet
  facet normal 0 0 1
    outer loop
      vertex -131.288 37.1563 4.7
      vertex -130.948 31.9593 4.7
      vertex -130.948 37.0407 4.7
    endloop
  endfacet
  facet normal 0 0 1
    outer loop
      vertex -131.288 37.1563 4.7
      vertex -131.288 31.8437 4.7
      vertex -130.948 31.9593 4.7
    endloop
  endfacet
  facet normal 0 0 1
    outer loop
      vertex -131.641 37.2265 4.7
      vertex -131.288 31.8437 4.7
      vertex -131.288 37.1563 4.7
    endloop
  endfacet
  facet normal 0 0 1
    outer loop
      vertex -131.641 37.2265 4.7
      vertex -131.641 31.7735 4.7
      vertex -131.288 31.8437 4.7
    endloop
  endfacet
  facet normal 0 0 1
    outer loop
      vertex -132 37.25 4.7
      vertex -131.641 31.7735 4.7
      vertex -131.641 37.2265 4.7
    endloop
  endfacet
  facet normal 0 0 1
    outer loop
      vertex -132 37.25 4.7
      vertex -132 31.75 4.7
      vertex -131.641 31.7735 4.7
    endloop
  endfacet
  facet normal -0 0 1
    outer loop
      vertex -132.359 37.2265 4.7
      vertex -132 31.75 4.7
      vertex -132 37.25 4.7
    endloop
  endfacet
  facet normal 0 0 1
    outer loop
      vertex -132.359 37.2265 4.7
      vertex -132.359 31.7735 4.7
      vertex -132 31.75 4.7
    endloop
  endfacet
  facet normal -0 0 1
    outer loop
      vertex -132.712 37.1563 4.7
      vertex -132.359 31.7735 4.7
      vertex -132.359 37.2265 4.7
    endloop
  endfacet
  facet normal 0 0 1
    outer loop
      vertex -132.712 37.1563 4.7
      vertex -132.712 31.8437 4.7
      vertex -132.359 31.7735 4.7
    endloop
  endfacet
  facet normal -0 0 1
    outer loop
      vertex -133.052 37.0407 4.7
      vertex -132.712 31.8437 4.7
      vertex -132.712 37.1563 4.7
    endloop
  endfacet
  facet normal 0 0 1
    outer loop
      vertex -133.052 37.0407 4.7
      vertex -133.052 31.9593 4.7
      vertex -132.712 31.8437 4.7
    endloop
  endfacet
  facet normal -0 0 1
    outer loop
      vertex -133.375 36.8816 4.7
      vertex -133.052 31.9593 4.7
      vertex -133.052 37.0407 4.7
    endloop
  endfacet
  facet normal 0 0 1
    outer loop
      vertex -133.375 36.8816 4.7
      vertex -133.375 32.1184 4.7
      vertex -133.052 31.9593 4.7
    endloop
  endfacet
  facet normal -0 0 1
    outer loop
      vertex -133.674 36.6817 4.7
      vertex -133.375 32.1184 4.7
      vertex -133.375 36.8816 4.7
    endloop
  endfacet
  facet normal 0 0 1
    outer loop
      vertex -133.674 36.6817 4.7
      vertex -133.674 32.3183 4.7
      vertex -133.375 32.1184 4.7
    endloop
  endfacet
  facet normal -0 0 1
    outer loop
      vertex -133.945 36.4445 4.7
      vertex -133.674 32.3183 4.7
      vertex -133.674 36.6817 4.7
    endloop
  endfacet
  facet normal 0 0 1
    outer loop
      vertex -133.945 36.4445 4.7
      vertex -133.945 32.5555 4.7
      vertex -133.674 32.3183 4.7
    endloop
  endfacet
  facet normal -0 0 1
    outer loop
      vertex -134.182 36.1741 4.7
      vertex -133.945 32.5555 4.7
      vertex -133.945 36.4445 4.7
    endloop
  endfacet
  facet normal 0 0 1
    outer loop
      vertex -134.182 36.1741 4.7
      vertex -134.182 32.8259 4.7
      vertex -133.945 32.5555 4.7
    endloop
  endfacet
  facet normal -0 0 1
    outer loop
      vertex -134.382 35.875 4.7
      vertex -134.182 32.8259 4.7
      vertex -134.182 36.1741 4.7
    endloop
  endfacet
  facet normal 0 0 1
    outer loop
      vertex -134.382 35.875 4.7
      vertex -134.382 33.125 4.7
      vertex -134.182 32.8259 4.7
    endloop
  endfacet
  facet normal -0 0 1
    outer loop
      vertex -134.541 35.5524 4.7
      vertex -134.382 33.125 4.7
      vertex -134.382 35.875 4.7
    endloop
  endfacet
  facet normal 0 0 1
    outer loop
      vertex -134.541 35.5524 4.7
      vertex -134.541 33.4476 4.7
      vertex -134.382 33.125 4.7
    endloop
  endfacet
  facet normal -0 0 1
    outer loop
      vertex -134.656 35.2118 4.7
      vertex -134.541 33.4476 4.7
      vertex -134.541 35.5524 4.7
    endloop
  endfacet
  facet normal 0 0 1
    outer loop
      vertex -134.656 35.2118 4.7
      vertex -134.656 33.7882 4.7
      vertex -134.541 33.4476 4.7
    endloop
  endfacet
  facet normal -0 0 1
    outer loop
      vertex -134.726 34.8589 4.7
      vertex -134.656 33.7882 4.7
      vertex -134.656 35.2118 4.7
    endloop
  endfacet
  facet normal 0 0 1
    outer loop
      vertex -134.726 34.8589 4.7
      vertex -134.726 34.1411 4.7
      vertex -134.656 33.7882 4.7
    endloop
  endfacet
  facet normal 0 -0 1
    outer loop
      vertex -134.726 34.1411 4.7
      vertex -134.726 34.8589 4.7
      vertex -134.75 34.5 4.7
    endloop
  endfacet
  facet normal -0.441873 -0.897078 0
    outer loop
      vertex -133.375 32.1184 3.2
      vertex -133.052 31.9593 4.7
      vertex -133.375 32.1184 4.7
    endloop
  endfacet
  facet normal -0.441873 -0.897078 -0
    outer loop
      vertex -133.052 31.9593 4.7
      vertex -133.375 32.1184 3.2
      vertex -133.052 31.9593 3.2
    endloop
  endfacet
  facet normal -0.83128 -0.555854 0
    outer loop
      vertex -134.182 32.8259 3.2
      vertex -134.382 33.125 4.7
      vertex -134.382 33.125 3.2
    endloop
  endfacet
  facet normal -0.83128 -0.555854 0
    outer loop
      vertex -134.382 33.125 4.7
      vertex -134.182 32.8259 3.2
      vertex -134.182 32.8259 4.7
    endloop
  endfacet
  facet normal -0.980889 -0.194566 0
    outer loop
      vertex -134.656 33.7882 3.2
      vertex -134.726 34.1411 4.7
      vertex -134.726 34.1411 3.2
    endloop
  endfacet
  facet normal -0.980889 -0.194566 0
    outer loop
      vertex -134.726 34.1411 4.7
      vertex -134.656 33.7882 3.2
      vertex -134.656 33.7882 4.7
    endloop
  endfacet
  facet normal -0.658623 -0.752473 0
    outer loop
      vertex -133.945 32.5555 3.2
      vertex -133.674 32.3183 4.7
      vertex -133.945 32.5555 4.7
    endloop
  endfacet
  facet normal -0.658623 -0.752473 -0
    outer loop
      vertex -133.674 32.3183 4.7
      vertex -133.945 32.5555 3.2
      vertex -133.674 32.3183 3.2
    endloop
  endfacet
  facet normal -0.896971 0.44209 0
    outer loop
      vertex -134.541 35.5524 3.2
      vertex -134.382 35.875 4.7
      vertex -134.382 35.875 3.2
    endloop
  endfacet
  facet normal -0.896971 0.44209 0
    outer loop
      vertex -134.382 35.875 4.7
      vertex -134.541 35.5524 3.2
      vertex -134.541 35.5524 4.7
    endloop
  endfacet
  facet normal -0.997772 -0.066722 0
    outer loop
      vertex -134.726 34.1411 3.2
      vertex -134.75 34.5 4.7
      vertex -134.75 34.5 3.2
    endloop
  endfacet
  facet normal -0.997772 -0.066722 0
    outer loop
      vertex -134.75 34.5 4.7
      vertex -134.726 34.1411 3.2
      vertex -134.726 34.1411 4.7
    endloop
  endfacet
  facet normal 0.55579 -0.831322 0
    outer loop
      vertex -130.625 32.1184 3.2
      vertex -130.326 32.3183 4.7
      vertex -130.625 32.1184 4.7
    endloop
  endfacet
  facet normal 0.55579 -0.831322 0
    outer loop
      vertex -130.326 32.3183 4.7
      vertex -130.625 32.1184 3.2
      vertex -130.326 32.3183 3.2
    endloop
  endfacet
  facet normal -0.997772 0.066722 0
    outer loop
      vertex -134.75 34.5 3.2
      vertex -134.726 34.8589 4.7
      vertex -134.726 34.8589 3.2
    endloop
  endfacet
  facet normal -0.997772 0.066722 0
    outer loop
      vertex -134.726 34.8589 4.7
      vertex -134.75 34.5 3.2
      vertex -134.75 34.5 4.7
    endloop
  endfacet
  facet normal -0.55579 -0.831322 0
    outer loop
      vertex -133.674 32.3183 3.2
      vertex -133.375 32.1184 4.7
      vertex -133.674 32.3183 4.7
    endloop
  endfacet
  facet normal -0.55579 -0.831322 -0
    outer loop
      vertex -133.375 32.1184 4.7
      vertex -133.674 32.3183 3.2
      vertex -133.375 32.1184 3.2
    endloop
  endfacet
  facet normal 0.980786 0.195087 0
    outer loop
      vertex -98.0428 35.1526 3.2
      vertex -98.1704 35.7941 0
      vertex -98.1704 35.7941 3.2
    endloop
  endfacet
  facet normal 0.980786 0.195087 0
    outer loop
      vertex -98.1704 35.7941 0
      vertex -98.0428 35.1526 3.2
      vertex -98.0428 35.1526 0
    endloop
  endfacet
  facet normal 0.997856 0.0654432 0
    outer loop
      vertex -98 34.5 3.2
      vertex -98.0428 35.1526 0
      vertex -98.0428 35.1526 3.2
    endloop
  endfacet
  facet normal 0.997856 0.0654432 0
    outer loop
      vertex -98.0428 35.1526 0
      vertex -98 34.5 3.2
      vertex -98 34.5 0
    endloop
  endfacet
  facet normal 0.321546 -0.946894 0
    outer loop
      vertex -101.706 29.6704 0
      vertex -101.087 29.8806 3.2
      vertex -101.706 29.6704 3.2
    endloop
  endfacet
  facet normal 0.321546 -0.946894 0
    outer loop
      vertex -101.087 29.8806 3.2
      vertex -101.706 29.6704 0
      vertex -101.087 29.8806 0
    endloop
  endfacet
  facet normal 0.831509 0.555512 0
    outer loop
      vertex -98.6699 37 3.2
      vertex -99.0332 37.5438 0
      vertex -99.0332 37.5438 3.2
    endloop
  endfacet
  facet normal 0.831509 0.555512 0
    outer loop
      vertex -99.0332 37.5438 0
      vertex -98.6699 37 3.2
      vertex -98.6699 37 0
    endloop
  endfacet
  facet normal -0.897042 0.441945 0
    outer loop
      vertex -107.619 36.4134 0
      vertex -107.33 37 3.2
      vertex -107.33 37 0
    endloop
  endfacet
  facet normal -0.897042 0.441945 0
    outer loop
      vertex -107.33 37 3.2
      vertex -107.619 36.4134 0
      vertex -107.619 36.4134 3.2
    endloop
  endfacet
  facet normal -0.55537 0.831603 0
    outer loop
      vertex -105.5 38.8301 0
      vertex -106.044 38.4668 3.2
      vertex -105.5 38.8301 3.2
    endloop
  endfacet
  facet normal -0.55537 0.831603 0
    outer loop
      vertex -106.044 38.4668 3.2
      vertex -105.5 38.8301 0
      vertex -106.044 38.4668 0
    endloop
  endfacet
  facet normal -0.659197 0.75197 0
    outer loop
      vertex -106.044 38.4668 0
      vertex -106.536 38.0355 3.2
      vertex -106.044 38.4668 3.2
    endloop
  endfacet
  facet normal -0.659197 0.75197 0
    outer loop
      vertex -106.536 38.0355 3.2
      vertex -106.044 38.4668 0
      vertex -106.536 38.0355 0
    endloop
  endfacet
  facet normal -0.751998 0.659165 0
    outer loop
      vertex -106.967 37.5438 0
      vertex -106.536 38.0355 3.2
      vertex -106.536 38.0355 0
    endloop
  endfacet
  facet normal -0.751998 0.659165 0
    outer loop
      vertex -106.536 38.0355 3.2
      vertex -106.967 37.5438 0
      vertex -106.967 37.5438 3.2
    endloop
  endfacet
  facet normal 0.946941 -0.321407 0
    outer loop
      vertex -98.3806 32.5866 3.2
      vertex -98.1704 33.2059 0
      vertex -98.1704 33.2059 3.2
    endloop
  endfacet
  facet normal 0.946941 -0.321407 0
    outer loop
      vertex -98.1704 33.2059 0
      vertex -98.3806 32.5866 3.2
      vertex -98.3806 32.5866 0
    endloop
  endfacet
  facet normal -0.997836 0.0657477 0
    outer loop
      vertex -108 34.5 0
      vertex -107.957 35.1526 3.2
      vertex -107.957 35.1526 0
    endloop
  endfacet
  facet normal -0.997836 0.0657477 0
    outer loop
      vertex -107.957 35.1526 3.2
      vertex -108 34.5 0
      vertex -108 34.5 3.2
    endloop
  endfacet
  facet normal 0.555512 0.831509 -0
    outer loop
      vertex -99.9562 38.4668 0
      vertex -100.5 38.8301 3.2
      vertex -99.9562 38.4668 3.2
    endloop
  endfacet
  facet normal 0.555512 0.831509 0
    outer loop
      vertex -100.5 38.8301 3.2
      vertex -99.9562 38.4668 0
      vertex -100.5 38.8301 0
    endloop
  endfacet
  facet normal -0.321546 -0.946894 0
    outer loop
      vertex -104.913 29.8806 0
      vertex -104.294 29.6704 3.2
      vertex -104.913 29.8806 3.2
    endloop
  endfacet
  facet normal -0.321546 -0.946894 -0
    outer loop
      vertex -104.294 29.6704 3.2
      vertex -104.913 29.8806 0
      vertex -104.294 29.6704 0
    endloop
  endfacet
  facet normal 0.195233 -0.980757 0
    outer loop
      vertex -102.347 29.5428 0
      vertex -101.706 29.6704 3.2
      vertex -102.347 29.5428 3.2
    endloop
  endfacet
  facet normal 0.195233 -0.980757 0
    outer loop
      vertex -101.706 29.6704 3.2
      vertex -102.347 29.5428 0
      vertex -101.706 29.6704 0
    endloop
  endfacet
  facet normal -0.321546 0.946894 0
    outer loop
      vertex -104.294 39.3296 0
      vertex -104.913 39.1194 3.2
      vertex -104.294 39.3296 3.2
    endloop
  endfacet
  facet normal -0.321546 0.946894 0
    outer loop
      vertex -104.913 39.1194 3.2
      vertex -104.294 39.3296 0
      vertex -104.913 39.1194 0
    endloop
  endfacet
  facet normal -0.831721 -0.555194 0
    outer loop
      vertex -106.967 31.4562 0
      vertex -107.33 32 3.2
      vertex -107.33 32 0
    endloop
  endfacet
  facet normal -0.831721 -0.555194 0
    outer loop
      vertex -107.33 32 3.2
      vertex -106.967 31.4562 0
      vertex -106.967 31.4562 3.2
    endloop
  endfacet
  facet normal 0.555512 -0.831509 0
    outer loop
      vertex -100.5 30.1699 0
      vertex -99.9562 30.5332 3.2
      vertex -100.5 30.1699 3.2
    endloop
  endfacet
  facet normal 0.555512 -0.831509 0
    outer loop
      vertex -99.9562 30.5332 3.2
      vertex -100.5 30.1699 0
      vertex -99.9562 30.5332 0
    endloop
  endfacet
  facet normal -0.946569 0.322503 0
    outer loop
      vertex -107.83 35.7941 0
      vertex -107.619 36.4134 3.2
      vertex -107.619 36.4134 0
    endloop
  endfacet
  facet normal -0.946569 0.322503 0
    outer loop
      vertex -107.619 36.4134 3.2
      vertex -107.83 35.7941 0
      vertex -107.83 35.7941 3.2
    endloop
  endfacet
  facet normal 0.321546 0.946894 -0
    outer loop
      vertex -101.087 39.1194 0
      vertex -101.706 39.3296 3.2
      vertex -101.087 39.1194 3.2
    endloop
  endfacet
  facet normal 0.321546 0.946894 0
    outer loop
      vertex -101.706 39.3296 3.2
      vertex -101.087 39.1194 0
      vertex -101.706 39.3296 0
    endloop
  endfacet
  facet normal 0.0654033 0.997859 -0
    outer loop
      vertex -102.347 39.4572 0
      vertex -103 39.5 3.2
      vertex -102.347 39.4572 3.2
    endloop
  endfacet
  facet normal 0.0654033 0.997859 0
    outer loop
      vertex -103 39.5 3.2
      vertex -102.347 39.4572 0
      vertex -103 39.5 0
    endloop
  endfacet
  facet normal -0.442072 0.89698 0
    outer loop
      vertex -104.913 39.1194 0
      vertex -105.5 38.8301 3.2
      vertex -104.913 39.1194 3.2
    endloop
  endfacet
  facet normal -0.442072 0.89698 0
    outer loop
      vertex -105.5 38.8301 3.2
      vertex -104.913 39.1194 0
      vertex -105.5 38.8301 0
    endloop
  endfacet
  facet normal 0.831509 -0.555512 0
    outer loop
      vertex -99.0332 31.4562 3.2
      vertex -98.6699 32 0
      vertex -98.6699 32 3.2
    endloop
  endfacet
  facet normal 0.831509 -0.555512 0
    outer loop
      vertex -98.6699 32 0
      vertex -99.0332 31.4562 3.2
      vertex -99.0332 31.4562 0
    endloop
  endfacet
  facet normal -0.997836 -0.0657477 0
    outer loop
      vertex -107.957 33.8474 0
      vertex -108 34.5 3.2
      vertex -108 34.5 0
    endloop
  endfacet
  facet normal -0.997836 -0.0657477 0
    outer loop
      vertex -108 34.5 3.2
      vertex -107.957 33.8474 0
      vertex -107.957 33.8474 3.2
    endloop
  endfacet
  facet normal -0.946569 -0.322503 0
    outer loop
      vertex -107.619 32.5866 0
      vertex -107.83 33.2059 3.2
      vertex -107.83 33.2059 0
    endloop
  endfacet
  facet normal -0.946569 -0.322503 0
    outer loop
      vertex -107.83 33.2059 3.2
      vertex -107.619 32.5866 0
      vertex -107.619 32.5866 3.2
    endloop
  endfacet
  facet normal -0.659197 -0.75197 0
    outer loop
      vertex -106.536 30.9645 0
      vertex -106.044 30.5332 3.2
      vertex -106.536 30.9645 3.2
    endloop
  endfacet
  facet normal -0.659197 -0.75197 -0
    outer loop
      vertex -106.044 30.5332 3.2
      vertex -106.536 30.9645 0
      vertex -106.044 30.5332 0
    endloop
  endfacet
  facet normal 0.442072 0.89698 -0
    outer loop
      vertex -100.5 38.8301 0
      vertex -101.087 39.1194 3.2
      vertex -100.5 38.8301 3.2
    endloop
  endfacet
  facet normal 0.442072 0.89698 0
    outer loop
      vertex -101.087 39.1194 3.2
      vertex -100.5 38.8301 0
      vertex -101.087 39.1194 0
    endloop
  endfacet
  facet normal -0.195233 0.980757 0
    outer loop
      vertex -103.653 39.4572 0
      vertex -104.294 39.3296 3.2
      vertex -103.653 39.4572 3.2
    endloop
  endfacet
  facet normal -0.195233 0.980757 0
    outer loop
      vertex -104.294 39.3296 3.2
      vertex -103.653 39.4572 0
      vertex -104.294 39.3296 0
    endloop
  endfacet
  facet normal 0.751771 0.659424 0
    outer loop
      vertex -99.0332 37.5438 3.2
      vertex -99.4645 38.0355 0
      vertex -99.4645 38.0355 3.2
    endloop
  endfacet
  facet normal 0.751771 0.659424 0
    outer loop
      vertex -99.4645 38.0355 0
      vertex -99.0332 37.5438 3.2
      vertex -99.0332 37.5438 0
    endloop
  endfacet
  facet normal 0.195233 0.980757 -0
    outer loop
      vertex -101.706 39.3296 0
      vertex -102.347 39.4572 3.2
      vertex -101.706 39.3296 3.2
    endloop
  endfacet
  facet normal 0.195233 0.980757 0
    outer loop
      vertex -102.347 39.4572 3.2
      vertex -101.706 39.3296 0
      vertex -102.347 39.4572 0
    endloop
  endfacet
  facet normal 0.751771 -0.659424 0
    outer loop
      vertex -99.4645 30.9645 3.2
      vertex -99.0332 31.4562 0
      vertex -99.0332 31.4562 3.2
    endloop
  endfacet
  facet normal 0.751771 -0.659424 0
    outer loop
      vertex -99.0332 31.4562 0
      vertex -99.4645 30.9645 3.2
      vertex -99.4645 30.9645 0
    endloop
  endfacet
  facet normal -0.442072 -0.89698 0
    outer loop
      vertex -105.5 30.1699 0
      vertex -104.913 29.8806 3.2
      vertex -105.5 30.1699 3.2
    endloop
  endfacet
  facet normal -0.442072 -0.89698 -0
    outer loop
      vertex -104.913 29.8806 3.2
      vertex -105.5 30.1699 0
      vertex -104.913 29.8806 0
    endloop
  endfacet
  facet normal -0.980961 0.194204 0
    outer loop
      vertex -107.957 35.1526 0
      vertex -107.83 35.7941 3.2
      vertex -107.83 35.7941 0
    endloop
  endfacet
  facet normal -0.980961 0.194204 0
    outer loop
      vertex -107.83 35.7941 3.2
      vertex -107.957 35.1526 0
      vertex -107.957 35.1526 3.2
    endloop
  endfacet
  facet normal 0.0654033 -0.997859 0
    outer loop
      vertex -103 29.5 0
      vertex -102.347 29.5428 3.2
      vertex -103 29.5 3.2
    endloop
  endfacet
  facet normal 0.0654033 -0.997859 0
    outer loop
      vertex -102.347 29.5428 3.2
      vertex -103 29.5 0
      vertex -102.347 29.5428 0
    endloop
  endfacet
  facet normal 0.442072 -0.89698 0
    outer loop
      vertex -101.087 29.8806 0
      vertex -100.5 30.1699 3.2
      vertex -101.087 29.8806 3.2
    endloop
  endfacet
  facet normal 0.442072 -0.89698 0
    outer loop
      vertex -100.5 30.1699 3.2
      vertex -101.087 29.8806 0
      vertex -100.5 30.1699 0
    endloop
  endfacet
  facet normal 0.659424 -0.751771 0
    outer loop
      vertex -99.9562 30.5332 0
      vertex -99.4645 30.9645 3.2
      vertex -99.9562 30.5332 3.2
    endloop
  endfacet
  facet normal 0.659424 -0.751771 0
    outer loop
      vertex -99.4645 30.9645 3.2
      vertex -99.9562 30.5332 0
      vertex -99.4645 30.9645 0
    endloop
  endfacet
  facet normal -0.897042 -0.441945 0
    outer loop
      vertex -107.33 32 0
      vertex -107.619 32.5866 3.2
      vertex -107.619 32.5866 0
    endloop
  endfacet
  facet normal -0.897042 -0.441945 0
    outer loop
      vertex -107.619 32.5866 3.2
      vertex -107.33 32 0
      vertex -107.33 32 3.2
    endloop
  endfacet
  facet normal 0.89686 -0.442314 0
    outer loop
      vertex -98.6699 32 3.2
      vertex -98.3806 32.5866 0
      vertex -98.3806 32.5866 3.2
    endloop
  endfacet
  facet normal 0.89686 -0.442314 0
    outer loop
      vertex -98.3806 32.5866 0
      vertex -98.6699 32 3.2
      vertex -98.6699 32 0
    endloop
  endfacet
  facet normal 0.659424 0.751771 -0
    outer loop
      vertex -99.4645 38.0355 0
      vertex -99.9562 38.4668 3.2
      vertex -99.4645 38.0355 3.2
    endloop
  endfacet
  facet normal 0.659424 0.751771 0
    outer loop
      vertex -99.9562 38.4668 3.2
      vertex -99.4645 38.0355 0
      vertex -99.9562 38.4668 0
    endloop
  endfacet
  facet normal 0.997856 -0.0654432 0
    outer loop
      vertex -98.0428 33.8474 3.2
      vertex -98 34.5 0
      vertex -98 34.5 3.2
    endloop
  endfacet
  facet normal 0.997856 -0.0654432 0
    outer loop
      vertex -98 34.5 0
      vertex -98.0428 33.8474 3.2
      vertex -98.0428 33.8474 0
    endloop
  endfacet
  facet normal -0.55537 -0.831603 0
    outer loop
      vertex -106.044 30.5332 0
      vertex -105.5 30.1699 3.2
      vertex -106.044 30.5332 3.2
    endloop
  endfacet
  facet normal -0.55537 -0.831603 -0
    outer loop
      vertex -105.5 30.1699 3.2
      vertex -106.044 30.5332 0
      vertex -105.5 30.1699 0
    endloop
  endfacet
  facet normal 0.89686 0.442314 0
    outer loop
      vertex -98.3806 36.4134 3.2
      vertex -98.6699 37 0
      vertex -98.6699 37 3.2
    endloop
  endfacet
  facet normal 0.89686 0.442314 0
    outer loop
      vertex -98.6699 37 0
      vertex -98.3806 36.4134 3.2
      vertex -98.3806 36.4134 0
    endloop
  endfacet
  facet normal 0.980786 -0.195087 0
    outer loop
      vertex -98.1704 33.2059 3.2
      vertex -98.0428 33.8474 0
      vertex -98.0428 33.8474 3.2
    endloop
  endfacet
  facet normal 0.980786 -0.195087 0
    outer loop
      vertex -98.0428 33.8474 0
      vertex -98.1704 33.2059 3.2
      vertex -98.1704 33.2059 0
    endloop
  endfacet
  facet normal 0.946941 0.321407 0
    outer loop
      vertex -98.1704 35.7941 3.2
      vertex -98.3806 36.4134 0
      vertex -98.3806 36.4134 3.2
    endloop
  endfacet
  facet normal 0.946941 0.321407 0
    outer loop
      vertex -98.3806 36.4134 0
      vertex -98.1704 35.7941 3.2
      vertex -98.1704 35.7941 0
    endloop
  endfacet
  facet normal 0 0 -1
    outer loop
      vertex -98.0428 33.8474 0
      vertex -98.0428 35.1526 0
      vertex -98 34.5 0
    endloop
  endfacet
  facet normal 0 0 -1
    outer loop
      vertex -98.1704 33.2059 0
      vertex -98.0428 35.1526 0
      vertex -98.0428 33.8474 0
    endloop
  endfacet
  facet normal 0 0 -1
    outer loop
      vertex -98.1704 33.2059 0
      vertex -98.1704 35.7941 0
      vertex -98.0428 35.1526 0
    endloop
  endfacet
  facet normal 0 0 -1
    outer loop
      vertex -98.3806 32.5866 0
      vertex -98.1704 35.7941 0
      vertex -98.1704 33.2059 0
    endloop
  endfacet
  facet normal 0 0 -1
    outer loop
      vertex -98.3806 32.5866 0
      vertex -98.3806 36.4134 0
      vertex -98.1704 35.7941 0
    endloop
  endfacet
  facet normal 0 0 -1
    outer loop
      vertex -98.6699 32 0
      vertex -98.3806 36.4134 0
      vertex -98.3806 32.5866 0
    endloop
  endfacet
  facet normal 0 0 -1
    outer loop
      vertex -98.6699 32 0
      vertex -98.6699 37 0
      vertex -98.3806 36.4134 0
    endloop
  endfacet
  facet normal 0 0 -1
    outer loop
      vertex -99.0332 31.4562 0
      vertex -98.6699 37 0
      vertex -98.6699 32 0
    endloop
  endfacet
  facet normal 0 0 -1
    outer loop
      vertex -99.0332 31.4562 0
      vertex -99.0332 37.5438 0
      vertex -98.6699 37 0
    endloop
  endfacet
  facet normal 0 0 -1
    outer loop
      vertex -99.4645 30.9645 0
      vertex -99.0332 37.5438 0
      vertex -99.0332 31.4562 0
    endloop
  endfacet
  facet normal 0 0 -1
    outer loop
      vertex -99.4645 30.9645 0
      vertex -99.4645 38.0355 0
      vertex -99.0332 37.5438 0
    endloop
  endfacet
  facet normal 0 0 -1
    outer loop
      vertex -99.9562 30.5332 0
      vertex -99.4645 38.0355 0
      vertex -99.4645 30.9645 0
    endloop
  endfacet
  facet normal 0 0 -1
    outer loop
      vertex -99.9562 30.5332 0
      vertex -99.9562 38.4668 0
      vertex -99.4645 38.0355 0
    endloop
  endfacet
  facet normal 0 0 -1
    outer loop
      vertex -100.5 30.1699 0
      vertex -99.9562 38.4668 0
      vertex -99.9562 30.5332 0
    endloop
  endfacet
  facet normal 0 0 -1
    outer loop
      vertex -100.5 30.1699 0
      vertex -100.5 38.8301 0
      vertex -99.9562 38.4668 0
    endloop
  endfacet
  facet normal 0 0 -1
    outer loop
      vertex -101.087 29.8806 0
      vertex -100.5 38.8301 0
      vertex -100.5 30.1699 0
    endloop
  endfacet
  facet normal 0 0 -1
    outer loop
      vertex -101.087 29.8806 0
      vertex -101.087 39.1194 0
      vertex -100.5 38.8301 0
    endloop
  endfacet
  facet normal 0 0 -1
    outer loop
      vertex -101.706 29.6704 0
      vertex -101.087 39.1194 0
      vertex -101.087 29.8806 0
    endloop
  endfacet
  facet normal 0 0 -1
    outer loop
      vertex -101.706 29.6704 0
      vertex -101.706 39.3296 0
      vertex -101.087 39.1194 0
    endloop
  endfacet
  facet normal 0 0 -1
    outer loop
      vertex -102.347 29.5428 0
      vertex -101.706 39.3296 0
      vertex -101.706 29.6704 0
    endloop
  endfacet
  facet normal 0 0 -1
    outer loop
      vertex -102.347 29.5428 0
      vertex -102.347 39.4572 0
      vertex -101.706 39.3296 0
    endloop
  endfacet
  facet normal 0 0 -1
    outer loop
      vertex -103 29.5 0
      vertex -102.347 39.4572 0
      vertex -102.347 29.5428 0
    endloop
  endfacet
  facet normal 0 0 -1
    outer loop
      vertex -103 29.5 0
      vertex -103 39.5 0
      vertex -102.347 39.4572 0
    endloop
  endfacet
  facet normal 0 0 -1
    outer loop
      vertex -103.653 29.5428 0
      vertex -103 39.5 0
      vertex -103 29.5 0
    endloop
  endfacet
  facet normal 0 0 -1
    outer loop
      vertex -103.653 29.5428 0
      vertex -103.653 39.4572 0
      vertex -103 39.5 0
    endloop
  endfacet
  facet normal 0 0 -1
    outer loop
      vertex -104.294 29.6704 0
      vertex -103.653 39.4572 0
      vertex -103.653 29.5428 0
    endloop
  endfacet
  facet normal 0 0 -1
    outer loop
      vertex -104.294 29.6704 0
      vertex -104.294 39.3296 0
      vertex -103.653 39.4572 0
    endloop
  endfacet
  facet normal 0 0 -1
    outer loop
      vertex -104.913 29.8806 0
      vertex -104.294 39.3296 0
      vertex -104.294 29.6704 0
    endloop
  endfacet
  facet normal 0 0 -1
    outer loop
      vertex -104.913 29.8806 0
      vertex -104.913 39.1194 0
      vertex -104.294 39.3296 0
    endloop
  endfacet
  facet normal 0 0 -1
    outer loop
      vertex -105.5 30.1699 0
      vertex -104.913 39.1194 0
      vertex -104.913 29.8806 0
    endloop
  endfacet
  facet normal 0 0 -1
    outer loop
      vertex -105.5 30.1699 0
      vertex -105.5 38.8301 0
      vertex -104.913 39.1194 0
    endloop
  endfacet
  facet normal 0 0 -1
    outer loop
      vertex -106.044 30.5332 0
      vertex -105.5 38.8301 0
      vertex -105.5 30.1699 0
    endloop
  endfacet
  facet normal 0 0 -1
    outer loop
      vertex -106.044 30.5332 0
      vertex -106.044 38.4668 0
      vertex -105.5 38.8301 0
    endloop
  endfacet
  facet normal 0 0 -1
    outer loop
      vertex -106.536 30.9645 0
      vertex -106.044 38.4668 0
      vertex -106.044 30.5332 0
    endloop
  endfacet
  facet normal 0 0 -1
    outer loop
      vertex -106.536 30.9645 0
      vertex -106.536 38.0355 0
      vertex -106.044 38.4668 0
    endloop
  endfacet
  facet normal 0 0 -1
    outer loop
      vertex -106.967 31.4562 0
      vertex -106.536 38.0355 0
      vertex -106.536 30.9645 0
    endloop
  endfacet
  facet normal 0 0 -1
    outer loop
      vertex -106.967 31.4562 0
      vertex -106.967 37.5438 0
      vertex -106.536 38.0355 0
    endloop
  endfacet
  facet normal 0 0 -1
    outer loop
      vertex -107.33 32 0
      vertex -106.967 37.5438 0
      vertex -106.967 31.4562 0
    endloop
  endfacet
  facet normal 0 0 -1
    outer loop
      vertex -107.33 32 0
      vertex -107.33 37 0
      vertex -106.967 37.5438 0
    endloop
  endfacet
  facet normal 0 0 -1
    outer loop
      vertex -107.619 32.5866 0
      vertex -107.33 37 0
      vertex -107.33 32 0
    endloop
  endfacet
  facet normal 0 0 -1
    outer loop
      vertex -107.619 32.5866 0
      vertex -107.619 36.4134 0
      vertex -107.33 37 0
    endloop
  endfacet
  facet normal 0 0 -1
    outer loop
      vertex -107.83 33.2059 0
      vertex -107.619 36.4134 0
      vertex -107.619 32.5866 0
    endloop
  endfacet
  facet normal 0 0 -1
    outer loop
      vertex -107.83 33.2059 0
      vertex -107.83 35.7941 0
      vertex -107.619 36.4134 0
    endloop
  endfacet
  facet normal 0 0 -1
    outer loop
      vertex -107.957 33.8474 0
      vertex -107.83 35.7941 0
      vertex -107.83 33.2059 0
    endloop
  endfacet
  facet normal 0 0 -1
    outer loop
      vertex -107.957 33.8474 0
      vertex -107.957 35.1526 0
      vertex -107.83 35.7941 0
    endloop
  endfacet
  facet normal 0 -0 -1
    outer loop
      vertex -107.957 35.1526 0
      vertex -107.957 33.8474 0
      vertex -108 34.5 0
    endloop
  endfacet
  facet normal -0.0654033 0.997859 0
    outer loop
      vertex -103 39.5 0
      vertex -103.653 39.4572 3.2
      vertex -103 39.5 3.2
    endloop
  endfacet
  facet normal -0.0654033 0.997859 0
    outer loop
      vertex -103.653 39.4572 3.2
      vertex -103 39.5 0
      vertex -103.653 39.4572 0
    endloop
  endfacet
  facet normal -0.980961 -0.194204 0
    outer loop
      vertex -107.83 33.2059 0
      vertex -107.957 33.8474 3.2
      vertex -107.957 33.8474 0
    endloop
  endfacet
  facet normal -0.980961 -0.194204 0
    outer loop
      vertex -107.957 33.8474 3.2
      vertex -107.83 33.2059 0
      vertex -107.83 33.2059 3.2
    endloop
  endfacet
  facet normal -0.751998 -0.659165 0
    outer loop
      vertex -106.536 30.9645 0
      vertex -106.967 31.4562 3.2
      vertex -106.967 31.4562 0
    endloop
  endfacet
  facet normal -0.751998 -0.659165 0
    outer loop
      vertex -106.967 31.4562 3.2
      vertex -106.536 30.9645 0
      vertex -106.536 30.9645 3.2
    endloop
  endfacet
  facet normal 0 0 1
    outer loop
      vertex -100.25 34.5 3.2
      vertex -98 34.5 3.2
      vertex -98.0428 35.1526 3.2
    endloop
  endfacet
  facet normal 0 0 1
    outer loop
      vertex -100.274 34.8589 3.2
      vertex -98.0428 35.1526 3.2
      vertex -98.1704 35.7941 3.2
    endloop
  endfacet
  facet normal 0 0 1
    outer loop
      vertex -98 34.5 3.2
      vertex -100.25 34.5 3.2
      vertex -98.0428 33.8474 3.2
    endloop
  endfacet
  facet normal 0 0 1
    outer loop
      vertex -100.344 35.2118 3.2
      vertex -98.1704 35.7941 3.2
      vertex -98.3806 36.4134 3.2
    endloop
  endfacet
  facet normal -0 0 1
    outer loop
      vertex -100.274 34.1411 3.2
      vertex -98.0428 33.8474 3.2
      vertex -100.25 34.5 3.2
    endloop
  endfacet
  facet normal 0 0 1
    outer loop
      vertex -100.459 35.5524 3.2
      vertex -98.3806 36.4134 3.2
      vertex -98.6699 37 3.2
    endloop
  endfacet
  facet normal 0 0 1
    outer loop
      vertex -98.0428 33.8474 3.2
      vertex -100.274 34.1411 3.2
      vertex -98.1704 33.2059 3.2
    endloop
  endfacet
  facet normal 0 0 1
    outer loop
      vertex -100.618 35.875 3.2
      vertex -98.6699 37 3.2
      vertex -99.0332 37.5438 3.2
    endloop
  endfacet
  facet normal -0 0 1
    outer loop
      vertex -100.344 33.7882 3.2
      vertex -98.1704 33.2059 3.2
      vertex -100.274 34.1411 3.2
    endloop
  endfacet
  facet normal 0 0 1
    outer loop
      vertex -100.818 36.1741 3.2
      vertex -99.0332 37.5438 3.2
      vertex -99.4645 38.0355 3.2
    endloop
  endfacet
  facet normal 0 0 1
    outer loop
      vertex -98.1704 33.2059 3.2
      vertex -100.344 33.7882 3.2
      vertex -98.3806 32.5866 3.2
    endloop
  endfacet
  facet normal 0 0 1
    outer loop
      vertex -101.055 36.4445 3.2
      vertex -99.4645 38.0355 3.2
      vertex -99.9562 38.4668 3.2
    endloop
  endfacet
  facet normal -0 0 1
    outer loop
      vertex -100.459 33.4476 3.2
      vertex -98.3806 32.5866 3.2
      vertex -100.344 33.7882 3.2
    endloop
  endfacet
  facet normal 0 0 1
    outer loop
      vertex -98.3806 32.5866 3.2
      vertex -100.459 33.4476 3.2
      vertex -98.6699 32 3.2
    endloop
  endfacet
  facet normal 0 0 1
    outer loop
      vertex -98.0428 35.1526 3.2
      vertex -100.274 34.8589 3.2
      vertex -100.25 34.5 3.2
    endloop
  endfacet
  facet normal 0 0 1
    outer loop
      vertex -98.1704 35.7941 3.2
      vertex -100.344 35.2118 3.2
      vertex -100.274 34.8589 3.2
    endloop
  endfacet
  facet normal 0 0 1
    outer loop
      vertex -98.3806 36.4134 3.2
      vertex -100.459 35.5524 3.2
      vertex -100.344 35.2118 3.2
    endloop
  endfacet
  facet normal 0 0 1
    outer loop
      vertex -101.326 36.6817 3.2
      vertex -99.9562 38.4668 3.2
      vertex -100.5 38.8301 3.2
    endloop
  endfacet
  facet normal 0 0 1
    outer loop
      vertex -98.6699 37 3.2
      vertex -100.618 35.875 3.2
      vertex -100.459 35.5524 3.2
    endloop
  endfacet
  facet normal 0 0 1
    outer loop
      vertex -99.0332 37.5438 3.2
      vertex -100.818 36.1741 3.2
      vertex -100.618 35.875 3.2
    endloop
  endfacet
  facet normal 0 0 1
    outer loop
      vertex -99.4645 38.0355 3.2
      vertex -101.055 36.4445 3.2
      vertex -100.818 36.1741 3.2
    endloop
  endfacet
  facet normal 0 0 1
    outer loop
      vertex -101.625 36.8816 3.2
      vertex -100.5 38.8301 3.2
      vertex -101.087 39.1194 3.2
    endloop
  endfacet
  facet normal 0 0 1
    outer loop
      vertex -99.9562 38.4668 3.2
      vertex -101.326 36.6817 3.2
      vertex -101.055 36.4445 3.2
    endloop
  endfacet
  facet normal 0 0 1
    outer loop
      vertex -100.5 38.8301 3.2
      vertex -101.625 36.8816 3.2
      vertex -101.326 36.6817 3.2
    endloop
  endfacet
  facet normal 0 0 1
    outer loop
      vertex -101.948 37.0407 3.2
      vertex -101.087 39.1194 3.2
      vertex -101.706 39.3296 3.2
    endloop
  endfacet
  facet normal 0 0 1
    outer loop
      vertex -101.087 39.1194 3.2
      vertex -101.948 37.0407 3.2
      vertex -101.625 36.8816 3.2
    endloop
  endfacet
  facet normal 0 0 1
    outer loop
      vertex -101.706 39.3296 3.2
      vertex -102.288 37.1563 3.2
      vertex -101.948 37.0407 3.2
    endloop
  endfacet
  facet normal 0 0 1
    outer loop
      vertex -102.347 39.4572 3.2
      vertex -102.288 37.1563 3.2
      vertex -101.706 39.3296 3.2
    endloop
  endfacet
  facet normal 0 0 1
    outer loop
      vertex -102.347 39.4572 3.2
      vertex -102.641 37.2265 3.2
      vertex -102.288 37.1563 3.2
    endloop
  endfacet
  facet normal 0 0 1
    outer loop
      vertex -103 39.5 3.2
      vertex -102.641 37.2265 3.2
      vertex -102.347 39.4572 3.2
    endloop
  endfacet
  facet normal 0 0 1
    outer loop
      vertex -103 39.5 3.2
      vertex -103 37.25 3.2
      vertex -102.641 37.2265 3.2
    endloop
  endfacet
  facet normal 0 0 1
    outer loop
      vertex -103 39.5 3.2
      vertex -103.359 37.2265 3.2
      vertex -103 37.25 3.2
    endloop
  endfacet
  facet normal -0 0 1
    outer loop
      vertex -103.653 39.4572 3.2
      vertex -103.359 37.2265 3.2
      vertex -103 39.5 3.2
    endloop
  endfacet
  facet normal 0 0 1
    outer loop
      vertex -103.653 39.4572 3.2
      vertex -103.712 37.1563 3.2
      vertex -103.359 37.2265 3.2
    endloop
  endfacet
  facet normal -0 0 1
    outer loop
      vertex -104.294 39.3296 3.2
      vertex -103.712 37.1563 3.2
      vertex -103.653 39.4572 3.2
    endloop
  endfacet
  facet normal 0 0 1
    outer loop
      vertex -103.712 37.1563 3.2
      vertex -104.294 39.3296 3.2
      vertex -104.052 37.0407 3.2
    endloop
  endfacet
  facet normal -0 0 1
    outer loop
      vertex -104.913 39.1194 3.2
      vertex -104.052 37.0407 3.2
      vertex -104.294 39.3296 3.2
    endloop
  endfacet
  facet normal 0 0 1
    outer loop
      vertex -104.052 37.0407 3.2
      vertex -104.913 39.1194 3.2
      vertex -104.375 36.8816 3.2
    endloop
  endfacet
  facet normal -0 0 1
    outer loop
      vertex -105.5 38.8301 3.2
      vertex -104.375 36.8816 3.2
      vertex -104.913 39.1194 3.2
    endloop
  endfacet
  facet normal 0 0 1
    outer loop
      vertex -104.375 36.8816 3.2
      vertex -105.5 38.8301 3.2
      vertex -104.674 36.6817 3.2
    endloop
  endfacet
  facet normal -0 0 1
    outer loop
      vertex -106.044 38.4668 3.2
      vertex -104.674 36.6817 3.2
      vertex -105.5 38.8301 3.2
    endloop
  endfacet
  facet normal 0 0 1
    outer loop
      vertex -104.674 36.6817 3.2
      vertex -106.044 38.4668 3.2
      vertex -104.945 36.4445 3.2
    endloop
  endfacet
  facet normal -0 0 1
    outer loop
      vertex -106.536 38.0355 3.2
      vertex -104.945 36.4445 3.2
      vertex -106.044 38.4668 3.2
    endloop
  endfacet
  facet normal 0 0 1
    outer loop
      vertex -104.945 36.4445 3.2
      vertex -106.536 38.0355 3.2
      vertex -105.182 36.1741 3.2
    endloop
  endfacet
  facet normal -0 0 1
    outer loop
      vertex -106.967 37.5438 3.2
      vertex -105.182 36.1741 3.2
      vertex -106.536 38.0355 3.2
    endloop
  endfacet
  facet normal 0 0 1
    outer loop
      vertex -105.182 36.1741 3.2
      vertex -106.967 37.5438 3.2
      vertex -105.382 35.875 3.2
    endloop
  endfacet
  facet normal -0 0 1
    outer loop
      vertex -107.33 37 3.2
      vertex -105.382 35.875 3.2
      vertex -106.967 37.5438 3.2
    endloop
  endfacet
  facet normal 0 0 1
    outer loop
      vertex -105.382 35.875 3.2
      vertex -107.33 37 3.2
      vertex -105.541 35.5524 3.2
    endloop
  endfacet
  facet normal -0 0 1
    outer loop
      vertex -100.618 33.125 3.2
      vertex -98.6699 32 3.2
      vertex -100.459 33.4476 3.2
    endloop
  endfacet
  facet normal 0 0 1
    outer loop
      vertex -98.6699 32 3.2
      vertex -100.618 33.125 3.2
      vertex -99.0332 31.4562 3.2
    endloop
  endfacet
  facet normal -0 0 1
    outer loop
      vertex -100.818 32.8259 3.2
      vertex -99.0332 31.4562 3.2
      vertex -100.618 33.125 3.2
    endloop
  endfacet
  facet normal 0 0 1
    outer loop
      vertex -99.0332 31.4562 3.2
      vertex -100.818 32.8259 3.2
      vertex -99.4645 30.9645 3.2
    endloop
  endfacet
  facet normal -0 0 1
    outer loop
      vertex -101.055 32.5555 3.2
      vertex -99.4645 30.9645 3.2
      vertex -100.818 32.8259 3.2
    endloop
  endfacet
  facet normal 0 0 1
    outer loop
      vertex -99.4645 30.9645 3.2
      vertex -101.055 32.5555 3.2
      vertex -99.9562 30.5332 3.2
    endloop
  endfacet
  facet normal -0 0 1
    outer loop
      vertex -101.326 32.3183 3.2
      vertex -99.9562 30.5332 3.2
      vertex -101.055 32.5555 3.2
    endloop
  endfacet
  facet normal 0 0 1
    outer loop
      vertex -99.9562 30.5332 3.2
      vertex -101.326 32.3183 3.2
      vertex -100.5 30.1699 3.2
    endloop
  endfacet
  facet normal -0 0 1
    outer loop
      vertex -101.625 32.1184 3.2
      vertex -100.5 30.1699 3.2
      vertex -101.326 32.3183 3.2
    endloop
  endfacet
  facet normal 0 0 1
    outer loop
      vertex -100.5 30.1699 3.2
      vertex -101.625 32.1184 3.2
      vertex -101.087 29.8806 3.2
    endloop
  endfacet
  facet normal -0 0 1
    outer loop
      vertex -101.948 31.9593 3.2
      vertex -101.087 29.8806 3.2
      vertex -101.625 32.1184 3.2
    endloop
  endfacet
  facet normal 0 0 1
    outer loop
      vertex -101.087 29.8806 3.2
      vertex -101.948 31.9593 3.2
      vertex -101.706 29.6704 3.2
    endloop
  endfacet
  facet normal -0 0 1
    outer loop
      vertex -102.288 31.8437 3.2
      vertex -101.706 29.6704 3.2
      vertex -101.948 31.9593 3.2
    endloop
  endfacet
  facet normal 0 0 1
    outer loop
      vertex -102.288 31.8437 3.2
      vertex -102.347 29.5428 3.2
      vertex -101.706 29.6704 3.2
    endloop
  endfacet
  facet normal -0 0 1
    outer loop
      vertex -102.641 31.7735 3.2
      vertex -102.347 29.5428 3.2
      vertex -102.288 31.8437 3.2
    endloop
  endfacet
  facet normal -0 0 1
    outer loop
      vertex -103 31.75 3.2
      vertex -102.347 29.5428 3.2
      vertex -102.641 31.7735 3.2
    endloop
  endfacet
  facet normal 0 0 1
    outer loop
      vertex -103 31.75 3.2
      vertex -103 29.5 3.2
      vertex -102.347 29.5428 3.2
    endloop
  endfacet
  facet normal 0 0 1
    outer loop
      vertex -103.359 31.7735 3.2
      vertex -103 29.5 3.2
      vertex -103 31.75 3.2
    endloop
  endfacet
  facet normal 0 0 1
    outer loop
      vertex -103.359 31.7735 3.2
      vertex -103.653 29.5428 3.2
      vertex -103 29.5 3.2
    endloop
  endfacet
  facet normal 0 0 1
    outer loop
      vertex -103.712 31.8437 3.2
      vertex -103.653 29.5428 3.2
      vertex -103.359 31.7735 3.2
    endloop
  endfacet
  facet normal 0 0 1
    outer loop
      vertex -104.294 29.6704 3.2
      vertex -103.712 31.8437 3.2
      vertex -104.052 31.9593 3.2
    endloop
  endfacet
  facet normal 0 0 1
    outer loop
      vertex -103.712 31.8437 3.2
      vertex -104.294 29.6704 3.2
      vertex -103.653 29.5428 3.2
    endloop
  endfacet
  facet normal 0 0 1
    outer loop
      vertex -104.913 29.8806 3.2
      vertex -104.052 31.9593 3.2
      vertex -104.375 32.1184 3.2
    endloop
  endfacet
  facet normal 0 0 1
    outer loop
      vertex -105.5 30.1699 3.2
      vertex -104.375 32.1184 3.2
      vertex -104.674 32.3183 3.2
    endloop
  endfacet
  facet normal 0 0 1
    outer loop
      vertex -104.052 31.9593 3.2
      vertex -104.913 29.8806 3.2
      vertex -104.294 29.6704 3.2
    endloop
  endfacet
  facet normal 0 0 1
    outer loop
      vertex -106.044 30.5332 3.2
      vertex -104.674 32.3183 3.2
      vertex -104.945 32.5555 3.2
    endloop
  endfacet
  facet normal 0 0 1
    outer loop
      vertex -106.536 30.9645 3.2
      vertex -104.945 32.5555 3.2
      vertex -105.182 32.8259 3.2
    endloop
  endfacet
  facet normal 0 0 1
    outer loop
      vertex -106.967 31.4562 3.2
      vertex -105.182 32.8259 3.2
      vertex -105.382 33.125 3.2
    endloop
  endfacet
  facet normal 0 0 1
    outer loop
      vertex -104.375 32.1184 3.2
      vertex -105.5 30.1699 3.2
      vertex -104.913 29.8806 3.2
    endloop
  endfacet
  facet normal 0 0 1
    outer loop
      vertex -107.33 32 3.2
      vertex -105.382 33.125 3.2
      vertex -105.541 33.4476 3.2
    endloop
  endfacet
  facet normal 0 0 1
    outer loop
      vertex -107.619 32.5866 3.2
      vertex -105.541 33.4476 3.2
      vertex -105.656 33.7882 3.2
    endloop
  endfacet
  facet normal 0 0 1
    outer loop
      vertex -107.83 33.2059 3.2
      vertex -105.656 33.7882 3.2
      vertex -105.726 34.1411 3.2
    endloop
  endfacet
  facet normal 0 0 1
    outer loop
      vertex -107.957 33.8474 3.2
      vertex -105.726 34.1411 3.2
      vertex -105.75 34.5 3.2
    endloop
  endfacet
  facet normal -0 0 1
    outer loop
      vertex -107.619 36.4134 3.2
      vertex -105.541 35.5524 3.2
      vertex -107.33 37 3.2
    endloop
  endfacet
  facet normal 0 0 1
    outer loop
      vertex -104.674 32.3183 3.2
      vertex -106.044 30.5332 3.2
      vertex -105.5 30.1699 3.2
    endloop
  endfacet
  facet normal 0 0 1
    outer loop
      vertex -105.541 35.5524 3.2
      vertex -107.619 36.4134 3.2
      vertex -105.656 35.2118 3.2
    endloop
  endfacet
  facet normal 0 0 1
    outer loop
      vertex -104.945 32.5555 3.2
      vertex -106.536 30.9645 3.2
      vertex -106.044 30.5332 3.2
    endloop
  endfacet
  facet normal -0 0 1
    outer loop
      vertex -107.83 35.7941 3.2
      vertex -105.656 35.2118 3.2
      vertex -107.619 36.4134 3.2
    endloop
  endfacet
  facet normal 0 0 1
    outer loop
      vertex -105.182 32.8259 3.2
      vertex -106.967 31.4562 3.2
      vertex -106.536 30.9645 3.2
    endloop
  endfacet
  facet normal 0 0 1
    outer loop
      vertex -105.656 35.2118 3.2
      vertex -107.83 35.7941 3.2
      vertex -105.726 34.8589 3.2
    endloop
  endfacet
  facet normal 0 0 1
    outer loop
      vertex -105.382 33.125 3.2
      vertex -107.33 32 3.2
      vertex -106.967 31.4562 3.2
    endloop
  endfacet
  facet normal -0 0 1
    outer loop
      vertex -107.957 35.1526 3.2
      vertex -105.726 34.8589 3.2
      vertex -107.83 35.7941 3.2
    endloop
  endfacet
  facet normal 0 0 1
    outer loop
      vertex -105.541 33.4476 3.2
      vertex -107.619 32.5866 3.2
      vertex -107.33 32 3.2
    endloop
  endfacet
  facet normal 0 0 1
    outer loop
      vertex -105.726 34.8589 3.2
      vertex -107.957 35.1526 3.2
      vertex -105.75 34.5 3.2
    endloop
  endfacet
  facet normal 0 0 1
    outer loop
      vertex -105.656 33.7882 3.2
      vertex -107.83 33.2059 3.2
      vertex -107.619 32.5866 3.2
    endloop
  endfacet
  facet normal 0 0 1
    outer loop
      vertex -108 34.5 3.2
      vertex -105.75 34.5 3.2
      vertex -107.957 35.1526 3.2
    endloop
  endfacet
  facet normal 0 0 1
    outer loop
      vertex -105.726 34.1411 3.2
      vertex -107.957 33.8474 3.2
      vertex -107.83 33.2059 3.2
    endloop
  endfacet
  facet normal 0 0 1
    outer loop
      vertex -105.75 34.5 3.2
      vertex -108 34.5 3.2
      vertex -107.957 33.8474 3.2
    endloop
  endfacet
  facet normal -0.195233 -0.980757 0
    outer loop
      vertex -104.294 29.6704 0
      vertex -103.653 29.5428 3.2
      vertex -104.294 29.6704 3.2
    endloop
  endfacet
  facet normal -0.195233 -0.980757 -0
    outer loop
      vertex -103.653 29.5428 3.2
      vertex -104.294 29.6704 0
      vertex -103.653 29.5428 0
    endloop
  endfacet
  facet normal -0.831721 0.555194 0
    outer loop
      vertex -107.33 37 0
      vertex -106.967 37.5438 3.2
      vertex -106.967 37.5438 0
    endloop
  endfacet
  facet normal -0.831721 0.555194 0
    outer loop
      vertex -106.967 37.5438 3.2
      vertex -107.33 37 0
      vertex -107.33 37 3.2
    endloop
  endfacet
  facet normal -0.0654033 -0.997859 0
    outer loop
      vertex -103.653 29.5428 0
      vertex -103 29.5 3.2
      vertex -103.653 29.5428 3.2
    endloop
  endfacet
  facet normal -0.0654033 -0.997859 -0
    outer loop
      vertex -103 29.5 3.2
      vertex -103.653 29.5428 0
      vertex -103 29.5 0
    endloop
  endfacet
  facet normal 0.980889 -0.194566 0
    outer loop
      vertex -100.344 33.7882 4.7
      vertex -100.274 34.1411 3.2
      vertex -100.274 34.1411 4.7
    endloop
  endfacet
  facet normal 0.980889 -0.194566 0
    outer loop
      vertex -100.274 34.1411 3.2
      vertex -100.344 33.7882 4.7
      vertex -100.344 33.7882 3.2
    endloop
  endfacet
  facet normal 0.980889 0.194566 0
    outer loop
      vertex -100.274 34.8589 4.7
      vertex -100.344 35.2118 3.2
      vertex -100.344 35.2118 4.7
    endloop
  endfacet
  facet normal 0.980889 0.194566 0
    outer loop
      vertex -100.344 35.2118 3.2
      vertex -100.274 34.8589 4.7
      vertex -100.274 34.8589 3.2
    endloop
  endfacet
  facet normal 0.997772 0.066722 0
    outer loop
      vertex -100.25 34.5 4.7
      vertex -100.274 34.8589 3.2
      vertex -100.274 34.8589 4.7
    endloop
  endfacet
  facet normal 0.997772 0.066722 0
    outer loop
      vertex -100.274 34.8589 3.2
      vertex -100.25 34.5 4.7
      vertex -100.25 34.5 3.2
    endloop
  endfacet
  facet normal 0.947452 0.319897 0
    outer loop
      vertex -100.344 35.2118 4.7
      vertex -100.459 35.5524 3.2
      vertex -100.459 35.5524 4.7
    endloop
  endfacet
  facet normal 0.947452 0.319897 0
    outer loop
      vertex -100.459 35.5524 3.2
      vertex -100.344 35.2118 4.7
      vertex -100.344 35.2118 3.2
    endloop
  endfacet
  facet normal -0.997772 0.066722 0
    outer loop
      vertex -105.75 34.5 3.2
      vertex -105.726 34.8589 4.7
      vertex -105.726 34.8589 3.2
    endloop
  endfacet
  facet normal -0.997772 0.066722 0
    outer loop
      vertex -105.726 34.8589 4.7
      vertex -105.75 34.5 3.2
      vertex -105.75 34.5 4.7
    endloop
  endfacet
  facet normal 0.441873 -0.897078 0
    outer loop
      vertex -101.948 31.9593 3.2
      vertex -101.625 32.1184 4.7
      vertex -101.948 31.9593 4.7
    endloop
  endfacet
  facet normal 0.441873 -0.897078 0
    outer loop
      vertex -101.625 32.1184 4.7
      vertex -101.948 31.9593 3.2
      vertex -101.625 32.1184 3.2
    endloop
  endfacet
  facet normal 0.195047 0.980794 -0
    outer loop
      vertex -102.288 37.1563 3.2
      vertex -102.641 37.2265 4.7
      vertex -102.288 37.1563 4.7
    endloop
  endfacet
  facet normal 0.195047 0.980794 0
    outer loop
      vertex -102.641 37.2265 4.7
      vertex -102.288 37.1563 3.2
      vertex -102.641 37.2265 3.2
    endloop
  endfacet
  facet normal 0.195047 -0.980794 0
    outer loop
      vertex -102.641 31.7735 3.2
      vertex -102.288 31.8437 4.7
      vertex -102.641 31.7735 4.7
    endloop
  endfacet
  facet normal 0.195047 -0.980794 0
    outer loop
      vertex -102.288 31.8437 4.7
      vertex -102.641 31.7735 3.2
      vertex -102.288 31.8437 3.2
    endloop
  endfacet
  facet normal 0.0653198 -0.997864 0
    outer loop
      vertex -103 31.75 3.2
      vertex -102.641 31.7735 4.7
      vertex -103 31.75 4.7
    endloop
  endfacet
  facet normal 0.0653198 -0.997864 0
    outer loop
      vertex -102.641 31.7735 4.7
      vertex -103 31.75 3.2
      vertex -102.641 31.7735 3.2
    endloop
  endfacet
  facet normal -0.658623 0.752473 0
    outer loop
      vertex -104.674 36.6817 3.2
      vertex -104.945 36.4445 4.7
      vertex -104.674 36.6817 4.7
    endloop
  endfacet
  facet normal -0.658623 0.752473 0
    outer loop
      vertex -104.945 36.4445 4.7
      vertex -104.674 36.6817 3.2
      vertex -104.945 36.4445 3.2
    endloop
  endfacet
  facet normal -0.83128 0.555854 0
    outer loop
      vertex -105.382 35.875 3.2
      vertex -105.182 36.1741 4.7
      vertex -105.182 36.1741 3.2
    endloop
  endfacet
  facet normal -0.83128 0.555854 0
    outer loop
      vertex -105.182 36.1741 4.7
      vertex -105.382 35.875 3.2
      vertex -105.382 35.875 4.7
    endloop
  endfacet
  facet normal 0.321903 0.946773 -0
    outer loop
      vertex -101.948 37.0407 3.2
      vertex -102.288 37.1563 4.7
      vertex -101.948 37.0407 4.7
    endloop
  endfacet
  facet normal 0.321903 0.946773 0
    outer loop
      vertex -102.288 37.1563 4.7
      vertex -101.948 37.0407 3.2
      vertex -102.288 37.1563 3.2
    endloop
  endfacet
  facet normal 0.658623 -0.752473 0
    outer loop
      vertex -101.326 32.3183 3.2
      vertex -101.055 32.5555 4.7
      vertex -101.326 32.3183 4.7
    endloop
  endfacet
  facet normal 0.658623 -0.752473 0
    outer loop
      vertex -101.055 32.5555 4.7
      vertex -101.326 32.3183 3.2
      vertex -101.055 32.5555 3.2
    endloop
  endfacet
  facet normal -0.441873 0.897078 0
    outer loop
      vertex -104.052 37.0407 3.2
      vertex -104.375 36.8816 4.7
      vertex -104.052 37.0407 4.7
    endloop
  endfacet
  facet normal -0.441873 0.897078 0
    outer loop
      vertex -104.375 36.8816 4.7
      vertex -104.052 37.0407 3.2
      vertex -104.375 36.8816 3.2
    endloop
  endfacet
  facet normal -0.0653198 -0.997864 0
    outer loop
      vertex -103.359 31.7735 3.2
      vertex -103 31.75 4.7
      vertex -103.359 31.7735 4.7
    endloop
  endfacet
  facet normal -0.0653198 -0.997864 -0
    outer loop
      vertex -103 31.75 4.7
      vertex -103.359 31.7735 3.2
      vertex -103 31.75 3.2
    endloop
  endfacet
  facet normal 0.752025 -0.659134 0
    outer loop
      vertex -101.055 32.5555 4.7
      vertex -100.818 32.8259 3.2
      vertex -100.818 32.8259 4.7
    endloop
  endfacet
  facet normal 0.752025 -0.659134 0
    outer loop
      vertex -100.818 32.8259 3.2
      vertex -101.055 32.5555 4.7
      vertex -101.055 32.5555 3.2
    endloop
  endfacet
  facet normal -0.947452 -0.319897 0
    outer loop
      vertex -105.541 33.4476 3.2
      vertex -105.656 33.7882 4.7
      vertex -105.656 33.7882 3.2
    endloop
  endfacet
  facet normal -0.947452 -0.319897 0
    outer loop
      vertex -105.656 33.7882 4.7
      vertex -105.541 33.4476 3.2
      vertex -105.541 33.4476 4.7
    endloop
  endfacet
  facet normal 0.321903 -0.946773 0
    outer loop
      vertex -102.288 31.8437 3.2
      vertex -101.948 31.9593 4.7
      vertex -102.288 31.8437 4.7
    endloop
  endfacet
  facet normal 0.321903 -0.946773 0
    outer loop
      vertex -101.948 31.9593 4.7
      vertex -102.288 31.8437 3.2
      vertex -101.948 31.9593 3.2
    endloop
  endfacet
  facet normal -0.321903 0.946773 0
    outer loop
      vertex -103.712 37.1563 3.2
      vertex -104.052 37.0407 4.7
      vertex -103.712 37.1563 4.7
    endloop
  endfacet
  facet normal -0.321903 0.946773 0
    outer loop
      vertex -104.052 37.0407 4.7
      vertex -103.712 37.1563 3.2
      vertex -104.052 37.0407 3.2
    endloop
  endfacet
  facet normal -0.55579 0.831322 0
    outer loop
      vertex -104.375 36.8816 3.2
      vertex -104.674 36.6817 4.7
      vertex -104.375 36.8816 4.7
    endloop
  endfacet
  facet normal -0.55579 0.831322 0
    outer loop
      vertex -104.674 36.6817 4.7
      vertex -104.375 36.8816 3.2
      vertex -104.674 36.6817 3.2
    endloop
  endfacet
  facet normal -0.947452 0.319897 0
    outer loop
      vertex -105.656 35.2118 3.2
      vertex -105.541 35.5524 4.7
      vertex -105.541 35.5524 3.2
    endloop
  endfacet
  facet normal -0.947452 0.319897 0
    outer loop
      vertex -105.541 35.5524 4.7
      vertex -105.656 35.2118 3.2
      vertex -105.656 35.2118 4.7
    endloop
  endfacet
  facet normal 0.896971 0.44209 0
    outer loop
      vertex -100.459 35.5524 4.7
      vertex -100.618 35.875 3.2
      vertex -100.618 35.875 4.7
    endloop
  endfacet
  facet normal 0.896971 0.44209 0
    outer loop
      vertex -100.618 35.875 3.2
      vertex -100.459 35.5524 4.7
      vertex -100.459 35.5524 3.2
    endloop
  endfacet
  facet normal -0.195047 0.980794 0
    outer loop
      vertex -103.359 37.2265 3.2
      vertex -103.712 37.1563 4.7
      vertex -103.359 37.2265 4.7
    endloop
  endfacet
  facet normal -0.195047 0.980794 0
    outer loop
      vertex -103.712 37.1563 4.7
      vertex -103.359 37.2265 3.2
      vertex -103.712 37.1563 3.2
    endloop
  endfacet
  facet normal 0.658623 0.752473 -0
    outer loop
      vertex -101.055 36.4445 3.2
      vertex -101.326 36.6817 4.7
      vertex -101.055 36.4445 4.7
    endloop
  endfacet
  facet normal 0.658623 0.752473 0
    outer loop
      vertex -101.326 36.6817 4.7
      vertex -101.055 36.4445 3.2
      vertex -101.326 36.6817 3.2
    endloop
  endfacet
  facet normal 0.997772 -0.066722 0
    outer loop
      vertex -100.274 34.1411 4.7
      vertex -100.25 34.5 3.2
      vertex -100.25 34.5 4.7
    endloop
  endfacet
  facet normal 0.997772 -0.066722 0
    outer loop
      vertex -100.25 34.5 3.2
      vertex -100.274 34.1411 4.7
      vertex -100.274 34.1411 3.2
    endloop
  endfacet
  facet normal 0.441873 0.897078 -0
    outer loop
      vertex -101.625 36.8816 3.2
      vertex -101.948 37.0407 4.7
      vertex -101.625 36.8816 4.7
    endloop
  endfacet
  facet normal 0.441873 0.897078 0
    outer loop
      vertex -101.948 37.0407 4.7
      vertex -101.625 36.8816 3.2
      vertex -101.948 37.0407 3.2
    endloop
  endfacet
  facet normal -0.321903 -0.946773 0
    outer loop
      vertex -104.052 31.9593 3.2
      vertex -103.712 31.8437 4.7
      vertex -104.052 31.9593 4.7
    endloop
  endfacet
  facet normal -0.321903 -0.946773 -0
    outer loop
      vertex -103.712 31.8437 4.7
      vertex -104.052 31.9593 3.2
      vertex -103.712 31.8437 3.2
    endloop
  endfacet
  facet normal -0.980889 0.194566 0
    outer loop
      vertex -105.726 34.8589 3.2
      vertex -105.656 35.2118 4.7
      vertex -105.656 35.2118 3.2
    endloop
  endfacet
  facet normal -0.980889 0.194566 0
    outer loop
      vertex -105.656 35.2118 4.7
      vertex -105.726 34.8589 3.2
      vertex -105.726 34.8589 4.7
    endloop
  endfacet
  facet normal -0.0653198 0.997864 0
    outer loop
      vertex -103 37.25 3.2
      vertex -103.359 37.2265 4.7
      vertex -103 37.25 4.7
    endloop
  endfacet
  facet normal -0.0653198 0.997864 0
    outer loop
      vertex -103.359 37.2265 4.7
      vertex -103 37.25 3.2
      vertex -103.359 37.2265 3.2
    endloop
  endfacet
  facet normal -0.195047 -0.980794 0
    outer loop
      vertex -103.712 31.8437 3.2
      vertex -103.359 31.7735 4.7
      vertex -103.712 31.8437 4.7
    endloop
  endfacet
  facet normal -0.195047 -0.980794 -0
    outer loop
      vertex -103.359 31.7735 4.7
      vertex -103.712 31.8437 3.2
      vertex -103.359 31.7735 3.2
    endloop
  endfacet
  facet normal 0.947452 -0.319897 0
    outer loop
      vertex -100.459 33.4476 4.7
      vertex -100.344 33.7882 3.2
      vertex -100.344 33.7882 4.7
    endloop
  endfacet
  facet normal 0.947452 -0.319897 0
    outer loop
      vertex -100.344 33.7882 3.2
      vertex -100.459 33.4476 4.7
      vertex -100.459 33.4476 3.2
    endloop
  endfacet
  facet normal 0.83128 0.555854 0
    outer loop
      vertex -100.618 35.875 4.7
      vertex -100.818 36.1741 3.2
      vertex -100.818 36.1741 4.7
    endloop
  endfacet
  facet normal 0.83128 0.555854 0
    outer loop
      vertex -100.818 36.1741 3.2
      vertex -100.618 35.875 4.7
      vertex -100.618 35.875 3.2
    endloop
  endfacet
  facet normal 0.752025 0.659134 0
    outer loop
      vertex -100.818 36.1741 4.7
      vertex -101.055 36.4445 3.2
      vertex -101.055 36.4445 4.7
    endloop
  endfacet
  facet normal 0.752025 0.659134 0
    outer loop
      vertex -101.055 36.4445 3.2
      vertex -100.818 36.1741 4.7
      vertex -100.818 36.1741 3.2
    endloop
  endfacet
  facet normal -0.896971 -0.44209 0
    outer loop
      vertex -105.382 33.125 3.2
      vertex -105.541 33.4476 4.7
      vertex -105.541 33.4476 3.2
    endloop
  endfacet
  facet normal -0.896971 -0.44209 0
    outer loop
      vertex -105.541 33.4476 4.7
      vertex -105.382 33.125 3.2
      vertex -105.382 33.125 4.7
    endloop
  endfacet
  facet normal 0.896971 -0.44209 0
    outer loop
      vertex -100.618 33.125 4.7
      vertex -100.459 33.4476 3.2
      vertex -100.459 33.4476 4.7
    endloop
  endfacet
  facet normal 0.896971 -0.44209 0
    outer loop
      vertex -100.459 33.4476 3.2
      vertex -100.618 33.125 4.7
      vertex -100.618 33.125 3.2
    endloop
  endfacet
  facet normal -0.752025 -0.659134 0
    outer loop
      vertex -104.945 32.5555 3.2
      vertex -105.182 32.8259 4.7
      vertex -105.182 32.8259 3.2
    endloop
  endfacet
  facet normal -0.752025 -0.659134 0
    outer loop
      vertex -105.182 32.8259 4.7
      vertex -104.945 32.5555 3.2
      vertex -104.945 32.5555 4.7
    endloop
  endfacet
  facet normal 0.83128 -0.555854 0
    outer loop
      vertex -100.818 32.8259 4.7
      vertex -100.618 33.125 3.2
      vertex -100.618 33.125 4.7
    endloop
  endfacet
  facet normal 0.83128 -0.555854 0
    outer loop
      vertex -100.618 33.125 3.2
      vertex -100.818 32.8259 4.7
      vertex -100.818 32.8259 3.2
    endloop
  endfacet
  facet normal -0.752025 0.659134 0
    outer loop
      vertex -105.182 36.1741 3.2
      vertex -104.945 36.4445 4.7
      vertex -104.945 36.4445 3.2
    endloop
  endfacet
  facet normal -0.752025 0.659134 0
    outer loop
      vertex -104.945 36.4445 4.7
      vertex -105.182 36.1741 3.2
      vertex -105.182 36.1741 4.7
    endloop
  endfacet
  facet normal 0.0653198 0.997864 -0
    outer loop
      vertex -102.641 37.2265 3.2
      vertex -103 37.25 4.7
      vertex -102.641 37.2265 4.7
    endloop
  endfacet
  facet normal 0.0653198 0.997864 0
    outer loop
      vertex -103 37.25 4.7
      vertex -102.641 37.2265 3.2
      vertex -103 37.25 3.2
    endloop
  endfacet
  facet normal 0.55579 0.831322 -0
    outer loop
      vertex -101.326 36.6817 3.2
      vertex -101.625 36.8816 4.7
      vertex -101.326 36.6817 4.7
    endloop
  endfacet
  facet normal 0.55579 0.831322 0
    outer loop
      vertex -101.625 36.8816 4.7
      vertex -101.326 36.6817 3.2
      vertex -101.625 36.8816 3.2
    endloop
  endfacet
  facet normal 0 0 1
    outer loop
      vertex -100.274 34.8589 4.7
      vertex -100.274 34.1411 4.7
      vertex -100.25 34.5 4.7
    endloop
  endfacet
  facet normal 0 0 1
    outer loop
      vertex -100.344 35.2118 4.7
      vertex -100.274 34.1411 4.7
      vertex -100.274 34.8589 4.7
    endloop
  endfacet
  facet normal 0 0 1
    outer loop
      vertex -100.344 35.2118 4.7
      vertex -100.344 33.7882 4.7
      vertex -100.274 34.1411 4.7
    endloop
  endfacet
  facet normal 0 0 1
    outer loop
      vertex -100.459 35.5524 4.7
      vertex -100.344 33.7882 4.7
      vertex -100.344 35.2118 4.7
    endloop
  endfacet
  facet normal 0 0 1
    outer loop
      vertex -100.459 35.5524 4.7
      vertex -100.459 33.4476 4.7
      vertex -100.344 33.7882 4.7
    endloop
  endfacet
  facet normal 0 0 1
    outer loop
      vertex -100.618 35.875 4.7
      vertex -100.459 33.4476 4.7
      vertex -100.459 35.5524 4.7
    endloop
  endfacet
  facet normal 0 0 1
    outer loop
      vertex -100.618 35.875 4.7
      vertex -100.618 33.125 4.7
      vertex -100.459 33.4476 4.7
    endloop
  endfacet
  facet normal 0 0 1
    outer loop
      vertex -100.818 36.1741 4.7
      vertex -100.618 33.125 4.7
      vertex -100.618 35.875 4.7
    endloop
  endfacet
  facet normal 0 0 1
    outer loop
      vertex -100.818 36.1741 4.7
      vertex -100.818 32.8259 4.7
      vertex -100.618 33.125 4.7
    endloop
  endfacet
  facet normal 0 0 1
    outer loop
      vertex -101.055 36.4445 4.7
      vertex -100.818 32.8259 4.7
      vertex -100.818 36.1741 4.7
    endloop
  endfacet
  facet normal 0 0 1
    outer loop
      vertex -101.055 36.4445 4.7
      vertex -101.055 32.5555 4.7
      vertex -100.818 32.8259 4.7
    endloop
  endfacet
  facet normal 0 0 1
    outer loop
      vertex -101.326 36.6817 4.7
      vertex -101.055 32.5555 4.7
      vertex -101.055 36.4445 4.7
    endloop
  endfacet
  facet normal 0 0 1
    outer loop
      vertex -101.326 36.6817 4.7
      vertex -101.326 32.3183 4.7
      vertex -101.055 32.5555 4.7
    endloop
  endfacet
  facet normal 0 0 1
    outer loop
      vertex -101.625 36.8816 4.7
      vertex -101.326 32.3183 4.7
      vertex -101.326 36.6817 4.7
    endloop
  endfacet
  facet normal 0 0 1
    outer loop
      vertex -101.625 36.8816 4.7
      vertex -101.625 32.1184 4.7
      vertex -101.326 32.3183 4.7
    endloop
  endfacet
  facet normal 0 0 1
    outer loop
      vertex -101.948 37.0407 4.7
      vertex -101.625 32.1184 4.7
      vertex -101.625 36.8816 4.7
    endloop
  endfacet
  facet normal 0 0 1
    outer loop
      vertex -101.948 37.0407 4.7
      vertex -101.948 31.9593 4.7
      vertex -101.625 32.1184 4.7
    endloop
  endfacet
  facet normal 0 0 1
    outer loop
      vertex -102.288 37.1563 4.7
      vertex -101.948 31.9593 4.7
      vertex -101.948 37.0407 4.7
    endloop
  endfacet
  facet normal 0 0 1
    outer loop
      vertex -102.288 37.1563 4.7
      vertex -102.288 31.8437 4.7
      vertex -101.948 31.9593 4.7
    endloop
  endfacet
  facet normal 0 0 1
    outer loop
      vertex -102.641 37.2265 4.7
      vertex -102.288 31.8437 4.7
      vertex -102.288 37.1563 4.7
    endloop
  endfacet
  facet normal 0 0 1
    outer loop
      vertex -102.641 37.2265 4.7
      vertex -102.641 31.7735 4.7
      vertex -102.288 31.8437 4.7
    endloop
  endfacet
  facet normal 0 0 1
    outer loop
      vertex -103 37.25 4.7
      vertex -102.641 31.7735 4.7
      vertex -102.641 37.2265 4.7
    endloop
  endfacet
  facet normal 0 0 1
    outer loop
      vertex -103 37.25 4.7
      vertex -103 31.75 4.7
      vertex -102.641 31.7735 4.7
    endloop
  endfacet
  facet normal -0 0 1
    outer loop
      vertex -103.359 37.2265 4.7
      vertex -103 31.75 4.7
      vertex -103 37.25 4.7
    endloop
  endfacet
  facet normal 0 0 1
    outer loop
      vertex -103.359 37.2265 4.7
      vertex -103.359 31.7735 4.7
      vertex -103 31.75 4.7
    endloop
  endfacet
  facet normal -0 0 1
    outer loop
      vertex -103.712 37.1563 4.7
      vertex -103.359 31.7735 4.7
      vertex -103.359 37.2265 4.7
    endloop
  endfacet
  facet normal 0 0 1
    outer loop
      vertex -103.712 37.1563 4.7
      vertex -103.712 31.8437 4.7
      vertex -103.359 31.7735 4.7
    endloop
  endfacet
  facet normal -0 0 1
    outer loop
      vertex -104.052 37.0407 4.7
      vertex -103.712 31.8437 4.7
      vertex -103.712 37.1563 4.7
    endloop
  endfacet
  facet normal 0 0 1
    outer loop
      vertex -104.052 37.0407 4.7
      vertex -104.052 31.9593 4.7
      vertex -103.712 31.8437 4.7
    endloop
  endfacet
  facet normal -0 0 1
    outer loop
      vertex -104.375 36.8816 4.7
      vertex -104.052 31.9593 4.7
      vertex -104.052 37.0407 4.7
    endloop
  endfacet
  facet normal 0 0 1
    outer loop
      vertex -104.375 36.8816 4.7
      vertex -104.375 32.1184 4.7
      vertex -104.052 31.9593 4.7
    endloop
  endfacet
  facet normal -0 0 1
    outer loop
      vertex -104.674 36.6817 4.7
      vertex -104.375 32.1184 4.7
      vertex -104.375 36.8816 4.7
    endloop
  endfacet
  facet normal 0 0 1
    outer loop
      vertex -104.674 36.6817 4.7
      vertex -104.674 32.3183 4.7
      vertex -104.375 32.1184 4.7
    endloop
  endfacet
  facet normal -0 0 1
    outer loop
      vertex -104.945 36.4445 4.7
      vertex -104.674 32.3183 4.7
      vertex -104.674 36.6817 4.7
    endloop
  endfacet
  facet normal 0 0 1
    outer loop
      vertex -104.945 36.4445 4.7
      vertex -104.945 32.5555 4.7
      vertex -104.674 32.3183 4.7
    endloop
  endfacet
  facet normal -0 0 1
    outer loop
      vertex -105.182 36.1741 4.7
      vertex -104.945 32.5555 4.7
      vertex -104.945 36.4445 4.7
    endloop
  endfacet
  facet normal 0 0 1
    outer loop
      vertex -105.182 36.1741 4.7
      vertex -105.182 32.8259 4.7
      vertex -104.945 32.5555 4.7
    endloop
  endfacet
  facet normal -0 0 1
    outer loop
      vertex -105.382 35.875 4.7
      vertex -105.182 32.8259 4.7
      vertex -105.182 36.1741 4.7
    endloop
  endfacet
  facet normal 0 0 1
    outer loop
      vertex -105.382 35.875 4.7
      vertex -105.382 33.125 4.7
      vertex -105.182 32.8259 4.7
    endloop
  endfacet
  facet normal -0 0 1
    outer loop
      vertex -105.541 35.5524 4.7
      vertex -105.382 33.125 4.7
      vertex -105.382 35.875 4.7
    endloop
  endfacet
  facet normal 0 0 1
    outer loop
      vertex -105.541 35.5524 4.7
      vertex -105.541 33.4476 4.7
      vertex -105.382 33.125 4.7
    endloop
  endfacet
  facet normal -0 0 1
    outer loop
      vertex -105.656 35.2118 4.7
      vertex -105.541 33.4476 4.7
      vertex -105.541 35.5524 4.7
    endloop
  endfacet
  facet normal 0 0 1
    outer loop
      vertex -105.656 35.2118 4.7
      vertex -105.656 33.7882 4.7
      vertex -105.541 33.4476 4.7
    endloop
  endfacet
  facet normal -0 0 1
    outer loop
      vertex -105.726 34.8589 4.7
      vertex -105.656 33.7882 4.7
      vertex -105.656 35.2118 4.7
    endloop
  endfacet
  facet normal 0 0 1
    outer loop
      vertex -105.726 34.8589 4.7
      vertex -105.726 34.1411 4.7
      vertex -105.656 33.7882 4.7
    endloop
  endfacet
  facet normal 0 -0 1
    outer loop
      vertex -105.726 34.1411 4.7
      vertex -105.726 34.8589 4.7
      vertex -105.75 34.5 4.7
    endloop
  endfacet
  facet normal -0.441873 -0.897078 0
    outer loop
      vertex -104.375 32.1184 3.2
      vertex -104.052 31.9593 4.7
      vertex -104.375 32.1184 4.7
    endloop
  endfacet
  facet normal -0.441873 -0.897078 -0
    outer loop
      vertex -104.052 31.9593 4.7
      vertex -104.375 32.1184 3.2
      vertex -104.052 31.9593 3.2
    endloop
  endfacet
  facet normal -0.83128 -0.555854 0
    outer loop
      vertex -105.182 32.8259 3.2
      vertex -105.382 33.125 4.7
      vertex -105.382 33.125 3.2
    endloop
  endfacet
  facet normal -0.83128 -0.555854 0
    outer loop
      vertex -105.382 33.125 4.7
      vertex -105.182 32.8259 3.2
      vertex -105.182 32.8259 4.7
    endloop
  endfacet
  facet normal -0.980889 -0.194566 0
    outer loop
      vertex -105.656 33.7882 3.2
      vertex -105.726 34.1411 4.7
      vertex -105.726 34.1411 3.2
    endloop
  endfacet
  facet normal -0.980889 -0.194566 0
    outer loop
      vertex -105.726 34.1411 4.7
      vertex -105.656 33.7882 3.2
      vertex -105.656 33.7882 4.7
    endloop
  endfacet
  facet normal -0.658623 -0.752473 0
    outer loop
      vertex -104.945 32.5555 3.2
      vertex -104.674 32.3183 4.7
      vertex -104.945 32.5555 4.7
    endloop
  endfacet
  facet normal -0.658623 -0.752473 -0
    outer loop
      vertex -104.674 32.3183 4.7
      vertex -104.945 32.5555 3.2
      vertex -104.674 32.3183 3.2
    endloop
  endfacet
  facet normal -0.896971 0.44209 0
    outer loop
      vertex -105.541 35.5524 3.2
      vertex -105.382 35.875 4.7
      vertex -105.382 35.875 3.2
    endloop
  endfacet
  facet normal -0.896971 0.44209 0
    outer loop
      vertex -105.382 35.875 4.7
      vertex -105.541 35.5524 3.2
      vertex -105.541 35.5524 4.7
    endloop
  endfacet
  facet normal -0.997772 -0.066722 0
    outer loop
      vertex -105.726 34.1411 3.2
      vertex -105.75 34.5 4.7
      vertex -105.75 34.5 3.2
    endloop
  endfacet
  facet normal -0.997772 -0.066722 0
    outer loop
      vertex -105.75 34.5 4.7
      vertex -105.726 34.1411 3.2
      vertex -105.726 34.1411 4.7
    endloop
  endfacet
  facet normal 0.55579 -0.831322 0
    outer loop
      vertex -101.625 32.1184 3.2
      vertex -101.326 32.3183 4.7
      vertex -101.625 32.1184 4.7
    endloop
  endfacet
  facet normal 0.55579 -0.831322 0
    outer loop
      vertex -101.326 32.3183 4.7
      vertex -101.625 32.1184 3.2
      vertex -101.326 32.3183 3.2
    endloop
  endfacet
  facet normal -0.55579 -0.831322 0
    outer loop
      vertex -104.674 32.3183 3.2
      vertex -104.375 32.1184 4.7
      vertex -104.674 32.3183 4.7
    endloop
  endfacet
  facet normal -0.55579 -0.831322 -0
    outer loop
      vertex -104.375 32.1184 4.7
      vertex -104.674 32.3183 3.2
      vertex -104.375 32.1184 3.2
    endloop
  endfacet
  facet normal 0.980961 0.194204 0
    outer loop
      vertex 107.957 35.1526 3.2
      vertex 107.83 35.7941 0
      vertex 107.83 35.7941 3.2
    endloop
  endfacet
  facet normal 0.980961 0.194204 0
    outer loop
      vertex 107.83 35.7941 0
      vertex 107.957 35.1526 3.2
      vertex 107.957 35.1526 0
    endloop
  endfacet
  facet normal 0.997836 0.0657477 0
    outer loop
      vertex 108 34.5 3.2
      vertex 107.957 35.1526 0
      vertex 107.957 35.1526 3.2
    endloop
  endfacet
  facet normal 0.997836 0.0657477 0
    outer loop
      vertex 107.957 35.1526 0
      vertex 108 34.5 3.2
      vertex 108 34.5 0
    endloop
  endfacet
  facet normal 0.321546 -0.946894 0
    outer loop
      vertex 104.294 29.6704 0
      vertex 104.913 29.8806 3.2
      vertex 104.294 29.6704 3.2
    endloop
  endfacet
  facet normal 0.321546 -0.946894 0
    outer loop
      vertex 104.913 29.8806 3.2
      vertex 104.294 29.6704 0
      vertex 104.913 29.8806 0
    endloop
  endfacet
  facet normal 0.831721 0.555194 0
    outer loop
      vertex 107.33 37 3.2
      vertex 106.967 37.5438 0
      vertex 106.967 37.5438 3.2
    endloop
  endfacet
  facet normal 0.831721 0.555194 0
    outer loop
      vertex 106.967 37.5438 0
      vertex 107.33 37 3.2
      vertex 107.33 37 0
    endloop
  endfacet
  facet normal -0.89686 0.442314 0
    outer loop
      vertex 98.3806 36.4134 0
      vertex 98.6699 37 3.2
      vertex 98.6699 37 0
    endloop
  endfacet
  facet normal -0.89686 0.442314 0
    outer loop
      vertex 98.6699 37 3.2
      vertex 98.3806 36.4134 0
      vertex 98.3806 36.4134 3.2
    endloop
  endfacet
  facet normal -0.555512 0.831509 0
    outer loop
      vertex 100.5 38.8301 0
      vertex 99.9562 38.4668 3.2
      vertex 100.5 38.8301 3.2
    endloop
  endfacet
  facet normal -0.555512 0.831509 0
    outer loop
      vertex 99.9562 38.4668 3.2
      vertex 100.5 38.8301 0
      vertex 99.9562 38.4668 0
    endloop
  endfacet
  facet normal -0.659424 0.751771 0
    outer loop
      vertex 99.9562 38.4668 0
      vertex 99.4645 38.0355 3.2
      vertex 99.9562 38.4668 3.2
    endloop
  endfacet
  facet normal -0.659424 0.751771 0
    outer loop
      vertex 99.4645 38.0355 3.2
      vertex 99.9562 38.4668 0
      vertex 99.4645 38.0355 0
    endloop
  endfacet
  facet normal -0.751771 0.659424 0
    outer loop
      vertex 99.0332 37.5438 0
      vertex 99.4645 38.0355 3.2
      vertex 99.4645 38.0355 0
    endloop
  endfacet
  facet normal -0.751771 0.659424 0
    outer loop
      vertex 99.4645 38.0355 3.2
      vertex 99.0332 37.5438 0
      vertex 99.0332 37.5438 3.2
    endloop
  endfacet
  facet normal 0.946569 -0.322503 0
    outer loop
      vertex 107.619 32.5866 3.2
      vertex 107.83 33.2059 0
      vertex 107.83 33.2059 3.2
    endloop
  endfacet
  facet normal 0.946569 -0.322503 0
    outer loop
      vertex 107.83 33.2059 0
      vertex 107.619 32.5866 3.2
      vertex 107.619 32.5866 0
    endloop
  endfacet
  facet normal -0.997856 0.0654432 0
    outer loop
      vertex 98 34.5 0
      vertex 98.0428 35.1526 3.2
      vertex 98.0428 35.1526 0
    endloop
  endfacet
  facet normal -0.997856 0.0654432 0
    outer loop
      vertex 98.0428 35.1526 3.2
      vertex 98 34.5 0
      vertex 98 34.5 3.2
    endloop
  endfacet
  facet normal 0.55537 0.831603 -0
    outer loop
      vertex 106.044 38.4668 0
      vertex 105.5 38.8301 3.2
      vertex 106.044 38.4668 3.2
    endloop
  endfacet
  facet normal 0.55537 0.831603 0
    outer loop
      vertex 105.5 38.8301 3.2
      vertex 106.044 38.4668 0
      vertex 105.5 38.8301 0
    endloop
  endfacet
  facet normal -0.321546 -0.946894 0
    outer loop
      vertex 101.087 29.8806 0
      vertex 101.706 29.6704 3.2
      vertex 101.087 29.8806 3.2
    endloop
  endfacet
  facet normal -0.321546 -0.946894 -0
    outer loop
      vertex 101.706 29.6704 3.2
      vertex 101.087 29.8806 0
      vertex 101.706 29.6704 0
    endloop
  endfacet
  facet normal -0.751771 -0.659424 0
    outer loop
      vertex 99.4645 30.9645 0
      vertex 99.0332 31.4562 3.2
      vertex 99.0332 31.4562 0
    endloop
  endfacet
  facet normal -0.751771 -0.659424 0
    outer loop
      vertex 99.0332 31.4562 3.2
      vertex 99.4645 30.9645 0
      vertex 99.4645 30.9645 3.2
    endloop
  endfacet
  facet normal 0.195233 -0.980757 0
    outer loop
      vertex 103.653 29.5428 0
      vertex 104.294 29.6704 3.2
      vertex 103.653 29.5428 3.2
    endloop
  endfacet
  facet normal 0.195233 -0.980757 0
    outer loop
      vertex 104.294 29.6704 3.2
      vertex 103.653 29.5428 0
      vertex 104.294 29.6704 0
    endloop
  endfacet
  facet normal -0.321546 0.946894 0
    outer loop
      vertex 101.706 39.3296 0
      vertex 101.087 39.1194 3.2
      vertex 101.706 39.3296 3.2
    endloop
  endfacet
  facet normal -0.321546 0.946894 0
    outer loop
      vertex 101.087 39.1194 3.2
      vertex 101.706 39.3296 0
      vertex 101.087 39.1194 0
    endloop
  endfacet
  facet normal -0.831509 -0.555512 0
    outer loop
      vertex 99.0332 31.4562 0
      vertex 98.6699 32 3.2
      vertex 98.6699 32 0
    endloop
  endfacet
  facet normal -0.831509 -0.555512 0
    outer loop
      vertex 98.6699 32 3.2
      vertex 99.0332 31.4562 0
      vertex 99.0332 31.4562 3.2
    endloop
  endfacet
  facet normal 0.55537 -0.831603 0
    outer loop
      vertex 105.5 30.1699 0
      vertex 106.044 30.5332 3.2
      vertex 105.5 30.1699 3.2
    endloop
  endfacet
  facet normal 0.55537 -0.831603 0
    outer loop
      vertex 106.044 30.5332 3.2
      vertex 105.5 30.1699 0
      vertex 106.044 30.5332 0
    endloop
  endfacet
  facet normal -0.946941 0.321407 0
    outer loop
      vertex 98.1704 35.7941 0
      vertex 98.3806 36.4134 3.2
      vertex 98.3806 36.4134 0
    endloop
  endfacet
  facet normal -0.946941 0.321407 0
    outer loop
      vertex 98.3806 36.4134 3.2
      vertex 98.1704 35.7941 0
      vertex 98.1704 35.7941 3.2
    endloop
  endfacet
  facet normal 0.321546 0.946894 -0
    outer loop
      vertex 104.913 39.1194 0
      vertex 104.294 39.3296 3.2
      vertex 104.913 39.1194 3.2
    endloop
  endfacet
  facet normal 0.321546 0.946894 0
    outer loop
      vertex 104.294 39.3296 3.2
      vertex 104.913 39.1194 0
      vertex 104.294 39.3296 0
    endloop
  endfacet
  facet normal 0.0654033 0.997859 -0
    outer loop
      vertex 103.653 39.4572 0
      vertex 103 39.5 3.2
      vertex 103.653 39.4572 3.2
    endloop
  endfacet
  facet normal 0.0654033 0.997859 0
    outer loop
      vertex 103 39.5 3.2
      vertex 103.653 39.4572 0
      vertex 103 39.5 0
    endloop
  endfacet
  facet normal -0.442072 0.89698 0
    outer loop
      vertex 101.087 39.1194 0
      vertex 100.5 38.8301 3.2
      vertex 101.087 39.1194 3.2
    endloop
  endfacet
  facet normal -0.442072 0.89698 0
    outer loop
      vertex 100.5 38.8301 3.2
      vertex 101.087 39.1194 0
      vertex 100.5 38.8301 0
    endloop
  endfacet
  facet normal 0.831721 -0.555194 0
    outer loop
      vertex 106.967 31.4562 3.2
      vertex 107.33 32 0
      vertex 107.33 32 3.2
    endloop
  endfacet
  facet normal 0.831721 -0.555194 0
    outer loop
      vertex 107.33 32 0
      vertex 106.967 31.4562 3.2
      vertex 106.967 31.4562 0
    endloop
  endfacet
  facet normal -0.997856 -0.0654432 0
    outer loop
      vertex 98.0428 33.8474 0
      vertex 98 34.5 3.2
      vertex 98 34.5 0
    endloop
  endfacet
  facet normal -0.997856 -0.0654432 0
    outer loop
      vertex 98 34.5 3.2
      vertex 98.0428 33.8474 0
      vertex 98.0428 33.8474 3.2
    endloop
  endfacet
  facet normal 0.980961 -0.194204 0
    outer loop
      vertex 107.83 33.2059 3.2
      vertex 107.957 33.8474 0
      vertex 107.957 33.8474 3.2
    endloop
  endfacet
  facet normal 0.980961 -0.194204 0
    outer loop
      vertex 107.957 33.8474 0
      vertex 107.83 33.2059 3.2
      vertex 107.83 33.2059 0
    endloop
  endfacet
  facet normal -0.946941 -0.321407 0
    outer loop
      vertex 98.3806 32.5866 0
      vertex 98.1704 33.2059 3.2
      vertex 98.1704 33.2059 0
    endloop
  endfacet
  facet normal -0.946941 -0.321407 0
    outer loop
      vertex 98.1704 33.2059 3.2
      vertex 98.3806 32.5866 0
      vertex 98.3806 32.5866 3.2
    endloop
  endfacet
  facet normal -0.659424 -0.751771 0
    outer loop
      vertex 99.4645 30.9645 0
      vertex 99.9562 30.5332 3.2
      vertex 99.4645 30.9645 3.2
    endloop
  endfacet
  facet normal -0.659424 -0.751771 -0
    outer loop
      vertex 99.9562 30.5332 3.2
      vertex 99.4645 30.9645 0
      vertex 99.9562 30.5332 0
    endloop
  endfacet
  facet normal 0.442072 0.89698 -0
    outer loop
      vertex 105.5 38.8301 0
      vertex 104.913 39.1194 3.2
      vertex 105.5 38.8301 3.2
    endloop
  endfacet
  facet normal 0.442072 0.89698 0
    outer loop
      vertex 104.913 39.1194 3.2
      vertex 105.5 38.8301 0
      vertex 104.913 39.1194 0
    endloop
  endfacet
  facet normal -0.195233 0.980757 0
    outer loop
      vertex 102.347 39.4572 0
      vertex 101.706 39.3296 3.2
      vertex 102.347 39.4572 3.2
    endloop
  endfacet
  facet normal -0.195233 0.980757 0
    outer loop
      vertex 101.706 39.3296 3.2
      vertex 102.347 39.4572 0
      vertex 101.706 39.3296 0
    endloop
  endfacet
  facet normal 0.751998 0.659165 0
    outer loop
      vertex 106.967 37.5438 3.2
      vertex 106.536 38.0355 0
      vertex 106.536 38.0355 3.2
    endloop
  endfacet
  facet normal 0.751998 0.659165 0
    outer loop
      vertex 106.536 38.0355 0
      vertex 106.967 37.5438 3.2
      vertex 106.967 37.5438 0
    endloop
  endfacet
  facet normal 0.195233 0.980757 -0
    outer loop
      vertex 104.294 39.3296 0
      vertex 103.653 39.4572 3.2
      vertex 104.294 39.3296 3.2
    endloop
  endfacet
  facet normal 0.195233 0.980757 0
    outer loop
      vertex 103.653 39.4572 3.2
      vertex 104.294 39.3296 0
      vertex 103.653 39.4572 0
    endloop
  endfacet
  facet normal 0.751998 -0.659165 0
    outer loop
      vertex 106.536 30.9645 3.2
      vertex 106.967 31.4562 0
      vertex 106.967 31.4562 3.2
    endloop
  endfacet
  facet normal 0.751998 -0.659165 0
    outer loop
      vertex 106.967 31.4562 0
      vertex 106.536 30.9645 3.2
      vertex 106.536 30.9645 0
    endloop
  endfacet
  facet normal -0.442072 -0.89698 0
    outer loop
      vertex 100.5 30.1699 0
      vertex 101.087 29.8806 3.2
      vertex 100.5 30.1699 3.2
    endloop
  endfacet
  facet normal -0.442072 -0.89698 -0
    outer loop
      vertex 101.087 29.8806 3.2
      vertex 100.5 30.1699 0
      vertex 101.087 29.8806 0
    endloop
  endfacet
  facet normal -0.980786 0.195087 0
    outer loop
      vertex 98.0428 35.1526 0
      vertex 98.1704 35.7941 3.2
      vertex 98.1704 35.7941 0
    endloop
  endfacet
  facet normal -0.980786 0.195087 0
    outer loop
      vertex 98.1704 35.7941 3.2
      vertex 98.0428 35.1526 0
      vertex 98.0428 35.1526 3.2
    endloop
  endfacet
  facet normal 0.0654033 -0.997859 0
    outer loop
      vertex 103 29.5 0
      vertex 103.653 29.5428 3.2
      vertex 103 29.5 3.2
    endloop
  endfacet
  facet normal 0.0654033 -0.997859 0
    outer loop
      vertex 103.653 29.5428 3.2
      vertex 103 29.5 0
      vertex 103.653 29.5428 0
    endloop
  endfacet
  facet normal 0.442072 -0.89698 0
    outer loop
      vertex 104.913 29.8806 0
      vertex 105.5 30.1699 3.2
      vertex 104.913 29.8806 3.2
    endloop
  endfacet
  facet normal 0.442072 -0.89698 0
    outer loop
      vertex 105.5 30.1699 3.2
      vertex 104.913 29.8806 0
      vertex 105.5 30.1699 0
    endloop
  endfacet
  facet normal 0 0 -1
    outer loop
      vertex 107.957 33.8474 0
      vertex 107.957 35.1526 0
      vertex 108 34.5 0
    endloop
  endfacet
  facet normal 0 0 -1
    outer loop
      vertex 107.83 33.2059 0
      vertex 107.957 35.1526 0
      vertex 107.957 33.8474 0
    endloop
  endfacet
  facet normal 0 0 -1
    outer loop
      vertex 107.83 33.2059 0
      vertex 107.83 35.7941 0
      vertex 107.957 35.1526 0
    endloop
  endfacet
  facet normal 0 0 -1
    outer loop
      vertex 107.619 32.5866 0
      vertex 107.83 35.7941 0
      vertex 107.83 33.2059 0
    endloop
  endfacet
  facet normal 0 0 -1
    outer loop
      vertex 107.619 32.5866 0
      vertex 107.619 36.4134 0
      vertex 107.83 35.7941 0
    endloop
  endfacet
  facet normal 0 0 -1
    outer loop
      vertex 107.33 32 0
      vertex 107.619 36.4134 0
      vertex 107.619 32.5866 0
    endloop
  endfacet
  facet normal 0 0 -1
    outer loop
      vertex 107.33 32 0
      vertex 107.33 37 0
      vertex 107.619 36.4134 0
    endloop
  endfacet
  facet normal 0 0 -1
    outer loop
      vertex 106.967 31.4562 0
      vertex 107.33 37 0
      vertex 107.33 32 0
    endloop
  endfacet
  facet normal 0 0 -1
    outer loop
      vertex 106.967 31.4562 0
      vertex 106.967 37.5438 0
      vertex 107.33 37 0
    endloop
  endfacet
  facet normal 0 0 -1
    outer loop
      vertex 106.536 30.9645 0
      vertex 106.967 37.5438 0
      vertex 106.967 31.4562 0
    endloop
  endfacet
  facet normal 0 0 -1
    outer loop
      vertex 106.536 30.9645 0
      vertex 106.536 38.0355 0
      vertex 106.967 37.5438 0
    endloop
  endfacet
  facet normal 0 0 -1
    outer loop
      vertex 106.044 30.5332 0
      vertex 106.536 38.0355 0
      vertex 106.536 30.9645 0
    endloop
  endfacet
  facet normal 0 0 -1
    outer loop
      vertex 106.044 30.5332 0
      vertex 106.044 38.4668 0
      vertex 106.536 38.0355 0
    endloop
  endfacet
  facet normal 0 0 -1
    outer loop
      vertex 105.5 30.1699 0
      vertex 106.044 38.4668 0
      vertex 106.044 30.5332 0
    endloop
  endfacet
  facet normal 0 0 -1
    outer loop
      vertex 105.5 30.1699 0
      vertex 105.5 38.8301 0
      vertex 106.044 38.4668 0
    endloop
  endfacet
  facet normal 0 0 -1
    outer loop
      vertex 104.913 29.8806 0
      vertex 105.5 38.8301 0
      vertex 105.5 30.1699 0
    endloop
  endfacet
  facet normal 0 0 -1
    outer loop
      vertex 104.913 29.8806 0
      vertex 104.913 39.1194 0
      vertex 105.5 38.8301 0
    endloop
  endfacet
  facet normal 0 0 -1
    outer loop
      vertex 104.294 29.6704 0
      vertex 104.913 39.1194 0
      vertex 104.913 29.8806 0
    endloop
  endfacet
  facet normal 0 0 -1
    outer loop
      vertex 104.294 29.6704 0
      vertex 104.294 39.3296 0
      vertex 104.913 39.1194 0
    endloop
  endfacet
  facet normal 0 0 -1
    outer loop
      vertex 103.653 29.5428 0
      vertex 104.294 39.3296 0
      vertex 104.294 29.6704 0
    endloop
  endfacet
  facet normal 0 0 -1
    outer loop
      vertex 103.653 29.5428 0
      vertex 103.653 39.4572 0
      vertex 104.294 39.3296 0
    endloop
  endfacet
  facet normal 0 0 -1
    outer loop
      vertex 103 29.5 0
      vertex 103.653 39.4572 0
      vertex 103.653 29.5428 0
    endloop
  endfacet
  facet normal 0 0 -1
    outer loop
      vertex 103 29.5 0
      vertex 103 39.5 0
      vertex 103.653 39.4572 0
    endloop
  endfacet
  facet normal 0 0 -1
    outer loop
      vertex 102.347 29.5428 0
      vertex 103 39.5 0
      vertex 103 29.5 0
    endloop
  endfacet
  facet normal 0 0 -1
    outer loop
      vertex 102.347 29.5428 0
      vertex 102.347 39.4572 0
      vertex 103 39.5 0
    endloop
  endfacet
  facet normal 0 0 -1
    outer loop
      vertex 101.706 29.6704 0
      vertex 102.347 39.4572 0
      vertex 102.347 29.5428 0
    endloop
  endfacet
  facet normal 0 0 -1
    outer loop
      vertex 101.706 29.6704 0
      vertex 101.706 39.3296 0
      vertex 102.347 39.4572 0
    endloop
  endfacet
  facet normal 0 0 -1
    outer loop
      vertex 101.087 29.8806 0
      vertex 101.706 39.3296 0
      vertex 101.706 29.6704 0
    endloop
  endfacet
  facet normal 0 0 -1
    outer loop
      vertex 101.087 29.8806 0
      vertex 101.087 39.1194 0
      vertex 101.706 39.3296 0
    endloop
  endfacet
  facet normal 0 0 -1
    outer loop
      vertex 100.5 30.1699 0
      vertex 101.087 39.1194 0
      vertex 101.087 29.8806 0
    endloop
  endfacet
  facet normal 0 0 -1
    outer loop
      vertex 100.5 30.1699 0
      vertex 100.5 38.8301 0
      vertex 101.087 39.1194 0
    endloop
  endfacet
  facet normal 0 0 -1
    outer loop
      vertex 99.9562 30.5332 0
      vertex 100.5 38.8301 0
      vertex 100.5 30.1699 0
    endloop
  endfacet
  facet normal 0 0 -1
    outer loop
      vertex 99.9562 30.5332 0
      vertex 99.9562 38.4668 0
      vertex 100.5 38.8301 0
    endloop
  endfacet
  facet normal 0 0 -1
    outer loop
      vertex 99.4645 30.9645 0
      vertex 99.9562 38.4668 0
      vertex 99.9562 30.5332 0
    endloop
  endfacet
  facet normal 0 0 -1
    outer loop
      vertex 99.4645 30.9645 0
      vertex 99.4645 38.0355 0
      vertex 99.9562 38.4668 0
    endloop
  endfacet
  facet normal 0 0 -1
    outer loop
      vertex 99.0332 31.4562 0
      vertex 99.4645 38.0355 0
      vertex 99.4645 30.9645 0
    endloop
  endfacet
  facet normal 0 0 -1
    outer loop
      vertex 99.0332 31.4562 0
      vertex 99.0332 37.5438 0
      vertex 99.4645 38.0355 0
    endloop
  endfacet
  facet normal 0 0 -1
    outer loop
      vertex 98.6699 32 0
      vertex 99.0332 37.5438 0
      vertex 99.0332 31.4562 0
    endloop
  endfacet
  facet normal 0 0 -1
    outer loop
      vertex 98.6699 32 0
      vertex 98.6699 37 0
      vertex 99.0332 37.5438 0
    endloop
  endfacet
  facet normal 0 0 -1
    outer loop
      vertex 98.3806 32.5866 0
      vertex 98.6699 37 0
      vertex 98.6699 32 0
    endloop
  endfacet
  facet normal 0 0 -1
    outer loop
      vertex 98.3806 32.5866 0
      vertex 98.3806 36.4134 0
      vertex 98.6699 37 0
    endloop
  endfacet
  facet normal 0 0 -1
    outer loop
      vertex 98.1704 33.2059 0
      vertex 98.3806 36.4134 0
      vertex 98.3806 32.5866 0
    endloop
  endfacet
  facet normal 0 0 -1
    outer loop
      vertex 98.1704 33.2059 0
      vertex 98.1704 35.7941 0
      vertex 98.3806 36.4134 0
    endloop
  endfacet
  facet normal 0 0 -1
    outer loop
      vertex 98.0428 33.8474 0
      vertex 98.1704 35.7941 0
      vertex 98.1704 33.2059 0
    endloop
  endfacet
  facet normal 0 0 -1
    outer loop
      vertex 98.0428 33.8474 0
      vertex 98.0428 35.1526 0
      vertex 98.1704 35.7941 0
    endloop
  endfacet
  facet normal 0 -0 -1
    outer loop
      vertex 98.0428 35.1526 0
      vertex 98.0428 33.8474 0
      vertex 98 34.5 0
    endloop
  endfacet
  facet normal 0.659197 -0.75197 0
    outer loop
      vertex 106.044 30.5332 0
      vertex 106.536 30.9645 3.2
      vertex 106.044 30.5332 3.2
    endloop
  endfacet
  facet normal 0.659197 -0.75197 0
    outer loop
      vertex 106.536 30.9645 3.2
      vertex 106.044 30.5332 0
      vertex 106.536 30.9645 0
    endloop
  endfacet
  facet normal -0.89686 -0.442314 0
    outer loop
      vertex 98.6699 32 0
      vertex 98.3806 32.5866 3.2
      vertex 98.3806 32.5866 0
    endloop
  endfacet
  facet normal -0.89686 -0.442314 0
    outer loop
      vertex 98.3806 32.5866 3.2
      vertex 98.6699 32 0
      vertex 98.6699 32 3.2
    endloop
  endfacet
  facet normal 0.897042 -0.441945 0
    outer loop
      vertex 107.33 32 3.2
      vertex 107.619 32.5866 0
      vertex 107.619 32.5866 3.2
    endloop
  endfacet
  facet normal 0.897042 -0.441945 0
    outer loop
      vertex 107.619 32.5866 0
      vertex 107.33 32 3.2
      vertex 107.33 32 0
    endloop
  endfacet
  facet normal 0.659197 0.75197 -0
    outer loop
      vertex 106.536 38.0355 0
      vertex 106.044 38.4668 3.2
      vertex 106.536 38.0355 3.2
    endloop
  endfacet
  facet normal 0.659197 0.75197 0
    outer loop
      vertex 106.044 38.4668 3.2
      vertex 106.536 38.0355 0
      vertex 106.044 38.4668 0
    endloop
  endfacet
  facet normal 0.997836 -0.0657477 0
    outer loop
      vertex 107.957 33.8474 3.2
      vertex 108 34.5 0
      vertex 108 34.5 3.2
    endloop
  endfacet
  facet normal 0.997836 -0.0657477 0
    outer loop
      vertex 108 34.5 0
      vertex 107.957 33.8474 3.2
      vertex 107.957 33.8474 0
    endloop
  endfacet
  facet normal -0.555512 -0.831509 0
    outer loop
      vertex 99.9562 30.5332 0
      vertex 100.5 30.1699 3.2
      vertex 99.9562 30.5332 3.2
    endloop
  endfacet
  facet normal -0.555512 -0.831509 -0
    outer loop
      vertex 100.5 30.1699 3.2
      vertex 99.9562 30.5332 0
      vertex 100.5 30.1699 0
    endloop
  endfacet
  facet normal 0.897042 0.441945 0
    outer loop
      vertex 107.619 36.4134 3.2
      vertex 107.33 37 0
      vertex 107.33 37 3.2
    endloop
  endfacet
  facet normal 0.897042 0.441945 0
    outer loop
      vertex 107.33 37 0
      vertex 107.619 36.4134 3.2
      vertex 107.619 36.4134 0
    endloop
  endfacet
  facet normal 0.946569 0.322503 0
    outer loop
      vertex 107.83 35.7941 3.2
      vertex 107.619 36.4134 0
      vertex 107.619 36.4134 3.2
    endloop
  endfacet
  facet normal 0.946569 0.322503 0
    outer loop
      vertex 107.619 36.4134 0
      vertex 107.83 35.7941 3.2
      vertex 107.83 35.7941 0
    endloop
  endfacet
  facet normal -0.0654033 0.997859 0
    outer loop
      vertex 103 39.5 0
      vertex 102.347 39.4572 3.2
      vertex 103 39.5 3.2
    endloop
  endfacet
  facet normal -0.0654033 0.997859 0
    outer loop
      vertex 102.347 39.4572 3.2
      vertex 103 39.5 0
      vertex 102.347 39.4572 0
    endloop
  endfacet
  facet normal -0.980786 -0.195087 0
    outer loop
      vertex 98.1704 33.2059 0
      vertex 98.0428 33.8474 3.2
      vertex 98.0428 33.8474 0
    endloop
  endfacet
  facet normal -0.980786 -0.195087 0
    outer loop
      vertex 98.0428 33.8474 3.2
      vertex 98.1704 33.2059 0
      vertex 98.1704 33.2059 3.2
    endloop
  endfacet
  facet normal 0 0 1
    outer loop
      vertex 105.75 34.5 3.2
      vertex 108 34.5 3.2
      vertex 107.957 35.1526 3.2
    endloop
  endfacet
  facet normal 0 0 1
    outer loop
      vertex 105.726 34.8589 3.2
      vertex 107.957 35.1526 3.2
      vertex 107.83 35.7941 3.2
    endloop
  endfacet
  facet normal 0 0 1
    outer loop
      vertex 108 34.5 3.2
      vertex 105.75 34.5 3.2
      vertex 107.957 33.8474 3.2
    endloop
  endfacet
  facet normal 0 0 1
    outer loop
      vertex 105.656 35.2118 3.2
      vertex 107.83 35.7941 3.2
      vertex 107.619 36.4134 3.2
    endloop
  endfacet
  facet normal -0 0 1
    outer loop
      vertex 105.726 34.1411 3.2
      vertex 107.957 33.8474 3.2
      vertex 105.75 34.5 3.2
    endloop
  endfacet
  facet normal 0 0 1
    outer loop
      vertex 105.541 35.5524 3.2
      vertex 107.619 36.4134 3.2
      vertex 107.33 37 3.2
    endloop
  endfacet
  facet normal 0 0 1
    outer loop
      vertex 107.957 33.8474 3.2
      vertex 105.726 34.1411 3.2
      vertex 107.83 33.2059 3.2
    endloop
  endfacet
  facet normal 0 0 1
    outer loop
      vertex 105.382 35.875 3.2
      vertex 107.33 37 3.2
      vertex 106.967 37.5438 3.2
    endloop
  endfacet
  facet normal -0 0 1
    outer loop
      vertex 105.656 33.7882 3.2
      vertex 107.83 33.2059 3.2
      vertex 105.726 34.1411 3.2
    endloop
  endfacet
  facet normal 0 0 1
    outer loop
      vertex 105.182 36.1741 3.2
      vertex 106.967 37.5438 3.2
      vertex 106.536 38.0355 3.2
    endloop
  endfacet
  facet normal 0 0 1
    outer loop
      vertex 107.83 33.2059 3.2
      vertex 105.656 33.7882 3.2
      vertex 107.619 32.5866 3.2
    endloop
  endfacet
  facet normal 0 0 1
    outer loop
      vertex 104.945 36.4445 3.2
      vertex 106.536 38.0355 3.2
      vertex 106.044 38.4668 3.2
    endloop
  endfacet
  facet normal -0 0 1
    outer loop
      vertex 105.541 33.4476 3.2
      vertex 107.619 32.5866 3.2
      vertex 105.656 33.7882 3.2
    endloop
  endfacet
  facet normal 0 0 1
    outer loop
      vertex 107.619 32.5866 3.2
      vertex 105.541 33.4476 3.2
      vertex 107.33 32 3.2
    endloop
  endfacet
  facet normal 0 0 1
    outer loop
      vertex 107.957 35.1526 3.2
      vertex 105.726 34.8589 3.2
      vertex 105.75 34.5 3.2
    endloop
  endfacet
  facet normal 0 0 1
    outer loop
      vertex 107.83 35.7941 3.2
      vertex 105.656 35.2118 3.2
      vertex 105.726 34.8589 3.2
    endloop
  endfacet
  facet normal 0 0 1
    outer loop
      vertex 107.619 36.4134 3.2
      vertex 105.541 35.5524 3.2
      vertex 105.656 35.2118 3.2
    endloop
  endfacet
  facet normal 0 0 1
    outer loop
      vertex 104.674 36.6817 3.2
      vertex 106.044 38.4668 3.2
      vertex 105.5 38.8301 3.2
    endloop
  endfacet
  facet normal 0 0 1
    outer loop
      vertex 107.33 37 3.2
      vertex 105.382 35.875 3.2
      vertex 105.541 35.5524 3.2
    endloop
  endfacet
  facet normal 0 0 1
    outer loop
      vertex 106.967 37.5438 3.2
      vertex 105.182 36.1741 3.2
      vertex 105.382 35.875 3.2
    endloop
  endfacet
  facet normal 0 0 1
    outer loop
      vertex 106.536 38.0355 3.2
      vertex 104.945 36.4445 3.2
      vertex 105.182 36.1741 3.2
    endloop
  endfacet
  facet normal 0 0 1
    outer loop
      vertex 104.375 36.8816 3.2
      vertex 105.5 38.8301 3.2
      vertex 104.913 39.1194 3.2
    endloop
  endfacet
  facet normal 0 0 1
    outer loop
      vertex 106.044 38.4668 3.2
      vertex 104.674 36.6817 3.2
      vertex 104.945 36.4445 3.2
    endloop
  endfacet
  facet normal 0 0 1
    outer loop
      vertex 105.5 38.8301 3.2
      vertex 104.375 36.8816 3.2
      vertex 104.674 36.6817 3.2
    endloop
  endfacet
  facet normal 0 0 1
    outer loop
      vertex 104.052 37.0407 3.2
      vertex 104.913 39.1194 3.2
      vertex 104.294 39.3296 3.2
    endloop
  endfacet
  facet normal 0 0 1
    outer loop
      vertex 104.913 39.1194 3.2
      vertex 104.052 37.0407 3.2
      vertex 104.375 36.8816 3.2
    endloop
  endfacet
  facet normal 0 0 1
    outer loop
      vertex 104.294 39.3296 3.2
      vertex 103.712 37.1563 3.2
      vertex 104.052 37.0407 3.2
    endloop
  endfacet
  facet normal 0 0 1
    outer loop
      vertex 103.653 39.4572 3.2
      vertex 103.712 37.1563 3.2
      vertex 104.294 39.3296 3.2
    endloop
  endfacet
  facet normal 0 0 1
    outer loop
      vertex 103.653 39.4572 3.2
      vertex 103.359 37.2265 3.2
      vertex 103.712 37.1563 3.2
    endloop
  endfacet
  facet normal 0 0 1
    outer loop
      vertex 103 39.5 3.2
      vertex 103.359 37.2265 3.2
      vertex 103.653 39.4572 3.2
    endloop
  endfacet
  facet normal 0 0 1
    outer loop
      vertex 103 39.5 3.2
      vertex 103 37.25 3.2
      vertex 103.359 37.2265 3.2
    endloop
  endfacet
  facet normal 0 0 1
    outer loop
      vertex 103 39.5 3.2
      vertex 102.641 37.2265 3.2
      vertex 103 37.25 3.2
    endloop
  endfacet
  facet normal -0 0 1
    outer loop
      vertex 102.347 39.4572 3.2
      vertex 102.641 37.2265 3.2
      vertex 103 39.5 3.2
    endloop
  endfacet
  facet normal 0 0 1
    outer loop
      vertex 102.347 39.4572 3.2
      vertex 102.288 37.1563 3.2
      vertex 102.641 37.2265 3.2
    endloop
  endfacet
  facet normal -0 0 1
    outer loop
      vertex 101.706 39.3296 3.2
      vertex 102.288 37.1563 3.2
      vertex 102.347 39.4572 3.2
    endloop
  endfacet
  facet normal 0 0 1
    outer loop
      vertex 102.288 37.1563 3.2
      vertex 101.706 39.3296 3.2
      vertex 101.948 37.0407 3.2
    endloop
  endfacet
  facet normal -0 0 1
    outer loop
      vertex 101.087 39.1194 3.2
      vertex 101.948 37.0407 3.2
      vertex 101.706 39.3296 3.2
    endloop
  endfacet
  facet normal 0 0 1
    outer loop
      vertex 101.948 37.0407 3.2
      vertex 101.087 39.1194 3.2
      vertex 101.625 36.8816 3.2
    endloop
  endfacet
  facet normal -0 0 1
    outer loop
      vertex 100.5 38.8301 3.2
      vertex 101.625 36.8816 3.2
      vertex 101.087 39.1194 3.2
    endloop
  endfacet
  facet normal 0 0 1
    outer loop
      vertex 101.625 36.8816 3.2
      vertex 100.5 38.8301 3.2
      vertex 101.326 36.6817 3.2
    endloop
  endfacet
  facet normal -0 0 1
    outer loop
      vertex 99.9562 38.4668 3.2
      vertex 101.326 36.6817 3.2
      vertex 100.5 38.8301 3.2
    endloop
  endfacet
  facet normal 0 0 1
    outer loop
      vertex 101.326 36.6817 3.2
      vertex 99.9562 38.4668 3.2
      vertex 101.055 36.4445 3.2
    endloop
  endfacet
  facet normal -0 0 1
    outer loop
      vertex 99.4645 38.0355 3.2
      vertex 101.055 36.4445 3.2
      vertex 99.9562 38.4668 3.2
    endloop
  endfacet
  facet normal 0 0 1
    outer loop
      vertex 101.055 36.4445 3.2
      vertex 99.4645 38.0355 3.2
      vertex 100.818 36.1741 3.2
    endloop
  endfacet
  facet normal -0 0 1
    outer loop
      vertex 99.0332 37.5438 3.2
      vertex 100.818 36.1741 3.2
      vertex 99.4645 38.0355 3.2
    endloop
  endfacet
  facet normal 0 0 1
    outer loop
      vertex 100.818 36.1741 3.2
      vertex 99.0332 37.5438 3.2
      vertex 100.618 35.875 3.2
    endloop
  endfacet
  facet normal -0 0 1
    outer loop
      vertex 98.6699 37 3.2
      vertex 100.618 35.875 3.2
      vertex 99.0332 37.5438 3.2
    endloop
  endfacet
  facet normal 0 0 1
    outer loop
      vertex 100.618 35.875 3.2
      vertex 98.6699 37 3.2
      vertex 100.459 35.5524 3.2
    endloop
  endfacet
  facet normal -0 0 1
    outer loop
      vertex 105.382 33.125 3.2
      vertex 107.33 32 3.2
      vertex 105.541 33.4476 3.2
    endloop
  endfacet
  facet normal 0 0 1
    outer loop
      vertex 107.33 32 3.2
      vertex 105.382 33.125 3.2
      vertex 106.967 31.4562 3.2
    endloop
  endfacet
  facet normal -0 0 1
    outer loop
      vertex 105.182 32.8259 3.2
      vertex 106.967 31.4562 3.2
      vertex 105.382 33.125 3.2
    endloop
  endfacet
  facet normal 0 0 1
    outer loop
      vertex 106.967 31.4562 3.2
      vertex 105.182 32.8259 3.2
      vertex 106.536 30.9645 3.2
    endloop
  endfacet
  facet normal -0 0 1
    outer loop
      vertex 104.945 32.5555 3.2
      vertex 106.536 30.9645 3.2
      vertex 105.182 32.8259 3.2
    endloop
  endfacet
  facet normal 0 0 1
    outer loop
      vertex 106.536 30.9645 3.2
      vertex 104.945 32.5555 3.2
      vertex 106.044 30.5332 3.2
    endloop
  endfacet
  facet normal -0 0 1
    outer loop
      vertex 104.674 32.3183 3.2
      vertex 106.044 30.5332 3.2
      vertex 104.945 32.5555 3.2
    endloop
  endfacet
  facet normal 0 0 1
    outer loop
      vertex 106.044 30.5332 3.2
      vertex 104.674 32.3183 3.2
      vertex 105.5 30.1699 3.2
    endloop
  endfacet
  facet normal -0 0 1
    outer loop
      vertex 104.375 32.1184 3.2
      vertex 105.5 30.1699 3.2
      vertex 104.674 32.3183 3.2
    endloop
  endfacet
  facet normal 0 0 1
    outer loop
      vertex 105.5 30.1699 3.2
      vertex 104.375 32.1184 3.2
      vertex 104.913 29.8806 3.2
    endloop
  endfacet
  facet normal -0 0 1
    outer loop
      vertex 104.052 31.9593 3.2
      vertex 104.913 29.8806 3.2
      vertex 104.375 32.1184 3.2
    endloop
  endfacet
  facet normal 0 0 1
    outer loop
      vertex 104.913 29.8806 3.2
      vertex 104.052 31.9593 3.2
      vertex 104.294 29.6704 3.2
    endloop
  endfacet
  facet normal -0 0 1
    outer loop
      vertex 103.712 31.8437 3.2
      vertex 104.294 29.6704 3.2
      vertex 104.052 31.9593 3.2
    endloop
  endfacet
  facet normal 0 0 1
    outer loop
      vertex 103.712 31.8437 3.2
      vertex 103.653 29.5428 3.2
      vertex 104.294 29.6704 3.2
    endloop
  endfacet
  facet normal -0 0 1
    outer loop
      vertex 103.359 31.7735 3.2
      vertex 103.653 29.5428 3.2
      vertex 103.712 31.8437 3.2
    endloop
  endfacet
  facet normal -0 0 1
    outer loop
      vertex 103 31.75 3.2
      vertex 103.653 29.5428 3.2
      vertex 103.359 31.7735 3.2
    endloop
  endfacet
  facet normal 0 0 1
    outer loop
      vertex 103 31.75 3.2
      vertex 103 29.5 3.2
      vertex 103.653 29.5428 3.2
    endloop
  endfacet
  facet normal 0 0 1
    outer loop
      vertex 102.641 31.7735 3.2
      vertex 103 29.5 3.2
      vertex 103 31.75 3.2
    endloop
  endfacet
  facet normal 0 0 1
    outer loop
      vertex 102.641 31.7735 3.2
      vertex 102.347 29.5428 3.2
      vertex 103 29.5 3.2
    endloop
  endfacet
  facet normal 0 0 1
    outer loop
      vertex 102.288 31.8437 3.2
      vertex 102.347 29.5428 3.2
      vertex 102.641 31.7735 3.2
    endloop
  endfacet
  facet normal 0 0 1
    outer loop
      vertex 101.706 29.6704 3.2
      vertex 102.288 31.8437 3.2
      vertex 101.948 31.9593 3.2
    endloop
  endfacet
  facet normal 0 0 1
    outer loop
      vertex 102.288 31.8437 3.2
      vertex 101.706 29.6704 3.2
      vertex 102.347 29.5428 3.2
    endloop
  endfacet
  facet normal 0 0 1
    outer loop
      vertex 101.087 29.8806 3.2
      vertex 101.948 31.9593 3.2
      vertex 101.625 32.1184 3.2
    endloop
  endfacet
  facet normal 0 0 1
    outer loop
      vertex 100.5 30.1699 3.2
      vertex 101.625 32.1184 3.2
      vertex 101.326 32.3183 3.2
    endloop
  endfacet
  facet normal 0 0 1
    outer loop
      vertex 101.948 31.9593 3.2
      vertex 101.087 29.8806 3.2
      vertex 101.706 29.6704 3.2
    endloop
  endfacet
  facet normal 0 0 1
    outer loop
      vertex 99.9562 30.5332 3.2
      vertex 101.326 32.3183 3.2
      vertex 101.055 32.5555 3.2
    endloop
  endfacet
  facet normal 0 0 1
    outer loop
      vertex 99.4645 30.9645 3.2
      vertex 101.055 32.5555 3.2
      vertex 100.818 32.8259 3.2
    endloop
  endfacet
  facet normal 0 0 1
    outer loop
      vertex 99.0332 31.4562 3.2
      vertex 100.818 32.8259 3.2
      vertex 100.618 33.125 3.2
    endloop
  endfacet
  facet normal 0 0 1
    outer loop
      vertex 101.625 32.1184 3.2
      vertex 100.5 30.1699 3.2
      vertex 101.087 29.8806 3.2
    endloop
  endfacet
  facet normal 0 0 1
    outer loop
      vertex 98.6699 32 3.2
      vertex 100.618 33.125 3.2
      vertex 100.459 33.4476 3.2
    endloop
  endfacet
  facet normal 0 0 1
    outer loop
      vertex 98.3806 32.5866 3.2
      vertex 100.459 33.4476 3.2
      vertex 100.344 33.7882 3.2
    endloop
  endfacet
  facet normal 0 0 1
    outer loop
      vertex 98.1704 33.2059 3.2
      vertex 100.344 33.7882 3.2
      vertex 100.274 34.1411 3.2
    endloop
  endfacet
  facet normal 0 0 1
    outer loop
      vertex 98.0428 33.8474 3.2
      vertex 100.274 34.1411 3.2
      vertex 100.25 34.5 3.2
    endloop
  endfacet
  facet normal -0 0 1
    outer loop
      vertex 98.3806 36.4134 3.2
      vertex 100.459 35.5524 3.2
      vertex 98.6699 37 3.2
    endloop
  endfacet
  facet normal 0 0 1
    outer loop
      vertex 101.326 32.3183 3.2
      vertex 99.9562 30.5332 3.2
      vertex 100.5 30.1699 3.2
    endloop
  endfacet
  facet normal 0 0 1
    outer loop
      vertex 100.459 35.5524 3.2
      vertex 98.3806 36.4134 3.2
      vertex 100.344 35.2118 3.2
    endloop
  endfacet
  facet normal 0 0 1
    outer loop
      vertex 101.055 32.5555 3.2
      vertex 99.4645 30.9645 3.2
      vertex 99.9562 30.5332 3.2
    endloop
  endfacet
  facet normal -0 0 1
    outer loop
      vertex 98.1704 35.7941 3.2
      vertex 100.344 35.2118 3.2
      vertex 98.3806 36.4134 3.2
    endloop
  endfacet
  facet normal 0 0 1
    outer loop
      vertex 100.818 32.8259 3.2
      vertex 99.0332 31.4562 3.2
      vertex 99.4645 30.9645 3.2
    endloop
  endfacet
  facet normal 0 0 1
    outer loop
      vertex 100.344 35.2118 3.2
      vertex 98.1704 35.7941 3.2
      vertex 100.274 34.8589 3.2
    endloop
  endfacet
  facet normal 0 0 1
    outer loop
      vertex 100.618 33.125 3.2
      vertex 98.6699 32 3.2
      vertex 99.0332 31.4562 3.2
    endloop
  endfacet
  facet normal -0 0 1
    outer loop
      vertex 98.0428 35.1526 3.2
      vertex 100.274 34.8589 3.2
      vertex 98.1704 35.7941 3.2
    endloop
  endfacet
  facet normal 0 0 1
    outer loop
      vertex 100.459 33.4476 3.2
      vertex 98.3806 32.5866 3.2
      vertex 98.6699 32 3.2
    endloop
  endfacet
  facet normal 0 0 1
    outer loop
      vertex 100.274 34.8589 3.2
      vertex 98.0428 35.1526 3.2
      vertex 100.25 34.5 3.2
    endloop
  endfacet
  facet normal 0 0 1
    outer loop
      vertex 100.344 33.7882 3.2
      vertex 98.1704 33.2059 3.2
      vertex 98.3806 32.5866 3.2
    endloop
  endfacet
  facet normal 0 0 1
    outer loop
      vertex 98 34.5 3.2
      vertex 100.25 34.5 3.2
      vertex 98.0428 35.1526 3.2
    endloop
  endfacet
  facet normal 0 0 1
    outer loop
      vertex 100.274 34.1411 3.2
      vertex 98.0428 33.8474 3.2
      vertex 98.1704 33.2059 3.2
    endloop
  endfacet
  facet normal 0 0 1
    outer loop
      vertex 100.25 34.5 3.2
      vertex 98 34.5 3.2
      vertex 98.0428 33.8474 3.2
    endloop
  endfacet
  facet normal -0.195233 -0.980757 0
    outer loop
      vertex 101.706 29.6704 0
      vertex 102.347 29.5428 3.2
      vertex 101.706 29.6704 3.2
    endloop
  endfacet
  facet normal -0.195233 -0.980757 -0
    outer loop
      vertex 102.347 29.5428 3.2
      vertex 101.706 29.6704 0
      vertex 102.347 29.5428 0
    endloop
  endfacet
  facet normal -0.831509 0.555512 0
    outer loop
      vertex 98.6699 37 0
      vertex 99.0332 37.5438 3.2
      vertex 99.0332 37.5438 0
    endloop
  endfacet
  facet normal -0.831509 0.555512 0
    outer loop
      vertex 99.0332 37.5438 3.2
      vertex 98.6699 37 0
      vertex 98.6699 37 3.2
    endloop
  endfacet
  facet normal -0.0654033 -0.997859 0
    outer loop
      vertex 102.347 29.5428 0
      vertex 103 29.5 3.2
      vertex 102.347 29.5428 3.2
    endloop
  endfacet
  facet normal -0.0654033 -0.997859 -0
    outer loop
      vertex 103 29.5 3.2
      vertex 102.347 29.5428 0
      vertex 103 29.5 0
    endloop
  endfacet
  facet normal 0.980889 -0.194566 0
    outer loop
      vertex 105.656 33.7882 4.7
      vertex 105.726 34.1411 3.2
      vertex 105.726 34.1411 4.7
    endloop
  endfacet
  facet normal 0.980889 -0.194566 0
    outer loop
      vertex 105.726 34.1411 3.2
      vertex 105.656 33.7882 4.7
      vertex 105.656 33.7882 3.2
    endloop
  endfacet
  facet normal 0.980889 0.194566 0
    outer loop
      vertex 105.726 34.8589 4.7
      vertex 105.656 35.2118 3.2
      vertex 105.656 35.2118 4.7
    endloop
  endfacet
  facet normal 0.980889 0.194566 0
    outer loop
      vertex 105.656 35.2118 3.2
      vertex 105.726 34.8589 4.7
      vertex 105.726 34.8589 3.2
    endloop
  endfacet
  facet normal 0.997772 0.066722 0
    outer loop
      vertex 105.75 34.5 4.7
      vertex 105.726 34.8589 3.2
      vertex 105.726 34.8589 4.7
    endloop
  endfacet
  facet normal 0.997772 0.066722 0
    outer loop
      vertex 105.726 34.8589 3.2
      vertex 105.75 34.5 4.7
      vertex 105.75 34.5 3.2
    endloop
  endfacet
  facet normal 0.947452 0.319897 0
    outer loop
      vertex 105.656 35.2118 4.7
      vertex 105.541 35.5524 3.2
      vertex 105.541 35.5524 4.7
    endloop
  endfacet
  facet normal 0.947452 0.319897 0
    outer loop
      vertex 105.541 35.5524 3.2
      vertex 105.656 35.2118 4.7
      vertex 105.656 35.2118 3.2
    endloop
  endfacet
  facet normal -0.997772 0.066722 0
    outer loop
      vertex 100.25 34.5 3.2
      vertex 100.274 34.8589 4.7
      vertex 100.274 34.8589 3.2
    endloop
  endfacet
  facet normal -0.997772 0.066722 0
    outer loop
      vertex 100.274 34.8589 4.7
      vertex 100.25 34.5 3.2
      vertex 100.25 34.5 4.7
    endloop
  endfacet
  facet normal 0.441873 -0.897078 0
    outer loop
      vertex 104.052 31.9593 3.2
      vertex 104.375 32.1184 4.7
      vertex 104.052 31.9593 4.7
    endloop
  endfacet
  facet normal 0.441873 -0.897078 0
    outer loop
      vertex 104.375 32.1184 4.7
      vertex 104.052 31.9593 3.2
      vertex 104.375 32.1184 3.2
    endloop
  endfacet
  facet normal 0.195047 0.980794 -0
    outer loop
      vertex 103.712 37.1563 3.2
      vertex 103.359 37.2265 4.7
      vertex 103.712 37.1563 4.7
    endloop
  endfacet
  facet normal 0.195047 0.980794 0
    outer loop
      vertex 103.359 37.2265 4.7
      vertex 103.712 37.1563 3.2
      vertex 103.359 37.2265 3.2
    endloop
  endfacet
  facet normal 0.195047 -0.980794 0
    outer loop
      vertex 103.359 31.7735 3.2
      vertex 103.712 31.8437 4.7
      vertex 103.359 31.7735 4.7
    endloop
  endfacet
  facet normal 0.195047 -0.980794 0
    outer loop
      vertex 103.712 31.8437 4.7
      vertex 103.359 31.7735 3.2
      vertex 103.712 31.8437 3.2
    endloop
  endfacet
  facet normal 0.0653198 -0.997864 0
    outer loop
      vertex 103 31.75 3.2
      vertex 103.359 31.7735 4.7
      vertex 103 31.75 4.7
    endloop
  endfacet
  facet normal 0.0653198 -0.997864 0
    outer loop
      vertex 103.359 31.7735 4.7
      vertex 103 31.75 3.2
      vertex 103.359 31.7735 3.2
    endloop
  endfacet
  facet normal -0.658623 0.752473 0
    outer loop
      vertex 101.326 36.6817 3.2
      vertex 101.055 36.4445 4.7
      vertex 101.326 36.6817 4.7
    endloop
  endfacet
  facet normal -0.658623 0.752473 0
    outer loop
      vertex 101.055 36.4445 4.7
      vertex 101.326 36.6817 3.2
      vertex 101.055 36.4445 3.2
    endloop
  endfacet
  facet normal -0.83128 0.555854 0
    outer loop
      vertex 100.618 35.875 3.2
      vertex 100.818 36.1741 4.7
      vertex 100.818 36.1741 3.2
    endloop
  endfacet
  facet normal -0.83128 0.555854 0
    outer loop
      vertex 100.818 36.1741 4.7
      vertex 100.618 35.875 3.2
      vertex 100.618 35.875 4.7
    endloop
  endfacet
  facet normal 0.321903 0.946773 -0
    outer loop
      vertex 104.052 37.0407 3.2
      vertex 103.712 37.1563 4.7
      vertex 104.052 37.0407 4.7
    endloop
  endfacet
  facet normal 0.321903 0.946773 0
    outer loop
      vertex 103.712 37.1563 4.7
      vertex 104.052 37.0407 3.2
      vertex 103.712 37.1563 3.2
    endloop
  endfacet
  facet normal 0.658623 -0.752473 0
    outer loop
      vertex 104.674 32.3183 3.2
      vertex 104.945 32.5555 4.7
      vertex 104.674 32.3183 4.7
    endloop
  endfacet
  facet normal 0.658623 -0.752473 0
    outer loop
      vertex 104.945 32.5555 4.7
      vertex 104.674 32.3183 3.2
      vertex 104.945 32.5555 3.2
    endloop
  endfacet
  facet normal -0.441873 0.897078 0
    outer loop
      vertex 101.948 37.0407 3.2
      vertex 101.625 36.8816 4.7
      vertex 101.948 37.0407 4.7
    endloop
  endfacet
  facet normal -0.441873 0.897078 0
    outer loop
      vertex 101.625 36.8816 4.7
      vertex 101.948 37.0407 3.2
      vertex 101.625 36.8816 3.2
    endloop
  endfacet
  facet normal -0.0653198 -0.997864 0
    outer loop
      vertex 102.641 31.7735 3.2
      vertex 103 31.75 4.7
      vertex 102.641 31.7735 4.7
    endloop
  endfacet
  facet normal -0.0653198 -0.997864 -0
    outer loop
      vertex 103 31.75 4.7
      vertex 102.641 31.7735 3.2
      vertex 103 31.75 3.2
    endloop
  endfacet
  facet normal 0.752025 -0.659134 0
    outer loop
      vertex 104.945 32.5555 4.7
      vertex 105.182 32.8259 3.2
      vertex 105.182 32.8259 4.7
    endloop
  endfacet
  facet normal 0.752025 -0.659134 0
    outer loop
      vertex 105.182 32.8259 3.2
      vertex 104.945 32.5555 4.7
      vertex 104.945 32.5555 3.2
    endloop
  endfacet
  facet normal -0.947452 -0.319897 0
    outer loop
      vertex 100.459 33.4476 3.2
      vertex 100.344 33.7882 4.7
      vertex 100.344 33.7882 3.2
    endloop
  endfacet
  facet normal -0.947452 -0.319897 0
    outer loop
      vertex 100.344 33.7882 4.7
      vertex 100.459 33.4476 3.2
      vertex 100.459 33.4476 4.7
    endloop
  endfacet
  facet normal 0.321903 -0.946773 0
    outer loop
      vertex 103.712 31.8437 3.2
      vertex 104.052 31.9593 4.7
      vertex 103.712 31.8437 4.7
    endloop
  endfacet
  facet normal 0.321903 -0.946773 0
    outer loop
      vertex 104.052 31.9593 4.7
      vertex 103.712 31.8437 3.2
      vertex 104.052 31.9593 3.2
    endloop
  endfacet
  facet normal -0.321903 0.946773 0
    outer loop
      vertex 102.288 37.1563 3.2
      vertex 101.948 37.0407 4.7
      vertex 102.288 37.1563 4.7
    endloop
  endfacet
  facet normal -0.321903 0.946773 0
    outer loop
      vertex 101.948 37.0407 4.7
      vertex 102.288 37.1563 3.2
      vertex 101.948 37.0407 3.2
    endloop
  endfacet
  facet normal 0.752025 0.659134 0
    outer loop
      vertex 105.182 36.1741 4.7
      vertex 104.945 36.4445 3.2
      vertex 104.945 36.4445 4.7
    endloop
  endfacet
  facet normal 0.752025 0.659134 0
    outer loop
      vertex 104.945 36.4445 3.2
      vertex 105.182 36.1741 4.7
      vertex 105.182 36.1741 3.2
    endloop
  endfacet
  facet normal -0.55579 0.831322 0
    outer loop
      vertex 101.625 36.8816 3.2
      vertex 101.326 36.6817 4.7
      vertex 101.625 36.8816 4.7
    endloop
  endfacet
  facet normal -0.55579 0.831322 0
    outer loop
      vertex 101.326 36.6817 4.7
      vertex 101.625 36.8816 3.2
      vertex 101.326 36.6817 3.2
    endloop
  endfacet
  facet normal -0.947452 0.319897 0
    outer loop
      vertex 100.344 35.2118 3.2
      vertex 100.459 35.5524 4.7
      vertex 100.459 35.5524 3.2
    endloop
  endfacet
  facet normal -0.947452 0.319897 0
    outer loop
      vertex 100.459 35.5524 4.7
      vertex 100.344 35.2118 3.2
      vertex 100.344 35.2118 4.7
    endloop
  endfacet
  facet normal 0.896971 0.44209 0
    outer loop
      vertex 105.541 35.5524 4.7
      vertex 105.382 35.875 3.2
      vertex 105.382 35.875 4.7
    endloop
  endfacet
  facet normal 0.896971 0.44209 0
    outer loop
      vertex 105.382 35.875 3.2
      vertex 105.541 35.5524 4.7
      vertex 105.541 35.5524 3.2
    endloop
  endfacet
  facet normal -0.195047 0.980794 0
    outer loop
      vertex 102.641 37.2265 3.2
      vertex 102.288 37.1563 4.7
      vertex 102.641 37.2265 4.7
    endloop
  endfacet
  facet normal -0.195047 0.980794 0
    outer loop
      vertex 102.288 37.1563 4.7
      vertex 102.641 37.2265 3.2
      vertex 102.288 37.1563 3.2
    endloop
  endfacet
  facet normal 0.658623 0.752473 -0
    outer loop
      vertex 104.945 36.4445 3.2
      vertex 104.674 36.6817 4.7
      vertex 104.945 36.4445 4.7
    endloop
  endfacet
  facet normal 0.658623 0.752473 0
    outer loop
      vertex 104.674 36.6817 4.7
      vertex 104.945 36.4445 3.2
      vertex 104.674 36.6817 3.2
    endloop
  endfacet
  facet normal 0.997772 -0.066722 0
    outer loop
      vertex 105.726 34.1411 4.7
      vertex 105.75 34.5 3.2
      vertex 105.75 34.5 4.7
    endloop
  endfacet
  facet normal 0.997772 -0.066722 0
    outer loop
      vertex 105.75 34.5 3.2
      vertex 105.726 34.1411 4.7
      vertex 105.726 34.1411 3.2
    endloop
  endfacet
  facet normal 0.441873 0.897078 -0
    outer loop
      vertex 104.375 36.8816 3.2
      vertex 104.052 37.0407 4.7
      vertex 104.375 36.8816 4.7
    endloop
  endfacet
  facet normal 0.441873 0.897078 0
    outer loop
      vertex 104.052 37.0407 4.7
      vertex 104.375 36.8816 3.2
      vertex 104.052 37.0407 3.2
    endloop
  endfacet
  facet normal -0.321903 -0.946773 0
    outer loop
      vertex 101.948 31.9593 3.2
      vertex 102.288 31.8437 4.7
      vertex 101.948 31.9593 4.7
    endloop
  endfacet
  facet normal -0.321903 -0.946773 -0
    outer loop
      vertex 102.288 31.8437 4.7
      vertex 101.948 31.9593 3.2
      vertex 102.288 31.8437 3.2
    endloop
  endfacet
  facet normal -0.980889 0.194566 0
    outer loop
      vertex 100.274 34.8589 3.2
      vertex 100.344 35.2118 4.7
      vertex 100.344 35.2118 3.2
    endloop
  endfacet
  facet normal -0.980889 0.194566 0
    outer loop
      vertex 100.344 35.2118 4.7
      vertex 100.274 34.8589 3.2
      vertex 100.274 34.8589 4.7
    endloop
  endfacet
  facet normal -0.0653198 0.997864 0
    outer loop
      vertex 103 37.25 3.2
      vertex 102.641 37.2265 4.7
      vertex 103 37.25 4.7
    endloop
  endfacet
  facet normal -0.0653198 0.997864 0
    outer loop
      vertex 102.641 37.2265 4.7
      vertex 103 37.25 3.2
      vertex 102.641 37.2265 3.2
    endloop
  endfacet
  facet normal -0.195047 -0.980794 0
    outer loop
      vertex 102.288 31.8437 3.2
      vertex 102.641 31.7735 4.7
      vertex 102.288 31.8437 4.7
    endloop
  endfacet
  facet normal -0.195047 -0.980794 -0
    outer loop
      vertex 102.641 31.7735 4.7
      vertex 102.288 31.8437 3.2
      vertex 102.641 31.7735 3.2
    endloop
  endfacet
  facet normal 0.947452 -0.319897 0
    outer loop
      vertex 105.541 33.4476 4.7
      vertex 105.656 33.7882 3.2
      vertex 105.656 33.7882 4.7
    endloop
  endfacet
  facet normal 0.947452 -0.319897 0
    outer loop
      vertex 105.656 33.7882 3.2
      vertex 105.541 33.4476 4.7
      vertex 105.541 33.4476 3.2
    endloop
  endfacet
  facet normal 0.83128 0.555854 0
    outer loop
      vertex 105.382 35.875 4.7
      vertex 105.182 36.1741 3.2
      vertex 105.182 36.1741 4.7
    endloop
  endfacet
  facet normal 0.83128 0.555854 0
    outer loop
      vertex 105.182 36.1741 3.2
      vertex 105.382 35.875 4.7
      vertex 105.382 35.875 3.2
    endloop
  endfacet
  facet normal -0.896971 -0.44209 0
    outer loop
      vertex 100.618 33.125 3.2
      vertex 100.459 33.4476 4.7
      vertex 100.459 33.4476 3.2
    endloop
  endfacet
  facet normal -0.896971 -0.44209 0
    outer loop
      vertex 100.459 33.4476 4.7
      vertex 100.618 33.125 3.2
      vertex 100.618 33.125 4.7
    endloop
  endfacet
  facet normal 0.896971 -0.44209 0
    outer loop
      vertex 105.382 33.125 4.7
      vertex 105.541 33.4476 3.2
      vertex 105.541 33.4476 4.7
    endloop
  endfacet
  facet normal 0.896971 -0.44209 0
    outer loop
      vertex 105.541 33.4476 3.2
      vertex 105.382 33.125 4.7
      vertex 105.382 33.125 3.2
    endloop
  endfacet
  facet normal -0.752025 -0.659134 0
    outer loop
      vertex 101.055 32.5555 3.2
      vertex 100.818 32.8259 4.7
      vertex 100.818 32.8259 3.2
    endloop
  endfacet
  facet normal -0.752025 -0.659134 0
    outer loop
      vertex 100.818 32.8259 4.7
      vertex 101.055 32.5555 3.2
      vertex 101.055 32.5555 4.7
    endloop
  endfacet
  facet normal 0.83128 -0.555854 0
    outer loop
      vertex 105.182 32.8259 4.7
      vertex 105.382 33.125 3.2
      vertex 105.382 33.125 4.7
    endloop
  endfacet
  facet normal 0.83128 -0.555854 0
    outer loop
      vertex 105.382 33.125 3.2
      vertex 105.182 32.8259 4.7
      vertex 105.182 32.8259 3.2
    endloop
  endfacet
  facet normal -0.752025 0.659134 0
    outer loop
      vertex 100.818 36.1741 3.2
      vertex 101.055 36.4445 4.7
      vertex 101.055 36.4445 3.2
    endloop
  endfacet
  facet normal -0.752025 0.659134 0
    outer loop
      vertex 101.055 36.4445 4.7
      vertex 100.818 36.1741 3.2
      vertex 100.818 36.1741 4.7
    endloop
  endfacet
  facet normal 0.0653198 0.997864 -0
    outer loop
      vertex 103.359 37.2265 3.2
      vertex 103 37.25 4.7
      vertex 103.359 37.2265 4.7
    endloop
  endfacet
  facet normal 0.0653198 0.997864 0
    outer loop
      vertex 103 37.25 4.7
      vertex 103.359 37.2265 3.2
      vertex 103 37.25 3.2
    endloop
  endfacet
  facet normal 0.55579 0.831322 -0
    outer loop
      vertex 104.674 36.6817 3.2
      vertex 104.375 36.8816 4.7
      vertex 104.674 36.6817 4.7
    endloop
  endfacet
  facet normal 0.55579 0.831322 0
    outer loop
      vertex 104.375 36.8816 4.7
      vertex 104.674 36.6817 3.2
      vertex 104.375 36.8816 3.2
    endloop
  endfacet
  facet normal 0 0 1
    outer loop
      vertex 105.726 34.8589 4.7
      vertex 105.726 34.1411 4.7
      vertex 105.75 34.5 4.7
    endloop
  endfacet
  facet normal 0 0 1
    outer loop
      vertex 105.656 35.2118 4.7
      vertex 105.726 34.1411 4.7
      vertex 105.726 34.8589 4.7
    endloop
  endfacet
  facet normal 0 0 1
    outer loop
      vertex 105.656 35.2118 4.7
      vertex 105.656 33.7882 4.7
      vertex 105.726 34.1411 4.7
    endloop
  endfacet
  facet normal 0 0 1
    outer loop
      vertex 105.541 35.5524 4.7
      vertex 105.656 33.7882 4.7
      vertex 105.656 35.2118 4.7
    endloop
  endfacet
  facet normal 0 0 1
    outer loop
      vertex 105.541 35.5524 4.7
      vertex 105.541 33.4476 4.7
      vertex 105.656 33.7882 4.7
    endloop
  endfacet
  facet normal 0 0 1
    outer loop
      vertex 105.382 35.875 4.7
      vertex 105.541 33.4476 4.7
      vertex 105.541 35.5524 4.7
    endloop
  endfacet
  facet normal 0 0 1
    outer loop
      vertex 105.382 35.875 4.7
      vertex 105.382 33.125 4.7
      vertex 105.541 33.4476 4.7
    endloop
  endfacet
  facet normal 0 0 1
    outer loop
      vertex 105.182 36.1741 4.7
      vertex 105.382 33.125 4.7
      vertex 105.382 35.875 4.7
    endloop
  endfacet
  facet normal 0 0 1
    outer loop
      vertex 105.182 36.1741 4.7
      vertex 105.182 32.8259 4.7
      vertex 105.382 33.125 4.7
    endloop
  endfacet
  facet normal 0 0 1
    outer loop
      vertex 104.945 36.4445 4.7
      vertex 105.182 32.8259 4.7
      vertex 105.182 36.1741 4.7
    endloop
  endfacet
  facet normal 0 0 1
    outer loop
      vertex 104.945 36.4445 4.7
      vertex 104.945 32.5555 4.7
      vertex 105.182 32.8259 4.7
    endloop
  endfacet
  facet normal 0 0 1
    outer loop
      vertex 104.674 36.6817 4.7
      vertex 104.945 32.5555 4.7
      vertex 104.945 36.4445 4.7
    endloop
  endfacet
  facet normal 0 0 1
    outer loop
      vertex 104.674 36.6817 4.7
      vertex 104.674 32.3183 4.7
      vertex 104.945 32.5555 4.7
    endloop
  endfacet
  facet normal 0 0 1
    outer loop
      vertex 104.375 36.8816 4.7
      vertex 104.674 32.3183 4.7
      vertex 104.674 36.6817 4.7
    endloop
  endfacet
  facet normal 0 0 1
    outer loop
      vertex 104.375 36.8816 4.7
      vertex 104.375 32.1184 4.7
      vertex 104.674 32.3183 4.7
    endloop
  endfacet
  facet normal 0 0 1
    outer loop
      vertex 104.052 37.0407 4.7
      vertex 104.375 32.1184 4.7
      vertex 104.375 36.8816 4.7
    endloop
  endfacet
  facet normal 0 0 1
    outer loop
      vertex 104.052 37.0407 4.7
      vertex 104.052 31.9593 4.7
      vertex 104.375 32.1184 4.7
    endloop
  endfacet
  facet normal 0 0 1
    outer loop
      vertex 103.712 37.1563 4.7
      vertex 104.052 31.9593 4.7
      vertex 104.052 37.0407 4.7
    endloop
  endfacet
  facet normal 0 0 1
    outer loop
      vertex 103.712 37.1563 4.7
      vertex 103.712 31.8437 4.7
      vertex 104.052 31.9593 4.7
    endloop
  endfacet
  facet normal 0 0 1
    outer loop
      vertex 103.359 37.2265 4.7
      vertex 103.712 31.8437 4.7
      vertex 103.712 37.1563 4.7
    endloop
  endfacet
  facet normal 0 0 1
    outer loop
      vertex 103.359 37.2265 4.7
      vertex 103.359 31.7735 4.7
      vertex 103.712 31.8437 4.7
    endloop
  endfacet
  facet normal 0 0 1
    outer loop
      vertex 103 37.25 4.7
      vertex 103.359 31.7735 4.7
      vertex 103.359 37.2265 4.7
    endloop
  endfacet
  facet normal 0 0 1
    outer loop
      vertex 103 37.25 4.7
      vertex 103 31.75 4.7
      vertex 103.359 31.7735 4.7
    endloop
  endfacet
  facet normal -0 0 1
    outer loop
      vertex 102.641 37.2265 4.7
      vertex 103 31.75 4.7
      vertex 103 37.25 4.7
    endloop
  endfacet
  facet normal 0 0 1
    outer loop
      vertex 102.641 37.2265 4.7
      vertex 102.641 31.7735 4.7
      vertex 103 31.75 4.7
    endloop
  endfacet
  facet normal -0 0 1
    outer loop
      vertex 102.288 37.1563 4.7
      vertex 102.641 31.7735 4.7
      vertex 102.641 37.2265 4.7
    endloop
  endfacet
  facet normal 0 0 1
    outer loop
      vertex 102.288 37.1563 4.7
      vertex 102.288 31.8437 4.7
      vertex 102.641 31.7735 4.7
    endloop
  endfacet
  facet normal -0 0 1
    outer loop
      vertex 101.948 37.0407 4.7
      vertex 102.288 31.8437 4.7
      vertex 102.288 37.1563 4.7
    endloop
  endfacet
  facet normal 0 0 1
    outer loop
      vertex 101.948 37.0407 4.7
      vertex 101.948 31.9593 4.7
      vertex 102.288 31.8437 4.7
    endloop
  endfacet
  facet normal -0 0 1
    outer loop
      vertex 101.625 36.8816 4.7
      vertex 101.948 31.9593 4.7
      vertex 101.948 37.0407 4.7
    endloop
  endfacet
  facet normal 0 0 1
    outer loop
      vertex 101.625 36.8816 4.7
      vertex 101.625 32.1184 4.7
      vertex 101.948 31.9593 4.7
    endloop
  endfacet
  facet normal -0 0 1
    outer loop
      vertex 101.326 36.6817 4.7
      vertex 101.625 32.1184 4.7
      vertex 101.625 36.8816 4.7
    endloop
  endfacet
  facet normal 0 0 1
    outer loop
      vertex 101.326 36.6817 4.7
      vertex 101.326 32.3183 4.7
      vertex 101.625 32.1184 4.7
    endloop
  endfacet
  facet normal -0 0 1
    outer loop
      vertex 101.055 36.4445 4.7
      vertex 101.326 32.3183 4.7
      vertex 101.326 36.6817 4.7
    endloop
  endfacet
  facet normal 0 0 1
    outer loop
      vertex 101.055 36.4445 4.7
      vertex 101.055 32.5555 4.7
      vertex 101.326 32.3183 4.7
    endloop
  endfacet
  facet normal -0 0 1
    outer loop
      vertex 100.818 36.1741 4.7
      vertex 101.055 32.5555 4.7
      vertex 101.055 36.4445 4.7
    endloop
  endfacet
  facet normal 0 0 1
    outer loop
      vertex 100.818 36.1741 4.7
      vertex 100.818 32.8259 4.7
      vertex 101.055 32.5555 4.7
    endloop
  endfacet
  facet normal -0 0 1
    outer loop
      vertex 100.618 35.875 4.7
      vertex 100.818 32.8259 4.7
      vertex 100.818 36.1741 4.7
    endloop
  endfacet
  facet normal 0 0 1
    outer loop
      vertex 100.618 35.875 4.7
      vertex 100.618 33.125 4.7
      vertex 100.818 32.8259 4.7
    endloop
  endfacet
  facet normal -0 0 1
    outer loop
      vertex 100.459 35.5524 4.7
      vertex 100.618 33.125 4.7
      vertex 100.618 35.875 4.7
    endloop
  endfacet
  facet normal 0 0 1
    outer loop
      vertex 100.459 35.5524 4.7
      vertex 100.459 33.4476 4.7
      vertex 100.618 33.125 4.7
    endloop
  endfacet
  facet normal -0 0 1
    outer loop
      vertex 100.344 35.2118 4.7
      vertex 100.459 33.4476 4.7
      vertex 100.459 35.5524 4.7
    endloop
  endfacet
  facet normal 0 0 1
    outer loop
      vertex 100.344 35.2118 4.7
      vertex 100.344 33.7882 4.7
      vertex 100.459 33.4476 4.7
    endloop
  endfacet
  facet normal -0 0 1
    outer loop
      vertex 100.274 34.8589 4.7
      vertex 100.344 33.7882 4.7
      vertex 100.344 35.2118 4.7
    endloop
  endfacet
  facet normal 0 0 1
    outer loop
      vertex 100.274 34.8589 4.7
      vertex 100.274 34.1411 4.7
      vertex 100.344 33.7882 4.7
    endloop
  endfacet
  facet normal 0 -0 1
    outer loop
      vertex 100.274 34.1411 4.7
      vertex 100.274 34.8589 4.7
      vertex 100.25 34.5 4.7
    endloop
  endfacet
  facet normal -0.441873 -0.897078 0
    outer loop
      vertex 101.625 32.1184 3.2
      vertex 101.948 31.9593 4.7
      vertex 101.625 32.1184 4.7
    endloop
  endfacet
  facet normal -0.441873 -0.897078 -0
    outer loop
      vertex 101.948 31.9593 4.7
      vertex 101.625 32.1184 3.2
      vertex 101.948 31.9593 3.2
    endloop
  endfacet
  facet normal -0.83128 -0.555854 0
    outer loop
      vertex 100.818 32.8259 3.2
      vertex 100.618 33.125 4.7
      vertex 100.618 33.125 3.2
    endloop
  endfacet
  facet normal -0.83128 -0.555854 0
    outer loop
      vertex 100.618 33.125 4.7
      vertex 100.818 32.8259 3.2
      vertex 100.818 32.8259 4.7
    endloop
  endfacet
  facet normal -0.980889 -0.194566 0
    outer loop
      vertex 100.344 33.7882 3.2
      vertex 100.274 34.1411 4.7
      vertex 100.274 34.1411 3.2
    endloop
  endfacet
  facet normal -0.980889 -0.194566 0
    outer loop
      vertex 100.274 34.1411 4.7
      vertex 100.344 33.7882 3.2
      vertex 100.344 33.7882 4.7
    endloop
  endfacet
  facet normal -0.658623 -0.752473 0
    outer loop
      vertex 101.055 32.5555 3.2
      vertex 101.326 32.3183 4.7
      vertex 101.055 32.5555 4.7
    endloop
  endfacet
  facet normal -0.658623 -0.752473 -0
    outer loop
      vertex 101.326 32.3183 4.7
      vertex 101.055 32.5555 3.2
      vertex 101.326 32.3183 3.2
    endloop
  endfacet
  facet normal -0.896971 0.44209 0
    outer loop
      vertex 100.459 35.5524 3.2
      vertex 100.618 35.875 4.7
      vertex 100.618 35.875 3.2
    endloop
  endfacet
  facet normal -0.896971 0.44209 0
    outer loop
      vertex 100.618 35.875 4.7
      vertex 100.459 35.5524 3.2
      vertex 100.459 35.5524 4.7
    endloop
  endfacet
  facet normal -0.997772 -0.066722 0
    outer loop
      vertex 100.274 34.1411 3.2
      vertex 100.25 34.5 4.7
      vertex 100.25 34.5 3.2
    endloop
  endfacet
  facet normal -0.997772 -0.066722 0
    outer loop
      vertex 100.25 34.5 4.7
      vertex 100.274 34.1411 3.2
      vertex 100.274 34.1411 4.7
    endloop
  endfacet
  facet normal 0.55579 -0.831322 0
    outer loop
      vertex 104.375 32.1184 3.2
      vertex 104.674 32.3183 4.7
      vertex 104.375 32.1184 4.7
    endloop
  endfacet
  facet normal 0.55579 -0.831322 0
    outer loop
      vertex 104.674 32.3183 4.7
      vertex 104.375 32.1184 3.2
      vertex 104.674 32.3183 3.2
    endloop
  endfacet
  facet normal -0.55579 -0.831322 0
    outer loop
      vertex 101.326 32.3183 3.2
      vertex 101.625 32.1184 4.7
      vertex 101.326 32.3183 4.7
    endloop
  endfacet
  facet normal -0.55579 -0.831322 -0
    outer loop
      vertex 101.625 32.1184 4.7
      vertex 101.326 32.3183 3.2
      vertex 101.625 32.1184 3.2
    endloop
  endfacet
  facet normal 0.980961 0.194204 0
    outer loop
      vertex 136.957 35.1526 3.2
      vertex 136.83 35.7941 0
      vertex 136.83 35.7941 3.2
    endloop
  endfacet
  facet normal 0.980961 0.194204 0
    outer loop
      vertex 136.83 35.7941 0
      vertex 136.957 35.1526 3.2
      vertex 136.957 35.1526 0
    endloop
  endfacet
  facet normal 0.997836 0.0657477 0
    outer loop
      vertex 137 34.5 3.2
      vertex 136.957 35.1526 0
      vertex 136.957 35.1526 3.2
    endloop
  endfacet
  facet normal 0.997836 0.0657477 0
    outer loop
      vertex 136.957 35.1526 0
      vertex 137 34.5 3.2
      vertex 137 34.5 0
    endloop
  endfacet
  facet normal 0.321546 -0.946894 0
    outer loop
      vertex 133.294 29.6704 0
      vertex 133.913 29.8806 3.2
      vertex 133.294 29.6704 3.2
    endloop
  endfacet
  facet normal 0.321546 -0.946894 0
    outer loop
      vertex 133.913 29.8806 3.2
      vertex 133.294 29.6704 0
      vertex 133.913 29.8806 0
    endloop
  endfacet
  facet normal 0.831721 0.555194 0
    outer loop
      vertex 136.33 37 3.2
      vertex 135.967 37.5438 0
      vertex 135.967 37.5438 3.2
    endloop
  endfacet
  facet normal 0.831721 0.555194 0
    outer loop
      vertex 135.967 37.5438 0
      vertex 136.33 37 3.2
      vertex 136.33 37 0
    endloop
  endfacet
  facet normal -0.897042 0.441945 0
    outer loop
      vertex 127.381 36.4134 0
      vertex 127.67 37 3.2
      vertex 127.67 37 0
    endloop
  endfacet
  facet normal -0.897042 0.441945 0
    outer loop
      vertex 127.67 37 3.2
      vertex 127.381 36.4134 0
      vertex 127.381 36.4134 3.2
    endloop
  endfacet
  facet normal -0.55537 0.831603 0
    outer loop
      vertex 129.5 38.8301 0
      vertex 128.956 38.4668 3.2
      vertex 129.5 38.8301 3.2
    endloop
  endfacet
  facet normal -0.55537 0.831603 0
    outer loop
      vertex 128.956 38.4668 3.2
      vertex 129.5 38.8301 0
      vertex 128.956 38.4668 0
    endloop
  endfacet
  facet normal -0.659197 0.75197 0
    outer loop
      vertex 128.956 38.4668 0
      vertex 128.464 38.0355 3.2
      vertex 128.956 38.4668 3.2
    endloop
  endfacet
  facet normal -0.659197 0.75197 0
    outer loop
      vertex 128.464 38.0355 3.2
      vertex 128.956 38.4668 0
      vertex 128.464 38.0355 0
    endloop
  endfacet
  facet normal -0.751998 0.659165 0
    outer loop
      vertex 128.033 37.5438 0
      vertex 128.464 38.0355 3.2
      vertex 128.464 38.0355 0
    endloop
  endfacet
  facet normal -0.751998 0.659165 0
    outer loop
      vertex 128.464 38.0355 3.2
      vertex 128.033 37.5438 0
      vertex 128.033 37.5438 3.2
    endloop
  endfacet
  facet normal 0.946569 -0.322503 0
    outer loop
      vertex 136.619 32.5866 3.2
      vertex 136.83 33.2059 0
      vertex 136.83 33.2059 3.2
    endloop
  endfacet
  facet normal 0.946569 -0.322503 0
    outer loop
      vertex 136.83 33.2059 0
      vertex 136.619 32.5866 3.2
      vertex 136.619 32.5866 0
    endloop
  endfacet
  facet normal -0.997836 0.0657477 0
    outer loop
      vertex 127 34.5 0
      vertex 127.043 35.1526 3.2
      vertex 127.043 35.1526 0
    endloop
  endfacet
  facet normal -0.997836 0.0657477 0
    outer loop
      vertex 127.043 35.1526 3.2
      vertex 127 34.5 0
      vertex 127 34.5 3.2
    endloop
  endfacet
  facet normal 0.55537 0.831603 -0
    outer loop
      vertex 135.044 38.4668 0
      vertex 134.5 38.8301 3.2
      vertex 135.044 38.4668 3.2
    endloop
  endfacet
  facet normal 0.55537 0.831603 0
    outer loop
      vertex 134.5 38.8301 3.2
      vertex 135.044 38.4668 0
      vertex 134.5 38.8301 0
    endloop
  endfacet
  facet normal -0.321546 -0.946894 0
    outer loop
      vertex 130.087 29.8806 0
      vertex 130.706 29.6704 3.2
      vertex 130.087 29.8806 3.2
    endloop
  endfacet
  facet normal -0.321546 -0.946894 -0
    outer loop
      vertex 130.706 29.6704 3.2
      vertex 130.087 29.8806 0
      vertex 130.706 29.6704 0
    endloop
  endfacet
  facet normal -0.751998 -0.659165 0
    outer loop
      vertex 128.464 30.9645 0
      vertex 128.033 31.4562 3.2
      vertex 128.033 31.4562 0
    endloop
  endfacet
  facet normal -0.751998 -0.659165 0
    outer loop
      vertex 128.033 31.4562 3.2
      vertex 128.464 30.9645 0
      vertex 128.464 30.9645 3.2
    endloop
  endfacet
  facet normal 0.195233 -0.980757 0
    outer loop
      vertex 132.653 29.5428 0
      vertex 133.294 29.6704 3.2
      vertex 132.653 29.5428 3.2
    endloop
  endfacet
  facet normal 0.195233 -0.980757 0
    outer loop
      vertex 133.294 29.6704 3.2
      vertex 132.653 29.5428 0
      vertex 133.294 29.6704 0
    endloop
  endfacet
  facet normal -0.321546 0.946894 0
    outer loop
      vertex 130.706 39.3296 0
      vertex 130.087 39.1194 3.2
      vertex 130.706 39.3296 3.2
    endloop
  endfacet
  facet normal -0.321546 0.946894 0
    outer loop
      vertex 130.087 39.1194 3.2
      vertex 130.706 39.3296 0
      vertex 130.087 39.1194 0
    endloop
  endfacet
  facet normal -0.831721 -0.555194 0
    outer loop
      vertex 128.033 31.4562 0
      vertex 127.67 32 3.2
      vertex 127.67 32 0
    endloop
  endfacet
  facet normal -0.831721 -0.555194 0
    outer loop
      vertex 127.67 32 3.2
      vertex 128.033 31.4562 0
      vertex 128.033 31.4562 3.2
    endloop
  endfacet
  facet normal 0.55537 -0.831603 0
    outer loop
      vertex 134.5 30.1699 0
      vertex 135.044 30.5332 3.2
      vertex 134.5 30.1699 3.2
    endloop
  endfacet
  facet normal 0.55537 -0.831603 0
    outer loop
      vertex 135.044 30.5332 3.2
      vertex 134.5 30.1699 0
      vertex 135.044 30.5332 0
    endloop
  endfacet
  facet normal -0.946569 0.322503 0
    outer loop
      vertex 127.17 35.7941 0
      vertex 127.381 36.4134 3.2
      vertex 127.381 36.4134 0
    endloop
  endfacet
  facet normal -0.946569 0.322503 0
    outer loop
      vertex 127.381 36.4134 3.2
      vertex 127.17 35.7941 0
      vertex 127.17 35.7941 3.2
    endloop
  endfacet
  facet normal 0.321546 0.946894 -0
    outer loop
      vertex 133.913 39.1194 0
      vertex 133.294 39.3296 3.2
      vertex 133.913 39.1194 3.2
    endloop
  endfacet
  facet normal 0.321546 0.946894 0
    outer loop
      vertex 133.294 39.3296 3.2
      vertex 133.913 39.1194 0
      vertex 133.294 39.3296 0
    endloop
  endfacet
  facet normal 0.0654033 0.997859 -0
    outer loop
      vertex 132.653 39.4572 0
      vertex 132 39.5 3.2
      vertex 132.653 39.4572 3.2
    endloop
  endfacet
  facet normal 0.0654033 0.997859 0
    outer loop
      vertex 132 39.5 3.2
      vertex 132.653 39.4572 0
      vertex 132 39.5 0
    endloop
  endfacet
  facet normal -0.442072 0.89698 0
    outer loop
      vertex 130.087 39.1194 0
      vertex 129.5 38.8301 3.2
      vertex 130.087 39.1194 3.2
    endloop
  endfacet
  facet normal -0.442072 0.89698 0
    outer loop
      vertex 129.5 38.8301 3.2
      vertex 130.087 39.1194 0
      vertex 129.5 38.8301 0
    endloop
  endfacet
  facet normal 0.831721 -0.555194 0
    outer loop
      vertex 135.967 31.4562 3.2
      vertex 136.33 32 0
      vertex 136.33 32 3.2
    endloop
  endfacet
  facet normal 0.831721 -0.555194 0
    outer loop
      vertex 136.33 32 0
      vertex 135.967 31.4562 3.2
      vertex 135.967 31.4562 0
    endloop
  endfacet
  facet normal -0.997836 -0.0657477 0
    outer loop
      vertex 127.043 33.8474 0
      vertex 127 34.5 3.2
      vertex 127 34.5 0
    endloop
  endfacet
  facet normal -0.997836 -0.0657477 0
    outer loop
      vertex 127 34.5 3.2
      vertex 127.043 33.8474 0
      vertex 127.043 33.8474 3.2
    endloop
  endfacet
  facet normal -0.946569 -0.322503 0
    outer loop
      vertex 127.381 32.5866 0
      vertex 127.17 33.2059 3.2
      vertex 127.17 33.2059 0
    endloop
  endfacet
  facet normal -0.946569 -0.322503 0
    outer loop
      vertex 127.17 33.2059 3.2
      vertex 127.381 32.5866 0
      vertex 127.381 32.5866 3.2
    endloop
  endfacet
  facet normal -0.659197 -0.75197 0
    outer loop
      vertex 128.464 30.9645 0
      vertex 128.956 30.5332 3.2
      vertex 128.464 30.9645 3.2
    endloop
  endfacet
  facet normal -0.659197 -0.75197 -0
    outer loop
      vertex 128.956 30.5332 3.2
      vertex 128.464 30.9645 0
      vertex 128.956 30.5332 0
    endloop
  endfacet
  facet normal 0.442072 0.89698 -0
    outer loop
      vertex 134.5 38.8301 0
      vertex 133.913 39.1194 3.2
      vertex 134.5 38.8301 3.2
    endloop
  endfacet
  facet normal 0.442072 0.89698 0
    outer loop
      vertex 133.913 39.1194 3.2
      vertex 134.5 38.8301 0
      vertex 133.913 39.1194 0
    endloop
  endfacet
  facet normal -0.195233 0.980757 0
    outer loop
      vertex 131.347 39.4572 0
      vertex 130.706 39.3296 3.2
      vertex 131.347 39.4572 3.2
    endloop
  endfacet
  facet normal -0.195233 0.980757 0
    outer loop
      vertex 130.706 39.3296 3.2
      vertex 131.347 39.4572 0
      vertex 130.706 39.3296 0
    endloop
  endfacet
  facet normal 0.751998 0.659165 0
    outer loop
      vertex 135.967 37.5438 3.2
      vertex 135.536 38.0355 0
      vertex 135.536 38.0355 3.2
    endloop
  endfacet
  facet normal 0.751998 0.659165 0
    outer loop
      vertex 135.536 38.0355 0
      vertex 135.967 37.5438 3.2
      vertex 135.967 37.5438 0
    endloop
  endfacet
  facet normal 0.195233 0.980757 -0
    outer loop
      vertex 133.294 39.3296 0
      vertex 132.653 39.4572 3.2
      vertex 133.294 39.3296 3.2
    endloop
  endfacet
  facet normal 0.195233 0.980757 0
    outer loop
      vertex 132.653 39.4572 3.2
      vertex 133.294 39.3296 0
      vertex 132.653 39.4572 0
    endloop
  endfacet
  facet normal 0.751998 -0.659165 0
    outer loop
      vertex 135.536 30.9645 3.2
      vertex 135.967 31.4562 0
      vertex 135.967 31.4562 3.2
    endloop
  endfacet
  facet normal 0.751998 -0.659165 0
    outer loop
      vertex 135.967 31.4562 0
      vertex 135.536 30.9645 3.2
      vertex 135.536 30.9645 0
    endloop
  endfacet
  facet normal -0.442072 -0.89698 0
    outer loop
      vertex 129.5 30.1699 0
      vertex 130.087 29.8806 3.2
      vertex 129.5 30.1699 3.2
    endloop
  endfacet
  facet normal -0.442072 -0.89698 -0
    outer loop
      vertex 130.087 29.8806 3.2
      vertex 129.5 30.1699 0
      vertex 130.087 29.8806 0
    endloop
  endfacet
  facet normal -0.0654033 0.997859 0
    outer loop
      vertex 132 39.5 0
      vertex 131.347 39.4572 3.2
      vertex 132 39.5 3.2
    endloop
  endfacet
  facet normal -0.0654033 0.997859 0
    outer loop
      vertex 131.347 39.4572 3.2
      vertex 132 39.5 0
      vertex 131.347 39.4572 0
    endloop
  endfacet
  facet normal -0.980961 0.194204 0
    outer loop
      vertex 127.043 35.1526 0
      vertex 127.17 35.7941 3.2
      vertex 127.17 35.7941 0
    endloop
  endfacet
  facet normal -0.980961 0.194204 0
    outer loop
      vertex 127.17 35.7941 3.2
      vertex 127.043 35.1526 0
      vertex 127.043 35.1526 3.2
    endloop
  endfacet
  facet normal 0.0654033 -0.997859 0
    outer loop
      vertex 132 29.5 0
      vertex 132.653 29.5428 3.2
      vertex 132 29.5 3.2
    endloop
  endfacet
  facet normal 0.0654033 -0.997859 0
    outer loop
      vertex 132.653 29.5428 3.2
      vertex 132 29.5 0
      vertex 132.653 29.5428 0
    endloop
  endfacet
  facet normal 0.442072 -0.89698 0
    outer loop
      vertex 133.913 29.8806 0
      vertex 134.5 30.1699 3.2
      vertex 133.913 29.8806 3.2
    endloop
  endfacet
  facet normal 0.442072 -0.89698 0
    outer loop
      vertex 134.5 30.1699 3.2
      vertex 133.913 29.8806 0
      vertex 134.5 30.1699 0
    endloop
  endfacet
  facet normal 0.659197 -0.75197 0
    outer loop
      vertex 135.044 30.5332 0
      vertex 135.536 30.9645 3.2
      vertex 135.044 30.5332 3.2
    endloop
  endfacet
  facet normal 0.659197 -0.75197 0
    outer loop
      vertex 135.536 30.9645 3.2
      vertex 135.044 30.5332 0
      vertex 135.536 30.9645 0
    endloop
  endfacet
  facet normal -0.897042 -0.441945 0
    outer loop
      vertex 127.67 32 0
      vertex 127.381 32.5866 3.2
      vertex 127.381 32.5866 0
    endloop
  endfacet
  facet normal -0.897042 -0.441945 0
    outer loop
      vertex 127.381 32.5866 3.2
      vertex 127.67 32 0
      vertex 127.67 32 3.2
    endloop
  endfacet
  facet normal 0.897042 -0.441945 0
    outer loop
      vertex 136.33 32 3.2
      vertex 136.619 32.5866 0
      vertex 136.619 32.5866 3.2
    endloop
  endfacet
  facet normal 0.897042 -0.441945 0
    outer loop
      vertex 136.619 32.5866 0
      vertex 136.33 32 3.2
      vertex 136.33 32 0
    endloop
  endfacet
  facet normal 0.659197 0.75197 -0
    outer loop
      vertex 135.536 38.0355 0
      vertex 135.044 38.4668 3.2
      vertex 135.536 38.0355 3.2
    endloop
  endfacet
  facet normal 0.659197 0.75197 0
    outer loop
      vertex 135.044 38.4668 3.2
      vertex 135.536 38.0355 0
      vertex 135.044 38.4668 0
    endloop
  endfacet
  facet normal 0.997836 -0.0657477 0
    outer loop
      vertex 136.957 33.8474 3.2
      vertex 137 34.5 0
      vertex 137 34.5 3.2
    endloop
  endfacet
  facet normal 0.997836 -0.0657477 0
    outer loop
      vertex 137 34.5 0
      vertex 136.957 33.8474 3.2
      vertex 136.957 33.8474 0
    endloop
  endfacet
  facet normal -0.55537 -0.831603 0
    outer loop
      vertex 128.956 30.5332 0
      vertex 129.5 30.1699 3.2
      vertex 128.956 30.5332 3.2
    endloop
  endfacet
  facet normal -0.55537 -0.831603 -0
    outer loop
      vertex 129.5 30.1699 3.2
      vertex 128.956 30.5332 0
      vertex 129.5 30.1699 0
    endloop
  endfacet
  facet normal 0.897042 0.441945 0
    outer loop
      vertex 136.619 36.4134 3.2
      vertex 136.33 37 0
      vertex 136.33 37 3.2
    endloop
  endfacet
  facet normal 0.897042 0.441945 0
    outer loop
      vertex 136.33 37 0
      vertex 136.619 36.4134 3.2
      vertex 136.619 36.4134 0
    endloop
  endfacet
  facet normal 0.980961 -0.194204 0
    outer loop
      vertex 136.83 33.2059 3.2
      vertex 136.957 33.8474 0
      vertex 136.957 33.8474 3.2
    endloop
  endfacet
  facet normal 0.980961 -0.194204 0
    outer loop
      vertex 136.957 33.8474 0
      vertex 136.83 33.2059 3.2
      vertex 136.83 33.2059 0
    endloop
  endfacet
  facet normal 0.946569 0.322503 0
    outer loop
      vertex 136.83 35.7941 3.2
      vertex 136.619 36.4134 0
      vertex 136.619 36.4134 3.2
    endloop
  endfacet
  facet normal 0.946569 0.322503 0
    outer loop
      vertex 136.619 36.4134 0
      vertex 136.83 35.7941 3.2
      vertex 136.83 35.7941 0
    endloop
  endfacet
  facet normal 0 0 -1
    outer loop
      vertex 136.957 33.8474 0
      vertex 136.957 35.1526 0
      vertex 137 34.5 0
    endloop
  endfacet
  facet normal 0 0 -1
    outer loop
      vertex 136.83 33.2059 0
      vertex 136.957 35.1526 0
      vertex 136.957 33.8474 0
    endloop
  endfacet
  facet normal 0 0 -1
    outer loop
      vertex 136.83 33.2059 0
      vertex 136.83 35.7941 0
      vertex 136.957 35.1526 0
    endloop
  endfacet
  facet normal 0 0 -1
    outer loop
      vertex 136.619 32.5866 0
      vertex 136.83 35.7941 0
      vertex 136.83 33.2059 0
    endloop
  endfacet
  facet normal 0 0 -1
    outer loop
      vertex 136.619 32.5866 0
      vertex 136.619 36.4134 0
      vertex 136.83 35.7941 0
    endloop
  endfacet
  facet normal 0 0 -1
    outer loop
      vertex 136.33 32 0
      vertex 136.619 36.4134 0
      vertex 136.619 32.5866 0
    endloop
  endfacet
  facet normal 0 0 -1
    outer loop
      vertex 136.33 32 0
      vertex 136.33 37 0
      vertex 136.619 36.4134 0
    endloop
  endfacet
  facet normal 0 0 -1
    outer loop
      vertex 135.967 31.4562 0
      vertex 136.33 37 0
      vertex 136.33 32 0
    endloop
  endfacet
  facet normal 0 0 -1
    outer loop
      vertex 135.967 31.4562 0
      vertex 135.967 37.5438 0
      vertex 136.33 37 0
    endloop
  endfacet
  facet normal 0 0 -1
    outer loop
      vertex 135.536 30.9645 0
      vertex 135.967 37.5438 0
      vertex 135.967 31.4562 0
    endloop
  endfacet
  facet normal 0 0 -1
    outer loop
      vertex 135.536 30.9645 0
      vertex 135.536 38.0355 0
      vertex 135.967 37.5438 0
    endloop
  endfacet
  facet normal 0 0 -1
    outer loop
      vertex 135.044 30.5332 0
      vertex 135.536 38.0355 0
      vertex 135.536 30.9645 0
    endloop
  endfacet
  facet normal 0 0 -1
    outer loop
      vertex 135.044 30.5332 0
      vertex 135.044 38.4668 0
      vertex 135.536 38.0355 0
    endloop
  endfacet
  facet normal 0 0 -1
    outer loop
      vertex 134.5 30.1699 0
      vertex 135.044 38.4668 0
      vertex 135.044 30.5332 0
    endloop
  endfacet
  facet normal 0 0 -1
    outer loop
      vertex 134.5 30.1699 0
      vertex 134.5 38.8301 0
      vertex 135.044 38.4668 0
    endloop
  endfacet
  facet normal 0 0 -1
    outer loop
      vertex 133.913 29.8806 0
      vertex 134.5 38.8301 0
      vertex 134.5 30.1699 0
    endloop
  endfacet
  facet normal 0 0 -1
    outer loop
      vertex 133.913 29.8806 0
      vertex 133.913 39.1194 0
      vertex 134.5 38.8301 0
    endloop
  endfacet
  facet normal 0 0 -1
    outer loop
      vertex 133.294 29.6704 0
      vertex 133.913 39.1194 0
      vertex 133.913 29.8806 0
    endloop
  endfacet
  facet normal 0 0 -1
    outer loop
      vertex 133.294 29.6704 0
      vertex 133.294 39.3296 0
      vertex 133.913 39.1194 0
    endloop
  endfacet
  facet normal 0 0 -1
    outer loop
      vertex 132.653 29.5428 0
      vertex 133.294 39.3296 0
      vertex 133.294 29.6704 0
    endloop
  endfacet
  facet normal 0 0 -1
    outer loop
      vertex 132.653 29.5428 0
      vertex 132.653 39.4572 0
      vertex 133.294 39.3296 0
    endloop
  endfacet
  facet normal 0 0 -1
    outer loop
      vertex 132 29.5 0
      vertex 132.653 39.4572 0
      vertex 132.653 29.5428 0
    endloop
  endfacet
  facet normal 0 0 -1
    outer loop
      vertex 132 29.5 0
      vertex 132 39.5 0
      vertex 132.653 39.4572 0
    endloop
  endfacet
  facet normal 0 0 -1
    outer loop
      vertex 131.347 29.5428 0
      vertex 132 39.5 0
      vertex 132 29.5 0
    endloop
  endfacet
  facet normal 0 0 -1
    outer loop
      vertex 131.347 29.5428 0
      vertex 131.347 39.4572 0
      vertex 132 39.5 0
    endloop
  endfacet
  facet normal 0 0 -1
    outer loop
      vertex 130.706 29.6704 0
      vertex 131.347 39.4572 0
      vertex 131.347 29.5428 0
    endloop
  endfacet
  facet normal 0 0 -1
    outer loop
      vertex 130.706 29.6704 0
      vertex 130.706 39.3296 0
      vertex 131.347 39.4572 0
    endloop
  endfacet
  facet normal 0 0 -1
    outer loop
      vertex 130.087 29.8806 0
      vertex 130.706 39.3296 0
      vertex 130.706 29.6704 0
    endloop
  endfacet
  facet normal 0 0 -1
    outer loop
      vertex 130.087 29.8806 0
      vertex 130.087 39.1194 0
      vertex 130.706 39.3296 0
    endloop
  endfacet
  facet normal 0 0 -1
    outer loop
      vertex 129.5 30.1699 0
      vertex 130.087 39.1194 0
      vertex 130.087 29.8806 0
    endloop
  endfacet
  facet normal 0 0 -1
    outer loop
      vertex 129.5 30.1699 0
      vertex 129.5 38.8301 0
      vertex 130.087 39.1194 0
    endloop
  endfacet
  facet normal 0 0 -1
    outer loop
      vertex 128.956 30.5332 0
      vertex 129.5 38.8301 0
      vertex 129.5 30.1699 0
    endloop
  endfacet
  facet normal 0 0 -1
    outer loop
      vertex 128.956 30.5332 0
      vertex 128.956 38.4668 0
      vertex 129.5 38.8301 0
    endloop
  endfacet
  facet normal 0 0 -1
    outer loop
      vertex 128.464 30.9645 0
      vertex 128.956 38.4668 0
      vertex 128.956 30.5332 0
    endloop
  endfacet
  facet normal 0 0 -1
    outer loop
      vertex 128.464 30.9645 0
      vertex 128.464 38.0355 0
      vertex 128.956 38.4668 0
    endloop
  endfacet
  facet normal 0 0 -1
    outer loop
      vertex 128.033 31.4562 0
      vertex 128.464 38.0355 0
      vertex 128.464 30.9645 0
    endloop
  endfacet
  facet normal 0 0 -1
    outer loop
      vertex 128.033 31.4562 0
      vertex 128.033 37.5438 0
      vertex 128.464 38.0355 0
    endloop
  endfacet
  facet normal 0 0 -1
    outer loop
      vertex 127.67 32 0
      vertex 128.033 37.5438 0
      vertex 128.033 31.4562 0
    endloop
  endfacet
  facet normal 0 0 -1
    outer loop
      vertex 127.67 32 0
      vertex 127.67 37 0
      vertex 128.033 37.5438 0
    endloop
  endfacet
  facet normal 0 0 -1
    outer loop
      vertex 127.381 32.5866 0
      vertex 127.67 37 0
      vertex 127.67 32 0
    endloop
  endfacet
  facet normal 0 0 -1
    outer loop
      vertex 127.381 32.5866 0
      vertex 127.381 36.4134 0
      vertex 127.67 37 0
    endloop
  endfacet
  facet normal 0 0 -1
    outer loop
      vertex 127.17 33.2059 0
      vertex 127.381 36.4134 0
      vertex 127.381 32.5866 0
    endloop
  endfacet
  facet normal 0 0 -1
    outer loop
      vertex 127.17 33.2059 0
      vertex 127.17 35.7941 0
      vertex 127.381 36.4134 0
    endloop
  endfacet
  facet normal 0 0 -1
    outer loop
      vertex 127.043 33.8474 0
      vertex 127.17 35.7941 0
      vertex 127.17 33.2059 0
    endloop
  endfacet
  facet normal 0 0 -1
    outer loop
      vertex 127.043 33.8474 0
      vertex 127.043 35.1526 0
      vertex 127.17 35.7941 0
    endloop
  endfacet
  facet normal 0 -0 -1
    outer loop
      vertex 127.043 35.1526 0
      vertex 127.043 33.8474 0
      vertex 127 34.5 0
    endloop
  endfacet
  facet normal -0.980961 -0.194204 0
    outer loop
      vertex 127.17 33.2059 0
      vertex 127.043 33.8474 3.2
      vertex 127.043 33.8474 0
    endloop
  endfacet
  facet normal -0.980961 -0.194204 0
    outer loop
      vertex 127.043 33.8474 3.2
      vertex 127.17 33.2059 0
      vertex 127.17 33.2059 3.2
    endloop
  endfacet
  facet normal 0 0 1
    outer loop
      vertex 134.75 34.5 3.2
      vertex 137 34.5 3.2
      vertex 136.957 35.1526 3.2
    endloop
  endfacet
  facet normal 0 0 1
    outer loop
      vertex 134.726 34.8589 3.2
      vertex 136.957 35.1526 3.2
      vertex 136.83 35.7941 3.2
    endloop
  endfacet
  facet normal 0 0 1
    outer loop
      vertex 137 34.5 3.2
      vertex 134.75 34.5 3.2
      vertex 136.957 33.8474 3.2
    endloop
  endfacet
  facet normal 0 0 1
    outer loop
      vertex 134.656 35.2118 3.2
      vertex 136.83 35.7941 3.2
      vertex 136.619 36.4134 3.2
    endloop
  endfacet
  facet normal -0 0 1
    outer loop
      vertex 134.726 34.1411 3.2
      vertex 136.957 33.8474 3.2
      vertex 134.75 34.5 3.2
    endloop
  endfacet
  facet normal 0 0 1
    outer loop
      vertex 134.541 35.5524 3.2
      vertex 136.619 36.4134 3.2
      vertex 136.33 37 3.2
    endloop
  endfacet
  facet normal 0 0 1
    outer loop
      vertex 136.957 33.8474 3.2
      vertex 134.726 34.1411 3.2
      vertex 136.83 33.2059 3.2
    endloop
  endfacet
  facet normal 0 0 1
    outer loop
      vertex 134.382 35.875 3.2
      vertex 136.33 37 3.2
      vertex 135.967 37.5438 3.2
    endloop
  endfacet
  facet normal -0 0 1
    outer loop
      vertex 134.656 33.7882 3.2
      vertex 136.83 33.2059 3.2
      vertex 134.726 34.1411 3.2
    endloop
  endfacet
  facet normal 0 0 1
    outer loop
      vertex 134.182 36.1741 3.2
      vertex 135.967 37.5438 3.2
      vertex 135.536 38.0355 3.2
    endloop
  endfacet
  facet normal 0 0 1
    outer loop
      vertex 136.83 33.2059 3.2
      vertex 134.656 33.7882 3.2
      vertex 136.619 32.5866 3.2
    endloop
  endfacet
  facet normal 0 0 1
    outer loop
      vertex 133.945 36.4445 3.2
      vertex 135.536 38.0355 3.2
      vertex 135.044 38.4668 3.2
    endloop
  endfacet
  facet normal -0 0 1
    outer loop
      vertex 134.541 33.4476 3.2
      vertex 136.619 32.5866 3.2
      vertex 134.656 33.7882 3.2
    endloop
  endfacet
  facet normal 0 0 1
    outer loop
      vertex 136.619 32.5866 3.2
      vertex 134.541 33.4476 3.2
      vertex 136.33 32 3.2
    endloop
  endfacet
  facet normal 0 0 1
    outer loop
      vertex 136.957 35.1526 3.2
      vertex 134.726 34.8589 3.2
      vertex 134.75 34.5 3.2
    endloop
  endfacet
  facet normal 0 0 1
    outer loop
      vertex 136.83 35.7941 3.2
      vertex 134.656 35.2118 3.2
      vertex 134.726 34.8589 3.2
    endloop
  endfacet
  facet normal 0 0 1
    outer loop
      vertex 136.619 36.4134 3.2
      vertex 134.541 35.5524 3.2
      vertex 134.656 35.2118 3.2
    endloop
  endfacet
  facet normal 0 0 1
    outer loop
      vertex 133.674 36.6817 3.2
      vertex 135.044 38.4668 3.2
      vertex 134.5 38.8301 3.2
    endloop
  endfacet
  facet normal 0 0 1
    outer loop
      vertex 136.33 37 3.2
      vertex 134.382 35.875 3.2
      vertex 134.541 35.5524 3.2
    endloop
  endfacet
  facet normal 0 0 1
    outer loop
      vertex 135.967 37.5438 3.2
      vertex 134.182 36.1741 3.2
      vertex 134.382 35.875 3.2
    endloop
  endfacet
  facet normal 0 0 1
    outer loop
      vertex 135.536 38.0355 3.2
      vertex 133.945 36.4445 3.2
      vertex 134.182 36.1741 3.2
    endloop
  endfacet
  facet normal 0 0 1
    outer loop
      vertex 133.375 36.8816 3.2
      vertex 134.5 38.8301 3.2
      vertex 133.913 39.1194 3.2
    endloop
  endfacet
  facet normal 0 0 1
    outer loop
      vertex 135.044 38.4668 3.2
      vertex 133.674 36.6817 3.2
      vertex 133.945 36.4445 3.2
    endloop
  endfacet
  facet normal 0 0 1
    outer loop
      vertex 134.5 38.8301 3.2
      vertex 133.375 36.8816 3.2
      vertex 133.674 36.6817 3.2
    endloop
  endfacet
  facet normal 0 0 1
    outer loop
      vertex 133.052 37.0407 3.2
      vertex 133.913 39.1194 3.2
      vertex 133.294 39.3296 3.2
    endloop
  endfacet
  facet normal 0 0 1
    outer loop
      vertex 133.913 39.1194 3.2
      vertex 133.052 37.0407 3.2
      vertex 133.375 36.8816 3.2
    endloop
  endfacet
  facet normal 0 0 1
    outer loop
      vertex 133.294 39.3296 3.2
      vertex 132.712 37.1563 3.2
      vertex 133.052 37.0407 3.2
    endloop
  endfacet
  facet normal 0 0 1
    outer loop
      vertex 132.653 39.4572 3.2
      vertex 132.712 37.1563 3.2
      vertex 133.294 39.3296 3.2
    endloop
  endfacet
  facet normal 0 0 1
    outer loop
      vertex 132.653 39.4572 3.2
      vertex 132.359 37.2265 3.2
      vertex 132.712 37.1563 3.2
    endloop
  endfacet
  facet normal 0 0 1
    outer loop
      vertex 132 39.5 3.2
      vertex 132.359 37.2265 3.2
      vertex 132.653 39.4572 3.2
    endloop
  endfacet
  facet normal 0 0 1
    outer loop
      vertex 132 39.5 3.2
      vertex 132 37.25 3.2
      vertex 132.359 37.2265 3.2
    endloop
  endfacet
  facet normal 0 0 1
    outer loop
      vertex 132 39.5 3.2
      vertex 131.641 37.2265 3.2
      vertex 132 37.25 3.2
    endloop
  endfacet
  facet normal -0 0 1
    outer loop
      vertex 131.347 39.4572 3.2
      vertex 131.641 37.2265 3.2
      vertex 132 39.5 3.2
    endloop
  endfacet
  facet normal 0 0 1
    outer loop
      vertex 131.347 39.4572 3.2
      vertex 131.288 37.1563 3.2
      vertex 131.641 37.2265 3.2
    endloop
  endfacet
  facet normal -0 0 1
    outer loop
      vertex 130.706 39.3296 3.2
      vertex 131.288 37.1563 3.2
      vertex 131.347 39.4572 3.2
    endloop
  endfacet
  facet normal 0 0 1
    outer loop
      vertex 131.288 37.1563 3.2
      vertex 130.706 39.3296 3.2
      vertex 130.948 37.0407 3.2
    endloop
  endfacet
  facet normal -0 0 1
    outer loop
      vertex 130.087 39.1194 3.2
      vertex 130.948 37.0407 3.2
      vertex 130.706 39.3296 3.2
    endloop
  endfacet
  facet normal 0 0 1
    outer loop
      vertex 130.948 37.0407 3.2
      vertex 130.087 39.1194 3.2
      vertex 130.625 36.8816 3.2
    endloop
  endfacet
  facet normal -0 0 1
    outer loop
      vertex 129.5 38.8301 3.2
      vertex 130.625 36.8816 3.2
      vertex 130.087 39.1194 3.2
    endloop
  endfacet
  facet normal 0 0 1
    outer loop
      vertex 130.625 36.8816 3.2
      vertex 129.5 38.8301 3.2
      vertex 130.326 36.6817 3.2
    endloop
  endfacet
  facet normal -0 0 1
    outer loop
      vertex 128.956 38.4668 3.2
      vertex 130.326 36.6817 3.2
      vertex 129.5 38.8301 3.2
    endloop
  endfacet
  facet normal 0 0 1
    outer loop
      vertex 130.326 36.6817 3.2
      vertex 128.956 38.4668 3.2
      vertex 130.055 36.4445 3.2
    endloop
  endfacet
  facet normal -0 0 1
    outer loop
      vertex 128.464 38.0355 3.2
      vertex 130.055 36.4445 3.2
      vertex 128.956 38.4668 3.2
    endloop
  endfacet
  facet normal 0 0 1
    outer loop
      vertex 130.055 36.4445 3.2
      vertex 128.464 38.0355 3.2
      vertex 129.818 36.1741 3.2
    endloop
  endfacet
  facet normal -0 0 1
    outer loop
      vertex 128.033 37.5438 3.2
      vertex 129.818 36.1741 3.2
      vertex 128.464 38.0355 3.2
    endloop
  endfacet
  facet normal 0 0 1
    outer loop
      vertex 129.818 36.1741 3.2
      vertex 128.033 37.5438 3.2
      vertex 129.618 35.875 3.2
    endloop
  endfacet
  facet normal -0 0 1
    outer loop
      vertex 127.67 37 3.2
      vertex 129.618 35.875 3.2
      vertex 128.033 37.5438 3.2
    endloop
  endfacet
  facet normal 0 0 1
    outer loop
      vertex 129.618 35.875 3.2
      vertex 127.67 37 3.2
      vertex 129.459 35.5524 3.2
    endloop
  endfacet
  facet normal -0 0 1
    outer loop
      vertex 134.382 33.125 3.2
      vertex 136.33 32 3.2
      vertex 134.541 33.4476 3.2
    endloop
  endfacet
  facet normal 0 0 1
    outer loop
      vertex 136.33 32 3.2
      vertex 134.382 33.125 3.2
      vertex 135.967 31.4562 3.2
    endloop
  endfacet
  facet normal -0 0 1
    outer loop
      vertex 134.182 32.8259 3.2
      vertex 135.967 31.4562 3.2
      vertex 134.382 33.125 3.2
    endloop
  endfacet
  facet normal 0 0 1
    outer loop
      vertex 135.967 31.4562 3.2
      vertex 134.182 32.8259 3.2
      vertex 135.536 30.9645 3.2
    endloop
  endfacet
  facet normal -0 0 1
    outer loop
      vertex 133.945 32.5555 3.2
      vertex 135.536 30.9645 3.2
      vertex 134.182 32.8259 3.2
    endloop
  endfacet
  facet normal 0 0 1
    outer loop
      vertex 135.536 30.9645 3.2
      vertex 133.945 32.5555 3.2
      vertex 135.044 30.5332 3.2
    endloop
  endfacet
  facet normal -0 0 1
    outer loop
      vertex 133.674 32.3183 3.2
      vertex 135.044 30.5332 3.2
      vertex 133.945 32.5555 3.2
    endloop
  endfacet
  facet normal 0 0 1
    outer loop
      vertex 135.044 30.5332 3.2
      vertex 133.674 32.3183 3.2
      vertex 134.5 30.1699 3.2
    endloop
  endfacet
  facet normal -0 0 1
    outer loop
      vertex 133.375 32.1184 3.2
      vertex 134.5 30.1699 3.2
      vertex 133.674 32.3183 3.2
    endloop
  endfacet
  facet normal 0 0 1
    outer loop
      vertex 134.5 30.1699 3.2
      vertex 133.375 32.1184 3.2
      vertex 133.913 29.8806 3.2
    endloop
  endfacet
  facet normal -0 0 1
    outer loop
      vertex 133.052 31.9593 3.2
      vertex 133.913 29.8806 3.2
      vertex 133.375 32.1184 3.2
    endloop
  endfacet
  facet normal 0 0 1
    outer loop
      vertex 133.913 29.8806 3.2
      vertex 133.052 31.9593 3.2
      vertex 133.294 29.6704 3.2
    endloop
  endfacet
  facet normal -0 0 1
    outer loop
      vertex 132.712 31.8437 3.2
      vertex 133.294 29.6704 3.2
      vertex 133.052 31.9593 3.2
    endloop
  endfacet
  facet normal 0 0 1
    outer loop
      vertex 132.712 31.8437 3.2
      vertex 132.653 29.5428 3.2
      vertex 133.294 29.6704 3.2
    endloop
  endfacet
  facet normal -0 0 1
    outer loop
      vertex 132.359 31.7735 3.2
      vertex 132.653 29.5428 3.2
      vertex 132.712 31.8437 3.2
    endloop
  endfacet
  facet normal -0 0 1
    outer loop
      vertex 132 31.75 3.2
      vertex 132.653 29.5428 3.2
      vertex 132.359 31.7735 3.2
    endloop
  endfacet
  facet normal 0 0 1
    outer loop
      vertex 132 31.75 3.2
      vertex 132 29.5 3.2
      vertex 132.653 29.5428 3.2
    endloop
  endfacet
  facet normal 0 0 1
    outer loop
      vertex 131.641 31.7735 3.2
      vertex 132 29.5 3.2
      vertex 132 31.75 3.2
    endloop
  endfacet
  facet normal 0 0 1
    outer loop
      vertex 131.641 31.7735 3.2
      vertex 131.347 29.5428 3.2
      vertex 132 29.5 3.2
    endloop
  endfacet
  facet normal 0 0 1
    outer loop
      vertex 131.288 31.8437 3.2
      vertex 131.347 29.5428 3.2
      vertex 131.641 31.7735 3.2
    endloop
  endfacet
  facet normal 0 0 1
    outer loop
      vertex 130.706 29.6704 3.2
      vertex 131.288 31.8437 3.2
      vertex 130.948 31.9593 3.2
    endloop
  endfacet
  facet normal 0 0 1
    outer loop
      vertex 131.288 31.8437 3.2
      vertex 130.706 29.6704 3.2
      vertex 131.347 29.5428 3.2
    endloop
  endfacet
  facet normal 0 0 1
    outer loop
      vertex 130.087 29.8806 3.2
      vertex 130.948 31.9593 3.2
      vertex 130.625 32.1184 3.2
    endloop
  endfacet
  facet normal 0 0 1
    outer loop
      vertex 129.5 30.1699 3.2
      vertex 130.625 32.1184 3.2
      vertex 130.326 32.3183 3.2
    endloop
  endfacet
  facet normal 0 0 1
    outer loop
      vertex 130.948 31.9593 3.2
      vertex 130.087 29.8806 3.2
      vertex 130.706 29.6704 3.2
    endloop
  endfacet
  facet normal 0 0 1
    outer loop
      vertex 128.956 30.5332 3.2
      vertex 130.326 32.3183 3.2
      vertex 130.055 32.5555 3.2
    endloop
  endfacet
  facet normal 0 0 1
    outer loop
      vertex 128.464 30.9645 3.2
      vertex 130.055 32.5555 3.2
      vertex 129.818 32.8259 3.2
    endloop
  endfacet
  facet normal 0 0 1
    outer loop
      vertex 128.033 31.4562 3.2
      vertex 129.818 32.8259 3.2
      vertex 129.618 33.125 3.2
    endloop
  endfacet
  facet normal 0 0 1
    outer loop
      vertex 130.625 32.1184 3.2
      vertex 129.5 30.1699 3.2
      vertex 130.087 29.8806 3.2
    endloop
  endfacet
  facet normal 0 0 1
    outer loop
      vertex 127.67 32 3.2
      vertex 129.618 33.125 3.2
      vertex 129.459 33.4476 3.2
    endloop
  endfacet
  facet normal 0 0 1
    outer loop
      vertex 127.381 32.5866 3.2
      vertex 129.459 33.4476 3.2
      vertex 129.344 33.7882 3.2
    endloop
  endfacet
  facet normal 0 0 1
    outer loop
      vertex 127.17 33.2059 3.2
      vertex 129.344 33.7882 3.2
      vertex 129.274 34.1411 3.2
    endloop
  endfacet
  facet normal 0 0 1
    outer loop
      vertex 127.043 33.8474 3.2
      vertex 129.274 34.1411 3.2
      vertex 129.25 34.5 3.2
    endloop
  endfacet
  facet normal -0 0 1
    outer loop
      vertex 127.381 36.4134 3.2
      vertex 129.459 35.5524 3.2
      vertex 127.67 37 3.2
    endloop
  endfacet
  facet normal 0 0 1
    outer loop
      vertex 130.326 32.3183 3.2
      vertex 128.956 30.5332 3.2
      vertex 129.5 30.1699 3.2
    endloop
  endfacet
  facet normal 0 0 1
    outer loop
      vertex 129.459 35.5524 3.2
      vertex 127.381 36.4134 3.2
      vertex 129.344 35.2118 3.2
    endloop
  endfacet
  facet normal 0 0 1
    outer loop
      vertex 130.055 32.5555 3.2
      vertex 128.464 30.9645 3.2
      vertex 128.956 30.5332 3.2
    endloop
  endfacet
  facet normal -0 0 1
    outer loop
      vertex 127.17 35.7941 3.2
      vertex 129.344 35.2118 3.2
      vertex 127.381 36.4134 3.2
    endloop
  endfacet
  facet normal 0 0 1
    outer loop
      vertex 129.818 32.8259 3.2
      vertex 128.033 31.4562 3.2
      vertex 128.464 30.9645 3.2
    endloop
  endfacet
  facet normal 0 0 1
    outer loop
      vertex 129.344 35.2118 3.2
      vertex 127.17 35.7941 3.2
      vertex 129.274 34.8589 3.2
    endloop
  endfacet
  facet normal 0 0 1
    outer loop
      vertex 129.618 33.125 3.2
      vertex 127.67 32 3.2
      vertex 128.033 31.4562 3.2
    endloop
  endfacet
  facet normal -0 0 1
    outer loop
      vertex 127.043 35.1526 3.2
      vertex 129.274 34.8589 3.2
      vertex 127.17 35.7941 3.2
    endloop
  endfacet
  facet normal 0 0 1
    outer loop
      vertex 129.459 33.4476 3.2
      vertex 127.381 32.5866 3.2
      vertex 127.67 32 3.2
    endloop
  endfacet
  facet normal 0 0 1
    outer loop
      vertex 129.274 34.8589 3.2
      vertex 127.043 35.1526 3.2
      vertex 129.25 34.5 3.2
    endloop
  endfacet
  facet normal 0 0 1
    outer loop
      vertex 129.344 33.7882 3.2
      vertex 127.17 33.2059 3.2
      vertex 127.381 32.5866 3.2
    endloop
  endfacet
  facet normal 0 0 1
    outer loop
      vertex 127 34.5 3.2
      vertex 129.25 34.5 3.2
      vertex 127.043 35.1526 3.2
    endloop
  endfacet
  facet normal 0 0 1
    outer loop
      vertex 129.274 34.1411 3.2
      vertex 127.043 33.8474 3.2
      vertex 127.17 33.2059 3.2
    endloop
  endfacet
  facet normal 0 0 1
    outer loop
      vertex 129.25 34.5 3.2
      vertex 127 34.5 3.2
      vertex 127.043 33.8474 3.2
    endloop
  endfacet
  facet normal -0.195233 -0.980757 0
    outer loop
      vertex 130.706 29.6704 0
      vertex 131.347 29.5428 3.2
      vertex 130.706 29.6704 3.2
    endloop
  endfacet
  facet normal -0.195233 -0.980757 -0
    outer loop
      vertex 131.347 29.5428 3.2
      vertex 130.706 29.6704 0
      vertex 131.347 29.5428 0
    endloop
  endfacet
  facet normal -0.831721 0.555194 0
    outer loop
      vertex 127.67 37 0
      vertex 128.033 37.5438 3.2
      vertex 128.033 37.5438 0
    endloop
  endfacet
  facet normal -0.831721 0.555194 0
    outer loop
      vertex 128.033 37.5438 3.2
      vertex 127.67 37 0
      vertex 127.67 37 3.2
    endloop
  endfacet
  facet normal -0.0654033 -0.997859 0
    outer loop
      vertex 131.347 29.5428 0
      vertex 132 29.5 3.2
      vertex 131.347 29.5428 3.2
    endloop
  endfacet
  facet normal -0.0654033 -0.997859 -0
    outer loop
      vertex 132 29.5 3.2
      vertex 131.347 29.5428 0
      vertex 132 29.5 0
    endloop
  endfacet
  facet normal 0.980889 -0.194566 0
    outer loop
      vertex 134.656 33.7882 4.7
      vertex 134.726 34.1411 3.2
      vertex 134.726 34.1411 4.7
    endloop
  endfacet
  facet normal 0.980889 -0.194566 0
    outer loop
      vertex 134.726 34.1411 3.2
      vertex 134.656 33.7882 4.7
      vertex 134.656 33.7882 3.2
    endloop
  endfacet
  facet normal 0.980889 0.194566 0
    outer loop
      vertex 134.726 34.8589 4.7
      vertex 134.656 35.2118 3.2
      vertex 134.656 35.2118 4.7
    endloop
  endfacet
  facet normal 0.980889 0.194566 0
    outer loop
      vertex 134.656 35.2118 3.2
      vertex 134.726 34.8589 4.7
      vertex 134.726 34.8589 3.2
    endloop
  endfacet
  facet normal 0.997772 0.066722 0
    outer loop
      vertex 134.75 34.5 4.7
      vertex 134.726 34.8589 3.2
      vertex 134.726 34.8589 4.7
    endloop
  endfacet
  facet normal 0.997772 0.066722 0
    outer loop
      vertex 134.726 34.8589 3.2
      vertex 134.75 34.5 4.7
      vertex 134.75 34.5 3.2
    endloop
  endfacet
  facet normal 0.947452 0.319897 0
    outer loop
      vertex 134.656 35.2118 4.7
      vertex 134.541 35.5524 3.2
      vertex 134.541 35.5524 4.7
    endloop
  endfacet
  facet normal 0.947452 0.319897 0
    outer loop
      vertex 134.541 35.5524 3.2
      vertex 134.656 35.2118 4.7
      vertex 134.656 35.2118 3.2
    endloop
  endfacet
  facet normal -0.997772 0.066722 0
    outer loop
      vertex 129.25 34.5 3.2
      vertex 129.274 34.8589 4.7
      vertex 129.274 34.8589 3.2
    endloop
  endfacet
  facet normal -0.997772 0.066722 0
    outer loop
      vertex 129.274 34.8589 4.7
      vertex 129.25 34.5 3.2
      vertex 129.25 34.5 4.7
    endloop
  endfacet
  facet normal 0.441873 -0.897078 0
    outer loop
      vertex 133.052 31.9593 3.2
      vertex 133.375 32.1184 4.7
      vertex 133.052 31.9593 4.7
    endloop
  endfacet
  facet normal 0.441873 -0.897078 0
    outer loop
      vertex 133.375 32.1184 4.7
      vertex 133.052 31.9593 3.2
      vertex 133.375 32.1184 3.2
    endloop
  endfacet
  facet normal 0.195047 0.980794 -0
    outer loop
      vertex 132.712 37.1563 3.2
      vertex 132.359 37.2265 4.7
      vertex 132.712 37.1563 4.7
    endloop
  endfacet
  facet normal 0.195047 0.980794 0
    outer loop
      vertex 132.359 37.2265 4.7
      vertex 132.712 37.1563 3.2
      vertex 132.359 37.2265 3.2
    endloop
  endfacet
  facet normal 0.195047 -0.980794 0
    outer loop
      vertex 132.359 31.7735 3.2
      vertex 132.712 31.8437 4.7
      vertex 132.359 31.7735 4.7
    endloop
  endfacet
  facet normal 0.195047 -0.980794 0
    outer loop
      vertex 132.712 31.8437 4.7
      vertex 132.359 31.7735 3.2
      vertex 132.712 31.8437 3.2
    endloop
  endfacet
  facet normal 0.0653198 -0.997864 0
    outer loop
      vertex 132 31.75 3.2
      vertex 132.359 31.7735 4.7
      vertex 132 31.75 4.7
    endloop
  endfacet
  facet normal 0.0653198 -0.997864 0
    outer loop
      vertex 132.359 31.7735 4.7
      vertex 132 31.75 3.2
      vertex 132.359 31.7735 3.2
    endloop
  endfacet
  facet normal -0.658623 0.752473 0
    outer loop
      vertex 130.326 36.6817 3.2
      vertex 130.055 36.4445 4.7
      vertex 130.326 36.6817 4.7
    endloop
  endfacet
  facet normal -0.658623 0.752473 0
    outer loop
      vertex 130.055 36.4445 4.7
      vertex 130.326 36.6817 3.2
      vertex 130.055 36.4445 3.2
    endloop
  endfacet
  facet normal -0.83128 0.555854 0
    outer loop
      vertex 129.618 35.875 3.2
      vertex 129.818 36.1741 4.7
      vertex 129.818 36.1741 3.2
    endloop
  endfacet
  facet normal -0.83128 0.555854 0
    outer loop
      vertex 129.818 36.1741 4.7
      vertex 129.618 35.875 3.2
      vertex 129.618 35.875 4.7
    endloop
  endfacet
  facet normal 0.321903 0.946773 -0
    outer loop
      vertex 133.052 37.0407 3.2
      vertex 132.712 37.1563 4.7
      vertex 133.052 37.0407 4.7
    endloop
  endfacet
  facet normal 0.321903 0.946773 0
    outer loop
      vertex 132.712 37.1563 4.7
      vertex 133.052 37.0407 3.2
      vertex 132.712 37.1563 3.2
    endloop
  endfacet
  facet normal 0.658623 -0.752473 0
    outer loop
      vertex 133.674 32.3183 3.2
      vertex 133.945 32.5555 4.7
      vertex 133.674 32.3183 4.7
    endloop
  endfacet
  facet normal 0.658623 -0.752473 0
    outer loop
      vertex 133.945 32.5555 4.7
      vertex 133.674 32.3183 3.2
      vertex 133.945 32.5555 3.2
    endloop
  endfacet
  facet normal -0.441873 0.897078 0
    outer loop
      vertex 130.948 37.0407 3.2
      vertex 130.625 36.8816 4.7
      vertex 130.948 37.0407 4.7
    endloop
  endfacet
  facet normal -0.441873 0.897078 0
    outer loop
      vertex 130.625 36.8816 4.7
      vertex 130.948 37.0407 3.2
      vertex 130.625 36.8816 3.2
    endloop
  endfacet
  facet normal -0.0653198 -0.997864 0
    outer loop
      vertex 131.641 31.7735 3.2
      vertex 132 31.75 4.7
      vertex 131.641 31.7735 4.7
    endloop
  endfacet
  facet normal -0.0653198 -0.997864 -0
    outer loop
      vertex 132 31.75 4.7
      vertex 131.641 31.7735 3.2
      vertex 132 31.75 3.2
    endloop
  endfacet
  facet normal 0.752025 -0.659134 0
    outer loop
      vertex 133.945 32.5555 4.7
      vertex 134.182 32.8259 3.2
      vertex 134.182 32.8259 4.7
    endloop
  endfacet
  facet normal 0.752025 -0.659134 0
    outer loop
      vertex 134.182 32.8259 3.2
      vertex 133.945 32.5555 4.7
      vertex 133.945 32.5555 3.2
    endloop
  endfacet
  facet normal -0.947452 -0.319897 0
    outer loop
      vertex 129.459 33.4476 3.2
      vertex 129.344 33.7882 4.7
      vertex 129.344 33.7882 3.2
    endloop
  endfacet
  facet normal -0.947452 -0.319897 0
    outer loop
      vertex 129.344 33.7882 4.7
      vertex 129.459 33.4476 3.2
      vertex 129.459 33.4476 4.7
    endloop
  endfacet
  facet normal 0.321903 -0.946773 0
    outer loop
      vertex 132.712 31.8437 3.2
      vertex 133.052 31.9593 4.7
      vertex 132.712 31.8437 4.7
    endloop
  endfacet
  facet normal 0.321903 -0.946773 0
    outer loop
      vertex 133.052 31.9593 4.7
      vertex 132.712 31.8437 3.2
      vertex 133.052 31.9593 3.2
    endloop
  endfacet
  facet normal -0.321903 0.946773 0
    outer loop
      vertex 131.288 37.1563 3.2
      vertex 130.948 37.0407 4.7
      vertex 131.288 37.1563 4.7
    endloop
  endfacet
  facet normal -0.321903 0.946773 0
    outer loop
      vertex 130.948 37.0407 4.7
      vertex 131.288 37.1563 3.2
      vertex 130.948 37.0407 3.2
    endloop
  endfacet
  facet normal -0.55579 0.831322 0
    outer loop
      vertex 130.625 36.8816 3.2
      vertex 130.326 36.6817 4.7
      vertex 130.625 36.8816 4.7
    endloop
  endfacet
  facet normal -0.55579 0.831322 0
    outer loop
      vertex 130.326 36.6817 4.7
      vertex 130.625 36.8816 3.2
      vertex 130.326 36.6817 3.2
    endloop
  endfacet
  facet normal -0.947452 0.319897 0
    outer loop
      vertex 129.344 35.2118 3.2
      vertex 129.459 35.5524 4.7
      vertex 129.459 35.5524 3.2
    endloop
  endfacet
  facet normal -0.947452 0.319897 0
    outer loop
      vertex 129.459 35.5524 4.7
      vertex 129.344 35.2118 3.2
      vertex 129.344 35.2118 4.7
    endloop
  endfacet
  facet normal 0.896971 0.44209 0
    outer loop
      vertex 134.541 35.5524 4.7
      vertex 134.382 35.875 3.2
      vertex 134.382 35.875 4.7
    endloop
  endfacet
  facet normal 0.896971 0.44209 0
    outer loop
      vertex 134.382 35.875 3.2
      vertex 134.541 35.5524 4.7
      vertex 134.541 35.5524 3.2
    endloop
  endfacet
  facet normal -0.195047 0.980794 0
    outer loop
      vertex 131.641 37.2265 3.2
      vertex 131.288 37.1563 4.7
      vertex 131.641 37.2265 4.7
    endloop
  endfacet
  facet normal -0.195047 0.980794 0
    outer loop
      vertex 131.288 37.1563 4.7
      vertex 131.641 37.2265 3.2
      vertex 131.288 37.1563 3.2
    endloop
  endfacet
  facet normal 0.658623 0.752473 -0
    outer loop
      vertex 133.945 36.4445 3.2
      vertex 133.674 36.6817 4.7
      vertex 133.945 36.4445 4.7
    endloop
  endfacet
  facet normal 0.658623 0.752473 0
    outer loop
      vertex 133.674 36.6817 4.7
      vertex 133.945 36.4445 3.2
      vertex 133.674 36.6817 3.2
    endloop
  endfacet
  facet normal 0.997772 -0.066722 0
    outer loop
      vertex 134.726 34.1411 4.7
      vertex 134.75 34.5 3.2
      vertex 134.75 34.5 4.7
    endloop
  endfacet
  facet normal 0.997772 -0.066722 0
    outer loop
      vertex 134.75 34.5 3.2
      vertex 134.726 34.1411 4.7
      vertex 134.726 34.1411 3.2
    endloop
  endfacet
  facet normal 0.441873 0.897078 -0
    outer loop
      vertex 133.375 36.8816 3.2
      vertex 133.052 37.0407 4.7
      vertex 133.375 36.8816 4.7
    endloop
  endfacet
  facet normal 0.441873 0.897078 0
    outer loop
      vertex 133.052 37.0407 4.7
      vertex 133.375 36.8816 3.2
      vertex 133.052 37.0407 3.2
    endloop
  endfacet
  facet normal -0.321903 -0.946773 0
    outer loop
      vertex 130.948 31.9593 3.2
      vertex 131.288 31.8437 4.7
      vertex 130.948 31.9593 4.7
    endloop
  endfacet
  facet normal -0.321903 -0.946773 -0
    outer loop
      vertex 131.288 31.8437 4.7
      vertex 130.948 31.9593 3.2
      vertex 131.288 31.8437 3.2
    endloop
  endfacet
  facet normal -0.980889 0.194566 0
    outer loop
      vertex 129.274 34.8589 3.2
      vertex 129.344 35.2118 4.7
      vertex 129.344 35.2118 3.2
    endloop
  endfacet
  facet normal -0.980889 0.194566 0
    outer loop
      vertex 129.344 35.2118 4.7
      vertex 129.274 34.8589 3.2
      vertex 129.274 34.8589 4.7
    endloop
  endfacet
  facet normal -0.0653198 0.997864 0
    outer loop
      vertex 132 37.25 3.2
      vertex 131.641 37.2265 4.7
      vertex 132 37.25 4.7
    endloop
  endfacet
  facet normal -0.0653198 0.997864 0
    outer loop
      vertex 131.641 37.2265 4.7
      vertex 132 37.25 3.2
      vertex 131.641 37.2265 3.2
    endloop
  endfacet
  facet normal -0.195047 -0.980794 0
    outer loop
      vertex 131.288 31.8437 3.2
      vertex 131.641 31.7735 4.7
      vertex 131.288 31.8437 4.7
    endloop
  endfacet
  facet normal -0.195047 -0.980794 -0
    outer loop
      vertex 131.641 31.7735 4.7
      vertex 131.288 31.8437 3.2
      vertex 131.641 31.7735 3.2
    endloop
  endfacet
  facet normal 0.947452 -0.319897 0
    outer loop
      vertex 134.541 33.4476 4.7
      vertex 134.656 33.7882 3.2
      vertex 134.656 33.7882 4.7
    endloop
  endfacet
  facet normal 0.947452 -0.319897 0
    outer loop
      vertex 134.656 33.7882 3.2
      vertex 134.541 33.4476 4.7
      vertex 134.541 33.4476 3.2
    endloop
  endfacet
  facet normal 0.83128 0.555854 0
    outer loop
      vertex 134.382 35.875 4.7
      vertex 134.182 36.1741 3.2
      vertex 134.182 36.1741 4.7
    endloop
  endfacet
  facet normal 0.83128 0.555854 0
    outer loop
      vertex 134.182 36.1741 3.2
      vertex 134.382 35.875 4.7
      vertex 134.382 35.875 3.2
    endloop
  endfacet
  facet normal 0.752025 0.659134 0
    outer loop
      vertex 134.182 36.1741 4.7
      vertex 133.945 36.4445 3.2
      vertex 133.945 36.4445 4.7
    endloop
  endfacet
  facet normal 0.752025 0.659134 0
    outer loop
      vertex 133.945 36.4445 3.2
      vertex 134.182 36.1741 4.7
      vertex 134.182 36.1741 3.2
    endloop
  endfacet
  facet normal -0.896971 -0.44209 0
    outer loop
      vertex 129.618 33.125 3.2
      vertex 129.459 33.4476 4.7
      vertex 129.459 33.4476 3.2
    endloop
  endfacet
  facet normal -0.896971 -0.44209 0
    outer loop
      vertex 129.459 33.4476 4.7
      vertex 129.618 33.125 3.2
      vertex 129.618 33.125 4.7
    endloop
  endfacet
  facet normal 0.896971 -0.44209 0
    outer loop
      vertex 134.382 33.125 4.7
      vertex 134.541 33.4476 3.2
      vertex 134.541 33.4476 4.7
    endloop
  endfacet
  facet normal 0.896971 -0.44209 0
    outer loop
      vertex 134.541 33.4476 3.2
      vertex 134.382 33.125 4.7
      vertex 134.382 33.125 3.2
    endloop
  endfacet
  facet normal -0.752025 -0.659134 0
    outer loop
      vertex 130.055 32.5555 3.2
      vertex 129.818 32.8259 4.7
      vertex 129.818 32.8259 3.2
    endloop
  endfacet
  facet normal -0.752025 -0.659134 0
    outer loop
      vertex 129.818 32.8259 4.7
      vertex 130.055 32.5555 3.2
      vertex 130.055 32.5555 4.7
    endloop
  endfacet
  facet normal 0.83128 -0.555854 0
    outer loop
      vertex 134.182 32.8259 4.7
      vertex 134.382 33.125 3.2
      vertex 134.382 33.125 4.7
    endloop
  endfacet
  facet normal 0.83128 -0.555854 0
    outer loop
      vertex 134.382 33.125 3.2
      vertex 134.182 32.8259 4.7
      vertex 134.182 32.8259 3.2
    endloop
  endfacet
  facet normal -0.752025 0.659134 0
    outer loop
      vertex 129.818 36.1741 3.2
      vertex 130.055 36.4445 4.7
      vertex 130.055 36.4445 3.2
    endloop
  endfacet
  facet normal -0.752025 0.659134 0
    outer loop
      vertex 130.055 36.4445 4.7
      vertex 129.818 36.1741 3.2
      vertex 129.818 36.1741 4.7
    endloop
  endfacet
  facet normal 0.0653198 0.997864 -0
    outer loop
      vertex 132.359 37.2265 3.2
      vertex 132 37.25 4.7
      vertex 132.359 37.2265 4.7
    endloop
  endfacet
  facet normal 0.0653198 0.997864 0
    outer loop
      vertex 132 37.25 4.7
      vertex 132.359 37.2265 3.2
      vertex 132 37.25 3.2
    endloop
  endfacet
  facet normal 0.55579 0.831322 -0
    outer loop
      vertex 133.674 36.6817 3.2
      vertex 133.375 36.8816 4.7
      vertex 133.674 36.6817 4.7
    endloop
  endfacet
  facet normal 0.55579 0.831322 0
    outer loop
      vertex 133.375 36.8816 4.7
      vertex 133.674 36.6817 3.2
      vertex 133.375 36.8816 3.2
    endloop
  endfacet
  facet normal 0 0 1
    outer loop
      vertex 134.726 34.8589 4.7
      vertex 134.726 34.1411 4.7
      vertex 134.75 34.5 4.7
    endloop
  endfacet
  facet normal 0 0 1
    outer loop
      vertex 134.656 35.2118 4.7
      vertex 134.726 34.1411 4.7
      vertex 134.726 34.8589 4.7
    endloop
  endfacet
  facet normal 0 0 1
    outer loop
      vertex 134.656 35.2118 4.7
      vertex 134.656 33.7882 4.7
      vertex 134.726 34.1411 4.7
    endloop
  endfacet
  facet normal 0 0 1
    outer loop
      vertex 134.541 35.5524 4.7
      vertex 134.656 33.7882 4.7
      vertex 134.656 35.2118 4.7
    endloop
  endfacet
  facet normal 0 0 1
    outer loop
      vertex 134.541 35.5524 4.7
      vertex 134.541 33.4476 4.7
      vertex 134.656 33.7882 4.7
    endloop
  endfacet
  facet normal 0 0 1
    outer loop
      vertex 134.382 35.875 4.7
      vertex 134.541 33.4476 4.7
      vertex 134.541 35.5524 4.7
    endloop
  endfacet
  facet normal 0 0 1
    outer loop
      vertex 134.382 35.875 4.7
      vertex 134.382 33.125 4.7
      vertex 134.541 33.4476 4.7
    endloop
  endfacet
  facet normal 0 0 1
    outer loop
      vertex 134.182 36.1741 4.7
      vertex 134.382 33.125 4.7
      vertex 134.382 35.875 4.7
    endloop
  endfacet
  facet normal 0 0 1
    outer loop
      vertex 134.182 36.1741 4.7
      vertex 134.182 32.8259 4.7
      vertex 134.382 33.125 4.7
    endloop
  endfacet
  facet normal 0 0 1
    outer loop
      vertex 133.945 36.4445 4.7
      vertex 134.182 32.8259 4.7
      vertex 134.182 36.1741 4.7
    endloop
  endfacet
  facet normal 0 0 1
    outer loop
      vertex 133.945 36.4445 4.7
      vertex 133.945 32.5555 4.7
      vertex 134.182 32.8259 4.7
    endloop
  endfacet
  facet normal 0 0 1
    outer loop
      vertex 133.674 36.6817 4.7
      vertex 133.945 32.5555 4.7
      vertex 133.945 36.4445 4.7
    endloop
  endfacet
  facet normal 0 0 1
    outer loop
      vertex 133.674 36.6817 4.7
      vertex 133.674 32.3183 4.7
      vertex 133.945 32.5555 4.7
    endloop
  endfacet
  facet normal 0 0 1
    outer loop
      vertex 133.375 36.8816 4.7
      vertex 133.674 32.3183 4.7
      vertex 133.674 36.6817 4.7
    endloop
  endfacet
  facet normal 0 0 1
    outer loop
      vertex 133.375 36.8816 4.7
      vertex 133.375 32.1184 4.7
      vertex 133.674 32.3183 4.7
    endloop
  endfacet
  facet normal 0 0 1
    outer loop
      vertex 133.052 37.0407 4.7
      vertex 133.375 32.1184 4.7
      vertex 133.375 36.8816 4.7
    endloop
  endfacet
  facet normal 0 0 1
    outer loop
      vertex 133.052 37.0407 4.7
      vertex 133.052 31.9593 4.7
      vertex 133.375 32.1184 4.7
    endloop
  endfacet
  facet normal 0 0 1
    outer loop
      vertex 132.712 37.1563 4.7
      vertex 133.052 31.9593 4.7
      vertex 133.052 37.0407 4.7
    endloop
  endfacet
  facet normal 0 0 1
    outer loop
      vertex 132.712 37.1563 4.7
      vertex 132.712 31.8437 4.7
      vertex 133.052 31.9593 4.7
    endloop
  endfacet
  facet normal 0 0 1
    outer loop
      vertex 132.359 37.2265 4.7
      vertex 132.712 31.8437 4.7
      vertex 132.712 37.1563 4.7
    endloop
  endfacet
  facet normal 0 0 1
    outer loop
      vertex 132.359 37.2265 4.7
      vertex 132.359 31.7735 4.7
      vertex 132.712 31.8437 4.7
    endloop
  endfacet
  facet normal 0 0 1
    outer loop
      vertex 132 37.25 4.7
      vertex 132.359 31.7735 4.7
      vertex 132.359 37.2265 4.7
    endloop
  endfacet
  facet normal 0 0 1
    outer loop
      vertex 132 37.25 4.7
      vertex 132 31.75 4.7
      vertex 132.359 31.7735 4.7
    endloop
  endfacet
  facet normal -0 0 1
    outer loop
      vertex 131.641 37.2265 4.7
      vertex 132 31.75 4.7
      vertex 132 37.25 4.7
    endloop
  endfacet
  facet normal 0 0 1
    outer loop
      vertex 131.641 37.2265 4.7
      vertex 131.641 31.7735 4.7
      vertex 132 31.75 4.7
    endloop
  endfacet
  facet normal -0 0 1
    outer loop
      vertex 131.288 37.1563 4.7
      vertex 131.641 31.7735 4.7
      vertex 131.641 37.2265 4.7
    endloop
  endfacet
  facet normal 0 0 1
    outer loop
      vertex 131.288 37.1563 4.7
      vertex 131.288 31.8437 4.7
      vertex 131.641 31.7735 4.7
    endloop
  endfacet
  facet normal -0 0 1
    outer loop
      vertex 130.948 37.0407 4.7
      vertex 131.288 31.8437 4.7
      vertex 131.288 37.1563 4.7
    endloop
  endfacet
  facet normal 0 0 1
    outer loop
      vertex 130.948 37.0407 4.7
      vertex 130.948 31.9593 4.7
      vertex 131.288 31.8437 4.7
    endloop
  endfacet
  facet normal -0 0 1
    outer loop
      vertex 130.625 36.8816 4.7
      vertex 130.948 31.9593 4.7
      vertex 130.948 37.0407 4.7
    endloop
  endfacet
  facet normal 0 0 1
    outer loop
      vertex 130.625 36.8816 4.7
      vertex 130.625 32.1184 4.7
      vertex 130.948 31.9593 4.7
    endloop
  endfacet
  facet normal -0 0 1
    outer loop
      vertex 130.326 36.6817 4.7
      vertex 130.625 32.1184 4.7
      vertex 130.625 36.8816 4.7
    endloop
  endfacet
  facet normal 0 0 1
    outer loop
      vertex 130.326 36.6817 4.7
      vertex 130.326 32.3183 4.7
      vertex 130.625 32.1184 4.7
    endloop
  endfacet
  facet normal -0 0 1
    outer loop
      vertex 130.055 36.4445 4.7
      vertex 130.326 32.3183 4.7
      vertex 130.326 36.6817 4.7
    endloop
  endfacet
  facet normal 0 0 1
    outer loop
      vertex 130.055 36.4445 4.7
      vertex 130.055 32.5555 4.7
      vertex 130.326 32.3183 4.7
    endloop
  endfacet
  facet normal -0 0 1
    outer loop
      vertex 129.818 36.1741 4.7
      vertex 130.055 32.5555 4.7
      vertex 130.055 36.4445 4.7
    endloop
  endfacet
  facet normal 0 0 1
    outer loop
      vertex 129.818 36.1741 4.7
      vertex 129.818 32.8259 4.7
      vertex 130.055 32.5555 4.7
    endloop
  endfacet
  facet normal -0 0 1
    outer loop
      vertex 129.618 35.875 4.7
      vertex 129.818 32.8259 4.7
      vertex 129.818 36.1741 4.7
    endloop
  endfacet
  facet normal 0 0 1
    outer loop
      vertex 129.618 35.875 4.7
      vertex 129.618 33.125 4.7
      vertex 129.818 32.8259 4.7
    endloop
  endfacet
  facet normal -0 0 1
    outer loop
      vertex 129.459 35.5524 4.7
      vertex 129.618 33.125 4.7
      vertex 129.618 35.875 4.7
    endloop
  endfacet
  facet normal 0 0 1
    outer loop
      vertex 129.459 35.5524 4.7
      vertex 129.459 33.4476 4.7
      vertex 129.618 33.125 4.7
    endloop
  endfacet
  facet normal -0 0 1
    outer loop
      vertex 129.344 35.2118 4.7
      vertex 129.459 33.4476 4.7
      vertex 129.459 35.5524 4.7
    endloop
  endfacet
  facet normal 0 0 1
    outer loop
      vertex 129.344 35.2118 4.7
      vertex 129.344 33.7882 4.7
      vertex 129.459 33.4476 4.7
    endloop
  endfacet
  facet normal -0 0 1
    outer loop
      vertex 129.274 34.8589 4.7
      vertex 129.344 33.7882 4.7
      vertex 129.344 35.2118 4.7
    endloop
  endfacet
  facet normal 0 0 1
    outer loop
      vertex 129.274 34.8589 4.7
      vertex 129.274 34.1411 4.7
      vertex 129.344 33.7882 4.7
    endloop
  endfacet
  facet normal 0 -0 1
    outer loop
      vertex 129.274 34.1411 4.7
      vertex 129.274 34.8589 4.7
      vertex 129.25 34.5 4.7
    endloop
  endfacet
  facet normal -0.441873 -0.897078 0
    outer loop
      vertex 130.625 32.1184 3.2
      vertex 130.948 31.9593 4.7
      vertex 130.625 32.1184 4.7
    endloop
  endfacet
  facet normal -0.441873 -0.897078 -0
    outer loop
      vertex 130.948 31.9593 4.7
      vertex 130.625 32.1184 3.2
      vertex 130.948 31.9593 3.2
    endloop
  endfacet
  facet normal -0.83128 -0.555854 0
    outer loop
      vertex 129.818 32.8259 3.2
      vertex 129.618 33.125 4.7
      vertex 129.618 33.125 3.2
    endloop
  endfacet
  facet normal -0.83128 -0.555854 0
    outer loop
      vertex 129.618 33.125 4.7
      vertex 129.818 32.8259 3.2
      vertex 129.818 32.8259 4.7
    endloop
  endfacet
  facet normal -0.980889 -0.194566 0
    outer loop
      vertex 129.344 33.7882 3.2
      vertex 129.274 34.1411 4.7
      vertex 129.274 34.1411 3.2
    endloop
  endfacet
  facet normal -0.980889 -0.194566 0
    outer loop
      vertex 129.274 34.1411 4.7
      vertex 129.344 33.7882 3.2
      vertex 129.344 33.7882 4.7
    endloop
  endfacet
  facet normal -0.658623 -0.752473 0
    outer loop
      vertex 130.055 32.5555 3.2
      vertex 130.326 32.3183 4.7
      vertex 130.055 32.5555 4.7
    endloop
  endfacet
  facet normal -0.658623 -0.752473 -0
    outer loop
      vertex 130.326 32.3183 4.7
      vertex 130.055 32.5555 3.2
      vertex 130.326 32.3183 3.2
    endloop
  endfacet
  facet normal -0.896971 0.44209 0
    outer loop
      vertex 129.459 35.5524 3.2
      vertex 129.618 35.875 4.7
      vertex 129.618 35.875 3.2
    endloop
  endfacet
  facet normal -0.896971 0.44209 0
    outer loop
      vertex 129.618 35.875 4.7
      vertex 129.459 35.5524 3.2
      vertex 129.459 35.5524 4.7
    endloop
  endfacet
  facet normal -0.997772 -0.066722 0
    outer loop
      vertex 129.274 34.1411 3.2
      vertex 129.25 34.5 4.7
      vertex 129.25 34.5 3.2
    endloop
  endfacet
  facet normal -0.997772 -0.066722 0
    outer loop
      vertex 129.25 34.5 4.7
      vertex 129.274 34.1411 3.2
      vertex 129.274 34.1411 4.7
    endloop
  endfacet
  facet normal 0.55579 -0.831322 0
    outer loop
      vertex 133.375 32.1184 3.2
      vertex 133.674 32.3183 4.7
      vertex 133.375 32.1184 4.7
    endloop
  endfacet
  facet normal 0.55579 -0.831322 0
    outer loop
      vertex 133.674 32.3183 4.7
      vertex 133.375 32.1184 3.2
      vertex 133.674 32.3183 3.2
    endloop
  endfacet
  facet normal -0.55579 -0.831322 0
    outer loop
      vertex 130.326 32.3183 3.2
      vertex 130.625 32.1184 4.7
      vertex 130.326 32.3183 4.7
    endloop
  endfacet
  facet normal -0.55579 -0.831322 -0
    outer loop
      vertex 130.625 32.1184 4.7
      vertex 130.326 32.3183 3.2
      vertex 130.625 32.1184 3.2
    endloop
  endfacet
  facet normal 0.980961 0.194204 0
    outer loop
      vertex -127.043 -33.8474 3.2
      vertex -127.17 -33.2059 0
      vertex -127.17 -33.2059 3.2
    endloop
  endfacet
  facet normal 0.980961 0.194204 0
    outer loop
      vertex -127.17 -33.2059 0
      vertex -127.043 -33.8474 3.2
      vertex -127.043 -33.8474 0
    endloop
  endfacet
  facet normal 0.997836 0.0657477 0
    outer loop
      vertex -127 -34.5 3.2
      vertex -127.043 -33.8474 0
      vertex -127.043 -33.8474 3.2
    endloop
  endfacet
  facet normal 0.997836 0.0657477 0
    outer loop
      vertex -127.043 -33.8474 0
      vertex -127 -34.5 3.2
      vertex -127 -34.5 0
    endloop
  endfacet
  facet normal 0.321546 -0.946894 0
    outer loop
      vertex -130.706 -39.3296 0
      vertex -130.087 -39.1194 3.2
      vertex -130.706 -39.3296 3.2
    endloop
  endfacet
  facet normal 0.321546 -0.946894 0
    outer loop
      vertex -130.087 -39.1194 3.2
      vertex -130.706 -39.3296 0
      vertex -130.087 -39.1194 0
    endloop
  endfacet
  facet normal 0.831721 0.555194 0
    outer loop
      vertex -127.67 -32 3.2
      vertex -128.033 -31.4562 0
      vertex -128.033 -31.4562 3.2
    endloop
  endfacet
  facet normal 0.831721 0.555194 0
    outer loop
      vertex -128.033 -31.4562 0
      vertex -127.67 -32 3.2
      vertex -127.67 -32 0
    endloop
  endfacet
  facet normal -0.897042 0.441945 0
    outer loop
      vertex -136.619 -32.5866 0
      vertex -136.33 -32 3.2
      vertex -136.33 -32 0
    endloop
  endfacet
  facet normal -0.897042 0.441945 0
    outer loop
      vertex -136.33 -32 3.2
      vertex -136.619 -32.5866 0
      vertex -136.619 -32.5866 3.2
    endloop
  endfacet
  facet normal -0.55537 0.831603 0
    outer loop
      vertex -134.5 -30.1699 0
      vertex -135.044 -30.5332 3.2
      vertex -134.5 -30.1699 3.2
    endloop
  endfacet
  facet normal -0.55537 0.831603 0
    outer loop
      vertex -135.044 -30.5332 3.2
      vertex -134.5 -30.1699 0
      vertex -135.044 -30.5332 0
    endloop
  endfacet
  facet normal -0.659197 0.75197 0
    outer loop
      vertex -135.044 -30.5332 0
      vertex -135.536 -30.9645 3.2
      vertex -135.044 -30.5332 3.2
    endloop
  endfacet
  facet normal -0.659197 0.75197 0
    outer loop
      vertex -135.536 -30.9645 3.2
      vertex -135.044 -30.5332 0
      vertex -135.536 -30.9645 0
    endloop
  endfacet
  facet normal -0.751998 0.659165 0
    outer loop
      vertex -135.967 -31.4562 0
      vertex -135.536 -30.9645 3.2
      vertex -135.536 -30.9645 0
    endloop
  endfacet
  facet normal -0.751998 0.659165 0
    outer loop
      vertex -135.536 -30.9645 3.2
      vertex -135.967 -31.4562 0
      vertex -135.967 -31.4562 3.2
    endloop
  endfacet
  facet normal 0.946569 -0.322503 0
    outer loop
      vertex -127.381 -36.4134 3.2
      vertex -127.17 -35.7941 0
      vertex -127.17 -35.7941 3.2
    endloop
  endfacet
  facet normal 0.946569 -0.322503 0
    outer loop
      vertex -127.17 -35.7941 0
      vertex -127.381 -36.4134 3.2
      vertex -127.381 -36.4134 0
    endloop
  endfacet
  facet normal -0.997836 0.0657477 0
    outer loop
      vertex -137 -34.5 0
      vertex -136.957 -33.8474 3.2
      vertex -136.957 -33.8474 0
    endloop
  endfacet
  facet normal -0.997836 0.0657477 0
    outer loop
      vertex -136.957 -33.8474 3.2
      vertex -137 -34.5 0
      vertex -137 -34.5 3.2
    endloop
  endfacet
  facet normal 0.55537 0.831603 -0
    outer loop
      vertex -128.956 -30.5332 0
      vertex -129.5 -30.1699 3.2
      vertex -128.956 -30.5332 3.2
    endloop
  endfacet
  facet normal 0.55537 0.831603 0
    outer loop
      vertex -129.5 -30.1699 3.2
      vertex -128.956 -30.5332 0
      vertex -129.5 -30.1699 0
    endloop
  endfacet
  facet normal -0.321546 -0.946894 0
    outer loop
      vertex -133.913 -39.1194 0
      vertex -133.294 -39.3296 3.2
      vertex -133.913 -39.1194 3.2
    endloop
  endfacet
  facet normal -0.321546 -0.946894 -0
    outer loop
      vertex -133.294 -39.3296 3.2
      vertex -133.913 -39.1194 0
      vertex -133.294 -39.3296 0
    endloop
  endfacet
  facet normal 0.195233 -0.980757 0
    outer loop
      vertex -131.347 -39.4572 0
      vertex -130.706 -39.3296 3.2
      vertex -131.347 -39.4572 3.2
    endloop
  endfacet
  facet normal 0.195233 -0.980757 0
    outer loop
      vertex -130.706 -39.3296 3.2
      vertex -131.347 -39.4572 0
      vertex -130.706 -39.3296 0
    endloop
  endfacet
  facet normal -0.321546 0.946894 0
    outer loop
      vertex -133.294 -29.6704 0
      vertex -133.913 -29.8806 3.2
      vertex -133.294 -29.6704 3.2
    endloop
  endfacet
  facet normal -0.321546 0.946894 0
    outer loop
      vertex -133.913 -29.8806 3.2
      vertex -133.294 -29.6704 0
      vertex -133.913 -29.8806 0
    endloop
  endfacet
  facet normal -0.831721 -0.555194 0
    outer loop
      vertex -135.967 -37.5438 0
      vertex -136.33 -37 3.2
      vertex -136.33 -37 0
    endloop
  endfacet
  facet normal -0.831721 -0.555194 0
    outer loop
      vertex -136.33 -37 3.2
      vertex -135.967 -37.5438 0
      vertex -135.967 -37.5438 3.2
    endloop
  endfacet
  facet normal 0.55537 -0.831603 0
    outer loop
      vertex -129.5 -38.8301 0
      vertex -128.956 -38.4668 3.2
      vertex -129.5 -38.8301 3.2
    endloop
  endfacet
  facet normal 0.55537 -0.831603 0
    outer loop
      vertex -128.956 -38.4668 3.2
      vertex -129.5 -38.8301 0
      vertex -128.956 -38.4668 0
    endloop
  endfacet
  facet normal -0.946569 0.322503 0
    outer loop
      vertex -136.83 -33.2059 0
      vertex -136.619 -32.5866 3.2
      vertex -136.619 -32.5866 0
    endloop
  endfacet
  facet normal -0.946569 0.322503 0
    outer loop
      vertex -136.619 -32.5866 3.2
      vertex -136.83 -33.2059 0
      vertex -136.83 -33.2059 3.2
    endloop
  endfacet
  facet normal 0.321546 0.946894 -0
    outer loop
      vertex -130.087 -29.8806 0
      vertex -130.706 -29.6704 3.2
      vertex -130.087 -29.8806 3.2
    endloop
  endfacet
  facet normal 0.321546 0.946894 0
    outer loop
      vertex -130.706 -29.6704 3.2
      vertex -130.087 -29.8806 0
      vertex -130.706 -29.6704 0
    endloop
  endfacet
  facet normal 0.0654033 0.997859 -0
    outer loop
      vertex -131.347 -29.5428 0
      vertex -132 -29.5 3.2
      vertex -131.347 -29.5428 3.2
    endloop
  endfacet
  facet normal 0.0654033 0.997859 0
    outer loop
      vertex -132 -29.5 3.2
      vertex -131.347 -29.5428 0
      vertex -132 -29.5 0
    endloop
  endfacet
  facet normal -0.442072 0.89698 0
    outer loop
      vertex -133.913 -29.8806 0
      vertex -134.5 -30.1699 3.2
      vertex -133.913 -29.8806 3.2
    endloop
  endfacet
  facet normal -0.442072 0.89698 0
    outer loop
      vertex -134.5 -30.1699 3.2
      vertex -133.913 -29.8806 0
      vertex -134.5 -30.1699 0
    endloop
  endfacet
  facet normal 0.831721 -0.555194 0
    outer loop
      vertex -128.033 -37.5438 3.2
      vertex -127.67 -37 0
      vertex -127.67 -37 3.2
    endloop
  endfacet
  facet normal 0.831721 -0.555194 0
    outer loop
      vertex -127.67 -37 0
      vertex -128.033 -37.5438 3.2
      vertex -128.033 -37.5438 0
    endloop
  endfacet
  facet normal -0.997836 -0.0657477 0
    outer loop
      vertex -136.957 -35.1526 0
      vertex -137 -34.5 3.2
      vertex -137 -34.5 0
    endloop
  endfacet
  facet normal -0.997836 -0.0657477 0
    outer loop
      vertex -137 -34.5 3.2
      vertex -136.957 -35.1526 0
      vertex -136.957 -35.1526 3.2
    endloop
  endfacet
  facet normal -0.946569 -0.322503 0
    outer loop
      vertex -136.619 -36.4134 0
      vertex -136.83 -35.7941 3.2
      vertex -136.83 -35.7941 0
    endloop
  endfacet
  facet normal -0.946569 -0.322503 0
    outer loop
      vertex -136.83 -35.7941 3.2
      vertex -136.619 -36.4134 0
      vertex -136.619 -36.4134 3.2
    endloop
  endfacet
  facet normal -0.659197 -0.75197 0
    outer loop
      vertex -135.536 -38.0355 0
      vertex -135.044 -38.4668 3.2
      vertex -135.536 -38.0355 3.2
    endloop
  endfacet
  facet normal -0.659197 -0.75197 -0
    outer loop
      vertex -135.044 -38.4668 3.2
      vertex -135.536 -38.0355 0
      vertex -135.044 -38.4668 0
    endloop
  endfacet
  facet normal 0.442072 0.89698 -0
    outer loop
      vertex -129.5 -30.1699 0
      vertex -130.087 -29.8806 3.2
      vertex -129.5 -30.1699 3.2
    endloop
  endfacet
  facet normal 0.442072 0.89698 0
    outer loop
      vertex -130.087 -29.8806 3.2
      vertex -129.5 -30.1699 0
      vertex -130.087 -29.8806 0
    endloop
  endfacet
  facet normal -0.195233 0.980757 0
    outer loop
      vertex -132.653 -29.5428 0
      vertex -133.294 -29.6704 3.2
      vertex -132.653 -29.5428 3.2
    endloop
  endfacet
  facet normal -0.195233 0.980757 0
    outer loop
      vertex -133.294 -29.6704 3.2
      vertex -132.653 -29.5428 0
      vertex -133.294 -29.6704 0
    endloop
  endfacet
  facet normal 0.751998 0.659165 0
    outer loop
      vertex -128.033 -31.4562 3.2
      vertex -128.464 -30.9645 0
      vertex -128.464 -30.9645 3.2
    endloop
  endfacet
  facet normal 0.751998 0.659165 0
    outer loop
      vertex -128.464 -30.9645 0
      vertex -128.033 -31.4562 3.2
      vertex -128.033 -31.4562 0
    endloop
  endfacet
  facet normal 0.195233 0.980757 -0
    outer loop
      vertex -130.706 -29.6704 0
      vertex -131.347 -29.5428 3.2
      vertex -130.706 -29.6704 3.2
    endloop
  endfacet
  facet normal 0.195233 0.980757 0
    outer loop
      vertex -131.347 -29.5428 3.2
      vertex -130.706 -29.6704 0
      vertex -131.347 -29.5428 0
    endloop
  endfacet
  facet normal 0.751998 -0.659165 0
    outer loop
      vertex -128.464 -38.0355 3.2
      vertex -128.033 -37.5438 0
      vertex -128.033 -37.5438 3.2
    endloop
  endfacet
  facet normal 0.751998 -0.659165 0
    outer loop
      vertex -128.033 -37.5438 0
      vertex -128.464 -38.0355 3.2
      vertex -128.464 -38.0355 0
    endloop
  endfacet
  facet normal -0.442072 -0.89698 0
    outer loop
      vertex -134.5 -38.8301 0
      vertex -133.913 -39.1194 3.2
      vertex -134.5 -38.8301 3.2
    endloop
  endfacet
  facet normal -0.442072 -0.89698 -0
    outer loop
      vertex -133.913 -39.1194 3.2
      vertex -134.5 -38.8301 0
      vertex -133.913 -39.1194 0
    endloop
  endfacet
  facet normal -0.0654033 0.997859 0
    outer loop
      vertex -132 -29.5 0
      vertex -132.653 -29.5428 3.2
      vertex -132 -29.5 3.2
    endloop
  endfacet
  facet normal -0.0654033 0.997859 0
    outer loop
      vertex -132.653 -29.5428 3.2
      vertex -132 -29.5 0
      vertex -132.653 -29.5428 0
    endloop
  endfacet
  facet normal -0.980961 0.194204 0
    outer loop
      vertex -136.957 -33.8474 0
      vertex -136.83 -33.2059 3.2
      vertex -136.83 -33.2059 0
    endloop
  endfacet
  facet normal -0.980961 0.194204 0
    outer loop
      vertex -136.83 -33.2059 3.2
      vertex -136.957 -33.8474 0
      vertex -136.957 -33.8474 3.2
    endloop
  endfacet
  facet normal 0.0654033 -0.997859 0
    outer loop
      vertex -132 -39.5 0
      vertex -131.347 -39.4572 3.2
      vertex -132 -39.5 3.2
    endloop
  endfacet
  facet normal 0.0654033 -0.997859 0
    outer loop
      vertex -131.347 -39.4572 3.2
      vertex -132 -39.5 0
      vertex -131.347 -39.4572 0
    endloop
  endfacet
  facet normal 0.442072 -0.89698 0
    outer loop
      vertex -130.087 -39.1194 0
      vertex -129.5 -38.8301 3.2
      vertex -130.087 -39.1194 3.2
    endloop
  endfacet
  facet normal 0.442072 -0.89698 0
    outer loop
      vertex -129.5 -38.8301 3.2
      vertex -130.087 -39.1194 0
      vertex -129.5 -38.8301 0
    endloop
  endfacet
  facet normal 0 0 -1
    outer loop
      vertex -127.043 -35.1526 0
      vertex -127.043 -33.8474 0
      vertex -127 -34.5 0
    endloop
  endfacet
  facet normal 0 0 -1
    outer loop
      vertex -127.17 -35.7941 0
      vertex -127.043 -33.8474 0
      vertex -127.043 -35.1526 0
    endloop
  endfacet
  facet normal 0 0 -1
    outer loop
      vertex -127.17 -35.7941 0
      vertex -127.17 -33.2059 0
      vertex -127.043 -33.8474 0
    endloop
  endfacet
  facet normal 0 0 -1
    outer loop
      vertex -127.381 -36.4134 0
      vertex -127.17 -33.2059 0
      vertex -127.17 -35.7941 0
    endloop
  endfacet
  facet normal 0 0 -1
    outer loop
      vertex -127.381 -36.4134 0
      vertex -127.381 -32.5866 0
      vertex -127.17 -33.2059 0
    endloop
  endfacet
  facet normal 0 0 -1
    outer loop
      vertex -127.67 -37 0
      vertex -127.381 -32.5866 0
      vertex -127.381 -36.4134 0
    endloop
  endfacet
  facet normal 0 0 -1
    outer loop
      vertex -127.67 -37 0
      vertex -127.67 -32 0
      vertex -127.381 -32.5866 0
    endloop
  endfacet
  facet normal 0 0 -1
    outer loop
      vertex -128.033 -37.5438 0
      vertex -127.67 -32 0
      vertex -127.67 -37 0
    endloop
  endfacet
  facet normal 0 0 -1
    outer loop
      vertex -128.033 -37.5438 0
      vertex -128.033 -31.4562 0
      vertex -127.67 -32 0
    endloop
  endfacet
  facet normal 0 0 -1
    outer loop
      vertex -128.464 -38.0355 0
      vertex -128.033 -31.4562 0
      vertex -128.033 -37.5438 0
    endloop
  endfacet
  facet normal 0 0 -1
    outer loop
      vertex -128.464 -38.0355 0
      vertex -128.464 -30.9645 0
      vertex -128.033 -31.4562 0
    endloop
  endfacet
  facet normal 0 0 -1
    outer loop
      vertex -128.956 -38.4668 0
      vertex -128.464 -30.9645 0
      vertex -128.464 -38.0355 0
    endloop
  endfacet
  facet normal 0 0 -1
    outer loop
      vertex -128.956 -38.4668 0
      vertex -128.956 -30.5332 0
      vertex -128.464 -30.9645 0
    endloop
  endfacet
  facet normal 0 0 -1
    outer loop
      vertex -129.5 -38.8301 0
      vertex -128.956 -30.5332 0
      vertex -128.956 -38.4668 0
    endloop
  endfacet
  facet normal 0 0 -1
    outer loop
      vertex -129.5 -38.8301 0
      vertex -129.5 -30.1699 0
      vertex -128.956 -30.5332 0
    endloop
  endfacet
  facet normal 0 0 -1
    outer loop
      vertex -130.087 -39.1194 0
      vertex -129.5 -30.1699 0
      vertex -129.5 -38.8301 0
    endloop
  endfacet
  facet normal 0 0 -1
    outer loop
      vertex -130.087 -39.1194 0
      vertex -130.087 -29.8806 0
      vertex -129.5 -30.1699 0
    endloop
  endfacet
  facet normal 0 0 -1
    outer loop
      vertex -130.706 -39.3296 0
      vertex -130.087 -29.8806 0
      vertex -130.087 -39.1194 0
    endloop
  endfacet
  facet normal 0 0 -1
    outer loop
      vertex -130.706 -39.3296 0
      vertex -130.706 -29.6704 0
      vertex -130.087 -29.8806 0
    endloop
  endfacet
  facet normal 0 0 -1
    outer loop
      vertex -131.347 -39.4572 0
      vertex -130.706 -29.6704 0
      vertex -130.706 -39.3296 0
    endloop
  endfacet
  facet normal 0 0 -1
    outer loop
      vertex -131.347 -39.4572 0
      vertex -131.347 -29.5428 0
      vertex -130.706 -29.6704 0
    endloop
  endfacet
  facet normal 0 0 -1
    outer loop
      vertex -132 -39.5 0
      vertex -131.347 -29.5428 0
      vertex -131.347 -39.4572 0
    endloop
  endfacet
  facet normal 0 0 -1
    outer loop
      vertex -132 -39.5 0
      vertex -132 -29.5 0
      vertex -131.347 -29.5428 0
    endloop
  endfacet
  facet normal 0 0 -1
    outer loop
      vertex -132.653 -39.4572 0
      vertex -132 -29.5 0
      vertex -132 -39.5 0
    endloop
  endfacet
  facet normal 0 0 -1
    outer loop
      vertex -132.653 -39.4572 0
      vertex -132.653 -29.5428 0
      vertex -132 -29.5 0
    endloop
  endfacet
  facet normal 0 0 -1
    outer loop
      vertex -133.294 -39.3296 0
      vertex -132.653 -29.5428 0
      vertex -132.653 -39.4572 0
    endloop
  endfacet
  facet normal 0 0 -1
    outer loop
      vertex -133.294 -39.3296 0
      vertex -133.294 -29.6704 0
      vertex -132.653 -29.5428 0
    endloop
  endfacet
  facet normal 0 0 -1
    outer loop
      vertex -133.913 -39.1194 0
      vertex -133.294 -29.6704 0
      vertex -133.294 -39.3296 0
    endloop
  endfacet
  facet normal 0 0 -1
    outer loop
      vertex -133.913 -39.1194 0
      vertex -133.913 -29.8806 0
      vertex -133.294 -29.6704 0
    endloop
  endfacet
  facet normal 0 0 -1
    outer loop
      vertex -134.5 -38.8301 0
      vertex -133.913 -29.8806 0
      vertex -133.913 -39.1194 0
    endloop
  endfacet
  facet normal 0 0 -1
    outer loop
      vertex -134.5 -38.8301 0
      vertex -134.5 -30.1699 0
      vertex -133.913 -29.8806 0
    endloop
  endfacet
  facet normal 0 0 -1
    outer loop
      vertex -135.044 -38.4668 0
      vertex -134.5 -30.1699 0
      vertex -134.5 -38.8301 0
    endloop
  endfacet
  facet normal 0 0 -1
    outer loop
      vertex -135.044 -38.4668 0
      vertex -135.044 -30.5332 0
      vertex -134.5 -30.1699 0
    endloop
  endfacet
  facet normal 0 0 -1
    outer loop
      vertex -135.536 -38.0355 0
      vertex -135.044 -30.5332 0
      vertex -135.044 -38.4668 0
    endloop
  endfacet
  facet normal 0 0 -1
    outer loop
      vertex -135.536 -38.0355 0
      vertex -135.536 -30.9645 0
      vertex -135.044 -30.5332 0
    endloop
  endfacet
  facet normal 0 0 -1
    outer loop
      vertex -135.967 -37.5438 0
      vertex -135.536 -30.9645 0
      vertex -135.536 -38.0355 0
    endloop
  endfacet
  facet normal 0 0 -1
    outer loop
      vertex -135.967 -37.5438 0
      vertex -135.967 -31.4562 0
      vertex -135.536 -30.9645 0
    endloop
  endfacet
  facet normal 0 0 -1
    outer loop
      vertex -136.33 -37 0
      vertex -135.967 -31.4562 0
      vertex -135.967 -37.5438 0
    endloop
  endfacet
  facet normal 0 0 -1
    outer loop
      vertex -136.33 -37 0
      vertex -136.33 -32 0
      vertex -135.967 -31.4562 0
    endloop
  endfacet
  facet normal 0 0 -1
    outer loop
      vertex -136.619 -36.4134 0
      vertex -136.33 -32 0
      vertex -136.33 -37 0
    endloop
  endfacet
  facet normal 0 0 -1
    outer loop
      vertex -136.619 -36.4134 0
      vertex -136.619 -32.5866 0
      vertex -136.33 -32 0
    endloop
  endfacet
  facet normal 0 0 -1
    outer loop
      vertex -136.83 -35.7941 0
      vertex -136.619 -32.5866 0
      vertex -136.619 -36.4134 0
    endloop
  endfacet
  facet normal 0 0 -1
    outer loop
      vertex -136.83 -35.7941 0
      vertex -136.83 -33.2059 0
      vertex -136.619 -32.5866 0
    endloop
  endfacet
  facet normal 0 0 -1
    outer loop
      vertex -136.957 -35.1526 0
      vertex -136.83 -33.2059 0
      vertex -136.83 -35.7941 0
    endloop
  endfacet
  facet normal 0 0 -1
    outer loop
      vertex -136.957 -35.1526 0
      vertex -136.957 -33.8474 0
      vertex -136.83 -33.2059 0
    endloop
  endfacet
  facet normal 0 -0 -1
    outer loop
      vertex -136.957 -33.8474 0
      vertex -136.957 -35.1526 0
      vertex -137 -34.5 0
    endloop
  endfacet
  facet normal 0.659197 -0.75197 0
    outer loop
      vertex -128.956 -38.4668 0
      vertex -128.464 -38.0355 3.2
      vertex -128.956 -38.4668 3.2
    endloop
  endfacet
  facet normal 0.659197 -0.75197 0
    outer loop
      vertex -128.464 -38.0355 3.2
      vertex -128.956 -38.4668 0
      vertex -128.464 -38.0355 0
    endloop
  endfacet
  facet normal -0.897042 -0.441945 0
    outer loop
      vertex -136.33 -37 0
      vertex -136.619 -36.4134 3.2
      vertex -136.619 -36.4134 0
    endloop
  endfacet
  facet normal -0.897042 -0.441945 0
    outer loop
      vertex -136.619 -36.4134 3.2
      vertex -136.33 -37 0
      vertex -136.33 -37 3.2
    endloop
  endfacet
  facet normal 0.897042 -0.441945 0
    outer loop
      vertex -127.67 -37 3.2
      vertex -127.381 -36.4134 0
      vertex -127.381 -36.4134 3.2
    endloop
  endfacet
  facet normal 0.897042 -0.441945 0
    outer loop
      vertex -127.381 -36.4134 0
      vertex -127.67 -37 3.2
      vertex -127.67 -37 0
    endloop
  endfacet
  facet normal 0.659197 0.75197 -0
    outer loop
      vertex -128.464 -30.9645 0
      vertex -128.956 -30.5332 3.2
      vertex -128.464 -30.9645 3.2
    endloop
  endfacet
  facet normal 0.659197 0.75197 0
    outer loop
      vertex -128.956 -30.5332 3.2
      vertex -128.464 -30.9645 0
      vertex -128.956 -30.5332 0
    endloop
  endfacet
  facet normal 0.997836 -0.0657477 0
    outer loop
      vertex -127.043 -35.1526 3.2
      vertex -127 -34.5 0
      vertex -127 -34.5 3.2
    endloop
  endfacet
  facet normal 0.997836 -0.0657477 0
    outer loop
      vertex -127 -34.5 0
      vertex -127.043 -35.1526 3.2
      vertex -127.043 -35.1526 0
    endloop
  endfacet
  facet normal -0.55537 -0.831603 0
    outer loop
      vertex -135.044 -38.4668 0
      vertex -134.5 -38.8301 3.2
      vertex -135.044 -38.4668 3.2
    endloop
  endfacet
  facet normal -0.55537 -0.831603 -0
    outer loop
      vertex -134.5 -38.8301 3.2
      vertex -135.044 -38.4668 0
      vertex -134.5 -38.8301 0
    endloop
  endfacet
  facet normal 0.897042 0.441945 0
    outer loop
      vertex -127.381 -32.5866 3.2
      vertex -127.67 -32 0
      vertex -127.67 -32 3.2
    endloop
  endfacet
  facet normal 0.897042 0.441945 0
    outer loop
      vertex -127.67 -32 0
      vertex -127.381 -32.5866 3.2
      vertex -127.381 -32.5866 0
    endloop
  endfacet
  facet normal 0.980961 -0.194204 0
    outer loop
      vertex -127.17 -35.7941 3.2
      vertex -127.043 -35.1526 0
      vertex -127.043 -35.1526 3.2
    endloop
  endfacet
  facet normal 0.980961 -0.194204 0
    outer loop
      vertex -127.043 -35.1526 0
      vertex -127.17 -35.7941 3.2
      vertex -127.17 -35.7941 0
    endloop
  endfacet
  facet normal 0.946569 0.322503 0
    outer loop
      vertex -127.17 -33.2059 3.2
      vertex -127.381 -32.5866 0
      vertex -127.381 -32.5866 3.2
    endloop
  endfacet
  facet normal 0.946569 0.322503 0
    outer loop
      vertex -127.381 -32.5866 0
      vertex -127.17 -33.2059 3.2
      vertex -127.17 -33.2059 0
    endloop
  endfacet
  facet normal -0.980961 -0.194204 0
    outer loop
      vertex -136.83 -35.7941 0
      vertex -136.957 -35.1526 3.2
      vertex -136.957 -35.1526 0
    endloop
  endfacet
  facet normal -0.980961 -0.194204 0
    outer loop
      vertex -136.957 -35.1526 3.2
      vertex -136.83 -35.7941 0
      vertex -136.83 -35.7941 3.2
    endloop
  endfacet
  facet normal -0.751998 -0.659165 0
    outer loop
      vertex -135.536 -38.0355 0
      vertex -135.967 -37.5438 3.2
      vertex -135.967 -37.5438 0
    endloop
  endfacet
  facet normal -0.751998 -0.659165 0
    outer loop
      vertex -135.967 -37.5438 3.2
      vertex -135.536 -38.0355 0
      vertex -135.536 -38.0355 3.2
    endloop
  endfacet
  facet normal 0 0 1
    outer loop
      vertex -129.25 -34.5 3.2
      vertex -127 -34.5 3.2
      vertex -127.043 -33.8474 3.2
    endloop
  endfacet
  facet normal 0 0 1
    outer loop
      vertex -129.274 -34.1411 3.2
      vertex -127.043 -33.8474 3.2
      vertex -127.17 -33.2059 3.2
    endloop
  endfacet
  facet normal 0 0 1
    outer loop
      vertex -127 -34.5 3.2
      vertex -129.25 -34.5 3.2
      vertex -127.043 -35.1526 3.2
    endloop
  endfacet
  facet normal 0 0 1
    outer loop
      vertex -129.344 -33.7882 3.2
      vertex -127.17 -33.2059 3.2
      vertex -127.381 -32.5866 3.2
    endloop
  endfacet
  facet normal -0 0 1
    outer loop
      vertex -129.274 -34.8589 3.2
      vertex -127.043 -35.1526 3.2
      vertex -129.25 -34.5 3.2
    endloop
  endfacet
  facet normal 0 0 1
    outer loop
      vertex -129.459 -33.4476 3.2
      vertex -127.381 -32.5866 3.2
      vertex -127.67 -32 3.2
    endloop
  endfacet
  facet normal 0 0 1
    outer loop
      vertex -127.043 -35.1526 3.2
      vertex -129.274 -34.8589 3.2
      vertex -127.17 -35.7941 3.2
    endloop
  endfacet
  facet normal 0 0 1
    outer loop
      vertex -129.618 -33.125 3.2
      vertex -127.67 -32 3.2
      vertex -128.033 -31.4562 3.2
    endloop
  endfacet
  facet normal -0 0 1
    outer loop
      vertex -129.344 -35.2118 3.2
      vertex -127.17 -35.7941 3.2
      vertex -129.274 -34.8589 3.2
    endloop
  endfacet
  facet normal 0 0 1
    outer loop
      vertex -129.818 -32.8259 3.2
      vertex -128.033 -31.4562 3.2
      vertex -128.464 -30.9645 3.2
    endloop
  endfacet
  facet normal 0 0 1
    outer loop
      vertex -127.17 -35.7941 3.2
      vertex -129.344 -35.2118 3.2
      vertex -127.381 -36.4134 3.2
    endloop
  endfacet
  facet normal 0 0 1
    outer loop
      vertex -130.055 -32.5555 3.2
      vertex -128.464 -30.9645 3.2
      vertex -128.956 -30.5332 3.2
    endloop
  endfacet
  facet normal -0 0 1
    outer loop
      vertex -129.459 -35.5524 3.2
      vertex -127.381 -36.4134 3.2
      vertex -129.344 -35.2118 3.2
    endloop
  endfacet
  facet normal 0 0 1
    outer loop
      vertex -127.381 -36.4134 3.2
      vertex -129.459 -35.5524 3.2
      vertex -127.67 -37 3.2
    endloop
  endfacet
  facet normal 0 0 1
    outer loop
      vertex -127.043 -33.8474 3.2
      vertex -129.274 -34.1411 3.2
      vertex -129.25 -34.5 3.2
    endloop
  endfacet
  facet normal 0 0 1
    outer loop
      vertex -127.17 -33.2059 3.2
      vertex -129.344 -33.7882 3.2
      vertex -129.274 -34.1411 3.2
    endloop
  endfacet
  facet normal 0 0 1
    outer loop
      vertex -127.381 -32.5866 3.2
      vertex -129.459 -33.4476 3.2
      vertex -129.344 -33.7882 3.2
    endloop
  endfacet
  facet normal 0 0 1
    outer loop
      vertex -130.326 -32.3183 3.2
      vertex -128.956 -30.5332 3.2
      vertex -129.5 -30.1699 3.2
    endloop
  endfacet
  facet normal 0 0 1
    outer loop
      vertex -127.67 -32 3.2
      vertex -129.618 -33.125 3.2
      vertex -129.459 -33.4476 3.2
    endloop
  endfacet
  facet normal 0 0 1
    outer loop
      vertex -128.033 -31.4562 3.2
      vertex -129.818 -32.8259 3.2
      vertex -129.618 -33.125 3.2
    endloop
  endfacet
  facet normal 0 0 1
    outer loop
      vertex -128.464 -30.9645 3.2
      vertex -130.055 -32.5555 3.2
      vertex -129.818 -32.8259 3.2
    endloop
  endfacet
  facet normal 0 0 1
    outer loop
      vertex -130.625 -32.1184 3.2
      vertex -129.5 -30.1699 3.2
      vertex -130.087 -29.8806 3.2
    endloop
  endfacet
  facet normal 0 0 1
    outer loop
      vertex -128.956 -30.5332 3.2
      vertex -130.326 -32.3183 3.2
      vertex -130.055 -32.5555 3.2
    endloop
  endfacet
  facet normal 0 0 1
    outer loop
      vertex -129.5 -30.1699 3.2
      vertex -130.625 -32.1184 3.2
      vertex -130.326 -32.3183 3.2
    endloop
  endfacet
  facet normal 0 0 1
    outer loop
      vertex -130.948 -31.9593 3.2
      vertex -130.087 -29.8806 3.2
      vertex -130.706 -29.6704 3.2
    endloop
  endfacet
  facet normal 0 0 1
    outer loop
      vertex -130.087 -29.8806 3.2
      vertex -130.948 -31.9593 3.2
      vertex -130.625 -32.1184 3.2
    endloop
  endfacet
  facet normal 0 0 1
    outer loop
      vertex -130.706 -29.6704 3.2
      vertex -131.288 -31.8437 3.2
      vertex -130.948 -31.9593 3.2
    endloop
  endfacet
  facet normal 0 0 1
    outer loop
      vertex -131.347 -29.5428 3.2
      vertex -131.288 -31.8437 3.2
      vertex -130.706 -29.6704 3.2
    endloop
  endfacet
  facet normal 0 0 1
    outer loop
      vertex -131.347 -29.5428 3.2
      vertex -131.641 -31.7735 3.2
      vertex -131.288 -31.8437 3.2
    endloop
  endfacet
  facet normal 0 0 1
    outer loop
      vertex -132 -29.5 3.2
      vertex -131.641 -31.7735 3.2
      vertex -131.347 -29.5428 3.2
    endloop
  endfacet
  facet normal 0 0 1
    outer loop
      vertex -132 -29.5 3.2
      vertex -132 -31.75 3.2
      vertex -131.641 -31.7735 3.2
    endloop
  endfacet
  facet normal 0 0 1
    outer loop
      vertex -132 -29.5 3.2
      vertex -132.359 -31.7735 3.2
      vertex -132 -31.75 3.2
    endloop
  endfacet
  facet normal -0 0 1
    outer loop
      vertex -132.653 -29.5428 3.2
      vertex -132.359 -31.7735 3.2
      vertex -132 -29.5 3.2
    endloop
  endfacet
  facet normal 0 0 1
    outer loop
      vertex -132.653 -29.5428 3.2
      vertex -132.712 -31.8437 3.2
      vertex -132.359 -31.7735 3.2
    endloop
  endfacet
  facet normal -0 0 1
    outer loop
      vertex -133.294 -29.6704 3.2
      vertex -132.712 -31.8437 3.2
      vertex -132.653 -29.5428 3.2
    endloop
  endfacet
  facet normal 0 0 1
    outer loop
      vertex -132.712 -31.8437 3.2
      vertex -133.294 -29.6704 3.2
      vertex -133.052 -31.9593 3.2
    endloop
  endfacet
  facet normal -0 0 1
    outer loop
      vertex -133.913 -29.8806 3.2
      vertex -133.052 -31.9593 3.2
      vertex -133.294 -29.6704 3.2
    endloop
  endfacet
  facet normal 0 0 1
    outer loop
      vertex -133.052 -31.9593 3.2
      vertex -133.913 -29.8806 3.2
      vertex -133.375 -32.1184 3.2
    endloop
  endfacet
  facet normal -0 0 1
    outer loop
      vertex -134.5 -30.1699 3.2
      vertex -133.375 -32.1184 3.2
      vertex -133.913 -29.8806 3.2
    endloop
  endfacet
  facet normal 0 0 1
    outer loop
      vertex -133.375 -32.1184 3.2
      vertex -134.5 -30.1699 3.2
      vertex -133.674 -32.3183 3.2
    endloop
  endfacet
  facet normal -0 0 1
    outer loop
      vertex -135.044 -30.5332 3.2
      vertex -133.674 -32.3183 3.2
      vertex -134.5 -30.1699 3.2
    endloop
  endfacet
  facet normal 0 0 1
    outer loop
      vertex -133.674 -32.3183 3.2
      vertex -135.044 -30.5332 3.2
      vertex -133.945 -32.5555 3.2
    endloop
  endfacet
  facet normal -0 0 1
    outer loop
      vertex -135.536 -30.9645 3.2
      vertex -133.945 -32.5555 3.2
      vertex -135.044 -30.5332 3.2
    endloop
  endfacet
  facet normal 0 0 1
    outer loop
      vertex -133.945 -32.5555 3.2
      vertex -135.536 -30.9645 3.2
      vertex -134.182 -32.8259 3.2
    endloop
  endfacet
  facet normal -0 0 1
    outer loop
      vertex -135.967 -31.4562 3.2
      vertex -134.182 -32.8259 3.2
      vertex -135.536 -30.9645 3.2
    endloop
  endfacet
  facet normal 0 0 1
    outer loop
      vertex -134.182 -32.8259 3.2
      vertex -135.967 -31.4562 3.2
      vertex -134.382 -33.125 3.2
    endloop
  endfacet
  facet normal -0 0 1
    outer loop
      vertex -136.33 -32 3.2
      vertex -134.382 -33.125 3.2
      vertex -135.967 -31.4562 3.2
    endloop
  endfacet
  facet normal 0 0 1
    outer loop
      vertex -134.382 -33.125 3.2
      vertex -136.33 -32 3.2
      vertex -134.541 -33.4476 3.2
    endloop
  endfacet
  facet normal -0 0 1
    outer loop
      vertex -129.618 -35.875 3.2
      vertex -127.67 -37 3.2
      vertex -129.459 -35.5524 3.2
    endloop
  endfacet
  facet normal 0 0 1
    outer loop
      vertex -127.67 -37 3.2
      vertex -129.618 -35.875 3.2
      vertex -128.033 -37.5438 3.2
    endloop
  endfacet
  facet normal -0 0 1
    outer loop
      vertex -129.818 -36.1741 3.2
      vertex -128.033 -37.5438 3.2
      vertex -129.618 -35.875 3.2
    endloop
  endfacet
  facet normal 0 0 1
    outer loop
      vertex -128.033 -37.5438 3.2
      vertex -129.818 -36.1741 3.2
      vertex -128.464 -38.0355 3.2
    endloop
  endfacet
  facet normal -0 0 1
    outer loop
      vertex -130.055 -36.4445 3.2
      vertex -128.464 -38.0355 3.2
      vertex -129.818 -36.1741 3.2
    endloop
  endfacet
  facet normal 0 0 1
    outer loop
      vertex -128.464 -38.0355 3.2
      vertex -130.055 -36.4445 3.2
      vertex -128.956 -38.4668 3.2
    endloop
  endfacet
  facet normal -0 0 1
    outer loop
      vertex -130.326 -36.6817 3.2
      vertex -128.956 -38.4668 3.2
      vertex -130.055 -36.4445 3.2
    endloop
  endfacet
  facet normal 0 0 1
    outer loop
      vertex -128.956 -38.4668 3.2
      vertex -130.326 -36.6817 3.2
      vertex -129.5 -38.8301 3.2
    endloop
  endfacet
  facet normal -0 0 1
    outer loop
      vertex -130.625 -36.8816 3.2
      vertex -129.5 -38.8301 3.2
      vertex -130.326 -36.6817 3.2
    endloop
  endfacet
  facet normal 0 0 1
    outer loop
      vertex -129.5 -38.8301 3.2
      vertex -130.625 -36.8816 3.2
      vertex -130.087 -39.1194 3.2
    endloop
  endfacet
  facet normal -0 0 1
    outer loop
      vertex -130.948 -37.0407 3.2
      vertex -130.087 -39.1194 3.2
      vertex -130.625 -36.8816 3.2
    endloop
  endfacet
  facet normal 0 0 1
    outer loop
      vertex -130.087 -39.1194 3.2
      vertex -130.948 -37.0407 3.2
      vertex -130.706 -39.3296 3.2
    endloop
  endfacet
  facet normal -0 0 1
    outer loop
      vertex -131.288 -37.1563 3.2
      vertex -130.706 -39.3296 3.2
      vertex -130.948 -37.0407 3.2
    endloop
  endfacet
  facet normal 0 0 1
    outer loop
      vertex -131.288 -37.1563 3.2
      vertex -131.347 -39.4572 3.2
      vertex -130.706 -39.3296 3.2
    endloop
  endfacet
  facet normal -0 0 1
    outer loop
      vertex -131.641 -37.2265 3.2
      vertex -131.347 -39.4572 3.2
      vertex -131.288 -37.1563 3.2
    endloop
  endfacet
  facet normal -0 0 1
    outer loop
      vertex -132 -37.25 3.2
      vertex -131.347 -39.4572 3.2
      vertex -131.641 -37.2265 3.2
    endloop
  endfacet
  facet normal 0 0 1
    outer loop
      vertex -132 -37.25 3.2
      vertex -132 -39.5 3.2
      vertex -131.347 -39.4572 3.2
    endloop
  endfacet
  facet normal 0 0 1
    outer loop
      vertex -132.359 -37.2265 3.2
      vertex -132 -39.5 3.2
      vertex -132 -37.25 3.2
    endloop
  endfacet
  facet normal 0 0 1
    outer loop
      vertex -132.359 -37.2265 3.2
      vertex -132.653 -39.4572 3.2
      vertex -132 -39.5 3.2
    endloop
  endfacet
  facet normal 0 0 1
    outer loop
      vertex -132.712 -37.1563 3.2
      vertex -132.653 -39.4572 3.2
      vertex -132.359 -37.2265 3.2
    endloop
  endfacet
  facet normal 0 0 1
    outer loop
      vertex -133.294 -39.3296 3.2
      vertex -132.712 -37.1563 3.2
      vertex -133.052 -37.0407 3.2
    endloop
  endfacet
  facet normal 0 0 1
    outer loop
      vertex -132.712 -37.1563 3.2
      vertex -133.294 -39.3296 3.2
      vertex -132.653 -39.4572 3.2
    endloop
  endfacet
  facet normal 0 0 1
    outer loop
      vertex -133.913 -39.1194 3.2
      vertex -133.052 -37.0407 3.2
      vertex -133.375 -36.8816 3.2
    endloop
  endfacet
  facet normal 0 0 1
    outer loop
      vertex -134.5 -38.8301 3.2
      vertex -133.375 -36.8816 3.2
      vertex -133.674 -36.6817 3.2
    endloop
  endfacet
  facet normal 0 0 1
    outer loop
      vertex -133.052 -37.0407 3.2
      vertex -133.913 -39.1194 3.2
      vertex -133.294 -39.3296 3.2
    endloop
  endfacet
  facet normal 0 0 1
    outer loop
      vertex -135.044 -38.4668 3.2
      vertex -133.674 -36.6817 3.2
      vertex -133.945 -36.4445 3.2
    endloop
  endfacet
  facet normal 0 0 1
    outer loop
      vertex -135.536 -38.0355 3.2
      vertex -133.945 -36.4445 3.2
      vertex -134.182 -36.1741 3.2
    endloop
  endfacet
  facet normal 0 0 1
    outer loop
      vertex -135.967 -37.5438 3.2
      vertex -134.182 -36.1741 3.2
      vertex -134.382 -35.875 3.2
    endloop
  endfacet
  facet normal 0 0 1
    outer loop
      vertex -133.375 -36.8816 3.2
      vertex -134.5 -38.8301 3.2
      vertex -133.913 -39.1194 3.2
    endloop
  endfacet
  facet normal 0 0 1
    outer loop
      vertex -136.33 -37 3.2
      vertex -134.382 -35.875 3.2
      vertex -134.541 -35.5524 3.2
    endloop
  endfacet
  facet normal 0 0 1
    outer loop
      vertex -136.619 -36.4134 3.2
      vertex -134.541 -35.5524 3.2
      vertex -134.656 -35.2118 3.2
    endloop
  endfacet
  facet normal 0 0 1
    outer loop
      vertex -136.83 -35.7941 3.2
      vertex -134.656 -35.2118 3.2
      vertex -134.726 -34.8589 3.2
    endloop
  endfacet
  facet normal 0 0 1
    outer loop
      vertex -136.957 -35.1526 3.2
      vertex -134.726 -34.8589 3.2
      vertex -134.75 -34.5 3.2
    endloop
  endfacet
  facet normal -0 0 1
    outer loop
      vertex -136.619 -32.5866 3.2
      vertex -134.541 -33.4476 3.2
      vertex -136.33 -32 3.2
    endloop
  endfacet
  facet normal 0 0 1
    outer loop
      vertex -133.674 -36.6817 3.2
      vertex -135.044 -38.4668 3.2
      vertex -134.5 -38.8301 3.2
    endloop
  endfacet
  facet normal 0 0 1
    outer loop
      vertex -134.541 -33.4476 3.2
      vertex -136.619 -32.5866 3.2
      vertex -134.656 -33.7882 3.2
    endloop
  endfacet
  facet normal 0 0 1
    outer loop
      vertex -133.945 -36.4445 3.2
      vertex -135.536 -38.0355 3.2
      vertex -135.044 -38.4668 3.2
    endloop
  endfacet
  facet normal -0 0 1
    outer loop
      vertex -136.83 -33.2059 3.2
      vertex -134.656 -33.7882 3.2
      vertex -136.619 -32.5866 3.2
    endloop
  endfacet
  facet normal 0 0 1
    outer loop
      vertex -134.182 -36.1741 3.2
      vertex -135.967 -37.5438 3.2
      vertex -135.536 -38.0355 3.2
    endloop
  endfacet
  facet normal 0 0 1
    outer loop
      vertex -134.656 -33.7882 3.2
      vertex -136.83 -33.2059 3.2
      vertex -134.726 -34.1411 3.2
    endloop
  endfacet
  facet normal 0 0 1
    outer loop
      vertex -134.382 -35.875 3.2
      vertex -136.33 -37 3.2
      vertex -135.967 -37.5438 3.2
    endloop
  endfacet
  facet normal -0 0 1
    outer loop
      vertex -136.957 -33.8474 3.2
      vertex -134.726 -34.1411 3.2
      vertex -136.83 -33.2059 3.2
    endloop
  endfacet
  facet normal 0 0 1
    outer loop
      vertex -134.541 -35.5524 3.2
      vertex -136.619 -36.4134 3.2
      vertex -136.33 -37 3.2
    endloop
  endfacet
  facet normal 0 0 1
    outer loop
      vertex -134.726 -34.1411 3.2
      vertex -136.957 -33.8474 3.2
      vertex -134.75 -34.5 3.2
    endloop
  endfacet
  facet normal 0 0 1
    outer loop
      vertex -134.656 -35.2118 3.2
      vertex -136.83 -35.7941 3.2
      vertex -136.619 -36.4134 3.2
    endloop
  endfacet
  facet normal 0 0 1
    outer loop
      vertex -137 -34.5 3.2
      vertex -134.75 -34.5 3.2
      vertex -136.957 -33.8474 3.2
    endloop
  endfacet
  facet normal 0 0 1
    outer loop
      vertex -134.726 -34.8589 3.2
      vertex -136.957 -35.1526 3.2
      vertex -136.83 -35.7941 3.2
    endloop
  endfacet
  facet normal 0 0 1
    outer loop
      vertex -134.75 -34.5 3.2
      vertex -137 -34.5 3.2
      vertex -136.957 -35.1526 3.2
    endloop
  endfacet
  facet normal -0.195233 -0.980757 0
    outer loop
      vertex -133.294 -39.3296 0
      vertex -132.653 -39.4572 3.2
      vertex -133.294 -39.3296 3.2
    endloop
  endfacet
  facet normal -0.195233 -0.980757 -0
    outer loop
      vertex -132.653 -39.4572 3.2
      vertex -133.294 -39.3296 0
      vertex -132.653 -39.4572 0
    endloop
  endfacet
  facet normal -0.831721 0.555194 0
    outer loop
      vertex -136.33 -32 0
      vertex -135.967 -31.4562 3.2
      vertex -135.967 -31.4562 0
    endloop
  endfacet
  facet normal -0.831721 0.555194 0
    outer loop
      vertex -135.967 -31.4562 3.2
      vertex -136.33 -32 0
      vertex -136.33 -32 3.2
    endloop
  endfacet
  facet normal -0.0654033 -0.997859 0
    outer loop
      vertex -132.653 -39.4572 0
      vertex -132 -39.5 3.2
      vertex -132.653 -39.4572 3.2
    endloop
  endfacet
  facet normal -0.0654033 -0.997859 -0
    outer loop
      vertex -132 -39.5 3.2
      vertex -132.653 -39.4572 0
      vertex -132 -39.5 0
    endloop
  endfacet
  facet normal 0.980889 -0.194566 0
    outer loop
      vertex -129.344 -35.2118 4.7
      vertex -129.274 -34.8589 3.2
      vertex -129.274 -34.8589 4.7
    endloop
  endfacet
  facet normal 0.980889 -0.194566 0
    outer loop
      vertex -129.274 -34.8589 3.2
      vertex -129.344 -35.2118 4.7
      vertex -129.344 -35.2118 3.2
    endloop
  endfacet
  facet normal 0.980889 0.194566 0
    outer loop
      vertex -129.274 -34.1411 4.7
      vertex -129.344 -33.7882 3.2
      vertex -129.344 -33.7882 4.7
    endloop
  endfacet
  facet normal 0.980889 0.194566 0
    outer loop
      vertex -129.344 -33.7882 3.2
      vertex -129.274 -34.1411 4.7
      vertex -129.274 -34.1411 3.2
    endloop
  endfacet
  facet normal 0.997772 0.066722 0
    outer loop
      vertex -129.25 -34.5 4.7
      vertex -129.274 -34.1411 3.2
      vertex -129.274 -34.1411 4.7
    endloop
  endfacet
  facet normal 0.997772 0.066722 0
    outer loop
      vertex -129.274 -34.1411 3.2
      vertex -129.25 -34.5 4.7
      vertex -129.25 -34.5 3.2
    endloop
  endfacet
  facet normal 0.947452 0.319897 0
    outer loop
      vertex -129.344 -33.7882 4.7
      vertex -129.459 -33.4476 3.2
      vertex -129.459 -33.4476 4.7
    endloop
  endfacet
  facet normal 0.947452 0.319897 0
    outer loop
      vertex -129.459 -33.4476 3.2
      vertex -129.344 -33.7882 4.7
      vertex -129.344 -33.7882 3.2
    endloop
  endfacet
  facet normal -0.997772 0.066722 0
    outer loop
      vertex -134.75 -34.5 3.2
      vertex -134.726 -34.1411 4.7
      vertex -134.726 -34.1411 3.2
    endloop
  endfacet
  facet normal -0.997772 0.066722 0
    outer loop
      vertex -134.726 -34.1411 4.7
      vertex -134.75 -34.5 3.2
      vertex -134.75 -34.5 4.7
    endloop
  endfacet
  facet normal 0.441873 -0.897078 0
    outer loop
      vertex -130.948 -37.0407 3.2
      vertex -130.625 -36.8816 4.7
      vertex -130.948 -37.0407 4.7
    endloop
  endfacet
  facet normal 0.441873 -0.897078 0
    outer loop
      vertex -130.625 -36.8816 4.7
      vertex -130.948 -37.0407 3.2
      vertex -130.625 -36.8816 3.2
    endloop
  endfacet
  facet normal 0.195047 0.980794 -0
    outer loop
      vertex -131.288 -31.8437 3.2
      vertex -131.641 -31.7735 4.7
      vertex -131.288 -31.8437 4.7
    endloop
  endfacet
  facet normal 0.195047 0.980794 0
    outer loop
      vertex -131.641 -31.7735 4.7
      vertex -131.288 -31.8437 3.2
      vertex -131.641 -31.7735 3.2
    endloop
  endfacet
  facet normal 0.195047 -0.980794 0
    outer loop
      vertex -131.641 -37.2265 3.2
      vertex -131.288 -37.1563 4.7
      vertex -131.641 -37.2265 4.7
    endloop
  endfacet
  facet normal 0.195047 -0.980794 0
    outer loop
      vertex -131.288 -37.1563 4.7
      vertex -131.641 -37.2265 3.2
      vertex -131.288 -37.1563 3.2
    endloop
  endfacet
  facet normal 0.0653198 -0.997864 0
    outer loop
      vertex -132 -37.25 3.2
      vertex -131.641 -37.2265 4.7
      vertex -132 -37.25 4.7
    endloop
  endfacet
  facet normal 0.0653198 -0.997864 0
    outer loop
      vertex -131.641 -37.2265 4.7
      vertex -132 -37.25 3.2
      vertex -131.641 -37.2265 3.2
    endloop
  endfacet
  facet normal -0.658623 0.752473 0
    outer loop
      vertex -133.674 -32.3183 3.2
      vertex -133.945 -32.5555 4.7
      vertex -133.674 -32.3183 4.7
    endloop
  endfacet
  facet normal -0.658623 0.752473 0
    outer loop
      vertex -133.945 -32.5555 4.7
      vertex -133.674 -32.3183 3.2
      vertex -133.945 -32.5555 3.2
    endloop
  endfacet
  facet normal -0.83128 0.555854 0
    outer loop
      vertex -134.382 -33.125 3.2
      vertex -134.182 -32.8259 4.7
      vertex -134.182 -32.8259 3.2
    endloop
  endfacet
  facet normal -0.83128 0.555854 0
    outer loop
      vertex -134.182 -32.8259 4.7
      vertex -134.382 -33.125 3.2
      vertex -134.382 -33.125 4.7
    endloop
  endfacet
  facet normal 0.321903 0.946773 -0
    outer loop
      vertex -130.948 -31.9593 3.2
      vertex -131.288 -31.8437 4.7
      vertex -130.948 -31.9593 4.7
    endloop
  endfacet
  facet normal 0.321903 0.946773 0
    outer loop
      vertex -131.288 -31.8437 4.7
      vertex -130.948 -31.9593 3.2
      vertex -131.288 -31.8437 3.2
    endloop
  endfacet
  facet normal 0.658623 -0.752473 0
    outer loop
      vertex -130.326 -36.6817 3.2
      vertex -130.055 -36.4445 4.7
      vertex -130.326 -36.6817 4.7
    endloop
  endfacet
  facet normal 0.658623 -0.752473 0
    outer loop
      vertex -130.055 -36.4445 4.7
      vertex -130.326 -36.6817 3.2
      vertex -130.055 -36.4445 3.2
    endloop
  endfacet
  facet normal -0.441873 0.897078 0
    outer loop
      vertex -133.052 -31.9593 3.2
      vertex -133.375 -32.1184 4.7
      vertex -133.052 -31.9593 4.7
    endloop
  endfacet
  facet normal -0.441873 0.897078 0
    outer loop
      vertex -133.375 -32.1184 4.7
      vertex -133.052 -31.9593 3.2
      vertex -133.375 -32.1184 3.2
    endloop
  endfacet
  facet normal -0.0653198 -0.997864 0
    outer loop
      vertex -132.359 -37.2265 3.2
      vertex -132 -37.25 4.7
      vertex -132.359 -37.2265 4.7
    endloop
  endfacet
  facet normal -0.0653198 -0.997864 -0
    outer loop
      vertex -132 -37.25 4.7
      vertex -132.359 -37.2265 3.2
      vertex -132 -37.25 3.2
    endloop
  endfacet
  facet normal 0.752025 -0.659134 0
    outer loop
      vertex -130.055 -36.4445 4.7
      vertex -129.818 -36.1741 3.2
      vertex -129.818 -36.1741 4.7
    endloop
  endfacet
  facet normal 0.752025 -0.659134 0
    outer loop
      vertex -129.818 -36.1741 3.2
      vertex -130.055 -36.4445 4.7
      vertex -130.055 -36.4445 3.2
    endloop
  endfacet
  facet normal -0.947452 -0.319897 0
    outer loop
      vertex -134.541 -35.5524 3.2
      vertex -134.656 -35.2118 4.7
      vertex -134.656 -35.2118 3.2
    endloop
  endfacet
  facet normal -0.947452 -0.319897 0
    outer loop
      vertex -134.656 -35.2118 4.7
      vertex -134.541 -35.5524 3.2
      vertex -134.541 -35.5524 4.7
    endloop
  endfacet
  facet normal 0.321903 -0.946773 0
    outer loop
      vertex -131.288 -37.1563 3.2
      vertex -130.948 -37.0407 4.7
      vertex -131.288 -37.1563 4.7
    endloop
  endfacet
  facet normal 0.321903 -0.946773 0
    outer loop
      vertex -130.948 -37.0407 4.7
      vertex -131.288 -37.1563 3.2
      vertex -130.948 -37.0407 3.2
    endloop
  endfacet
  facet normal -0.321903 0.946773 0
    outer loop
      vertex -132.712 -31.8437 3.2
      vertex -133.052 -31.9593 4.7
      vertex -132.712 -31.8437 4.7
    endloop
  endfacet
  facet normal -0.321903 0.946773 0
    outer loop
      vertex -133.052 -31.9593 4.7
      vertex -132.712 -31.8437 3.2
      vertex -133.052 -31.9593 3.2
    endloop
  endfacet
  facet normal -0.55579 0.831322 0
    outer loop
      vertex -133.375 -32.1184 3.2
      vertex -133.674 -32.3183 4.7
      vertex -133.375 -32.1184 4.7
    endloop
  endfacet
  facet normal -0.55579 0.831322 0
    outer loop
      vertex -133.674 -32.3183 4.7
      vertex -133.375 -32.1184 3.2
      vertex -133.674 -32.3183 3.2
    endloop
  endfacet
  facet normal -0.947452 0.319897 0
    outer loop
      vertex -134.656 -33.7882 3.2
      vertex -134.541 -33.4476 4.7
      vertex -134.541 -33.4476 3.2
    endloop
  endfacet
  facet normal -0.947452 0.319897 0
    outer loop
      vertex -134.541 -33.4476 4.7
      vertex -134.656 -33.7882 3.2
      vertex -134.656 -33.7882 4.7
    endloop
  endfacet
  facet normal 0.896971 0.44209 0
    outer loop
      vertex -129.459 -33.4476 4.7
      vertex -129.618 -33.125 3.2
      vertex -129.618 -33.125 4.7
    endloop
  endfacet
  facet normal 0.896971 0.44209 0
    outer loop
      vertex -129.618 -33.125 3.2
      vertex -129.459 -33.4476 4.7
      vertex -129.459 -33.4476 3.2
    endloop
  endfacet
  facet normal -0.195047 0.980794 0
    outer loop
      vertex -132.359 -31.7735 3.2
      vertex -132.712 -31.8437 4.7
      vertex -132.359 -31.7735 4.7
    endloop
  endfacet
  facet normal -0.195047 0.980794 0
    outer loop
      vertex -132.712 -31.8437 4.7
      vertex -132.359 -31.7735 3.2
      vertex -132.712 -31.8437 3.2
    endloop
  endfacet
  facet normal 0.658623 0.752473 -0
    outer loop
      vertex -130.055 -32.5555 3.2
      vertex -130.326 -32.3183 4.7
      vertex -130.055 -32.5555 4.7
    endloop
  endfacet
  facet normal 0.658623 0.752473 0
    outer loop
      vertex -130.326 -32.3183 4.7
      vertex -130.055 -32.5555 3.2
      vertex -130.326 -32.3183 3.2
    endloop
  endfacet
  facet normal 0.997772 -0.066722 0
    outer loop
      vertex -129.274 -34.8589 4.7
      vertex -129.25 -34.5 3.2
      vertex -129.25 -34.5 4.7
    endloop
  endfacet
  facet normal 0.997772 -0.066722 0
    outer loop
      vertex -129.25 -34.5 3.2
      vertex -129.274 -34.8589 4.7
      vertex -129.274 -34.8589 3.2
    endloop
  endfacet
  facet normal 0.441873 0.897078 -0
    outer loop
      vertex -130.625 -32.1184 3.2
      vertex -130.948 -31.9593 4.7
      vertex -130.625 -32.1184 4.7
    endloop
  endfacet
  facet normal 0.441873 0.897078 0
    outer loop
      vertex -130.948 -31.9593 4.7
      vertex -130.625 -32.1184 3.2
      vertex -130.948 -31.9593 3.2
    endloop
  endfacet
  facet normal -0.321903 -0.946773 0
    outer loop
      vertex -133.052 -37.0407 3.2
      vertex -132.712 -37.1563 4.7
      vertex -133.052 -37.0407 4.7
    endloop
  endfacet
  facet normal -0.321903 -0.946773 -0
    outer loop
      vertex -132.712 -37.1563 4.7
      vertex -133.052 -37.0407 3.2
      vertex -132.712 -37.1563 3.2
    endloop
  endfacet
  facet normal -0.980889 0.194566 0
    outer loop
      vertex -134.726 -34.1411 3.2
      vertex -134.656 -33.7882 4.7
      vertex -134.656 -33.7882 3.2
    endloop
  endfacet
  facet normal -0.980889 0.194566 0
    outer loop
      vertex -134.656 -33.7882 4.7
      vertex -134.726 -34.1411 3.2
      vertex -134.726 -34.1411 4.7
    endloop
  endfacet
  facet normal -0.0653198 0.997864 0
    outer loop
      vertex -132 -31.75 3.2
      vertex -132.359 -31.7735 4.7
      vertex -132 -31.75 4.7
    endloop
  endfacet
  facet normal -0.0653198 0.997864 0
    outer loop
      vertex -132.359 -31.7735 4.7
      vertex -132 -31.75 3.2
      vertex -132.359 -31.7735 3.2
    endloop
  endfacet
  facet normal -0.195047 -0.980794 0
    outer loop
      vertex -132.712 -37.1563 3.2
      vertex -132.359 -37.2265 4.7
      vertex -132.712 -37.1563 4.7
    endloop
  endfacet
  facet normal -0.195047 -0.980794 -0
    outer loop
      vertex -132.359 -37.2265 4.7
      vertex -132.712 -37.1563 3.2
      vertex -132.359 -37.2265 3.2
    endloop
  endfacet
  facet normal 0.947452 -0.319897 0
    outer loop
      vertex -129.459 -35.5524 4.7
      vertex -129.344 -35.2118 3.2
      vertex -129.344 -35.2118 4.7
    endloop
  endfacet
  facet normal 0.947452 -0.319897 0
    outer loop
      vertex -129.344 -35.2118 3.2
      vertex -129.459 -35.5524 4.7
      vertex -129.459 -35.5524 3.2
    endloop
  endfacet
  facet normal 0.83128 0.555854 0
    outer loop
      vertex -129.618 -33.125 4.7
      vertex -129.818 -32.8259 3.2
      vertex -129.818 -32.8259 4.7
    endloop
  endfacet
  facet normal 0.83128 0.555854 0
    outer loop
      vertex -129.818 -32.8259 3.2
      vertex -129.618 -33.125 4.7
      vertex -129.618 -33.125 3.2
    endloop
  endfacet
  facet normal 0.752025 0.659134 0
    outer loop
      vertex -129.818 -32.8259 4.7
      vertex -130.055 -32.5555 3.2
      vertex -130.055 -32.5555 4.7
    endloop
  endfacet
  facet normal 0.752025 0.659134 0
    outer loop
      vertex -130.055 -32.5555 3.2
      vertex -129.818 -32.8259 4.7
      vertex -129.818 -32.8259 3.2
    endloop
  endfacet
  facet normal -0.896971 -0.44209 0
    outer loop
      vertex -134.382 -35.875 3.2
      vertex -134.541 -35.5524 4.7
      vertex -134.541 -35.5524 3.2
    endloop
  endfacet
  facet normal -0.896971 -0.44209 0
    outer loop
      vertex -134.541 -35.5524 4.7
      vertex -134.382 -35.875 3.2
      vertex -134.382 -35.875 4.7
    endloop
  endfacet
  facet normal 0.896971 -0.44209 0
    outer loop
      vertex -129.618 -35.875 4.7
      vertex -129.459 -35.5524 3.2
      vertex -129.459 -35.5524 4.7
    endloop
  endfacet
  facet normal 0.896971 -0.44209 0
    outer loop
      vertex -129.459 -35.5524 3.2
      vertex -129.618 -35.875 4.7
      vertex -129.618 -35.875 3.2
    endloop
  endfacet
  facet normal -0.752025 -0.659134 0
    outer loop
      vertex -133.945 -36.4445 3.2
      vertex -134.182 -36.1741 4.7
      vertex -134.182 -36.1741 3.2
    endloop
  endfacet
  facet normal -0.752025 -0.659134 0
    outer loop
      vertex -134.182 -36.1741 4.7
      vertex -133.945 -36.4445 3.2
      vertex -133.945 -36.4445 4.7
    endloop
  endfacet
  facet normal 0.83128 -0.555854 0
    outer loop
      vertex -129.818 -36.1741 4.7
      vertex -129.618 -35.875 3.2
      vertex -129.618 -35.875 4.7
    endloop
  endfacet
  facet normal 0.83128 -0.555854 0
    outer loop
      vertex -129.618 -35.875 3.2
      vertex -129.818 -36.1741 4.7
      vertex -129.818 -36.1741 3.2
    endloop
  endfacet
  facet normal -0.752025 0.659134 0
    outer loop
      vertex -134.182 -32.8259 3.2
      vertex -133.945 -32.5555 4.7
      vertex -133.945 -32.5555 3.2
    endloop
  endfacet
  facet normal -0.752025 0.659134 0
    outer loop
      vertex -133.945 -32.5555 4.7
      vertex -134.182 -32.8259 3.2
      vertex -134.182 -32.8259 4.7
    endloop
  endfacet
  facet normal 0.0653198 0.997864 -0
    outer loop
      vertex -131.641 -31.7735 3.2
      vertex -132 -31.75 4.7
      vertex -131.641 -31.7735 4.7
    endloop
  endfacet
  facet normal 0.0653198 0.997864 0
    outer loop
      vertex -132 -31.75 4.7
      vertex -131.641 -31.7735 3.2
      vertex -132 -31.75 3.2
    endloop
  endfacet
  facet normal 0.55579 0.831322 -0
    outer loop
      vertex -130.326 -32.3183 3.2
      vertex -130.625 -32.1184 4.7
      vertex -130.326 -32.3183 4.7
    endloop
  endfacet
  facet normal 0.55579 0.831322 0
    outer loop
      vertex -130.625 -32.1184 4.7
      vertex -130.326 -32.3183 3.2
      vertex -130.625 -32.1184 3.2
    endloop
  endfacet
  facet normal 0 0 1
    outer loop
      vertex -129.274 -34.1411 4.7
      vertex -129.274 -34.8589 4.7
      vertex -129.25 -34.5 4.7
    endloop
  endfacet
  facet normal 0 0 1
    outer loop
      vertex -129.344 -33.7882 4.7
      vertex -129.274 -34.8589 4.7
      vertex -129.274 -34.1411 4.7
    endloop
  endfacet
  facet normal 0 0 1
    outer loop
      vertex -129.344 -33.7882 4.7
      vertex -129.344 -35.2118 4.7
      vertex -129.274 -34.8589 4.7
    endloop
  endfacet
  facet normal 0 0 1
    outer loop
      vertex -129.459 -33.4476 4.7
      vertex -129.344 -35.2118 4.7
      vertex -129.344 -33.7882 4.7
    endloop
  endfacet
  facet normal 0 0 1
    outer loop
      vertex -129.459 -33.4476 4.7
      vertex -129.459 -35.5524 4.7
      vertex -129.344 -35.2118 4.7
    endloop
  endfacet
  facet normal 0 0 1
    outer loop
      vertex -129.618 -33.125 4.7
      vertex -129.459 -35.5524 4.7
      vertex -129.459 -33.4476 4.7
    endloop
  endfacet
  facet normal 0 0 1
    outer loop
      vertex -129.618 -33.125 4.7
      vertex -129.618 -35.875 4.7
      vertex -129.459 -35.5524 4.7
    endloop
  endfacet
  facet normal 0 0 1
    outer loop
      vertex -129.818 -32.8259 4.7
      vertex -129.618 -35.875 4.7
      vertex -129.618 -33.125 4.7
    endloop
  endfacet
  facet normal 0 0 1
    outer loop
      vertex -129.818 -32.8259 4.7
      vertex -129.818 -36.1741 4.7
      vertex -129.618 -35.875 4.7
    endloop
  endfacet
  facet normal 0 0 1
    outer loop
      vertex -130.055 -32.5555 4.7
      vertex -129.818 -36.1741 4.7
      vertex -129.818 -32.8259 4.7
    endloop
  endfacet
  facet normal 0 0 1
    outer loop
      vertex -130.055 -32.5555 4.7
      vertex -130.055 -36.4445 4.7
      vertex -129.818 -36.1741 4.7
    endloop
  endfacet
  facet normal 0 0 1
    outer loop
      vertex -130.326 -32.3183 4.7
      vertex -130.055 -36.4445 4.7
      vertex -130.055 -32.5555 4.7
    endloop
  endfacet
  facet normal 0 0 1
    outer loop
      vertex -130.326 -32.3183 4.7
      vertex -130.326 -36.6817 4.7
      vertex -130.055 -36.4445 4.7
    endloop
  endfacet
  facet normal 0 0 1
    outer loop
      vertex -130.625 -32.1184 4.7
      vertex -130.326 -36.6817 4.7
      vertex -130.326 -32.3183 4.7
    endloop
  endfacet
  facet normal 0 0 1
    outer loop
      vertex -130.625 -32.1184 4.7
      vertex -130.625 -36.8816 4.7
      vertex -130.326 -36.6817 4.7
    endloop
  endfacet
  facet normal 0 0 1
    outer loop
      vertex -130.948 -31.9593 4.7
      vertex -130.625 -36.8816 4.7
      vertex -130.625 -32.1184 4.7
    endloop
  endfacet
  facet normal 0 0 1
    outer loop
      vertex -130.948 -31.9593 4.7
      vertex -130.948 -37.0407 4.7
      vertex -130.625 -36.8816 4.7
    endloop
  endfacet
  facet normal 0 0 1
    outer loop
      vertex -131.288 -31.8437 4.7
      vertex -130.948 -37.0407 4.7
      vertex -130.948 -31.9593 4.7
    endloop
  endfacet
  facet normal 0 0 1
    outer loop
      vertex -131.288 -31.8437 4.7
      vertex -131.288 -37.1563 4.7
      vertex -130.948 -37.0407 4.7
    endloop
  endfacet
  facet normal 0 0 1
    outer loop
      vertex -131.641 -31.7735 4.7
      vertex -131.288 -37.1563 4.7
      vertex -131.288 -31.8437 4.7
    endloop
  endfacet
  facet normal 0 0 1
    outer loop
      vertex -131.641 -31.7735 4.7
      vertex -131.641 -37.2265 4.7
      vertex -131.288 -37.1563 4.7
    endloop
  endfacet
  facet normal 0 0 1
    outer loop
      vertex -132 -31.75 4.7
      vertex -131.641 -37.2265 4.7
      vertex -131.641 -31.7735 4.7
    endloop
  endfacet
  facet normal 0 0 1
    outer loop
      vertex -132 -31.75 4.7
      vertex -132 -37.25 4.7
      vertex -131.641 -37.2265 4.7
    endloop
  endfacet
  facet normal -0 0 1
    outer loop
      vertex -132.359 -31.7735 4.7
      vertex -132 -37.25 4.7
      vertex -132 -31.75 4.7
    endloop
  endfacet
  facet normal 0 0 1
    outer loop
      vertex -132.359 -31.7735 4.7
      vertex -132.359 -37.2265 4.7
      vertex -132 -37.25 4.7
    endloop
  endfacet
  facet normal -0 0 1
    outer loop
      vertex -132.712 -31.8437 4.7
      vertex -132.359 -37.2265 4.7
      vertex -132.359 -31.7735 4.7
    endloop
  endfacet
  facet normal 0 0 1
    outer loop
      vertex -132.712 -31.8437 4.7
      vertex -132.712 -37.1563 4.7
      vertex -132.359 -37.2265 4.7
    endloop
  endfacet
  facet normal -0 0 1
    outer loop
      vertex -133.052 -31.9593 4.7
      vertex -132.712 -37.1563 4.7
      vertex -132.712 -31.8437 4.7
    endloop
  endfacet
  facet normal 0 0 1
    outer loop
      vertex -133.052 -31.9593 4.7
      vertex -133.052 -37.0407 4.7
      vertex -132.712 -37.1563 4.7
    endloop
  endfacet
  facet normal -0 0 1
    outer loop
      vertex -133.375 -32.1184 4.7
      vertex -133.052 -37.0407 4.7
      vertex -133.052 -31.9593 4.7
    endloop
  endfacet
  facet normal 0 0 1
    outer loop
      vertex -133.375 -32.1184 4.7
      vertex -133.375 -36.8816 4.7
      vertex -133.052 -37.0407 4.7
    endloop
  endfacet
  facet normal -0 0 1
    outer loop
      vertex -133.674 -32.3183 4.7
      vertex -133.375 -36.8816 4.7
      vertex -133.375 -32.1184 4.7
    endloop
  endfacet
  facet normal 0 0 1
    outer loop
      vertex -133.674 -32.3183 4.7
      vertex -133.674 -36.6817 4.7
      vertex -133.375 -36.8816 4.7
    endloop
  endfacet
  facet normal -0 0 1
    outer loop
      vertex -133.945 -32.5555 4.7
      vertex -133.674 -36.6817 4.7
      vertex -133.674 -32.3183 4.7
    endloop
  endfacet
  facet normal 0 0 1
    outer loop
      vertex -133.945 -32.5555 4.7
      vertex -133.945 -36.4445 4.7
      vertex -133.674 -36.6817 4.7
    endloop
  endfacet
  facet normal -0 0 1
    outer loop
      vertex -134.182 -32.8259 4.7
      vertex -133.945 -36.4445 4.7
      vertex -133.945 -32.5555 4.7
    endloop
  endfacet
  facet normal 0 0 1
    outer loop
      vertex -134.182 -32.8259 4.7
      vertex -134.182 -36.1741 4.7
      vertex -133.945 -36.4445 4.7
    endloop
  endfacet
  facet normal -0 0 1
    outer loop
      vertex -134.382 -33.125 4.7
      vertex -134.182 -36.1741 4.7
      vertex -134.182 -32.8259 4.7
    endloop
  endfacet
  facet normal 0 0 1
    outer loop
      vertex -134.382 -33.125 4.7
      vertex -134.382 -35.875 4.7
      vertex -134.182 -36.1741 4.7
    endloop
  endfacet
  facet normal -0 0 1
    outer loop
      vertex -134.541 -33.4476 4.7
      vertex -134.382 -35.875 4.7
      vertex -134.382 -33.125 4.7
    endloop
  endfacet
  facet normal 0 0 1
    outer loop
      vertex -134.541 -33.4476 4.7
      vertex -134.541 -35.5524 4.7
      vertex -134.382 -35.875 4.7
    endloop
  endfacet
  facet normal -0 0 1
    outer loop
      vertex -134.656 -33.7882 4.7
      vertex -134.541 -35.5524 4.7
      vertex -134.541 -33.4476 4.7
    endloop
  endfacet
  facet normal 0 0 1
    outer loop
      vertex -134.656 -33.7882 4.7
      vertex -134.656 -35.2118 4.7
      vertex -134.541 -35.5524 4.7
    endloop
  endfacet
  facet normal -0 0 1
    outer loop
      vertex -134.726 -34.1411 4.7
      vertex -134.656 -35.2118 4.7
      vertex -134.656 -33.7882 4.7
    endloop
  endfacet
  facet normal 0 0 1
    outer loop
      vertex -134.726 -34.1411 4.7
      vertex -134.726 -34.8589 4.7
      vertex -134.656 -35.2118 4.7
    endloop
  endfacet
  facet normal 0 -0 1
    outer loop
      vertex -134.726 -34.8589 4.7
      vertex -134.726 -34.1411 4.7
      vertex -134.75 -34.5 4.7
    endloop
  endfacet
  facet normal -0.441873 -0.897078 0
    outer loop
      vertex -133.375 -36.8816 3.2
      vertex -133.052 -37.0407 4.7
      vertex -133.375 -36.8816 4.7
    endloop
  endfacet
  facet normal -0.441873 -0.897078 -0
    outer loop
      vertex -133.052 -37.0407 4.7
      vertex -133.375 -36.8816 3.2
      vertex -133.052 -37.0407 3.2
    endloop
  endfacet
  facet normal -0.83128 -0.555854 0
    outer loop
      vertex -134.182 -36.1741 3.2
      vertex -134.382 -35.875 4.7
      vertex -134.382 -35.875 3.2
    endloop
  endfacet
  facet normal -0.83128 -0.555854 0
    outer loop
      vertex -134.382 -35.875 4.7
      vertex -134.182 -36.1741 3.2
      vertex -134.182 -36.1741 4.7
    endloop
  endfacet
  facet normal -0.980889 -0.194566 0
    outer loop
      vertex -134.656 -35.2118 3.2
      vertex -134.726 -34.8589 4.7
      vertex -134.726 -34.8589 3.2
    endloop
  endfacet
  facet normal -0.980889 -0.194566 0
    outer loop
      vertex -134.726 -34.8589 4.7
      vertex -134.656 -35.2118 3.2
      vertex -134.656 -35.2118 4.7
    endloop
  endfacet
  facet normal -0.658623 -0.752473 0
    outer loop
      vertex -133.945 -36.4445 3.2
      vertex -133.674 -36.6817 4.7
      vertex -133.945 -36.4445 4.7
    endloop
  endfacet
  facet normal -0.658623 -0.752473 -0
    outer loop
      vertex -133.674 -36.6817 4.7
      vertex -133.945 -36.4445 3.2
      vertex -133.674 -36.6817 3.2
    endloop
  endfacet
  facet normal -0.896971 0.44209 0
    outer loop
      vertex -134.541 -33.4476 3.2
      vertex -134.382 -33.125 4.7
      vertex -134.382 -33.125 3.2
    endloop
  endfacet
  facet normal -0.896971 0.44209 0
    outer loop
      vertex -134.382 -33.125 4.7
      vertex -134.541 -33.4476 3.2
      vertex -134.541 -33.4476 4.7
    endloop
  endfacet
  facet normal -0.997772 -0.066722 0
    outer loop
      vertex -134.726 -34.8589 3.2
      vertex -134.75 -34.5 4.7
      vertex -134.75 -34.5 3.2
    endloop
  endfacet
  facet normal -0.997772 -0.066722 0
    outer loop
      vertex -134.75 -34.5 4.7
      vertex -134.726 -34.8589 3.2
      vertex -134.726 -34.8589 4.7
    endloop
  endfacet
  facet normal 0.55579 -0.831322 0
    outer loop
      vertex -130.625 -36.8816 3.2
      vertex -130.326 -36.6817 4.7
      vertex -130.625 -36.8816 4.7
    endloop
  endfacet
  facet normal 0.55579 -0.831322 0
    outer loop
      vertex -130.326 -36.6817 4.7
      vertex -130.625 -36.8816 3.2
      vertex -130.326 -36.6817 3.2
    endloop
  endfacet
  facet normal -0.55579 -0.831322 0
    outer loop
      vertex -133.674 -36.6817 3.2
      vertex -133.375 -36.8816 4.7
      vertex -133.674 -36.6817 4.7
    endloop
  endfacet
  facet normal -0.55579 -0.831322 -0
    outer loop
      vertex -133.375 -36.8816 4.7
      vertex -133.674 -36.6817 3.2
      vertex -133.375 -36.8816 3.2
    endloop
  endfacet
  facet normal 0.980786 0.195087 0
    outer loop
      vertex -98.0428 -33.8474 3.2
      vertex -98.1704 -33.2059 0
      vertex -98.1704 -33.2059 3.2
    endloop
  endfacet
  facet normal 0.980786 0.195087 0
    outer loop
      vertex -98.1704 -33.2059 0
      vertex -98.0428 -33.8474 3.2
      vertex -98.0428 -33.8474 0
    endloop
  endfacet
  facet normal 0.997856 0.0654432 0
    outer loop
      vertex -98 -34.5 3.2
      vertex -98.0428 -33.8474 0
      vertex -98.0428 -33.8474 3.2
    endloop
  endfacet
  facet normal 0.997856 0.0654432 0
    outer loop
      vertex -98.0428 -33.8474 0
      vertex -98 -34.5 3.2
      vertex -98 -34.5 0
    endloop
  endfacet
  facet normal 0.321546 -0.946894 0
    outer loop
      vertex -101.706 -39.3296 0
      vertex -101.087 -39.1194 3.2
      vertex -101.706 -39.3296 3.2
    endloop
  endfacet
  facet normal 0.321546 -0.946894 0
    outer loop
      vertex -101.087 -39.1194 3.2
      vertex -101.706 -39.3296 0
      vertex -101.087 -39.1194 0
    endloop
  endfacet
  facet normal 0.831509 0.555512 0
    outer loop
      vertex -98.6699 -32 3.2
      vertex -99.0332 -31.4562 0
      vertex -99.0332 -31.4562 3.2
    endloop
  endfacet
  facet normal 0.831509 0.555512 0
    outer loop
      vertex -99.0332 -31.4562 0
      vertex -98.6699 -32 3.2
      vertex -98.6699 -32 0
    endloop
  endfacet
  facet normal -0.897042 0.441945 0
    outer loop
      vertex -107.619 -32.5866 0
      vertex -107.33 -32 3.2
      vertex -107.33 -32 0
    endloop
  endfacet
  facet normal -0.897042 0.441945 0
    outer loop
      vertex -107.33 -32 3.2
      vertex -107.619 -32.5866 0
      vertex -107.619 -32.5866 3.2
    endloop
  endfacet
  facet normal -0.55537 0.831603 0
    outer loop
      vertex -105.5 -30.1699 0
      vertex -106.044 -30.5332 3.2
      vertex -105.5 -30.1699 3.2
    endloop
  endfacet
  facet normal -0.55537 0.831603 0
    outer loop
      vertex -106.044 -30.5332 3.2
      vertex -105.5 -30.1699 0
      vertex -106.044 -30.5332 0
    endloop
  endfacet
  facet normal -0.659197 0.75197 0
    outer loop
      vertex -106.044 -30.5332 0
      vertex -106.536 -30.9645 3.2
      vertex -106.044 -30.5332 3.2
    endloop
  endfacet
  facet normal -0.659197 0.75197 0
    outer loop
      vertex -106.536 -30.9645 3.2
      vertex -106.044 -30.5332 0
      vertex -106.536 -30.9645 0
    endloop
  endfacet
  facet normal -0.751998 0.659165 0
    outer loop
      vertex -106.967 -31.4562 0
      vertex -106.536 -30.9645 3.2
      vertex -106.536 -30.9645 0
    endloop
  endfacet
  facet normal -0.751998 0.659165 0
    outer loop
      vertex -106.536 -30.9645 3.2
      vertex -106.967 -31.4562 0
      vertex -106.967 -31.4562 3.2
    endloop
  endfacet
  facet normal 0.946941 -0.321407 0
    outer loop
      vertex -98.3806 -36.4134 3.2
      vertex -98.1704 -35.7941 0
      vertex -98.1704 -35.7941 3.2
    endloop
  endfacet
  facet normal 0.946941 -0.321407 0
    outer loop
      vertex -98.1704 -35.7941 0
      vertex -98.3806 -36.4134 3.2
      vertex -98.3806 -36.4134 0
    endloop
  endfacet
  facet normal -0.997836 0.0657477 0
    outer loop
      vertex -108 -34.5 0
      vertex -107.957 -33.8474 3.2
      vertex -107.957 -33.8474 0
    endloop
  endfacet
  facet normal -0.997836 0.0657477 0
    outer loop
      vertex -107.957 -33.8474 3.2
      vertex -108 -34.5 0
      vertex -108 -34.5 3.2
    endloop
  endfacet
  facet normal 0.555512 0.831509 -0
    outer loop
      vertex -99.9562 -30.5332 0
      vertex -100.5 -30.1699 3.2
      vertex -99.9562 -30.5332 3.2
    endloop
  endfacet
  facet normal 0.555512 0.831509 0
    outer loop
      vertex -100.5 -30.1699 3.2
      vertex -99.9562 -30.5332 0
      vertex -100.5 -30.1699 0
    endloop
  endfacet
  facet normal -0.321546 -0.946894 0
    outer loop
      vertex -104.913 -39.1194 0
      vertex -104.294 -39.3296 3.2
      vertex -104.913 -39.1194 3.2
    endloop
  endfacet
  facet normal -0.321546 -0.946894 -0
    outer loop
      vertex -104.294 -39.3296 3.2
      vertex -104.913 -39.1194 0
      vertex -104.294 -39.3296 0
    endloop
  endfacet
  facet normal -0.751998 -0.659165 0
    outer loop
      vertex -106.536 -38.0355 0
      vertex -106.967 -37.5438 3.2
      vertex -106.967 -37.5438 0
    endloop
  endfacet
  facet normal -0.751998 -0.659165 0
    outer loop
      vertex -106.967 -37.5438 3.2
      vertex -106.536 -38.0355 0
      vertex -106.536 -38.0355 3.2
    endloop
  endfacet
  facet normal 0.195233 -0.980757 0
    outer loop
      vertex -102.347 -39.4572 0
      vertex -101.706 -39.3296 3.2
      vertex -102.347 -39.4572 3.2
    endloop
  endfacet
  facet normal 0.195233 -0.980757 0
    outer loop
      vertex -101.706 -39.3296 3.2
      vertex -102.347 -39.4572 0
      vertex -101.706 -39.3296 0
    endloop
  endfacet
  facet normal -0.321546 0.946894 0
    outer loop
      vertex -104.294 -29.6704 0
      vertex -104.913 -29.8806 3.2
      vertex -104.294 -29.6704 3.2
    endloop
  endfacet
  facet normal -0.321546 0.946894 0
    outer loop
      vertex -104.913 -29.8806 3.2
      vertex -104.294 -29.6704 0
      vertex -104.913 -29.8806 0
    endloop
  endfacet
  facet normal -0.831721 -0.555194 0
    outer loop
      vertex -106.967 -37.5438 0
      vertex -107.33 -37 3.2
      vertex -107.33 -37 0
    endloop
  endfacet
  facet normal -0.831721 -0.555194 0
    outer loop
      vertex -107.33 -37 3.2
      vertex -106.967 -37.5438 0
      vertex -106.967 -37.5438 3.2
    endloop
  endfacet
  facet normal 0.555512 -0.831509 0
    outer loop
      vertex -100.5 -38.8301 0
      vertex -99.9562 -38.4668 3.2
      vertex -100.5 -38.8301 3.2
    endloop
  endfacet
  facet normal 0.555512 -0.831509 0
    outer loop
      vertex -99.9562 -38.4668 3.2
      vertex -100.5 -38.8301 0
      vertex -99.9562 -38.4668 0
    endloop
  endfacet
  facet normal -0.946569 0.322503 0
    outer loop
      vertex -107.83 -33.2059 0
      vertex -107.619 -32.5866 3.2
      vertex -107.619 -32.5866 0
    endloop
  endfacet
  facet normal -0.946569 0.322503 0
    outer loop
      vertex -107.619 -32.5866 3.2
      vertex -107.83 -33.2059 0
      vertex -107.83 -33.2059 3.2
    endloop
  endfacet
  facet normal 0.321546 0.946894 -0
    outer loop
      vertex -101.087 -29.8806 0
      vertex -101.706 -29.6704 3.2
      vertex -101.087 -29.8806 3.2
    endloop
  endfacet
  facet normal 0.321546 0.946894 0
    outer loop
      vertex -101.706 -29.6704 3.2
      vertex -101.087 -29.8806 0
      vertex -101.706 -29.6704 0
    endloop
  endfacet
  facet normal 0.0654033 0.997859 -0
    outer loop
      vertex -102.347 -29.5428 0
      vertex -103 -29.5 3.2
      vertex -102.347 -29.5428 3.2
    endloop
  endfacet
  facet normal 0.0654033 0.997859 0
    outer loop
      vertex -103 -29.5 3.2
      vertex -102.347 -29.5428 0
      vertex -103 -29.5 0
    endloop
  endfacet
  facet normal -0.442072 0.89698 0
    outer loop
      vertex -104.913 -29.8806 0
      vertex -105.5 -30.1699 3.2
      vertex -104.913 -29.8806 3.2
    endloop
  endfacet
  facet normal -0.442072 0.89698 0
    outer loop
      vertex -105.5 -30.1699 3.2
      vertex -104.913 -29.8806 0
      vertex -105.5 -30.1699 0
    endloop
  endfacet
  facet normal 0.831509 -0.555512 0
    outer loop
      vertex -99.0332 -37.5438 3.2
      vertex -98.6699 -37 0
      vertex -98.6699 -37 3.2
    endloop
  endfacet
  facet normal 0.831509 -0.555512 0
    outer loop
      vertex -98.6699 -37 0
      vertex -99.0332 -37.5438 3.2
      vertex -99.0332 -37.5438 0
    endloop
  endfacet
  facet normal -0.997836 -0.0657477 0
    outer loop
      vertex -107.957 -35.1526 0
      vertex -108 -34.5 3.2
      vertex -108 -34.5 0
    endloop
  endfacet
  facet normal -0.997836 -0.0657477 0
    outer loop
      vertex -108 -34.5 3.2
      vertex -107.957 -35.1526 0
      vertex -107.957 -35.1526 3.2
    endloop
  endfacet
  facet normal -0.946569 -0.322503 0
    outer loop
      vertex -107.619 -36.4134 0
      vertex -107.83 -35.7941 3.2
      vertex -107.83 -35.7941 0
    endloop
  endfacet
  facet normal -0.946569 -0.322503 0
    outer loop
      vertex -107.83 -35.7941 3.2
      vertex -107.619 -36.4134 0
      vertex -107.619 -36.4134 3.2
    endloop
  endfacet
  facet normal -0.659197 -0.75197 0
    outer loop
      vertex -106.536 -38.0355 0
      vertex -106.044 -38.4668 3.2
      vertex -106.536 -38.0355 3.2
    endloop
  endfacet
  facet normal -0.659197 -0.75197 -0
    outer loop
      vertex -106.044 -38.4668 3.2
      vertex -106.536 -38.0355 0
      vertex -106.044 -38.4668 0
    endloop
  endfacet
  facet normal 0.442072 0.89698 -0
    outer loop
      vertex -100.5 -30.1699 0
      vertex -101.087 -29.8806 3.2
      vertex -100.5 -30.1699 3.2
    endloop
  endfacet
  facet normal 0.442072 0.89698 0
    outer loop
      vertex -101.087 -29.8806 3.2
      vertex -100.5 -30.1699 0
      vertex -101.087 -29.8806 0
    endloop
  endfacet
  facet normal -0.195233 0.980757 0
    outer loop
      vertex -103.653 -29.5428 0
      vertex -104.294 -29.6704 3.2
      vertex -103.653 -29.5428 3.2
    endloop
  endfacet
  facet normal -0.195233 0.980757 0
    outer loop
      vertex -104.294 -29.6704 3.2
      vertex -103.653 -29.5428 0
      vertex -104.294 -29.6704 0
    endloop
  endfacet
  facet normal 0.751771 0.659424 0
    outer loop
      vertex -99.0332 -31.4562 3.2
      vertex -99.4645 -30.9645 0
      vertex -99.4645 -30.9645 3.2
    endloop
  endfacet
  facet normal 0.751771 0.659424 0
    outer loop
      vertex -99.4645 -30.9645 0
      vertex -99.0332 -31.4562 3.2
      vertex -99.0332 -31.4562 0
    endloop
  endfacet
  facet normal 0.195233 0.980757 -0
    outer loop
      vertex -101.706 -29.6704 0
      vertex -102.347 -29.5428 3.2
      vertex -101.706 -29.6704 3.2
    endloop
  endfacet
  facet normal 0.195233 0.980757 0
    outer loop
      vertex -102.347 -29.5428 3.2
      vertex -101.706 -29.6704 0
      vertex -102.347 -29.5428 0
    endloop
  endfacet
  facet normal 0.751771 -0.659424 0
    outer loop
      vertex -99.4645 -38.0355 3.2
      vertex -99.0332 -37.5438 0
      vertex -99.0332 -37.5438 3.2
    endloop
  endfacet
  facet normal 0.751771 -0.659424 0
    outer loop
      vertex -99.0332 -37.5438 0
      vertex -99.4645 -38.0355 3.2
      vertex -99.4645 -38.0355 0
    endloop
  endfacet
  facet normal -0.442072 -0.89698 0
    outer loop
      vertex -105.5 -38.8301 0
      vertex -104.913 -39.1194 3.2
      vertex -105.5 -38.8301 3.2
    endloop
  endfacet
  facet normal -0.442072 -0.89698 -0
    outer loop
      vertex -104.913 -39.1194 3.2
      vertex -105.5 -38.8301 0
      vertex -104.913 -39.1194 0
    endloop
  endfacet
  facet normal -0.0654033 0.997859 0
    outer loop
      vertex -103 -29.5 0
      vertex -103.653 -29.5428 3.2
      vertex -103 -29.5 3.2
    endloop
  endfacet
  facet normal -0.0654033 0.997859 0
    outer loop
      vertex -103.653 -29.5428 3.2
      vertex -103 -29.5 0
      vertex -103.653 -29.5428 0
    endloop
  endfacet
  facet normal -0.980961 0.194204 0
    outer loop
      vertex -107.957 -33.8474 0
      vertex -107.83 -33.2059 3.2
      vertex -107.83 -33.2059 0
    endloop
  endfacet
  facet normal -0.980961 0.194204 0
    outer loop
      vertex -107.83 -33.2059 3.2
      vertex -107.957 -33.8474 0
      vertex -107.957 -33.8474 3.2
    endloop
  endfacet
  facet normal 0.0654033 -0.997859 0
    outer loop
      vertex -103 -39.5 0
      vertex -102.347 -39.4572 3.2
      vertex -103 -39.5 3.2
    endloop
  endfacet
  facet normal 0.0654033 -0.997859 0
    outer loop
      vertex -102.347 -39.4572 3.2
      vertex -103 -39.5 0
      vertex -102.347 -39.4572 0
    endloop
  endfacet
  facet normal 0.442072 -0.89698 0
    outer loop
      vertex -101.087 -39.1194 0
      vertex -100.5 -38.8301 3.2
      vertex -101.087 -39.1194 3.2
    endloop
  endfacet
  facet normal 0.442072 -0.89698 0
    outer loop
      vertex -100.5 -38.8301 3.2
      vertex -101.087 -39.1194 0
      vertex -100.5 -38.8301 0
    endloop
  endfacet
  facet normal 0.659424 -0.751771 0
    outer loop
      vertex -99.9562 -38.4668 0
      vertex -99.4645 -38.0355 3.2
      vertex -99.9562 -38.4668 3.2
    endloop
  endfacet
  facet normal 0.659424 -0.751771 0
    outer loop
      vertex -99.4645 -38.0355 3.2
      vertex -99.9562 -38.4668 0
      vertex -99.4645 -38.0355 0
    endloop
  endfacet
  facet normal -0.897042 -0.441945 0
    outer loop
      vertex -107.33 -37 0
      vertex -107.619 -36.4134 3.2
      vertex -107.619 -36.4134 0
    endloop
  endfacet
  facet normal -0.897042 -0.441945 0
    outer loop
      vertex -107.619 -36.4134 3.2
      vertex -107.33 -37 0
      vertex -107.33 -37 3.2
    endloop
  endfacet
  facet normal 0.89686 -0.442314 0
    outer loop
      vertex -98.6699 -37 3.2
      vertex -98.3806 -36.4134 0
      vertex -98.3806 -36.4134 3.2
    endloop
  endfacet
  facet normal 0.89686 -0.442314 0
    outer loop
      vertex -98.3806 -36.4134 0
      vertex -98.6699 -37 3.2
      vertex -98.6699 -37 0
    endloop
  endfacet
  facet normal 0.659424 0.751771 -0
    outer loop
      vertex -99.4645 -30.9645 0
      vertex -99.9562 -30.5332 3.2
      vertex -99.4645 -30.9645 3.2
    endloop
  endfacet
  facet normal 0.659424 0.751771 0
    outer loop
      vertex -99.9562 -30.5332 3.2
      vertex -99.4645 -30.9645 0
      vertex -99.9562 -30.5332 0
    endloop
  endfacet
  facet normal 0.997856 -0.0654432 0
    outer loop
      vertex -98.0428 -35.1526 3.2
      vertex -98 -34.5 0
      vertex -98 -34.5 3.2
    endloop
  endfacet
  facet normal 0.997856 -0.0654432 0
    outer loop
      vertex -98 -34.5 0
      vertex -98.0428 -35.1526 3.2
      vertex -98.0428 -35.1526 0
    endloop
  endfacet
  facet normal -0.55537 -0.831603 0
    outer loop
      vertex -106.044 -38.4668 0
      vertex -105.5 -38.8301 3.2
      vertex -106.044 -38.4668 3.2
    endloop
  endfacet
  facet normal -0.55537 -0.831603 -0
    outer loop
      vertex -105.5 -38.8301 3.2
      vertex -106.044 -38.4668 0
      vertex -105.5 -38.8301 0
    endloop
  endfacet
  facet normal 0.89686 0.442314 0
    outer loop
      vertex -98.3806 -32.5866 3.2
      vertex -98.6699 -32 0
      vertex -98.6699 -32 3.2
    endloop
  endfacet
  facet normal 0.89686 0.442314 0
    outer loop
      vertex -98.6699 -32 0
      vertex -98.3806 -32.5866 3.2
      vertex -98.3806 -32.5866 0
    endloop
  endfacet
  facet normal 0.980786 -0.195087 0
    outer loop
      vertex -98.1704 -35.7941 3.2
      vertex -98.0428 -35.1526 0
      vertex -98.0428 -35.1526 3.2
    endloop
  endfacet
  facet normal 0.980786 -0.195087 0
    outer loop
      vertex -98.0428 -35.1526 0
      vertex -98.1704 -35.7941 3.2
      vertex -98.1704 -35.7941 0
    endloop
  endfacet
  facet normal 0.946941 0.321407 0
    outer loop
      vertex -98.1704 -33.2059 3.2
      vertex -98.3806 -32.5866 0
      vertex -98.3806 -32.5866 3.2
    endloop
  endfacet
  facet normal 0.946941 0.321407 0
    outer loop
      vertex -98.3806 -32.5866 0
      vertex -98.1704 -33.2059 3.2
      vertex -98.1704 -33.2059 0
    endloop
  endfacet
  facet normal 0 0 -1
    outer loop
      vertex -98.0428 -35.1526 0
      vertex -98.0428 -33.8474 0
      vertex -98 -34.5 0
    endloop
  endfacet
  facet normal 0 0 -1
    outer loop
      vertex -98.1704 -35.7941 0
      vertex -98.0428 -33.8474 0
      vertex -98.0428 -35.1526 0
    endloop
  endfacet
  facet normal 0 0 -1
    outer loop
      vertex -98.1704 -35.7941 0
      vertex -98.1704 -33.2059 0
      vertex -98.0428 -33.8474 0
    endloop
  endfacet
  facet normal 0 0 -1
    outer loop
      vertex -98.3806 -36.4134 0
      vertex -98.1704 -33.2059 0
      vertex -98.1704 -35.7941 0
    endloop
  endfacet
  facet normal 0 0 -1
    outer loop
      vertex -98.3806 -36.4134 0
      vertex -98.3806 -32.5866 0
      vertex -98.1704 -33.2059 0
    endloop
  endfacet
  facet normal 0 0 -1
    outer loop
      vertex -98.6699 -37 0
      vertex -98.3806 -32.5866 0
      vertex -98.3806 -36.4134 0
    endloop
  endfacet
  facet normal 0 0 -1
    outer loop
      vertex -98.6699 -37 0
      vertex -98.6699 -32 0
      vertex -98.3806 -32.5866 0
    endloop
  endfacet
  facet normal 0 0 -1
    outer loop
      vertex -99.0332 -37.5438 0
      vertex -98.6699 -32 0
      vertex -98.6699 -37 0
    endloop
  endfacet
  facet normal 0 0 -1
    outer loop
      vertex -99.0332 -37.5438 0
      vertex -99.0332 -31.4562 0
      vertex -98.6699 -32 0
    endloop
  endfacet
  facet normal 0 0 -1
    outer loop
      vertex -99.4645 -38.0355 0
      vertex -99.0332 -31.4562 0
      vertex -99.0332 -37.5438 0
    endloop
  endfacet
  facet normal 0 0 -1
    outer loop
      vertex -99.4645 -38.0355 0
      vertex -99.4645 -30.9645 0
      vertex -99.0332 -31.4562 0
    endloop
  endfacet
  facet normal 0 0 -1
    outer loop
      vertex -99.9562 -38.4668 0
      vertex -99.4645 -30.9645 0
      vertex -99.4645 -38.0355 0
    endloop
  endfacet
  facet normal 0 0 -1
    outer loop
      vertex -99.9562 -38.4668 0
      vertex -99.9562 -30.5332 0
      vertex -99.4645 -30.9645 0
    endloop
  endfacet
  facet normal 0 0 -1
    outer loop
      vertex -100.5 -38.8301 0
      vertex -99.9562 -30.5332 0
      vertex -99.9562 -38.4668 0
    endloop
  endfacet
  facet normal 0 0 -1
    outer loop
      vertex -100.5 -38.8301 0
      vertex -100.5 -30.1699 0
      vertex -99.9562 -30.5332 0
    endloop
  endfacet
  facet normal 0 0 -1
    outer loop
      vertex -101.087 -39.1194 0
      vertex -100.5 -30.1699 0
      vertex -100.5 -38.8301 0
    endloop
  endfacet
  facet normal 0 0 -1
    outer loop
      vertex -101.087 -39.1194 0
      vertex -101.087 -29.8806 0
      vertex -100.5 -30.1699 0
    endloop
  endfacet
  facet normal 0 0 -1
    outer loop
      vertex -101.706 -39.3296 0
      vertex -101.087 -29.8806 0
      vertex -101.087 -39.1194 0
    endloop
  endfacet
  facet normal 0 0 -1
    outer loop
      vertex -101.706 -39.3296 0
      vertex -101.706 -29.6704 0
      vertex -101.087 -29.8806 0
    endloop
  endfacet
  facet normal 0 0 -1
    outer loop
      vertex -102.347 -39.4572 0
      vertex -101.706 -29.6704 0
      vertex -101.706 -39.3296 0
    endloop
  endfacet
  facet normal 0 0 -1
    outer loop
      vertex -102.347 -39.4572 0
      vertex -102.347 -29.5428 0
      vertex -101.706 -29.6704 0
    endloop
  endfacet
  facet normal 0 0 -1
    outer loop
      vertex -103 -39.5 0
      vertex -102.347 -29.5428 0
      vertex -102.347 -39.4572 0
    endloop
  endfacet
  facet normal 0 0 -1
    outer loop
      vertex -103 -39.5 0
      vertex -103 -29.5 0
      vertex -102.347 -29.5428 0
    endloop
  endfacet
  facet normal 0 0 -1
    outer loop
      vertex -103.653 -39.4572 0
      vertex -103 -29.5 0
      vertex -103 -39.5 0
    endloop
  endfacet
  facet normal 0 0 -1
    outer loop
      vertex -103.653 -39.4572 0
      vertex -103.653 -29.5428 0
      vertex -103 -29.5 0
    endloop
  endfacet
  facet normal 0 0 -1
    outer loop
      vertex -104.294 -39.3296 0
      vertex -103.653 -29.5428 0
      vertex -103.653 -39.4572 0
    endloop
  endfacet
  facet normal 0 0 -1
    outer loop
      vertex -104.294 -39.3296 0
      vertex -104.294 -29.6704 0
      vertex -103.653 -29.5428 0
    endloop
  endfacet
  facet normal 0 0 -1
    outer loop
      vertex -104.913 -39.1194 0
      vertex -104.294 -29.6704 0
      vertex -104.294 -39.3296 0
    endloop
  endfacet
  facet normal 0 0 -1
    outer loop
      vertex -104.913 -39.1194 0
      vertex -104.913 -29.8806 0
      vertex -104.294 -29.6704 0
    endloop
  endfacet
  facet normal 0 0 -1
    outer loop
      vertex -105.5 -38.8301 0
      vertex -104.913 -29.8806 0
      vertex -104.913 -39.1194 0
    endloop
  endfacet
  facet normal 0 0 -1
    outer loop
      vertex -105.5 -38.8301 0
      vertex -105.5 -30.1699 0
      vertex -104.913 -29.8806 0
    endloop
  endfacet
  facet normal 0 0 -1
    outer loop
      vertex -106.044 -38.4668 0
      vertex -105.5 -30.1699 0
      vertex -105.5 -38.8301 0
    endloop
  endfacet
  facet normal 0 0 -1
    outer loop
      vertex -106.044 -38.4668 0
      vertex -106.044 -30.5332 0
      vertex -105.5 -30.1699 0
    endloop
  endfacet
  facet normal 0 0 -1
    outer loop
      vertex -106.536 -38.0355 0
      vertex -106.044 -30.5332 0
      vertex -106.044 -38.4668 0
    endloop
  endfacet
  facet normal 0 0 -1
    outer loop
      vertex -106.536 -38.0355 0
      vertex -106.536 -30.9645 0
      vertex -106.044 -30.5332 0
    endloop
  endfacet
  facet normal 0 0 -1
    outer loop
      vertex -106.967 -37.5438 0
      vertex -106.536 -30.9645 0
      vertex -106.536 -38.0355 0
    endloop
  endfacet
  facet normal 0 0 -1
    outer loop
      vertex -106.967 -37.5438 0
      vertex -106.967 -31.4562 0
      vertex -106.536 -30.9645 0
    endloop
  endfacet
  facet normal 0 0 -1
    outer loop
      vertex -107.33 -37 0
      vertex -106.967 -31.4562 0
      vertex -106.967 -37.5438 0
    endloop
  endfacet
  facet normal 0 0 -1
    outer loop
      vertex -107.33 -37 0
      vertex -107.33 -32 0
      vertex -106.967 -31.4562 0
    endloop
  endfacet
  facet normal 0 0 -1
    outer loop
      vertex -107.619 -36.4134 0
      vertex -107.33 -32 0
      vertex -107.33 -37 0
    endloop
  endfacet
  facet normal 0 0 -1
    outer loop
      vertex -107.619 -36.4134 0
      vertex -107.619 -32.5866 0
      vertex -107.33 -32 0
    endloop
  endfacet
  facet normal 0 0 -1
    outer loop
      vertex -107.83 -35.7941 0
      vertex -107.619 -32.5866 0
      vertex -107.619 -36.4134 0
    endloop
  endfacet
  facet normal 0 0 -1
    outer loop
      vertex -107.83 -35.7941 0
      vertex -107.83 -33.2059 0
      vertex -107.619 -32.5866 0
    endloop
  endfacet
  facet normal 0 0 -1
    outer loop
      vertex -107.957 -35.1526 0
      vertex -107.83 -33.2059 0
      vertex -107.83 -35.7941 0
    endloop
  endfacet
  facet normal 0 0 -1
    outer loop
      vertex -107.957 -35.1526 0
      vertex -107.957 -33.8474 0
      vertex -107.83 -33.2059 0
    endloop
  endfacet
  facet normal 0 -0 -1
    outer loop
      vertex -107.957 -33.8474 0
      vertex -107.957 -35.1526 0
      vertex -108 -34.5 0
    endloop
  endfacet
  facet normal -0.980961 -0.194204 0
    outer loop
      vertex -107.83 -35.7941 0
      vertex -107.957 -35.1526 3.2
      vertex -107.957 -35.1526 0
    endloop
  endfacet
  facet normal -0.980961 -0.194204 0
    outer loop
      vertex -107.957 -35.1526 3.2
      vertex -107.83 -35.7941 0
      vertex -107.83 -35.7941 3.2
    endloop
  endfacet
  facet normal 0 0 1
    outer loop
      vertex -100.25 -34.5 3.2
      vertex -98 -34.5 3.2
      vertex -98.0428 -33.8474 3.2
    endloop
  endfacet
  facet normal 0 0 1
    outer loop
      vertex -100.274 -34.1411 3.2
      vertex -98.0428 -33.8474 3.2
      vertex -98.1704 -33.2059 3.2
    endloop
  endfacet
  facet normal 0 0 1
    outer loop
      vertex -98 -34.5 3.2
      vertex -100.25 -34.5 3.2
      vertex -98.0428 -35.1526 3.2
    endloop
  endfacet
  facet normal 0 0 1
    outer loop
      vertex -100.344 -33.7882 3.2
      vertex -98.1704 -33.2059 3.2
      vertex -98.3806 -32.5866 3.2
    endloop
  endfacet
  facet normal -0 0 1
    outer loop
      vertex -100.274 -34.8589 3.2
      vertex -98.0428 -35.1526 3.2
      vertex -100.25 -34.5 3.2
    endloop
  endfacet
  facet normal 0 0 1
    outer loop
      vertex -100.459 -33.4476 3.2
      vertex -98.3806 -32.5866 3.2
      vertex -98.6699 -32 3.2
    endloop
  endfacet
  facet normal 0 0 1
    outer loop
      vertex -98.0428 -35.1526 3.2
      vertex -100.274 -34.8589 3.2
      vertex -98.1704 -35.7941 3.2
    endloop
  endfacet
  facet normal 0 0 1
    outer loop
      vertex -100.618 -33.125 3.2
      vertex -98.6699 -32 3.2
      vertex -99.0332 -31.4562 3.2
    endloop
  endfacet
  facet normal -0 0 1
    outer loop
      vertex -100.344 -35.2118 3.2
      vertex -98.1704 -35.7941 3.2
      vertex -100.274 -34.8589 3.2
    endloop
  endfacet
  facet normal 0 0 1
    outer loop
      vertex -100.818 -32.8259 3.2
      vertex -99.0332 -31.4562 3.2
      vertex -99.4645 -30.9645 3.2
    endloop
  endfacet
  facet normal 0 0 1
    outer loop
      vertex -98.1704 -35.7941 3.2
      vertex -100.344 -35.2118 3.2
      vertex -98.3806 -36.4134 3.2
    endloop
  endfacet
  facet normal 0 0 1
    outer loop
      vertex -101.055 -32.5555 3.2
      vertex -99.4645 -30.9645 3.2
      vertex -99.9562 -30.5332 3.2
    endloop
  endfacet
  facet normal -0 0 1
    outer loop
      vertex -100.459 -35.5524 3.2
      vertex -98.3806 -36.4134 3.2
      vertex -100.344 -35.2118 3.2
    endloop
  endfacet
  facet normal 0 0 1
    outer loop
      vertex -98.3806 -36.4134 3.2
      vertex -100.459 -35.5524 3.2
      vertex -98.6699 -37 3.2
    endloop
  endfacet
  facet normal 0 0 1
    outer loop
      vertex -98.0428 -33.8474 3.2
      vertex -100.274 -34.1411 3.2
      vertex -100.25 -34.5 3.2
    endloop
  endfacet
  facet normal 0 0 1
    outer loop
      vertex -98.1704 -33.2059 3.2
      vertex -100.344 -33.7882 3.2
      vertex -100.274 -34.1411 3.2
    endloop
  endfacet
  facet normal 0 0 1
    outer loop
      vertex -98.3806 -32.5866 3.2
      vertex -100.459 -33.4476 3.2
      vertex -100.344 -33.7882 3.2
    endloop
  endfacet
  facet normal 0 0 1
    outer loop
      vertex -101.326 -32.3183 3.2
      vertex -99.9562 -30.5332 3.2
      vertex -100.5 -30.1699 3.2
    endloop
  endfacet
  facet normal 0 0 1
    outer loop
      vertex -98.6699 -32 3.2
      vertex -100.618 -33.125 3.2
      vertex -100.459 -33.4476 3.2
    endloop
  endfacet
  facet normal 0 0 1
    outer loop
      vertex -99.0332 -31.4562 3.2
      vertex -100.818 -32.8259 3.2
      vertex -100.618 -33.125 3.2
    endloop
  endfacet
  facet normal 0 0 1
    outer loop
      vertex -99.4645 -30.9645 3.2
      vertex -101.055 -32.5555 3.2
      vertex -100.818 -32.8259 3.2
    endloop
  endfacet
  facet normal 0 0 1
    outer loop
      vertex -101.625 -32.1184 3.2
      vertex -100.5 -30.1699 3.2
      vertex -101.087 -29.8806 3.2
    endloop
  endfacet
  facet normal 0 0 1
    outer loop
      vertex -99.9562 -30.5332 3.2
      vertex -101.326 -32.3183 3.2
      vertex -101.055 -32.5555 3.2
    endloop
  endfacet
  facet normal 0 0 1
    outer loop
      vertex -100.5 -30.1699 3.2
      vertex -101.625 -32.1184 3.2
      vertex -101.326 -32.3183 3.2
    endloop
  endfacet
  facet normal 0 0 1
    outer loop
      vertex -101.948 -31.9593 3.2
      vertex -101.087 -29.8806 3.2
      vertex -101.706 -29.6704 3.2
    endloop
  endfacet
  facet normal 0 0 1
    outer loop
      vertex -101.087 -29.8806 3.2
      vertex -101.948 -31.9593 3.2
      vertex -101.625 -32.1184 3.2
    endloop
  endfacet
  facet normal 0 0 1
    outer loop
      vertex -101.706 -29.6704 3.2
      vertex -102.288 -31.8437 3.2
      vertex -101.948 -31.9593 3.2
    endloop
  endfacet
  facet normal 0 0 1
    outer loop
      vertex -102.347 -29.5428 3.2
      vertex -102.288 -31.8437 3.2
      vertex -101.706 -29.6704 3.2
    endloop
  endfacet
  facet normal 0 0 1
    outer loop
      vertex -102.347 -29.5428 3.2
      vertex -102.641 -31.7735 3.2
      vertex -102.288 -31.8437 3.2
    endloop
  endfacet
  facet normal 0 0 1
    outer loop
      vertex -103 -29.5 3.2
      vertex -102.641 -31.7735 3.2
      vertex -102.347 -29.5428 3.2
    endloop
  endfacet
  facet normal 0 0 1
    outer loop
      vertex -103 -29.5 3.2
      vertex -103 -31.75 3.2
      vertex -102.641 -31.7735 3.2
    endloop
  endfacet
  facet normal 0 0 1
    outer loop
      vertex -103 -29.5 3.2
      vertex -103.359 -31.7735 3.2
      vertex -103 -31.75 3.2
    endloop
  endfacet
  facet normal -0 0 1
    outer loop
      vertex -103.653 -29.5428 3.2
      vertex -103.359 -31.7735 3.2
      vertex -103 -29.5 3.2
    endloop
  endfacet
  facet normal 0 0 1
    outer loop
      vertex -103.653 -29.5428 3.2
      vertex -103.712 -31.8437 3.2
      vertex -103.359 -31.7735 3.2
    endloop
  endfacet
  facet normal -0 0 1
    outer loop
      vertex -104.294 -29.6704 3.2
      vertex -103.712 -31.8437 3.2
      vertex -103.653 -29.5428 3.2
    endloop
  endfacet
  facet normal 0 0 1
    outer loop
      vertex -103.712 -31.8437 3.2
      vertex -104.294 -29.6704 3.2
      vertex -104.052 -31.9593 3.2
    endloop
  endfacet
  facet normal -0 0 1
    outer loop
      vertex -104.913 -29.8806 3.2
      vertex -104.052 -31.9593 3.2
      vertex -104.294 -29.6704 3.2
    endloop
  endfacet
  facet normal 0 0 1
    outer loop
      vertex -104.052 -31.9593 3.2
      vertex -104.913 -29.8806 3.2
      vertex -104.375 -32.1184 3.2
    endloop
  endfacet
  facet normal -0 0 1
    outer loop
      vertex -105.5 -30.1699 3.2
      vertex -104.375 -32.1184 3.2
      vertex -104.913 -29.8806 3.2
    endloop
  endfacet
  facet normal 0 0 1
    outer loop
      vertex -104.375 -32.1184 3.2
      vertex -105.5 -30.1699 3.2
      vertex -104.674 -32.3183 3.2
    endloop
  endfacet
  facet normal -0 0 1
    outer loop
      vertex -106.044 -30.5332 3.2
      vertex -104.674 -32.3183 3.2
      vertex -105.5 -30.1699 3.2
    endloop
  endfacet
  facet normal 0 0 1
    outer loop
      vertex -104.674 -32.3183 3.2
      vertex -106.044 -30.5332 3.2
      vertex -104.945 -32.5555 3.2
    endloop
  endfacet
  facet normal -0 0 1
    outer loop
      vertex -106.536 -30.9645 3.2
      vertex -104.945 -32.5555 3.2
      vertex -106.044 -30.5332 3.2
    endloop
  endfacet
  facet normal 0 0 1
    outer loop
      vertex -104.945 -32.5555 3.2
      vertex -106.536 -30.9645 3.2
      vertex -105.182 -32.8259 3.2
    endloop
  endfacet
  facet normal -0 0 1
    outer loop
      vertex -106.967 -31.4562 3.2
      vertex -105.182 -32.8259 3.2
      vertex -106.536 -30.9645 3.2
    endloop
  endfacet
  facet normal 0 0 1
    outer loop
      vertex -105.182 -32.8259 3.2
      vertex -106.967 -31.4562 3.2
      vertex -105.382 -33.125 3.2
    endloop
  endfacet
  facet normal -0 0 1
    outer loop
      vertex -107.33 -32 3.2
      vertex -105.382 -33.125 3.2
      vertex -106.967 -31.4562 3.2
    endloop
  endfacet
  facet normal 0 0 1
    outer loop
      vertex -105.382 -33.125 3.2
      vertex -107.33 -32 3.2
      vertex -105.541 -33.4476 3.2
    endloop
  endfacet
  facet normal -0 0 1
    outer loop
      vertex -100.618 -35.875 3.2
      vertex -98.6699 -37 3.2
      vertex -100.459 -35.5524 3.2
    endloop
  endfacet
  facet normal 0 0 1
    outer loop
      vertex -98.6699 -37 3.2
      vertex -100.618 -35.875 3.2
      vertex -99.0332 -37.5438 3.2
    endloop
  endfacet
  facet normal -0 0 1
    outer loop
      vertex -100.818 -36.1741 3.2
      vertex -99.0332 -37.5438 3.2
      vertex -100.618 -35.875 3.2
    endloop
  endfacet
  facet normal 0 0 1
    outer loop
      vertex -99.0332 -37.5438 3.2
      vertex -100.818 -36.1741 3.2
      vertex -99.4645 -38.0355 3.2
    endloop
  endfacet
  facet normal -0 0 1
    outer loop
      vertex -101.055 -36.4445 3.2
      vertex -99.4645 -38.0355 3.2
      vertex -100.818 -36.1741 3.2
    endloop
  endfacet
  facet normal 0 0 1
    outer loop
      vertex -99.4645 -38.0355 3.2
      vertex -101.055 -36.4445 3.2
      vertex -99.9562 -38.4668 3.2
    endloop
  endfacet
  facet normal -0 0 1
    outer loop
      vertex -101.326 -36.6817 3.2
      vertex -99.9562 -38.4668 3.2
      vertex -101.055 -36.4445 3.2
    endloop
  endfacet
  facet normal 0 0 1
    outer loop
      vertex -99.9562 -38.4668 3.2
      vertex -101.326 -36.6817 3.2
      vertex -100.5 -38.8301 3.2
    endloop
  endfacet
  facet normal -0 0 1
    outer loop
      vertex -101.625 -36.8816 3.2
      vertex -100.5 -38.8301 3.2
      vertex -101.326 -36.6817 3.2
    endloop
  endfacet
  facet normal 0 0 1
    outer loop
      vertex -100.5 -38.8301 3.2
      vertex -101.625 -36.8816 3.2
      vertex -101.087 -39.1194 3.2
    endloop
  endfacet
  facet normal -0 0 1
    outer loop
      vertex -101.948 -37.0407 3.2
      vertex -101.087 -39.1194 3.2
      vertex -101.625 -36.8816 3.2
    endloop
  endfacet
  facet normal 0 0 1
    outer loop
      vertex -101.087 -39.1194 3.2
      vertex -101.948 -37.0407 3.2
      vertex -101.706 -39.3296 3.2
    endloop
  endfacet
  facet normal -0 0 1
    outer loop
      vertex -102.288 -37.1563 3.2
      vertex -101.706 -39.3296 3.2
      vertex -101.948 -37.0407 3.2
    endloop
  endfacet
  facet normal 0 0 1
    outer loop
      vertex -102.288 -37.1563 3.2
      vertex -102.347 -39.4572 3.2
      vertex -101.706 -39.3296 3.2
    endloop
  endfacet
  facet normal -0 0 1
    outer loop
      vertex -102.641 -37.2265 3.2
      vertex -102.347 -39.4572 3.2
      vertex -102.288 -37.1563 3.2
    endloop
  endfacet
  facet normal -0 0 1
    outer loop
      vertex -103 -37.25 3.2
      vertex -102.347 -39.4572 3.2
      vertex -102.641 -37.2265 3.2
    endloop
  endfacet
  facet normal 0 0 1
    outer loop
      vertex -103 -37.25 3.2
      vertex -103 -39.5 3.2
      vertex -102.347 -39.4572 3.2
    endloop
  endfacet
  facet normal 0 0 1
    outer loop
      vertex -103.359 -37.2265 3.2
      vertex -103 -39.5 3.2
      vertex -103 -37.25 3.2
    endloop
  endfacet
  facet normal 0 0 1
    outer loop
      vertex -103.359 -37.2265 3.2
      vertex -103.653 -39.4572 3.2
      vertex -103 -39.5 3.2
    endloop
  endfacet
  facet normal 0 0 1
    outer loop
      vertex -103.712 -37.1563 3.2
      vertex -103.653 -39.4572 3.2
      vertex -103.359 -37.2265 3.2
    endloop
  endfacet
  facet normal 0 0 1
    outer loop
      vertex -104.294 -39.3296 3.2
      vertex -103.712 -37.1563 3.2
      vertex -104.052 -37.0407 3.2
    endloop
  endfacet
  facet normal 0 0 1
    outer loop
      vertex -103.712 -37.1563 3.2
      vertex -104.294 -39.3296 3.2
      vertex -103.653 -39.4572 3.2
    endloop
  endfacet
  facet normal 0 0 1
    outer loop
      vertex -104.913 -39.1194 3.2
      vertex -104.052 -37.0407 3.2
      vertex -104.375 -36.8816 3.2
    endloop
  endfacet
  facet normal 0 0 1
    outer loop
      vertex -105.5 -38.8301 3.2
      vertex -104.375 -36.8816 3.2
      vertex -104.674 -36.6817 3.2
    endloop
  endfacet
  facet normal 0 0 1
    outer loop
      vertex -104.052 -37.0407 3.2
      vertex -104.913 -39.1194 3.2
      vertex -104.294 -39.3296 3.2
    endloop
  endfacet
  facet normal 0 0 1
    outer loop
      vertex -106.044 -38.4668 3.2
      vertex -104.674 -36.6817 3.2
      vertex -104.945 -36.4445 3.2
    endloop
  endfacet
  facet normal 0 0 1
    outer loop
      vertex -106.536 -38.0355 3.2
      vertex -104.945 -36.4445 3.2
      vertex -105.182 -36.1741 3.2
    endloop
  endfacet
  facet normal 0 0 1
    outer loop
      vertex -106.967 -37.5438 3.2
      vertex -105.182 -36.1741 3.2
      vertex -105.382 -35.875 3.2
    endloop
  endfacet
  facet normal 0 0 1
    outer loop
      vertex -104.375 -36.8816 3.2
      vertex -105.5 -38.8301 3.2
      vertex -104.913 -39.1194 3.2
    endloop
  endfacet
  facet normal 0 0 1
    outer loop
      vertex -107.33 -37 3.2
      vertex -105.382 -35.875 3.2
      vertex -105.541 -35.5524 3.2
    endloop
  endfacet
  facet normal 0 0 1
    outer loop
      vertex -107.619 -36.4134 3.2
      vertex -105.541 -35.5524 3.2
      vertex -105.656 -35.2118 3.2
    endloop
  endfacet
  facet normal 0 0 1
    outer loop
      vertex -107.83 -35.7941 3.2
      vertex -105.656 -35.2118 3.2
      vertex -105.726 -34.8589 3.2
    endloop
  endfacet
  facet normal 0 0 1
    outer loop
      vertex -107.957 -35.1526 3.2
      vertex -105.726 -34.8589 3.2
      vertex -105.75 -34.5 3.2
    endloop
  endfacet
  facet normal -0 0 1
    outer loop
      vertex -107.619 -32.5866 3.2
      vertex -105.541 -33.4476 3.2
      vertex -107.33 -32 3.2
    endloop
  endfacet
  facet normal 0 0 1
    outer loop
      vertex -104.674 -36.6817 3.2
      vertex -106.044 -38.4668 3.2
      vertex -105.5 -38.8301 3.2
    endloop
  endfacet
  facet normal 0 0 1
    outer loop
      vertex -105.541 -33.4476 3.2
      vertex -107.619 -32.5866 3.2
      vertex -105.656 -33.7882 3.2
    endloop
  endfacet
  facet normal 0 0 1
    outer loop
      vertex -104.945 -36.4445 3.2
      vertex -106.536 -38.0355 3.2
      vertex -106.044 -38.4668 3.2
    endloop
  endfacet
  facet normal -0 0 1
    outer loop
      vertex -107.83 -33.2059 3.2
      vertex -105.656 -33.7882 3.2
      vertex -107.619 -32.5866 3.2
    endloop
  endfacet
  facet normal 0 0 1
    outer loop
      vertex -105.182 -36.1741 3.2
      vertex -106.967 -37.5438 3.2
      vertex -106.536 -38.0355 3.2
    endloop
  endfacet
  facet normal 0 0 1
    outer loop
      vertex -105.656 -33.7882 3.2
      vertex -107.83 -33.2059 3.2
      vertex -105.726 -34.1411 3.2
    endloop
  endfacet
  facet normal 0 0 1
    outer loop
      vertex -105.382 -35.875 3.2
      vertex -107.33 -37 3.2
      vertex -106.967 -37.5438 3.2
    endloop
  endfacet
  facet normal -0 0 1
    outer loop
      vertex -107.957 -33.8474 3.2
      vertex -105.726 -34.1411 3.2
      vertex -107.83 -33.2059 3.2
    endloop
  endfacet
  facet normal 0 0 1
    outer loop
      vertex -105.541 -35.5524 3.2
      vertex -107.619 -36.4134 3.2
      vertex -107.33 -37 3.2
    endloop
  endfacet
  facet normal 0 0 1
    outer loop
      vertex -105.726 -34.1411 3.2
      vertex -107.957 -33.8474 3.2
      vertex -105.75 -34.5 3.2
    endloop
  endfacet
  facet normal 0 0 1
    outer loop
      vertex -105.656 -35.2118 3.2
      vertex -107.83 -35.7941 3.2
      vertex -107.619 -36.4134 3.2
    endloop
  endfacet
  facet normal 0 0 1
    outer loop
      vertex -108 -34.5 3.2
      vertex -105.75 -34.5 3.2
      vertex -107.957 -33.8474 3.2
    endloop
  endfacet
  facet normal 0 0 1
    outer loop
      vertex -105.726 -34.8589 3.2
      vertex -107.957 -35.1526 3.2
      vertex -107.83 -35.7941 3.2
    endloop
  endfacet
  facet normal 0 0 1
    outer loop
      vertex -105.75 -34.5 3.2
      vertex -108 -34.5 3.2
      vertex -107.957 -35.1526 3.2
    endloop
  endfacet
  facet normal -0.195233 -0.980757 0
    outer loop
      vertex -104.294 -39.3296 0
      vertex -103.653 -39.4572 3.2
      vertex -104.294 -39.3296 3.2
    endloop
  endfacet
  facet normal -0.195233 -0.980757 -0
    outer loop
      vertex -103.653 -39.4572 3.2
      vertex -104.294 -39.3296 0
      vertex -103.653 -39.4572 0
    endloop
  endfacet
  facet normal -0.831721 0.555194 0
    outer loop
      vertex -107.33 -32 0
      vertex -106.967 -31.4562 3.2
      vertex -106.967 -31.4562 0
    endloop
  endfacet
  facet normal -0.831721 0.555194 0
    outer loop
      vertex -106.967 -31.4562 3.2
      vertex -107.33 -32 0
      vertex -107.33 -32 3.2
    endloop
  endfacet
  facet normal -0.0654033 -0.997859 0
    outer loop
      vertex -103.653 -39.4572 0
      vertex -103 -39.5 3.2
      vertex -103.653 -39.4572 3.2
    endloop
  endfacet
  facet normal -0.0654033 -0.997859 -0
    outer loop
      vertex -103 -39.5 3.2
      vertex -103.653 -39.4572 0
      vertex -103 -39.5 0
    endloop
  endfacet
  facet normal 0.980889 -0.194566 0
    outer loop
      vertex -100.344 -35.2118 4.7
      vertex -100.274 -34.8589 3.2
      vertex -100.274 -34.8589 4.7
    endloop
  endfacet
  facet normal 0.980889 -0.194566 0
    outer loop
      vertex -100.274 -34.8589 3.2
      vertex -100.344 -35.2118 4.7
      vertex -100.344 -35.2118 3.2
    endloop
  endfacet
  facet normal 0.980889 0.194566 0
    outer loop
      vertex -100.274 -34.1411 4.7
      vertex -100.344 -33.7882 3.2
      vertex -100.344 -33.7882 4.7
    endloop
  endfacet
  facet normal 0.980889 0.194566 0
    outer loop
      vertex -100.344 -33.7882 3.2
      vertex -100.274 -34.1411 4.7
      vertex -100.274 -34.1411 3.2
    endloop
  endfacet
  facet normal 0.997772 0.066722 0
    outer loop
      vertex -100.25 -34.5 4.7
      vertex -100.274 -34.1411 3.2
      vertex -100.274 -34.1411 4.7
    endloop
  endfacet
  facet normal 0.997772 0.066722 0
    outer loop
      vertex -100.274 -34.1411 3.2
      vertex -100.25 -34.5 4.7
      vertex -100.25 -34.5 3.2
    endloop
  endfacet
  facet normal 0.947452 0.319897 0
    outer loop
      vertex -100.344 -33.7882 4.7
      vertex -100.459 -33.4476 3.2
      vertex -100.459 -33.4476 4.7
    endloop
  endfacet
  facet normal 0.947452 0.319897 0
    outer loop
      vertex -100.459 -33.4476 3.2
      vertex -100.344 -33.7882 4.7
      vertex -100.344 -33.7882 3.2
    endloop
  endfacet
  facet normal -0.997772 0.066722 0
    outer loop
      vertex -105.75 -34.5 3.2
      vertex -105.726 -34.1411 4.7
      vertex -105.726 -34.1411 3.2
    endloop
  endfacet
  facet normal -0.997772 0.066722 0
    outer loop
      vertex -105.726 -34.1411 4.7
      vertex -105.75 -34.5 3.2
      vertex -105.75 -34.5 4.7
    endloop
  endfacet
  facet normal 0.441873 -0.897078 0
    outer loop
      vertex -101.948 -37.0407 3.2
      vertex -101.625 -36.8816 4.7
      vertex -101.948 -37.0407 4.7
    endloop
  endfacet
  facet normal 0.441873 -0.897078 0
    outer loop
      vertex -101.625 -36.8816 4.7
      vertex -101.948 -37.0407 3.2
      vertex -101.625 -36.8816 3.2
    endloop
  endfacet
  facet normal 0.195047 0.980794 -0
    outer loop
      vertex -102.288 -31.8437 3.2
      vertex -102.641 -31.7735 4.7
      vertex -102.288 -31.8437 4.7
    endloop
  endfacet
  facet normal 0.195047 0.980794 0
    outer loop
      vertex -102.641 -31.7735 4.7
      vertex -102.288 -31.8437 3.2
      vertex -102.641 -31.7735 3.2
    endloop
  endfacet
  facet normal 0.195047 -0.980794 0
    outer loop
      vertex -102.641 -37.2265 3.2
      vertex -102.288 -37.1563 4.7
      vertex -102.641 -37.2265 4.7
    endloop
  endfacet
  facet normal 0.195047 -0.980794 0
    outer loop
      vertex -102.288 -37.1563 4.7
      vertex -102.641 -37.2265 3.2
      vertex -102.288 -37.1563 3.2
    endloop
  endfacet
  facet normal 0.0653198 -0.997864 0
    outer loop
      vertex -103 -37.25 3.2
      vertex -102.641 -37.2265 4.7
      vertex -103 -37.25 4.7
    endloop
  endfacet
  facet normal 0.0653198 -0.997864 0
    outer loop
      vertex -102.641 -37.2265 4.7
      vertex -103 -37.25 3.2
      vertex -102.641 -37.2265 3.2
    endloop
  endfacet
  facet normal -0.658623 0.752473 0
    outer loop
      vertex -104.674 -32.3183 3.2
      vertex -104.945 -32.5555 4.7
      vertex -104.674 -32.3183 4.7
    endloop
  endfacet
  facet normal -0.658623 0.752473 0
    outer loop
      vertex -104.945 -32.5555 4.7
      vertex -104.674 -32.3183 3.2
      vertex -104.945 -32.5555 3.2
    endloop
  endfacet
  facet normal -0.83128 0.555854 0
    outer loop
      vertex -105.382 -33.125 3.2
      vertex -105.182 -32.8259 4.7
      vertex -105.182 -32.8259 3.2
    endloop
  endfacet
  facet normal -0.83128 0.555854 0
    outer loop
      vertex -105.182 -32.8259 4.7
      vertex -105.382 -33.125 3.2
      vertex -105.382 -33.125 4.7
    endloop
  endfacet
  facet normal 0.321903 0.946773 -0
    outer loop
      vertex -101.948 -31.9593 3.2
      vertex -102.288 -31.8437 4.7
      vertex -101.948 -31.9593 4.7
    endloop
  endfacet
  facet normal 0.321903 0.946773 0
    outer loop
      vertex -102.288 -31.8437 4.7
      vertex -101.948 -31.9593 3.2
      vertex -102.288 -31.8437 3.2
    endloop
  endfacet
  facet normal 0.658623 -0.752473 0
    outer loop
      vertex -101.326 -36.6817 3.2
      vertex -101.055 -36.4445 4.7
      vertex -101.326 -36.6817 4.7
    endloop
  endfacet
  facet normal 0.658623 -0.752473 0
    outer loop
      vertex -101.055 -36.4445 4.7
      vertex -101.326 -36.6817 3.2
      vertex -101.055 -36.4445 3.2
    endloop
  endfacet
  facet normal -0.441873 0.897078 0
    outer loop
      vertex -104.052 -31.9593 3.2
      vertex -104.375 -32.1184 4.7
      vertex -104.052 -31.9593 4.7
    endloop
  endfacet
  facet normal -0.441873 0.897078 0
    outer loop
      vertex -104.375 -32.1184 4.7
      vertex -104.052 -31.9593 3.2
      vertex -104.375 -32.1184 3.2
    endloop
  endfacet
  facet normal -0.0653198 -0.997864 0
    outer loop
      vertex -103.359 -37.2265 3.2
      vertex -103 -37.25 4.7
      vertex -103.359 -37.2265 4.7
    endloop
  endfacet
  facet normal -0.0653198 -0.997864 -0
    outer loop
      vertex -103 -37.25 4.7
      vertex -103.359 -37.2265 3.2
      vertex -103 -37.25 3.2
    endloop
  endfacet
  facet normal 0.752025 -0.659134 0
    outer loop
      vertex -101.055 -36.4445 4.7
      vertex -100.818 -36.1741 3.2
      vertex -100.818 -36.1741 4.7
    endloop
  endfacet
  facet normal 0.752025 -0.659134 0
    outer loop
      vertex -100.818 -36.1741 3.2
      vertex -101.055 -36.4445 4.7
      vertex -101.055 -36.4445 3.2
    endloop
  endfacet
  facet normal -0.947452 -0.319897 0
    outer loop
      vertex -105.541 -35.5524 3.2
      vertex -105.656 -35.2118 4.7
      vertex -105.656 -35.2118 3.2
    endloop
  endfacet
  facet normal -0.947452 -0.319897 0
    outer loop
      vertex -105.656 -35.2118 4.7
      vertex -105.541 -35.5524 3.2
      vertex -105.541 -35.5524 4.7
    endloop
  endfacet
  facet normal 0.321903 -0.946773 0
    outer loop
      vertex -102.288 -37.1563 3.2
      vertex -101.948 -37.0407 4.7
      vertex -102.288 -37.1563 4.7
    endloop
  endfacet
  facet normal 0.321903 -0.946773 0
    outer loop
      vertex -101.948 -37.0407 4.7
      vertex -102.288 -37.1563 3.2
      vertex -101.948 -37.0407 3.2
    endloop
  endfacet
  facet normal -0.321903 0.946773 0
    outer loop
      vertex -103.712 -31.8437 3.2
      vertex -104.052 -31.9593 4.7
      vertex -103.712 -31.8437 4.7
    endloop
  endfacet
  facet normal -0.321903 0.946773 0
    outer loop
      vertex -104.052 -31.9593 4.7
      vertex -103.712 -31.8437 3.2
      vertex -104.052 -31.9593 3.2
    endloop
  endfacet
  facet normal 0.752025 0.659134 0
    outer loop
      vertex -100.818 -32.8259 4.7
      vertex -101.055 -32.5555 3.2
      vertex -101.055 -32.5555 4.7
    endloop
  endfacet
  facet normal 0.752025 0.659134 0
    outer loop
      vertex -101.055 -32.5555 3.2
      vertex -100.818 -32.8259 4.7
      vertex -100.818 -32.8259 3.2
    endloop
  endfacet
  facet normal -0.55579 0.831322 0
    outer loop
      vertex -104.375 -32.1184 3.2
      vertex -104.674 -32.3183 4.7
      vertex -104.375 -32.1184 4.7
    endloop
  endfacet
  facet normal -0.55579 0.831322 0
    outer loop
      vertex -104.674 -32.3183 4.7
      vertex -104.375 -32.1184 3.2
      vertex -104.674 -32.3183 3.2
    endloop
  endfacet
  facet normal -0.947452 0.319897 0
    outer loop
      vertex -105.656 -33.7882 3.2
      vertex -105.541 -33.4476 4.7
      vertex -105.541 -33.4476 3.2
    endloop
  endfacet
  facet normal -0.947452 0.319897 0
    outer loop
      vertex -105.541 -33.4476 4.7
      vertex -105.656 -33.7882 3.2
      vertex -105.656 -33.7882 4.7
    endloop
  endfacet
  facet normal 0.896971 0.44209 0
    outer loop
      vertex -100.459 -33.4476 4.7
      vertex -100.618 -33.125 3.2
      vertex -100.618 -33.125 4.7
    endloop
  endfacet
  facet normal 0.896971 0.44209 0
    outer loop
      vertex -100.618 -33.125 3.2
      vertex -100.459 -33.4476 4.7
      vertex -100.459 -33.4476 3.2
    endloop
  endfacet
  facet normal -0.195047 0.980794 0
    outer loop
      vertex -103.359 -31.7735 3.2
      vertex -103.712 -31.8437 4.7
      vertex -103.359 -31.7735 4.7
    endloop
  endfacet
  facet normal -0.195047 0.980794 0
    outer loop
      vertex -103.712 -31.8437 4.7
      vertex -103.359 -31.7735 3.2
      vertex -103.712 -31.8437 3.2
    endloop
  endfacet
  facet normal 0.658623 0.752473 -0
    outer loop
      vertex -101.055 -32.5555 3.2
      vertex -101.326 -32.3183 4.7
      vertex -101.055 -32.5555 4.7
    endloop
  endfacet
  facet normal 0.658623 0.752473 0
    outer loop
      vertex -101.326 -32.3183 4.7
      vertex -101.055 -32.5555 3.2
      vertex -101.326 -32.3183 3.2
    endloop
  endfacet
  facet normal 0.997772 -0.066722 0
    outer loop
      vertex -100.274 -34.8589 4.7
      vertex -100.25 -34.5 3.2
      vertex -100.25 -34.5 4.7
    endloop
  endfacet
  facet normal 0.997772 -0.066722 0
    outer loop
      vertex -100.25 -34.5 3.2
      vertex -100.274 -34.8589 4.7
      vertex -100.274 -34.8589 3.2
    endloop
  endfacet
  facet normal 0.441873 0.897078 -0
    outer loop
      vertex -101.625 -32.1184 3.2
      vertex -101.948 -31.9593 4.7
      vertex -101.625 -32.1184 4.7
    endloop
  endfacet
  facet normal 0.441873 0.897078 0
    outer loop
      vertex -101.948 -31.9593 4.7
      vertex -101.625 -32.1184 3.2
      vertex -101.948 -31.9593 3.2
    endloop
  endfacet
  facet normal -0.321903 -0.946773 0
    outer loop
      vertex -104.052 -37.0407 3.2
      vertex -103.712 -37.1563 4.7
      vertex -104.052 -37.0407 4.7
    endloop
  endfacet
  facet normal -0.321903 -0.946773 -0
    outer loop
      vertex -103.712 -37.1563 4.7
      vertex -104.052 -37.0407 3.2
      vertex -103.712 -37.1563 3.2
    endloop
  endfacet
  facet normal -0.980889 0.194566 0
    outer loop
      vertex -105.726 -34.1411 3.2
      vertex -105.656 -33.7882 4.7
      vertex -105.656 -33.7882 3.2
    endloop
  endfacet
  facet normal -0.980889 0.194566 0
    outer loop
      vertex -105.656 -33.7882 4.7
      vertex -105.726 -34.1411 3.2
      vertex -105.726 -34.1411 4.7
    endloop
  endfacet
  facet normal -0.0653198 0.997864 0
    outer loop
      vertex -103 -31.75 3.2
      vertex -103.359 -31.7735 4.7
      vertex -103 -31.75 4.7
    endloop
  endfacet
  facet normal -0.0653198 0.997864 0
    outer loop
      vertex -103.359 -31.7735 4.7
      vertex -103 -31.75 3.2
      vertex -103.359 -31.7735 3.2
    endloop
  endfacet
  facet normal 0.947452 -0.319897 0
    outer loop
      vertex -100.459 -35.5524 4.7
      vertex -100.344 -35.2118 3.2
      vertex -100.344 -35.2118 4.7
    endloop
  endfacet
  facet normal 0.947452 -0.319897 0
    outer loop
      vertex -100.344 -35.2118 3.2
      vertex -100.459 -35.5524 4.7
      vertex -100.459 -35.5524 3.2
    endloop
  endfacet
  facet normal 0.83128 0.555854 0
    outer loop
      vertex -100.618 -33.125 4.7
      vertex -100.818 -32.8259 3.2
      vertex -100.818 -32.8259 4.7
    endloop
  endfacet
  facet normal 0.83128 0.555854 0
    outer loop
      vertex -100.818 -32.8259 3.2
      vertex -100.618 -33.125 4.7
      vertex -100.618 -33.125 3.2
    endloop
  endfacet
  facet normal -0.896971 -0.44209 0
    outer loop
      vertex -105.382 -35.875 3.2
      vertex -105.541 -35.5524 4.7
      vertex -105.541 -35.5524 3.2
    endloop
  endfacet
  facet normal -0.896971 -0.44209 0
    outer loop
      vertex -105.541 -35.5524 4.7
      vertex -105.382 -35.875 3.2
      vertex -105.382 -35.875 4.7
    endloop
  endfacet
  facet normal 0.896971 -0.44209 0
    outer loop
      vertex -100.618 -35.875 4.7
      vertex -100.459 -35.5524 3.2
      vertex -100.459 -35.5524 4.7
    endloop
  endfacet
  facet normal 0.896971 -0.44209 0
    outer loop
      vertex -100.459 -35.5524 3.2
      vertex -100.618 -35.875 4.7
      vertex -100.618 -35.875 3.2
    endloop
  endfacet
  facet normal -0.752025 -0.659134 0
    outer loop
      vertex -104.945 -36.4445 3.2
      vertex -105.182 -36.1741 4.7
      vertex -105.182 -36.1741 3.2
    endloop
  endfacet
  facet normal -0.752025 -0.659134 0
    outer loop
      vertex -105.182 -36.1741 4.7
      vertex -104.945 -36.4445 3.2
      vertex -104.945 -36.4445 4.7
    endloop
  endfacet
  facet normal 0.83128 -0.555854 0
    outer loop
      vertex -100.818 -36.1741 4.7
      vertex -100.618 -35.875 3.2
      vertex -100.618 -35.875 4.7
    endloop
  endfacet
  facet normal 0.83128 -0.555854 0
    outer loop
      vertex -100.618 -35.875 3.2
      vertex -100.818 -36.1741 4.7
      vertex -100.818 -36.1741 3.2
    endloop
  endfacet
  facet normal -0.752025 0.659134 0
    outer loop
      vertex -105.182 -32.8259 3.2
      vertex -104.945 -32.5555 4.7
      vertex -104.945 -32.5555 3.2
    endloop
  endfacet
  facet normal -0.752025 0.659134 0
    outer loop
      vertex -104.945 -32.5555 4.7
      vertex -105.182 -32.8259 3.2
      vertex -105.182 -32.8259 4.7
    endloop
  endfacet
  facet normal 0.0653198 0.997864 -0
    outer loop
      vertex -102.641 -31.7735 3.2
      vertex -103 -31.75 4.7
      vertex -102.641 -31.7735 4.7
    endloop
  endfacet
  facet normal 0.0653198 0.997864 0
    outer loop
      vertex -103 -31.75 4.7
      vertex -102.641 -31.7735 3.2
      vertex -103 -31.75 3.2
    endloop
  endfacet
  facet normal 0.55579 0.831322 -0
    outer loop
      vertex -101.326 -32.3183 3.2
      vertex -101.625 -32.1184 4.7
      vertex -101.326 -32.3183 4.7
    endloop
  endfacet
  facet normal 0.55579 0.831322 0
    outer loop
      vertex -101.625 -32.1184 4.7
      vertex -101.326 -32.3183 3.2
      vertex -101.625 -32.1184 3.2
    endloop
  endfacet
  facet normal 0 0 1
    outer loop
      vertex -100.274 -34.1411 4.7
      vertex -100.274 -34.8589 4.7
      vertex -100.25 -34.5 4.7
    endloop
  endfacet
  facet normal 0 0 1
    outer loop
      vertex -100.344 -33.7882 4.7
      vertex -100.274 -34.8589 4.7
      vertex -100.274 -34.1411 4.7
    endloop
  endfacet
  facet normal 0 0 1
    outer loop
      vertex -100.344 -33.7882 4.7
      vertex -100.344 -35.2118 4.7
      vertex -100.274 -34.8589 4.7
    endloop
  endfacet
  facet normal 0 0 1
    outer loop
      vertex -100.459 -33.4476 4.7
      vertex -100.344 -35.2118 4.7
      vertex -100.344 -33.7882 4.7
    endloop
  endfacet
  facet normal 0 0 1
    outer loop
      vertex -100.459 -33.4476 4.7
      vertex -100.459 -35.5524 4.7
      vertex -100.344 -35.2118 4.7
    endloop
  endfacet
  facet normal 0 0 1
    outer loop
      vertex -100.618 -33.125 4.7
      vertex -100.459 -35.5524 4.7
      vertex -100.459 -33.4476 4.7
    endloop
  endfacet
  facet normal 0 0 1
    outer loop
      vertex -100.618 -33.125 4.7
      vertex -100.618 -35.875 4.7
      vertex -100.459 -35.5524 4.7
    endloop
  endfacet
  facet normal 0 0 1
    outer loop
      vertex -100.818 -32.8259 4.7
      vertex -100.618 -35.875 4.7
      vertex -100.618 -33.125 4.7
    endloop
  endfacet
  facet normal 0 0 1
    outer loop
      vertex -100.818 -32.8259 4.7
      vertex -100.818 -36.1741 4.7
      vertex -100.618 -35.875 4.7
    endloop
  endfacet
  facet normal 0 0 1
    outer loop
      vertex -101.055 -32.5555 4.7
      vertex -100.818 -36.1741 4.7
      vertex -100.818 -32.8259 4.7
    endloop
  endfacet
  facet normal 0 0 1
    outer loop
      vertex -101.055 -32.5555 4.7
      vertex -101.055 -36.4445 4.7
      vertex -100.818 -36.1741 4.7
    endloop
  endfacet
  facet normal 0 0 1
    outer loop
      vertex -101.326 -32.3183 4.7
      vertex -101.055 -36.4445 4.7
      vertex -101.055 -32.5555 4.7
    endloop
  endfacet
  facet normal 0 0 1
    outer loop
      vertex -101.326 -32.3183 4.7
      vertex -101.326 -36.6817 4.7
      vertex -101.055 -36.4445 4.7
    endloop
  endfacet
  facet normal 0 0 1
    outer loop
      vertex -101.625 -32.1184 4.7
      vertex -101.326 -36.6817 4.7
      vertex -101.326 -32.3183 4.7
    endloop
  endfacet
  facet normal 0 0 1
    outer loop
      vertex -101.625 -32.1184 4.7
      vertex -101.625 -36.8816 4.7
      vertex -101.326 -36.6817 4.7
    endloop
  endfacet
  facet normal 0 0 1
    outer loop
      vertex -101.948 -31.9593 4.7
      vertex -101.625 -36.8816 4.7
      vertex -101.625 -32.1184 4.7
    endloop
  endfacet
  facet normal 0 0 1
    outer loop
      vertex -101.948 -31.9593 4.7
      vertex -101.948 -37.0407 4.7
      vertex -101.625 -36.8816 4.7
    endloop
  endfacet
  facet normal 0 0 1
    outer loop
      vertex -102.288 -31.8437 4.7
      vertex -101.948 -37.0407 4.7
      vertex -101.948 -31.9593 4.7
    endloop
  endfacet
  facet normal 0 0 1
    outer loop
      vertex -102.288 -31.8437 4.7
      vertex -102.288 -37.1563 4.7
      vertex -101.948 -37.0407 4.7
    endloop
  endfacet
  facet normal 0 0 1
    outer loop
      vertex -102.641 -31.7735 4.7
      vertex -102.288 -37.1563 4.7
      vertex -102.288 -31.8437 4.7
    endloop
  endfacet
  facet normal 0 0 1
    outer loop
      vertex -102.641 -31.7735 4.7
      vertex -102.641 -37.2265 4.7
      vertex -102.288 -37.1563 4.7
    endloop
  endfacet
  facet normal 0 0 1
    outer loop
      vertex -103 -31.75 4.7
      vertex -102.641 -37.2265 4.7
      vertex -102.641 -31.7735 4.7
    endloop
  endfacet
  facet normal 0 0 1
    outer loop
      vertex -103 -31.75 4.7
      vertex -103 -37.25 4.7
      vertex -102.641 -37.2265 4.7
    endloop
  endfacet
  facet normal -0 0 1
    outer loop
      vertex -103.359 -31.7735 4.7
      vertex -103 -37.25 4.7
      vertex -103 -31.75 4.7
    endloop
  endfacet
  facet normal 0 0 1
    outer loop
      vertex -103.359 -31.7735 4.7
      vertex -103.359 -37.2265 4.7
      vertex -103 -37.25 4.7
    endloop
  endfacet
  facet normal -0 0 1
    outer loop
      vertex -103.712 -31.8437 4.7
      vertex -103.359 -37.2265 4.7
      vertex -103.359 -31.7735 4.7
    endloop
  endfacet
  facet normal 0 0 1
    outer loop
      vertex -103.712 -31.8437 4.7
      vertex -103.712 -37.1563 4.7
      vertex -103.359 -37.2265 4.7
    endloop
  endfacet
  facet normal -0 0 1
    outer loop
      vertex -104.052 -31.9593 4.7
      vertex -103.712 -37.1563 4.7
      vertex -103.712 -31.8437 4.7
    endloop
  endfacet
  facet normal 0 0 1
    outer loop
      vertex -104.052 -31.9593 4.7
      vertex -104.052 -37.0407 4.7
      vertex -103.712 -37.1563 4.7
    endloop
  endfacet
  facet normal -0 0 1
    outer loop
      vertex -104.375 -32.1184 4.7
      vertex -104.052 -37.0407 4.7
      vertex -104.052 -31.9593 4.7
    endloop
  endfacet
  facet normal 0 0 1
    outer loop
      vertex -104.375 -32.1184 4.7
      vertex -104.375 -36.8816 4.7
      vertex -104.052 -37.0407 4.7
    endloop
  endfacet
  facet normal -0 0 1
    outer loop
      vertex -104.674 -32.3183 4.7
      vertex -104.375 -36.8816 4.7
      vertex -104.375 -32.1184 4.7
    endloop
  endfacet
  facet normal 0 0 1
    outer loop
      vertex -104.674 -32.3183 4.7
      vertex -104.674 -36.6817 4.7
      vertex -104.375 -36.8816 4.7
    endloop
  endfacet
  facet normal -0 0 1
    outer loop
      vertex -104.945 -32.5555 4.7
      vertex -104.674 -36.6817 4.7
      vertex -104.674 -32.3183 4.7
    endloop
  endfacet
  facet normal 0 0 1
    outer loop
      vertex -104.945 -32.5555 4.7
      vertex -104.945 -36.4445 4.7
      vertex -104.674 -36.6817 4.7
    endloop
  endfacet
  facet normal -0 0 1
    outer loop
      vertex -105.182 -32.8259 4.7
      vertex -104.945 -36.4445 4.7
      vertex -104.945 -32.5555 4.7
    endloop
  endfacet
  facet normal 0 0 1
    outer loop
      vertex -105.182 -32.8259 4.7
      vertex -105.182 -36.1741 4.7
      vertex -104.945 -36.4445 4.7
    endloop
  endfacet
  facet normal -0 0 1
    outer loop
      vertex -105.382 -33.125 4.7
      vertex -105.182 -36.1741 4.7
      vertex -105.182 -32.8259 4.7
    endloop
  endfacet
  facet normal 0 0 1
    outer loop
      vertex -105.382 -33.125 4.7
      vertex -105.382 -35.875 4.7
      vertex -105.182 -36.1741 4.7
    endloop
  endfacet
  facet normal -0 0 1
    outer loop
      vertex -105.541 -33.4476 4.7
      vertex -105.382 -35.875 4.7
      vertex -105.382 -33.125 4.7
    endloop
  endfacet
  facet normal 0 0 1
    outer loop
      vertex -105.541 -33.4476 4.7
      vertex -105.541 -35.5524 4.7
      vertex -105.382 -35.875 4.7
    endloop
  endfacet
  facet normal -0 0 1
    outer loop
      vertex -105.656 -33.7882 4.7
      vertex -105.541 -35.5524 4.7
      vertex -105.541 -33.4476 4.7
    endloop
  endfacet
  facet normal 0 0 1
    outer loop
      vertex -105.656 -33.7882 4.7
      vertex -105.656 -35.2118 4.7
      vertex -105.541 -35.5524 4.7
    endloop
  endfacet
  facet normal -0 0 1
    outer loop
      vertex -105.726 -34.1411 4.7
      vertex -105.656 -35.2118 4.7
      vertex -105.656 -33.7882 4.7
    endloop
  endfacet
  facet normal 0 0 1
    outer loop
      vertex -105.726 -34.1411 4.7
      vertex -105.726 -34.8589 4.7
      vertex -105.656 -35.2118 4.7
    endloop
  endfacet
  facet normal 0 -0 1
    outer loop
      vertex -105.726 -34.8589 4.7
      vertex -105.726 -34.1411 4.7
      vertex -105.75 -34.5 4.7
    endloop
  endfacet
  facet normal -0.441873 -0.897078 0
    outer loop
      vertex -104.375 -36.8816 3.2
      vertex -104.052 -37.0407 4.7
      vertex -104.375 -36.8816 4.7
    endloop
  endfacet
  facet normal -0.441873 -0.897078 -0
    outer loop
      vertex -104.052 -37.0407 4.7
      vertex -104.375 -36.8816 3.2
      vertex -104.052 -37.0407 3.2
    endloop
  endfacet
  facet normal -0.83128 -0.555854 0
    outer loop
      vertex -105.182 -36.1741 3.2
      vertex -105.382 -35.875 4.7
      vertex -105.382 -35.875 3.2
    endloop
  endfacet
  facet normal -0.83128 -0.555854 0
    outer loop
      vertex -105.382 -35.875 4.7
      vertex -105.182 -36.1741 3.2
      vertex -105.182 -36.1741 4.7
    endloop
  endfacet
  facet normal -0.980889 -0.194566 0
    outer loop
      vertex -105.656 -35.2118 3.2
      vertex -105.726 -34.8589 4.7
      vertex -105.726 -34.8589 3.2
    endloop
  endfacet
  facet normal -0.980889 -0.194566 0
    outer loop
      vertex -105.726 -34.8589 4.7
      vertex -105.656 -35.2118 3.2
      vertex -105.656 -35.2118 4.7
    endloop
  endfacet
  facet normal -0.195047 -0.980794 0
    outer loop
      vertex -103.712 -37.1563 3.2
      vertex -103.359 -37.2265 4.7
      vertex -103.712 -37.1563 4.7
    endloop
  endfacet
  facet normal -0.195047 -0.980794 -0
    outer loop
      vertex -103.359 -37.2265 4.7
      vertex -103.712 -37.1563 3.2
      vertex -103.359 -37.2265 3.2
    endloop
  endfacet
  facet normal -0.658623 -0.752473 0
    outer loop
      vertex -104.945 -36.4445 3.2
      vertex -104.674 -36.6817 4.7
      vertex -104.945 -36.4445 4.7
    endloop
  endfacet
  facet normal -0.658623 -0.752473 -0
    outer loop
      vertex -104.674 -36.6817 4.7
      vertex -104.945 -36.4445 3.2
      vertex -104.674 -36.6817 3.2
    endloop
  endfacet
  facet normal -0.896971 0.44209 0
    outer loop
      vertex -105.541 -33.4476 3.2
      vertex -105.382 -33.125 4.7
      vertex -105.382 -33.125 3.2
    endloop
  endfacet
  facet normal -0.896971 0.44209 0
    outer loop
      vertex -105.382 -33.125 4.7
      vertex -105.541 -33.4476 3.2
      vertex -105.541 -33.4476 4.7
    endloop
  endfacet
  facet normal -0.997772 -0.066722 0
    outer loop
      vertex -105.726 -34.8589 3.2
      vertex -105.75 -34.5 4.7
      vertex -105.75 -34.5 3.2
    endloop
  endfacet
  facet normal -0.997772 -0.066722 0
    outer loop
      vertex -105.75 -34.5 4.7
      vertex -105.726 -34.8589 3.2
      vertex -105.726 -34.8589 4.7
    endloop
  endfacet
  facet normal 0.55579 -0.831322 0
    outer loop
      vertex -101.625 -36.8816 3.2
      vertex -101.326 -36.6817 4.7
      vertex -101.625 -36.8816 4.7
    endloop
  endfacet
  facet normal 0.55579 -0.831322 0
    outer loop
      vertex -101.326 -36.6817 4.7
      vertex -101.625 -36.8816 3.2
      vertex -101.326 -36.6817 3.2
    endloop
  endfacet
  facet normal -0.55579 -0.831322 0
    outer loop
      vertex -104.674 -36.6817 3.2
      vertex -104.375 -36.8816 4.7
      vertex -104.674 -36.6817 4.7
    endloop
  endfacet
  facet normal -0.55579 -0.831322 -0
    outer loop
      vertex -104.375 -36.8816 4.7
      vertex -104.674 -36.6817 3.2
      vertex -104.375 -36.8816 3.2
    endloop
  endfacet
  facet normal 0.980961 0.194204 0
    outer loop
      vertex 107.957 -33.8474 3.2
      vertex 107.83 -33.2059 0
      vertex 107.83 -33.2059 3.2
    endloop
  endfacet
  facet normal 0.980961 0.194204 0
    outer loop
      vertex 107.83 -33.2059 0
      vertex 107.957 -33.8474 3.2
      vertex 107.957 -33.8474 0
    endloop
  endfacet
  facet normal 0.997836 0.0657477 0
    outer loop
      vertex 108 -34.5 3.2
      vertex 107.957 -33.8474 0
      vertex 107.957 -33.8474 3.2
    endloop
  endfacet
  facet normal 0.997836 0.0657477 0
    outer loop
      vertex 107.957 -33.8474 0
      vertex 108 -34.5 3.2
      vertex 108 -34.5 0
    endloop
  endfacet
  facet normal 0.321546 -0.946894 0
    outer loop
      vertex 104.294 -39.3296 0
      vertex 104.913 -39.1194 3.2
      vertex 104.294 -39.3296 3.2
    endloop
  endfacet
  facet normal 0.321546 -0.946894 0
    outer loop
      vertex 104.913 -39.1194 3.2
      vertex 104.294 -39.3296 0
      vertex 104.913 -39.1194 0
    endloop
  endfacet
  facet normal 0.831721 0.555194 0
    outer loop
      vertex 107.33 -32 3.2
      vertex 106.967 -31.4562 0
      vertex 106.967 -31.4562 3.2
    endloop
  endfacet
  facet normal 0.831721 0.555194 0
    outer loop
      vertex 106.967 -31.4562 0
      vertex 107.33 -32 3.2
      vertex 107.33 -32 0
    endloop
  endfacet
  facet normal -0.89686 0.442314 0
    outer loop
      vertex 98.3806 -32.5866 0
      vertex 98.6699 -32 3.2
      vertex 98.6699 -32 0
    endloop
  endfacet
  facet normal -0.89686 0.442314 0
    outer loop
      vertex 98.6699 -32 3.2
      vertex 98.3806 -32.5866 0
      vertex 98.3806 -32.5866 3.2
    endloop
  endfacet
  facet normal -0.555512 0.831509 0
    outer loop
      vertex 100.5 -30.1699 0
      vertex 99.9562 -30.5332 3.2
      vertex 100.5 -30.1699 3.2
    endloop
  endfacet
  facet normal -0.555512 0.831509 0
    outer loop
      vertex 99.9562 -30.5332 3.2
      vertex 100.5 -30.1699 0
      vertex 99.9562 -30.5332 0
    endloop
  endfacet
  facet normal -0.659424 0.751771 0
    outer loop
      vertex 99.9562 -30.5332 0
      vertex 99.4645 -30.9645 3.2
      vertex 99.9562 -30.5332 3.2
    endloop
  endfacet
  facet normal -0.659424 0.751771 0
    outer loop
      vertex 99.4645 -30.9645 3.2
      vertex 99.9562 -30.5332 0
      vertex 99.4645 -30.9645 0
    endloop
  endfacet
  facet normal -0.751771 0.659424 0
    outer loop
      vertex 99.0332 -31.4562 0
      vertex 99.4645 -30.9645 3.2
      vertex 99.4645 -30.9645 0
    endloop
  endfacet
  facet normal -0.751771 0.659424 0
    outer loop
      vertex 99.4645 -30.9645 3.2
      vertex 99.0332 -31.4562 0
      vertex 99.0332 -31.4562 3.2
    endloop
  endfacet
  facet normal 0.946569 -0.322503 0
    outer loop
      vertex 107.619 -36.4134 3.2
      vertex 107.83 -35.7941 0
      vertex 107.83 -35.7941 3.2
    endloop
  endfacet
  facet normal 0.946569 -0.322503 0
    outer loop
      vertex 107.83 -35.7941 0
      vertex 107.619 -36.4134 3.2
      vertex 107.619 -36.4134 0
    endloop
  endfacet
  facet normal -0.997856 0.0654432 0
    outer loop
      vertex 98 -34.5 0
      vertex 98.0428 -33.8474 3.2
      vertex 98.0428 -33.8474 0
    endloop
  endfacet
  facet normal -0.997856 0.0654432 0
    outer loop
      vertex 98.0428 -33.8474 3.2
      vertex 98 -34.5 0
      vertex 98 -34.5 3.2
    endloop
  endfacet
  facet normal 0.55537 0.831603 -0
    outer loop
      vertex 106.044 -30.5332 0
      vertex 105.5 -30.1699 3.2
      vertex 106.044 -30.5332 3.2
    endloop
  endfacet
  facet normal 0.55537 0.831603 0
    outer loop
      vertex 105.5 -30.1699 3.2
      vertex 106.044 -30.5332 0
      vertex 105.5 -30.1699 0
    endloop
  endfacet
  facet normal -0.321546 -0.946894 0
    outer loop
      vertex 101.087 -39.1194 0
      vertex 101.706 -39.3296 3.2
      vertex 101.087 -39.1194 3.2
    endloop
  endfacet
  facet normal -0.321546 -0.946894 -0
    outer loop
      vertex 101.706 -39.3296 3.2
      vertex 101.087 -39.1194 0
      vertex 101.706 -39.3296 0
    endloop
  endfacet
  facet normal -0.751771 -0.659424 0
    outer loop
      vertex 99.4645 -38.0355 0
      vertex 99.0332 -37.5438 3.2
      vertex 99.0332 -37.5438 0
    endloop
  endfacet
  facet normal -0.751771 -0.659424 0
    outer loop
      vertex 99.0332 -37.5438 3.2
      vertex 99.4645 -38.0355 0
      vertex 99.4645 -38.0355 3.2
    endloop
  endfacet
  facet normal 0.195233 -0.980757 0
    outer loop
      vertex 103.653 -39.4572 0
      vertex 104.294 -39.3296 3.2
      vertex 103.653 -39.4572 3.2
    endloop
  endfacet
  facet normal 0.195233 -0.980757 0
    outer loop
      vertex 104.294 -39.3296 3.2
      vertex 103.653 -39.4572 0
      vertex 104.294 -39.3296 0
    endloop
  endfacet
  facet normal -0.321546 0.946894 0
    outer loop
      vertex 101.706 -29.6704 0
      vertex 101.087 -29.8806 3.2
      vertex 101.706 -29.6704 3.2
    endloop
  endfacet
  facet normal -0.321546 0.946894 0
    outer loop
      vertex 101.087 -29.8806 3.2
      vertex 101.706 -29.6704 0
      vertex 101.087 -29.8806 0
    endloop
  endfacet
  facet normal -0.831509 -0.555512 0
    outer loop
      vertex 99.0332 -37.5438 0
      vertex 98.6699 -37 3.2
      vertex 98.6699 -37 0
    endloop
  endfacet
  facet normal -0.831509 -0.555512 0
    outer loop
      vertex 98.6699 -37 3.2
      vertex 99.0332 -37.5438 0
      vertex 99.0332 -37.5438 3.2
    endloop
  endfacet
  facet normal 0.55537 -0.831603 0
    outer loop
      vertex 105.5 -38.8301 0
      vertex 106.044 -38.4668 3.2
      vertex 105.5 -38.8301 3.2
    endloop
  endfacet
  facet normal 0.55537 -0.831603 0
    outer loop
      vertex 106.044 -38.4668 3.2
      vertex 105.5 -38.8301 0
      vertex 106.044 -38.4668 0
    endloop
  endfacet
  facet normal -0.946941 0.321407 0
    outer loop
      vertex 98.1704 -33.2059 0
      vertex 98.3806 -32.5866 3.2
      vertex 98.3806 -32.5866 0
    endloop
  endfacet
  facet normal -0.946941 0.321407 0
    outer loop
      vertex 98.3806 -32.5866 3.2
      vertex 98.1704 -33.2059 0
      vertex 98.1704 -33.2059 3.2
    endloop
  endfacet
  facet normal 0.321546 0.946894 -0
    outer loop
      vertex 104.913 -29.8806 0
      vertex 104.294 -29.6704 3.2
      vertex 104.913 -29.8806 3.2
    endloop
  endfacet
  facet normal 0.321546 0.946894 0
    outer loop
      vertex 104.294 -29.6704 3.2
      vertex 104.913 -29.8806 0
      vertex 104.294 -29.6704 0
    endloop
  endfacet
  facet normal 0.0654033 0.997859 -0
    outer loop
      vertex 103.653 -29.5428 0
      vertex 103 -29.5 3.2
      vertex 103.653 -29.5428 3.2
    endloop
  endfacet
  facet normal 0.0654033 0.997859 0
    outer loop
      vertex 103 -29.5 3.2
      vertex 103.653 -29.5428 0
      vertex 103 -29.5 0
    endloop
  endfacet
  facet normal -0.442072 0.89698 0
    outer loop
      vertex 101.087 -29.8806 0
      vertex 100.5 -30.1699 3.2
      vertex 101.087 -29.8806 3.2
    endloop
  endfacet
  facet normal -0.442072 0.89698 0
    outer loop
      vertex 100.5 -30.1699 3.2
      vertex 101.087 -29.8806 0
      vertex 100.5 -30.1699 0
    endloop
  endfacet
  facet normal 0.831721 -0.555194 0
    outer loop
      vertex 106.967 -37.5438 3.2
      vertex 107.33 -37 0
      vertex 107.33 -37 3.2
    endloop
  endfacet
  facet normal 0.831721 -0.555194 0
    outer loop
      vertex 107.33 -37 0
      vertex 106.967 -37.5438 3.2
      vertex 106.967 -37.5438 0
    endloop
  endfacet
  facet normal -0.997856 -0.0654432 0
    outer loop
      vertex 98.0428 -35.1526 0
      vertex 98 -34.5 3.2
      vertex 98 -34.5 0
    endloop
  endfacet
  facet normal -0.997856 -0.0654432 0
    outer loop
      vertex 98 -34.5 3.2
      vertex 98.0428 -35.1526 0
      vertex 98.0428 -35.1526 3.2
    endloop
  endfacet
  facet normal -0.946941 -0.321407 0
    outer loop
      vertex 98.3806 -36.4134 0
      vertex 98.1704 -35.7941 3.2
      vertex 98.1704 -35.7941 0
    endloop
  endfacet
  facet normal -0.946941 -0.321407 0
    outer loop
      vertex 98.1704 -35.7941 3.2
      vertex 98.3806 -36.4134 0
      vertex 98.3806 -36.4134 3.2
    endloop
  endfacet
  facet normal -0.659424 -0.751771 0
    outer loop
      vertex 99.4645 -38.0355 0
      vertex 99.9562 -38.4668 3.2
      vertex 99.4645 -38.0355 3.2
    endloop
  endfacet
  facet normal -0.659424 -0.751771 -0
    outer loop
      vertex 99.9562 -38.4668 3.2
      vertex 99.4645 -38.0355 0
      vertex 99.9562 -38.4668 0
    endloop
  endfacet
  facet normal 0.442072 0.89698 -0
    outer loop
      vertex 105.5 -30.1699 0
      vertex 104.913 -29.8806 3.2
      vertex 105.5 -30.1699 3.2
    endloop
  endfacet
  facet normal 0.442072 0.89698 0
    outer loop
      vertex 104.913 -29.8806 3.2
      vertex 105.5 -30.1699 0
      vertex 104.913 -29.8806 0
    endloop
  endfacet
  facet normal -0.195233 0.980757 0
    outer loop
      vertex 102.347 -29.5428 0
      vertex 101.706 -29.6704 3.2
      vertex 102.347 -29.5428 3.2
    endloop
  endfacet
  facet normal -0.195233 0.980757 0
    outer loop
      vertex 101.706 -29.6704 3.2
      vertex 102.347 -29.5428 0
      vertex 101.706 -29.6704 0
    endloop
  endfacet
  facet normal 0.751998 0.659165 0
    outer loop
      vertex 106.967 -31.4562 3.2
      vertex 106.536 -30.9645 0
      vertex 106.536 -30.9645 3.2
    endloop
  endfacet
  facet normal 0.751998 0.659165 0
    outer loop
      vertex 106.536 -30.9645 0
      vertex 106.967 -31.4562 3.2
      vertex 106.967 -31.4562 0
    endloop
  endfacet
  facet normal 0.195233 0.980757 -0
    outer loop
      vertex 104.294 -29.6704 0
      vertex 103.653 -29.5428 3.2
      vertex 104.294 -29.6704 3.2
    endloop
  endfacet
  facet normal 0.195233 0.980757 0
    outer loop
      vertex 103.653 -29.5428 3.2
      vertex 104.294 -29.6704 0
      vertex 103.653 -29.5428 0
    endloop
  endfacet
  facet normal 0.751998 -0.659165 0
    outer loop
      vertex 106.536 -38.0355 3.2
      vertex 106.967 -37.5438 0
      vertex 106.967 -37.5438 3.2
    endloop
  endfacet
  facet normal 0.751998 -0.659165 0
    outer loop
      vertex 106.967 -37.5438 0
      vertex 106.536 -38.0355 3.2
      vertex 106.536 -38.0355 0
    endloop
  endfacet
  facet normal -0.442072 -0.89698 0
    outer loop
      vertex 100.5 -38.8301 0
      vertex 101.087 -39.1194 3.2
      vertex 100.5 -38.8301 3.2
    endloop
  endfacet
  facet normal -0.442072 -0.89698 -0
    outer loop
      vertex 101.087 -39.1194 3.2
      vertex 100.5 -38.8301 0
      vertex 101.087 -39.1194 0
    endloop
  endfacet
  facet normal -0.0654033 0.997859 0
    outer loop
      vertex 103 -29.5 0
      vertex 102.347 -29.5428 3.2
      vertex 103 -29.5 3.2
    endloop
  endfacet
  facet normal -0.0654033 0.997859 0
    outer loop
      vertex 102.347 -29.5428 3.2
      vertex 103 -29.5 0
      vertex 102.347 -29.5428 0
    endloop
  endfacet
  facet normal -0.980786 0.195087 0
    outer loop
      vertex 98.0428 -33.8474 0
      vertex 98.1704 -33.2059 3.2
      vertex 98.1704 -33.2059 0
    endloop
  endfacet
  facet normal -0.980786 0.195087 0
    outer loop
      vertex 98.1704 -33.2059 3.2
      vertex 98.0428 -33.8474 0
      vertex 98.0428 -33.8474 3.2
    endloop
  endfacet
  facet normal 0.0654033 -0.997859 0
    outer loop
      vertex 103 -39.5 0
      vertex 103.653 -39.4572 3.2
      vertex 103 -39.5 3.2
    endloop
  endfacet
  facet normal 0.0654033 -0.997859 0
    outer loop
      vertex 103.653 -39.4572 3.2
      vertex 103 -39.5 0
      vertex 103.653 -39.4572 0
    endloop
  endfacet
  facet normal 0.442072 -0.89698 0
    outer loop
      vertex 104.913 -39.1194 0
      vertex 105.5 -38.8301 3.2
      vertex 104.913 -39.1194 3.2
    endloop
  endfacet
  facet normal 0.442072 -0.89698 0
    outer loop
      vertex 105.5 -38.8301 3.2
      vertex 104.913 -39.1194 0
      vertex 105.5 -38.8301 0
    endloop
  endfacet
  facet normal 0.659197 -0.75197 0
    outer loop
      vertex 106.044 -38.4668 0
      vertex 106.536 -38.0355 3.2
      vertex 106.044 -38.4668 3.2
    endloop
  endfacet
  facet normal 0.659197 -0.75197 0
    outer loop
      vertex 106.536 -38.0355 3.2
      vertex 106.044 -38.4668 0
      vertex 106.536 -38.0355 0
    endloop
  endfacet
  facet normal -0.89686 -0.442314 0
    outer loop
      vertex 98.6699 -37 0
      vertex 98.3806 -36.4134 3.2
      vertex 98.3806 -36.4134 0
    endloop
  endfacet
  facet normal -0.89686 -0.442314 0
    outer loop
      vertex 98.3806 -36.4134 3.2
      vertex 98.6699 -37 0
      vertex 98.6699 -37 3.2
    endloop
  endfacet
  facet normal 0.897042 -0.441945 0
    outer loop
      vertex 107.33 -37 3.2
      vertex 107.619 -36.4134 0
      vertex 107.619 -36.4134 3.2
    endloop
  endfacet
  facet normal 0.897042 -0.441945 0
    outer loop
      vertex 107.619 -36.4134 0
      vertex 107.33 -37 3.2
      vertex 107.33 -37 0
    endloop
  endfacet
  facet normal 0.659197 0.75197 -0
    outer loop
      vertex 106.536 -30.9645 0
      vertex 106.044 -30.5332 3.2
      vertex 106.536 -30.9645 3.2
    endloop
  endfacet
  facet normal 0.659197 0.75197 0
    outer loop
      vertex 106.044 -30.5332 3.2
      vertex 106.536 -30.9645 0
      vertex 106.044 -30.5332 0
    endloop
  endfacet
  facet normal 0.997836 -0.0657477 0
    outer loop
      vertex 107.957 -35.1526 3.2
      vertex 108 -34.5 0
      vertex 108 -34.5 3.2
    endloop
  endfacet
  facet normal 0.997836 -0.0657477 0
    outer loop
      vertex 108 -34.5 0
      vertex 107.957 -35.1526 3.2
      vertex 107.957 -35.1526 0
    endloop
  endfacet
  facet normal -0.555512 -0.831509 0
    outer loop
      vertex 99.9562 -38.4668 0
      vertex 100.5 -38.8301 3.2
      vertex 99.9562 -38.4668 3.2
    endloop
  endfacet
  facet normal -0.555512 -0.831509 -0
    outer loop
      vertex 100.5 -38.8301 3.2
      vertex 99.9562 -38.4668 0
      vertex 100.5 -38.8301 0
    endloop
  endfacet
  facet normal 0.897042 0.441945 0
    outer loop
      vertex 107.619 -32.5866 3.2
      vertex 107.33 -32 0
      vertex 107.33 -32 3.2
    endloop
  endfacet
  facet normal 0.897042 0.441945 0
    outer loop
      vertex 107.33 -32 0
      vertex 107.619 -32.5866 3.2
      vertex 107.619 -32.5866 0
    endloop
  endfacet
  facet normal 0.980961 -0.194204 0
    outer loop
      vertex 107.83 -35.7941 3.2
      vertex 107.957 -35.1526 0
      vertex 107.957 -35.1526 3.2
    endloop
  endfacet
  facet normal 0.980961 -0.194204 0
    outer loop
      vertex 107.957 -35.1526 0
      vertex 107.83 -35.7941 3.2
      vertex 107.83 -35.7941 0
    endloop
  endfacet
  facet normal 0.946569 0.322503 0
    outer loop
      vertex 107.83 -33.2059 3.2
      vertex 107.619 -32.5866 0
      vertex 107.619 -32.5866 3.2
    endloop
  endfacet
  facet normal 0.946569 0.322503 0
    outer loop
      vertex 107.619 -32.5866 0
      vertex 107.83 -33.2059 3.2
      vertex 107.83 -33.2059 0
    endloop
  endfacet
  facet normal 0 0 -1
    outer loop
      vertex 107.957 -35.1526 0
      vertex 107.957 -33.8474 0
      vertex 108 -34.5 0
    endloop
  endfacet
  facet normal 0 0 -1
    outer loop
      vertex 107.83 -35.7941 0
      vertex 107.957 -33.8474 0
      vertex 107.957 -35.1526 0
    endloop
  endfacet
  facet normal 0 0 -1
    outer loop
      vertex 107.83 -35.7941 0
      vertex 107.83 -33.2059 0
      vertex 107.957 -33.8474 0
    endloop
  endfacet
  facet normal 0 0 -1
    outer loop
      vertex 107.619 -36.4134 0
      vertex 107.83 -33.2059 0
      vertex 107.83 -35.7941 0
    endloop
  endfacet
  facet normal 0 0 -1
    outer loop
      vertex 107.619 -36.4134 0
      vertex 107.619 -32.5866 0
      vertex 107.83 -33.2059 0
    endloop
  endfacet
  facet normal 0 0 -1
    outer loop
      vertex 107.33 -37 0
      vertex 107.619 -32.5866 0
      vertex 107.619 -36.4134 0
    endloop
  endfacet
  facet normal 0 0 -1
    outer loop
      vertex 107.33 -37 0
      vertex 107.33 -32 0
      vertex 107.619 -32.5866 0
    endloop
  endfacet
  facet normal 0 0 -1
    outer loop
      vertex 106.967 -37.5438 0
      vertex 107.33 -32 0
      vertex 107.33 -37 0
    endloop
  endfacet
  facet normal 0 0 -1
    outer loop
      vertex 106.967 -37.5438 0
      vertex 106.967 -31.4562 0
      vertex 107.33 -32 0
    endloop
  endfacet
  facet normal 0 0 -1
    outer loop
      vertex 106.536 -38.0355 0
      vertex 106.967 -31.4562 0
      vertex 106.967 -37.5438 0
    endloop
  endfacet
  facet normal 0 0 -1
    outer loop
      vertex 106.536 -38.0355 0
      vertex 106.536 -30.9645 0
      vertex 106.967 -31.4562 0
    endloop
  endfacet
  facet normal 0 0 -1
    outer loop
      vertex 106.044 -38.4668 0
      vertex 106.536 -30.9645 0
      vertex 106.536 -38.0355 0
    endloop
  endfacet
  facet normal 0 0 -1
    outer loop
      vertex 106.044 -38.4668 0
      vertex 106.044 -30.5332 0
      vertex 106.536 -30.9645 0
    endloop
  endfacet
  facet normal 0 0 -1
    outer loop
      vertex 105.5 -38.8301 0
      vertex 106.044 -30.5332 0
      vertex 106.044 -38.4668 0
    endloop
  endfacet
  facet normal 0 0 -1
    outer loop
      vertex 105.5 -38.8301 0
      vertex 105.5 -30.1699 0
      vertex 106.044 -30.5332 0
    endloop
  endfacet
  facet normal 0 0 -1
    outer loop
      vertex 104.913 -39.1194 0
      vertex 105.5 -30.1699 0
      vertex 105.5 -38.8301 0
    endloop
  endfacet
  facet normal 0 0 -1
    outer loop
      vertex 104.913 -39.1194 0
      vertex 104.913 -29.8806 0
      vertex 105.5 -30.1699 0
    endloop
  endfacet
  facet normal 0 0 -1
    outer loop
      vertex 104.294 -39.3296 0
      vertex 104.913 -29.8806 0
      vertex 104.913 -39.1194 0
    endloop
  endfacet
  facet normal 0 0 -1
    outer loop
      vertex 104.294 -39.3296 0
      vertex 104.294 -29.6704 0
      vertex 104.913 -29.8806 0
    endloop
  endfacet
  facet normal 0 0 -1
    outer loop
      vertex 103.653 -39.4572 0
      vertex 104.294 -29.6704 0
      vertex 104.294 -39.3296 0
    endloop
  endfacet
  facet normal 0 0 -1
    outer loop
      vertex 103.653 -39.4572 0
      vertex 103.653 -29.5428 0
      vertex 104.294 -29.6704 0
    endloop
  endfacet
  facet normal 0 0 -1
    outer loop
      vertex 103 -39.5 0
      vertex 103.653 -29.5428 0
      vertex 103.653 -39.4572 0
    endloop
  endfacet
  facet normal 0 0 -1
    outer loop
      vertex 103 -39.5 0
      vertex 103 -29.5 0
      vertex 103.653 -29.5428 0
    endloop
  endfacet
  facet normal 0 0 -1
    outer loop
      vertex 102.347 -39.4572 0
      vertex 103 -29.5 0
      vertex 103 -39.5 0
    endloop
  endfacet
  facet normal 0 0 -1
    outer loop
      vertex 102.347 -39.4572 0
      vertex 102.347 -29.5428 0
      vertex 103 -29.5 0
    endloop
  endfacet
  facet normal 0 0 -1
    outer loop
      vertex 101.706 -39.3296 0
      vertex 102.347 -29.5428 0
      vertex 102.347 -39.4572 0
    endloop
  endfacet
  facet normal 0 0 -1
    outer loop
      vertex 101.706 -39.3296 0
      vertex 101.706 -29.6704 0
      vertex 102.347 -29.5428 0
    endloop
  endfacet
  facet normal 0 0 -1
    outer loop
      vertex 101.087 -39.1194 0
      vertex 101.706 -29.6704 0
      vertex 101.706 -39.3296 0
    endloop
  endfacet
  facet normal 0 0 -1
    outer loop
      vertex 101.087 -39.1194 0
      vertex 101.087 -29.8806 0
      vertex 101.706 -29.6704 0
    endloop
  endfacet
  facet normal 0 0 -1
    outer loop
      vertex 100.5 -38.8301 0
      vertex 101.087 -29.8806 0
      vertex 101.087 -39.1194 0
    endloop
  endfacet
  facet normal 0 0 -1
    outer loop
      vertex 100.5 -38.8301 0
      vertex 100.5 -30.1699 0
      vertex 101.087 -29.8806 0
    endloop
  endfacet
  facet normal 0 0 -1
    outer loop
      vertex 99.9562 -38.4668 0
      vertex 100.5 -30.1699 0
      vertex 100.5 -38.8301 0
    endloop
  endfacet
  facet normal 0 0 -1
    outer loop
      vertex 99.9562 -38.4668 0
      vertex 99.9562 -30.5332 0
      vertex 100.5 -30.1699 0
    endloop
  endfacet
  facet normal 0 0 -1
    outer loop
      vertex 99.4645 -38.0355 0
      vertex 99.9562 -30.5332 0
      vertex 99.9562 -38.4668 0
    endloop
  endfacet
  facet normal 0 0 -1
    outer loop
      vertex 99.4645 -38.0355 0
      vertex 99.4645 -30.9645 0
      vertex 99.9562 -30.5332 0
    endloop
  endfacet
  facet normal 0 0 -1
    outer loop
      vertex 99.0332 -37.5438 0
      vertex 99.4645 -30.9645 0
      vertex 99.4645 -38.0355 0
    endloop
  endfacet
  facet normal 0 0 -1
    outer loop
      vertex 99.0332 -37.5438 0
      vertex 99.0332 -31.4562 0
      vertex 99.4645 -30.9645 0
    endloop
  endfacet
  facet normal 0 0 -1
    outer loop
      vertex 98.6699 -37 0
      vertex 99.0332 -31.4562 0
      vertex 99.0332 -37.5438 0
    endloop
  endfacet
  facet normal 0 0 -1
    outer loop
      vertex 98.6699 -37 0
      vertex 98.6699 -32 0
      vertex 99.0332 -31.4562 0
    endloop
  endfacet
  facet normal 0 0 -1
    outer loop
      vertex 98.3806 -36.4134 0
      vertex 98.6699 -32 0
      vertex 98.6699 -37 0
    endloop
  endfacet
  facet normal 0 0 -1
    outer loop
      vertex 98.3806 -36.4134 0
      vertex 98.3806 -32.5866 0
      vertex 98.6699 -32 0
    endloop
  endfacet
  facet normal 0 0 -1
    outer loop
      vertex 98.1704 -35.7941 0
      vertex 98.3806 -32.5866 0
      vertex 98.3806 -36.4134 0
    endloop
  endfacet
  facet normal 0 0 -1
    outer loop
      vertex 98.1704 -35.7941 0
      vertex 98.1704 -33.2059 0
      vertex 98.3806 -32.5866 0
    endloop
  endfacet
  facet normal 0 0 -1
    outer loop
      vertex 98.0428 -35.1526 0
      vertex 98.1704 -33.2059 0
      vertex 98.1704 -35.7941 0
    endloop
  endfacet
  facet normal 0 0 -1
    outer loop
      vertex 98.0428 -35.1526 0
      vertex 98.0428 -33.8474 0
      vertex 98.1704 -33.2059 0
    endloop
  endfacet
  facet normal 0 -0 -1
    outer loop
      vertex 98.0428 -33.8474 0
      vertex 98.0428 -35.1526 0
      vertex 98 -34.5 0
    endloop
  endfacet
  facet normal -0.980786 -0.195087 0
    outer loop
      vertex 98.1704 -35.7941 0
      vertex 98.0428 -35.1526 3.2
      vertex 98.0428 -35.1526 0
    endloop
  endfacet
  facet normal -0.980786 -0.195087 0
    outer loop
      vertex 98.0428 -35.1526 3.2
      vertex 98.1704 -35.7941 0
      vertex 98.1704 -35.7941 3.2
    endloop
  endfacet
  facet normal 0 0 1
    outer loop
      vertex 105.75 -34.5 3.2
      vertex 108 -34.5 3.2
      vertex 107.957 -33.8474 3.2
    endloop
  endfacet
  facet normal 0 0 1
    outer loop
      vertex 105.726 -34.1411 3.2
      vertex 107.957 -33.8474 3.2
      vertex 107.83 -33.2059 3.2
    endloop
  endfacet
  facet normal 0 0 1
    outer loop
      vertex 108 -34.5 3.2
      vertex 105.75 -34.5 3.2
      vertex 107.957 -35.1526 3.2
    endloop
  endfacet
  facet normal 0 0 1
    outer loop
      vertex 105.656 -33.7882 3.2
      vertex 107.83 -33.2059 3.2
      vertex 107.619 -32.5866 3.2
    endloop
  endfacet
  facet normal -0 0 1
    outer loop
      vertex 105.726 -34.8589 3.2
      vertex 107.957 -35.1526 3.2
      vertex 105.75 -34.5 3.2
    endloop
  endfacet
  facet normal 0 0 1
    outer loop
      vertex 105.541 -33.4476 3.2
      vertex 107.619 -32.5866 3.2
      vertex 107.33 -32 3.2
    endloop
  endfacet
  facet normal 0 0 1
    outer loop
      vertex 107.957 -35.1526 3.2
      vertex 105.726 -34.8589 3.2
      vertex 107.83 -35.7941 3.2
    endloop
  endfacet
  facet normal 0 0 1
    outer loop
      vertex 105.382 -33.125 3.2
      vertex 107.33 -32 3.2
      vertex 106.967 -31.4562 3.2
    endloop
  endfacet
  facet normal -0 0 1
    outer loop
      vertex 105.656 -35.2118 3.2
      vertex 107.83 -35.7941 3.2
      vertex 105.726 -34.8589 3.2
    endloop
  endfacet
  facet normal 0 0 1
    outer loop
      vertex 105.182 -32.8259 3.2
      vertex 106.967 -31.4562 3.2
      vertex 106.536 -30.9645 3.2
    endloop
  endfacet
  facet normal 0 0 1
    outer loop
      vertex 107.83 -35.7941 3.2
      vertex 105.656 -35.2118 3.2
      vertex 107.619 -36.4134 3.2
    endloop
  endfacet
  facet normal 0 0 1
    outer loop
      vertex 104.945 -32.5555 3.2
      vertex 106.536 -30.9645 3.2
      vertex 106.044 -30.5332 3.2
    endloop
  endfacet
  facet normal -0 0 1
    outer loop
      vertex 105.541 -35.5524 3.2
      vertex 107.619 -36.4134 3.2
      vertex 105.656 -35.2118 3.2
    endloop
  endfacet
  facet normal 0 0 1
    outer loop
      vertex 107.619 -36.4134 3.2
      vertex 105.541 -35.5524 3.2
      vertex 107.33 -37 3.2
    endloop
  endfacet
  facet normal 0 0 1
    outer loop
      vertex 107.957 -33.8474 3.2
      vertex 105.726 -34.1411 3.2
      vertex 105.75 -34.5 3.2
    endloop
  endfacet
  facet normal 0 0 1
    outer loop
      vertex 107.83 -33.2059 3.2
      vertex 105.656 -33.7882 3.2
      vertex 105.726 -34.1411 3.2
    endloop
  endfacet
  facet normal 0 0 1
    outer loop
      vertex 107.619 -32.5866 3.2
      vertex 105.541 -33.4476 3.2
      vertex 105.656 -33.7882 3.2
    endloop
  endfacet
  facet normal 0 0 1
    outer loop
      vertex 104.674 -32.3183 3.2
      vertex 106.044 -30.5332 3.2
      vertex 105.5 -30.1699 3.2
    endloop
  endfacet
  facet normal 0 0 1
    outer loop
      vertex 107.33 -32 3.2
      vertex 105.382 -33.125 3.2
      vertex 105.541 -33.4476 3.2
    endloop
  endfacet
  facet normal 0 0 1
    outer loop
      vertex 106.967 -31.4562 3.2
      vertex 105.182 -32.8259 3.2
      vertex 105.382 -33.125 3.2
    endloop
  endfacet
  facet normal 0 0 1
    outer loop
      vertex 106.536 -30.9645 3.2
      vertex 104.945 -32.5555 3.2
      vertex 105.182 -32.8259 3.2
    endloop
  endfacet
  facet normal 0 0 1
    outer loop
      vertex 104.375 -32.1184 3.2
      vertex 105.5 -30.1699 3.2
      vertex 104.913 -29.8806 3.2
    endloop
  endfacet
  facet normal 0 0 1
    outer loop
      vertex 106.044 -30.5332 3.2
      vertex 104.674 -32.3183 3.2
      vertex 104.945 -32.5555 3.2
    endloop
  endfacet
  facet normal 0 0 1
    outer loop
      vertex 105.5 -30.1699 3.2
      vertex 104.375 -32.1184 3.2
      vertex 104.674 -32.3183 3.2
    endloop
  endfacet
  facet normal 0 0 1
    outer loop
      vertex 104.052 -31.9593 3.2
      vertex 104.913 -29.8806 3.2
      vertex 104.294 -29.6704 3.2
    endloop
  endfacet
  facet normal 0 0 1
    outer loop
      vertex 104.913 -29.8806 3.2
      vertex 104.052 -31.9593 3.2
      vertex 104.375 -32.1184 3.2
    endloop
  endfacet
  facet normal 0 0 1
    outer loop
      vertex 104.294 -29.6704 3.2
      vertex 103.712 -31.8437 3.2
      vertex 104.052 -31.9593 3.2
    endloop
  endfacet
  facet normal 0 0 1
    outer loop
      vertex 103.653 -29.5428 3.2
      vertex 103.712 -31.8437 3.2
      vertex 104.294 -29.6704 3.2
    endloop
  endfacet
  facet normal 0 0 1
    outer loop
      vertex 103.653 -29.5428 3.2
      vertex 103.359 -31.7735 3.2
      vertex 103.712 -31.8437 3.2
    endloop
  endfacet
  facet normal 0 0 1
    outer loop
      vertex 103 -29.5 3.2
      vertex 103.359 -31.7735 3.2
      vertex 103.653 -29.5428 3.2
    endloop
  endfacet
  facet normal 0 0 1
    outer loop
      vertex 103 -29.5 3.2
      vertex 103 -31.75 3.2
      vertex 103.359 -31.7735 3.2
    endloop
  endfacet
  facet normal 0 0 1
    outer loop
      vertex 103 -29.5 3.2
      vertex 102.641 -31.7735 3.2
      vertex 103 -31.75 3.2
    endloop
  endfacet
  facet normal -0 0 1
    outer loop
      vertex 102.347 -29.5428 3.2
      vertex 102.641 -31.7735 3.2
      vertex 103 -29.5 3.2
    endloop
  endfacet
  facet normal 0 0 1
    outer loop
      vertex 102.347 -29.5428 3.2
      vertex 102.288 -31.8437 3.2
      vertex 102.641 -31.7735 3.2
    endloop
  endfacet
  facet normal -0 0 1
    outer loop
      vertex 101.706 -29.6704 3.2
      vertex 102.288 -31.8437 3.2
      vertex 102.347 -29.5428 3.2
    endloop
  endfacet
  facet normal 0 0 1
    outer loop
      vertex 102.288 -31.8437 3.2
      vertex 101.706 -29.6704 3.2
      vertex 101.948 -31.9593 3.2
    endloop
  endfacet
  facet normal -0 0 1
    outer loop
      vertex 101.087 -29.8806 3.2
      vertex 101.948 -31.9593 3.2
      vertex 101.706 -29.6704 3.2
    endloop
  endfacet
  facet normal 0 0 1
    outer loop
      vertex 101.948 -31.9593 3.2
      vertex 101.087 -29.8806 3.2
      vertex 101.625 -32.1184 3.2
    endloop
  endfacet
  facet normal -0 0 1
    outer loop
      vertex 100.5 -30.1699 3.2
      vertex 101.625 -32.1184 3.2
      vertex 101.087 -29.8806 3.2
    endloop
  endfacet
  facet normal 0 0 1
    outer loop
      vertex 101.625 -32.1184 3.2
      vertex 100.5 -30.1699 3.2
      vertex 101.326 -32.3183 3.2
    endloop
  endfacet
  facet normal -0 0 1
    outer loop
      vertex 99.9562 -30.5332 3.2
      vertex 101.326 -32.3183 3.2
      vertex 100.5 -30.1699 3.2
    endloop
  endfacet
  facet normal 0 0 1
    outer loop
      vertex 101.326 -32.3183 3.2
      vertex 99.9562 -30.5332 3.2
      vertex 101.055 -32.5555 3.2
    endloop
  endfacet
  facet normal -0 0 1
    outer loop
      vertex 99.4645 -30.9645 3.2
      vertex 101.055 -32.5555 3.2
      vertex 99.9562 -30.5332 3.2
    endloop
  endfacet
  facet normal 0 0 1
    outer loop
      vertex 101.055 -32.5555 3.2
      vertex 99.4645 -30.9645 3.2
      vertex 100.818 -32.8259 3.2
    endloop
  endfacet
  facet normal -0 0 1
    outer loop
      vertex 99.0332 -31.4562 3.2
      vertex 100.818 -32.8259 3.2
      vertex 99.4645 -30.9645 3.2
    endloop
  endfacet
  facet normal 0 0 1
    outer loop
      vertex 100.818 -32.8259 3.2
      vertex 99.0332 -31.4562 3.2
      vertex 100.618 -33.125 3.2
    endloop
  endfacet
  facet normal -0 0 1
    outer loop
      vertex 98.6699 -32 3.2
      vertex 100.618 -33.125 3.2
      vertex 99.0332 -31.4562 3.2
    endloop
  endfacet
  facet normal 0 0 1
    outer loop
      vertex 100.618 -33.125 3.2
      vertex 98.6699 -32 3.2
      vertex 100.459 -33.4476 3.2
    endloop
  endfacet
  facet normal -0 0 1
    outer loop
      vertex 105.382 -35.875 3.2
      vertex 107.33 -37 3.2
      vertex 105.541 -35.5524 3.2
    endloop
  endfacet
  facet normal 0 0 1
    outer loop
      vertex 107.33 -37 3.2
      vertex 105.382 -35.875 3.2
      vertex 106.967 -37.5438 3.2
    endloop
  endfacet
  facet normal -0 0 1
    outer loop
      vertex 105.182 -36.1741 3.2
      vertex 106.967 -37.5438 3.2
      vertex 105.382 -35.875 3.2
    endloop
  endfacet
  facet normal 0 0 1
    outer loop
      vertex 106.967 -37.5438 3.2
      vertex 105.182 -36.1741 3.2
      vertex 106.536 -38.0355 3.2
    endloop
  endfacet
  facet normal -0 0 1
    outer loop
      vertex 104.945 -36.4445 3.2
      vertex 106.536 -38.0355 3.2
      vertex 105.182 -36.1741 3.2
    endloop
  endfacet
  facet normal 0 0 1
    outer loop
      vertex 106.536 -38.0355 3.2
      vertex 104.945 -36.4445 3.2
      vertex 106.044 -38.4668 3.2
    endloop
  endfacet
  facet normal -0 0 1
    outer loop
      vertex 104.674 -36.6817 3.2
      vertex 106.044 -38.4668 3.2
      vertex 104.945 -36.4445 3.2
    endloop
  endfacet
  facet normal 0 0 1
    outer loop
      vertex 106.044 -38.4668 3.2
      vertex 104.674 -36.6817 3.2
      vertex 105.5 -38.8301 3.2
    endloop
  endfacet
  facet normal -0 0 1
    outer loop
      vertex 104.375 -36.8816 3.2
      vertex 105.5 -38.8301 3.2
      vertex 104.674 -36.6817 3.2
    endloop
  endfacet
  facet normal 0 0 1
    outer loop
      vertex 105.5 -38.8301 3.2
      vertex 104.375 -36.8816 3.2
      vertex 104.913 -39.1194 3.2
    endloop
  endfacet
  facet normal -0 0 1
    outer loop
      vertex 104.052 -37.0407 3.2
      vertex 104.913 -39.1194 3.2
      vertex 104.375 -36.8816 3.2
    endloop
  endfacet
  facet normal 0 0 1
    outer loop
      vertex 104.913 -39.1194 3.2
      vertex 104.052 -37.0407 3.2
      vertex 104.294 -39.3296 3.2
    endloop
  endfacet
  facet normal -0 0 1
    outer loop
      vertex 103.712 -37.1563 3.2
      vertex 104.294 -39.3296 3.2
      vertex 104.052 -37.0407 3.2
    endloop
  endfacet
  facet normal 0 0 1
    outer loop
      vertex 103.712 -37.1563 3.2
      vertex 103.653 -39.4572 3.2
      vertex 104.294 -39.3296 3.2
    endloop
  endfacet
  facet normal -0 0 1
    outer loop
      vertex 103.359 -37.2265 3.2
      vertex 103.653 -39.4572 3.2
      vertex 103.712 -37.1563 3.2
    endloop
  endfacet
  facet normal -0 0 1
    outer loop
      vertex 103 -37.25 3.2
      vertex 103.653 -39.4572 3.2
      vertex 103.359 -37.2265 3.2
    endloop
  endfacet
  facet normal 0 0 1
    outer loop
      vertex 103 -37.25 3.2
      vertex 103 -39.5 3.2
      vertex 103.653 -39.4572 3.2
    endloop
  endfacet
  facet normal 0 0 1
    outer loop
      vertex 102.641 -37.2265 3.2
      vertex 103 -39.5 3.2
      vertex 103 -37.25 3.2
    endloop
  endfacet
  facet normal 0 0 1
    outer loop
      vertex 102.641 -37.2265 3.2
      vertex 102.347 -39.4572 3.2
      vertex 103 -39.5 3.2
    endloop
  endfacet
  facet normal 0 0 1
    outer loop
      vertex 102.288 -37.1563 3.2
      vertex 102.347 -39.4572 3.2
      vertex 102.641 -37.2265 3.2
    endloop
  endfacet
  facet normal 0 0 1
    outer loop
      vertex 101.706 -39.3296 3.2
      vertex 102.288 -37.1563 3.2
      vertex 101.948 -37.0407 3.2
    endloop
  endfacet
  facet normal 0 0 1
    outer loop
      vertex 102.288 -37.1563 3.2
      vertex 101.706 -39.3296 3.2
      vertex 102.347 -39.4572 3.2
    endloop
  endfacet
  facet normal 0 0 1
    outer loop
      vertex 101.087 -39.1194 3.2
      vertex 101.948 -37.0407 3.2
      vertex 101.625 -36.8816 3.2
    endloop
  endfacet
  facet normal 0 0 1
    outer loop
      vertex 100.5 -38.8301 3.2
      vertex 101.625 -36.8816 3.2
      vertex 101.326 -36.6817 3.2
    endloop
  endfacet
  facet normal 0 0 1
    outer loop
      vertex 101.948 -37.0407 3.2
      vertex 101.087 -39.1194 3.2
      vertex 101.706 -39.3296 3.2
    endloop
  endfacet
  facet normal 0 0 1
    outer loop
      vertex 99.9562 -38.4668 3.2
      vertex 101.326 -36.6817 3.2
      vertex 101.055 -36.4445 3.2
    endloop
  endfacet
  facet normal 0 0 1
    outer loop
      vertex 99.4645 -38.0355 3.2
      vertex 101.055 -36.4445 3.2
      vertex 100.818 -36.1741 3.2
    endloop
  endfacet
  facet normal 0 0 1
    outer loop
      vertex 99.0332 -37.5438 3.2
      vertex 100.818 -36.1741 3.2
      vertex 100.618 -35.875 3.2
    endloop
  endfacet
  facet normal 0 0 1
    outer loop
      vertex 101.625 -36.8816 3.2
      vertex 100.5 -38.8301 3.2
      vertex 101.087 -39.1194 3.2
    endloop
  endfacet
  facet normal 0 0 1
    outer loop
      vertex 98.6699 -37 3.2
      vertex 100.618 -35.875 3.2
      vertex 100.459 -35.5524 3.2
    endloop
  endfacet
  facet normal 0 0 1
    outer loop
      vertex 98.3806 -36.4134 3.2
      vertex 100.459 -35.5524 3.2
      vertex 100.344 -35.2118 3.2
    endloop
  endfacet
  facet normal 0 0 1
    outer loop
      vertex 98.1704 -35.7941 3.2
      vertex 100.344 -35.2118 3.2
      vertex 100.274 -34.8589 3.2
    endloop
  endfacet
  facet normal 0 0 1
    outer loop
      vertex 98.0428 -35.1526 3.2
      vertex 100.274 -34.8589 3.2
      vertex 100.25 -34.5 3.2
    endloop
  endfacet
  facet normal -0 0 1
    outer loop
      vertex 98.3806 -32.5866 3.2
      vertex 100.459 -33.4476 3.2
      vertex 98.6699 -32 3.2
    endloop
  endfacet
  facet normal 0 0 1
    outer loop
      vertex 101.326 -36.6817 3.2
      vertex 99.9562 -38.4668 3.2
      vertex 100.5 -38.8301 3.2
    endloop
  endfacet
  facet normal 0 0 1
    outer loop
      vertex 100.459 -33.4476 3.2
      vertex 98.3806 -32.5866 3.2
      vertex 100.344 -33.7882 3.2
    endloop
  endfacet
  facet normal 0 0 1
    outer loop
      vertex 101.055 -36.4445 3.2
      vertex 99.4645 -38.0355 3.2
      vertex 99.9562 -38.4668 3.2
    endloop
  endfacet
  facet normal -0 0 1
    outer loop
      vertex 98.1704 -33.2059 3.2
      vertex 100.344 -33.7882 3.2
      vertex 98.3806 -32.5866 3.2
    endloop
  endfacet
  facet normal 0 0 1
    outer loop
      vertex 100.818 -36.1741 3.2
      vertex 99.0332 -37.5438 3.2
      vertex 99.4645 -38.0355 3.2
    endloop
  endfacet
  facet normal 0 0 1
    outer loop
      vertex 100.344 -33.7882 3.2
      vertex 98.1704 -33.2059 3.2
      vertex 100.274 -34.1411 3.2
    endloop
  endfacet
  facet normal 0 0 1
    outer loop
      vertex 100.618 -35.875 3.2
      vertex 98.6699 -37 3.2
      vertex 99.0332 -37.5438 3.2
    endloop
  endfacet
  facet normal -0 0 1
    outer loop
      vertex 98.0428 -33.8474 3.2
      vertex 100.274 -34.1411 3.2
      vertex 98.1704 -33.2059 3.2
    endloop
  endfacet
  facet normal 0 0 1
    outer loop
      vertex 100.459 -35.5524 3.2
      vertex 98.3806 -36.4134 3.2
      vertex 98.6699 -37 3.2
    endloop
  endfacet
  facet normal 0 0 1
    outer loop
      vertex 100.274 -34.1411 3.2
      vertex 98.0428 -33.8474 3.2
      vertex 100.25 -34.5 3.2
    endloop
  endfacet
  facet normal 0 0 1
    outer loop
      vertex 100.344 -35.2118 3.2
      vertex 98.1704 -35.7941 3.2
      vertex 98.3806 -36.4134 3.2
    endloop
  endfacet
  facet normal 0 0 1
    outer loop
      vertex 98 -34.5 3.2
      vertex 100.25 -34.5 3.2
      vertex 98.0428 -33.8474 3.2
    endloop
  endfacet
  facet normal 0 0 1
    outer loop
      vertex 100.274 -34.8589 3.2
      vertex 98.0428 -35.1526 3.2
      vertex 98.1704 -35.7941 3.2
    endloop
  endfacet
  facet normal 0 0 1
    outer loop
      vertex 100.25 -34.5 3.2
      vertex 98 -34.5 3.2
      vertex 98.0428 -35.1526 3.2
    endloop
  endfacet
  facet normal -0.195233 -0.980757 0
    outer loop
      vertex 101.706 -39.3296 0
      vertex 102.347 -39.4572 3.2
      vertex 101.706 -39.3296 3.2
    endloop
  endfacet
  facet normal -0.195233 -0.980757 -0
    outer loop
      vertex 102.347 -39.4572 3.2
      vertex 101.706 -39.3296 0
      vertex 102.347 -39.4572 0
    endloop
  endfacet
  facet normal -0.831509 0.555512 0
    outer loop
      vertex 98.6699 -32 0
      vertex 99.0332 -31.4562 3.2
      vertex 99.0332 -31.4562 0
    endloop
  endfacet
  facet normal -0.831509 0.555512 0
    outer loop
      vertex 99.0332 -31.4562 3.2
      vertex 98.6699 -32 0
      vertex 98.6699 -32 3.2
    endloop
  endfacet
  facet normal -0.0654033 -0.997859 0
    outer loop
      vertex 102.347 -39.4572 0
      vertex 103 -39.5 3.2
      vertex 102.347 -39.4572 3.2
    endloop
  endfacet
  facet normal -0.0654033 -0.997859 -0
    outer loop
      vertex 103 -39.5 3.2
      vertex 102.347 -39.4572 0
      vertex 103 -39.5 0
    endloop
  endfacet
  facet normal 0.980889 -0.194566 0
    outer loop
      vertex 105.656 -35.2118 4.7
      vertex 105.726 -34.8589 3.2
      vertex 105.726 -34.8589 4.7
    endloop
  endfacet
  facet normal 0.980889 -0.194566 0
    outer loop
      vertex 105.726 -34.8589 3.2
      vertex 105.656 -35.2118 4.7
      vertex 105.656 -35.2118 3.2
    endloop
  endfacet
  facet normal 0.980889 0.194566 0
    outer loop
      vertex 105.726 -34.1411 4.7
      vertex 105.656 -33.7882 3.2
      vertex 105.656 -33.7882 4.7
    endloop
  endfacet
  facet normal 0.980889 0.194566 0
    outer loop
      vertex 105.656 -33.7882 3.2
      vertex 105.726 -34.1411 4.7
      vertex 105.726 -34.1411 3.2
    endloop
  endfacet
  facet normal 0.997772 0.066722 0
    outer loop
      vertex 105.75 -34.5 4.7
      vertex 105.726 -34.1411 3.2
      vertex 105.726 -34.1411 4.7
    endloop
  endfacet
  facet normal 0.997772 0.066722 0
    outer loop
      vertex 105.726 -34.1411 3.2
      vertex 105.75 -34.5 4.7
      vertex 105.75 -34.5 3.2
    endloop
  endfacet
  facet normal 0.947452 0.319897 0
    outer loop
      vertex 105.656 -33.7882 4.7
      vertex 105.541 -33.4476 3.2
      vertex 105.541 -33.4476 4.7
    endloop
  endfacet
  facet normal 0.947452 0.319897 0
    outer loop
      vertex 105.541 -33.4476 3.2
      vertex 105.656 -33.7882 4.7
      vertex 105.656 -33.7882 3.2
    endloop
  endfacet
  facet normal -0.997772 0.066722 0
    outer loop
      vertex 100.25 -34.5 3.2
      vertex 100.274 -34.1411 4.7
      vertex 100.274 -34.1411 3.2
    endloop
  endfacet
  facet normal -0.997772 0.066722 0
    outer loop
      vertex 100.274 -34.1411 4.7
      vertex 100.25 -34.5 3.2
      vertex 100.25 -34.5 4.7
    endloop
  endfacet
  facet normal 0.441873 -0.897078 0
    outer loop
      vertex 104.052 -37.0407 3.2
      vertex 104.375 -36.8816 4.7
      vertex 104.052 -37.0407 4.7
    endloop
  endfacet
  facet normal 0.441873 -0.897078 0
    outer loop
      vertex 104.375 -36.8816 4.7
      vertex 104.052 -37.0407 3.2
      vertex 104.375 -36.8816 3.2
    endloop
  endfacet
  facet normal 0.195047 0.980794 -0
    outer loop
      vertex 103.712 -31.8437 3.2
      vertex 103.359 -31.7735 4.7
      vertex 103.712 -31.8437 4.7
    endloop
  endfacet
  facet normal 0.195047 0.980794 0
    outer loop
      vertex 103.359 -31.7735 4.7
      vertex 103.712 -31.8437 3.2
      vertex 103.359 -31.7735 3.2
    endloop
  endfacet
  facet normal 0.195047 -0.980794 0
    outer loop
      vertex 103.359 -37.2265 3.2
      vertex 103.712 -37.1563 4.7
      vertex 103.359 -37.2265 4.7
    endloop
  endfacet
  facet normal 0.195047 -0.980794 0
    outer loop
      vertex 103.712 -37.1563 4.7
      vertex 103.359 -37.2265 3.2
      vertex 103.712 -37.1563 3.2
    endloop
  endfacet
  facet normal 0.0653198 -0.997864 0
    outer loop
      vertex 103 -37.25 3.2
      vertex 103.359 -37.2265 4.7
      vertex 103 -37.25 4.7
    endloop
  endfacet
  facet normal 0.0653198 -0.997864 0
    outer loop
      vertex 103.359 -37.2265 4.7
      vertex 103 -37.25 3.2
      vertex 103.359 -37.2265 3.2
    endloop
  endfacet
  facet normal -0.658623 0.752473 0
    outer loop
      vertex 101.326 -32.3183 3.2
      vertex 101.055 -32.5555 4.7
      vertex 101.326 -32.3183 4.7
    endloop
  endfacet
  facet normal -0.658623 0.752473 0
    outer loop
      vertex 101.055 -32.5555 4.7
      vertex 101.326 -32.3183 3.2
      vertex 101.055 -32.5555 3.2
    endloop
  endfacet
  facet normal -0.83128 0.555854 0
    outer loop
      vertex 100.618 -33.125 3.2
      vertex 100.818 -32.8259 4.7
      vertex 100.818 -32.8259 3.2
    endloop
  endfacet
  facet normal -0.83128 0.555854 0
    outer loop
      vertex 100.818 -32.8259 4.7
      vertex 100.618 -33.125 3.2
      vertex 100.618 -33.125 4.7
    endloop
  endfacet
  facet normal 0.321903 0.946773 -0
    outer loop
      vertex 104.052 -31.9593 3.2
      vertex 103.712 -31.8437 4.7
      vertex 104.052 -31.9593 4.7
    endloop
  endfacet
  facet normal 0.321903 0.946773 0
    outer loop
      vertex 103.712 -31.8437 4.7
      vertex 104.052 -31.9593 3.2
      vertex 103.712 -31.8437 3.2
    endloop
  endfacet
  facet normal 0.658623 -0.752473 0
    outer loop
      vertex 104.674 -36.6817 3.2
      vertex 104.945 -36.4445 4.7
      vertex 104.674 -36.6817 4.7
    endloop
  endfacet
  facet normal 0.658623 -0.752473 0
    outer loop
      vertex 104.945 -36.4445 4.7
      vertex 104.674 -36.6817 3.2
      vertex 104.945 -36.4445 3.2
    endloop
  endfacet
  facet normal -0.441873 0.897078 0
    outer loop
      vertex 101.948 -31.9593 3.2
      vertex 101.625 -32.1184 4.7
      vertex 101.948 -31.9593 4.7
    endloop
  endfacet
  facet normal -0.441873 0.897078 0
    outer loop
      vertex 101.625 -32.1184 4.7
      vertex 101.948 -31.9593 3.2
      vertex 101.625 -32.1184 3.2
    endloop
  endfacet
  facet normal -0.0653198 -0.997864 0
    outer loop
      vertex 102.641 -37.2265 3.2
      vertex 103 -37.25 4.7
      vertex 102.641 -37.2265 4.7
    endloop
  endfacet
  facet normal -0.0653198 -0.997864 -0
    outer loop
      vertex 103 -37.25 4.7
      vertex 102.641 -37.2265 3.2
      vertex 103 -37.25 3.2
    endloop
  endfacet
  facet normal 0.752025 -0.659134 0
    outer loop
      vertex 104.945 -36.4445 4.7
      vertex 105.182 -36.1741 3.2
      vertex 105.182 -36.1741 4.7
    endloop
  endfacet
  facet normal 0.752025 -0.659134 0
    outer loop
      vertex 105.182 -36.1741 3.2
      vertex 104.945 -36.4445 4.7
      vertex 104.945 -36.4445 3.2
    endloop
  endfacet
  facet normal -0.947452 -0.319897 0
    outer loop
      vertex 100.459 -35.5524 3.2
      vertex 100.344 -35.2118 4.7
      vertex 100.344 -35.2118 3.2
    endloop
  endfacet
  facet normal -0.947452 -0.319897 0
    outer loop
      vertex 100.344 -35.2118 4.7
      vertex 100.459 -35.5524 3.2
      vertex 100.459 -35.5524 4.7
    endloop
  endfacet
  facet normal 0.321903 -0.946773 0
    outer loop
      vertex 103.712 -37.1563 3.2
      vertex 104.052 -37.0407 4.7
      vertex 103.712 -37.1563 4.7
    endloop
  endfacet
  facet normal 0.321903 -0.946773 0
    outer loop
      vertex 104.052 -37.0407 4.7
      vertex 103.712 -37.1563 3.2
      vertex 104.052 -37.0407 3.2
    endloop
  endfacet
  facet normal -0.321903 0.946773 0
    outer loop
      vertex 102.288 -31.8437 3.2
      vertex 101.948 -31.9593 4.7
      vertex 102.288 -31.8437 4.7
    endloop
  endfacet
  facet normal -0.321903 0.946773 0
    outer loop
      vertex 101.948 -31.9593 4.7
      vertex 102.288 -31.8437 3.2
      vertex 101.948 -31.9593 3.2
    endloop
  endfacet
  facet normal -0.55579 0.831322 0
    outer loop
      vertex 101.625 -32.1184 3.2
      vertex 101.326 -32.3183 4.7
      vertex 101.625 -32.1184 4.7
    endloop
  endfacet
  facet normal -0.55579 0.831322 0
    outer loop
      vertex 101.326 -32.3183 4.7
      vertex 101.625 -32.1184 3.2
      vertex 101.326 -32.3183 3.2
    endloop
  endfacet
  facet normal -0.947452 0.319897 0
    outer loop
      vertex 100.344 -33.7882 3.2
      vertex 100.459 -33.4476 4.7
      vertex 100.459 -33.4476 3.2
    endloop
  endfacet
  facet normal -0.947452 0.319897 0
    outer loop
      vertex 100.459 -33.4476 4.7
      vertex 100.344 -33.7882 3.2
      vertex 100.344 -33.7882 4.7
    endloop
  endfacet
  facet normal 0.896971 0.44209 0
    outer loop
      vertex 105.541 -33.4476 4.7
      vertex 105.382 -33.125 3.2
      vertex 105.382 -33.125 4.7
    endloop
  endfacet
  facet normal 0.896971 0.44209 0
    outer loop
      vertex 105.382 -33.125 3.2
      vertex 105.541 -33.4476 4.7
      vertex 105.541 -33.4476 3.2
    endloop
  endfacet
  facet normal -0.195047 0.980794 0
    outer loop
      vertex 102.641 -31.7735 3.2
      vertex 102.288 -31.8437 4.7
      vertex 102.641 -31.7735 4.7
    endloop
  endfacet
  facet normal -0.195047 0.980794 0
    outer loop
      vertex 102.288 -31.8437 4.7
      vertex 102.641 -31.7735 3.2
      vertex 102.288 -31.8437 3.2
    endloop
  endfacet
  facet normal 0.658623 0.752473 -0
    outer loop
      vertex 104.945 -32.5555 3.2
      vertex 104.674 -32.3183 4.7
      vertex 104.945 -32.5555 4.7
    endloop
  endfacet
  facet normal 0.658623 0.752473 0
    outer loop
      vertex 104.674 -32.3183 4.7
      vertex 104.945 -32.5555 3.2
      vertex 104.674 -32.3183 3.2
    endloop
  endfacet
  facet normal 0.997772 -0.066722 0
    outer loop
      vertex 105.726 -34.8589 4.7
      vertex 105.75 -34.5 3.2
      vertex 105.75 -34.5 4.7
    endloop
  endfacet
  facet normal 0.997772 -0.066722 0
    outer loop
      vertex 105.75 -34.5 3.2
      vertex 105.726 -34.8589 4.7
      vertex 105.726 -34.8589 3.2
    endloop
  endfacet
  facet normal 0.441873 0.897078 -0
    outer loop
      vertex 104.375 -32.1184 3.2
      vertex 104.052 -31.9593 4.7
      vertex 104.375 -32.1184 4.7
    endloop
  endfacet
  facet normal 0.441873 0.897078 0
    outer loop
      vertex 104.052 -31.9593 4.7
      vertex 104.375 -32.1184 3.2
      vertex 104.052 -31.9593 3.2
    endloop
  endfacet
  facet normal -0.321903 -0.946773 0
    outer loop
      vertex 101.948 -37.0407 3.2
      vertex 102.288 -37.1563 4.7
      vertex 101.948 -37.0407 4.7
    endloop
  endfacet
  facet normal -0.321903 -0.946773 -0
    outer loop
      vertex 102.288 -37.1563 4.7
      vertex 101.948 -37.0407 3.2
      vertex 102.288 -37.1563 3.2
    endloop
  endfacet
  facet normal -0.980889 0.194566 0
    outer loop
      vertex 100.274 -34.1411 3.2
      vertex 100.344 -33.7882 4.7
      vertex 100.344 -33.7882 3.2
    endloop
  endfacet
  facet normal -0.980889 0.194566 0
    outer loop
      vertex 100.344 -33.7882 4.7
      vertex 100.274 -34.1411 3.2
      vertex 100.274 -34.1411 4.7
    endloop
  endfacet
  facet normal -0.0653198 0.997864 0
    outer loop
      vertex 103 -31.75 3.2
      vertex 102.641 -31.7735 4.7
      vertex 103 -31.75 4.7
    endloop
  endfacet
  facet normal -0.0653198 0.997864 0
    outer loop
      vertex 102.641 -31.7735 4.7
      vertex 103 -31.75 3.2
      vertex 102.641 -31.7735 3.2
    endloop
  endfacet
  facet normal -0.195047 -0.980794 0
    outer loop
      vertex 102.288 -37.1563 3.2
      vertex 102.641 -37.2265 4.7
      vertex 102.288 -37.1563 4.7
    endloop
  endfacet
  facet normal -0.195047 -0.980794 -0
    outer loop
      vertex 102.641 -37.2265 4.7
      vertex 102.288 -37.1563 3.2
      vertex 102.641 -37.2265 3.2
    endloop
  endfacet
  facet normal 0.947452 -0.319897 0
    outer loop
      vertex 105.541 -35.5524 4.7
      vertex 105.656 -35.2118 3.2
      vertex 105.656 -35.2118 4.7
    endloop
  endfacet
  facet normal 0.947452 -0.319897 0
    outer loop
      vertex 105.656 -35.2118 3.2
      vertex 105.541 -35.5524 4.7
      vertex 105.541 -35.5524 3.2
    endloop
  endfacet
  facet normal 0.83128 0.555854 0
    outer loop
      vertex 105.382 -33.125 4.7
      vertex 105.182 -32.8259 3.2
      vertex 105.182 -32.8259 4.7
    endloop
  endfacet
  facet normal 0.83128 0.555854 0
    outer loop
      vertex 105.182 -32.8259 3.2
      vertex 105.382 -33.125 4.7
      vertex 105.382 -33.125 3.2
    endloop
  endfacet
  facet normal 0.752025 0.659134 0
    outer loop
      vertex 105.182 -32.8259 4.7
      vertex 104.945 -32.5555 3.2
      vertex 104.945 -32.5555 4.7
    endloop
  endfacet
  facet normal 0.752025 0.659134 0
    outer loop
      vertex 104.945 -32.5555 3.2
      vertex 105.182 -32.8259 4.7
      vertex 105.182 -32.8259 3.2
    endloop
  endfacet
  facet normal -0.896971 -0.44209 0
    outer loop
      vertex 100.618 -35.875 3.2
      vertex 100.459 -35.5524 4.7
      vertex 100.459 -35.5524 3.2
    endloop
  endfacet
  facet normal -0.896971 -0.44209 0
    outer loop
      vertex 100.459 -35.5524 4.7
      vertex 100.618 -35.875 3.2
      vertex 100.618 -35.875 4.7
    endloop
  endfacet
  facet normal 0.896971 -0.44209 0
    outer loop
      vertex 105.382 -35.875 4.7
      vertex 105.541 -35.5524 3.2
      vertex 105.541 -35.5524 4.7
    endloop
  endfacet
  facet normal 0.896971 -0.44209 0
    outer loop
      vertex 105.541 -35.5524 3.2
      vertex 105.382 -35.875 4.7
      vertex 105.382 -35.875 3.2
    endloop
  endfacet
  facet normal -0.752025 -0.659134 0
    outer loop
      vertex 101.055 -36.4445 3.2
      vertex 100.818 -36.1741 4.7
      vertex 100.818 -36.1741 3.2
    endloop
  endfacet
  facet normal -0.752025 -0.659134 0
    outer loop
      vertex 100.818 -36.1741 4.7
      vertex 101.055 -36.4445 3.2
      vertex 101.055 -36.4445 4.7
    endloop
  endfacet
  facet normal 0.83128 -0.555854 0
    outer loop
      vertex 105.182 -36.1741 4.7
      vertex 105.382 -35.875 3.2
      vertex 105.382 -35.875 4.7
    endloop
  endfacet
  facet normal 0.83128 -0.555854 0
    outer loop
      vertex 105.382 -35.875 3.2
      vertex 105.182 -36.1741 4.7
      vertex 105.182 -36.1741 3.2
    endloop
  endfacet
  facet normal -0.752025 0.659134 0
    outer loop
      vertex 100.818 -32.8259 3.2
      vertex 101.055 -32.5555 4.7
      vertex 101.055 -32.5555 3.2
    endloop
  endfacet
  facet normal -0.752025 0.659134 0
    outer loop
      vertex 101.055 -32.5555 4.7
      vertex 100.818 -32.8259 3.2
      vertex 100.818 -32.8259 4.7
    endloop
  endfacet
  facet normal 0.0653198 0.997864 -0
    outer loop
      vertex 103.359 -31.7735 3.2
      vertex 103 -31.75 4.7
      vertex 103.359 -31.7735 4.7
    endloop
  endfacet
  facet normal 0.0653198 0.997864 0
    outer loop
      vertex 103 -31.75 4.7
      vertex 103.359 -31.7735 3.2
      vertex 103 -31.75 3.2
    endloop
  endfacet
  facet normal 0.55579 0.831322 -0
    outer loop
      vertex 104.674 -32.3183 3.2
      vertex 104.375 -32.1184 4.7
      vertex 104.674 -32.3183 4.7
    endloop
  endfacet
  facet normal 0.55579 0.831322 0
    outer loop
      vertex 104.375 -32.1184 4.7
      vertex 104.674 -32.3183 3.2
      vertex 104.375 -32.1184 3.2
    endloop
  endfacet
  facet normal 0 0 1
    outer loop
      vertex 105.726 -34.1411 4.7
      vertex 105.726 -34.8589 4.7
      vertex 105.75 -34.5 4.7
    endloop
  endfacet
  facet normal 0 0 1
    outer loop
      vertex 105.656 -33.7882 4.7
      vertex 105.726 -34.8589 4.7
      vertex 105.726 -34.1411 4.7
    endloop
  endfacet
  facet normal 0 0 1
    outer loop
      vertex 105.656 -33.7882 4.7
      vertex 105.656 -35.2118 4.7
      vertex 105.726 -34.8589 4.7
    endloop
  endfacet
  facet normal 0 0 1
    outer loop
      vertex 105.541 -33.4476 4.7
      vertex 105.656 -35.2118 4.7
      vertex 105.656 -33.7882 4.7
    endloop
  endfacet
  facet normal 0 0 1
    outer loop
      vertex 105.541 -33.4476 4.7
      vertex 105.541 -35.5524 4.7
      vertex 105.656 -35.2118 4.7
    endloop
  endfacet
  facet normal 0 0 1
    outer loop
      vertex 105.382 -33.125 4.7
      vertex 105.541 -35.5524 4.7
      vertex 105.541 -33.4476 4.7
    endloop
  endfacet
  facet normal 0 0 1
    outer loop
      vertex 105.382 -33.125 4.7
      vertex 105.382 -35.875 4.7
      vertex 105.541 -35.5524 4.7
    endloop
  endfacet
  facet normal 0 0 1
    outer loop
      vertex 105.182 -32.8259 4.7
      vertex 105.382 -35.875 4.7
      vertex 105.382 -33.125 4.7
    endloop
  endfacet
  facet normal 0 0 1
    outer loop
      vertex 105.182 -32.8259 4.7
      vertex 105.182 -36.1741 4.7
      vertex 105.382 -35.875 4.7
    endloop
  endfacet
  facet normal 0 0 1
    outer loop
      vertex 104.945 -32.5555 4.7
      vertex 105.182 -36.1741 4.7
      vertex 105.182 -32.8259 4.7
    endloop
  endfacet
  facet normal 0 0 1
    outer loop
      vertex 104.945 -32.5555 4.7
      vertex 104.945 -36.4445 4.7
      vertex 105.182 -36.1741 4.7
    endloop
  endfacet
  facet normal 0 0 1
    outer loop
      vertex 104.674 -32.3183 4.7
      vertex 104.945 -36.4445 4.7
      vertex 104.945 -32.5555 4.7
    endloop
  endfacet
  facet normal 0 0 1
    outer loop
      vertex 104.674 -32.3183 4.7
      vertex 104.674 -36.6817 4.7
      vertex 104.945 -36.4445 4.7
    endloop
  endfacet
  facet normal 0 0 1
    outer loop
      vertex 104.375 -32.1184 4.7
      vertex 104.674 -36.6817 4.7
      vertex 104.674 -32.3183 4.7
    endloop
  endfacet
  facet normal 0 0 1
    outer loop
      vertex 104.375 -32.1184 4.7
      vertex 104.375 -36.8816 4.7
      vertex 104.674 -36.6817 4.7
    endloop
  endfacet
  facet normal 0 0 1
    outer loop
      vertex 104.052 -31.9593 4.7
      vertex 104.375 -36.8816 4.7
      vertex 104.375 -32.1184 4.7
    endloop
  endfacet
  facet normal 0 0 1
    outer loop
      vertex 104.052 -31.9593 4.7
      vertex 104.052 -37.0407 4.7
      vertex 104.375 -36.8816 4.7
    endloop
  endfacet
  facet normal 0 0 1
    outer loop
      vertex 103.712 -31.8437 4.7
      vertex 104.052 -37.0407 4.7
      vertex 104.052 -31.9593 4.7
    endloop
  endfacet
  facet normal 0 0 1
    outer loop
      vertex 103.712 -31.8437 4.7
      vertex 103.712 -37.1563 4.7
      vertex 104.052 -37.0407 4.7
    endloop
  endfacet
  facet normal 0 0 1
    outer loop
      vertex 103.359 -31.7735 4.7
      vertex 103.712 -37.1563 4.7
      vertex 103.712 -31.8437 4.7
    endloop
  endfacet
  facet normal 0 0 1
    outer loop
      vertex 103.359 -31.7735 4.7
      vertex 103.359 -37.2265 4.7
      vertex 103.712 -37.1563 4.7
    endloop
  endfacet
  facet normal 0 0 1
    outer loop
      vertex 103 -31.75 4.7
      vertex 103.359 -37.2265 4.7
      vertex 103.359 -31.7735 4.7
    endloop
  endfacet
  facet normal 0 0 1
    outer loop
      vertex 103 -31.75 4.7
      vertex 103 -37.25 4.7
      vertex 103.359 -37.2265 4.7
    endloop
  endfacet
  facet normal -0 0 1
    outer loop
      vertex 102.641 -31.7735 4.7
      vertex 103 -37.25 4.7
      vertex 103 -31.75 4.7
    endloop
  endfacet
  facet normal 0 0 1
    outer loop
      vertex 102.641 -31.7735 4.7
      vertex 102.641 -37.2265 4.7
      vertex 103 -37.25 4.7
    endloop
  endfacet
  facet normal -0 0 1
    outer loop
      vertex 102.288 -31.8437 4.7
      vertex 102.641 -37.2265 4.7
      vertex 102.641 -31.7735 4.7
    endloop
  endfacet
  facet normal 0 0 1
    outer loop
      vertex 102.288 -31.8437 4.7
      vertex 102.288 -37.1563 4.7
      vertex 102.641 -37.2265 4.7
    endloop
  endfacet
  facet normal -0 0 1
    outer loop
      vertex 101.948 -31.9593 4.7
      vertex 102.288 -37.1563 4.7
      vertex 102.288 -31.8437 4.7
    endloop
  endfacet
  facet normal 0 0 1
    outer loop
      vertex 101.948 -31.9593 4.7
      vertex 101.948 -37.0407 4.7
      vertex 102.288 -37.1563 4.7
    endloop
  endfacet
  facet normal -0 0 1
    outer loop
      vertex 101.625 -32.1184 4.7
      vertex 101.948 -37.0407 4.7
      vertex 101.948 -31.9593 4.7
    endloop
  endfacet
  facet normal 0 0 1
    outer loop
      vertex 101.625 -32.1184 4.7
      vertex 101.625 -36.8816 4.7
      vertex 101.948 -37.0407 4.7
    endloop
  endfacet
  facet normal -0 0 1
    outer loop
      vertex 101.326 -32.3183 4.7
      vertex 101.625 -36.8816 4.7
      vertex 101.625 -32.1184 4.7
    endloop
  endfacet
  facet normal 0 0 1
    outer loop
      vertex 101.326 -32.3183 4.7
      vertex 101.326 -36.6817 4.7
      vertex 101.625 -36.8816 4.7
    endloop
  endfacet
  facet normal -0 0 1
    outer loop
      vertex 101.055 -32.5555 4.7
      vertex 101.326 -36.6817 4.7
      vertex 101.326 -32.3183 4.7
    endloop
  endfacet
  facet normal 0 0 1
    outer loop
      vertex 101.055 -32.5555 4.7
      vertex 101.055 -36.4445 4.7
      vertex 101.326 -36.6817 4.7
    endloop
  endfacet
  facet normal -0 0 1
    outer loop
      vertex 100.818 -32.8259 4.7
      vertex 101.055 -36.4445 4.7
      vertex 101.055 -32.5555 4.7
    endloop
  endfacet
  facet normal 0 0 1
    outer loop
      vertex 100.818 -32.8259 4.7
      vertex 100.818 -36.1741 4.7
      vertex 101.055 -36.4445 4.7
    endloop
  endfacet
  facet normal -0 0 1
    outer loop
      vertex 100.618 -33.125 4.7
      vertex 100.818 -36.1741 4.7
      vertex 100.818 -32.8259 4.7
    endloop
  endfacet
  facet normal 0 0 1
    outer loop
      vertex 100.618 -33.125 4.7
      vertex 100.618 -35.875 4.7
      vertex 100.818 -36.1741 4.7
    endloop
  endfacet
  facet normal -0 0 1
    outer loop
      vertex 100.459 -33.4476 4.7
      vertex 100.618 -35.875 4.7
      vertex 100.618 -33.125 4.7
    endloop
  endfacet
  facet normal 0 0 1
    outer loop
      vertex 100.459 -33.4476 4.7
      vertex 100.459 -35.5524 4.7
      vertex 100.618 -35.875 4.7
    endloop
  endfacet
  facet normal -0 0 1
    outer loop
      vertex 100.344 -33.7882 4.7
      vertex 100.459 -35.5524 4.7
      vertex 100.459 -33.4476 4.7
    endloop
  endfacet
  facet normal 0 0 1
    outer loop
      vertex 100.344 -33.7882 4.7
      vertex 100.344 -35.2118 4.7
      vertex 100.459 -35.5524 4.7
    endloop
  endfacet
  facet normal -0 0 1
    outer loop
      vertex 100.274 -34.1411 4.7
      vertex 100.344 -35.2118 4.7
      vertex 100.344 -33.7882 4.7
    endloop
  endfacet
  facet normal 0 0 1
    outer loop
      vertex 100.274 -34.1411 4.7
      vertex 100.274 -34.8589 4.7
      vertex 100.344 -35.2118 4.7
    endloop
  endfacet
  facet normal 0 -0 1
    outer loop
      vertex 100.274 -34.8589 4.7
      vertex 100.274 -34.1411 4.7
      vertex 100.25 -34.5 4.7
    endloop
  endfacet
  facet normal -0.441873 -0.897078 0
    outer loop
      vertex 101.625 -36.8816 3.2
      vertex 101.948 -37.0407 4.7
      vertex 101.625 -36.8816 4.7
    endloop
  endfacet
  facet normal -0.441873 -0.897078 -0
    outer loop
      vertex 101.948 -37.0407 4.7
      vertex 101.625 -36.8816 3.2
      vertex 101.948 -37.0407 3.2
    endloop
  endfacet
  facet normal -0.83128 -0.555854 0
    outer loop
      vertex 100.818 -36.1741 3.2
      vertex 100.618 -35.875 4.7
      vertex 100.618 -35.875 3.2
    endloop
  endfacet
  facet normal -0.83128 -0.555854 0
    outer loop
      vertex 100.618 -35.875 4.7
      vertex 100.818 -36.1741 3.2
      vertex 100.818 -36.1741 4.7
    endloop
  endfacet
  facet normal -0.980889 -0.194566 0
    outer loop
      vertex 100.344 -35.2118 3.2
      vertex 100.274 -34.8589 4.7
      vertex 100.274 -34.8589 3.2
    endloop
  endfacet
  facet normal -0.980889 -0.194566 0
    outer loop
      vertex 100.274 -34.8589 4.7
      vertex 100.344 -35.2118 3.2
      vertex 100.344 -35.2118 4.7
    endloop
  endfacet
  facet normal -0.658623 -0.752473 0
    outer loop
      vertex 101.055 -36.4445 3.2
      vertex 101.326 -36.6817 4.7
      vertex 101.055 -36.4445 4.7
    endloop
  endfacet
  facet normal -0.658623 -0.752473 -0
    outer loop
      vertex 101.326 -36.6817 4.7
      vertex 101.055 -36.4445 3.2
      vertex 101.326 -36.6817 3.2
    endloop
  endfacet
  facet normal -0.896971 0.44209 0
    outer loop
      vertex 100.459 -33.4476 3.2
      vertex 100.618 -33.125 4.7
      vertex 100.618 -33.125 3.2
    endloop
  endfacet
  facet normal -0.896971 0.44209 0
    outer loop
      vertex 100.618 -33.125 4.7
      vertex 100.459 -33.4476 3.2
      vertex 100.459 -33.4476 4.7
    endloop
  endfacet
  facet normal -0.997772 -0.066722 0
    outer loop
      vertex 100.274 -34.8589 3.2
      vertex 100.25 -34.5 4.7
      vertex 100.25 -34.5 3.2
    endloop
  endfacet
  facet normal -0.997772 -0.066722 0
    outer loop
      vertex 100.25 -34.5 4.7
      vertex 100.274 -34.8589 3.2
      vertex 100.274 -34.8589 4.7
    endloop
  endfacet
  facet normal 0.55579 -0.831322 0
    outer loop
      vertex 104.375 -36.8816 3.2
      vertex 104.674 -36.6817 4.7
      vertex 104.375 -36.8816 4.7
    endloop
  endfacet
  facet normal 0.55579 -0.831322 0
    outer loop
      vertex 104.674 -36.6817 4.7
      vertex 104.375 -36.8816 3.2
      vertex 104.674 -36.6817 3.2
    endloop
  endfacet
  facet normal -0.55579 -0.831322 0
    outer loop
      vertex 101.326 -36.6817 3.2
      vertex 101.625 -36.8816 4.7
      vertex 101.326 -36.6817 4.7
    endloop
  endfacet
  facet normal -0.55579 -0.831322 -0
    outer loop
      vertex 101.625 -36.8816 4.7
      vertex 101.326 -36.6817 3.2
      vertex 101.625 -36.8816 3.2
    endloop
  endfacet
  facet normal 0.980961 0.194204 0
    outer loop
      vertex 136.957 -33.8474 3.2
      vertex 136.83 -33.2059 0
      vertex 136.83 -33.2059 3.2
    endloop
  endfacet
  facet normal 0.980961 0.194204 0
    outer loop
      vertex 136.83 -33.2059 0
      vertex 136.957 -33.8474 3.2
      vertex 136.957 -33.8474 0
    endloop
  endfacet
  facet normal 0.997836 0.0657477 0
    outer loop
      vertex 137 -34.5 3.2
      vertex 136.957 -33.8474 0
      vertex 136.957 -33.8474 3.2
    endloop
  endfacet
  facet normal 0.997836 0.0657477 0
    outer loop
      vertex 136.957 -33.8474 0
      vertex 137 -34.5 3.2
      vertex 137 -34.5 0
    endloop
  endfacet
  facet normal 0.321546 -0.946894 0
    outer loop
      vertex 133.294 -39.3296 0
      vertex 133.913 -39.1194 3.2
      vertex 133.294 -39.3296 3.2
    endloop
  endfacet
  facet normal 0.321546 -0.946894 0
    outer loop
      vertex 133.913 -39.1194 3.2
      vertex 133.294 -39.3296 0
      vertex 133.913 -39.1194 0
    endloop
  endfacet
  facet normal 0.831721 0.555194 0
    outer loop
      vertex 136.33 -32 3.2
      vertex 135.967 -31.4562 0
      vertex 135.967 -31.4562 3.2
    endloop
  endfacet
  facet normal 0.831721 0.555194 0
    outer loop
      vertex 135.967 -31.4562 0
      vertex 136.33 -32 3.2
      vertex 136.33 -32 0
    endloop
  endfacet
  facet normal -0.897042 0.441945 0
    outer loop
      vertex 127.381 -32.5866 0
      vertex 127.67 -32 3.2
      vertex 127.67 -32 0
    endloop
  endfacet
  facet normal -0.897042 0.441945 0
    outer loop
      vertex 127.67 -32 3.2
      vertex 127.381 -32.5866 0
      vertex 127.381 -32.5866 3.2
    endloop
  endfacet
  facet normal -0.55537 0.831603 0
    outer loop
      vertex 129.5 -30.1699 0
      vertex 128.956 -30.5332 3.2
      vertex 129.5 -30.1699 3.2
    endloop
  endfacet
  facet normal -0.55537 0.831603 0
    outer loop
      vertex 128.956 -30.5332 3.2
      vertex 129.5 -30.1699 0
      vertex 128.956 -30.5332 0
    endloop
  endfacet
  facet normal -0.659197 0.75197 0
    outer loop
      vertex 128.956 -30.5332 0
      vertex 128.464 -30.9645 3.2
      vertex 128.956 -30.5332 3.2
    endloop
  endfacet
  facet normal -0.659197 0.75197 0
    outer loop
      vertex 128.464 -30.9645 3.2
      vertex 128.956 -30.5332 0
      vertex 128.464 -30.9645 0
    endloop
  endfacet
  facet normal -0.751998 0.659165 0
    outer loop
      vertex 128.033 -31.4562 0
      vertex 128.464 -30.9645 3.2
      vertex 128.464 -30.9645 0
    endloop
  endfacet
  facet normal -0.751998 0.659165 0
    outer loop
      vertex 128.464 -30.9645 3.2
      vertex 128.033 -31.4562 0
      vertex 128.033 -31.4562 3.2
    endloop
  endfacet
  facet normal 0.946569 -0.322503 0
    outer loop
      vertex 136.619 -36.4134 3.2
      vertex 136.83 -35.7941 0
      vertex 136.83 -35.7941 3.2
    endloop
  endfacet
  facet normal 0.946569 -0.322503 0
    outer loop
      vertex 136.83 -35.7941 0
      vertex 136.619 -36.4134 3.2
      vertex 136.619 -36.4134 0
    endloop
  endfacet
  facet normal -0.997836 0.0657477 0
    outer loop
      vertex 127 -34.5 0
      vertex 127.043 -33.8474 3.2
      vertex 127.043 -33.8474 0
    endloop
  endfacet
  facet normal -0.997836 0.0657477 0
    outer loop
      vertex 127.043 -33.8474 3.2
      vertex 127 -34.5 0
      vertex 127 -34.5 3.2
    endloop
  endfacet
  facet normal 0.55537 0.831603 -0
    outer loop
      vertex 135.044 -30.5332 0
      vertex 134.5 -30.1699 3.2
      vertex 135.044 -30.5332 3.2
    endloop
  endfacet
  facet normal 0.55537 0.831603 0
    outer loop
      vertex 134.5 -30.1699 3.2
      vertex 135.044 -30.5332 0
      vertex 134.5 -30.1699 0
    endloop
  endfacet
  facet normal -0.321546 -0.946894 0
    outer loop
      vertex 130.087 -39.1194 0
      vertex 130.706 -39.3296 3.2
      vertex 130.087 -39.1194 3.2
    endloop
  endfacet
  facet normal -0.321546 -0.946894 -0
    outer loop
      vertex 130.706 -39.3296 3.2
      vertex 130.087 -39.1194 0
      vertex 130.706 -39.3296 0
    endloop
  endfacet
  facet normal -0.751998 -0.659165 0
    outer loop
      vertex 128.464 -38.0355 0
      vertex 128.033 -37.5438 3.2
      vertex 128.033 -37.5438 0
    endloop
  endfacet
  facet normal -0.751998 -0.659165 0
    outer loop
      vertex 128.033 -37.5438 3.2
      vertex 128.464 -38.0355 0
      vertex 128.464 -38.0355 3.2
    endloop
  endfacet
  facet normal 0.195233 -0.980757 0
    outer loop
      vertex 132.653 -39.4572 0
      vertex 133.294 -39.3296 3.2
      vertex 132.653 -39.4572 3.2
    endloop
  endfacet
  facet normal 0.195233 -0.980757 0
    outer loop
      vertex 133.294 -39.3296 3.2
      vertex 132.653 -39.4572 0
      vertex 133.294 -39.3296 0
    endloop
  endfacet
  facet normal -0.321546 0.946894 0
    outer loop
      vertex 130.706 -29.6704 0
      vertex 130.087 -29.8806 3.2
      vertex 130.706 -29.6704 3.2
    endloop
  endfacet
  facet normal -0.321546 0.946894 0
    outer loop
      vertex 130.087 -29.8806 3.2
      vertex 130.706 -29.6704 0
      vertex 130.087 -29.8806 0
    endloop
  endfacet
  facet normal -0.831721 -0.555194 0
    outer loop
      vertex 128.033 -37.5438 0
      vertex 127.67 -37 3.2
      vertex 127.67 -37 0
    endloop
  endfacet
  facet normal -0.831721 -0.555194 0
    outer loop
      vertex 127.67 -37 3.2
      vertex 128.033 -37.5438 0
      vertex 128.033 -37.5438 3.2
    endloop
  endfacet
  facet normal 0.55537 -0.831603 0
    outer loop
      vertex 134.5 -38.8301 0
      vertex 135.044 -38.4668 3.2
      vertex 134.5 -38.8301 3.2
    endloop
  endfacet
  facet normal 0.55537 -0.831603 0
    outer loop
      vertex 135.044 -38.4668 3.2
      vertex 134.5 -38.8301 0
      vertex 135.044 -38.4668 0
    endloop
  endfacet
  facet normal -0.946569 0.322503 0
    outer loop
      vertex 127.17 -33.2059 0
      vertex 127.381 -32.5866 3.2
      vertex 127.381 -32.5866 0
    endloop
  endfacet
  facet normal -0.946569 0.322503 0
    outer loop
      vertex 127.381 -32.5866 3.2
      vertex 127.17 -33.2059 0
      vertex 127.17 -33.2059 3.2
    endloop
  endfacet
  facet normal 0.321546 0.946894 -0
    outer loop
      vertex 133.913 -29.8806 0
      vertex 133.294 -29.6704 3.2
      vertex 133.913 -29.8806 3.2
    endloop
  endfacet
  facet normal 0.321546 0.946894 0
    outer loop
      vertex 133.294 -29.6704 3.2
      vertex 133.913 -29.8806 0
      vertex 133.294 -29.6704 0
    endloop
  endfacet
  facet normal 0.0654033 0.997859 -0
    outer loop
      vertex 132.653 -29.5428 0
      vertex 132 -29.5 3.2
      vertex 132.653 -29.5428 3.2
    endloop
  endfacet
  facet normal 0.0654033 0.997859 0
    outer loop
      vertex 132 -29.5 3.2
      vertex 132.653 -29.5428 0
      vertex 132 -29.5 0
    endloop
  endfacet
  facet normal -0.442072 0.89698 0
    outer loop
      vertex 130.087 -29.8806 0
      vertex 129.5 -30.1699 3.2
      vertex 130.087 -29.8806 3.2
    endloop
  endfacet
  facet normal -0.442072 0.89698 0
    outer loop
      vertex 129.5 -30.1699 3.2
      vertex 130.087 -29.8806 0
      vertex 129.5 -30.1699 0
    endloop
  endfacet
  facet normal 0.831721 -0.555194 0
    outer loop
      vertex 135.967 -37.5438 3.2
      vertex 136.33 -37 0
      vertex 136.33 -37 3.2
    endloop
  endfacet
  facet normal 0.831721 -0.555194 0
    outer loop
      vertex 136.33 -37 0
      vertex 135.967 -37.5438 3.2
      vertex 135.967 -37.5438 0
    endloop
  endfacet
  facet normal -0.997836 -0.0657477 0
    outer loop
      vertex 127.043 -35.1526 0
      vertex 127 -34.5 3.2
      vertex 127 -34.5 0
    endloop
  endfacet
  facet normal -0.997836 -0.0657477 0
    outer loop
      vertex 127 -34.5 3.2
      vertex 127.043 -35.1526 0
      vertex 127.043 -35.1526 3.2
    endloop
  endfacet
  facet normal -0.946569 -0.322503 0
    outer loop
      vertex 127.381 -36.4134 0
      vertex 127.17 -35.7941 3.2
      vertex 127.17 -35.7941 0
    endloop
  endfacet
  facet normal -0.946569 -0.322503 0
    outer loop
      vertex 127.17 -35.7941 3.2
      vertex 127.381 -36.4134 0
      vertex 127.381 -36.4134 3.2
    endloop
  endfacet
  facet normal -0.659197 -0.75197 0
    outer loop
      vertex 128.464 -38.0355 0
      vertex 128.956 -38.4668 3.2
      vertex 128.464 -38.0355 3.2
    endloop
  endfacet
  facet normal -0.659197 -0.75197 -0
    outer loop
      vertex 128.956 -38.4668 3.2
      vertex 128.464 -38.0355 0
      vertex 128.956 -38.4668 0
    endloop
  endfacet
  facet normal 0.442072 0.89698 -0
    outer loop
      vertex 134.5 -30.1699 0
      vertex 133.913 -29.8806 3.2
      vertex 134.5 -30.1699 3.2
    endloop
  endfacet
  facet normal 0.442072 0.89698 0
    outer loop
      vertex 133.913 -29.8806 3.2
      vertex 134.5 -30.1699 0
      vertex 133.913 -29.8806 0
    endloop
  endfacet
  facet normal -0.195233 0.980757 0
    outer loop
      vertex 131.347 -29.5428 0
      vertex 130.706 -29.6704 3.2
      vertex 131.347 -29.5428 3.2
    endloop
  endfacet
  facet normal -0.195233 0.980757 0
    outer loop
      vertex 130.706 -29.6704 3.2
      vertex 131.347 -29.5428 0
      vertex 130.706 -29.6704 0
    endloop
  endfacet
  facet normal 0.751998 0.659165 0
    outer loop
      vertex 135.967 -31.4562 3.2
      vertex 135.536 -30.9645 0
      vertex 135.536 -30.9645 3.2
    endloop
  endfacet
  facet normal 0.751998 0.659165 0
    outer loop
      vertex 135.536 -30.9645 0
      vertex 135.967 -31.4562 3.2
      vertex 135.967 -31.4562 0
    endloop
  endfacet
  facet normal 0.195233 0.980757 -0
    outer loop
      vertex 133.294 -29.6704 0
      vertex 132.653 -29.5428 3.2
      vertex 133.294 -29.6704 3.2
    endloop
  endfacet
  facet normal 0.195233 0.980757 0
    outer loop
      vertex 132.653 -29.5428 3.2
      vertex 133.294 -29.6704 0
      vertex 132.653 -29.5428 0
    endloop
  endfacet
  facet normal 0.751998 -0.659165 0
    outer loop
      vertex 135.536 -38.0355 3.2
      vertex 135.967 -37.5438 0
      vertex 135.967 -37.5438 3.2
    endloop
  endfacet
  facet normal 0.751998 -0.659165 0
    outer loop
      vertex 135.967 -37.5438 0
      vertex 135.536 -38.0355 3.2
      vertex 135.536 -38.0355 0
    endloop
  endfacet
  facet normal -0.442072 -0.89698 0
    outer loop
      vertex 129.5 -38.8301 0
      vertex 130.087 -39.1194 3.2
      vertex 129.5 -38.8301 3.2
    endloop
  endfacet
  facet normal -0.442072 -0.89698 -0
    outer loop
      vertex 130.087 -39.1194 3.2
      vertex 129.5 -38.8301 0
      vertex 130.087 -39.1194 0
    endloop
  endfacet
  facet normal -0.0654033 0.997859 0
    outer loop
      vertex 132 -29.5 0
      vertex 131.347 -29.5428 3.2
      vertex 132 -29.5 3.2
    endloop
  endfacet
  facet normal -0.0654033 0.997859 0
    outer loop
      vertex 131.347 -29.5428 3.2
      vertex 132 -29.5 0
      vertex 131.347 -29.5428 0
    endloop
  endfacet
  facet normal -0.980961 0.194204 0
    outer loop
      vertex 127.043 -33.8474 0
      vertex 127.17 -33.2059 3.2
      vertex 127.17 -33.2059 0
    endloop
  endfacet
  facet normal -0.980961 0.194204 0
    outer loop
      vertex 127.17 -33.2059 3.2
      vertex 127.043 -33.8474 0
      vertex 127.043 -33.8474 3.2
    endloop
  endfacet
  facet normal 0.0654033 -0.997859 0
    outer loop
      vertex 132 -39.5 0
      vertex 132.653 -39.4572 3.2
      vertex 132 -39.5 3.2
    endloop
  endfacet
  facet normal 0.0654033 -0.997859 0
    outer loop
      vertex 132.653 -39.4572 3.2
      vertex 132 -39.5 0
      vertex 132.653 -39.4572 0
    endloop
  endfacet
  facet normal 0.442072 -0.89698 0
    outer loop
      vertex 133.913 -39.1194 0
      vertex 134.5 -38.8301 3.2
      vertex 133.913 -39.1194 3.2
    endloop
  endfacet
  facet normal 0.442072 -0.89698 0
    outer loop
      vertex 134.5 -38.8301 3.2
      vertex 133.913 -39.1194 0
      vertex 134.5 -38.8301 0
    endloop
  endfacet
  facet normal 0.659197 -0.75197 0
    outer loop
      vertex 135.044 -38.4668 0
      vertex 135.536 -38.0355 3.2
      vertex 135.044 -38.4668 3.2
    endloop
  endfacet
  facet normal 0.659197 -0.75197 0
    outer loop
      vertex 135.536 -38.0355 3.2
      vertex 135.044 -38.4668 0
      vertex 135.536 -38.0355 0
    endloop
  endfacet
  facet normal -0.897042 -0.441945 0
    outer loop
      vertex 127.67 -37 0
      vertex 127.381 -36.4134 3.2
      vertex 127.381 -36.4134 0
    endloop
  endfacet
  facet normal -0.897042 -0.441945 0
    outer loop
      vertex 127.381 -36.4134 3.2
      vertex 127.67 -37 0
      vertex 127.67 -37 3.2
    endloop
  endfacet
  facet normal 0.897042 -0.441945 0
    outer loop
      vertex 136.33 -37 3.2
      vertex 136.619 -36.4134 0
      vertex 136.619 -36.4134 3.2
    endloop
  endfacet
  facet normal 0.897042 -0.441945 0
    outer loop
      vertex 136.619 -36.4134 0
      vertex 136.33 -37 3.2
      vertex 136.33 -37 0
    endloop
  endfacet
  facet normal 0.659197 0.75197 -0
    outer loop
      vertex 135.536 -30.9645 0
      vertex 135.044 -30.5332 3.2
      vertex 135.536 -30.9645 3.2
    endloop
  endfacet
  facet normal 0.659197 0.75197 0
    outer loop
      vertex 135.044 -30.5332 3.2
      vertex 135.536 -30.9645 0
      vertex 135.044 -30.5332 0
    endloop
  endfacet
  facet normal 0.997836 -0.0657477 0
    outer loop
      vertex 136.957 -35.1526 3.2
      vertex 137 -34.5 0
      vertex 137 -34.5 3.2
    endloop
  endfacet
  facet normal 0.997836 -0.0657477 0
    outer loop
      vertex 137 -34.5 0
      vertex 136.957 -35.1526 3.2
      vertex 136.957 -35.1526 0
    endloop
  endfacet
  facet normal -0.55537 -0.831603 0
    outer loop
      vertex 128.956 -38.4668 0
      vertex 129.5 -38.8301 3.2
      vertex 128.956 -38.4668 3.2
    endloop
  endfacet
  facet normal -0.55537 -0.831603 -0
    outer loop
      vertex 129.5 -38.8301 3.2
      vertex 128.956 -38.4668 0
      vertex 129.5 -38.8301 0
    endloop
  endfacet
  facet normal 0.897042 0.441945 0
    outer loop
      vertex 136.619 -32.5866 3.2
      vertex 136.33 -32 0
      vertex 136.33 -32 3.2
    endloop
  endfacet
  facet normal 0.897042 0.441945 0
    outer loop
      vertex 136.33 -32 0
      vertex 136.619 -32.5866 3.2
      vertex 136.619 -32.5866 0
    endloop
  endfacet
  facet normal 0.980961 -0.194204 0
    outer loop
      vertex 136.83 -35.7941 3.2
      vertex 136.957 -35.1526 0
      vertex 136.957 -35.1526 3.2
    endloop
  endfacet
  facet normal 0.980961 -0.194204 0
    outer loop
      vertex 136.957 -35.1526 0
      vertex 136.83 -35.7941 3.2
      vertex 136.83 -35.7941 0
    endloop
  endfacet
  facet normal 0.946569 0.322503 0
    outer loop
      vertex 136.83 -33.2059 3.2
      vertex 136.619 -32.5866 0
      vertex 136.619 -32.5866 3.2
    endloop
  endfacet
  facet normal 0.946569 0.322503 0
    outer loop
      vertex 136.619 -32.5866 0
      vertex 136.83 -33.2059 3.2
      vertex 136.83 -33.2059 0
    endloop
  endfacet
  facet normal 0 0 -1
    outer loop
      vertex 136.957 -35.1526 0
      vertex 136.957 -33.8474 0
      vertex 137 -34.5 0
    endloop
  endfacet
  facet normal 0 0 -1
    outer loop
      vertex 136.83 -35.7941 0
      vertex 136.957 -33.8474 0
      vertex 136.957 -35.1526 0
    endloop
  endfacet
  facet normal 0 0 -1
    outer loop
      vertex 136.83 -35.7941 0
      vertex 136.83 -33.2059 0
      vertex 136.957 -33.8474 0
    endloop
  endfacet
  facet normal 0 0 -1
    outer loop
      vertex 136.619 -36.4134 0
      vertex 136.83 -33.2059 0
      vertex 136.83 -35.7941 0
    endloop
  endfacet
  facet normal 0 0 -1
    outer loop
      vertex 136.619 -36.4134 0
      vertex 136.619 -32.5866 0
      vertex 136.83 -33.2059 0
    endloop
  endfacet
  facet normal 0 0 -1
    outer loop
      vertex 136.33 -37 0
      vertex 136.619 -32.5866 0
      vertex 136.619 -36.4134 0
    endloop
  endfacet
  facet normal 0 0 -1
    outer loop
      vertex 136.33 -37 0
      vertex 136.33 -32 0
      vertex 136.619 -32.5866 0
    endloop
  endfacet
  facet normal 0 0 -1
    outer loop
      vertex 135.967 -37.5438 0
      vertex 136.33 -32 0
      vertex 136.33 -37 0
    endloop
  endfacet
  facet normal 0 0 -1
    outer loop
      vertex 135.967 -37.5438 0
      vertex 135.967 -31.4562 0
      vertex 136.33 -32 0
    endloop
  endfacet
  facet normal 0 0 -1
    outer loop
      vertex 135.536 -38.0355 0
      vertex 135.967 -31.4562 0
      vertex 135.967 -37.5438 0
    endloop
  endfacet
  facet normal 0 0 -1
    outer loop
      vertex 135.536 -38.0355 0
      vertex 135.536 -30.9645 0
      vertex 135.967 -31.4562 0
    endloop
  endfacet
  facet normal 0 0 -1
    outer loop
      vertex 135.044 -38.4668 0
      vertex 135.536 -30.9645 0
      vertex 135.536 -38.0355 0
    endloop
  endfacet
  facet normal 0 0 -1
    outer loop
      vertex 135.044 -38.4668 0
      vertex 135.044 -30.5332 0
      vertex 135.536 -30.9645 0
    endloop
  endfacet
  facet normal 0 0 -1
    outer loop
      vertex 134.5 -38.8301 0
      vertex 135.044 -30.5332 0
      vertex 135.044 -38.4668 0
    endloop
  endfacet
  facet normal 0 0 -1
    outer loop
      vertex 134.5 -38.8301 0
      vertex 134.5 -30.1699 0
      vertex 135.044 -30.5332 0
    endloop
  endfacet
  facet normal 0 0 -1
    outer loop
      vertex 133.913 -39.1194 0
      vertex 134.5 -30.1699 0
      vertex 134.5 -38.8301 0
    endloop
  endfacet
  facet normal 0 0 -1
    outer loop
      vertex 133.913 -39.1194 0
      vertex 133.913 -29.8806 0
      vertex 134.5 -30.1699 0
    endloop
  endfacet
  facet normal 0 0 -1
    outer loop
      vertex 133.294 -39.3296 0
      vertex 133.913 -29.8806 0
      vertex 133.913 -39.1194 0
    endloop
  endfacet
  facet normal 0 0 -1
    outer loop
      vertex 133.294 -39.3296 0
      vertex 133.294 -29.6704 0
      vertex 133.913 -29.8806 0
    endloop
  endfacet
  facet normal 0 0 -1
    outer loop
      vertex 132.653 -39.4572 0
      vertex 133.294 -29.6704 0
      vertex 133.294 -39.3296 0
    endloop
  endfacet
  facet normal 0 0 -1
    outer loop
      vertex 132.653 -39.4572 0
      vertex 132.653 -29.5428 0
      vertex 133.294 -29.6704 0
    endloop
  endfacet
  facet normal 0 0 -1
    outer loop
      vertex 132 -39.5 0
      vertex 132.653 -29.5428 0
      vertex 132.653 -39.4572 0
    endloop
  endfacet
  facet normal 0 0 -1
    outer loop
      vertex 132 -39.5 0
      vertex 132 -29.5 0
      vertex 132.653 -29.5428 0
    endloop
  endfacet
  facet normal 0 0 -1
    outer loop
      vertex 131.347 -39.4572 0
      vertex 132 -29.5 0
      vertex 132 -39.5 0
    endloop
  endfacet
  facet normal 0 0 -1
    outer loop
      vertex 131.347 -39.4572 0
      vertex 131.347 -29.5428 0
      vertex 132 -29.5 0
    endloop
  endfacet
  facet normal 0 0 -1
    outer loop
      vertex 130.706 -39.3296 0
      vertex 131.347 -29.5428 0
      vertex 131.347 -39.4572 0
    endloop
  endfacet
  facet normal 0 0 -1
    outer loop
      vertex 130.706 -39.3296 0
      vertex 130.706 -29.6704 0
      vertex 131.347 -29.5428 0
    endloop
  endfacet
  facet normal 0 0 -1
    outer loop
      vertex 130.087 -39.1194 0
      vertex 130.706 -29.6704 0
      vertex 130.706 -39.3296 0
    endloop
  endfacet
  facet normal 0 0 -1
    outer loop
      vertex 130.087 -39.1194 0
      vertex 130.087 -29.8806 0
      vertex 130.706 -29.6704 0
    endloop
  endfacet
  facet normal 0 0 -1
    outer loop
      vertex 129.5 -38.8301 0
      vertex 130.087 -29.8806 0
      vertex 130.087 -39.1194 0
    endloop
  endfacet
  facet normal 0 0 -1
    outer loop
      vertex 129.5 -38.8301 0
      vertex 129.5 -30.1699 0
      vertex 130.087 -29.8806 0
    endloop
  endfacet
  facet normal 0 0 -1
    outer loop
      vertex 128.956 -38.4668 0
      vertex 129.5 -30.1699 0
      vertex 129.5 -38.8301 0
    endloop
  endfacet
  facet normal 0 0 -1
    outer loop
      vertex 128.956 -38.4668 0
      vertex 128.956 -30.5332 0
      vertex 129.5 -30.1699 0
    endloop
  endfacet
  facet normal 0 0 -1
    outer loop
      vertex 128.464 -38.0355 0
      vertex 128.956 -30.5332 0
      vertex 128.956 -38.4668 0
    endloop
  endfacet
  facet normal 0 0 -1
    outer loop
      vertex 128.464 -38.0355 0
      vertex 128.464 -30.9645 0
      vertex 128.956 -30.5332 0
    endloop
  endfacet
  facet normal 0 0 -1
    outer loop
      vertex 128.033 -37.5438 0
      vertex 128.464 -30.9645 0
      vertex 128.464 -38.0355 0
    endloop
  endfacet
  facet normal 0 0 -1
    outer loop
      vertex 128.033 -37.5438 0
      vertex 128.033 -31.4562 0
      vertex 128.464 -30.9645 0
    endloop
  endfacet
  facet normal 0 0 -1
    outer loop
      vertex 127.67 -37 0
      vertex 128.033 -31.4562 0
      vertex 128.033 -37.5438 0
    endloop
  endfacet
  facet normal 0 0 -1
    outer loop
      vertex 127.67 -37 0
      vertex 127.67 -32 0
      vertex 128.033 -31.4562 0
    endloop
  endfacet
  facet normal 0 0 -1
    outer loop
      vertex 127.381 -36.4134 0
      vertex 127.67 -32 0
      vertex 127.67 -37 0
    endloop
  endfacet
  facet normal 0 0 -1
    outer loop
      vertex 127.381 -36.4134 0
      vertex 127.381 -32.5866 0
      vertex 127.67 -32 0
    endloop
  endfacet
  facet normal 0 0 -1
    outer loop
      vertex 127.17 -35.7941 0
      vertex 127.381 -32.5866 0
      vertex 127.381 -36.4134 0
    endloop
  endfacet
  facet normal 0 0 -1
    outer loop
      vertex 127.17 -35.7941 0
      vertex 127.17 -33.2059 0
      vertex 127.381 -32.5866 0
    endloop
  endfacet
  facet normal 0 0 -1
    outer loop
      vertex 127.043 -35.1526 0
      vertex 127.17 -33.2059 0
      vertex 127.17 -35.7941 0
    endloop
  endfacet
  facet normal 0 0 -1
    outer loop
      vertex 127.043 -35.1526 0
      vertex 127.043 -33.8474 0
      vertex 127.17 -33.2059 0
    endloop
  endfacet
  facet normal 0 -0 -1
    outer loop
      vertex 127.043 -33.8474 0
      vertex 127.043 -35.1526 0
      vertex 127 -34.5 0
    endloop
  endfacet
  facet normal -0.980961 -0.194204 0
    outer loop
      vertex 127.17 -35.7941 0
      vertex 127.043 -35.1526 3.2
      vertex 127.043 -35.1526 0
    endloop
  endfacet
  facet normal -0.980961 -0.194204 0
    outer loop
      vertex 127.043 -35.1526 3.2
      vertex 127.17 -35.7941 0
      vertex 127.17 -35.7941 3.2
    endloop
  endfacet
  facet normal 0 0 1
    outer loop
      vertex 134.75 -34.5 3.2
      vertex 137 -34.5 3.2
      vertex 136.957 -33.8474 3.2
    endloop
  endfacet
  facet normal 0 0 1
    outer loop
      vertex 134.726 -34.1411 3.2
      vertex 136.957 -33.8474 3.2
      vertex 136.83 -33.2059 3.2
    endloop
  endfacet
  facet normal 0 0 1
    outer loop
      vertex 137 -34.5 3.2
      vertex 134.75 -34.5 3.2
      vertex 136.957 -35.1526 3.2
    endloop
  endfacet
  facet normal 0 0 1
    outer loop
      vertex 134.656 -33.7882 3.2
      vertex 136.83 -33.2059 3.2
      vertex 136.619 -32.5866 3.2
    endloop
  endfacet
  facet normal -0 0 1
    outer loop
      vertex 134.726 -34.8589 3.2
      vertex 136.957 -35.1526 3.2
      vertex 134.75 -34.5 3.2
    endloop
  endfacet
  facet normal 0 0 1
    outer loop
      vertex 134.541 -33.4476 3.2
      vertex 136.619 -32.5866 3.2
      vertex 136.33 -32 3.2
    endloop
  endfacet
  facet normal 0 0 1
    outer loop
      vertex 136.957 -35.1526 3.2
      vertex 134.726 -34.8589 3.2
      vertex 136.83 -35.7941 3.2
    endloop
  endfacet
  facet normal 0 0 1
    outer loop
      vertex 134.382 -33.125 3.2
      vertex 136.33 -32 3.2
      vertex 135.967 -31.4562 3.2
    endloop
  endfacet
  facet normal -0 0 1
    outer loop
      vertex 134.656 -35.2118 3.2
      vertex 136.83 -35.7941 3.2
      vertex 134.726 -34.8589 3.2
    endloop
  endfacet
  facet normal 0 0 1
    outer loop
      vertex 134.182 -32.8259 3.2
      vertex 135.967 -31.4562 3.2
      vertex 135.536 -30.9645 3.2
    endloop
  endfacet
  facet normal 0 0 1
    outer loop
      vertex 136.83 -35.7941 3.2
      vertex 134.656 -35.2118 3.2
      vertex 136.619 -36.4134 3.2
    endloop
  endfacet
  facet normal 0 0 1
    outer loop
      vertex 133.945 -32.5555 3.2
      vertex 135.536 -30.9645 3.2
      vertex 135.044 -30.5332 3.2
    endloop
  endfacet
  facet normal -0 0 1
    outer loop
      vertex 134.541 -35.5524 3.2
      vertex 136.619 -36.4134 3.2
      vertex 134.656 -35.2118 3.2
    endloop
  endfacet
  facet normal 0 0 1
    outer loop
      vertex 136.619 -36.4134 3.2
      vertex 134.541 -35.5524 3.2
      vertex 136.33 -37 3.2
    endloop
  endfacet
  facet normal 0 0 1
    outer loop
      vertex 136.957 -33.8474 3.2
      vertex 134.726 -34.1411 3.2
      vertex 134.75 -34.5 3.2
    endloop
  endfacet
  facet normal 0 0 1
    outer loop
      vertex 136.83 -33.2059 3.2
      vertex 134.656 -33.7882 3.2
      vertex 134.726 -34.1411 3.2
    endloop
  endfacet
  facet normal 0 0 1
    outer loop
      vertex 136.619 -32.5866 3.2
      vertex 134.541 -33.4476 3.2
      vertex 134.656 -33.7882 3.2
    endloop
  endfacet
  facet normal 0 0 1
    outer loop
      vertex 133.674 -32.3183 3.2
      vertex 135.044 -30.5332 3.2
      vertex 134.5 -30.1699 3.2
    endloop
  endfacet
  facet normal 0 0 1
    outer loop
      vertex 136.33 -32 3.2
      vertex 134.382 -33.125 3.2
      vertex 134.541 -33.4476 3.2
    endloop
  endfacet
  facet normal 0 0 1
    outer loop
      vertex 135.967 -31.4562 3.2
      vertex 134.182 -32.8259 3.2
      vertex 134.382 -33.125 3.2
    endloop
  endfacet
  facet normal 0 0 1
    outer loop
      vertex 135.536 -30.9645 3.2
      vertex 133.945 -32.5555 3.2
      vertex 134.182 -32.8259 3.2
    endloop
  endfacet
  facet normal 0 0 1
    outer loop
      vertex 133.375 -32.1184 3.2
      vertex 134.5 -30.1699 3.2
      vertex 133.913 -29.8806 3.2
    endloop
  endfacet
  facet normal 0 0 1
    outer loop
      vertex 135.044 -30.5332 3.2
      vertex 133.674 -32.3183 3.2
      vertex 133.945 -32.5555 3.2
    endloop
  endfacet
  facet normal 0 0 1
    outer loop
      vertex 134.5 -30.1699 3.2
      vertex 133.375 -32.1184 3.2
      vertex 133.674 -32.3183 3.2
    endloop
  endfacet
  facet normal 0 0 1
    outer loop
      vertex 133.052 -31.9593 3.2
      vertex 133.913 -29.8806 3.2
      vertex 133.294 -29.6704 3.2
    endloop
  endfacet
  facet normal 0 0 1
    outer loop
      vertex 133.913 -29.8806 3.2
      vertex 133.052 -31.9593 3.2
      vertex 133.375 -32.1184 3.2
    endloop
  endfacet
  facet normal 0 0 1
    outer loop
      vertex 133.294 -29.6704 3.2
      vertex 132.712 -31.8437 3.2
      vertex 133.052 -31.9593 3.2
    endloop
  endfacet
  facet normal 0 0 1
    outer loop
      vertex 132.653 -29.5428 3.2
      vertex 132.712 -31.8437 3.2
      vertex 133.294 -29.6704 3.2
    endloop
  endfacet
  facet normal 0 0 1
    outer loop
      vertex 132.653 -29.5428 3.2
      vertex 132.359 -31.7735 3.2
      vertex 132.712 -31.8437 3.2
    endloop
  endfacet
  facet normal 0 0 1
    outer loop
      vertex 132 -29.5 3.2
      vertex 132.359 -31.7735 3.2
      vertex 132.653 -29.5428 3.2
    endloop
  endfacet
  facet normal 0 0 1
    outer loop
      vertex 132 -29.5 3.2
      vertex 132 -31.75 3.2
      vertex 132.359 -31.7735 3.2
    endloop
  endfacet
  facet normal 0 0 1
    outer loop
      vertex 132 -29.5 3.2
      vertex 131.641 -31.7735 3.2
      vertex 132 -31.75 3.2
    endloop
  endfacet
  facet normal -0 0 1
    outer loop
      vertex 131.347 -29.5428 3.2
      vertex 131.641 -31.7735 3.2
      vertex 132 -29.5 3.2
    endloop
  endfacet
  facet normal 0 0 1
    outer loop
      vertex 131.347 -29.5428 3.2
      vertex 131.288 -31.8437 3.2
      vertex 131.641 -31.7735 3.2
    endloop
  endfacet
  facet normal -0 0 1
    outer loop
      vertex 130.706 -29.6704 3.2
      vertex 131.288 -31.8437 3.2
      vertex 131.347 -29.5428 3.2
    endloop
  endfacet
  facet normal 0 0 1
    outer loop
      vertex 131.288 -31.8437 3.2
      vertex 130.706 -29.6704 3.2
      vertex 130.948 -31.9593 3.2
    endloop
  endfacet
  facet normal -0 0 1
    outer loop
      vertex 130.087 -29.8806 3.2
      vertex 130.948 -31.9593 3.2
      vertex 130.706 -29.6704 3.2
    endloop
  endfacet
  facet normal 0 0 1
    outer loop
      vertex 130.948 -31.9593 3.2
      vertex 130.087 -29.8806 3.2
      vertex 130.625 -32.1184 3.2
    endloop
  endfacet
  facet normal -0 0 1
    outer loop
      vertex 129.5 -30.1699 3.2
      vertex 130.625 -32.1184 3.2
      vertex 130.087 -29.8806 3.2
    endloop
  endfacet
  facet normal 0 0 1
    outer loop
      vertex 130.625 -32.1184 3.2
      vertex 129.5 -30.1699 3.2
      vertex 130.326 -32.3183 3.2
    endloop
  endfacet
  facet normal -0 0 1
    outer loop
      vertex 128.956 -30.5332 3.2
      vertex 130.326 -32.3183 3.2
      vertex 129.5 -30.1699 3.2
    endloop
  endfacet
  facet normal 0 0 1
    outer loop
      vertex 130.326 -32.3183 3.2
      vertex 128.956 -30.5332 3.2
      vertex 130.055 -32.5555 3.2
    endloop
  endfacet
  facet normal -0 0 1
    outer loop
      vertex 128.464 -30.9645 3.2
      vertex 130.055 -32.5555 3.2
      vertex 128.956 -30.5332 3.2
    endloop
  endfacet
  facet normal 0 0 1
    outer loop
      vertex 130.055 -32.5555 3.2
      vertex 128.464 -30.9645 3.2
      vertex 129.818 -32.8259 3.2
    endloop
  endfacet
  facet normal -0 0 1
    outer loop
      vertex 128.033 -31.4562 3.2
      vertex 129.818 -32.8259 3.2
      vertex 128.464 -30.9645 3.2
    endloop
  endfacet
  facet normal 0 0 1
    outer loop
      vertex 129.818 -32.8259 3.2
      vertex 128.033 -31.4562 3.2
      vertex 129.618 -33.125 3.2
    endloop
  endfacet
  facet normal -0 0 1
    outer loop
      vertex 127.67 -32 3.2
      vertex 129.618 -33.125 3.2
      vertex 128.033 -31.4562 3.2
    endloop
  endfacet
  facet normal 0 0 1
    outer loop
      vertex 129.618 -33.125 3.2
      vertex 127.67 -32 3.2
      vertex 129.459 -33.4476 3.2
    endloop
  endfacet
  facet normal -0 0 1
    outer loop
      vertex 134.382 -35.875 3.2
      vertex 136.33 -37 3.2
      vertex 134.541 -35.5524 3.2
    endloop
  endfacet
  facet normal 0 0 1
    outer loop
      vertex 136.33 -37 3.2
      vertex 134.382 -35.875 3.2
      vertex 135.967 -37.5438 3.2
    endloop
  endfacet
  facet normal -0 0 1
    outer loop
      vertex 134.182 -36.1741 3.2
      vertex 135.967 -37.5438 3.2
      vertex 134.382 -35.875 3.2
    endloop
  endfacet
  facet normal 0 0 1
    outer loop
      vertex 135.967 -37.5438 3.2
      vertex 134.182 -36.1741 3.2
      vertex 135.536 -38.0355 3.2
    endloop
  endfacet
  facet normal -0 0 1
    outer loop
      vertex 133.945 -36.4445 3.2
      vertex 135.536 -38.0355 3.2
      vertex 134.182 -36.1741 3.2
    endloop
  endfacet
  facet normal 0 0 1
    outer loop
      vertex 135.536 -38.0355 3.2
      vertex 133.945 -36.4445 3.2
      vertex 135.044 -38.4668 3.2
    endloop
  endfacet
  facet normal -0 0 1
    outer loop
      vertex 133.674 -36.6817 3.2
      vertex 135.044 -38.4668 3.2
      vertex 133.945 -36.4445 3.2
    endloop
  endfacet
  facet normal 0 0 1
    outer loop
      vertex 135.044 -38.4668 3.2
      vertex 133.674 -36.6817 3.2
      vertex 134.5 -38.8301 3.2
    endloop
  endfacet
  facet normal -0 0 1
    outer loop
      vertex 133.375 -36.8816 3.2
      vertex 134.5 -38.8301 3.2
      vertex 133.674 -36.6817 3.2
    endloop
  endfacet
  facet normal 0 0 1
    outer loop
      vertex 134.5 -38.8301 3.2
      vertex 133.375 -36.8816 3.2
      vertex 133.913 -39.1194 3.2
    endloop
  endfacet
  facet normal -0 0 1
    outer loop
      vertex 133.052 -37.0407 3.2
      vertex 133.913 -39.1194 3.2
      vertex 133.375 -36.8816 3.2
    endloop
  endfacet
  facet normal 0 0 1
    outer loop
      vertex 133.913 -39.1194 3.2
      vertex 133.052 -37.0407 3.2
      vertex 133.294 -39.3296 3.2
    endloop
  endfacet
  facet normal -0 0 1
    outer loop
      vertex 132.712 -37.1563 3.2
      vertex 133.294 -39.3296 3.2
      vertex 133.052 -37.0407 3.2
    endloop
  endfacet
  facet normal 0 0 1
    outer loop
      vertex 132.712 -37.1563 3.2
      vertex 132.653 -39.4572 3.2
      vertex 133.294 -39.3296 3.2
    endloop
  endfacet
  facet normal -0 0 1
    outer loop
      vertex 132.359 -37.2265 3.2
      vertex 132.653 -39.4572 3.2
      vertex 132.712 -37.1563 3.2
    endloop
  endfacet
  facet normal -0 0 1
    outer loop
      vertex 132 -37.25 3.2
      vertex 132.653 -39.4572 3.2
      vertex 132.359 -37.2265 3.2
    endloop
  endfacet
  facet normal 0 0 1
    outer loop
      vertex 132 -37.25 3.2
      vertex 132 -39.5 3.2
      vertex 132.653 -39.4572 3.2
    endloop
  endfacet
  facet normal 0 0 1
    outer loop
      vertex 131.641 -37.2265 3.2
      vertex 132 -39.5 3.2
      vertex 132 -37.25 3.2
    endloop
  endfacet
  facet normal 0 0 1
    outer loop
      vertex 131.641 -37.2265 3.2
      vertex 131.347 -39.4572 3.2
      vertex 132 -39.5 3.2
    endloop
  endfacet
  facet normal 0 0 1
    outer loop
      vertex 131.288 -37.1563 3.2
      vertex 131.347 -39.4572 3.2
      vertex 131.641 -37.2265 3.2
    endloop
  endfacet
  facet normal 0 0 1
    outer loop
      vertex 130.706 -39.3296 3.2
      vertex 131.288 -37.1563 3.2
      vertex 130.948 -37.0407 3.2
    endloop
  endfacet
  facet normal 0 0 1
    outer loop
      vertex 131.288 -37.1563 3.2
      vertex 130.706 -39.3296 3.2
      vertex 131.347 -39.4572 3.2
    endloop
  endfacet
  facet normal 0 0 1
    outer loop
      vertex 130.087 -39.1194 3.2
      vertex 130.948 -37.0407 3.2
      vertex 130.625 -36.8816 3.2
    endloop
  endfacet
  facet normal 0 0 1
    outer loop
      vertex 129.5 -38.8301 3.2
      vertex 130.625 -36.8816 3.2
      vertex 130.326 -36.6817 3.2
    endloop
  endfacet
  facet normal 0 0 1
    outer loop
      vertex 130.948 -37.0407 3.2
      vertex 130.087 -39.1194 3.2
      vertex 130.706 -39.3296 3.2
    endloop
  endfacet
  facet normal 0 0 1
    outer loop
      vertex 128.956 -38.4668 3.2
      vertex 130.326 -36.6817 3.2
      vertex 130.055 -36.4445 3.2
    endloop
  endfacet
  facet normal 0 0 1
    outer loop
      vertex 128.464 -38.0355 3.2
      vertex 130.055 -36.4445 3.2
      vertex 129.818 -36.1741 3.2
    endloop
  endfacet
  facet normal 0 0 1
    outer loop
      vertex 128.033 -37.5438 3.2
      vertex 129.818 -36.1741 3.2
      vertex 129.618 -35.875 3.2
    endloop
  endfacet
  facet normal 0 0 1
    outer loop
      vertex 130.625 -36.8816 3.2
      vertex 129.5 -38.8301 3.2
      vertex 130.087 -39.1194 3.2
    endloop
  endfacet
  facet normal 0 0 1
    outer loop
      vertex 127.67 -37 3.2
      vertex 129.618 -35.875 3.2
      vertex 129.459 -35.5524 3.2
    endloop
  endfacet
  facet normal 0 0 1
    outer loop
      vertex 127.381 -36.4134 3.2
      vertex 129.459 -35.5524 3.2
      vertex 129.344 -35.2118 3.2
    endloop
  endfacet
  facet normal 0 0 1
    outer loop
      vertex 127.17 -35.7941 3.2
      vertex 129.344 -35.2118 3.2
      vertex 129.274 -34.8589 3.2
    endloop
  endfacet
  facet normal 0 0 1
    outer loop
      vertex 127.043 -35.1526 3.2
      vertex 129.274 -34.8589 3.2
      vertex 129.25 -34.5 3.2
    endloop
  endfacet
  facet normal -0 0 1
    outer loop
      vertex 127.381 -32.5866 3.2
      vertex 129.459 -33.4476 3.2
      vertex 127.67 -32 3.2
    endloop
  endfacet
  facet normal 0 0 1
    outer loop
      vertex 130.326 -36.6817 3.2
      vertex 128.956 -38.4668 3.2
      vertex 129.5 -38.8301 3.2
    endloop
  endfacet
  facet normal 0 0 1
    outer loop
      vertex 129.459 -33.4476 3.2
      vertex 127.381 -32.5866 3.2
      vertex 129.344 -33.7882 3.2
    endloop
  endfacet
  facet normal 0 0 1
    outer loop
      vertex 130.055 -36.4445 3.2
      vertex 128.464 -38.0355 3.2
      vertex 128.956 -38.4668 3.2
    endloop
  endfacet
  facet normal -0 0 1
    outer loop
      vertex 127.17 -33.2059 3.2
      vertex 129.344 -33.7882 3.2
      vertex 127.381 -32.5866 3.2
    endloop
  endfacet
  facet normal 0 0 1
    outer loop
      vertex 129.818 -36.1741 3.2
      vertex 128.033 -37.5438 3.2
      vertex 128.464 -38.0355 3.2
    endloop
  endfacet
  facet normal 0 0 1
    outer loop
      vertex 129.344 -33.7882 3.2
      vertex 127.17 -33.2059 3.2
      vertex 129.274 -34.1411 3.2
    endloop
  endfacet
  facet normal 0 0 1
    outer loop
      vertex 129.618 -35.875 3.2
      vertex 127.67 -37 3.2
      vertex 128.033 -37.5438 3.2
    endloop
  endfacet
  facet normal -0 0 1
    outer loop
      vertex 127.043 -33.8474 3.2
      vertex 129.274 -34.1411 3.2
      vertex 127.17 -33.2059 3.2
    endloop
  endfacet
  facet normal 0 0 1
    outer loop
      vertex 129.459 -35.5524 3.2
      vertex 127.381 -36.4134 3.2
      vertex 127.67 -37 3.2
    endloop
  endfacet
  facet normal 0 0 1
    outer loop
      vertex 129.274 -34.1411 3.2
      vertex 127.043 -33.8474 3.2
      vertex 129.25 -34.5 3.2
    endloop
  endfacet
  facet normal 0 0 1
    outer loop
      vertex 129.344 -35.2118 3.2
      vertex 127.17 -35.7941 3.2
      vertex 127.381 -36.4134 3.2
    endloop
  endfacet
  facet normal 0 0 1
    outer loop
      vertex 127 -34.5 3.2
      vertex 129.25 -34.5 3.2
      vertex 127.043 -33.8474 3.2
    endloop
  endfacet
  facet normal 0 0 1
    outer loop
      vertex 129.274 -34.8589 3.2
      vertex 127.043 -35.1526 3.2
      vertex 127.17 -35.7941 3.2
    endloop
  endfacet
  facet normal 0 0 1
    outer loop
      vertex 129.25 -34.5 3.2
      vertex 127 -34.5 3.2
      vertex 127.043 -35.1526 3.2
    endloop
  endfacet
  facet normal -0.195233 -0.980757 0
    outer loop
      vertex 130.706 -39.3296 0
      vertex 131.347 -39.4572 3.2
      vertex 130.706 -39.3296 3.2
    endloop
  endfacet
  facet normal -0.195233 -0.980757 -0
    outer loop
      vertex 131.347 -39.4572 3.2
      vertex 130.706 -39.3296 0
      vertex 131.347 -39.4572 0
    endloop
  endfacet
  facet normal -0.831721 0.555194 0
    outer loop
      vertex 127.67 -32 0
      vertex 128.033 -31.4562 3.2
      vertex 128.033 -31.4562 0
    endloop
  endfacet
  facet normal -0.831721 0.555194 0
    outer loop
      vertex 128.033 -31.4562 3.2
      vertex 127.67 -32 0
      vertex 127.67 -32 3.2
    endloop
  endfacet
  facet normal -0.0654033 -0.997859 0
    outer loop
      vertex 131.347 -39.4572 0
      vertex 132 -39.5 3.2
      vertex 131.347 -39.4572 3.2
    endloop
  endfacet
  facet normal -0.0654033 -0.997859 -0
    outer loop
      vertex 132 -39.5 3.2
      vertex 131.347 -39.4572 0
      vertex 132 -39.5 0
    endloop
  endfacet
  facet normal 0.980889 -0.194566 0
    outer loop
      vertex 134.656 -35.2118 4.7
      vertex 134.726 -34.8589 3.2
      vertex 134.726 -34.8589 4.7
    endloop
  endfacet
  facet normal 0.980889 -0.194566 0
    outer loop
      vertex 134.726 -34.8589 3.2
      vertex 134.656 -35.2118 4.7
      vertex 134.656 -35.2118 3.2
    endloop
  endfacet
  facet normal 0.980889 0.194566 0
    outer loop
      vertex 134.726 -34.1411 4.7
      vertex 134.656 -33.7882 3.2
      vertex 134.656 -33.7882 4.7
    endloop
  endfacet
  facet normal 0.980889 0.194566 0
    outer loop
      vertex 134.656 -33.7882 3.2
      vertex 134.726 -34.1411 4.7
      vertex 134.726 -34.1411 3.2
    endloop
  endfacet
  facet normal 0.997772 0.066722 0
    outer loop
      vertex 134.75 -34.5 4.7
      vertex 134.726 -34.1411 3.2
      vertex 134.726 -34.1411 4.7
    endloop
  endfacet
  facet normal 0.997772 0.066722 0
    outer loop
      vertex 134.726 -34.1411 3.2
      vertex 134.75 -34.5 4.7
      vertex 134.75 -34.5 3.2
    endloop
  endfacet
  facet normal 0.947452 0.319897 0
    outer loop
      vertex 134.656 -33.7882 4.7
      vertex 134.541 -33.4476 3.2
      vertex 134.541 -33.4476 4.7
    endloop
  endfacet
  facet normal 0.947452 0.319897 0
    outer loop
      vertex 134.541 -33.4476 3.2
      vertex 134.656 -33.7882 4.7
      vertex 134.656 -33.7882 3.2
    endloop
  endfacet
  facet normal -0.997772 0.066722 0
    outer loop
      vertex 129.25 -34.5 3.2
      vertex 129.274 -34.1411 4.7
      vertex 129.274 -34.1411 3.2
    endloop
  endfacet
  facet normal -0.997772 0.066722 0
    outer loop
      vertex 129.274 -34.1411 4.7
      vertex 129.25 -34.5 3.2
      vertex 129.25 -34.5 4.7
    endloop
  endfacet
  facet normal 0.441873 -0.897078 0
    outer loop
      vertex 133.052 -37.0407 3.2
      vertex 133.375 -36.8816 4.7
      vertex 133.052 -37.0407 4.7
    endloop
  endfacet
  facet normal 0.441873 -0.897078 0
    outer loop
      vertex 133.375 -36.8816 4.7
      vertex 133.052 -37.0407 3.2
      vertex 133.375 -36.8816 3.2
    endloop
  endfacet
  facet normal 0.195047 0.980794 -0
    outer loop
      vertex 132.712 -31.8437 3.2
      vertex 132.359 -31.7735 4.7
      vertex 132.712 -31.8437 4.7
    endloop
  endfacet
  facet normal 0.195047 0.980794 0
    outer loop
      vertex 132.359 -31.7735 4.7
      vertex 132.712 -31.8437 3.2
      vertex 132.359 -31.7735 3.2
    endloop
  endfacet
  facet normal 0.195047 -0.980794 0
    outer loop
      vertex 132.359 -37.2265 3.2
      vertex 132.712 -37.1563 4.7
      vertex 132.359 -37.2265 4.7
    endloop
  endfacet
  facet normal 0.195047 -0.980794 0
    outer loop
      vertex 132.712 -37.1563 4.7
      vertex 132.359 -37.2265 3.2
      vertex 132.712 -37.1563 3.2
    endloop
  endfacet
  facet normal 0.0653198 -0.997864 0
    outer loop
      vertex 132 -37.25 3.2
      vertex 132.359 -37.2265 4.7
      vertex 132 -37.25 4.7
    endloop
  endfacet
  facet normal 0.0653198 -0.997864 0
    outer loop
      vertex 132.359 -37.2265 4.7
      vertex 132 -37.25 3.2
      vertex 132.359 -37.2265 3.2
    endloop
  endfacet
  facet normal -0.658623 0.752473 0
    outer loop
      vertex 130.326 -32.3183 3.2
      vertex 130.055 -32.5555 4.7
      vertex 130.326 -32.3183 4.7
    endloop
  endfacet
  facet normal -0.658623 0.752473 0
    outer loop
      vertex 130.055 -32.5555 4.7
      vertex 130.326 -32.3183 3.2
      vertex 130.055 -32.5555 3.2
    endloop
  endfacet
  facet normal -0.83128 0.555854 0
    outer loop
      vertex 129.618 -33.125 3.2
      vertex 129.818 -32.8259 4.7
      vertex 129.818 -32.8259 3.2
    endloop
  endfacet
  facet normal -0.83128 0.555854 0
    outer loop
      vertex 129.818 -32.8259 4.7
      vertex 129.618 -33.125 3.2
      vertex 129.618 -33.125 4.7
    endloop
  endfacet
  facet normal 0.321903 0.946773 -0
    outer loop
      vertex 133.052 -31.9593 3.2
      vertex 132.712 -31.8437 4.7
      vertex 133.052 -31.9593 4.7
    endloop
  endfacet
  facet normal 0.321903 0.946773 0
    outer loop
      vertex 132.712 -31.8437 4.7
      vertex 133.052 -31.9593 3.2
      vertex 132.712 -31.8437 3.2
    endloop
  endfacet
  facet normal 0.658623 -0.752473 0
    outer loop
      vertex 133.674 -36.6817 3.2
      vertex 133.945 -36.4445 4.7
      vertex 133.674 -36.6817 4.7
    endloop
  endfacet
  facet normal 0.658623 -0.752473 0
    outer loop
      vertex 133.945 -36.4445 4.7
      vertex 133.674 -36.6817 3.2
      vertex 133.945 -36.4445 3.2
    endloop
  endfacet
  facet normal -0.441873 0.897078 0
    outer loop
      vertex 130.948 -31.9593 3.2
      vertex 130.625 -32.1184 4.7
      vertex 130.948 -31.9593 4.7
    endloop
  endfacet
  facet normal -0.441873 0.897078 0
    outer loop
      vertex 130.625 -32.1184 4.7
      vertex 130.948 -31.9593 3.2
      vertex 130.625 -32.1184 3.2
    endloop
  endfacet
  facet normal -0.0653198 -0.997864 0
    outer loop
      vertex 131.641 -37.2265 3.2
      vertex 132 -37.25 4.7
      vertex 131.641 -37.2265 4.7
    endloop
  endfacet
  facet normal -0.0653198 -0.997864 -0
    outer loop
      vertex 132 -37.25 4.7
      vertex 131.641 -37.2265 3.2
      vertex 132 -37.25 3.2
    endloop
  endfacet
  facet normal 0.752025 -0.659134 0
    outer loop
      vertex 133.945 -36.4445 4.7
      vertex 134.182 -36.1741 3.2
      vertex 134.182 -36.1741 4.7
    endloop
  endfacet
  facet normal 0.752025 -0.659134 0
    outer loop
      vertex 134.182 -36.1741 3.2
      vertex 133.945 -36.4445 4.7
      vertex 133.945 -36.4445 3.2
    endloop
  endfacet
  facet normal -0.947452 -0.319897 0
    outer loop
      vertex 129.459 -35.5524 3.2
      vertex 129.344 -35.2118 4.7
      vertex 129.344 -35.2118 3.2
    endloop
  endfacet
  facet normal -0.947452 -0.319897 0
    outer loop
      vertex 129.344 -35.2118 4.7
      vertex 129.459 -35.5524 3.2
      vertex 129.459 -35.5524 4.7
    endloop
  endfacet
  facet normal 0.321903 -0.946773 0
    outer loop
      vertex 132.712 -37.1563 3.2
      vertex 133.052 -37.0407 4.7
      vertex 132.712 -37.1563 4.7
    endloop
  endfacet
  facet normal 0.321903 -0.946773 0
    outer loop
      vertex 133.052 -37.0407 4.7
      vertex 132.712 -37.1563 3.2
      vertex 133.052 -37.0407 3.2
    endloop
  endfacet
  facet normal -0.321903 0.946773 0
    outer loop
      vertex 131.288 -31.8437 3.2
      vertex 130.948 -31.9593 4.7
      vertex 131.288 -31.8437 4.7
    endloop
  endfacet
  facet normal -0.321903 0.946773 0
    outer loop
      vertex 130.948 -31.9593 4.7
      vertex 131.288 -31.8437 3.2
      vertex 130.948 -31.9593 3.2
    endloop
  endfacet
  facet normal -0.55579 0.831322 0
    outer loop
      vertex 130.625 -32.1184 3.2
      vertex 130.326 -32.3183 4.7
      vertex 130.625 -32.1184 4.7
    endloop
  endfacet
  facet normal -0.55579 0.831322 0
    outer loop
      vertex 130.326 -32.3183 4.7
      vertex 130.625 -32.1184 3.2
      vertex 130.326 -32.3183 3.2
    endloop
  endfacet
  facet normal -0.947452 0.319897 0
    outer loop
      vertex 129.344 -33.7882 3.2
      vertex 129.459 -33.4476 4.7
      vertex 129.459 -33.4476 3.2
    endloop
  endfacet
  facet normal -0.947452 0.319897 0
    outer loop
      vertex 129.459 -33.4476 4.7
      vertex 129.344 -33.7882 3.2
      vertex 129.344 -33.7882 4.7
    endloop
  endfacet
  facet normal 0.896971 0.44209 0
    outer loop
      vertex 134.541 -33.4476 4.7
      vertex 134.382 -33.125 3.2
      vertex 134.382 -33.125 4.7
    endloop
  endfacet
  facet normal 0.896971 0.44209 0
    outer loop
      vertex 134.382 -33.125 3.2
      vertex 134.541 -33.4476 4.7
      vertex 134.541 -33.4476 3.2
    endloop
  endfacet
  facet normal -0.195047 0.980794 0
    outer loop
      vertex 131.641 -31.7735 3.2
      vertex 131.288 -31.8437 4.7
      vertex 131.641 -31.7735 4.7
    endloop
  endfacet
  facet normal -0.195047 0.980794 0
    outer loop
      vertex 131.288 -31.8437 4.7
      vertex 131.641 -31.7735 3.2
      vertex 131.288 -31.8437 3.2
    endloop
  endfacet
  facet normal 0.658623 0.752473 -0
    outer loop
      vertex 133.945 -32.5555 3.2
      vertex 133.674 -32.3183 4.7
      vertex 133.945 -32.5555 4.7
    endloop
  endfacet
  facet normal 0.658623 0.752473 0
    outer loop
      vertex 133.674 -32.3183 4.7
      vertex 133.945 -32.5555 3.2
      vertex 133.674 -32.3183 3.2
    endloop
  endfacet
  facet normal 0.997772 -0.066722 0
    outer loop
      vertex 134.726 -34.8589 4.7
      vertex 134.75 -34.5 3.2
      vertex 134.75 -34.5 4.7
    endloop
  endfacet
  facet normal 0.997772 -0.066722 0
    outer loop
      vertex 134.75 -34.5 3.2
      vertex 134.726 -34.8589 4.7
      vertex 134.726 -34.8589 3.2
    endloop
  endfacet
  facet normal 0.441873 0.897078 -0
    outer loop
      vertex 133.375 -32.1184 3.2
      vertex 133.052 -31.9593 4.7
      vertex 133.375 -32.1184 4.7
    endloop
  endfacet
  facet normal 0.441873 0.897078 0
    outer loop
      vertex 133.052 -31.9593 4.7
      vertex 133.375 -32.1184 3.2
      vertex 133.052 -31.9593 3.2
    endloop
  endfacet
  facet normal -0.321903 -0.946773 0
    outer loop
      vertex 130.948 -37.0407 3.2
      vertex 131.288 -37.1563 4.7
      vertex 130.948 -37.0407 4.7
    endloop
  endfacet
  facet normal -0.321903 -0.946773 -0
    outer loop
      vertex 131.288 -37.1563 4.7
      vertex 130.948 -37.0407 3.2
      vertex 131.288 -37.1563 3.2
    endloop
  endfacet
  facet normal -0.980889 0.194566 0
    outer loop
      vertex 129.274 -34.1411 3.2
      vertex 129.344 -33.7882 4.7
      vertex 129.344 -33.7882 3.2
    endloop
  endfacet
  facet normal -0.980889 0.194566 0
    outer loop
      vertex 129.344 -33.7882 4.7
      vertex 129.274 -34.1411 3.2
      vertex 129.274 -34.1411 4.7
    endloop
  endfacet
  facet normal -0.0653198 0.997864 0
    outer loop
      vertex 132 -31.75 3.2
      vertex 131.641 -31.7735 4.7
      vertex 132 -31.75 4.7
    endloop
  endfacet
  facet normal -0.0653198 0.997864 0
    outer loop
      vertex 131.641 -31.7735 4.7
      vertex 132 -31.75 3.2
      vertex 131.641 -31.7735 3.2
    endloop
  endfacet
  facet normal -0.195047 -0.980794 0
    outer loop
      vertex 131.288 -37.1563 3.2
      vertex 131.641 -37.2265 4.7
      vertex 131.288 -37.1563 4.7
    endloop
  endfacet
  facet normal -0.195047 -0.980794 -0
    outer loop
      vertex 131.641 -37.2265 4.7
      vertex 131.288 -37.1563 3.2
      vertex 131.641 -37.2265 3.2
    endloop
  endfacet
  facet normal 0.947452 -0.319897 0
    outer loop
      vertex 134.541 -35.5524 4.7
      vertex 134.656 -35.2118 3.2
      vertex 134.656 -35.2118 4.7
    endloop
  endfacet
  facet normal 0.947452 -0.319897 0
    outer loop
      vertex 134.656 -35.2118 3.2
      vertex 134.541 -35.5524 4.7
      vertex 134.541 -35.5524 3.2
    endloop
  endfacet
  facet normal 0.83128 0.555854 0
    outer loop
      vertex 134.382 -33.125 4.7
      vertex 134.182 -32.8259 3.2
      vertex 134.182 -32.8259 4.7
    endloop
  endfacet
  facet normal 0.83128 0.555854 0
    outer loop
      vertex 134.182 -32.8259 3.2
      vertex 134.382 -33.125 4.7
      vertex 134.382 -33.125 3.2
    endloop
  endfacet
  facet normal 0.752025 0.659134 0
    outer loop
      vertex 134.182 -32.8259 4.7
      vertex 133.945 -32.5555 3.2
      vertex 133.945 -32.5555 4.7
    endloop
  endfacet
  facet normal 0.752025 0.659134 0
    outer loop
      vertex 133.945 -32.5555 3.2
      vertex 134.182 -32.8259 4.7
      vertex 134.182 -32.8259 3.2
    endloop
  endfacet
  facet normal -0.896971 -0.44209 0
    outer loop
      vertex 129.618 -35.875 3.2
      vertex 129.459 -35.5524 4.7
      vertex 129.459 -35.5524 3.2
    endloop
  endfacet
  facet normal -0.896971 -0.44209 0
    outer loop
      vertex 129.459 -35.5524 4.7
      vertex 129.618 -35.875 3.2
      vertex 129.618 -35.875 4.7
    endloop
  endfacet
  facet normal 0.896971 -0.44209 0
    outer loop
      vertex 134.382 -35.875 4.7
      vertex 134.541 -35.5524 3.2
      vertex 134.541 -35.5524 4.7
    endloop
  endfacet
  facet normal 0.896971 -0.44209 0
    outer loop
      vertex 134.541 -35.5524 3.2
      vertex 134.382 -35.875 4.7
      vertex 134.382 -35.875 3.2
    endloop
  endfacet
  facet normal -0.752025 -0.659134 0
    outer loop
      vertex 130.055 -36.4445 3.2
      vertex 129.818 -36.1741 4.7
      vertex 129.818 -36.1741 3.2
    endloop
  endfacet
  facet normal -0.752025 -0.659134 0
    outer loop
      vertex 129.818 -36.1741 4.7
      vertex 130.055 -36.4445 3.2
      vertex 130.055 -36.4445 4.7
    endloop
  endfacet
  facet normal 0.83128 -0.555854 0
    outer loop
      vertex 134.182 -36.1741 4.7
      vertex 134.382 -35.875 3.2
      vertex 134.382 -35.875 4.7
    endloop
  endfacet
  facet normal 0.83128 -0.555854 0
    outer loop
      vertex 134.382 -35.875 3.2
      vertex 134.182 -36.1741 4.7
      vertex 134.182 -36.1741 3.2
    endloop
  endfacet
  facet normal -0.752025 0.659134 0
    outer loop
      vertex 129.818 -32.8259 3.2
      vertex 130.055 -32.5555 4.7
      vertex 130.055 -32.5555 3.2
    endloop
  endfacet
  facet normal -0.752025 0.659134 0
    outer loop
      vertex 130.055 -32.5555 4.7
      vertex 129.818 -32.8259 3.2
      vertex 129.818 -32.8259 4.7
    endloop
  endfacet
  facet normal 0.0653198 0.997864 -0
    outer loop
      vertex 132.359 -31.7735 3.2
      vertex 132 -31.75 4.7
      vertex 132.359 -31.7735 4.7
    endloop
  endfacet
  facet normal 0.0653198 0.997864 0
    outer loop
      vertex 132 -31.75 4.7
      vertex 132.359 -31.7735 3.2
      vertex 132 -31.75 3.2
    endloop
  endfacet
  facet normal 0.55579 0.831322 -0
    outer loop
      vertex 133.674 -32.3183 3.2
      vertex 133.375 -32.1184 4.7
      vertex 133.674 -32.3183 4.7
    endloop
  endfacet
  facet normal 0.55579 0.831322 0
    outer loop
      vertex 133.375 -32.1184 4.7
      vertex 133.674 -32.3183 3.2
      vertex 133.375 -32.1184 3.2
    endloop
  endfacet
  facet normal 0 0 1
    outer loop
      vertex 134.726 -34.1411 4.7
      vertex 134.726 -34.8589 4.7
      vertex 134.75 -34.5 4.7
    endloop
  endfacet
  facet normal 0 0 1
    outer loop
      vertex 134.656 -33.7882 4.7
      vertex 134.726 -34.8589 4.7
      vertex 134.726 -34.1411 4.7
    endloop
  endfacet
  facet normal 0 0 1
    outer loop
      vertex 134.656 -33.7882 4.7
      vertex 134.656 -35.2118 4.7
      vertex 134.726 -34.8589 4.7
    endloop
  endfacet
  facet normal 0 0 1
    outer loop
      vertex 134.541 -33.4476 4.7
      vertex 134.656 -35.2118 4.7
      vertex 134.656 -33.7882 4.7
    endloop
  endfacet
  facet normal 0 0 1
    outer loop
      vertex 134.541 -33.4476 4.7
      vertex 134.541 -35.5524 4.7
      vertex 134.656 -35.2118 4.7
    endloop
  endfacet
  facet normal 0 0 1
    outer loop
      vertex 134.382 -33.125 4.7
      vertex 134.541 -35.5524 4.7
      vertex 134.541 -33.4476 4.7
    endloop
  endfacet
  facet normal 0 0 1
    outer loop
      vertex 134.382 -33.125 4.7
      vertex 134.382 -35.875 4.7
      vertex 134.541 -35.5524 4.7
    endloop
  endfacet
  facet normal 0 0 1
    outer loop
      vertex 134.182 -32.8259 4.7
      vertex 134.382 -35.875 4.7
      vertex 134.382 -33.125 4.7
    endloop
  endfacet
  facet normal 0 0 1
    outer loop
      vertex 134.182 -32.8259 4.7
      vertex 134.182 -36.1741 4.7
      vertex 134.382 -35.875 4.7
    endloop
  endfacet
  facet normal 0 0 1
    outer loop
      vertex 133.945 -32.5555 4.7
      vertex 134.182 -36.1741 4.7
      vertex 134.182 -32.8259 4.7
    endloop
  endfacet
  facet normal 0 0 1
    outer loop
      vertex 133.945 -32.5555 4.7
      vertex 133.945 -36.4445 4.7
      vertex 134.182 -36.1741 4.7
    endloop
  endfacet
  facet normal 0 0 1
    outer loop
      vertex 133.674 -32.3183 4.7
      vertex 133.945 -36.4445 4.7
      vertex 133.945 -32.5555 4.7
    endloop
  endfacet
  facet normal 0 0 1
    outer loop
      vertex 133.674 -32.3183 4.7
      vertex 133.674 -36.6817 4.7
      vertex 133.945 -36.4445 4.7
    endloop
  endfacet
  facet normal 0 0 1
    outer loop
      vertex 133.375 -32.1184 4.7
      vertex 133.674 -36.6817 4.7
      vertex 133.674 -32.3183 4.7
    endloop
  endfacet
  facet normal 0 0 1
    outer loop
      vertex 133.375 -32.1184 4.7
      vertex 133.375 -36.8816 4.7
      vertex 133.674 -36.6817 4.7
    endloop
  endfacet
  facet normal 0 0 1
    outer loop
      vertex 133.052 -31.9593 4.7
      vertex 133.375 -36.8816 4.7
      vertex 133.375 -32.1184 4.7
    endloop
  endfacet
  facet normal 0 0 1
    outer loop
      vertex 133.052 -31.9593 4.7
      vertex 133.052 -37.0407 4.7
      vertex 133.375 -36.8816 4.7
    endloop
  endfacet
  facet normal 0 0 1
    outer loop
      vertex 132.712 -31.8437 4.7
      vertex 133.052 -37.0407 4.7
      vertex 133.052 -31.9593 4.7
    endloop
  endfacet
  facet normal 0 0 1
    outer loop
      vertex 132.712 -31.8437 4.7
      vertex 132.712 -37.1563 4.7
      vertex 133.052 -37.0407 4.7
    endloop
  endfacet
  facet normal 0 0 1
    outer loop
      vertex 132.359 -31.7735 4.7
      vertex 132.712 -37.1563 4.7
      vertex 132.712 -31.8437 4.7
    endloop
  endfacet
  facet normal 0 0 1
    outer loop
      vertex 132.359 -31.7735 4.7
      vertex 132.359 -37.2265 4.7
      vertex 132.712 -37.1563 4.7
    endloop
  endfacet
  facet normal 0 0 1
    outer loop
      vertex 132 -31.75 4.7
      vertex 132.359 -37.2265 4.7
      vertex 132.359 -31.7735 4.7
    endloop
  endfacet
  facet normal 0 0 1
    outer loop
      vertex 132 -31.75 4.7
      vertex 132 -37.25 4.7
      vertex 132.359 -37.2265 4.7
    endloop
  endfacet
  facet normal -0 0 1
    outer loop
      vertex 131.641 -31.7735 4.7
      vertex 132 -37.25 4.7
      vertex 132 -31.75 4.7
    endloop
  endfacet
  facet normal 0 0 1
    outer loop
      vertex 131.641 -31.7735 4.7
      vertex 131.641 -37.2265 4.7
      vertex 132 -37.25 4.7
    endloop
  endfacet
  facet normal -0 0 1
    outer loop
      vertex 131.288 -31.8437 4.7
      vertex 131.641 -37.2265 4.7
      vertex 131.641 -31.7735 4.7
    endloop
  endfacet
  facet normal 0 0 1
    outer loop
      vertex 131.288 -31.8437 4.7
      vertex 131.288 -37.1563 4.7
      vertex 131.641 -37.2265 4.7
    endloop
  endfacet
  facet normal -0 0 1
    outer loop
      vertex 130.948 -31.9593 4.7
      vertex 131.288 -37.1563 4.7
      vertex 131.288 -31.8437 4.7
    endloop
  endfacet
  facet normal 0 0 1
    outer loop
      vertex 130.948 -31.9593 4.7
      vertex 130.948 -37.0407 4.7
      vertex 131.288 -37.1563 4.7
    endloop
  endfacet
  facet normal -0 0 1
    outer loop
      vertex 130.625 -32.1184 4.7
      vertex 130.948 -37.0407 4.7
      vertex 130.948 -31.9593 4.7
    endloop
  endfacet
  facet normal 0 0 1
    outer loop
      vertex 130.625 -32.1184 4.7
      vertex 130.625 -36.8816 4.7
      vertex 130.948 -37.0407 4.7
    endloop
  endfacet
  facet normal -0 0 1
    outer loop
      vertex 130.326 -32.3183 4.7
      vertex 130.625 -36.8816 4.7
      vertex 130.625 -32.1184 4.7
    endloop
  endfacet
  facet normal 0 0 1
    outer loop
      vertex 130.326 -32.3183 4.7
      vertex 130.326 -36.6817 4.7
      vertex 130.625 -36.8816 4.7
    endloop
  endfacet
  facet normal -0 0 1
    outer loop
      vertex 130.055 -32.5555 4.7
      vertex 130.326 -36.6817 4.7
      vertex 130.326 -32.3183 4.7
    endloop
  endfacet
  facet normal 0 0 1
    outer loop
      vertex 130.055 -32.5555 4.7
      vertex 130.055 -36.4445 4.7
      vertex 130.326 -36.6817 4.7
    endloop
  endfacet
  facet normal -0 0 1
    outer loop
      vertex 129.818 -32.8259 4.7
      vertex 130.055 -36.4445 4.7
      vertex 130.055 -32.5555 4.7
    endloop
  endfacet
  facet normal 0 0 1
    outer loop
      vertex 129.818 -32.8259 4.7
      vertex 129.818 -36.1741 4.7
      vertex 130.055 -36.4445 4.7
    endloop
  endfacet
  facet normal -0 0 1
    outer loop
      vertex 129.618 -33.125 4.7
      vertex 129.818 -36.1741 4.7
      vertex 129.818 -32.8259 4.7
    endloop
  endfacet
  facet normal 0 0 1
    outer loop
      vertex 129.618 -33.125 4.7
      vertex 129.618 -35.875 4.7
      vertex 129.818 -36.1741 4.7
    endloop
  endfacet
  facet normal -0 0 1
    outer loop
      vertex 129.459 -33.4476 4.7
      vertex 129.618 -35.875 4.7
      vertex 129.618 -33.125 4.7
    endloop
  endfacet
  facet normal 0 0 1
    outer loop
      vertex 129.459 -33.4476 4.7
      vertex 129.459 -35.5524 4.7
      vertex 129.618 -35.875 4.7
    endloop
  endfacet
  facet normal -0 0 1
    outer loop
      vertex 129.344 -33.7882 4.7
      vertex 129.459 -35.5524 4.7
      vertex 129.459 -33.4476 4.7
    endloop
  endfacet
  facet normal 0 0 1
    outer loop
      vertex 129.344 -33.7882 4.7
      vertex 129.344 -35.2118 4.7
      vertex 129.459 -35.5524 4.7
    endloop
  endfacet
  facet normal -0 0 1
    outer loop
      vertex 129.274 -34.1411 4.7
      vertex 129.344 -35.2118 4.7
      vertex 129.344 -33.7882 4.7
    endloop
  endfacet
  facet normal 0 0 1
    outer loop
      vertex 129.274 -34.1411 4.7
      vertex 129.274 -34.8589 4.7
      vertex 129.344 -35.2118 4.7
    endloop
  endfacet
  facet normal 0 -0 1
    outer loop
      vertex 129.274 -34.8589 4.7
      vertex 129.274 -34.1411 4.7
      vertex 129.25 -34.5 4.7
    endloop
  endfacet
  facet normal -0.441873 -0.897078 0
    outer loop
      vertex 130.625 -36.8816 3.2
      vertex 130.948 -37.0407 4.7
      vertex 130.625 -36.8816 4.7
    endloop
  endfacet
  facet normal -0.441873 -0.897078 -0
    outer loop
      vertex 130.948 -37.0407 4.7
      vertex 130.625 -36.8816 3.2
      vertex 130.948 -37.0407 3.2
    endloop
  endfacet
  facet normal -0.83128 -0.555854 0
    outer loop
      vertex 129.818 -36.1741 3.2
      vertex 129.618 -35.875 4.7
      vertex 129.618 -35.875 3.2
    endloop
  endfacet
  facet normal -0.83128 -0.555854 0
    outer loop
      vertex 129.618 -35.875 4.7
      vertex 129.818 -36.1741 3.2
      vertex 129.818 -36.1741 4.7
    endloop
  endfacet
  facet normal -0.980889 -0.194566 0
    outer loop
      vertex 129.344 -35.2118 3.2
      vertex 129.274 -34.8589 4.7
      vertex 129.274 -34.8589 3.2
    endloop
  endfacet
  facet normal -0.980889 -0.194566 0
    outer loop
      vertex 129.274 -34.8589 4.7
      vertex 129.344 -35.2118 3.2
      vertex 129.344 -35.2118 4.7
    endloop
  endfacet
  facet normal -0.658623 -0.752473 0
    outer loop
      vertex 130.055 -36.4445 3.2
      vertex 130.326 -36.6817 4.7
      vertex 130.055 -36.4445 4.7
    endloop
  endfacet
  facet normal -0.658623 -0.752473 -0
    outer loop
      vertex 130.326 -36.6817 4.7
      vertex 130.055 -36.4445 3.2
      vertex 130.326 -36.6817 3.2
    endloop
  endfacet
  facet normal -0.896971 0.44209 0
    outer loop
      vertex 129.459 -33.4476 3.2
      vertex 129.618 -33.125 4.7
      vertex 129.618 -33.125 3.2
    endloop
  endfacet
  facet normal -0.896971 0.44209 0
    outer loop
      vertex 129.618 -33.125 4.7
      vertex 129.459 -33.4476 3.2
      vertex 129.459 -33.4476 4.7
    endloop
  endfacet
  facet normal -0.997772 -0.066722 0
    outer loop
      vertex 129.274 -34.8589 3.2
      vertex 129.25 -34.5 4.7
      vertex 129.25 -34.5 3.2
    endloop
  endfacet
  facet normal -0.997772 -0.066722 0
    outer loop
      vertex 129.25 -34.5 4.7
      vertex 129.274 -34.8589 3.2
      vertex 129.274 -34.8589 4.7
    endloop
  endfacet
  facet normal 0.55579 -0.831322 0
    outer loop
      vertex 133.375 -36.8816 3.2
      vertex 133.674 -36.6817 4.7
      vertex 133.375 -36.8816 4.7
    endloop
  endfacet
  facet normal 0.55579 -0.831322 0
    outer loop
      vertex 133.674 -36.6817 4.7
      vertex 133.375 -36.8816 3.2
      vertex 133.674 -36.6817 3.2
    endloop
  endfacet
  facet normal -0.55579 -0.831322 0
    outer loop
      vertex 130.326 -36.6817 3.2
      vertex 130.625 -36.8816 4.7
      vertex 130.326 -36.6817 4.7
    endloop
  endfacet
  facet normal -0.55579 -0.831322 -0
    outer loop
      vertex 130.625 -36.8816 4.7
      vertex 130.326 -36.6817 3.2
      vertex 130.625 -36.8816 3.2
    endloop
  endfacet
endsolid OpenSCAD_Model
